Time_s,Time_Min,Solar_Flux_W_m2,Albedo_Flux_W_m2,Earth_IR_Flux_W_m2,Total_Flux_W_m2,Is_Eclipse,T_CPU_C,T_Battery_C,T_Payload_C,T_Structure_C,T_Radiator_C,T_Panels_C
0.0,0.0,1314.63,349.17,240.0,1903.79,0,20.0,20.0,20.0,20.0,20.0,20.0
5.0,0.08,1314.6,349.16,240.0,1903.76,0,20.35,20.0,20.07,19.95,18.75,24.34
10.0,0.17,1314.54,349.14,240.0,1903.68,0,20.69,20.0,20.15,19.9,17.67,28.62
15.0,0.25,1314.44,349.12,240.0,1903.55,0,21.0,20.0,20.22,19.85,16.72,32.83
20.0,0.33,1314.29,349.08,240.0,1903.36,0,21.3,20.0,20.28,19.8,15.89,36.98
25.0,0.42,1314.1,349.03,240.0,1903.12,0,21.58,20.0,20.34,19.75,15.17,41.05
30.0,0.5,1313.87,348.96,240.0,1902.83,0,21.85,20.01,20.4,19.7,14.54,45.07
35.0,0.58,1313.59,348.89,240.0,1902.48,0,22.1,20.01,20.46,19.66,13.98,49.02
40.0,0.67,1313.27,348.81,240.0,1902.08,0,22.33,20.01,20.52,19.63,13.5,52.91
45.0,0.75,1312.92,348.71,240.0,1901.63,0,22.56,20.0,20.57,19.61,13.07,56.73
50.0,0.83,1312.52,348.61,240.0,1901.12,0,22.77,20.0,20.62,19.59,12.7,60.49
55.0,0.92,1312.07,348.49,240.0,1900.56,0,22.97,20.0,20.67,19.59,12.38,64.19
60.0,1.0,1311.59,348.36,240.0,1899.95,0,23.16,20.0,20.72,19.59,12.1,67.83
65.0,1.08,1311.06,348.22,240.0,1899.28,0,23.34,20.0,20.77,19.61,11.86,71.41
70.0,1.17,1310.49,348.07,240.0,1898.56,0,23.51,20.0,20.81,19.63,11.65,74.92
75.0,1.25,1309.88,347.91,240.0,1897.79,0,23.68,20.0,20.86,19.66,11.47,78.38
80.0,1.33,1309.23,347.73,240.0,1896.96,0,23.84,20.0,20.91,19.71,11.33,81.78
85.0,1.42,1308.53,347.55,240.0,1896.08,0,23.99,20.0,20.95,19.76,11.2,85.12
90.0,1.5,1307.79,347.35,240.0,1895.15,0,24.14,20.0,21.0,19.82,11.1,88.41
95.0,1.58,1307.02,347.15,240.0,1894.16,0,24.29,20.0,21.05,19.89,11.02,91.64
100.0,1.67,1306.19,346.93,240.0,1893.12,0,24.43,20.01,21.1,19.98,10.96,94.81
105.0,1.75,1305.33,346.7,240.0,1892.03,0,24.57,20.01,21.14,20.07,10.92,97.93
110.0,1.83,1304.43,346.46,240.0,1890.88,0,24.71,20.01,21.19,20.16,10.89,100.99
115.0,1.92,1303.48,346.21,240.0,1889.68,0,24.85,20.01,21.25,20.27,10.88,103.99
120.0,2.0,1302.49,345.94,240.0,1888.43,0,24.98,20.02,21.3,20.38,10.89,106.95
125.0,2.08,1301.46,345.67,240.0,1887.13,0,25.11,20.02,21.35,20.51,10.91,109.85
130.0,2.17,1300.39,345.38,240.0,1885.77,0,25.25,20.02,21.41,20.64,10.93,112.7
135.0,2.25,1299.27,345.09,240.0,1884.36,0,25.38,20.03,21.47,20.77,10.98,115.49
140.0,2.33,1298.12,344.78,240.0,1882.9,0,25.51,20.03,21.53,20.92,11.03,118.24
145.0,2.42,1296.92,344.46,240.0,1881.38,0,25.65,20.04,21.59,21.07,11.09,120.93
150.0,2.5,1295.68,344.13,240.0,1879.82,0,25.78,20.05,21.65,21.23,11.16,123.58
155.0,2.58,1294.4,343.79,240.0,1878.19,0,25.92,20.06,21.72,21.39,11.25,126.17
160.0,2.67,1293.08,343.44,240.0,1876.52,0,26.06,20.06,21.79,21.56,11.34,128.72
165.0,2.75,1291.71,343.08,240.0,1874.79,0,26.2,20.07,21.86,21.74,11.43,131.22
170.0,2.83,1290.31,342.71,240.0,1873.02,0,26.34,20.08,21.93,21.92,11.54,133.67
175.0,2.92,1288.86,342.32,240.0,1871.19,0,26.48,20.1,22.01,22.11,11.65,136.07
180.0,3.0,1287.37,341.93,240.0,1869.3,0,26.63,20.11,22.09,22.3,11.78,138.43
185.0,3.08,1285.84,341.52,240.0,1867.37,0,26.78,20.12,22.17,22.5,11.9,140.74
190.0,3.17,1284.27,341.11,240.0,1865.38,0,26.93,20.13,22.26,22.7,12.04,143.01
195.0,3.25,1282.66,340.68,240.0,1863.34,0,27.08,20.15,22.35,22.9,12.18,145.23
200.0,3.33,1281.01,340.24,240.0,1861.25,0,27.24,20.17,22.44,23.11,12.32,147.41
205.0,3.42,1279.31,339.79,240.0,1859.1,0,27.4,20.18,22.53,23.33,12.47,149.54
210.0,3.5,1277.58,339.33,240.0,1856.91,0,27.56,20.2,22.63,23.55,12.63,151.63
215.0,3.58,1275.8,338.86,240.0,1854.66,0,27.72,20.22,22.73,23.77,12.79,153.68
220.0,3.67,1273.99,338.37,240.0,1852.36,0,27.89,20.24,22.84,23.99,12.96,155.68
225.0,3.75,1272.13,337.88,240.0,1850.01,0,28.06,20.26,22.94,24.22,13.13,157.65
230.0,3.83,1270.23,337.37,240.0,1847.6,0,28.23,20.28,23.05,24.46,13.3,159.57
235.0,3.92,1268.29,336.86,240.0,1845.15,0,28.41,20.3,23.17,24.69,13.48,161.45
240.0,4.0,1266.31,336.33,240.0,1842.64,0,28.59,20.33,23.28,24.93,13.67,163.29
245.0,4.08,1264.29,335.8,240.0,1840.08,0,28.77,20.35,23.4,25.17,13.85,165.1
250.0,4.17,1262.23,335.25,240.0,1837.48,0,28.95,20.38,23.52,25.42,14.04,166.86
255.0,4.25,1260.12,334.69,240.0,1834.81,0,29.14,20.41,23.65,25.66,14.24,168.59
260.0,4.33,1257.98,334.12,240.0,1832.1,0,29.33,20.44,23.77,25.91,14.43,170.28
265.0,4.42,1255.8,333.54,240.0,1829.34,0,29.53,20.47,23.91,26.16,14.63,171.93
270.0,4.5,1253.57,332.95,240.0,1826.53,0,29.72,20.5,24.04,26.41,14.84,173.54
275.0,4.58,1251.31,332.35,240.0,1823.66,0,29.92,20.53,24.18,26.67,15.04,175.12
280.0,4.67,1249.01,331.74,240.0,1820.75,0,30.12,20.56,24.32,26.93,15.25,176.66
285.0,4.75,1246.66,331.12,240.0,1817.78,0,30.33,20.59,24.46,27.18,15.46,178.17
290.0,4.83,1244.28,330.48,240.0,1814.76,0,30.53,20.63,24.6,27.44,15.67,179.65
295.0,4.92,1241.86,329.84,240.0,1811.7,0,30.74,20.67,24.75,27.71,15.89,181.08
300.0,5.0,1239.39,329.18,240.0,1808.58,0,30.96,20.7,24.9,27.97,16.1,182.49
305.0,5.08,1236.89,328.52,240.0,1805.41,0,31.17,20.74,25.06,28.23,16.32,183.86
310.0,5.17,1234.35,327.84,240.0,1802.19,0,31.39,20.78,25.21,28.5,16.54,185.2
315.0,5.25,1231.76,327.16,240.0,1798.92,0,31.61,20.82,25.37,28.76,16.77,186.5
320.0,5.33,1229.14,326.46,240.0,1795.6,0,31.83,20.86,25.53,29.03,16.99,187.78
325.0,5.42,1226.48,325.75,240.0,1792.23,0,32.05,20.91,25.7,29.3,17.22,189.02
330.0,5.5,1223.78,325.04,240.0,1788.82,0,32.28,20.95,25.87,29.57,17.44,190.23
335.0,5.58,1221.04,324.31,240.0,1785.35,0,32.51,21.0,26.04,29.84,17.67,191.42
340.0,5.67,1218.26,323.57,240.0,1781.83,0,32.74,21.04,26.21,30.11,17.9,192.57
345.0,5.75,1215.44,322.82,240.0,1778.26,0,32.97,21.09,26.38,30.38,18.13,193.69
350.0,5.83,1212.58,322.06,240.0,1774.64,0,33.2,21.14,26.56,30.65,18.36,194.78
355.0,5.92,1209.68,321.29,240.0,1770.98,0,33.44,21.19,26.74,30.93,18.59,195.84
360.0,6.0,1206.75,320.51,240.0,1767.26,0,33.68,21.24,26.92,31.2,18.82,196.88
365.0,6.08,1203.77,319.72,240.0,1763.5,0,33.92,21.29,27.1,31.47,19.06,197.89
370.0,6.17,1200.76,318.92,240.0,1759.69,0,34.16,21.34,27.29,31.74,19.29,198.87
375.0,6.25,1197.71,318.11,240.0,1755.82,0,34.4,21.4,27.48,32.02,19.53,199.82
380.0,6.33,1194.62,317.29,240.0,1751.91,0,34.64,21.45,27.67,32.29,19.76,200.74
385.0,6.42,1191.49,316.46,240.0,1747.95,0,34.89,21.51,27.86,32.56,20.0,201.64
390.0,6.5,1188.33,315.62,240.0,1743.95,0,35.14,21.57,28.05,32.84,20.23,202.52
395.0,6.58,1185.12,314.77,240.0,1739.89,0,35.38,21.62,28.25,33.11,20.47,203.36
400.0,6.67,1181.88,313.91,240.0,1735.79,0,35.63,21.68,28.45,33.38,20.71,204.19
405.0,6.75,1178.6,313.04,240.0,1731.64,0,35.88,21.74,28.65,33.65,20.94,204.99
410.0,6.83,1175.28,312.16,240.0,1727.44,0,36.13,21.8,28.85,33.93,21.18,205.76
415.0,6.92,1171.92,311.26,240.0,1723.19,0,36.39,21.87,29.05,34.2,21.42,206.51
420.0,7.0,1168.53,310.36,240.0,1718.89,0,36.64,21.93,29.26,34.47,21.65,207.23
425.0,7.08,1165.1,309.45,240.0,1714.55,0,36.89,22.0,29.46,34.74,21.89,207.94
430.0,7.17,1161.63,308.53,240.0,1710.16,0,37.15,22.06,29.67,35.01,22.13,208.61
435.0,7.25,1158.12,307.6,240.0,1705.72,0,37.4,22.13,29.88,35.28,22.36,209.27
440.0,7.33,1154.58,306.66,240.0,1701.24,0,37.66,22.2,30.09,35.55,22.6,209.9
445.0,7.42,1151.0,305.71,240.0,1696.71,0,37.92,22.26,30.31,35.82,22.84,210.52
450.0,7.5,1147.38,304.75,240.0,1692.13,0,38.17,22.33,30.52,36.09,23.07,211.11
455.0,7.58,1143.73,303.78,240.0,1687.51,0,38.43,22.4,30.73,36.35,23.31,211.68
460.0,7.67,1140.04,302.8,240.0,1682.83,0,38.69,22.48,30.95,36.62,23.54,212.22
465.0,7.75,1136.31,301.81,240.0,1678.12,0,38.95,22.55,31.17,36.89,23.78,212.75
470.0,7.83,1132.55,300.81,240.0,1673.35,0,39.2,22.62,31.39,37.15,24.01,213.26
475.0,7.92,1128.75,299.8,240.0,1668.54,0,39.46,22.7,31.61,37.41,24.24,213.74
480.0,8.0,1124.91,298.78,240.0,1663.69,0,39.72,22.77,31.83,37.68,24.47,214.21
485.0,8.08,1121.04,297.75,240.0,1658.79,0,39.98,22.85,32.05,37.94,24.71,214.66
490.0,8.17,1117.13,296.71,240.0,1653.84,0,40.24,22.93,32.27,38.2,24.94,215.08
495.0,8.25,1113.19,295.66,240.0,1648.85,0,40.5,23.0,32.5,38.46,25.17,215.49
500.0,8.33,1109.21,294.61,240.0,1643.81,0,40.76,23.08,32.72,38.72,25.4,215.88
505.0,8.42,1105.19,293.54,240.0,1638.73,0,41.02,23.16,32.95,38.98,25.63,216.25
510.0,8.5,1101.14,292.46,240.0,1633.6,0,41.28,23.24,33.17,39.23,25.85,216.61
515.0,8.58,1097.05,291.38,240.0,1628.43,0,41.54,23.32,33.4,39.49,26.08,216.94
520.0,8.67,1092.93,290.28,240.0,1623.21,0,41.8,23.41,33.63,39.74,26.31,217.26
525.0,8.75,1088.77,289.18,240.0,1617.95,0,42.05,23.49,33.85,40.0,26.53,217.56
530.0,8.83,1084.58,288.07,240.0,1612.65,0,42.31,23.57,34.08,40.25,26.76,217.84
535.0,8.92,1080.36,286.94,240.0,1607.3,0,42.57,23.66,34.31,40.5,26.98,218.11
540.0,9.0,1076.09,285.81,240.0,1601.91,0,42.83,23.75,34.54,40.75,27.2,218.35
545.0,9.08,1071.8,284.67,240.0,1596.47,0,43.08,23.83,34.77,41.0,27.43,218.59
550.0,9.17,1067.47,283.52,240.0,1590.99,0,43.34,23.92,35.0,41.24,27.65,218.8
555.0,9.25,1063.1,282.36,240.0,1585.47,0,43.59,24.01,35.23,41.49,27.87,219.0
560.0,9.33,1058.71,281.19,240.0,1579.9,0,43.85,24.1,35.47,41.73,28.08,219.19
565.0,9.42,1054.27,280.02,240.0,1574.29,0,44.1,24.19,35.7,41.97,28.3,219.36
570.0,9.5,1049.81,278.83,240.0,1568.64,0,44.36,24.28,35.93,42.21,28.52,219.51
575.0,9.58,1045.31,277.64,240.0,1562.94,0,44.61,24.37,36.16,42.45,28.73,219.65
580.0,9.67,1040.77,276.43,240.0,1557.2,0,44.86,24.46,36.39,42.69,28.94,219.77
585.0,9.75,1036.21,275.22,240.0,1551.42,0,45.11,24.55,36.62,42.93,29.16,219.88
590.0,9.83,1031.6,274.0,240.0,1545.6,0,45.37,24.65,36.86,43.16,29.37,219.97
595.0,9.92,1026.97,272.77,240.0,1539.74,0,45.62,24.74,37.09,43.4,29.58,220.05
600.0,10.0,1022.3,271.53,240.0,1533.83,0,45.86,24.83,37.32,43.63,29.79,220.12
605.0,10.08,1017.61,270.28,240.0,1527.88,0,46.11,24.93,37.55,43.86,29.99,220.17
610.0,10.17,1012.87,269.02,240.0,1521.89,0,46.36,25.03,37.79,44.09,30.2,220.21
615.0,10.25,1008.11,267.76,240.0,1515.86,0,46.61,25.12,38.02,44.31,30.41,220.23
620.0,10.33,1003.31,266.48,240.0,1509.79,0,46.85,25.22,38.25,44.54,30.61,220.24
625.0,10.42,998.48,265.2,240.0,1503.68,0,47.09,25.32,38.48,44.76,30.81,220.24
630.0,10.5,993.62,263.91,240.0,1497.53,0,47.34,25.42,38.71,44.98,31.01,220.22
635.0,10.58,988.73,262.61,240.0,1491.34,0,47.58,25.52,38.94,45.2,31.21,220.19
640.0,10.67,983.8,261.3,240.0,1485.11,0,47.82,25.62,39.17,45.42,31.41,220.15
645.0,10.75,978.85,259.98,240.0,1478.83,0,48.06,25.72,39.4,45.64,31.6,220.09
650.0,10.83,973.86,258.66,240.0,1472.52,0,48.3,25.82,39.63,45.85,31.8,220.03
655.0,10.92,968.84,257.33,240.0,1466.17,0,48.53,25.92,39.86,46.07,31.99,219.95
660.0,11.0,963.79,255.98,240.0,1459.78,0,48.77,26.02,40.09,46.28,32.18,219.85
665.0,11.08,958.71,254.64,240.0,1453.35,0,49.01,26.12,40.32,46.49,32.37,219.75
670.0,11.17,953.6,253.28,240.0,1446.88,0,49.24,26.23,40.55,46.7,32.56,219.63
675.0,11.25,948.46,251.91,240.0,1440.37,0,49.47,26.33,40.78,46.9,32.75,219.51
680.0,11.33,943.28,250.54,240.0,1433.82,0,49.7,26.43,41.0,47.11,32.94,219.37
685.0,11.42,938.08,249.16,240.0,1427.24,0,49.93,26.54,41.23,47.31,33.12,219.22
690.0,11.5,932.85,247.77,240.0,1420.61,0,50.16,26.64,41.46,47.51,33.3,219.05
695.0,11.58,927.58,246.37,240.0,1413.95,0,50.38,26.75,41.68,47.71,33.48,218.88
700.0,11.67,922.29,244.96,240.0,1407.25,0,50.61,26.85,41.91,47.91,33.66,218.69
705.0,11.75,916.97,243.55,240.0,1400.52,0,50.83,26.96,42.13,48.1,33.84,218.5
710.0,11.83,911.62,242.13,240.0,1393.74,0,51.06,27.07,42.35,48.3,34.02,218.29
715.0,11.92,906.24,240.7,240.0,1386.93,0,51.28,27.17,42.58,48.49,34.19,218.07
720.0,12.0,900.83,239.26,240.0,1380.09,0,51.5,27.28,42.8,48.68,34.37,217.85
725.0,12.08,895.39,237.82,240.0,1373.2,0,51.71,27.39,43.02,48.87,34.54,217.61
730.0,12.17,889.92,236.36,240.0,1366.28,0,51.93,27.5,43.24,49.05,34.71,217.36
735.0,12.25,884.42,234.9,240.0,1359.33,0,52.14,27.61,43.46,49.24,34.88,217.1
740.0,12.33,878.9,233.44,240.0,1352.33,0,52.36,27.71,43.67,49.42,35.04,216.83
745.0,12.42,873.34,231.96,240.0,1345.3,0,52.57,27.82,43.89,49.6,35.21,216.55
750.0,12.5,867.76,230.48,240.0,1338.24,0,52.78,27.93,44.11,49.78,35.37,216.26
755.0,12.58,862.15,228.99,240.0,1331.14,0,52.99,28.04,44.32,49.95,35.54,215.96
760.0,12.67,856.52,227.49,240.0,1324.01,0,53.19,28.15,44.54,50.13,35.7,215.65
765.0,12.75,850.85,225.99,240.0,1316.84,0,53.4,28.27,44.75,50.3,35.85,215.33
770.0,12.83,845.16,224.48,240.0,1309.64,0,53.6,28.38,44.96,50.47,36.01,215.0
775.0,12.92,839.44,222.96,240.0,1302.4,0,53.8,28.49,45.17,50.64,36.17,214.66
780.0,13.0,833.7,221.43,240.0,1295.13,0,54.0,28.6,45.38,50.8,36.32,214.31
785.0,13.08,827.92,219.9,240.0,1287.82,0,54.2,28.71,45.59,50.97,36.47,213.95
790.0,13.17,822.13,218.36,240.0,1280.48,0,54.4,28.82,45.8,51.13,36.62,213.58
795.0,13.25,816.3,216.81,240.0,1273.11,0,54.59,28.93,46.0,51.29,36.77,213.21
800.0,13.33,810.45,215.26,240.0,1265.7,0,54.78,29.05,46.21,51.45,36.92,212.82
805.0,13.42,804.57,213.7,240.0,1258.27,0,54.97,29.16,46.41,51.6,37.06,212.42
810.0,13.5,798.67,212.13,240.0,1250.79,0,55.16,29.27,46.61,51.76,37.2,212.02
815.0,13.58,792.74,210.55,240.0,1243.29,0,55.35,29.39,46.82,51.91,37.35,211.61
820.0,13.67,786.78,208.97,240.0,1235.75,0,55.54,29.5,47.02,52.06,37.49,211.18
825.0,13.75,780.8,207.38,240.0,1228.19,0,55.72,29.61,47.21,52.21,37.62,210.75
830.0,13.83,774.8,205.79,240.0,1220.59,0,55.9,29.73,47.41,52.36,37.76,210.31
835.0,13.92,768.77,204.19,240.0,1212.96,0,56.08,29.84,47.61,52.5,37.9,209.87
840.0,14.0,762.72,202.58,240.0,1205.29,0,56.26,29.95,47.8,52.64,38.03,209.41
845.0,14.08,756.64,200.96,240.0,1197.6,0,56.44,30.07,48.0,52.78,38.16,208.94
850.0,14.17,750.53,199.34,240.0,1189.88,0,56.61,30.18,48.19,52.92,38.29,208.47
855.0,14.25,744.41,197.72,240.0,1182.12,0,56.78,30.3,48.38,53.06,38.42,207.99
860.0,14.33,738.25,196.08,240.0,1174.34,0,56.95,30.41,48.57,53.19,38.54,207.5
865.0,14.42,732.08,194.44,240.0,1166.52,0,57.12,30.52,48.76,53.32,38.67,207.0
870.0,14.5,725.88,192.8,240.0,1158.68,0,57.29,30.64,48.94,53.45,38.79,206.49
875.0,14.58,719.66,191.14,240.0,1150.8,0,57.46,30.75,49.13,53.58,38.91,205.98
880.0,14.67,713.42,189.48,240.0,1142.9,0,57.62,30.87,49.31,53.7,39.03,205.45
885.0,14.75,707.15,187.82,240.0,1134.97,0,57.78,30.98,49.5,53.83,39.15,204.92
890.0,14.83,700.86,186.15,240.0,1127.01,0,57.94,31.1,49.68,53.95,39.26,204.38
895.0,14.92,694.54,184.47,240.0,1119.02,0,58.1,31.21,49.85,54.07,39.37,203.84
900.0,15.0,688.21,182.79,240.0,1111.0,0,58.25,31.33,50.03,54.19,39.49,203.28
905.0,15.08,681.85,181.1,240.0,1102.95,0,58.41,31.44,50.21,54.3,39.6,202.72
910.0,15.17,675.47,179.41,240.0,1094.88,0,58.56,31.55,50.38,54.41,39.7,202.15
915.0,15.25,669.07,177.71,240.0,1086.78,0,58.71,31.67,50.56,54.52,39.81,201.57
920.0,15.33,662.65,176.0,240.0,1078.65,0,58.86,31.78,50.73,54.63,39.92,200.98
925.0,15.42,656.21,174.29,240.0,1070.5,0,59.0,31.9,50.9,54.74,40.02,200.39
930.0,15.5,649.74,172.57,240.0,1062.31,0,59.14,32.01,51.07,54.84,40.12,199.79
935.0,15.58,643.26,170.85,240.0,1054.11,0,59.29,32.13,51.23,54.95,40.22,199.18
940.0,15.67,636.75,169.12,240.0,1045.87,0,59.43,32.24,51.4,55.05,40.32,198.56
945.0,15.75,630.22,167.39,240.0,1037.61,0,59.56,32.35,51.56,55.15,40.41,197.94
950.0,15.83,623.68,165.65,240.0,1029.33,0,59.7,32.47,51.72,55.24,40.5,197.31
955.0,15.92,617.11,163.91,240.0,1021.02,0,59.83,32.58,51.88,55.34,40.6,196.67
960.0,16.0,610.52,162.16,240.0,1012.68,0,59.96,32.7,52.04,55.43,40.69,196.02
965.0,16.08,603.92,160.4,240.0,1004.32,0,60.09,32.81,52.2,55.52,40.78,195.37
970.0,16.17,597.29,158.64,240.0,995.93,0,60.22,32.92,52.35,55.61,40.86,194.71
975.0,16.25,590.65,156.88,240.0,987.52,0,60.35,33.04,52.5,55.69,40.95,194.04
980.0,16.33,583.98,155.11,240.0,979.09,0,60.47,33.15,52.66,55.77,41.03,193.36
985.0,16.42,577.3,153.33,240.0,970.63,0,60.59,33.26,52.81,55.86,41.11,192.68
990.0,16.5,570.6,151.55,240.0,962.15,0,60.71,33.38,52.95,55.94,41.19,191.99
995.0,16.58,563.88,149.77,240.0,953.65,0,60.83,33.49,53.1,56.01,41.27,191.3
1000.0,16.67,557.14,147.98,240.0,945.12,0,60.95,33.6,53.25,56.09,41.34,190.59
1005.0,16.75,550.39,146.18,240.0,936.57,0,61.06,33.71,53.39,56.16,41.42,189.88
1010.0,16.83,543.62,144.39,240.0,928.0,0,61.17,33.83,53.53,56.23,41.49,189.16
1015.0,16.92,536.82,142.58,240.0,919.41,0,61.28,33.94,53.67,56.3,41.56,188.44
1020.0,17.0,530.02,140.77,240.0,910.79,0,61.39,34.05,53.81,56.37,41.63,187.71
1025.0,17.08,523.19,138.96,240.0,902.15,0,61.49,34.16,53.94,56.43,41.7,186.97
1030.0,17.17,516.35,137.14,240.0,893.49,0,61.59,34.27,54.07,56.49,41.76,186.22
1035.0,17.25,509.49,135.32,240.0,884.82,0,61.7,34.38,54.21,56.55,41.82,185.47
1040.0,17.33,502.62,133.5,240.0,876.11,0,61.79,34.49,54.34,56.61,41.89,184.71
1045.0,17.42,495.73,131.67,240.0,867.39,0,61.89,34.6,54.47,56.67,41.94,183.95
1050.0,17.5,488.82,129.83,240.0,858.65,0,61.99,34.71,54.59,56.72,42.0,183.17
1055.0,17.58,481.9,127.99,240.0,849.89,0,62.08,34.82,54.72,56.77,42.06,182.39
1060.0,17.67,474.96,126.15,240.0,841.11,0,62.17,34.93,54.84,56.82,42.11,181.61
1065.0,17.75,468.01,124.3,240.0,832.31,0,62.26,35.04,54.96,56.87,42.16,180.82
1070.0,17.83,461.04,122.45,240.0,823.49,0,62.34,35.15,55.08,56.91,42.21,180.02
1075.0,17.92,454.06,120.6,240.0,814.66,0,62.43,35.26,55.2,56.95,42.26,179.21
1080.0,18.0,447.06,118.74,240.0,805.8,0,62.51,35.37,55.31,57.0,42.31,178.4
1085.0,18.08,440.05,116.88,240.0,796.93,0,62.59,35.47,55.43,57.03,42.35,177.58
1090.0,18.17,433.02,115.01,240.0,788.04,0,62.67,35.58,55.54,57.07,42.4,176.75
1095.0,18.25,425.98,113.14,240.0,779.13,0,62.75,35.69,55.65,57.1,42.44,175.92
1100.0,18.33,418.93,111.27,240.0,770.2,0,62.82,35.8,55.75,57.14,42.48,175.08
1105.0,18.42,411.86,109.39,240.0,761.26,0,62.89,35.9,55.86,57.17,42.52,174.24
1110.0,18.5,404.78,107.51,240.0,752.3,0,62.96,36.01,55.96,57.19,42.55,173.39
1115.0,18.58,397.69,105.63,240.0,743.32,0,63.03,36.11,56.07,57.22,42.59,172.53
1120.0,18.67,390.59,103.74,240.0,734.33,0,63.09,36.22,56.17,57.24,42.62,171.67
1125.0,18.75,383.47,101.85,240.0,725.32,0,63.16,36.32,56.26,57.26,42.65,170.8
1130.0,18.83,376.34,99.96,240.0,716.29,0,63.22,36.43,56.36,57.28,42.68,169.92
1135.0,18.92,369.19,98.06,240.0,707.25,0,63.28,36.53,56.46,57.3,42.7,169.04
1140.0,19.0,362.04,96.16,240.0,698.2,0,63.33,36.63,56.55,57.32,42.73,168.15
1145.0,19.08,354.87,94.25,240.0,689.13,0,63.39,36.74,56.64,57.33,42.75,167.25
1150.0,19.17,347.7,92.35,240.0,680.04,0,63.44,36.84,56.73,57.34,42.77,166.35
1155.0,19.25,340.51,90.44,240.0,670.95,0,63.49,36.94,56.81,57.35,42.79,165.44
1160.0,19.33,333.31,88.53,240.0,661.83,0,63.54,37.04,56.9,57.35,42.81,164.53
1165.0,19.42,326.1,86.61,240.0,652.71,0,63.59,37.14,56.98,57.36,42.83,163.6
1170.0,19.5,318.88,84.69,240.0,643.57,0,63.63,37.24,57.06,57.36,42.84,162.68
1175.0,19.58,311.65,82.77,240.0,634.42,0,63.67,37.34,57.14,57.36,42.85,161.74
1180.0,19.67,304.4,80.85,240.0,625.25,0,63.71,37.44,57.22,57.36,42.86,160.81
1185.0,19.75,297.15,78.92,240.0,616.08,0,63.75,37.54,57.29,57.35,42.87,159.86
1190.0,19.83,289.89,77.0,240.0,606.89,0,63.79,37.64,57.36,57.35,42.88,158.91
1195.0,19.92,282.62,75.07,240.0,597.69,0,63.82,37.74,57.43,57.34,42.88,157.95
1200.0,20.0,275.35,73.13,240.0,588.48,0,63.85,37.83,57.5,57.33,42.88,156.99
1205.0,20.08,268.06,71.2,240.0,579.25,0,63.88,37.93,57.57,57.31,42.89,156.02
1210.0,20.17,260.76,69.26,240.0,570.02,0,63.91,38.03,57.63,57.3,42.89,155.04
1215.0,20.25,253.46,67.32,240.0,560.78,0,63.93,38.12,57.7,57.28,42.88,154.06
1220.0,20.33,246.14,65.38,240.0,551.52,0,63.96,38.22,57.76,57.26,42.88,153.07
1225.0,20.42,238.82,63.43,240.0,542.26,0,63.98,38.31,57.82,57.24,42.87,152.08
1230.0,20.5,231.5,61.49,240.0,532.98,0,64.0,38.4,57.87,57.21,42.87,151.08
1235.0,20.58,224.16,59.54,240.0,523.7,0,64.01,38.5,57.93,57.19,42.86,150.08
1240.0,20.67,216.82,57.59,240.0,514.4,0,64.03,38.59,57.98,57.16,42.84,149.06
1245.0,20.75,209.47,55.63,240.0,505.1,0,64.04,38.68,58.03,57.13,42.83,148.05
1250.0,20.83,202.11,53.68,240.0,495.79,0,64.05,38.77,58.08,57.1,42.81,147.02
1255.0,20.92,194.75,51.73,240.0,486.47,0,64.06,38.86,58.12,57.06,42.8,145.99
1260.0,21.0,187.38,49.77,240.0,477.15,0,64.06,38.95,58.17,57.02,42.78,144.96
1265.0,21.08,180.0,47.81,240.0,467.81,0,64.07,39.04,58.21,56.99,42.76,143.92
1270.0,21.17,172.62,45.85,240.0,458.47,0,64.07,39.13,58.25,56.94,42.74,142.87
1275.0,21.25,165.24,43.89,240.0,449.12,0,64.07,39.22,58.29,56.9,42.71,141.82
1280.0,21.33,157.84,41.92,240.0,439.77,0,64.06,39.31,58.33,56.86,42.68,140.76
1285.0,21.42,150.45,39.96,240.0,430.41,0,64.06,39.39,58.36,56.81,42.66,139.7
1290.0,21.5,143.04,37.99,240.0,421.04,0,64.05,39.48,58.39,56.76,42.63,138.63
1295.0,21.58,135.64,36.03,240.0,411.66,0,64.04,39.56,58.42,56.71,42.6,137.55
1300.0,21.67,128.23,34.06,240.0,402.28,0,64.03,39.65,58.45,56.65,42.56,136.47
1305.0,21.75,120.81,32.09,240.0,392.9,0,64.02,39.73,58.48,56.6,42.53,135.39
1310.0,21.83,113.39,30.12,240.0,383.51,0,64.0,39.82,58.5,56.54,42.49,134.3
1315.0,21.92,105.97,28.15,240.0,374.12,0,63.99,39.9,58.52,56.48,42.45,133.2
1320.0,22.0,98.55,26.17,240.0,364.72,0,63.97,39.98,58.54,56.41,42.41,132.09
1325.0,22.08,91.12,24.2,240.0,355.32,0,63.94,40.06,58.56,56.35,42.37,130.98
1330.0,22.17,83.68,22.23,240.0,345.91,0,63.92,40.14,58.57,56.28,42.32,129.87
1335.0,22.25,76.25,20.25,240.0,336.5,0,63.89,40.22,58.59,56.21,42.28,128.75
1340.0,22.33,68.81,18.28,240.0,327.09,0,63.86,40.3,58.6,56.14,42.23,127.62
1345.0,22.42,61.37,16.3,240.0,317.67,0,63.83,40.38,58.61,56.07,42.18,126.49
1350.0,22.5,53.93,14.32,240.0,308.26,0,63.8,40.45,58.62,55.99,42.13,125.36
1355.0,22.58,46.49,12.35,240.0,298.84,0,63.77,40.53,58.62,55.91,42.07,124.21
1360.0,22.67,39.05,10.37,240.0,289.42,0,63.73,40.61,58.62,55.83,42.02,123.07
1365.0,22.75,31.6,8.39,240.0,279.99,0,63.69,40.68,58.63,55.75,41.96,121.91
1370.0,22.83,24.15,6.42,240.0,270.57,0,63.65,40.75,58.62,55.67,41.9,120.75
1375.0,22.92,16.71,4.44,240.0,261.14,0,63.61,40.83,58.62,55.58,41.84,119.58
1380.0,23.0,9.26,2.46,240.0,251.72,0,63.56,40.9,58.62,55.49,41.78,118.4
1385.0,23.08,1.81,0.48,240.0,242.29,0,63.51,40.97,58.61,55.4,41.71,117.22
1390.0,23.17,0.0,0.0,240.0,240.0,0,63.46,41.04,58.6,55.31,41.65,116.05
1395.0,23.25,0.0,0.0,240.0,240.0,0,63.41,41.11,58.59,55.21,41.58,114.89
1400.0,23.33,0.0,0.0,240.0,240.0,0,63.36,41.18,58.57,55.12,41.51,113.75
1405.0,23.42,0.0,0.0,240.0,240.0,0,63.3,41.25,58.56,55.02,41.44,112.63
1410.0,23.5,0.0,0.0,240.0,240.0,0,63.24,41.32,58.54,54.92,41.36,111.53
1415.0,23.58,0.0,0.0,240.0,240.0,0,63.18,41.38,58.52,54.81,41.29,110.45
1420.0,23.67,0.0,0.0,240.0,240.0,0,63.12,41.45,58.5,54.71,41.21,109.39
1425.0,23.75,0.0,0.0,240.0,240.0,0,63.05,41.51,58.48,54.6,41.13,108.35
1430.0,23.83,0.0,0.0,240.0,240.0,0,62.99,41.58,58.45,54.5,41.05,107.32
1435.0,23.92,0.0,0.0,240.0,240.0,0,62.92,41.64,58.42,54.39,40.97,106.31
1440.0,24.0,0.0,0.0,240.0,240.0,0,62.85,41.7,58.39,54.28,40.89,105.31
1445.0,24.08,0.0,0.0,240.0,240.0,0,62.78,41.76,58.36,54.17,40.8,104.33
1450.0,24.17,0.0,0.0,240.0,240.0,0,62.7,41.82,58.33,54.05,40.72,103.37
1455.0,24.25,0.0,0.0,240.0,240.0,0,62.63,41.88,58.29,53.94,40.63,102.42
1460.0,24.33,0.0,0.0,240.0,240.0,0,62.55,41.94,58.25,53.83,40.54,101.48
1465.0,24.42,0.0,0.0,240.0,240.0,0,62.47,42.0,58.21,53.71,40.45,100.56
1470.0,24.5,0.0,0.0,240.0,240.0,0,62.39,42.06,58.17,53.59,40.36,99.66
1475.0,24.58,0.0,0.0,240.0,240.0,0,62.3,42.11,58.13,53.47,40.27,98.76
1480.0,24.67,0.0,0.0,240.0,240.0,0,62.22,42.17,58.08,53.36,40.17,97.88
1485.0,24.75,0.0,0.0,240.0,240.0,0,62.13,42.22,58.04,53.23,40.08,97.02
1490.0,24.83,0.0,0.0,240.0,240.0,0,62.04,42.28,57.99,53.11,39.98,96.17
1495.0,24.92,0.0,0.0,240.0,240.0,0,61.95,42.33,57.94,52.99,39.89,95.33
1500.0,25.0,0.0,0.0,240.0,240.0,0,61.86,42.38,57.88,52.87,39.79,94.5
1505.0,25.08,0.0,0.0,240.0,240.0,0,61.77,42.43,57.83,52.75,39.69,93.69
1510.0,25.17,0.0,0.0,240.0,240.0,0,61.67,42.48,57.77,52.62,39.59,92.88
1515.0,25.25,0.0,0.0,240.0,240.0,0,61.58,42.53,57.72,52.5,39.49,92.09
1520.0,25.33,0.0,0.0,240.0,240.0,0,61.48,42.58,57.66,52.37,39.39,91.32
1525.0,25.42,0.0,0.0,240.0,240.0,0,61.38,42.62,57.6,52.24,39.29,90.55
1530.0,25.5,0.0,0.0,240.0,240.0,0,61.28,42.67,57.53,52.12,39.18,89.79
1535.0,25.58,0.0,0.0,240.0,240.0,0,61.18,42.72,57.47,51.99,39.08,89.05
1540.0,25.67,0.0,0.0,240.0,240.0,0,61.08,42.76,57.4,51.86,38.98,88.31
1545.0,25.75,0.0,0.0,240.0,240.0,0,60.97,42.81,57.34,51.73,38.87,87.59
1550.0,25.83,0.0,0.0,240.0,240.0,0,60.87,42.85,57.27,51.6,38.76,86.88
1555.0,25.92,0.0,0.0,240.0,240.0,0,60.76,42.89,57.2,51.47,38.66,86.17
1560.0,26.0,0.0,0.0,240.0,240.0,0,60.65,42.93,57.12,51.34,38.55,85.48
1565.0,26.08,0.0,0.0,240.0,240.0,0,60.54,42.97,57.05,51.21,38.44,84.8
1570.0,26.17,0.0,0.0,240.0,240.0,0,60.43,43.01,56.98,51.08,38.34,84.13
1575.0,26.25,0.0,0.0,240.0,240.0,0,60.32,43.05,56.9,50.95,38.23,83.46
1580.0,26.33,0.0,0.0,240.0,240.0,0,60.21,43.09,56.82,50.82,38.12,82.81
1585.0,26.42,0.0,0.0,240.0,240.0,0,60.1,43.12,56.74,50.68,38.01,82.16
1590.0,26.5,0.0,0.0,240.0,240.0,0,59.98,43.16,56.66,50.55,37.9,81.53
1595.0,26.58,0.0,0.0,240.0,240.0,0,59.87,43.2,56.58,50.42,37.79,80.9
1600.0,26.67,0.0,0.0,240.0,240.0,0,59.75,43.23,56.5,50.28,37.68,80.28
1605.0,26.75,0.0,0.0,240.0,240.0,0,59.64,43.26,56.42,50.15,37.57,79.67
1610.0,26.83,0.0,0.0,240.0,240.0,0,59.52,43.3,56.33,50.02,37.45,79.07
1615.0,26.92,0.0,0.0,240.0,240.0,0,59.4,43.33,56.25,49.88,37.34,78.47
1620.0,27.0,0.0,0.0,240.0,240.0,0,59.28,43.36,56.16,49.75,37.23,77.89
1625.0,27.08,0.0,0.0,240.0,240.0,0,59.16,43.39,56.07,49.61,37.12,77.31
1630.0,27.17,0.0,0.0,240.0,240.0,0,59.04,43.42,55.98,49.48,37.0,76.74
1635.0,27.25,0.0,0.0,240.0,240.0,0,58.92,43.45,55.89,49.34,36.89,76.17
1640.0,27.33,0.0,0.0,240.0,240.0,0,58.8,43.47,55.8,49.21,36.78,75.62
1645.0,27.42,0.0,0.0,240.0,240.0,0,58.68,43.5,55.7,49.07,36.66,75.07
1650.0,27.5,0.0,0.0,240.0,240.0,0,58.56,43.53,55.61,48.94,36.55,74.53
1655.0,27.58,0.0,0.0,240.0,240.0,0,58.43,43.55,55.51,48.8,36.44,74.0
1660.0,27.67,0.0,0.0,240.0,240.0,0,58.31,43.58,55.42,48.67,36.32,73.47
1665.0,27.75,0.0,0.0,240.0,240.0,0,58.18,43.6,55.32,48.53,36.21,72.95
1670.0,27.83,0.0,0.0,240.0,240.0,0,58.06,43.62,55.22,48.39,36.09,72.43
1675.0,27.92,0.0,0.0,240.0,240.0,0,57.93,43.65,55.13,48.26,35.98,71.93
1680.0,28.0,0.0,0.0,240.0,240.0,0,57.81,43.67,55.03,48.12,35.86,71.43
1685.0,28.08,0.0,0.0,240.0,240.0,0,57.68,43.69,54.92,47.99,35.75,70.93
1690.0,28.17,0.0,0.0,240.0,240.0,0,57.55,43.71,54.82,47.85,35.63,70.45
1695.0,28.25,0.0,0.0,240.0,240.0,1,57.43,43.73,54.72,47.71,35.51,69.96
1700.0,28.33,0.0,0.0,240.0,240.0,1,57.3,43.74,54.62,47.58,35.4,69.49
1705.0,28.42,0.0,0.0,240.0,240.0,1,57.17,43.76,54.51,47.44,35.28,69.02
1710.0,28.5,0.0,0.0,240.0,240.0,1,57.04,43.78,54.41,47.3,35.17,68.55
1715.0,28.58,0.0,0.0,240.0,240.0,1,56.91,43.79,54.3,47.17,35.05,68.1
1720.0,28.67,0.0,0.0,240.0,240.0,1,56.78,43.81,54.2,47.03,34.93,67.64
1725.0,28.75,0.0,0.0,240.0,240.0,1,56.65,43.82,54.09,46.89,34.82,67.2
1730.0,28.83,0.0,0.0,240.0,240.0,1,56.52,43.84,53.98,46.76,34.7,66.76
1735.0,28.92,0.0,0.0,240.0,240.0,1,56.39,43.85,53.87,46.62,34.59,66.32
1740.0,29.0,0.0,0.0,240.0,240.0,1,56.26,43.86,53.76,46.49,34.47,65.89
1745.0,29.08,0.0,0.0,240.0,240.0,1,56.13,43.87,53.65,46.35,34.35,65.46
1750.0,29.17,0.0,0.0,240.0,240.0,1,56.0,43.88,53.54,46.21,34.24,65.04
1755.0,29.25,0.0,0.0,240.0,240.0,1,55.87,43.89,53.43,46.08,34.12,64.63
1760.0,29.33,0.0,0.0,240.0,240.0,1,55.74,43.9,53.32,45.94,34.0,64.21
1765.0,29.42,0.0,0.0,240.0,240.0,1,55.61,43.91,53.21,45.81,33.89,63.81
1770.0,29.5,0.0,0.0,240.0,240.0,1,55.48,43.92,53.1,45.67,33.77,63.41
1775.0,29.58,0.0,0.0,240.0,240.0,1,55.34,43.92,52.98,45.53,33.65,63.01
1780.0,29.67,0.0,0.0,240.0,240.0,1,55.21,43.93,52.87,45.4,33.54,62.62
1785.0,29.75,0.0,0.0,240.0,240.0,1,55.08,43.94,52.76,45.26,33.42,62.23
1790.0,29.83,0.0,0.0,240.0,240.0,1,54.95,43.94,52.64,45.13,33.31,61.85
1795.0,29.92,0.0,0.0,240.0,240.0,1,54.82,43.95,52.53,44.99,33.19,61.47
1800.0,30.0,0.0,0.0,240.0,240.0,1,54.68,43.95,52.41,44.86,33.07,61.09
1805.0,30.08,0.0,0.0,240.0,240.0,1,54.55,43.95,52.29,44.72,32.96,60.72
1810.0,30.17,0.0,0.0,240.0,240.0,1,54.42,43.95,52.18,44.59,32.84,60.36
1815.0,30.25,0.0,0.0,240.0,240.0,1,54.28,43.96,52.06,44.45,32.72,60.0
1820.0,30.33,0.0,0.0,240.0,240.0,1,54.15,43.96,51.94,44.32,32.61,59.64
1825.0,30.42,0.0,0.0,240.0,240.0,1,54.02,43.96,51.82,44.18,32.49,59.28
1830.0,30.5,0.0,0.0,240.0,240.0,1,53.89,43.96,51.71,44.05,32.38,58.93
1835.0,30.58,0.0,0.0,240.0,240.0,1,53.75,43.95,51.59,43.92,32.26,58.59
1840.0,30.67,0.0,0.0,240.0,240.0,1,53.62,43.95,51.47,43.78,32.15,58.24
1845.0,30.75,0.0,0.0,240.0,240.0,1,53.49,43.95,51.35,43.65,32.03,57.91
1850.0,30.83,0.0,0.0,240.0,240.0,1,53.35,43.95,51.23,43.51,31.92,57.57
1855.0,30.92,0.0,0.0,240.0,240.0,1,53.22,43.94,51.11,43.38,31.8,57.24
1860.0,31.0,0.0,0.0,240.0,240.0,1,53.09,43.94,50.99,43.25,31.68,56.91
1865.0,31.08,0.0,0.0,240.0,240.0,1,52.95,43.93,50.87,43.12,31.57,56.59
1870.0,31.17,0.0,0.0,240.0,240.0,1,52.82,43.93,50.75,42.98,31.45,56.26
1875.0,31.25,0.0,0.0,240.0,240.0,1,52.69,43.92,50.62,42.85,31.34,55.95
1880.0,31.33,0.0,0.0,240.0,240.0,1,52.56,43.91,50.5,42.72,31.22,55.63
1885.0,31.42,0.0,0.0,240.0,240.0,1,52.42,43.9,50.38,42.59,31.11,55.32
1890.0,31.5,0.0,0.0,240.0,240.0,1,52.29,43.9,50.26,42.45,31.0,55.01
1895.0,31.58,0.0,0.0,240.0,240.0,1,52.16,43.89,50.14,42.32,30.88,54.71
1900.0,31.67,0.0,0.0,240.0,240.0,1,52.02,43.88,50.01,42.19,30.77,54.4
1905.0,31.75,0.0,0.0,240.0,240.0,1,51.89,43.87,49.89,42.06,30.65,54.11
1910.0,31.83,0.0,0.0,240.0,240.0,1,51.76,43.86,49.77,41.93,30.54,53.81
1915.0,31.92,0.0,0.0,240.0,240.0,1,51.63,43.85,49.65,41.8,30.43,53.52
1920.0,32.0,0.0,0.0,240.0,240.0,1,51.49,43.83,49.52,41.67,30.31,53.23
1925.0,32.08,0.0,0.0,240.0,240.0,1,51.36,43.82,49.4,41.53,30.2,52.94
1930.0,32.17,0.0,0.0,240.0,240.0,1,51.23,43.81,49.28,41.4,30.09,52.66
1935.0,32.25,0.0,0.0,240.0,240.0,1,51.1,43.79,49.15,41.27,29.97,52.37
1940.0,32.33,0.0,0.0,240.0,240.0,1,50.97,43.78,49.03,41.14,29.86,52.1
1945.0,32.42,0.0,0.0,240.0,240.0,1,50.84,43.76,48.9,41.01,29.75,51.82
1950.0,32.5,0.0,0.0,240.0,240.0,1,50.7,43.75,48.78,40.89,29.63,51.55
1955.0,32.58,0.0,0.0,240.0,240.0,1,50.57,43.73,48.66,40.76,29.52,51.27
1960.0,32.67,0.0,0.0,240.0,240.0,1,50.44,43.72,48.53,40.63,29.41,51.01
1965.0,32.75,0.0,0.0,240.0,240.0,1,50.31,43.7,48.41,40.5,29.3,50.74
1970.0,32.83,0.0,0.0,240.0,240.0,1,50.18,43.68,48.28,40.37,29.18,50.48
1975.0,32.92,0.0,0.0,240.0,240.0,1,50.05,43.66,48.16,40.24,29.07,50.22
1980.0,33.0,0.0,0.0,240.0,240.0,1,49.92,43.64,48.03,40.11,28.96,49.96
1985.0,33.08,0.0,0.0,240.0,240.0,1,49.79,43.63,47.91,39.99,28.85,49.7
1990.0,33.17,0.0,0.0,240.0,240.0,1,49.66,43.61,47.78,39.86,28.74,49.45
1995.0,33.25,0.0,0.0,240.0,240.0,1,49.53,43.59,47.66,39.73,28.63,49.2
2000.0,33.33,0.0,0.0,240.0,240.0,1,49.4,43.56,47.53,39.61,28.52,48.95
2005.0,33.42,0.0,0.0,240.0,240.0,1,49.27,43.54,47.41,39.48,28.41,48.7
2010.0,33.5,0.0,0.0,240.0,240.0,1,49.14,43.52,47.28,39.35,28.3,48.46
2015.0,33.58,0.0,0.0,240.0,240.0,1,49.01,43.5,47.16,39.23,28.19,48.21
2020.0,33.67,0.0,0.0,240.0,240.0,1,48.88,43.48,47.03,39.1,28.08,47.97
2025.0,33.75,0.0,0.0,240.0,240.0,1,48.75,43.45,46.91,38.97,27.97,47.73
2030.0,33.83,0.0,0.0,240.0,240.0,1,48.62,43.43,46.78,38.85,27.86,47.5
2035.0,33.92,0.0,0.0,240.0,240.0,1,48.49,43.4,46.66,38.72,27.75,47.26
2040.0,34.0,0.0,0.0,240.0,240.0,1,48.36,43.38,46.53,38.6,27.64,47.03
2045.0,34.08,0.0,0.0,240.0,240.0,1,48.23,43.35,46.41,38.47,27.53,46.8
2050.0,34.17,0.0,0.0,240.0,240.0,1,48.11,43.33,46.28,38.35,27.42,46.57
2055.0,34.25,0.0,0.0,240.0,240.0,1,47.98,43.3,46.16,38.23,27.31,46.35
2060.0,34.33,0.0,0.0,240.0,240.0,1,47.85,43.27,46.03,38.1,27.2,46.12
2065.0,34.42,0.0,0.0,240.0,240.0,1,47.72,43.25,45.91,37.98,27.09,45.9
2070.0,34.5,0.0,0.0,240.0,240.0,1,47.6,43.22,45.79,37.86,26.99,45.68
2075.0,34.58,0.0,0.0,240.0,240.0,1,47.47,43.19,45.66,37.73,26.88,45.46
2080.0,34.67,0.0,0.0,240.0,240.0,1,47.34,43.16,45.54,37.61,26.77,45.25
2085.0,34.75,0.0,0.0,240.0,240.0,1,47.22,43.13,45.41,37.49,26.66,45.03
2090.0,34.83,0.0,0.0,240.0,240.0,1,47.09,43.1,45.29,37.36,26.56,44.82
2095.0,34.92,0.0,0.0,240.0,240.0,1,46.96,43.07,45.16,37.24,26.45,44.6
2100.0,35.0,0.0,0.0,240.0,240.0,1,46.84,43.04,45.04,37.12,26.34,44.39
2105.0,35.08,0.0,0.0,240.0,240.0,1,46.71,43.01,44.91,37.0,26.24,44.19
2110.0,35.17,0.0,0.0,240.0,240.0,1,46.59,42.98,44.79,36.88,26.13,43.98
2115.0,35.25,0.0,0.0,240.0,240.0,1,46.46,42.95,44.67,36.76,26.02,43.77
2120.0,35.33,0.0,0.0,240.0,240.0,1,46.34,42.91,44.54,36.64,25.92,43.57
2125.0,35.42,0.0,0.0,240.0,240.0,1,46.21,42.88,44.42,36.52,25.81,43.37
2130.0,35.5,0.0,0.0,240.0,240.0,1,46.09,42.85,44.29,36.4,25.71,43.17
2135.0,35.58,0.0,0.0,240.0,240.0,1,45.96,42.81,44.17,36.28,25.6,42.97
2140.0,35.67,0.0,0.0,240.0,240.0,1,45.84,42.78,44.05,36.16,25.5,42.77
2145.0,35.75,0.0,0.0,240.0,240.0,1,45.72,42.74,43.92,36.04,25.39,42.58
2150.0,35.83,0.0,0.0,240.0,240.0,1,45.59,42.71,43.8,35.92,25.29,42.38
2155.0,35.92,0.0,0.0,240.0,240.0,1,45.47,42.67,43.68,35.8,25.18,42.19
2160.0,36.0,0.0,0.0,240.0,240.0,1,45.35,42.64,43.55,35.68,25.08,42.0
2165.0,36.08,0.0,0.0,240.0,240.0,1,45.22,42.6,43.43,35.56,24.97,41.81
2170.0,36.17,0.0,0.0,240.0,240.0,1,45.1,42.56,43.31,35.45,24.87,41.62
2175.0,36.25,0.0,0.0,240.0,240.0,1,44.98,42.53,43.19,35.33,24.77,41.43
2180.0,36.33,0.0,0.0,240.0,240.0,1,44.86,42.49,43.06,35.21,24.66,41.25
2185.0,36.42,0.0,0.0,240.0,240.0,1,44.74,42.45,42.94,35.09,24.56,41.06
2190.0,36.5,0.0,0.0,240.0,240.0,1,44.61,42.41,42.82,34.98,24.46,40.88
2195.0,36.58,0.0,0.0,240.0,240.0,1,44.49,42.38,42.7,34.86,24.35,40.7
2200.0,36.67,0.0,0.0,240.0,240.0,1,44.37,42.34,42.57,34.74,24.25,40.52
2205.0,36.75,0.0,0.0,240.0,240.0,1,44.25,42.3,42.45,34.63,24.15,40.34
2210.0,36.83,0.0,0.0,240.0,240.0,1,44.13,42.26,42.33,34.51,24.05,40.16
2215.0,36.92,0.0,0.0,240.0,240.0,1,44.01,42.22,42.21,34.4,23.95,39.98
2220.0,37.0,0.0,0.0,240.0,240.0,1,43.89,42.18,42.09,34.28,23.84,39.81
2225.0,37.08,0.0,0.0,240.0,240.0,1,43.77,42.14,41.97,34.17,23.74,39.63
2230.0,37.17,0.0,0.0,240.0,240.0,1,43.65,42.09,41.85,34.05,23.64,39.46
2235.0,37.25,0.0,0.0,240.0,240.0,1,43.53,42.05,41.73,33.94,23.54,39.29
2240.0,37.33,0.0,0.0,240.0,240.0,1,43.41,42.01,41.61,33.82,23.44,39.12
2245.0,37.42,0.0,0.0,240.0,240.0,1,43.29,41.97,41.48,33.71,23.34,38.95
2250.0,37.5,0.0,0.0,240.0,240.0,1,43.18,41.93,41.36,33.6,23.24,38.78
2255.0,37.58,0.0,0.0,240.0,240.0,1,43.06,41.88,41.24,33.48,23.14,38.61
2260.0,37.67,0.0,0.0,240.0,240.0,1,42.94,41.84,41.12,33.37,23.04,38.44
2265.0,37.75,0.0,0.0,240.0,240.0,1,42.82,41.8,41.0,33.26,22.94,38.28
2270.0,37.83,0.0,0.0,240.0,240.0,1,42.71,41.75,40.89,33.14,22.84,38.12
2275.0,37.92,0.0,0.0,240.0,240.0,1,42.59,41.71,40.77,33.03,22.74,37.95
2280.0,38.0,0.0,0.0,240.0,240.0,1,42.47,41.66,40.65,32.92,22.64,37.79
2285.0,38.08,0.0,0.0,240.0,240.0,1,42.36,41.62,40.53,32.81,22.54,37.63
2290.0,38.17,0.0,0.0,240.0,240.0,1,42.24,41.57,40.41,32.7,22.44,37.47
2295.0,38.25,0.0,0.0,240.0,240.0,1,42.12,41.53,40.29,32.58,22.35,37.31
2300.0,38.33,0.0,0.0,240.0,240.0,1,42.01,41.48,40.17,32.47,22.25,37.15
2305.0,38.42,0.0,0.0,240.0,240.0,1,41.89,41.43,40.05,32.36,22.15,36.99
2310.0,38.5,0.0,0.0,240.0,240.0,1,41.78,41.39,39.94,32.25,22.05,36.84
2315.0,38.58,0.0,0.0,240.0,240.0,1,41.66,41.34,39.82,32.14,21.96,36.68
2320.0,38.67,0.0,0.0,240.0,240.0,1,41.55,41.29,39.7,32.03,21.86,36.53
2325.0,38.75,0.0,0.0,240.0,240.0,1,41.43,41.25,39.58,31.92,21.76,36.38
2330.0,38.83,0.0,0.0,240.0,240.0,1,41.32,41.2,39.47,31.81,21.66,36.22
2335.0,38.92,0.0,0.0,240.0,240.0,1,41.2,41.15,39.35,31.7,21.57,36.07
2340.0,39.0,0.0,0.0,240.0,240.0,1,41.09,41.1,39.23,31.6,21.47,35.92
2345.0,39.08,0.0,0.0,240.0,240.0,1,40.98,41.05,39.12,31.49,21.38,35.77
2350.0,39.17,0.0,0.0,240.0,240.0,1,40.86,41.0,39.0,31.38,21.28,35.62
2355.0,39.25,0.0,0.0,240.0,240.0,1,40.75,40.95,38.88,31.27,21.18,35.47
2360.0,39.33,0.0,0.0,240.0,240.0,1,40.64,40.91,38.77,31.16,21.09,35.33
2365.0,39.42,0.0,0.0,240.0,240.0,1,40.53,40.86,38.65,31.06,20.99,35.18
2370.0,39.5,0.0,0.0,240.0,240.0,1,40.41,40.81,38.54,30.95,20.9,35.04
2375.0,39.58,0.0,0.0,240.0,240.0,1,40.3,40.75,38.42,30.84,20.8,34.89
2380.0,39.67,0.0,0.0,240.0,240.0,1,40.19,40.7,38.31,30.73,20.71,34.75
2385.0,39.75,0.0,0.0,240.0,240.0,1,40.08,40.65,38.19,30.63,20.61,34.6
2390.0,39.83,0.0,0.0,240.0,240.0,1,39.97,40.6,38.08,30.52,20.52,34.46
2395.0,39.92,0.0,0.0,240.0,240.0,1,39.86,40.55,37.96,30.42,20.43,34.32
2400.0,40.0,0.0,0.0,240.0,240.0,1,39.75,40.5,37.85,30.31,20.33,34.18
2405.0,40.08,0.0,0.0,240.0,240.0,1,39.64,40.45,37.74,30.2,20.24,34.04
2410.0,40.17,0.0,0.0,240.0,240.0,1,39.53,40.39,37.62,30.1,20.15,33.9
2415.0,40.25,0.0,0.0,240.0,240.0,1,39.42,40.34,37.51,29.99,20.05,33.76
2420.0,40.33,0.0,0.0,240.0,240.0,1,39.31,40.29,37.4,29.89,19.96,33.63
2425.0,40.42,0.0,0.0,240.0,240.0,1,39.2,40.24,37.28,29.78,19.87,33.49
2430.0,40.5,0.0,0.0,240.0,240.0,1,39.09,40.18,37.17,29.68,19.77,33.35
2435.0,40.58,0.0,0.0,240.0,240.0,1,38.98,40.13,37.06,29.58,19.68,33.22
2440.0,40.67,0.0,0.0,240.0,240.0,1,38.87,40.08,36.94,29.47,19.59,33.08
2445.0,40.75,0.0,0.0,240.0,240.0,1,38.76,40.02,36.83,29.37,19.5,32.95
2450.0,40.83,0.0,0.0,240.0,240.0,1,38.66,39.97,36.72,29.27,19.41,32.82
2455.0,40.92,0.0,0.0,240.0,240.0,1,38.55,39.91,36.61,29.16,19.32,32.68
2460.0,41.0,0.0,0.0,240.0,240.0,1,38.44,39.86,36.5,29.06,19.22,32.55
2465.0,41.08,0.0,0.0,240.0,240.0,1,38.33,39.8,36.39,28.96,19.13,32.42
2470.0,41.17,0.0,0.0,240.0,240.0,1,38.23,39.75,36.28,28.86,19.04,32.29
2475.0,41.25,0.0,0.0,240.0,240.0,1,38.12,39.69,36.16,28.75,18.95,32.16
2480.0,41.33,0.0,0.0,240.0,240.0,1,38.01,39.64,36.05,28.65,18.86,32.03
2485.0,41.42,0.0,0.0,240.0,240.0,1,37.91,39.58,35.94,28.55,18.77,31.9
2490.0,41.5,0.0,0.0,240.0,240.0,1,37.8,39.52,35.83,28.45,18.68,31.77
2495.0,41.58,0.0,0.0,240.0,240.0,1,37.69,39.47,35.72,28.35,18.59,31.65
2500.0,41.67,0.0,0.0,240.0,240.0,1,37.59,39.41,35.61,28.25,18.5,31.52
2505.0,41.75,0.0,0.0,240.0,240.0,1,37.48,39.35,35.51,28.15,18.41,31.39
2510.0,41.83,0.0,0.0,240.0,240.0,1,37.38,39.3,35.4,28.05,18.32,31.27
2515.0,41.92,0.0,0.0,240.0,240.0,1,37.27,39.24,35.29,27.95,18.23,31.14
2520.0,42.0,0.0,0.0,240.0,240.0,1,37.17,39.18,35.18,27.85,18.15,31.02
2525.0,42.08,0.0,0.0,240.0,240.0,1,37.07,39.13,35.07,27.75,18.06,30.89
2530.0,42.17,0.0,0.0,240.0,240.0,1,36.96,39.07,34.96,27.65,17.97,30.77
2535.0,42.25,0.0,0.0,240.0,240.0,1,36.86,39.01,34.85,27.55,17.88,30.65
2540.0,42.33,0.0,0.0,240.0,240.0,1,36.75,38.95,34.75,27.45,17.79,30.53
2545.0,42.42,0.0,0.0,240.0,240.0,1,36.65,38.89,34.64,27.35,17.7,30.4
2550.0,42.5,0.0,0.0,240.0,240.0,1,36.55,38.83,34.53,27.25,17.62,30.28
2555.0,42.58,0.0,0.0,240.0,240.0,1,36.45,38.78,34.42,27.15,17.53,30.16
2560.0,42.67,0.0,0.0,240.0,240.0,1,36.34,38.72,34.32,27.05,17.44,30.04
2565.0,42.75,0.0,0.0,240.0,240.0,1,36.24,38.66,34.21,26.96,17.35,29.92
2570.0,42.83,0.0,0.0,240.0,240.0,1,36.14,38.6,34.1,26.86,17.27,29.81
2575.0,42.92,0.0,0.0,240.0,240.0,1,36.04,38.54,34.0,26.76,17.18,29.69
2580.0,43.0,0.0,0.0,240.0,240.0,1,35.94,38.48,33.89,26.67,17.09,29.57
2585.0,43.08,0.0,0.0,240.0,240.0,1,35.83,38.42,33.79,26.57,17.01,29.45
2590.0,43.17,0.0,0.0,240.0,240.0,1,35.73,38.36,33.68,26.47,16.92,29.34
2595.0,43.25,0.0,0.0,240.0,240.0,1,35.63,38.3,33.58,26.38,16.84,29.22
2600.0,43.33,0.0,0.0,240.0,240.0,1,35.53,38.24,33.47,26.28,16.75,29.1
2605.0,43.42,0.0,0.0,240.0,240.0,1,35.43,38.18,33.37,26.18,16.67,28.99
2610.0,43.5,0.0,0.0,240.0,240.0,1,35.33,38.12,33.26,26.09,16.58,28.87
2615.0,43.58,0.0,0.0,240.0,240.0,1,35.23,38.06,33.16,25.99,16.5,28.76
2620.0,43.67,0.0,0.0,240.0,240.0,1,35.13,38.0,33.05,25.9,16.41,28.65
2625.0,43.75,0.0,0.0,240.0,240.0,1,35.03,37.93,32.95,25.8,16.33,28.53
2630.0,43.83,0.0,0.0,240.0,240.0,1,34.93,37.87,32.85,25.71,16.24,28.42
2635.0,43.92,0.0,0.0,240.0,240.0,1,34.83,37.81,32.74,25.61,16.16,28.31
2640.0,44.0,0.0,0.0,240.0,240.0,1,34.73,37.75,32.64,25.52,16.07,28.2
2645.0,44.08,0.0,0.0,240.0,240.0,1,34.64,37.69,32.54,25.42,15.99,28.08
2650.0,44.17,0.0,0.0,240.0,240.0,1,34.54,37.63,32.43,25.33,15.9,27.97
2655.0,44.25,0.0,0.0,240.0,240.0,1,34.44,37.56,32.33,25.24,15.82,27.86
2660.0,44.33,0.0,0.0,240.0,240.0,1,34.34,37.5,32.23,25.14,15.74,27.75
2665.0,44.42,0.0,0.0,240.0,240.0,1,34.24,37.44,32.13,25.05,15.65,27.64
2670.0,44.5,0.0,0.0,240.0,240.0,1,34.15,37.38,32.03,24.96,15.57,27.53
2675.0,44.58,0.0,0.0,240.0,240.0,1,34.05,37.31,31.92,24.86,15.49,27.43
2680.0,44.67,0.0,0.0,240.0,240.0,1,33.95,37.25,31.82,24.77,15.41,27.32
2685.0,44.75,0.0,0.0,240.0,240.0,1,33.86,37.19,31.72,24.68,15.32,27.21
2690.0,44.83,0.0,0.0,240.0,240.0,1,33.76,37.12,31.62,24.58,15.24,27.1
2695.0,44.92,0.0,0.0,240.0,240.0,1,33.66,37.06,31.52,24.49,15.16,27.0
2700.0,45.0,0.0,0.0,240.0,240.0,1,33.57,37.0,31.42,24.4,15.08,26.89
2705.0,45.08,0.0,0.0,240.0,240.0,1,33.47,36.93,31.32,24.31,15.0,26.78
2710.0,45.17,0.0,0.0,240.0,240.0,1,33.38,36.87,31.22,24.22,14.91,26.68
2715.0,45.25,0.0,0.0,240.0,240.0,1,33.28,36.81,31.12,24.13,14.83,26.57
2720.0,45.33,0.0,0.0,240.0,240.0,1,33.19,36.74,31.02,24.04,14.75,26.47
2725.0,45.42,0.0,0.0,240.0,240.0,1,33.09,36.68,30.92,23.94,14.67,26.36
2730.0,45.5,0.0,0.0,240.0,240.0,1,33.0,36.61,30.82,23.85,14.59,26.26
2735.0,45.58,0.0,0.0,240.0,240.0,1,32.9,36.55,30.72,23.76,14.51,26.15
2740.0,45.67,0.0,0.0,240.0,240.0,1,32.81,36.49,30.63,23.67,14.43,26.05
2745.0,45.75,0.0,0.0,240.0,240.0,1,32.71,36.42,30.53,23.58,14.35,25.95
2750.0,45.83,0.0,0.0,240.0,240.0,1,32.62,36.36,30.43,23.49,14.27,25.85
2755.0,45.92,0.0,0.0,240.0,240.0,1,32.53,36.29,30.33,23.4,14.19,25.74
2760.0,46.0,0.0,0.0,240.0,240.0,1,32.43,36.23,30.23,23.31,14.11,25.64
2765.0,46.08,0.0,0.0,240.0,240.0,1,32.34,36.16,30.14,23.23,14.03,25.54
2770.0,46.17,0.0,0.0,240.0,240.0,1,32.25,36.1,30.04,23.14,13.95,25.44
2775.0,46.25,0.0,0.0,240.0,240.0,1,32.15,36.03,29.94,23.05,13.87,25.34
2780.0,46.33,0.0,0.0,240.0,240.0,1,32.06,35.97,29.84,22.96,13.79,25.24
2785.0,46.42,0.0,0.0,240.0,240.0,1,31.97,35.9,29.75,22.87,13.71,25.14
2790.0,46.5,0.0,0.0,240.0,240.0,1,31.88,35.84,29.65,22.78,13.63,25.04
2795.0,46.58,0.0,0.0,240.0,240.0,1,31.78,35.77,29.55,22.69,13.55,24.94
2800.0,46.67,0.0,0.0,240.0,240.0,1,31.69,35.7,29.46,22.61,13.48,24.84
2805.0,46.75,0.0,0.0,240.0,240.0,1,31.6,35.64,29.36,22.52,13.4,24.74
2810.0,46.83,0.0,0.0,240.0,240.0,1,31.51,35.57,29.27,22.43,13.32,24.64
2815.0,46.92,0.0,0.0,240.0,240.0,1,31.42,35.51,29.17,22.34,13.24,24.54
2820.0,47.0,0.0,0.0,240.0,240.0,1,31.33,35.44,29.08,22.26,13.16,24.45
2825.0,47.08,0.0,0.0,240.0,240.0,1,31.24,35.37,28.98,22.17,13.09,24.35
2830.0,47.17,0.0,0.0,240.0,240.0,1,31.15,35.31,28.89,22.08,13.01,24.25
2835.0,47.25,0.0,0.0,240.0,240.0,1,31.06,35.24,28.79,22.0,12.93,24.16
2840.0,47.33,0.0,0.0,240.0,240.0,1,30.97,35.17,28.7,21.91,12.85,24.06
2845.0,47.42,0.0,0.0,240.0,240.0,1,30.88,35.11,28.6,21.82,12.78,23.96
2850.0,47.5,0.0,0.0,240.0,240.0,1,30.79,35.04,28.51,21.74,12.7,23.87
2855.0,47.58,0.0,0.0,240.0,240.0,1,30.7,34.97,28.42,21.65,12.62,23.77
2860.0,47.67,0.0,0.0,240.0,240.0,1,30.61,34.91,28.32,21.57,12.55,23.68
2865.0,47.75,0.0,0.0,240.0,240.0,1,30.52,34.84,28.23,21.48,12.47,23.58
2870.0,47.83,0.0,0.0,240.0,240.0,1,30.43,34.77,28.14,21.4,12.39,23.49
2875.0,47.92,0.0,0.0,240.0,240.0,1,30.34,34.71,28.04,21.31,12.32,23.39
2880.0,48.0,0.0,0.0,240.0,240.0,1,30.25,34.64,27.95,21.23,12.24,23.3
2885.0,48.08,0.0,0.0,240.0,240.0,1,30.17,34.57,27.86,21.14,12.17,23.21
2890.0,48.17,0.0,0.0,240.0,240.0,1,30.08,34.5,27.77,21.06,12.09,23.11
2895.0,48.25,0.0,0.0,240.0,240.0,1,29.99,34.44,27.67,20.97,12.02,23.02
2900.0,48.33,0.0,0.0,240.0,240.0,1,29.9,34.37,27.58,20.89,11.94,22.93
2905.0,48.42,0.0,0.0,240.0,240.0,1,29.81,34.3,27.49,20.81,11.87,22.84
2910.0,48.5,0.0,0.0,240.0,240.0,1,29.73,34.23,27.4,20.72,11.79,22.74
2915.0,48.58,0.0,0.0,240.0,240.0,1,29.64,34.17,27.31,20.64,11.72,22.65
2920.0,48.67,0.0,0.0,240.0,240.0,1,29.55,34.1,27.22,20.56,11.64,22.56
2925.0,48.75,0.0,0.0,240.0,240.0,1,29.47,34.03,27.13,20.47,11.57,22.47
2930.0,48.83,0.0,0.0,240.0,240.0,1,29.38,33.96,27.04,20.39,11.49,22.38
2935.0,48.92,0.0,0.0,240.0,240.0,1,29.29,33.9,26.95,20.31,11.42,22.29
2940.0,49.0,0.0,0.0,240.0,240.0,1,29.21,33.83,26.86,20.22,11.34,22.2
2945.0,49.08,0.0,0.0,240.0,240.0,1,29.12,33.76,26.77,20.14,11.27,22.11
2950.0,49.17,0.0,0.0,240.0,240.0,1,29.04,33.69,26.68,20.06,11.2,22.02
2955.0,49.25,0.0,0.0,240.0,240.0,1,28.95,33.62,26.59,19.98,11.12,21.93
2960.0,49.33,0.0,0.0,240.0,240.0,1,28.87,33.55,26.5,19.9,11.05,21.84
2965.0,49.42,0.0,0.0,240.0,240.0,1,28.78,33.49,26.41,19.81,10.98,21.75
2970.0,49.5,0.0,0.0,240.0,240.0,1,28.69,33.42,26.32,19.73,10.9,21.66
2975.0,49.58,0.0,0.0,240.0,240.0,1,28.61,33.35,26.23,19.65,10.83,21.57
2980.0,49.67,0.0,0.0,240.0,240.0,1,28.53,33.28,26.14,19.57,10.76,21.49
2985.0,49.75,0.0,0.0,240.0,240.0,1,28.44,33.21,26.05,19.49,10.68,21.4
2990.0,49.83,0.0,0.0,240.0,240.0,1,28.36,33.14,25.96,19.41,10.61,21.31
2995.0,49.92,0.0,0.0,240.0,240.0,1,28.27,33.07,25.88,19.33,10.54,21.22
3000.0,50.0,0.0,0.0,240.0,240.0,1,28.19,33.01,25.79,19.25,10.47,21.14
3005.0,50.08,0.0,0.0,240.0,240.0,1,28.11,32.94,25.7,19.17,10.4,21.05
3010.0,50.17,0.0,0.0,240.0,240.0,1,28.02,32.87,25.61,19.09,10.32,20.96
3015.0,50.25,0.0,0.0,240.0,240.0,1,27.94,32.8,25.53,19.01,10.25,20.88
3020.0,50.33,0.0,0.0,240.0,240.0,1,27.85,32.73,25.44,18.93,10.18,20.79
3025.0,50.42,0.0,0.0,240.0,240.0,1,27.77,32.66,25.35,18.85,10.11,20.7
3030.0,50.5,0.0,0.0,240.0,240.0,1,27.69,32.59,25.27,18.77,10.04,20.62
3035.0,50.58,0.0,0.0,240.0,240.0,1,27.61,32.52,25.18,18.69,9.97,20.53
3040.0,50.67,0.0,0.0,240.0,240.0,1,27.52,32.45,25.09,18.61,9.9,20.45
3045.0,50.75,0.0,0.0,240.0,240.0,1,27.44,32.39,25.01,18.53,9.82,20.36
3050.0,50.83,0.0,0.0,240.0,240.0,1,27.36,32.32,24.92,18.45,9.75,20.28
3055.0,50.92,0.0,0.0,240.0,240.0,1,27.28,32.25,24.83,18.37,9.68,20.19
3060.0,51.0,0.0,0.0,240.0,240.0,1,27.2,32.18,24.75,18.29,9.61,20.11
3065.0,51.08,0.0,0.0,240.0,240.0,1,27.11,32.11,24.66,18.21,9.54,20.03
3070.0,51.17,0.0,0.0,240.0,240.0,1,27.03,32.04,24.58,18.14,9.47,19.94
3075.0,51.25,0.0,0.0,240.0,240.0,1,26.95,31.97,24.49,18.06,9.4,19.86
3080.0,51.33,0.0,0.0,240.0,240.0,1,26.87,31.9,24.41,17.98,9.33,19.78
3085.0,51.42,0.0,0.0,240.0,240.0,1,26.79,31.83,24.32,17.9,9.26,19.69
3090.0,51.5,0.0,0.0,240.0,240.0,1,26.71,31.76,24.24,17.82,9.19,19.61
3095.0,51.58,0.0,0.0,240.0,240.0,1,26.63,31.69,24.15,17.75,9.12,19.53
3100.0,51.67,0.0,0.0,240.0,240.0,1,26.55,31.62,24.07,17.67,9.05,19.45
3105.0,51.75,0.0,0.0,240.0,240.0,1,26.47,31.55,23.99,17.59,8.99,19.36
3110.0,51.83,0.0,0.0,240.0,240.0,1,26.39,31.48,23.9,17.52,8.92,19.28
3115.0,51.92,0.0,0.0,240.0,240.0,1,26.31,31.41,23.82,17.44,8.85,19.2
3120.0,52.0,0.0,0.0,240.0,240.0,1,26.23,31.34,23.74,17.36,8.78,19.12
3125.0,52.08,0.0,0.0,240.0,240.0,1,26.15,31.27,23.65,17.29,8.71,19.04
3130.0,52.17,0.0,0.0,240.0,240.0,1,26.07,31.2,23.57,17.21,8.64,18.96
3135.0,52.25,0.0,0.0,240.0,240.0,1,25.99,31.13,23.49,17.13,8.57,18.88
3140.0,52.33,0.0,0.0,240.0,240.0,1,25.91,31.07,23.4,17.06,8.5,18.8
3145.0,52.42,0.0,0.0,240.0,240.0,1,25.83,31.0,23.32,16.98,8.44,18.71
3150.0,52.5,0.0,0.0,240.0,240.0,1,25.75,30.93,23.24,16.91,8.37,18.63
3155.0,52.58,0.0,0.0,240.0,240.0,1,25.67,30.86,23.16,16.83,8.3,18.55
3160.0,52.67,0.0,0.0,240.0,240.0,1,25.6,30.79,23.07,16.76,8.23,18.48
3165.0,52.75,0.0,0.0,240.0,240.0,1,25.52,30.72,22.99,16.68,8.17,18.4
3170.0,52.83,0.0,0.0,240.0,240.0,1,25.44,30.65,22.91,16.6,8.1,18.32
3175.0,52.92,0.0,0.0,240.0,240.0,1,25.36,30.58,22.83,16.53,8.03,18.24
3180.0,53.0,0.0,0.0,240.0,240.0,1,25.28,30.51,22.75,16.45,7.96,18.16
3185.0,53.08,0.0,0.0,240.0,240.0,1,25.21,30.44,22.67,16.38,7.9,18.08
3190.0,53.17,0.0,0.0,240.0,240.0,1,25.13,30.37,22.59,16.31,7.83,18.0
3195.0,53.25,0.0,0.0,240.0,240.0,1,25.05,30.3,22.51,16.23,7.76,17.92
3200.0,53.33,0.0,0.0,240.0,240.0,1,24.97,30.23,22.42,16.16,7.7,17.84
3205.0,53.42,0.0,0.0,240.0,240.0,1,24.9,30.16,22.34,16.08,7.63,17.77
3210.0,53.5,0.0,0.0,240.0,240.0,1,24.82,30.09,22.26,16.01,7.56,17.69
3215.0,53.58,0.0,0.0,240.0,240.0,1,24.74,30.02,22.18,15.94,7.5,17.61
3220.0,53.67,0.0,0.0,240.0,240.0,1,24.67,29.95,22.1,15.86,7.43,17.53
3225.0,53.75,0.0,0.0,240.0,240.0,1,24.59,29.88,22.02,15.79,7.36,17.46
3230.0,53.83,0.0,0.0,240.0,240.0,1,24.51,29.81,21.94,15.71,7.3,17.38
3235.0,53.92,0.0,0.0,240.0,240.0,1,24.44,29.74,21.86,15.64,7.23,17.3
3240.0,54.0,0.0,0.0,240.0,240.0,1,24.36,29.67,21.79,15.57,7.17,17.23
3245.0,54.08,0.0,0.0,240.0,240.0,1,24.29,29.6,21.71,15.5,7.1,17.15
3250.0,54.17,0.0,0.0,240.0,240.0,1,24.21,29.53,21.63,15.42,7.04,17.07
3255.0,54.25,0.0,0.0,240.0,240.0,1,24.14,29.46,21.55,15.35,6.97,17.0
3260.0,54.33,0.0,0.0,240.0,240.0,1,24.06,29.39,21.47,15.28,6.9,16.92
3265.0,54.42,0.0,0.0,240.0,240.0,1,23.99,29.32,21.39,15.21,6.84,16.85
3270.0,54.5,0.0,0.0,240.0,240.0,1,23.91,29.25,21.31,15.13,6.77,16.77
3275.0,54.58,0.0,0.0,240.0,240.0,1,23.84,29.18,21.23,15.06,6.71,16.7
3280.0,54.67,0.0,0.0,240.0,240.0,1,23.76,29.11,21.16,14.99,6.65,16.62
3285.0,54.75,0.0,0.0,240.0,240.0,1,23.69,29.04,21.08,14.92,6.58,16.55
3290.0,54.83,0.0,0.0,240.0,240.0,1,23.61,28.97,21.0,14.85,6.52,16.47
3295.0,54.92,0.0,0.0,240.0,240.0,1,23.54,28.9,20.92,14.77,6.45,16.4
3300.0,55.0,0.0,0.0,240.0,240.0,1,23.46,28.83,20.85,14.7,6.39,16.32
3305.0,55.08,0.0,0.0,240.0,240.0,1,23.39,28.76,20.77,14.63,6.32,16.25
3310.0,55.17,0.0,0.0,240.0,240.0,1,23.32,28.69,20.69,14.56,6.26,16.17
3315.0,55.25,0.0,0.0,240.0,240.0,1,23.24,28.62,20.61,14.49,6.2,16.1
3320.0,55.33,0.0,0.0,240.0,240.0,1,23.17,28.55,20.54,14.42,6.13,16.03
3325.0,55.42,0.0,0.0,240.0,240.0,1,23.1,28.48,20.46,14.35,6.07,15.95
3330.0,55.5,0.0,0.0,240.0,240.0,1,23.02,28.41,20.39,14.28,6.0,15.88
3335.0,55.58,0.0,0.0,240.0,240.0,1,22.95,28.34,20.31,14.21,5.94,15.81
3340.0,55.67,0.0,0.0,240.0,240.0,1,22.88,28.27,20.23,14.14,5.88,15.73
3345.0,55.75,0.0,0.0,240.0,240.0,1,22.8,28.2,20.16,14.07,5.81,15.66
3350.0,55.83,0.0,0.0,240.0,240.0,1,22.73,28.13,20.08,14.0,5.75,15.59
3355.0,55.92,0.0,0.0,240.0,240.0,1,22.66,28.06,20.01,13.93,5.69,15.52
3360.0,56.0,0.0,0.0,240.0,240.0,1,22.59,27.99,19.93,13.86,5.63,15.44
3365.0,56.08,0.0,0.0,240.0,240.0,1,22.51,27.92,19.85,13.79,5.56,15.37
3370.0,56.17,0.0,0.0,240.0,240.0,1,22.44,27.85,19.78,13.72,5.5,15.3
3375.0,56.25,0.0,0.0,240.0,240.0,1,22.37,27.78,19.7,13.65,5.44,15.23
3380.0,56.33,0.0,0.0,240.0,240.0,1,22.3,27.71,19.63,13.58,5.38,15.16
3385.0,56.42,0.0,0.0,240.0,240.0,1,22.23,27.64,19.55,13.51,5.31,15.08
3390.0,56.5,0.0,0.0,240.0,240.0,1,22.15,27.57,19.48,13.44,5.25,15.01
3395.0,56.58,0.0,0.0,240.0,240.0,1,22.08,27.5,19.4,13.37,5.19,14.94
3400.0,56.67,0.0,0.0,240.0,240.0,1,22.01,27.43,19.33,13.3,5.13,14.87
3405.0,56.75,0.0,0.0,240.0,240.0,1,21.94,27.36,19.26,13.23,5.07,14.8
3410.0,56.83,0.0,0.0,240.0,240.0,1,21.87,27.29,19.18,13.17,5.0,14.73
3415.0,56.92,0.0,0.0,240.0,240.0,1,21.8,27.22,19.11,13.1,4.94,14.66
3420.0,57.0,0.0,0.0,240.0,240.0,1,21.73,27.15,19.03,13.03,4.88,14.59
3425.0,57.08,0.0,0.0,240.0,240.0,1,21.66,27.08,18.96,12.96,4.82,14.52
3430.0,57.17,0.0,0.0,240.0,240.0,1,21.59,27.01,18.89,12.89,4.76,14.45
3435.0,57.25,0.0,0.0,240.0,240.0,1,21.52,26.94,18.81,12.83,4.7,14.38
3440.0,57.33,0.0,0.0,240.0,240.0,1,21.45,26.87,18.74,12.76,4.64,14.31
3445.0,57.42,0.0,0.0,240.0,240.0,1,21.38,26.8,18.67,12.69,4.58,14.24
3450.0,57.5,0.0,0.0,240.0,240.0,1,21.31,26.73,18.6,12.62,4.51,14.17
3455.0,57.58,0.0,0.0,240.0,240.0,1,21.24,26.66,18.52,12.55,4.45,14.1
3460.0,57.67,0.0,0.0,240.0,240.0,1,21.17,26.59,18.45,12.49,4.39,14.03
3465.0,57.75,0.0,0.0,240.0,240.0,1,21.1,26.52,18.38,12.42,4.33,13.96
3470.0,57.83,0.0,0.0,240.0,240.0,1,21.03,26.45,18.3,12.35,4.27,13.89
3475.0,57.92,0.0,0.0,240.0,240.0,1,20.96,26.38,18.23,12.29,4.21,13.82
3480.0,58.0,0.0,0.0,240.0,240.0,1,20.89,26.31,18.16,12.22,4.15,13.75
3485.0,58.08,0.0,0.0,240.0,240.0,1,20.82,26.24,18.09,12.15,4.09,13.69
3490.0,58.17,0.0,0.0,240.0,240.0,1,20.75,26.17,18.02,12.09,4.03,13.62
3495.0,58.25,0.0,0.0,240.0,240.0,1,20.68,26.1,17.95,12.02,3.97,13.55
3500.0,58.33,0.0,0.0,240.0,240.0,1,20.61,26.03,17.87,11.95,3.91,13.48
3505.0,58.42,0.0,0.0,240.0,240.0,1,20.55,25.96,17.8,11.89,3.85,13.41
3510.0,58.5,0.0,0.0,240.0,240.0,1,20.48,25.89,17.73,11.82,3.79,13.35
3515.0,58.58,0.0,0.0,240.0,240.0,1,20.41,25.82,17.66,11.76,3.73,13.28
3520.0,58.67,0.0,0.0,240.0,240.0,1,20.34,25.75,17.59,11.69,3.67,13.21
3525.0,58.75,0.0,0.0,240.0,240.0,1,20.27,25.69,17.52,11.62,3.61,13.14
3530.0,58.83,0.0,0.0,240.0,240.0,1,20.21,25.62,17.45,11.56,3.56,13.08
3535.0,58.92,0.0,0.0,240.0,240.0,1,20.14,25.55,17.38,11.49,3.5,13.01
3540.0,59.0,0.0,0.0,240.0,240.0,1,20.07,25.48,17.31,11.43,3.44,12.94
3545.0,59.08,0.0,0.0,240.0,240.0,1,20.0,25.41,17.24,11.36,3.38,12.88
3550.0,59.17,0.0,0.0,240.0,240.0,1,19.93,25.34,17.17,11.3,3.32,12.81
3555.0,59.25,0.0,0.0,240.0,240.0,1,19.87,25.27,17.1,11.23,3.26,12.74
3560.0,59.33,0.0,0.0,240.0,240.0,1,19.8,25.2,17.03,11.17,3.2,12.68
3565.0,59.42,0.0,0.0,240.0,240.0,1,19.73,25.13,16.96,11.1,3.14,12.61
3570.0,59.5,0.0,0.0,240.0,240.0,1,19.67,25.06,16.89,11.04,3.09,12.54
3575.0,59.58,0.0,0.0,240.0,240.0,1,19.6,24.99,16.82,10.97,3.03,12.48
3580.0,59.67,0.0,0.0,240.0,240.0,1,19.53,24.92,16.75,10.91,2.97,12.41
3585.0,59.75,0.0,0.0,240.0,240.0,1,19.47,24.86,16.68,10.85,2.91,12.35
3590.0,59.83,0.0,0.0,240.0,240.0,1,19.4,24.79,16.61,10.78,2.85,12.28
3595.0,59.92,0.0,0.0,240.0,240.0,1,19.33,24.72,16.54,10.72,2.8,12.22
3600.0,60.0,0.0,0.0,240.0,240.0,1,19.27,24.65,16.47,10.65,2.74,12.15
3605.0,60.08,0.0,0.0,240.0,240.0,1,19.2,24.58,16.4,10.59,2.68,12.09
3610.0,60.17,0.0,0.0,240.0,240.0,1,19.14,24.51,16.33,10.53,2.62,12.02
3615.0,60.25,0.0,0.0,240.0,240.0,1,19.07,24.44,16.27,10.46,2.57,11.96
3620.0,60.33,0.0,0.0,240.0,240.0,1,19.0,24.37,16.2,10.4,2.51,11.89
3625.0,60.42,0.0,0.0,240.0,240.0,1,18.94,24.3,16.13,10.34,2.45,11.83
3630.0,60.5,0.0,0.0,240.0,240.0,1,18.87,24.24,16.06,10.27,2.39,11.76
3635.0,60.58,0.0,0.0,240.0,240.0,1,18.81,24.17,15.99,10.21,2.34,11.7
3640.0,60.67,0.0,0.0,240.0,240.0,1,18.74,24.1,15.93,10.15,2.28,11.63
3645.0,60.75,0.0,0.0,240.0,240.0,1,18.68,24.03,15.86,10.08,2.22,11.57
3650.0,60.83,0.0,0.0,240.0,240.0,1,18.61,23.96,15.79,10.02,2.17,11.51
3655.0,60.92,0.0,0.0,240.0,240.0,1,18.55,23.89,15.72,9.96,2.11,11.44
3660.0,61.0,0.0,0.0,240.0,240.0,1,18.48,23.82,15.66,9.89,2.05,11.38
3665.0,61.08,0.0,0.0,240.0,240.0,1,18.42,23.76,15.59,9.83,2.0,11.31
3670.0,61.17,0.0,0.0,240.0,240.0,1,18.35,23.69,15.52,9.77,1.94,11.25
3675.0,61.25,0.0,0.0,240.0,240.0,1,18.29,23.62,15.45,9.71,1.88,11.19
3680.0,61.33,0.0,0.0,240.0,240.0,1,18.23,23.55,15.39,9.65,1.83,11.12
3685.0,61.42,0.0,0.0,240.0,240.0,1,18.16,23.48,15.32,9.58,1.77,11.06
3690.0,61.5,0.0,0.0,240.0,240.0,1,18.1,23.41,15.25,9.52,1.72,11.0
3695.0,61.58,0.0,0.0,240.0,240.0,1,18.03,23.35,15.19,9.46,1.66,10.94
3700.0,61.67,0.0,0.0,240.0,240.0,1,17.97,23.28,15.12,9.4,1.6,10.87
3705.0,61.75,0.0,0.0,240.0,240.0,1,17.91,23.21,15.06,9.34,1.55,10.81
3710.0,61.83,0.0,0.0,240.0,240.0,1,17.84,23.14,14.99,9.27,1.49,10.75
3715.0,61.92,0.0,0.0,240.0,240.0,1,17.78,23.07,14.92,9.21,1.44,10.69
3720.0,62.0,0.0,0.0,240.0,240.0,1,17.72,23.01,14.86,9.15,1.38,10.62
3725.0,62.08,0.0,0.0,240.0,240.0,1,17.65,22.94,14.79,9.09,1.33,10.56
3730.0,62.17,0.0,0.0,240.0,240.0,1,17.59,22.87,14.73,9.03,1.27,10.5
3735.0,62.25,0.0,0.0,240.0,240.0,1,17.53,22.8,14.66,8.97,1.22,10.44
3740.0,62.33,0.0,0.0,240.0,240.0,1,17.46,22.73,14.59,8.91,1.16,10.38
3745.0,62.42,0.0,0.0,240.0,240.0,1,17.4,22.67,14.53,8.85,1.11,10.31
3750.0,62.5,0.0,0.0,240.0,240.0,1,17.34,22.6,14.46,8.79,1.05,10.25
3755.0,62.58,0.0,0.0,240.0,240.0,1,17.27,22.53,14.4,8.72,1.0,10.19
3760.0,62.67,0.0,0.0,240.0,240.0,1,17.21,22.46,14.33,8.66,0.94,10.13
3765.0,62.75,0.0,0.0,240.0,240.0,1,17.15,22.4,14.27,8.6,0.89,10.07
3770.0,62.83,0.0,0.0,240.0,240.0,1,17.09,22.33,14.2,8.54,0.83,10.01
3775.0,62.92,0.0,0.0,240.0,240.0,1,17.03,22.26,14.14,8.48,0.78,9.95
3780.0,63.0,0.0,0.0,240.0,240.0,1,16.96,22.19,14.08,8.42,0.72,9.89
3785.0,63.08,0.0,0.0,240.0,240.0,1,16.9,22.13,14.01,8.36,0.67,9.82
3790.0,63.17,0.0,0.0,240.0,240.0,1,16.84,22.06,13.95,8.3,0.61,9.76
3795.0,63.25,0.0,0.0,240.0,240.0,1,16.78,21.99,13.88,8.24,0.56,9.7
3800.0,63.33,0.0,0.0,240.0,240.0,1,16.72,21.92,13.82,8.18,0.51,9.64
3805.0,63.42,0.0,0.0,240.0,240.0,1,16.65,21.86,13.76,8.12,0.45,9.58
3810.0,63.5,0.0,0.0,240.0,240.0,1,16.59,21.79,13.69,8.06,0.4,9.52
3815.0,63.58,0.0,0.0,240.0,240.0,1,16.53,21.72,13.63,8.01,0.35,9.46
3820.0,63.67,0.0,0.0,240.0,240.0,1,16.47,21.65,13.56,7.95,0.29,9.4
3825.0,63.75,0.0,0.0,240.0,240.0,1,16.41,21.59,13.5,7.89,0.24,9.34
3830.0,63.83,0.0,0.0,240.0,240.0,1,16.35,21.52,13.44,7.83,0.18,9.28
3835.0,63.92,0.0,0.0,240.0,240.0,1,16.29,21.45,13.37,7.77,0.13,9.22
3840.0,64.0,0.0,0.0,240.0,240.0,1,16.23,21.39,13.31,7.71,0.08,9.16
3845.0,64.08,0.0,0.0,240.0,240.0,1,16.17,21.32,13.25,7.65,0.02,9.1
3850.0,64.17,0.0,0.0,240.0,240.0,1,16.1,21.25,13.19,7.59,-0.03,9.05
3855.0,64.25,0.0,0.0,240.0,240.0,0,16.04,21.19,13.12,7.53,-0.08,8.99
3860.0,64.33,0.0,0.0,240.0,240.0,0,15.98,21.12,13.06,7.47,-0.13,8.93
3865.0,64.42,0.0,0.0,240.0,240.0,0,15.92,21.05,13.0,7.42,-0.19,8.87
3870.0,64.5,0.0,0.0,240.0,240.0,0,15.86,20.99,12.93,7.36,-0.24,8.81
3875.0,64.58,0.0,0.0,240.0,240.0,0,15.8,20.92,12.87,7.3,-0.29,8.75
3880.0,64.67,0.0,0.0,240.0,240.0,0,15.74,20.85,12.81,7.24,-0.35,8.69
3885.0,64.75,0.0,0.0,240.0,240.0,0,15.68,20.79,12.75,7.18,-0.4,8.63
3890.0,64.83,0.0,0.0,240.0,240.0,0,15.62,20.72,12.69,7.13,-0.45,8.57
3895.0,64.92,0.0,0.0,240.0,240.0,0,15.56,20.65,12.62,7.07,-0.5,8.52
3900.0,65.0,0.0,0.0,240.0,240.0,0,15.5,20.59,12.56,7.01,-0.56,8.46
3905.0,65.08,0.0,0.0,240.0,240.0,0,15.44,20.52,12.5,6.95,-0.61,8.4
3910.0,65.17,0.0,0.0,240.0,240.0,0,15.39,20.45,12.44,6.89,-0.66,8.34
3915.0,65.25,0.0,0.0,240.0,240.0,0,15.33,20.39,12.38,6.84,-0.71,8.28
3920.0,65.33,0.0,0.0,240.0,240.0,0,15.27,20.32,12.32,6.78,-0.76,8.23
3925.0,65.42,0.0,0.0,240.0,240.0,0,15.21,20.26,12.25,6.72,-0.82,8.17
3930.0,65.5,0.0,0.0,240.0,240.0,0,15.15,20.19,12.19,6.66,-0.87,8.11
3935.0,65.58,0.0,0.0,240.0,240.0,0,15.09,20.12,12.13,6.61,-0.92,8.05
3940.0,65.67,0.0,0.0,240.0,240.0,0,15.03,20.06,12.07,6.55,-0.97,8.0
3945.0,65.75,0.0,0.0,240.0,240.0,0,14.97,19.99,12.01,6.49,-1.02,7.94
3950.0,65.83,0.0,0.0,240.0,240.0,0,14.91,19.93,11.95,6.44,-1.07,7.88
3955.0,65.92,0.0,0.0,240.0,240.0,0,14.85,19.86,11.89,6.38,-1.13,7.82
3960.0,66.0,0.0,0.0,240.0,240.0,0,14.8,19.79,11.83,6.32,-1.18,7.77
3965.0,66.08,0.0,0.0,240.0,240.0,0,14.74,19.73,11.77,6.27,-1.23,7.71
3970.0,66.17,0.0,0.0,240.0,240.0,0,14.68,19.66,11.71,6.21,-1.28,7.65
3975.0,66.25,0.0,0.0,240.0,240.0,0,14.62,19.6,11.65,6.15,-1.33,7.6
3980.0,66.33,0.0,0.0,240.0,240.0,0,14.56,19.53,11.59,6.1,-1.38,7.54
3985.0,66.42,0.0,0.0,240.0,240.0,0,14.51,19.47,11.53,6.04,-1.43,7.48
3990.0,66.5,0.0,0.0,240.0,240.0,0,14.45,19.4,11.47,5.99,-1.48,7.43
3995.0,66.58,0.0,0.0,240.0,240.0,0,14.39,19.34,11.41,5.93,-1.53,7.37
4000.0,66.67,0.0,0.0,240.0,240.0,0,14.33,19.27,11.35,5.87,-1.59,7.31
4005.0,66.75,0.0,0.0,240.0,240.0,0,14.27,19.21,11.29,5.82,-1.64,7.26
4010.0,66.83,0.0,0.0,240.0,240.0,0,14.22,19.14,11.23,5.76,-1.69,7.2
4015.0,66.92,0.0,0.0,240.0,240.0,0,14.16,19.08,11.17,5.71,-1.74,7.15
4020.0,67.0,0.0,0.0,240.0,240.0,0,14.1,19.01,11.11,5.65,-1.79,7.09
4025.0,67.08,0.0,0.0,240.0,240.0,0,14.05,18.94,11.05,5.59,-1.84,7.04
4030.0,67.17,0.0,0.0,240.0,240.0,0,13.99,18.88,10.99,5.54,-1.89,6.98
4035.0,67.25,0.0,0.0,240.0,240.0,0,13.93,18.82,10.93,5.48,-1.94,6.92
4040.0,67.33,0.0,0.0,240.0,240.0,0,13.87,18.75,10.87,5.43,-1.99,6.87
4045.0,67.42,0.0,0.0,240.0,240.0,0,13.82,18.69,10.81,5.37,-2.04,6.81
4050.0,67.5,0.0,0.0,240.0,240.0,0,13.76,18.62,10.76,5.32,-2.09,6.76
4055.0,67.58,0.0,0.0,240.0,240.0,0,13.7,18.56,10.7,5.26,-2.14,6.7
4060.0,67.67,0.0,0.0,240.0,240.0,0,13.65,18.49,10.64,5.21,-2.19,6.65
4065.0,67.75,0.0,0.0,240.0,240.0,0,13.59,18.43,10.58,5.15,-2.24,6.59
4070.0,67.83,0.0,0.0,240.0,240.0,0,13.53,18.36,10.52,5.1,-2.29,6.54
4075.0,67.92,0.0,0.0,240.0,240.0,0,13.48,18.3,10.46,5.04,-2.34,6.48
4080.0,68.0,0.0,0.0,240.0,240.0,0,13.42,18.23,10.4,4.99,-2.39,6.43
4085.0,68.08,0.0,0.0,240.0,240.0,0,13.37,18.17,10.35,4.94,-2.44,6.37
4090.0,68.17,0.0,0.0,240.0,240.0,0,13.31,18.1,10.29,4.88,-2.48,6.32
4095.0,68.25,0.0,0.0,240.0,240.0,0,13.25,18.04,10.23,4.83,-2.53,6.26
4100.0,68.33,0.0,0.0,240.0,240.0,0,13.2,17.98,10.17,4.77,-2.58,6.21
4105.0,68.42,0.0,0.0,240.0,240.0,0,13.14,17.91,10.12,4.72,-2.63,6.16
4110.0,68.5,0.0,0.0,240.0,240.0,0,13.09,17.85,10.06,4.66,-2.68,6.1
4115.0,68.58,0.0,0.0,240.0,240.0,0,13.03,17.78,10.0,4.61,-2.73,6.05
4120.0,68.67,0.0,0.0,240.0,240.0,0,12.98,17.72,9.94,4.56,-2.78,5.99
4125.0,68.75,0.0,0.0,240.0,240.0,0,12.92,17.66,9.89,4.5,-2.83,5.94
4130.0,68.83,0.0,0.0,240.0,240.0,0,12.86,17.59,9.83,4.45,-2.88,5.89
4135.0,68.92,0.0,0.0,240.0,240.0,0,12.81,17.53,9.77,4.4,-2.93,5.83
4140.0,69.0,0.0,0.0,240.0,240.0,0,12.75,17.46,9.71,4.34,-2.97,5.78
4145.0,69.08,0.0,0.0,240.0,240.0,0,12.7,17.4,9.66,4.29,-3.02,5.73
4150.0,69.17,0.0,0.0,240.0,240.0,0,12.64,17.34,9.6,4.23,-3.07,5.67
4155.0,69.25,0.0,0.0,240.0,240.0,0,12.59,17.27,9.54,4.18,-3.12,5.62
4160.0,69.33,2.02,0.54,240.0,242.56,0,12.53,17.21,9.49,4.13,-3.17,5.57
4165.0,69.42,9.47,2.51,240.0,251.98,0,12.48,17.15,9.43,4.07,-3.22,5.54
4170.0,69.5,16.92,4.49,240.0,261.41,0,12.43,17.08,9.37,4.02,-3.26,5.53
4175.0,69.58,24.36,6.47,240.0,270.84,0,12.37,17.02,9.32,3.97,-3.31,5.54
4180.0,69.67,31.81,8.45,240.0,280.26,0,12.32,16.96,9.26,3.92,-3.36,5.57
4185.0,69.75,39.26,10.43,240.0,289.68,0,12.26,16.89,9.2,3.87,-3.41,5.63
4190.0,69.83,46.7,12.4,240.0,299.1,0,12.21,16.83,9.15,3.81,-3.46,5.72
4195.0,69.92,54.14,14.38,240.0,308.52,0,12.15,16.77,9.09,3.76,-3.5,5.83
4200.0,70.0,61.58,16.36,240.0,317.94,0,12.1,16.7,9.04,3.71,-3.55,5.96
4205.0,70.08,69.02,18.33,240.0,327.36,0,12.05,16.64,8.98,3.66,-3.6,6.12
4210.0,70.17,76.46,20.31,240.0,336.77,0,11.99,16.58,8.93,3.62,-3.64,6.29
4215.0,70.25,83.9,22.28,240.0,346.18,0,11.94,16.52,8.87,3.57,-3.69,6.49
4220.0,70.33,91.33,24.26,240.0,355.58,0,11.89,16.45,8.81,3.52,-3.73,6.71
4225.0,70.42,98.76,26.23,240.0,364.99,0,11.83,16.39,8.76,3.48,-3.78,6.95
4230.0,70.5,106.18,28.2,240.0,374.38,0,11.78,16.33,8.71,3.43,-3.82,7.21
4235.0,70.58,113.6,30.17,240.0,383.78,0,11.73,16.27,8.65,3.39,-3.87,7.49
4240.0,70.67,121.02,32.14,240.0,393.17,0,11.68,16.2,8.6,3.35,-3.91,7.8
4245.0,70.75,128.44,34.11,240.0,402.55,0,11.63,16.14,8.54,3.3,-3.95,8.12
4250.0,70.83,135.85,36.08,240.0,411.93,0,11.58,16.08,8.49,3.26,-3.99,8.46
4255.0,70.92,143.25,38.05,240.0,421.3,0,11.53,16.02,8.44,3.23,-4.04,8.82
4260.0,71.0,150.66,40.01,240.0,430.67,0,11.48,15.96,8.38,3.19,-4.08,9.2
4265.0,71.08,158.05,41.98,240.0,440.03,0,11.43,15.89,8.33,3.15,-4.11,9.59
4270.0,71.17,165.44,43.94,240.0,449.39,0,11.38,15.83,8.28,3.12,-4.15,10.01
4275.0,71.25,172.83,45.9,240.0,458.74,0,11.34,15.77,8.23,3.08,-4.19,10.44
4280.0,71.33,180.21,47.86,240.0,468.08,0,11.29,15.71,8.18,3.05,-4.23,10.89
4285.0,71.42,187.59,49.82,240.0,477.41,0,11.24,15.65,8.13,3.02,-4.26,11.36
4290.0,71.5,194.96,51.78,240.0,486.74,0,11.2,15.59,8.08,2.99,-4.29,11.85
4295.0,71.58,202.32,53.74,240.0,496.06,0,11.15,15.53,8.03,2.97,-4.33,12.35
4300.0,71.67,209.68,55.69,240.0,505.37,0,11.11,15.47,7.98,2.94,-4.36,12.87
4305.0,71.75,217.03,57.64,240.0,514.67,0,11.07,15.41,7.93,2.92,-4.39,13.41
4310.0,71.83,224.37,59.59,240.0,523.96,0,11.03,15.35,7.88,2.89,-4.42,13.96
4315.0,71.92,231.7,61.54,240.0,533.24,0,10.99,15.29,7.84,2.87,-4.45,14.53
4320.0,72.0,239.03,63.49,240.0,542.52,0,10.95,15.23,7.79,2.85,-4.47,15.12
4325.0,72.08,246.35,65.43,240.0,551.78,0,10.91,15.17,7.74,2.84,-4.5,15.72
4330.0,72.17,253.66,67.37,240.0,561.04,0,10.87,15.11,7.7,2.82,-4.52,16.33
4335.0,72.25,260.97,69.31,240.0,570.28,0,10.84,15.05,7.66,2.81,-4.54,16.97
4340.0,72.33,268.26,71.25,240.0,579.52,0,10.8,14.99,7.61,2.8,-4.57,17.61
4345.0,72.42,275.55,73.19,240.0,588.74,0,10.77,14.93,7.57,2.79,-4.59,18.27
4350.0,72.5,282.83,75.12,240.0,597.95,0,10.73,14.87,7.53,2.78,-4.6,18.95
4355.0,72.58,290.1,77.05,240.0,607.15,0,10.7,14.81,7.49,2.77,-4.62,19.63
4360.0,72.67,297.36,78.98,240.0,616.34,0,10.67,14.76,7.45,2.77,-4.64,20.34
4365.0,72.75,304.61,80.9,240.0,625.52,0,10.64,14.7,7.41,2.76,-4.65,21.05
4370.0,72.83,311.85,82.83,240.0,634.68,0,10.62,14.64,7.37,2.76,-4.66,21.78
4375.0,72.92,319.08,84.75,240.0,643.83,0,10.59,14.58,7.33,2.76,-4.67,22.52
4380.0,73.0,326.3,86.67,240.0,652.97,0,10.57,14.53,7.3,2.77,-4.68,23.28
4385.0,73.08,333.51,88.58,240.0,662.09,0,10.54,14.47,7.26,2.77,-4.69,24.05
4390.0,73.17,340.71,90.49,240.0,671.2,0,10.52,14.41,7.23,2.78,-4.69,24.83
4395.0,73.25,347.9,92.4,240.0,680.3,0,10.5,14.36,7.19,2.79,-4.7,25.62
4400.0,73.33,355.08,94.31,240.0,689.39,0,10.48,14.3,7.16,2.8,-4.7,26.43
4405.0,73.42,362.24,96.21,240.0,698.45,0,10.46,14.25,7.13,2.81,-4.7,27.24
4410.0,73.5,369.4,98.11,240.0,707.51,0,10.45,14.19,7.1,2.83,-4.7,28.07
4415.0,73.58,376.54,100.01,240.0,716.55,0,10.43,14.14,7.07,2.85,-4.69,28.91
4420.0,73.67,383.67,101.9,240.0,725.57,0,10.42,14.09,7.04,2.87,-4.69,29.76
4425.0,73.75,390.79,103.79,240.0,734.58,0,10.41,14.03,7.02,2.89,-4.68,30.63
4430.0,73.83,397.89,105.68,240.0,743.57,0,10.4,13.98,6.99,2.91,-4.67,31.5
4435.0,73.92,404.99,107.56,240.0,752.55,0,10.39,13.93,6.97,2.94,-4.66,32.38
4440.0,74.0,412.06,109.45,240.0,761.51,0,10.39,13.87,6.95,2.97,-4.65,33.28
4445.0,74.08,419.13,111.32,240.0,770.45,0,10.38,13.82,6.93,3.0,-4.64,34.18
4450.0,74.17,426.18,113.2,240.0,779.38,0,10.38,13.77,6.91,3.03,-4.62,35.1
4455.0,74.25,433.22,115.06,240.0,788.29,0,10.38,13.72,6.89,3.06,-4.6,36.02
4460.0,74.33,440.25,116.93,240.0,797.18,0,10.38,13.67,6.87,3.1,-4.58,36.96
4465.0,74.42,447.26,118.79,240.0,806.05,0,10.38,13.62,6.85,3.14,-4.56,37.9
4470.0,74.5,454.26,120.65,240.0,814.91,0,10.39,13.57,6.84,3.18,-4.54,38.86
4475.0,74.58,461.24,122.51,240.0,823.74,0,10.39,13.52,6.83,3.22,-4.52,39.82
4480.0,74.67,468.21,124.36,240.0,832.56,0,10.4,13.47,6.81,3.27,-4.49,40.79
4485.0,74.75,475.16,126.2,240.0,841.36,0,10.41,13.42,6.8,3.32,-4.46,41.77
4490.0,74.83,482.1,128.05,240.0,850.14,0,10.42,13.37,6.79,3.37,-4.43,42.76
4495.0,74.92,489.02,129.88,240.0,858.9,0,10.44,13.33,6.79,3.42,-4.4,43.76
4500.0,75.0,495.92,131.72,240.0,867.64,0,10.45,13.28,6.78,3.47,-4.36,44.77
4505.0,75.08,502.81,133.55,240.0,876.36,0,10.47,13.23,6.78,3.53,-4.32,45.78
4510.0,75.17,509.69,135.37,240.0,885.06,0,10.49,13.19,6.77,3.59,-4.29,46.8
4515.0,75.25,516.55,137.2,240.0,893.74,0,10.51,13.14,6.77,3.65,-4.24,47.83
4520.0,75.33,523.39,139.01,240.0,902.4,0,10.54,13.1,6.77,3.71,-4.2,48.87
4525.0,75.42,530.21,140.82,240.0,911.04,0,10.56,13.05,6.77,3.78,-4.16,49.91
4530.0,75.5,537.02,142.63,240.0,919.65,0,10.59,13.01,6.78,3.84,-4.11,50.96
4535.0,75.58,543.81,144.44,240.0,928.24,0,10.62,12.96,6.78,3.91,-4.06,52.02
4540.0,75.67,550.58,146.23,240.0,936.81,0,10.65,12.92,6.79,3.99,-4.01,53.09
4545.0,75.75,557.33,148.03,240.0,945.36,0,10.68,12.88,6.8,4.06,-3.96,54.16
4550.0,75.83,564.07,149.82,240.0,953.89,0,10.72,12.84,6.81,4.14,-3.91,55.24
4555.0,75.92,570.79,151.6,240.0,962.39,0,10.76,12.8,6.82,4.21,-3.85,56.33
4560.0,76.0,577.49,153.38,240.0,970.87,0,10.8,12.76,6.83,4.3,-3.79,57.42
4565.0,76.08,584.17,155.16,240.0,979.33,0,10.84,12.72,6.85,4.38,-3.73,58.52
4570.0,76.17,590.84,156.93,240.0,987.76,0,10.88,12.68,6.86,4.46,-3.67,59.62
4575.0,76.25,597.48,158.69,240.0,996.17,0,10.93,12.64,6.88,4.55,-3.6,60.73
4580.0,76.33,604.11,160.45,240.0,1004.56,0,10.98,12.6,6.9,4.64,-3.54,61.85
4585.0,76.42,610.71,162.21,240.0,1012.92,0,11.03,12.57,6.92,4.73,-3.47,62.97
4590.0,76.5,617.3,163.96,240.0,1021.25,0,11.08,12.53,6.95,4.83,-3.4,64.09
4595.0,76.58,623.86,165.7,240.0,1029.56,0,11.13,12.49,6.97,4.92,-3.33,65.22
4600.0,76.67,630.41,167.44,240.0,1037.85,0,11.19,12.46,7.0,5.02,-3.25,66.36
4605.0,76.75,636.94,169.17,240.0,1046.11,0,11.25,12.42,7.03,5.12,-3.18,67.5
4610.0,76.83,643.44,170.9,240.0,1054.34,0,11.31,12.39,7.06,5.23,-3.1,68.65
4615.0,76.92,649.93,172.62,240.0,1062.55,0,11.37,12.36,7.09,5.33,-3.02,69.8
4620.0,77.0,656.39,174.34,240.0,1070.73,0,11.44,12.33,7.13,5.44,-2.94,70.95
4625.0,77.08,662.83,176.05,240.0,1078.88,0,11.5,12.29,7.16,5.55,-2.85,72.11
4630.0,77.17,669.25,177.76,240.0,1087.01,0,11.57,12.26,7.2,5.66,-2.76,73.27
4635.0,77.25,675.65,179.45,240.0,1095.11,0,11.64,12.23,7.24,5.77,-2.68,74.44
4640.0,77.33,682.03,181.15,240.0,1103.18,0,11.72,12.2,7.28,5.89,-2.59,75.61
4645.0,77.42,688.39,182.84,240.0,1111.23,0,11.79,12.17,7.33,6.01,-2.49,76.79
4650.0,77.5,694.72,184.52,240.0,1119.24,0,11.87,12.15,7.37,6.13,-2.4,77.96
4655.0,77.58,701.04,186.2,240.0,1127.23,0,11.95,12.12,7.42,6.25,-2.31,79.15
4660.0,77.67,707.33,187.87,240.0,1135.19,0,12.03,12.09,7.47,6.38,-2.21,80.33
4665.0,77.75,713.59,189.53,240.0,1143.12,0,12.11,12.07,7.52,6.5,-2.11,81.52
4670.0,77.83,719.84,191.19,240.0,1151.03,0,12.2,12.04,7.57,6.63,-2.01,82.71
4675.0,77.92,726.06,192.84,240.0,1158.9,0,12.29,12.02,7.63,6.76,-1.9,83.9
4680.0,78.0,732.26,194.49,240.0,1166.74,0,12.38,11.99,7.68,6.89,-1.8,85.1
4685.0,78.08,738.43,196.13,240.0,1174.56,0,12.47,11.97,7.74,7.03,-1.69,86.3
4690.0,78.17,744.58,197.76,240.0,1182.34,0,12.57,11.95,7.8,7.17,-1.58,87.5
4695.0,78.25,750.71,199.39,240.0,1190.1,0,12.66,11.93,7.87,7.31,-1.47,88.7
4700.0,78.33,756.81,201.01,240.0,1197.82,0,12.76,11.91,7.93,7.45,-1.35,89.91
4705.0,78.42,762.89,202.62,240.0,1205.51,0,12.86,11.89,8.0,7.59,-1.24,91.11
4710.0,78.5,768.94,204.23,240.0,1213.17,0,12.97,11.87,8.06,7.74,-1.12,92.32
4715.0,78.58,774.97,205.83,240.0,1220.8,0,13.07,11.85,8.14,7.88,-1.0,93.53
4720.0,78.67,780.97,207.43,240.0,1228.4,0,13.18,11.84,8.21,8.03,-0.88,94.75
4725.0,78.75,786.95,209.02,240.0,1235.97,0,13.29,11.82,8.28,8.19,-0.76,95.96
4730.0,78.83,792.91,210.6,240.0,1243.5,0,13.4,11.81,8.36,8.34,-0.64,97.18
4735.0,78.92,798.84,212.17,240.0,1251.01,0,13.51,11.79,8.44,8.5,-0.51,98.39
4740.0,79.0,804.74,213.74,240.0,1258.48,0,13.63,11.78,8.52,8.65,-0.38,99.61
4745.0,79.08,810.61,215.3,240.0,1265.92,0,13.75,11.76,8.6,8.81,-0.25,100.83
4750.0,79.17,816.47,216.85,240.0,1273.32,0,13.87,11.75,8.68,8.97,-0.12,102.05
4755.0,79.25,822.29,218.4,240.0,1280.69,0,13.99,11.74,8.77,9.14,0.01,103.27
4760.0,79.33,828.09,219.94,240.0,1288.03,0,14.11,11.73,8.85,9.3,0.15,104.49
4765.0,79.42,833.86,221.47,240.0,1295.33,0,14.24,11.72,8.94,9.47,0.28,105.71
4770.0,79.5,839.6,223.0,240.0,1302.61,0,14.37,11.71,9.04,9.64,0.42,106.93
4775.0,79.58,845.32,224.52,240.0,1309.84,0,14.5,11.71,9.13,9.81,0.56,108.15
4780.0,79.67,851.01,226.03,240.0,1317.04,0,14.63,11.7,9.22,9.99,0.71,109.38
4785.0,79.75,856.68,227.53,240.0,1324.21,0,14.76,11.7,9.32,10.16,0.85,110.6
4790.0,79.83,862.31,229.03,240.0,1331.34,0,14.9,11.69,9.42,10.34,1.0,111.82
4795.0,79.92,867.92,230.52,240.0,1338.44,0,15.04,11.69,9.52,10.52,1.14,113.04
4800.0,80.0,873.5,232.0,240.0,1345.5,0,15.18,11.68,9.62,10.7,1.29,114.26
4805.0,80.08,879.05,233.48,240.0,1352.53,0,15.32,11.68,9.73,10.88,1.44,115.49
4810.0,80.17,884.58,234.95,240.0,1359.52,0,15.46,11.68,9.84,11.06,1.6,116.71
4815.0,80.25,890.07,236.41,240.0,1366.48,0,15.61,11.68,9.95,11.25,1.75,117.93
4820.0,80.33,895.54,237.86,240.0,1373.4,0,15.76,11.68,10.06,11.44,1.91,119.15
4825.0,80.42,900.98,239.3,240.0,1380.28,0,15.91,11.68,10.17,11.63,2.06,120.36
4830.0,80.5,906.39,240.74,240.0,1387.13,0,16.06,11.69,10.28,11.82,2.22,121.58
4835.0,80.58,911.77,242.17,240.0,1393.94,0,16.21,11.69,10.4,12.01,2.38,122.8
4840.0,80.67,917.12,243.59,240.0,1400.71,0,16.37,11.69,10.52,12.21,2.55,124.01
4845.0,80.75,922.44,245.0,240.0,1407.44,0,16.53,11.7,10.64,12.4,2.71,125.23
4850.0,80.83,927.73,246.41,240.0,1414.14,0,16.69,11.71,10.76,12.6,2.88,126.44
4855.0,80.92,933.0,247.81,240.0,1420.8,0,16.85,11.71,10.89,12.8,3.04,127.65
4860.0,81.0,938.23,249.2,240.0,1427.42,0,17.01,11.72,11.01,13.0,3.21,128.86
4865.0,81.08,943.43,250.58,240.0,1434.01,0,17.18,11.73,11.14,13.21,3.38,130.06
4870.0,81.17,948.6,251.95,240.0,1440.55,0,17.35,11.74,11.27,13.41,3.56,131.27
4875.0,81.25,953.74,253.32,240.0,1447.06,0,17.51,11.75,11.4,13.62,3.73,132.47
4880.0,81.33,958.86,254.67,240.0,1453.53,0,17.69,11.77,11.53,13.83,3.9,133.67
4885.0,81.42,963.94,256.02,240.0,1459.96,0,17.86,11.78,11.67,14.04,4.08,134.87
4890.0,81.5,968.98,257.36,240.0,1466.35,0,18.03,11.79,11.81,14.25,4.26,136.07
4895.0,81.58,974.0,258.7,240.0,1472.7,0,18.21,11.81,11.95,14.46,4.44,137.27
4900.0,81.67,978.99,260.02,240.0,1479.01,0,18.39,11.83,12.09,14.68,4.62,138.46
4905.0,81.75,983.94,261.34,240.0,1485.28,0,18.57,11.84,12.23,14.89,4.8,139.65
4910.0,81.83,988.87,262.65,240.0,1491.51,0,18.75,11.86,12.37,15.11,4.98,140.84
4915.0,81.92,993.76,263.94,240.0,1497.71,0,18.93,11.88,12.52,15.33,5.17,142.02
4920.0,82.0,998.62,265.24,240.0,1503.86,0,19.12,11.9,12.67,15.55,5.35,143.2
4925.0,82.08,1003.45,266.52,240.0,1509.97,0,19.31,11.92,12.82,15.77,5.54,144.38
4930.0,82.17,1008.24,267.79,240.0,1516.04,0,19.49,11.94,12.97,16.0,5.73,145.56
4935.0,82.25,1013.01,269.06,240.0,1522.07,0,19.68,11.97,13.12,16.22,5.92,146.73
4940.0,82.33,1017.74,270.31,240.0,1528.05,0,19.88,11.99,13.28,16.45,6.11,147.9
4945.0,82.42,1022.44,271.56,240.0,1534.0,0,20.07,12.02,13.44,16.67,6.31,149.07
4950.0,82.5,1027.1,272.8,240.0,1539.9,0,20.27,12.04,13.6,16.9,6.5,150.23
4955.0,82.58,1031.74,274.03,240.0,1545.77,0,20.46,12.07,13.76,17.13,6.7,151.39
4960.0,82.67,1036.34,275.25,240.0,1551.59,0,20.66,12.1,13.92,17.37,6.89,152.54
4965.0,82.75,1040.9,276.47,240.0,1557.37,0,20.86,12.13,14.08,17.6,7.09,153.7
4970.0,82.83,1045.43,277.67,240.0,1563.1,0,21.06,12.16,14.25,17.83,7.29,154.85
4975.0,82.92,1049.93,278.86,240.0,1568.8,0,21.27,12.19,14.41,18.07,7.49,155.99
4980.0,83.0,1054.4,280.05,240.0,1574.45,0,21.47,12.22,14.58,18.31,7.69,157.13
4985.0,83.08,1058.83,281.23,240.0,1580.06,0,21.68,12.26,14.75,18.54,7.9,158.27
4990.0,83.17,1063.23,282.4,240.0,1585.62,0,21.89,12.29,14.93,18.78,8.1,159.4
4995.0,83.25,1067.59,283.55,240.0,1591.15,0,22.1,12.33,15.1,19.02,8.3,160.53
5000.0,83.33,1071.92,284.7,240.0,1596.62,0,22.31,12.36,15.28,19.27,8.51,161.66
5005.0,83.42,1076.22,285.84,240.0,1602.06,0,22.52,12.4,15.45,19.51,8.72,162.78
5010.0,83.5,1080.48,286.98,240.0,1607.45,0,22.74,12.44,15.63,19.75,8.93,163.9
5015.0,83.58,1084.7,288.1,240.0,1612.8,0,22.95,12.48,15.81,20.0,9.14,165.01
5020.0,83.67,1088.89,289.21,240.0,1618.1,0,23.17,12.52,16.0,20.25,9.35,166.12
5025.0,83.75,1093.05,290.32,240.0,1623.36,0,23.39,12.56,16.18,20.49,9.56,167.22
5030.0,83.83,1097.17,291.41,240.0,1628.58,0,23.61,12.6,16.37,20.74,9.77,168.32
5035.0,83.92,1101.25,292.49,240.0,1633.75,0,23.83,12.65,16.55,20.99,9.99,169.42
5040.0,84.0,1105.3,293.57,240.0,1638.87,0,24.05,12.69,16.74,21.24,10.2,170.51
5045.0,84.08,1109.32,294.64,240.0,1643.96,0,24.28,12.74,16.93,21.49,10.42,171.59
5050.0,84.17,1113.3,295.69,240.0,1648.99,0,24.5,12.78,17.12,21.75,10.63,172.67
5055.0,84.25,1117.24,296.74,240.0,1653.98,0,24.73,12.83,17.31,22.0,10.85,173.75
5060.0,84.33,1121.15,297.78,240.0,1658.93,0,24.96,12.88,17.51,22.26,11.07,174.82
5065.0,84.42,1125.02,298.81,240.0,1663.83,0,25.19,12.93,17.71,22.51,11.29,175.89
5070.0,84.5,1128.86,299.83,240.0,1668.68,0,25.42,12.98,17.9,22.77,11.51,176.95
5075.0,84.58,1132.65,300.83,240.0,1673.49,0,25.65,13.03,18.1,23.03,11.73,178.0
5080.0,84.67,1136.42,301.83,240.0,1678.25,0,25.88,13.08,18.3,23.29,11.95,179.05
5085.0,84.75,1140.14,302.82,240.0,1682.97,0,26.12,13.14,18.5,23.54,12.18,180.1
5090.0,84.83,1143.83,303.8,240.0,1687.64,0,26.35,13.19,18.71,23.8,12.4,181.14
5095.0,84.92,1147.49,304.77,240.0,1692.26,0,26.59,13.25,18.91,24.07,12.62,182.18
5100.0,85.0,1151.1,305.73,240.0,1696.84,0,26.83,13.31,19.12,24.33,12.85,183.2
5105.0,85.08,1154.68,306.69,240.0,1701.37,0,27.07,13.36,19.33,24.59,13.08,184.23
5110.0,85.17,1158.22,307.63,240.0,1705.85,0,27.31,13.42,19.53,24.85,13.3,185.25
5115.0,85.25,1161.73,308.56,240.0,1710.29,0,27.55,13.48,19.74,25.12,13.53,186.26
5120.0,85.33,1165.2,309.48,240.0,1714.67,0,27.79,13.54,19.96,25.38,13.76,187.27
5125.0,85.42,1168.63,310.39,240.0,1719.02,0,28.03,13.61,20.17,25.65,13.99,188.27
5130.0,85.5,1172.02,311.29,240.0,1723.31,0,28.28,13.67,20.38,25.92,14.22,189.27
5135.0,85.58,1175.37,312.18,240.0,1727.56,0,28.52,13.73,20.6,26.18,14.45,190.26
5140.0,85.67,1178.69,313.06,240.0,1731.75,0,28.77,13.8,20.81,26.45,14.68,191.24
5145.0,85.75,1181.97,313.93,240.0,1735.9,0,29.02,13.86,21.03,26.72,14.91,192.22
5150.0,85.83,1185.21,314.79,240.0,1740.01,0,29.27,13.93,21.25,26.99,15.14,193.19
5155.0,85.92,1188.42,315.65,240.0,1744.06,0,29.52,14.0,21.47,27.26,15.37,194.16
5160.0,86.0,1191.58,316.49,240.0,1748.07,0,29.77,14.07,21.69,27.53,15.61,195.12
5165.0,86.08,1194.71,317.32,240.0,1752.03,0,30.02,14.14,21.92,27.8,15.84,196.08
5170.0,86.17,1197.8,318.14,240.0,1755.93,0,30.27,14.21,22.14,28.07,16.08,197.03
5175.0,86.25,1200.85,318.95,240.0,1759.8,0,30.53,14.28,22.36,28.35,16.31,197.97
5180.0,86.33,1203.86,319.75,240.0,1763.61,0,30.78,14.36,22.59,28.62,16.55,198.91
5185.0,86.42,1206.83,320.54,240.0,1767.37,0,31.04,14.43,22.82,28.89,16.78,199.84
5190.0,86.5,1209.77,321.32,240.0,1771.08,0,31.29,14.5,23.05,29.17,17.02,200.76
5195.0,86.58,1212.66,322.09,240.0,1774.75,0,31.55,14.58,23.28,29.44,17.26,201.68
5200.0,86.67,1215.52,322.84,240.0,1778.36,0,31.81,14.66,23.51,29.72,17.5,202.59
5205.0,86.75,1218.34,323.59,240.0,1781.93,0,32.07,14.74,23.74,29.99,17.73,203.5
5210.0,86.83,1221.12,324.33,240.0,1785.45,0,32.32,14.81,23.97,30.27,17.97,204.4
5215.0,86.92,1223.85,325.06,240.0,1788.91,0,32.58,14.89,24.21,30.54,18.21,205.29
5220.0,87.0,1226.55,325.78,240.0,1792.33,0,32.85,14.98,24.44,30.82,18.45,206.18
5225.0,87.08,1229.22,326.48,240.0,1795.7,0,33.11,15.06,24.68,31.1,18.69,207.06
5230.0,87.17,1231.84,327.18,240.0,1799.01,0,33.37,15.14,24.91,31.37,18.93,207.93
5235.0,87.25,1234.42,327.86,240.0,1802.28,0,33.63,15.22,25.15,31.65,19.17,208.8
5240.0,87.33,1236.96,328.54,240.0,1805.5,0,33.9,15.31,25.39,31.93,19.41,209.66
5245.0,87.42,1239.46,329.2,240.0,1808.67,0,34.16,15.39,25.63,32.21,19.65,210.52
5250.0,87.5,1241.93,329.86,240.0,1811.78,0,34.43,15.48,25.87,32.48,19.89,211.36
5255.0,87.58,1244.35,330.5,240.0,1814.85,0,34.69,15.57,26.11,32.76,20.13,212.21
5260.0,87.67,1246.73,331.13,240.0,1817.86,0,34.96,15.66,26.35,33.04,20.38,213.04
5265.0,87.75,1249.07,331.76,240.0,1820.83,0,35.22,15.75,26.6,33.32,20.62,213.87
5270.0,87.83,1251.38,332.37,240.0,1823.74,0,35.49,15.84,26.84,33.6,20.86,214.69
5275.0,87.92,1253.64,332.97,240.0,1826.61,0,35.76,15.93,27.09,33.88,21.1,215.51
5280.0,88.0,1255.86,333.56,240.0,1829.42,0,36.03,16.02,27.33,34.16,21.34,216.31
5285.0,88.08,1258.04,334.14,240.0,1832.18,0,36.3,16.11,27.58,34.44,21.59,217.12
5290.0,88.17,1260.18,334.71,240.0,1834.89,0,36.57,16.21,27.83,34.72,21.83,217.91
5295.0,88.25,1262.28,335.27,240.0,1837.55,0,36.84,16.3,28.08,35.0,22.07,218.7
5300.0,88.33,1264.35,335.81,240.0,1840.16,0,37.11,16.4,28.32,35.28,22.32,219.48
5305.0,88.42,1266.37,336.35,240.0,1842.71,0,37.38,16.5,28.57,35.56,22.56,220.25
5310.0,88.5,1268.34,336.87,240.0,1845.22,0,37.65,16.59,28.82,35.84,22.8,221.02
5315.0,88.58,1270.28,337.39,240.0,1847.67,0,37.92,16.69,29.08,36.12,23.05,221.78
5320.0,88.67,1272.18,337.89,240.0,1850.07,0,38.19,16.79,29.33,36.4,23.29,222.54
5325.0,88.75,1274.04,338.39,240.0,1852.42,0,38.46,16.89,29.58,36.68,23.53,223.28
5330.0,88.83,1275.85,338.87,240.0,1854.72,0,38.74,16.99,29.83,36.96,23.78,224.03
5335.0,88.92,1277.63,339.34,240.0,1856.97,0,39.01,17.1,30.09,37.24,24.02,224.76
5340.0,89.0,1279.36,339.8,240.0,1859.16,0,39.28,17.2,30.34,37.52,24.26,225.49
5345.0,89.08,1281.06,340.25,240.0,1861.31,0,39.56,17.3,30.6,37.8,24.51,226.2
5350.0,89.17,1282.71,340.69,240.0,1863.4,0,39.83,17.41,30.85,38.08,24.75,226.92
5355.0,89.25,1284.32,341.12,240.0,1865.44,0,40.1,17.51,31.11,38.36,24.99,227.62
5360.0,89.33,1285.89,341.53,240.0,1867.42,0,40.38,17.62,31.37,38.64,25.24,228.32
5365.0,89.42,1287.42,341.94,240.0,1869.36,0,40.65,17.73,31.62,38.92,25.48,229.01
5370.0,89.5,1288.9,342.33,240.0,1871.24,0,40.93,17.84,31.88,39.2,25.72,229.7
5375.0,89.58,1290.35,342.72,240.0,1873.07,0,41.2,17.95,32.14,39.48,25.97,230.38
5380.0,89.67,1291.75,343.09,240.0,1874.84,0,41.48,18.06,32.4,39.76,26.21,231.05
5385.0,89.75,1293.12,343.45,240.0,1876.57,0,41.75,18.17,32.66,40.04,26.45,231.71
5390.0,89.83,1294.44,343.8,240.0,1878.24,0,42.03,18.28,32.92,40.32,26.7,232.37
5395.0,89.92,1295.72,344.14,240.0,1879.86,0,42.31,18.39,33.18,40.6,26.94,233.02
5400.0,90.0,1296.95,344.47,240.0,1881.43,0,42.58,18.5,33.44,40.88,27.18,233.66
5405.0,90.08,1298.15,344.79,240.0,1882.94,0,42.86,18.62,33.7,41.16,27.42,234.3
5410.0,90.17,1299.31,345.1,240.0,1884.4,0,43.13,18.73,33.96,41.44,27.66,234.93
5415.0,90.25,1300.42,345.39,240.0,1885.81,0,43.41,18.85,34.22,41.72,27.91,235.55
5420.0,90.33,1301.49,345.68,240.0,1887.17,0,43.69,18.96,34.49,41.99,28.15,236.17
5425.0,90.42,1302.52,345.95,240.0,1888.47,0,43.96,19.08,34.75,42.27,28.39,236.78
5430.0,90.5,1303.51,346.21,240.0,1889.72,0,44.24,19.2,35.01,42.55,28.63,237.38
5435.0,90.58,1304.45,346.46,240.0,1890.92,0,44.51,19.32,35.28,42.83,28.87,237.97
5440.0,90.67,1305.36,346.7,240.0,1892.06,0,44.79,19.44,35.54,43.1,29.11,238.56
5445.0,90.75,1306.22,346.93,240.0,1893.15,0,45.07,19.56,35.8,43.38,29.35,239.14
5450.0,90.83,1307.04,347.15,240.0,1894.19,0,45.34,19.68,36.07,43.65,29.59,239.71
5455.0,90.92,1307.82,347.36,240.0,1895.17,0,45.62,19.8,36.33,43.93,29.83,240.28
5460.0,91.0,1308.55,347.55,240.0,1896.11,0,45.89,19.92,36.6,44.2,30.07,240.84
5465.0,91.08,1309.25,347.74,240.0,1896.98,0,46.17,20.05,36.86,44.48,30.31,241.39
5470.0,91.17,1309.9,347.91,240.0,1897.81,0,46.45,20.17,37.13,44.75,30.55,241.93
5475.0,91.25,1310.51,348.07,240.0,1898.58,0,46.72,20.3,37.39,45.03,30.79,242.47
5480.0,91.33,1311.08,348.22,240.0,1899.3,0,47.0,20.42,37.66,45.3,31.02,243.0
5485.0,91.42,1311.6,348.36,240.0,1899.97,0,47.27,20.55,37.92,45.57,31.26,243.53
5490.0,91.5,1312.09,348.49,240.0,1900.58,0,47.55,20.68,38.19,45.85,31.5,244.04
5495.0,91.58,1312.53,348.61,240.0,1901.14,0,47.82,20.8,38.46,46.12,31.73,244.55
5500.0,91.67,1312.93,348.72,240.0,1901.64,0,48.1,20.93,38.72,46.39,31.97,245.05
5505.0,91.75,1313.28,348.81,240.0,1902.09,0,48.37,21.06,38.99,46.66,32.21,245.55
5510.0,91.83,1313.6,348.89,240.0,1902.49,0,48.64,21.19,39.25,46.93,32.44,246.04
5515.0,91.92,1313.87,348.97,240.0,1902.84,0,48.92,21.32,39.52,47.2,32.68,246.52
5520.0,92.0,1314.1,349.03,240.0,1903.13,0,49.19,21.45,39.79,47.47,32.91,247.0
5525.0,92.08,1314.29,349.08,240.0,1903.37,0,49.47,21.58,40.05,47.74,33.14,247.46
5530.0,92.17,1314.44,349.12,240.0,1903.56,0,49.74,21.72,40.32,48.0,33.38,247.92
5535.0,92.25,1314.54,349.14,240.0,1903.69,0,50.01,21.85,40.59,48.27,33.61,248.38
5540.0,92.33,1314.61,349.16,240.0,1903.77,0,50.28,21.98,40.85,48.54,33.84,248.82
5545.0,92.42,1314.63,349.17,240.0,1903.79,0,50.56,22.12,41.12,48.8,34.07,249.26
5550.0,92.5,1314.6,349.16,240.0,1903.76,0,50.83,22.25,41.38,49.07,34.3,249.7
5555.0,92.58,1314.54,349.14,240.0,1903.68,0,51.1,22.39,41.65,49.33,34.53,250.12
5560.0,92.67,1314.43,349.12,240.0,1903.55,0,51.37,22.53,41.92,49.6,34.76,250.54
5565.0,92.75,1314.28,349.08,240.0,1903.36,0,51.64,22.66,42.18,49.86,34.99,250.95
5570.0,92.83,1314.09,349.02,240.0,1903.12,0,51.91,22.8,42.45,50.13,35.22,251.36
5575.0,92.92,1313.86,348.96,240.0,1902.82,0,52.18,22.94,42.71,50.39,35.45,251.76
5580.0,93.0,1313.58,348.89,240.0,1902.47,0,52.45,23.08,42.98,50.65,35.68,252.15
5585.0,93.08,1313.27,348.81,240.0,1902.07,0,52.72,23.22,43.25,50.91,35.91,252.53
5590.0,93.17,1312.91,348.71,240.0,1901.62,0,52.99,23.36,43.51,51.17,36.13,252.91
5595.0,93.25,1312.5,348.6,240.0,1901.11,0,53.25,23.5,43.78,51.43,36.36,253.28
5600.0,93.33,1312.06,348.49,240.0,1900.54,0,53.52,23.64,44.04,51.69,36.58,253.64
5605.0,93.42,1311.57,348.36,240.0,1899.93,0,53.79,23.78,44.31,51.94,36.81,254.0
5610.0,93.5,1311.05,348.22,240.0,1899.26,0,54.05,23.92,44.57,52.2,37.03,254.35
5615.0,93.58,1310.47,348.06,240.0,1898.54,0,54.32,24.07,44.83,52.46,37.25,254.69
5620.0,93.67,1309.86,347.9,240.0,1897.76,0,54.59,24.21,45.1,52.71,37.48,255.03
5625.0,93.75,1309.21,347.73,240.0,1896.94,0,54.85,24.35,45.36,52.97,37.7,255.35
5630.0,93.83,1308.51,347.54,240.0,1896.05,0,55.11,24.5,45.63,53.22,37.92,255.68
5635.0,93.92,1307.77,347.35,240.0,1895.12,0,55.38,24.64,45.89,53.47,38.14,255.99
5640.0,94.0,1306.99,347.14,240.0,1894.13,0,55.64,24.79,46.15,53.72,38.36,256.3
5645.0,94.08,1306.17,346.92,240.0,1893.09,0,55.9,24.93,46.41,53.98,38.58,256.6
5650.0,94.17,1305.31,346.69,240.0,1892.0,0,56.16,25.08,46.68,54.23,38.79,256.9
5655.0,94.25,1304.4,346.45,240.0,1890.85,0,56.43,25.23,46.94,54.47,39.01,257.18
5660.0,94.33,1303.45,346.2,240.0,1889.65,0,56.69,25.38,47.2,54.72,39.23,257.47
5665.0,94.42,1302.46,345.94,240.0,1888.4,0,56.95,25.52,47.46,54.97,39.44,257.74
5670.0,94.5,1301.43,345.66,240.0,1887.09,0,57.21,25.67,47.72,55.22,39.66,258.01
5675.0,94.58,1300.36,345.38,240.0,1885.73,0,57.46,25.82,47.98,55.46,39.87,258.27
5680.0,94.67,1299.24,345.08,240.0,1884.32,0,57.72,25.97,48.24,55.71,40.09,258.52
5685.0,94.75,1298.08,344.77,240.0,1882.86,0,57.98,26.12,48.5,55.95,40.3,258.77
5690.0,94.83,1296.88,344.45,240.0,1881.34,0,58.23,26.27,48.76,56.19,40.51,259.01
5695.0,94.92,1295.64,344.13,240.0,1879.77,0,58.49,26.42,49.02,56.44,40.72,259.24
5700.0,95.0,1294.36,343.78,240.0,1878.15,0,58.74,26.57,49.28,56.68,40.93,259.47
5705.0,95.08,1293.04,343.43,240.0,1876.47,0,59.0,26.72,49.54,56.92,41.14,259.69
5710.0,95.17,1291.67,343.07,240.0,1874.75,0,59.25,26.88,49.79,57.16,41.35,259.9
5715.0,95.25,1290.27,342.7,240.0,1872.97,0,59.5,27.03,50.05,57.39,41.56,260.11
5720.0,95.33,1288.82,342.31,240.0,1871.13,0,59.76,27.18,50.31,57.63,41.76,260.31
5725.0,95.42,1287.33,341.92,240.0,1869.25,0,60.01,27.33,50.56,57.87,41.97,260.5
5730.0,95.5,1285.8,341.51,240.0,1867.31,0,60.26,27.49,50.82,58.1,42.17,260.69
5735.0,95.58,1284.23,341.09,240.0,1865.32,0,60.51,27.64,51.07,58.33,42.38,260.87
5740.0,95.67,1282.62,340.66,240.0,1863.28,0,60.75,27.8,51.33,58.57,42.58,261.04
5745.0,95.75,1280.96,340.23,240.0,1861.19,0,61.0,27.95,51.58,58.8,42.78,261.21
5750.0,95.83,1279.27,339.78,240.0,1859.04,0,61.25,28.11,51.83,59.03,42.98,261.37
5755.0,95.92,1277.53,339.31,240.0,1856.84,0,61.5,28.26,52.09,59.26,43.18,261.52
5760.0,96.0,1275.75,338.84,240.0,1854.59,0,61.74,28.42,52.34,59.49,43.38,261.67
5765.0,96.08,1273.93,338.36,240.0,1852.29,0,61.98,28.57,52.59,59.71,43.58,261.81
5770.0,96.17,1272.07,337.87,240.0,1849.94,0,62.23,28.73,52.84,59.94,43.78,261.94
5775.0,96.25,1270.17,337.36,240.0,1847.53,0,62.47,28.89,53.09,60.17,43.97,262.07
5780.0,96.33,1268.23,336.84,240.0,1845.08,0,62.71,29.04,53.34,60.39,44.17,262.19
5785.0,96.42,1266.25,336.32,240.0,1842.57,0,62.95,29.2,53.59,60.61,44.36,262.31
5790.0,96.5,1264.23,335.78,240.0,1840.01,0,63.19,29.36,53.84,60.84,44.56,262.41
5795.0,96.58,1262.17,335.23,240.0,1837.4,0,63.43,29.52,54.08,61.06,44.75,262.51
5800.0,96.67,1260.06,334.67,240.0,1834.74,0,63.67,29.68,54.33,61.28,44.94,262.61
5805.0,96.75,1257.92,334.11,240.0,1832.03,0,63.9,29.83,54.57,61.49,45.13,262.7
5810.0,96.83,1255.74,333.53,240.0,1829.26,0,64.14,29.99,54.82,61.71,45.32,262.78
5815.0,96.92,1253.51,332.93,240.0,1826.45,0,64.37,30.15,55.06,61.93,45.51,262.85
5820.0,97.0,1251.25,332.33,240.0,1823.58,0,64.61,30.31,55.31,62.14,45.7,262.92
5825.0,97.08,1248.94,331.72,240.0,1820.66,0,64.84,30.47,55.55,62.36,45.89,262.98
5830.0,97.17,1246.6,331.1,240.0,1817.69,0,65.07,30.63,55.79,62.57,46.07,263.04
5835.0,97.25,1244.21,330.46,240.0,1814.68,0,65.3,30.79,56.03,62.78,46.26,263.09
5840.0,97.33,1241.79,329.82,240.0,1811.61,0,65.53,30.95,56.27,62.99,46.44,263.13
5845.0,97.42,1239.32,329.17,240.0,1808.49,0,65.76,31.11,56.51,63.2,46.62,263.16
5850.0,97.5,1236.82,328.5,240.0,1805.32,0,65.99,31.27,56.75,63.41,46.8,263.19
5855.0,97.58,1234.27,327.83,240.0,1802.1,0,66.22,31.43,56.99,63.61,46.98,263.22
5860.0,97.67,1231.69,327.14,240.0,1798.83,0,66.44,31.59,57.23,63.82,47.16,263.23
5865.0,97.75,1229.07,326.44,240.0,1795.51,0,66.67,31.76,57.46,64.02,47.34,263.24
5870.0,97.83,1226.4,325.73,240.0,1792.14,0,66.89,31.92,57.7,64.22,47.52,263.25
5875.0,97.92,1223.7,325.02,240.0,1788.72,0,67.11,32.08,57.93,64.42,47.7,263.25
5880.0,98.0,1220.96,324.29,240.0,1785.25,0,67.33,32.24,58.17,64.63,47.87,263.24
5885.0,98.08,1218.18,323.55,240.0,1781.73,0,67.55,32.4,58.4,64.82,48.05,263.22
5890.0,98.17,1215.36,322.8,240.0,1778.16,0,67.77,32.57,58.63,65.02,48.22,263.2
5895.0,98.25,1212.5,322.04,240.0,1774.54,0,67.99,32.73,58.86,65.22,48.39,263.17
5900.0,98.33,1209.6,321.27,240.0,1770.87,0,68.21,32.89,59.09,65.41,48.56,263.14
5905.0,98.42,1206.67,320.49,240.0,1767.16,0,68.42,33.05,59.32,65.61,48.73,263.1
5910.0,98.5,1203.69,319.7,240.0,1763.39,0,68.64,33.22,59.55,65.8,48.9,263.05
5915.0,98.58,1200.68,318.9,240.0,1759.58,0,68.85,33.38,59.78,65.99,49.07,263.0
5920.0,98.67,1197.62,318.09,240.0,1755.71,0,69.06,33.54,60.01,66.18,49.23,262.94
5925.0,98.75,1194.53,317.27,240.0,1751.8,0,69.27,33.71,60.23,66.37,49.4,262.87
5930.0,98.83,1191.4,316.44,240.0,1747.84,0,69.48,33.87,60.46,66.56,49.56,262.8
5935.0,98.92,1188.24,315.6,240.0,1743.83,0,69.69,34.03,60.68,66.74,49.73,262.72
5940.0,99.0,1185.03,314.75,240.0,1739.78,0,69.9,34.2,60.9,66.93,49.89,262.64
5945.0,99.08,1181.79,313.88,240.0,1735.67,0,70.1,34.36,61.12,67.11,50.05,262.55
5950.0,99.17,1178.5,313.01,240.0,1731.52,0,70.31,34.52,61.35,67.29,50.21,262.45
5955.0,99.25,1175.18,312.13,240.0,1727.32,0,70.51,34.69,61.56,67.47,50.37,262.35
5960.0,99.33,1171.83,311.24,240.0,1723.07,0,70.72,34.85,61.78,67.65,50.53,262.24
5965.0,99.42,1168.43,310.34,240.0,1718.77,0,70.92,35.01,62.0,67.83,50.68,262.12
5970.0,99.5,1165.0,309.43,240.0,1714.43,0,71.12,35.18,62.22,68.0,50.84,262.0
5975.0,99.58,1161.53,308.5,240.0,1710.04,0,71.32,35.34,62.43,68.18,50.99,261.87
5980.0,99.67,1158.02,307.57,240.0,1705.6,0,71.51,35.51,62.65,68.35,51.14,261.74
5985.0,99.75,1154.48,306.63,240.0,1701.11,0,71.71,35.67,62.86,68.53,51.3,261.6
5990.0,99.83,1150.9,305.68,240.0,1696.58,0,71.9,35.83,63.07,68.7,51.45,261.45
5995.0,99.92,1147.28,304.72,240.0,1692.0,0,72.1,36.0,63.28,68.87,51.6,261.3
6000.0,100.0,1143.63,303.75,240.0,1687.37,0,72.29,36.16,63.49,69.03,51.74,261.14
6005.0,100.08,1139.93,302.77,240.0,1682.7,0,72.48,36.33,63.7,69.2,51.89,260.97
6010.0,100.17,1136.2,301.78,240.0,1677.98,0,72.67,36.49,63.91,69.37,52.04,260.8
6015.0,100.25,1132.44,300.78,240.0,1673.22,0,72.86,36.65,64.12,69.53,52.18,260.63
6020.0,100.33,1128.64,299.77,240.0,1668.41,0,73.05,36.82,64.32,69.69,52.32,260.44
6025.0,100.42,1124.8,298.75,240.0,1663.55,0,73.23,36.98,64.53,69.85,52.47,260.25
6030.0,100.5,1120.93,297.72,240.0,1658.65,0,73.42,37.15,64.73,70.01,52.61,260.06
6035.0,100.58,1117.02,296.68,240.0,1653.7,0,73.6,37.31,64.94,70.17,52.75,259.86
6040.0,100.67,1113.07,295.63,240.0,1648.71,0,73.79,37.47,65.14,70.33,52.89,259.65
6045.0,100.75,1109.09,294.58,240.0,1643.67,0,73.97,37.64,65.34,70.48,53.02,259.43
6050.0,100.83,1105.08,293.51,240.0,1638.59,0,74.15,37.8,65.54,70.64,53.16,259.21
6055.0,100.92,1101.02,292.43,240.0,1633.46,0,74.32,37.96,65.73,70.79,53.29,258.99
6060.0,101.0,1096.94,291.35,240.0,1628.28,0,74.5,38.13,65.93,70.94,53.43,258.76
6065.0,101.08,1092.81,290.25,240.0,1623.07,0,74.68,38.29,66.13,71.09,53.56,258.52
6070.0,101.17,1088.66,289.15,240.0,1617.8,0,74.85,38.45,66.32,71.24,53.69,258.27
6075.0,101.25,1084.46,288.04,240.0,1612.5,0,75.02,38.62,66.51,71.38,53.82,258.02
6080.0,101.33,1080.23,286.91,240.0,1607.15,0,75.19,38.78,66.7,71.53,53.95,257.77
6085.0,101.42,1075.97,285.78,240.0,1601.75,0,75.36,38.94,66.9,71.67,54.08,257.51
6090.0,101.5,1071.68,284.64,240.0,1596.31,0,75.53,39.11,67.08,71.81,54.2,257.24
6095.0,101.58,1067.34,283.49,240.0,1590.83,0,75.7,39.27,67.27,71.95,54.33,256.96
6100.0,101.67,1062.98,282.33,240.0,1585.31,0,75.87,39.43,67.46,72.09,54.45,256.68
6105.0,101.75,1058.58,281.16,240.0,1579.74,0,76.03,39.59,67.65,72.23,54.58,256.4
6110.0,101.83,1054.15,279.98,240.0,1574.13,0,76.19,39.76,67.83,72.36,54.7,256.11
6115.0,101.92,1049.68,278.8,240.0,1568.48,0,76.36,39.92,68.01,72.5,54.82,255.81
6120.0,102.0,1045.18,277.6,240.0,1562.78,0,76.52,40.08,68.2,72.63,54.94,255.5
6125.0,102.08,1040.64,276.4,240.0,1557.04,0,76.67,40.24,68.38,72.76,55.05,255.19
6130.0,102.17,1036.08,275.18,240.0,1551.26,0,76.83,40.4,68.56,72.89,55.17,254.88
6135.0,102.25,1031.47,273.96,240.0,1545.43,0,76.99,40.56,68.73,73.02,55.28,254.55
6140.0,102.33,1026.84,272.73,240.0,1539.57,0,77.14,40.73,68.91,73.15,55.4,254.23
6145.0,102.42,1022.17,271.49,240.0,1533.66,0,77.3,40.89,69.09,73.27,55.51,253.89
6150.0,102.5,1017.47,270.24,240.0,1527.71,0,77.45,41.05,69.26,73.4,55.62,253.55
6155.0,102.58,1012.74,268.99,240.0,1521.72,0,77.6,41.21,69.43,73.52,55.73,253.21
6160.0,102.67,1007.97,267.72,240.0,1515.69,0,77.75,41.37,69.61,73.64,55.84,252.86
6165.0,102.75,1003.18,266.45,240.0,1509.62,0,77.89,41.53,69.78,73.76,55.95,252.5
6170.0,102.83,998.35,265.16,240.0,1503.51,0,78.04,41.69,69.95,73.88,56.05,252.14
6175.0,102.92,993.48,263.87,240.0,1497.36,0,78.19,41.85,70.11,73.99,56.16,251.77
6180.0,103.0,988.59,262.57,240.0,1491.16,0,78.33,42.01,70.28,74.11,56.26,251.39
6185.0,103.08,983.66,261.26,240.0,1484.93,0,78.47,42.17,70.45,74.22,56.36,251.01
6190.0,103.17,978.71,259.95,240.0,1478.65,0,78.61,42.33,70.61,74.33,56.46,250.62
6195.0,103.25,973.72,258.62,240.0,1472.34,0,78.75,42.48,70.77,74.44,56.56,250.23
6200.0,103.33,968.7,257.29,240.0,1465.99,0,78.89,42.64,70.93,74.55,56.66,249.83
6205.0,103.42,963.65,255.95,240.0,1459.59,0,79.02,42.8,71.09,74.66,56.76,249.43
6210.0,103.5,958.57,254.6,240.0,1453.16,0,79.16,42.96,71.25,74.76,56.85,249.02
6215.0,103.58,953.45,253.24,240.0,1446.69,0,79.29,43.12,71.41,74.87,56.95,248.6
6220.0,103.67,948.31,251.87,240.0,1440.18,0,79.42,43.27,71.56,74.97,57.04,248.18
6225.0,103.75,943.14,250.5,240.0,1433.64,0,79.55,43.43,71.72,75.07,57.13,247.75
6230.0,103.83,937.93,249.12,240.0,1427.05,0,79.68,43.59,71.87,75.17,57.22,247.32
6235.0,103.92,932.7,247.73,240.0,1420.43,0,79.8,43.74,72.02,75.26,57.31,246.88
6240.0,104.0,927.43,246.33,240.0,1413.76,0,79.93,43.9,72.17,75.36,57.4,246.43
6245.0,104.08,922.14,244.92,240.0,1407.06,0,80.05,44.06,72.32,75.45,57.49,245.98
6250.0,104.17,916.82,243.51,240.0,1400.33,0,80.18,44.21,72.47,75.55,57.57,245.52
6255.0,104.25,911.46,242.09,240.0,1393.55,0,80.3,44.37,72.62,75.64,57.66,245.06
6260.0,104.33,906.08,240.66,240.0,1386.74,0,80.42,44.52,72.76,75.73,57.74,244.59
6265.0,104.42,900.67,239.22,240.0,1379.89,0,80.53,44.67,72.9,75.81,57.82,244.12
6270.0,104.5,895.23,237.77,240.0,1373.01,0,80.65,44.83,73.05,75.9,57.9,243.64
6275.0,104.58,889.76,236.32,240.0,1366.09,0,80.76,44.98,73.19,75.98,57.98,243.15
6280.0,104.67,884.27,234.86,240.0,1359.13,0,80.88,45.14,73.33,76.07,58.06,242.66
6285.0,104.75,878.74,233.39,240.0,1352.13,0,80.99,45.29,73.46,76.15,58.13,242.16
6290.0,104.83,873.19,231.92,240.0,1345.11,0,81.1,45.44,73.6,76.23,58.21,241.66
6295.0,104.92,867.6,230.44,240.0,1338.04,0,81.21,45.59,73.73,76.31,58.28,241.15
6300.0,105.0,861.99,228.95,240.0,1330.94,0,81.31,45.74,73.87,76.38,58.35,240.63
6305.0,105.08,856.36,227.45,240.0,1323.81,0,81.42,45.9,74.0,76.46,58.42,240.11
6310.0,105.17,850.69,225.95,240.0,1316.64,0,81.52,46.05,74.13,76.53,58.49,239.59
6315.0,105.25,845.0,224.43,240.0,1309.43,0,81.62,46.2,74.26,76.6,58.56,239.05
6320.0,105.33,839.28,222.91,240.0,1302.19,0,81.73,46.35,74.39,76.67,58.63,238.52
6325.0,105.42,833.53,221.39,240.0,1294.92,0,81.82,46.5,74.51,76.74,58.69,237.97
6330.0,105.5,827.76,219.85,240.0,1287.61,0,81.92,46.65,74.64,76.81,58.75,237.42
6335.0,105.58,821.96,218.31,240.0,1280.27,0,82.02,46.79,74.76,76.87,58.82,236.87
6340.0,105.67,816.13,216.77,240.0,1272.9,0,82.11,46.94,74.88,76.93,58.88,236.31
6345.0,105.75,810.28,215.21,240.0,1265.49,0,82.2,47.09,75.0,77.0,58.94,235.74
6350.0,105.83,804.4,213.65,240.0,1258.05,0,82.3,47.24,75.12,77.06,59.0,235.17
6355.0,105.92,798.5,212.08,240.0,1250.58,0,82.39,47.38,75.24,77.11,59.05,234.59
6360.0,106.0,792.57,210.51,240.0,1243.08,0,82.47,47.53,75.35,77.17,59.11,234.01
6365.0,106.08,786.61,208.93,240.0,1235.54,0,82.56,47.68,75.47,77.22,59.16,233.42
6370.0,106.17,780.63,207.34,240.0,1227.97,0,82.64,47.82,75.58,77.28,59.22,232.82
6375.0,106.25,774.63,205.74,240.0,1220.37,0,82.73,47.97,75.69,77.33,59.27,232.22
6380.0,106.33,768.6,204.14,240.0,1212.74,0,82.81,48.11,75.8,77.38,59.32,231.61
6385.0,106.42,762.54,202.53,240.0,1205.08,0,82.89,48.26,75.91,77.43,59.37,231.0
6390.0,106.5,756.46,200.92,240.0,1197.38,0,82.97,48.4,76.01,77.47,59.41,230.38
6395.0,106.58,750.36,199.3,240.0,1189.66,0,83.04,48.54,76.12,77.52,59.46,229.76
6400.0,106.67,744.23,197.67,240.0,1181.9,0,83.12,48.69,76.22,77.56,59.51,229.13
6405.0,106.75,738.08,196.04,240.0,1174.12,0,83.19,48.83,76.32,77.6,59.55,228.5
6410.0,106.83,731.9,194.4,240.0,1166.3,0,83.26,48.97,76.42,77.64,59.59,227.86
6415.0,106.92,725.71,192.75,240.0,1158.45,0,83.34,49.11,76.52,77.68,59.63,227.21
6420.0,107.0,719.48,191.1,240.0,1150.58,0,83.4,49.25,76.62,77.72,59.67,226.56
6425.0,107.08,713.24,189.44,240.0,1142.68,0,83.47,49.39,76.72,77.75,59.71,225.9
6430.0,107.17,706.97,187.77,240.0,1134.74,0,83.54,49.53,76.81,77.79,59.74,225.24
6435.0,107.25,700.68,186.1,240.0,1126.78,0,83.6,49.67,76.9,77.82,59.78,224.57
6440.0,107.33,694.37,184.42,240.0,1118.79,0,83.66,49.81,77.0,77.85,59.81,223.89
6445.0,107.42,688.03,182.74,240.0,1110.77,0,83.72,49.94,77.08,77.88,59.85,223.21
6450.0,107.5,681.67,181.05,240.0,1102.72,0,83.78,50.08,77.17,77.9,59.88,222.53
6455.0,107.58,675.29,179.36,240.0,1094.65,0,83.84,50.22,77.26,77.93,59.91,221.84
6460.0,107.67,668.89,177.66,240.0,1086.55,0,83.89,50.35,77.34,77.95,59.93,221.14
6465.0,107.75,662.47,175.95,240.0,1078.42,0,83.95,50.49,77.43,77.97,59.96,220.44
6470.0,107.83,656.02,174.24,240.0,1070.26,0,84.0,50.62,77.51,77.99,59.99,219.73
6475.0,107.92,649.56,172.52,240.0,1062.08,0,84.05,50.76,77.59,78.01,60.01,219.01
6480.0,108.0,643.07,170.8,240.0,1053.87,0,84.1,50.89,77.67,78.02,60.03,218.29
6485.0,108.08,636.57,169.07,240.0,1045.64,0,84.15,51.02,77.75,78.04,60.05,217.57
6490.0,108.17,630.04,167.34,240.0,1037.38,0,84.19,51.16,77.82,78.05,60.07,216.84
6495.0,108.25,623.49,165.6,240.0,1029.09,0,84.24,51.29,77.9,78.06,60.09,216.1
6500.0,108.33,616.92,163.86,240.0,1020.78,0,84.28,51.42,77.97,78.07,60.11,215.36
6505.0,108.42,610.34,162.11,240.0,1012.44,0,84.32,51.55,78.04,78.08,60.12,214.61
6510.0,108.5,603.73,160.35,240.0,1004.08,0,84.36,51.68,78.11,78.09,60.14,213.86
6515.0,108.58,597.1,158.59,240.0,995.7,0,84.4,51.81,78.18,78.09,60.15,213.1
6520.0,108.67,590.46,156.83,240.0,987.29,0,84.43,51.94,78.24,78.09,60.16,212.34
6525.0,108.75,583.79,155.06,240.0,978.85,0,84.47,52.06,78.31,78.09,60.17,211.57
6530.0,108.83,577.11,153.28,240.0,970.39,0,84.5,52.19,78.37,78.09,60.18,210.79
6535.0,108.92,570.41,151.5,240.0,961.91,0,84.53,52.32,78.43,78.09,60.19,210.01
6540.0,109.0,563.69,149.72,240.0,953.41,0,84.56,52.44,78.49,78.08,60.19,209.22
6545.0,109.08,556.95,147.93,240.0,944.88,0,84.58,52.57,78.55,78.08,60.2,208.43
6550.0,109.17,550.2,146.13,240.0,936.33,0,84.61,52.69,78.6,78.07,60.2,207.63
6555.0,109.25,543.42,144.33,240.0,927.76,0,84.63,52.82,78.66,78.06,60.2,206.83
6560.0,109.33,536.63,142.53,240.0,919.16,0,84.66,52.94,78.71,78.05,60.2,206.02
6565.0,109.42,529.82,140.72,240.0,910.55,0,84.68,53.06,78.76,78.04,60.2,205.21
6570.0,109.5,523.0,138.91,240.0,901.91,0,84.7,53.18,78.81,78.02,60.2,204.39
6575.0,109.58,516.16,137.09,240.0,893.25,0,84.71,53.3,78.86,78.0,60.19,203.56
6580.0,109.67,509.3,135.27,240.0,884.57,0,84.73,53.42,78.91,77.99,60.19,202.73
6585.0,109.75,502.42,133.44,240.0,875.87,0,84.74,53.54,78.95,77.97,60.18,201.89
6590.0,109.83,495.53,131.61,240.0,867.15,0,84.75,53.66,79.0,77.94,60.17,201.05
6595.0,109.92,488.63,129.78,240.0,858.41,0,84.76,53.78,79.04,77.92,60.16,200.2
6600.0,110.0,481.7,127.94,240.0,849.64,0,84.77,53.9,79.08,77.89,60.15,199.35
6605.0,110.08,474.76,126.1,240.0,840.86,0,84.78,54.02,79.12,77.87,60.14,198.49
6610.0,110.17,467.81,124.25,240.0,832.06,0,84.79,54.13,79.15,77.84,60.12,197.63
6615.0,110.25,460.84,122.4,240.0,823.24,0,84.79,54.25,79.19,77.81,60.11,196.76
6620.0,110.33,453.86,120.55,240.0,814.41,0,84.79,54.36,79.22,77.78,60.09,195.88
6625.0,110.42,446.86,118.69,240.0,805.55,0,84.79,54.47,79.25,77.74,60.07,195.0
6630.0,110.5,439.85,116.83,240.0,796.68,0,84.79,54.59,79.28,77.71,60.05,194.12
6635.0,110.58,432.82,114.96,240.0,787.78,0,84.79,54.7,79.31,77.67,60.03,193.23
6640.0,110.67,425.78,113.09,240.0,778.87,0,84.78,54.81,79.34,77.63,60.01,192.33
6645.0,110.75,418.73,111.22,240.0,769.95,0,84.77,54.92,79.36,77.59,59.98,191.43
6650.0,110.83,411.66,109.34,240.0,761.0,0,84.77,55.03,79.39,77.54,59.96,190.52
6655.0,110.92,404.58,107.46,240.0,752.04,0,84.76,55.14,79.41,77.5,59.93,189.61
6660.0,111.0,397.49,105.57,240.0,743.06,0,84.74,55.25,79.43,77.45,59.9,188.69
6665.0,111.08,390.38,103.69,240.0,734.07,0,84.73,55.36,79.45,77.41,59.87,187.76
6670.0,111.17,383.27,101.8,240.0,725.06,0,84.71,55.46,79.46,77.36,59.84,186.83
6675.0,111.25,376.13,99.9,240.0,716.04,0,84.7,55.57,79.48,77.3,59.81,185.9
6680.0,111.33,368.99,98.0,240.0,707.0,0,84.68,55.67,79.49,77.25,59.77,184.96
6685.0,111.42,361.84,96.1,240.0,697.94,0,84.66,55.78,79.5,77.19,59.73,184.01
6690.0,111.5,354.67,94.2,240.0,688.87,0,84.64,55.88,79.52,77.14,59.7,183.06
6695.0,111.58,347.49,92.29,240.0,679.79,0,84.61,55.98,79.52,77.08,59.66,182.1
6700.0,111.67,340.3,90.39,240.0,670.69,0,84.59,56.09,79.53,77.02,59.62,181.14
6705.0,111.75,333.1,88.47,240.0,661.58,0,84.56,56.19,79.54,76.96,59.58,180.17
6710.0,111.83,325.89,86.56,240.0,652.45,0,84.53,56.29,79.54,76.89,59.53,179.2
6715.0,111.92,318.67,84.64,240.0,643.31,0,84.5,56.39,79.54,76.83,59.49,178.22
6720.0,112.0,311.44,82.72,240.0,634.16,0,84.47,56.48,79.54,76.76,59.44,177.24
6725.0,112.08,304.2,80.8,240.0,624.99,0,84.43,56.58,79.54,76.69,59.39,176.25
6730.0,112.17,296.95,78.87,240.0,615.82,0,84.4,56.68,79.54,76.62,59.34,175.26
6735.0,112.25,289.69,76.94,240.0,606.63,0,84.36,56.77,79.53,76.54,59.29,174.26
6740.0,112.33,282.42,75.01,240.0,597.43,0,84.32,56.87,79.52,76.47,59.24,173.25
6745.0,112.42,275.14,73.08,240.0,588.22,0,84.28,56.96,79.51,76.39,59.19,172.24
6750.0,112.5,267.85,71.14,240.0,578.99,0,84.23,57.06,79.5,76.31,59.13,171.22
6755.0,112.58,260.55,69.2,240.0,569.76,0,84.19,57.15,79.49,76.23,59.08,170.2
6760.0,112.67,253.25,67.26,240.0,560.51,0,84.14,57.24,79.48,76.15,59.02,169.18
6765.0,112.75,245.94,65.32,240.0,551.26,0,84.09,57.33,79.46,76.07,58.96,168.15
6770.0,112.83,238.62,63.38,240.0,541.99,0,84.04,57.42,79.45,75.98,58.9,167.11
6775.0,112.92,231.29,61.43,240.0,532.72,0,83.99,57.51,79.43,75.89,58.84,166.07
6780.0,113.0,223.95,59.48,240.0,523.43,0,83.94,57.6,79.41,75.8,58.77,165.02
6785.0,113.08,216.61,57.53,240.0,514.14,0,83.88,57.68,79.39,75.71,58.71,163.96
6790.0,113.17,209.26,55.58,240.0,504.84,0,83.82,57.77,79.36,75.62,58.64,162.91
6795.0,113.25,201.9,53.63,240.0,495.53,0,83.76,57.86,79.34,75.53,58.57,161.84
6800.0,113.33,194.54,51.67,240.0,486.21,0,83.7,57.94,79.31,75.43,58.5,160.77
6805.0,113.42,187.17,49.71,240.0,476.88,0,83.64,58.02,79.28,75.33,58.43,159.7
6810.0,113.5,179.79,47.75,240.0,467.55,0,83.58,58.11,79.25,75.23,58.36,158.62
6815.0,113.58,172.41,45.79,240.0,458.21,0,83.51,58.19,79.22,75.13,58.28,157.54
6820.0,113.67,165.03,43.83,240.0,448.86,0,83.44,58.27,79.18,75.02,58.21,156.45
6825.0,113.75,157.63,41.87,240.0,439.5,0,83.37,58.35,79.15,74.92,58.13,155.35
6830.0,113.83,150.24,39.9,240.0,430.14,0,83.3,58.43,79.11,74.81,58.05,154.25
6835.0,113.92,142.83,37.94,240.0,420.77,0,83.23,58.5,79.07,74.7,57.97,153.15
6840.0,114.0,135.43,35.97,240.0,411.4,0,83.15,58.58,79.03,74.59,57.89,152.04
6845.0,114.08,128.02,34.0,240.0,402.02,0,83.08,58.66,78.98,74.48,57.81,150.92
6850.0,114.17,120.6,32.03,240.0,392.63,0,83.0,58.73,78.94,74.36,57.72,149.8
6855.0,114.25,113.18,30.06,240.0,383.24,0,82.92,58.81,78.89,74.25,57.63,148.67
6860.0,114.33,105.76,28.09,240.0,373.85,0,82.84,58.88,78.84,74.13,57.55,147.54
6865.0,114.42,98.33,26.12,240.0,364.45,0,82.75,58.95,78.79,74.01,57.46,146.4
6870.0,114.5,90.91,24.14,240.0,355.05,0,82.67,59.02,78.74,73.89,57.37,145.26
6875.0,114.58,83.47,22.17,240.0,345.64,0,82.58,59.09,78.69,73.76,57.27,144.12
6880.0,114.67,76.04,20.2,240.0,336.24,0,82.49,59.16,78.63,73.64,57.18,142.96
6885.0,114.75,68.6,18.22,240.0,326.82,0,82.4,59.23,78.58,73.51,57.08,141.81
6890.0,114.83,61.16,16.24,240.0,317.41,0,82.3,59.3,78.52,73.38,56.99,140.65
6895.0,114.92,53.72,14.27,240.0,307.99,0,82.21,59.36,78.46,73.25,56.89,139.48
6900.0,115.0,46.28,12.29,240.0,298.57,0,82.11,59.43,78.4,73.12,56.79,138.31
6905.0,115.08,38.83,10.31,240.0,289.15,0,82.02,59.49,78.33,72.98,56.69,137.13
6910.0,115.17,31.39,8.34,240.0,279.73,0,81.92,59.55,78.27,72.85,56.59,135.95
6915.0,115.25,23.94,6.36,240.0,270.3,0,81.81,59.62,78.2,72.71,56.48,134.76
6920.0,115.33,16.49,4.38,240.0,260.88,0,81.71,59.68,78.13,72.57,56.37,133.57
6925.0,115.42,9.05,2.4,240.0,251.45,0,81.6,59.74,78.06,72.43,56.27,132.37
6930.0,115.5,1.6,0.42,240.0,242.02,0,81.5,59.8,77.99,72.28,56.16,131.17
6935.0,115.58,0.0,0.0,240.0,240.0,0,81.39,59.85,77.91,72.14,56.05,129.97
6940.0,115.67,0.0,0.0,240.0,240.0,0,81.28,59.91,77.84,71.99,55.94,128.8
6945.0,115.75,0.0,0.0,240.0,240.0,0,81.17,59.97,77.76,71.84,55.82,127.63
6950.0,115.83,0.0,0.0,240.0,240.0,0,81.05,60.02,77.68,71.69,55.71,126.49
6955.0,115.92,0.0,0.0,240.0,240.0,0,80.93,60.08,77.6,71.54,55.59,125.37
6960.0,116.0,0.0,0.0,240.0,240.0,0,80.82,60.13,77.51,71.39,55.47,124.26
6965.0,116.08,0.0,0.0,240.0,240.0,0,80.7,60.18,77.43,71.23,55.35,123.17
6970.0,116.17,0.0,0.0,240.0,240.0,0,80.58,60.23,77.34,71.08,55.23,122.1
6975.0,116.25,0.0,0.0,240.0,240.0,0,80.45,60.28,77.25,70.92,55.11,121.05
6980.0,116.33,0.0,0.0,240.0,240.0,0,80.33,60.33,77.16,70.76,54.99,120.01
6985.0,116.42,0.0,0.0,240.0,240.0,0,80.2,60.38,77.07,70.6,54.86,118.99
6990.0,116.5,0.0,0.0,240.0,240.0,0,80.07,60.42,76.98,70.44,54.74,117.99
6995.0,116.58,0.0,0.0,240.0,240.0,0,79.94,60.47,76.88,70.28,54.61,117.0
7000.0,116.67,0.0,0.0,240.0,240.0,0,79.81,60.51,76.79,70.12,54.48,116.03
7005.0,116.75,0.0,0.0,240.0,240.0,0,79.68,60.56,76.69,69.95,54.35,115.07
7010.0,116.83,0.0,0.0,240.0,240.0,0,79.55,60.6,76.59,69.79,54.22,114.13
7015.0,116.92,0.0,0.0,240.0,240.0,0,79.41,60.64,76.49,69.62,54.09,113.2
7020.0,117.0,0.0,0.0,240.0,240.0,0,79.27,60.68,76.38,69.46,53.96,112.28
7025.0,117.08,0.0,0.0,240.0,240.0,0,79.14,60.72,76.28,69.29,53.83,111.38
7030.0,117.17,0.0,0.0,240.0,240.0,0,79.0,60.76,76.17,69.12,53.7,110.49
7035.0,117.25,0.0,0.0,240.0,240.0,0,78.85,60.8,76.06,68.96,53.56,109.62
7040.0,117.33,0.0,0.0,240.0,240.0,0,78.71,60.83,75.95,68.79,53.43,108.76
7045.0,117.42,0.0,0.0,240.0,240.0,0,78.57,60.87,75.84,68.62,53.29,107.91
7050.0,117.5,0.0,0.0,240.0,240.0,0,78.42,60.9,75.73,68.45,53.15,107.07
7055.0,117.58,0.0,0.0,240.0,240.0,0,78.28,60.93,75.62,68.28,53.02,106.25
7060.0,117.67,0.0,0.0,240.0,240.0,0,78.13,60.97,75.5,68.11,52.88,105.44
7065.0,117.75,0.0,0.0,240.0,240.0,0,77.98,61.0,75.39,67.94,52.74,104.64
7070.0,117.83,0.0,0.0,240.0,240.0,0,77.83,61.03,75.27,67.77,52.6,103.85
7075.0,117.92,0.0,0.0,240.0,240.0,0,77.68,61.06,75.15,67.6,52.46,103.07
7080.0,118.0,0.0,0.0,240.0,240.0,0,77.53,61.08,75.03,67.42,52.32,102.3
7085.0,118.08,0.0,0.0,240.0,240.0,0,77.38,61.11,74.91,67.25,52.18,101.55
7090.0,118.17,0.0,0.0,240.0,240.0,0,77.23,61.14,74.79,67.08,52.04,100.8
7095.0,118.25,0.0,0.0,240.0,240.0,0,77.07,61.16,74.66,66.91,51.9,100.07
7100.0,118.33,0.0,0.0,240.0,240.0,0,76.92,61.19,74.54,66.73,51.76,99.35
7105.0,118.42,0.0,0.0,240.0,240.0,0,76.76,61.21,74.41,66.56,51.61,98.63
7110.0,118.5,0.0,0.0,240.0,240.0,0,76.6,61.23,74.29,66.39,51.47,97.93
7115.0,118.58,0.0,0.0,240.0,240.0,0,76.45,61.25,74.16,66.21,51.33,97.23
7120.0,118.67,0.0,0.0,240.0,240.0,0,76.29,61.27,74.03,66.04,51.19,96.55
7125.0,118.75,0.0,0.0,240.0,240.0,0,76.13,61.29,73.9,65.87,51.04,95.87
7130.0,118.83,0.0,0.0,240.0,240.0,0,75.97,61.31,73.76,65.69,50.9,95.21
7135.0,118.92,0.0,0.0,240.0,240.0,0,75.81,61.33,73.63,65.52,50.76,94.55
7140.0,119.0,0.0,0.0,240.0,240.0,0,75.65,61.34,73.5,65.34,50.61,93.9
7145.0,119.08,0.0,0.0,240.0,240.0,0,75.49,61.36,73.36,65.17,50.47,93.26
7150.0,119.17,0.0,0.0,240.0,240.0,0,75.33,61.37,73.23,64.99,50.32,92.63
7155.0,119.25,0.0,0.0,240.0,240.0,0,75.16,61.39,73.09,64.82,50.18,92.01
7160.0,119.33,0.0,0.0,240.0,240.0,0,75.0,61.4,72.95,64.65,50.03,91.4
7165.0,119.42,0.0,0.0,240.0,240.0,0,74.84,61.41,72.82,64.47,49.89,90.79
7170.0,119.5,0.0,0.0,240.0,240.0,0,74.67,61.42,72.68,64.3,49.74,90.19
7175.0,119.58,0.0,0.0,240.0,240.0,0,74.51,61.43,72.54,64.12,49.6,89.6
7180.0,119.67,0.0,0.0,240.0,240.0,0,74.34,61.44,72.4,63.95,49.45,89.02
7185.0,119.75,0.0,0.0,240.0,240.0,0,74.18,61.45,72.25,63.77,49.31,88.44
7190.0,119.83,0.0,0.0,240.0,240.0,0,74.01,61.46,72.11,63.6,49.16,87.87
7195.0,119.92,0.0,0.0,240.0,240.0,0,73.84,61.46,71.97,63.43,49.01,87.31
7200.0,120.0,0.0,0.0,240.0,240.0,0,73.68,61.47,71.82,63.25,48.87,86.76
7205.0,120.08,0.0,0.0,240.0,240.0,0,73.51,61.47,71.68,63.08,48.72,86.21
7210.0,120.17,0.0,0.0,240.0,240.0,0,73.34,61.47,71.53,62.9,48.58,85.67
7215.0,120.25,0.0,0.0,240.0,240.0,0,73.18,61.48,71.39,62.73,48.43,85.14
7220.0,120.33,0.0,0.0,240.0,240.0,0,73.01,61.48,71.24,62.56,48.29,84.61
7225.0,120.42,0.0,0.0,240.0,240.0,0,72.84,61.48,71.09,62.38,48.14,84.09
7230.0,120.5,0.0,0.0,240.0,240.0,0,72.67,61.48,70.95,62.21,48.0,83.58
7235.0,120.58,0.0,0.0,240.0,240.0,0,72.5,61.48,70.8,62.04,47.85,83.07
7240.0,120.67,0.0,0.0,240.0,240.0,1,72.33,61.48,70.65,61.86,47.7,82.57
7245.0,120.75,0.0,0.0,240.0,240.0,1,72.17,61.47,70.5,61.69,47.56,82.07
7250.0,120.83,0.0,0.0,240.0,240.0,1,72.0,61.47,70.35,61.52,47.41,81.58
7255.0,120.92,0.0,0.0,240.0,240.0,1,71.83,61.47,70.2,61.34,47.27,81.1
7260.0,121.0,0.0,0.0,240.0,240.0,1,71.66,61.46,70.05,61.17,47.12,80.62
7265.0,121.08,0.0,0.0,240.0,240.0,1,71.49,61.45,69.89,61.0,46.98,80.15
7270.0,121.17,0.0,0.0,240.0,240.0,1,71.32,61.45,69.74,60.83,46.83,79.68
7275.0,121.25,0.0,0.0,240.0,240.0,1,71.15,61.44,69.59,60.66,46.69,79.22
7280.0,121.33,0.0,0.0,240.0,240.0,1,70.98,61.43,69.44,60.49,46.54,78.76
7285.0,121.42,0.0,0.0,240.0,240.0,1,70.81,61.42,69.28,60.31,46.4,78.31
7290.0,121.5,0.0,0.0,240.0,240.0,1,70.64,61.41,69.13,60.14,46.25,77.86
7295.0,121.58,0.0,0.0,240.0,240.0,1,70.47,61.4,68.97,59.97,46.11,77.42
7300.0,121.67,0.0,0.0,240.0,240.0,1,70.3,61.39,68.82,59.8,45.96,76.99
7305.0,121.75,0.0,0.0,240.0,240.0,1,70.13,61.38,68.66,59.63,45.82,76.56
7310.0,121.83,0.0,0.0,240.0,240.0,1,69.96,61.36,68.51,59.46,45.68,76.13
7315.0,121.92,0.0,0.0,240.0,240.0,1,69.79,61.35,68.35,59.29,45.53,75.71
7320.0,122.0,0.0,0.0,240.0,240.0,1,69.62,61.33,68.2,59.12,45.39,75.29
7325.0,122.08,0.0,0.0,240.0,240.0,1,69.45,61.32,68.04,58.95,45.24,74.88
7330.0,122.17,0.0,0.0,240.0,240.0,1,69.28,61.3,67.88,58.79,45.1,74.47
7335.0,122.25,0.0,0.0,240.0,240.0,1,69.11,61.28,67.73,58.62,44.96,74.07
7340.0,122.33,0.0,0.0,240.0,240.0,1,68.95,61.27,67.57,58.45,44.81,73.67
7345.0,122.42,0.0,0.0,240.0,240.0,1,68.78,61.25,67.41,58.28,44.67,73.28
7350.0,122.5,0.0,0.0,240.0,240.0,1,68.61,61.23,67.25,58.11,44.53,72.89
7355.0,122.58,0.0,0.0,240.0,240.0,1,68.44,61.21,67.09,57.95,44.39,72.5
7360.0,122.67,0.0,0.0,240.0,240.0,1,68.27,61.19,66.94,57.78,44.24,72.12
7365.0,122.75,0.0,0.0,240.0,240.0,1,68.1,61.17,66.78,57.61,44.1,71.74
7370.0,122.83,0.0,0.0,240.0,240.0,1,67.93,61.14,66.62,57.45,43.96,71.37
7375.0,122.92,0.0,0.0,240.0,240.0,1,67.76,61.12,66.46,57.28,43.82,71.0
7380.0,123.0,0.0,0.0,240.0,240.0,1,67.59,61.1,66.3,57.11,43.68,70.63
7385.0,123.08,0.0,0.0,240.0,240.0,1,67.43,61.07,66.14,56.95,43.54,70.27
7390.0,123.17,0.0,0.0,240.0,240.0,1,67.26,61.05,65.98,56.78,43.39,69.91
7395.0,123.25,0.0,0.0,240.0,240.0,1,67.09,61.02,65.82,56.62,43.25,69.56
7400.0,123.33,0.0,0.0,240.0,240.0,1,66.92,61.0,65.67,56.45,43.11,69.21
7405.0,123.42,0.0,0.0,240.0,240.0,1,66.76,60.97,65.51,56.29,42.97,68.86
7410.0,123.5,0.0,0.0,240.0,240.0,1,66.59,60.94,65.35,56.13,42.83,68.51
7415.0,123.58,0.0,0.0,240.0,240.0,1,66.42,60.91,65.19,55.96,42.69,68.17
7420.0,123.67,0.0,0.0,240.0,240.0,1,66.26,60.88,65.03,55.8,42.55,67.83
7425.0,123.75,0.0,0.0,240.0,240.0,1,66.09,60.85,64.87,55.64,42.41,67.5
7430.0,123.83,0.0,0.0,240.0,240.0,1,65.92,60.82,64.71,55.47,42.27,67.17
7435.0,123.92,0.0,0.0,240.0,240.0,1,65.76,60.79,64.55,55.31,42.13,66.84
7440.0,124.0,0.0,0.0,240.0,240.0,1,65.59,60.76,64.39,55.15,42.0,66.52
7445.0,124.08,0.0,0.0,240.0,240.0,1,65.43,60.73,64.23,54.99,41.86,66.19
7450.0,124.17,0.0,0.0,240.0,240.0,1,65.26,60.69,64.07,54.83,41.72,65.88
7455.0,124.25,0.0,0.0,240.0,240.0,1,65.09,60.66,63.91,54.67,41.58,65.56
7460.0,124.33,0.0,0.0,240.0,240.0,1,64.93,60.63,63.75,54.51,41.44,65.25
7465.0,124.42,0.0,0.0,240.0,240.0,1,64.77,60.59,63.59,54.35,41.31,64.94
7470.0,124.5,0.0,0.0,240.0,240.0,1,64.6,60.55,63.43,54.19,41.17,64.63
7475.0,124.58,0.0,0.0,240.0,240.0,1,64.44,60.52,63.27,54.03,41.03,64.33
7480.0,124.67,0.0,0.0,240.0,240.0,1,64.27,60.48,63.11,53.87,40.9,64.03
7485.0,124.75,0.0,0.0,240.0,240.0,1,64.11,60.44,62.95,53.71,40.76,63.73
7490.0,124.83,0.0,0.0,240.0,240.0,1,63.95,60.41,62.79,53.55,40.62,63.43
7495.0,124.92,0.0,0.0,240.0,240.0,1,63.78,60.37,62.63,53.39,40.49,63.14
7500.0,125.0,0.0,0.0,240.0,240.0,1,63.62,60.33,62.47,53.24,40.35,62.85
7505.0,125.08,0.0,0.0,240.0,240.0,1,63.46,60.29,62.31,53.08,40.22,62.56
7510.0,125.17,0.0,0.0,240.0,240.0,1,63.3,60.25,62.15,52.92,40.08,62.28
7515.0,125.25,0.0,0.0,240.0,240.0,1,63.14,60.21,61.99,52.77,39.95,61.99
7520.0,125.33,0.0,0.0,240.0,240.0,1,62.97,60.17,61.83,52.61,39.81,61.71
7525.0,125.42,0.0,0.0,240.0,240.0,1,62.81,60.12,61.67,52.46,39.68,61.44
7530.0,125.5,0.0,0.0,240.0,240.0,1,62.65,60.08,61.52,52.3,39.55,61.16
7535.0,125.58,0.0,0.0,240.0,240.0,1,62.49,60.04,61.36,52.15,39.41,60.89
7540.0,125.67,0.0,0.0,240.0,240.0,1,62.33,59.99,61.2,51.99,39.28,60.62
7545.0,125.75,0.0,0.0,240.0,240.0,1,62.17,59.95,61.04,51.84,39.15,60.35
7550.0,125.83,0.0,0.0,240.0,240.0,1,62.01,59.91,60.88,51.68,39.01,60.08
7555.0,125.92,0.0,0.0,240.0,240.0,1,61.85,59.86,60.72,51.53,38.88,59.82
7560.0,126.0,0.0,0.0,240.0,240.0,1,61.69,59.81,60.56,51.38,38.75,59.56
7565.0,126.08,0.0,0.0,240.0,240.0,1,61.54,59.77,60.41,51.23,38.62,59.3
7570.0,126.17,0.0,0.0,240.0,240.0,1,61.38,59.72,60.25,51.07,38.49,59.04
7575.0,126.25,0.0,0.0,240.0,240.0,1,61.22,59.67,60.09,50.92,38.36,58.78
7580.0,126.33,0.0,0.0,240.0,240.0,1,61.06,59.63,59.93,50.77,38.22,58.53
7585.0,126.42,0.0,0.0,240.0,240.0,1,60.91,59.58,59.78,50.62,38.09,58.28
7590.0,126.5,0.0,0.0,240.0,240.0,1,60.75,59.53,59.62,50.47,37.96,58.03
7595.0,126.58,0.0,0.0,240.0,240.0,1,60.59,59.48,59.46,50.32,37.83,57.78
7600.0,126.67,0.0,0.0,240.0,240.0,1,60.44,59.43,59.31,50.17,37.7,57.54
7605.0,126.75,0.0,0.0,240.0,240.0,1,60.28,59.38,59.15,50.02,37.57,57.29
7610.0,126.83,0.0,0.0,240.0,240.0,1,60.12,59.33,58.99,49.87,37.45,57.05
7615.0,126.92,0.0,0.0,240.0,240.0,1,59.97,59.28,58.84,49.72,37.32,56.81
7620.0,127.0,0.0,0.0,240.0,240.0,1,59.82,59.22,58.68,49.57,37.19,56.58
7625.0,127.08,0.0,0.0,240.0,240.0,1,59.66,59.17,58.52,49.42,37.06,56.34
7630.0,127.17,0.0,0.0,240.0,240.0,1,59.51,59.12,58.37,49.28,36.93,56.11
7635.0,127.25,0.0,0.0,240.0,240.0,1,59.35,59.07,58.21,49.13,36.8,55.87
7640.0,127.33,0.0,0.0,240.0,240.0,1,59.2,59.01,58.06,48.98,36.68,55.64
7645.0,127.42,0.0,0.0,240.0,240.0,1,59.05,58.96,57.9,48.84,36.55,55.41
7650.0,127.5,0.0,0.0,240.0,240.0,1,58.89,58.9,57.75,48.69,36.42,55.19
7655.0,127.58,0.0,0.0,240.0,240.0,1,58.74,58.85,57.6,48.54,36.3,54.96
7660.0,127.67,0.0,0.0,240.0,240.0,1,58.59,58.79,57.44,48.4,36.17,54.74
7665.0,127.75,0.0,0.0,240.0,240.0,1,58.44,58.74,57.29,48.25,36.04,54.52
7670.0,127.83,0.0,0.0,240.0,240.0,1,58.29,58.68,57.13,48.11,35.92,54.3
7675.0,127.92,0.0,0.0,240.0,240.0,1,58.14,58.62,56.98,47.96,35.79,54.08
7680.0,128.0,0.0,0.0,240.0,240.0,1,57.99,58.57,56.83,47.82,35.67,53.86
7685.0,128.08,0.0,0.0,240.0,240.0,1,57.84,58.51,56.67,47.68,35.54,53.64
7690.0,128.17,0.0,0.0,240.0,240.0,1,57.69,58.45,56.52,47.53,35.42,53.43
7695.0,128.25,0.0,0.0,240.0,240.0,1,57.54,58.39,56.37,47.39,35.3,53.22
7700.0,128.33,0.0,0.0,240.0,240.0,1,57.39,58.33,56.22,47.25,35.17,53.0
7705.0,128.42,0.0,0.0,240.0,240.0,1,57.24,58.27,56.06,47.11,35.05,52.79
7710.0,128.5,0.0,0.0,240.0,240.0,1,57.09,58.21,55.91,46.96,34.93,52.59
7715.0,128.58,0.0,0.0,240.0,240.0,1,56.94,58.15,55.76,46.82,34.8,52.38
7720.0,128.67,0.0,0.0,240.0,240.0,1,56.79,58.09,55.61,46.68,34.68,52.17
7725.0,128.75,0.0,0.0,240.0,240.0,1,56.65,58.03,55.46,46.54,34.56,51.97
7730.0,128.83,0.0,0.0,240.0,240.0,1,56.5,57.97,55.31,46.4,34.44,51.77
7735.0,128.92,0.0,0.0,240.0,240.0,1,56.35,57.91,55.16,46.26,34.31,51.57
7740.0,129.0,0.0,0.0,240.0,240.0,1,56.21,57.85,55.01,46.12,34.19,51.36
7745.0,129.08,0.0,0.0,240.0,240.0,1,56.06,57.79,54.86,45.98,34.07,51.17
7750.0,129.17,0.0,0.0,240.0,240.0,1,55.92,57.72,54.71,45.84,33.95,50.97
7755.0,129.25,0.0,0.0,240.0,240.0,1,55.77,57.66,54.56,45.71,33.83,50.77
7760.0,129.33,0.0,0.0,240.0,240.0,1,55.63,57.6,54.41,45.57,33.71,50.58
7765.0,129.42,0.0,0.0,240.0,240.0,1,55.48,57.53,54.26,45.43,33.59,50.38
7770.0,129.5,0.0,0.0,240.0,240.0,1,55.34,57.47,54.12,45.29,33.47,50.19
7775.0,129.58,0.0,0.0,240.0,240.0,1,55.19,57.4,53.97,45.16,33.35,50.0
7780.0,129.67,0.0,0.0,240.0,240.0,1,55.05,57.34,53.82,45.02,33.23,49.81
7785.0,129.75,0.0,0.0,240.0,240.0,1,54.91,57.27,53.67,44.88,33.11,49.62
7790.0,129.83,0.0,0.0,240.0,240.0,1,54.77,57.21,53.53,44.75,32.99,49.43
7795.0,129.92,0.0,0.0,240.0,240.0,1,54.62,57.14,53.38,44.61,32.88,49.25
7800.0,130.0,0.0,0.0,240.0,240.0,1,54.48,57.07,53.23,44.48,32.76,49.06
7805.0,130.08,0.0,0.0,240.0,240.0,1,54.34,57.01,53.09,44.34,32.64,48.88
7810.0,130.17,0.0,0.0,240.0,240.0,1,54.2,56.94,52.94,44.21,32.52,48.69
7815.0,130.25,0.0,0.0,240.0,240.0,1,54.06,56.87,52.79,44.07,32.4,48.51
7820.0,130.33,0.0,0.0,240.0,240.0,1,53.92,56.81,52.65,43.94,32.29,48.33
7825.0,130.42,0.0,0.0,240.0,240.0,1,53.78,56.74,52.5,43.8,32.17,48.15
7830.0,130.5,0.0,0.0,240.0,240.0,1,53.64,56.67,52.36,43.67,32.05,47.97
7835.0,130.58,0.0,0.0,240.0,240.0,1,53.5,56.6,52.22,43.54,31.94,47.79
7840.0,130.67,0.0,0.0,240.0,240.0,1,53.36,56.53,52.07,43.41,31.82,47.62
7845.0,130.75,0.0,0.0,240.0,240.0,1,53.22,56.46,51.93,43.27,31.71,47.44
7850.0,130.83,0.0,0.0,240.0,240.0,1,53.08,56.39,51.78,43.14,31.59,47.27
7855.0,130.92,0.0,0.0,240.0,240.0,1,52.95,56.32,51.64,43.01,31.48,47.09
7860.0,131.0,0.0,0.0,240.0,240.0,1,52.81,56.25,51.5,42.88,31.36,46.92
7865.0,131.08,0.0,0.0,240.0,240.0,1,52.67,56.18,51.36,42.75,31.25,46.75
7870.0,131.17,0.0,0.0,240.0,240.0,1,52.53,56.11,51.21,42.62,31.13,46.58
7875.0,131.25,0.0,0.0,240.0,240.0,1,52.4,56.04,51.07,42.49,31.02,46.41
7880.0,131.33,0.0,0.0,240.0,240.0,1,52.26,55.97,50.93,42.36,30.91,46.24
7885.0,131.42,0.0,0.0,240.0,240.0,1,52.13,55.9,50.79,42.23,30.79,46.07
7890.0,131.5,0.0,0.0,240.0,240.0,1,51.99,55.83,50.65,42.1,30.68,45.9
7895.0,131.58,0.0,0.0,240.0,240.0,1,51.85,55.76,50.51,41.97,30.57,45.74
7900.0,131.67,0.0,0.0,240.0,240.0,1,51.72,55.68,50.37,41.84,30.46,45.57
7905.0,131.75,0.0,0.0,240.0,240.0,1,51.59,55.61,50.23,41.71,30.34,45.41
7910.0,131.83,0.0,0.0,240.0,240.0,1,51.45,55.54,50.09,41.59,30.23,45.24
7915.0,131.92,0.0,0.0,240.0,240.0,1,51.32,55.46,49.95,41.46,30.12,45.08
7920.0,132.0,0.0,0.0,240.0,240.0,1,51.18,55.39,49.81,41.33,30.01,44.92
7925.0,132.08,0.0,0.0,240.0,240.0,1,51.05,55.32,49.67,41.21,29.9,44.76
7930.0,132.17,0.0,0.0,240.0,240.0,1,50.92,55.24,49.53,41.08,29.79,44.6
7935.0,132.25,0.0,0.0,240.0,240.0,1,50.79,55.17,49.39,40.95,29.68,44.44
7940.0,132.33,0.0,0.0,240.0,240.0,1,50.65,55.1,49.26,40.83,29.57,44.28
7945.0,132.42,0.0,0.0,240.0,240.0,1,50.52,55.02,49.12,40.7,29.46,44.12
7950.0,132.5,0.0,0.0,240.0,240.0,1,50.39,54.95,48.98,40.58,29.35,43.97
7955.0,132.58,0.0,0.0,240.0,240.0,1,50.26,54.87,48.85,40.45,29.24,43.81
7960.0,132.67,0.0,0.0,240.0,240.0,1,50.13,54.8,48.71,40.33,29.13,43.66
7965.0,132.75,0.0,0.0,240.0,240.0,1,50.0,54.72,48.57,40.2,29.02,43.5
7970.0,132.83,0.0,0.0,240.0,240.0,1,49.87,54.64,48.44,40.08,28.91,43.35
7975.0,132.92,0.0,0.0,240.0,240.0,1,49.74,54.57,48.3,39.96,28.8,43.2
7980.0,133.0,0.0,0.0,240.0,240.0,1,49.61,54.49,48.17,39.83,28.69,43.04
7985.0,133.08,0.0,0.0,240.0,240.0,1,49.48,54.42,48.03,39.71,28.59,42.89
7990.0,133.17,0.0,0.0,240.0,240.0,1,49.35,54.34,47.9,39.59,28.48,42.74
7995.0,133.25,0.0,0.0,240.0,240.0,1,49.22,54.26,47.76,39.46,28.37,42.59
8000.0,133.33,0.0,0.0,240.0,240.0,1,49.09,54.18,47.63,39.34,28.26,42.44
8005.0,133.42,0.0,0.0,240.0,240.0,1,48.97,54.11,47.49,39.22,28.16,42.29
8010.0,133.5,0.0,0.0,240.0,240.0,1,48.84,54.03,47.36,39.1,28.05,42.15
8015.0,133.58,0.0,0.0,240.0,240.0,1,48.71,53.95,47.23,38.98,27.94,42.0
8020.0,133.67,0.0,0.0,240.0,240.0,1,48.59,53.87,47.1,38.86,27.84,41.85
8025.0,133.75,0.0,0.0,240.0,240.0,1,48.46,53.8,46.96,38.74,27.73,41.71
8030.0,133.83,0.0,0.0,240.0,240.0,1,48.33,53.72,46.83,38.62,27.63,41.56
8035.0,133.92,0.0,0.0,240.0,240.0,1,48.21,53.64,46.7,38.5,27.52,41.42
8040.0,134.0,0.0,0.0,240.0,240.0,1,48.08,53.56,46.57,38.38,27.42,41.27
8045.0,134.08,0.0,0.0,240.0,240.0,1,47.96,53.48,46.44,38.26,27.31,41.13
8050.0,134.17,0.0,0.0,240.0,240.0,1,47.83,53.4,46.31,38.14,27.21,40.99
8055.0,134.25,0.0,0.0,240.0,240.0,1,47.71,53.32,46.18,38.02,27.1,40.85
8060.0,134.33,0.0,0.0,240.0,240.0,1,47.58,53.24,46.04,37.9,27.0,40.71
8065.0,134.42,0.0,0.0,240.0,240.0,1,47.46,53.16,45.91,37.78,26.9,40.57
8070.0,134.5,0.0,0.0,240.0,240.0,1,47.34,53.08,45.79,37.67,26.79,40.43
8075.0,134.58,0.0,0.0,240.0,240.0,1,47.21,53.0,45.66,37.55,26.69,40.29
8080.0,134.67,0.0,0.0,240.0,240.0,1,47.09,52.92,45.53,37.43,26.59,40.15
8085.0,134.75,0.0,0.0,240.0,240.0,1,46.97,52.84,45.4,37.31,26.48,40.01
8090.0,134.83,0.0,0.0,240.0,240.0,1,46.84,52.76,45.27,37.2,26.38,39.87
8095.0,134.92,0.0,0.0,240.0,240.0,1,46.72,52.68,45.14,37.08,26.28,39.74
8100.0,135.0,0.0,0.0,240.0,240.0,1,46.6,52.6,45.01,36.97,26.17,39.6
8105.0,135.08,0.0,0.0,240.0,240.0,1,46.48,52.52,44.89,36.85,26.07,39.46
8110.0,135.17,0.0,0.0,240.0,240.0,1,46.36,52.44,44.76,36.73,25.97,39.33
8115.0,135.25,0.0,0.0,240.0,240.0,1,46.24,52.36,44.63,36.62,25.87,39.19
8120.0,135.33,0.0,0.0,240.0,240.0,1,46.12,52.28,44.51,36.5,25.77,39.06
8125.0,135.42,0.0,0.0,240.0,240.0,1,46.0,52.19,44.38,36.39,25.67,38.93
8130.0,135.5,0.0,0.0,240.0,240.0,1,45.88,52.11,44.25,36.28,25.57,38.79
8135.0,135.58,0.0,0.0,240.0,240.0,1,45.76,52.03,44.13,36.16,25.47,38.66
8140.0,135.67,0.0,0.0,240.0,240.0,1,45.64,51.95,44.0,36.05,25.37,38.53
8145.0,135.75,0.0,0.0,240.0,240.0,1,45.52,51.87,43.88,35.93,25.27,38.4
8150.0,135.83,0.0,0.0,240.0,240.0,1,45.4,51.78,43.75,35.82,25.17,38.27
8155.0,135.92,0.0,0.0,240.0,240.0,1,45.28,51.7,43.63,35.71,25.07,38.14
8160.0,136.0,0.0,0.0,240.0,240.0,1,45.16,51.62,43.51,35.6,24.97,38.01
8165.0,136.08,0.0,0.0,240.0,240.0,1,45.05,51.54,43.38,35.48,24.87,37.88
8170.0,136.17,0.0,0.0,240.0,240.0,1,44.93,51.45,43.26,35.37,24.77,37.75
8175.0,136.25,0.0,0.0,240.0,240.0,1,44.81,51.37,43.14,35.26,24.67,37.62
8180.0,136.33,0.0,0.0,240.0,240.0,1,44.69,51.29,43.01,35.15,24.57,37.5
8185.0,136.42,0.0,0.0,240.0,240.0,1,44.58,51.2,42.89,35.04,24.48,37.37
8190.0,136.5,0.0,0.0,240.0,240.0,1,44.46,51.12,42.77,34.93,24.38,37.24
8195.0,136.58,0.0,0.0,240.0,240.0,1,44.35,51.04,42.65,34.82,24.28,37.12
8200.0,136.67,0.0,0.0,240.0,240.0,1,44.23,50.95,42.52,34.7,24.18,36.99
8205.0,136.75,0.0,0.0,240.0,240.0,1,44.11,50.87,42.4,34.59,24.09,36.86
8210.0,136.83,0.0,0.0,240.0,240.0,1,44.0,50.78,42.28,34.48,23.99,36.74
8215.0,136.92,0.0,0.0,240.0,240.0,1,43.88,50.7,42.16,34.37,23.89,36.62
8220.0,137.0,0.0,0.0,240.0,240.0,1,43.77,50.62,42.04,34.27,23.8,36.49
8225.0,137.08,0.0,0.0,240.0,240.0,1,43.65,50.53,41.92,34.16,23.7,36.37
8230.0,137.17,0.0,0.0,240.0,240.0,1,43.54,50.45,41.8,34.05,23.6,36.25
8235.0,137.25,0.0,0.0,240.0,240.0,1,43.43,50.36,41.68,33.94,23.51,36.12
8240.0,137.33,0.0,0.0,240.0,240.0,1,43.31,50.28,41.56,33.83,23.41,36.0
8245.0,137.42,0.0,0.0,240.0,240.0,1,43.2,50.19,41.44,33.72,23.32,35.88
8250.0,137.5,0.0,0.0,240.0,240.0,1,43.09,50.11,41.32,33.61,23.22,35.76
8255.0,137.58,0.0,0.0,240.0,240.0,1,42.97,50.02,41.2,33.51,23.13,35.64
8260.0,137.67,0.0,0.0,240.0,240.0,1,42.86,49.94,41.09,33.4,23.03,35.52
8265.0,137.75,0.0,0.0,240.0,240.0,1,42.75,49.85,40.97,33.29,22.94,35.4
8270.0,137.83,0.0,0.0,240.0,240.0,1,42.64,49.77,40.85,33.19,22.84,35.28
8275.0,137.92,0.0,0.0,240.0,240.0,1,42.53,49.68,40.73,33.08,22.75,35.16
8280.0,138.0,0.0,0.0,240.0,240.0,1,42.42,49.6,40.62,32.97,22.65,35.04
8285.0,138.08,0.0,0.0,240.0,240.0,1,42.3,49.51,40.5,32.87,22.56,34.93
8290.0,138.17,0.0,0.0,240.0,240.0,1,42.19,49.43,40.38,32.76,22.47,34.81
8295.0,138.25,0.0,0.0,240.0,240.0,1,42.08,49.34,40.27,32.66,22.37,34.69
8300.0,138.33,0.0,0.0,240.0,240.0,1,41.97,49.26,40.15,32.55,22.28,34.57
8305.0,138.42,0.0,0.0,240.0,240.0,1,41.86,49.17,40.04,32.45,22.19,34.46
8310.0,138.5,0.0,0.0,240.0,240.0,1,41.75,49.08,39.92,32.34,22.09,34.34
8315.0,138.58,0.0,0.0,240.0,240.0,1,41.64,49.0,39.81,32.24,22.0,34.23
8320.0,138.67,0.0,0.0,240.0,240.0,1,41.53,48.91,39.69,32.13,21.91,34.11
8325.0,138.75,0.0,0.0,240.0,240.0,1,41.43,48.83,39.58,32.03,21.82,34.0
8330.0,138.83,0.0,0.0,240.0,240.0,1,41.32,48.74,39.46,31.92,21.73,33.88
8335.0,138.92,0.0,0.0,240.0,240.0,1,41.21,48.65,39.35,31.82,21.63,33.77
8340.0,139.0,0.0,0.0,240.0,240.0,1,41.1,48.57,39.23,31.72,21.54,33.66
8345.0,139.08,0.0,0.0,240.0,240.0,1,40.99,48.48,39.12,31.61,21.45,33.54
8350.0,139.17,0.0,0.0,240.0,240.0,1,40.88,48.39,39.01,31.51,21.36,33.43
8355.0,139.25,0.0,0.0,240.0,240.0,1,40.78,48.31,38.89,31.41,21.27,33.32
8360.0,139.33,0.0,0.0,240.0,240.0,1,40.67,48.22,38.78,31.31,21.18,33.21
8365.0,139.42,0.0,0.0,240.0,240.0,1,40.56,48.13,38.67,31.2,21.09,33.09
8370.0,139.5,0.0,0.0,240.0,240.0,1,40.46,48.05,38.56,31.1,21.0,32.98
8375.0,139.58,0.0,0.0,240.0,240.0,1,40.35,47.96,38.45,31.0,20.91,32.87
8380.0,139.67,0.0,0.0,240.0,240.0,1,40.24,47.87,38.33,30.9,20.82,32.76
8385.0,139.75,0.0,0.0,240.0,240.0,1,40.14,47.79,38.22,30.8,20.73,32.65
8390.0,139.83,0.0,0.0,240.0,240.0,1,40.03,47.7,38.11,30.7,20.64,32.54
8395.0,139.92,0.0,0.0,240.0,240.0,1,39.93,47.61,38.0,30.6,20.55,32.43
8400.0,140.0,0.0,0.0,240.0,240.0,1,39.82,47.53,37.89,30.49,20.46,32.32
8405.0,140.08,0.0,0.0,240.0,240.0,1,39.72,47.44,37.78,30.39,20.37,32.21
8410.0,140.17,0.0,0.0,240.0,240.0,1,39.61,47.35,37.67,30.29,20.28,32.11
8415.0,140.25,0.0,0.0,240.0,240.0,1,39.51,47.26,37.56,30.19,20.2,32.0
8420.0,140.33,0.0,0.0,240.0,240.0,1,39.4,47.18,37.45,30.1,20.11,31.89
8425.0,140.42,0.0,0.0,240.0,240.0,1,39.3,47.09,37.34,30.0,20.02,31.78
8430.0,140.5,0.0,0.0,240.0,240.0,1,39.2,47.0,37.23,29.9,19.93,31.68
8435.0,140.58,0.0,0.0,240.0,240.0,1,39.09,46.91,37.12,29.8,19.84,31.57
8440.0,140.67,0.0,0.0,240.0,240.0,1,38.99,46.83,37.02,29.7,19.76,31.46
8445.0,140.75,0.0,0.0,240.0,240.0,1,38.89,46.74,36.91,29.6,19.67,31.36
8450.0,140.83,0.0,0.0,240.0,240.0,1,38.78,46.65,36.8,29.5,19.58,31.25
8455.0,140.92,0.0,0.0,240.0,240.0,1,38.68,46.56,36.69,29.4,19.49,31.14
8460.0,141.0,0.0,0.0,240.0,240.0,1,38.58,46.48,36.58,29.31,19.41,31.04
8465.0,141.08,0.0,0.0,240.0,240.0,1,38.48,46.39,36.48,29.21,19.32,30.93
8470.0,141.17,0.0,0.0,240.0,240.0,1,38.38,46.3,36.37,29.11,19.23,30.83
8475.0,141.25,0.0,0.0,240.0,240.0,1,38.28,46.21,36.26,29.01,19.15,30.73
8480.0,141.33,0.0,0.0,240.0,240.0,1,38.17,46.13,36.16,28.92,19.06,30.62
8485.0,141.42,0.0,0.0,240.0,240.0,1,38.07,46.04,36.05,28.82,18.98,30.52
8490.0,141.5,0.0,0.0,240.0,240.0,1,37.97,45.95,35.94,28.72,18.89,30.42
8495.0,141.58,0.0,0.0,240.0,240.0,1,37.87,45.86,35.84,28.63,18.81,30.31
8500.0,141.67,0.0,0.0,240.0,240.0,1,37.77,45.77,35.73,28.53,18.72,30.21
8505.0,141.75,0.0,0.0,240.0,240.0,1,37.67,45.69,35.63,28.44,18.64,30.11
8510.0,141.83,0.0,0.0,240.0,240.0,1,37.57,45.6,35.52,28.34,18.55,30.01
8515.0,141.92,0.0,0.0,240.0,240.0,1,37.47,45.51,35.42,28.24,18.47,29.9
8520.0,142.0,0.0,0.0,240.0,240.0,1,37.37,45.42,35.31,28.15,18.38,29.8
8525.0,142.08,0.0,0.0,240.0,240.0,1,37.27,45.33,35.21,28.05,18.3,29.7
8530.0,142.17,0.0,0.0,240.0,240.0,1,37.17,45.25,35.11,27.96,18.21,29.6
8535.0,142.25,0.0,0.0,240.0,240.0,1,37.07,45.16,35.0,27.86,18.13,29.5
8540.0,142.33,0.0,0.0,240.0,240.0,1,36.98,45.07,34.9,27.77,18.04,29.4
8545.0,142.42,0.0,0.0,240.0,240.0,1,36.88,44.98,34.8,27.68,17.96,29.3
8550.0,142.5,0.0,0.0,240.0,240.0,1,36.78,44.89,34.69,27.58,17.88,29.2
8555.0,142.58,0.0,0.0,240.0,240.0,1,36.68,44.81,34.59,27.49,17.79,29.1
8560.0,142.67,0.0,0.0,240.0,240.0,1,36.58,44.72,34.49,27.39,17.71,29.0
8565.0,142.75,0.0,0.0,240.0,240.0,1,36.49,44.63,34.38,27.3,17.63,28.9
8570.0,142.83,0.0,0.0,240.0,240.0,1,36.39,44.54,34.28,27.21,17.55,28.8
8575.0,142.92,0.0,0.0,240.0,240.0,1,36.29,44.45,34.18,27.11,17.46,28.71
8580.0,143.0,0.0,0.0,240.0,240.0,1,36.2,44.36,34.08,27.02,17.38,28.61
8585.0,143.08,0.0,0.0,240.0,240.0,1,36.1,44.28,33.98,26.93,17.3,28.51
8590.0,143.17,0.0,0.0,240.0,240.0,1,36.0,44.19,33.88,26.84,17.22,28.41
8595.0,143.25,0.0,0.0,240.0,240.0,1,35.91,44.1,33.78,26.74,17.13,28.32
8600.0,143.33,0.0,0.0,240.0,240.0,1,35.81,44.01,33.67,26.65,17.05,28.22
8605.0,143.42,0.0,0.0,240.0,240.0,1,35.72,43.92,33.57,26.56,16.97,28.12
8610.0,143.5,0.0,0.0,240.0,240.0,1,35.62,43.83,33.47,26.47,16.89,28.03
8615.0,143.58,0.0,0.0,240.0,240.0,1,35.52,43.75,33.37,26.38,16.81,27.93
8620.0,143.67,0.0,0.0,240.0,240.0,1,35.43,43.66,33.27,26.29,16.73,27.83
8625.0,143.75,0.0,0.0,240.0,240.0,1,35.33,43.57,33.17,26.2,16.64,27.74
8630.0,143.83,0.0,0.0,240.0,240.0,1,35.24,43.48,33.08,26.1,16.56,27.64
8635.0,143.92,0.0,0.0,240.0,240.0,1,35.15,43.39,32.98,26.01,16.48,27.55
8640.0,144.0,0.0,0.0,240.0,240.0,1,35.05,43.3,32.88,25.92,16.4,27.45
8645.0,144.08,0.0,0.0,240.0,240.0,1,34.96,43.22,32.78,25.83,16.32,27.36
8650.0,144.17,0.0,0.0,240.0,240.0,1,34.86,43.13,32.68,25.74,16.24,27.26
8655.0,144.25,0.0,0.0,240.0,240.0,1,34.77,43.04,32.58,25.65,16.16,27.17
8660.0,144.33,0.0,0.0,240.0,240.0,1,34.68,42.95,32.48,25.56,16.08,27.08
8665.0,144.42,0.0,0.0,240.0,240.0,1,34.58,42.86,32.39,25.47,16.0,26.98
8670.0,144.5,0.0,0.0,240.0,240.0,1,34.49,42.78,32.29,25.38,15.92,26.89
8675.0,144.58,0.0,0.0,240.0,240.0,1,34.4,42.69,32.19,25.3,15.84,26.8
8680.0,144.67,0.0,0.0,240.0,240.0,1,34.3,42.6,32.09,25.21,15.77,26.7
8685.0,144.75,0.0,0.0,240.0,240.0,1,34.21,42.51,32.0,25.12,15.69,26.61
8690.0,144.83,0.0,0.0,240.0,240.0,1,34.12,42.42,31.9,25.03,15.61,26.52
8695.0,144.92,0.0,0.0,240.0,240.0,1,34.03,42.33,31.8,24.94,15.53,26.43
8700.0,145.0,0.0,0.0,240.0,240.0,1,33.94,42.25,31.71,24.85,15.45,26.33
8705.0,145.08,0.0,0.0,240.0,240.0,1,33.84,42.16,31.61,24.76,15.37,26.24
8710.0,145.17,0.0,0.0,240.0,240.0,1,33.75,42.07,31.52,24.68,15.29,26.15
8715.0,145.25,0.0,0.0,240.0,240.0,1,33.66,41.98,31.42,24.59,15.22,26.06
8720.0,145.33,0.0,0.0,240.0,240.0,1,33.57,41.89,31.32,24.5,15.14,25.97
8725.0,145.42,0.0,0.0,240.0,240.0,1,33.48,41.81,31.23,24.41,15.06,25.88
8730.0,145.5,0.0,0.0,240.0,240.0,1,33.39,41.72,31.13,24.33,14.98,25.79
8735.0,145.58,0.0,0.0,240.0,240.0,1,33.3,41.63,31.04,24.24,14.9,25.7
8740.0,145.67,0.0,0.0,240.0,240.0,1,33.21,41.54,30.94,24.15,14.83,25.61
8745.0,145.75,0.0,0.0,240.0,240.0,1,33.12,41.45,30.85,24.07,14.75,25.52
8750.0,145.83,0.0,0.0,240.0,240.0,1,33.03,41.36,30.76,23.98,14.67,25.43
8755.0,145.92,0.0,0.0,240.0,240.0,1,32.94,41.28,30.66,23.89,14.6,25.34
8760.0,146.0,0.0,0.0,240.0,240.0,1,32.85,41.19,30.57,23.81,14.52,25.25
8765.0,146.08,0.0,0.0,240.0,240.0,1,32.76,41.1,30.47,23.72,14.44,25.16
8770.0,146.17,0.0,0.0,240.0,240.0,1,32.67,41.01,30.38,23.64,14.37,25.07
8775.0,146.25,0.0,0.0,240.0,240.0,1,32.58,40.93,30.29,23.55,14.29,24.98
8780.0,146.33,0.0,0.0,240.0,240.0,1,32.49,40.84,30.19,23.47,14.21,24.89
8785.0,146.42,0.0,0.0,240.0,240.0,1,32.4,40.75,30.1,23.38,14.14,24.81
8790.0,146.5,0.0,0.0,240.0,240.0,1,32.32,40.66,30.01,23.3,14.06,24.72
8795.0,146.58,0.0,0.0,240.0,240.0,1,32.23,40.57,29.92,23.21,13.99,24.63
8800.0,146.67,0.0,0.0,240.0,240.0,1,32.14,40.49,29.82,23.13,13.91,24.54
8805.0,146.75,0.0,0.0,240.0,240.0,1,32.05,40.4,29.73,23.04,13.84,24.46
8810.0,146.83,0.0,0.0,240.0,240.0,1,31.96,40.31,29.64,22.96,13.76,24.37
8815.0,146.92,0.0,0.0,240.0,240.0,1,31.88,40.22,29.55,22.87,13.69,24.28
8820.0,147.0,0.0,0.0,240.0,240.0,1,31.79,40.14,29.46,22.79,13.61,24.2
8825.0,147.08,0.0,0.0,240.0,240.0,1,31.7,40.05,29.37,22.7,13.54,24.11
8830.0,147.17,0.0,0.0,240.0,240.0,1,31.61,39.96,29.28,22.62,13.46,24.02
8835.0,147.25,0.0,0.0,240.0,240.0,1,31.53,39.87,29.18,22.54,13.39,23.94
8840.0,147.33,0.0,0.0,240.0,240.0,1,31.44,39.78,29.09,22.45,13.31,23.85
8845.0,147.42,0.0,0.0,240.0,240.0,1,31.35,39.7,29.0,22.37,13.24,23.77
8850.0,147.5,0.0,0.0,240.0,240.0,1,31.27,39.61,28.91,22.29,13.16,23.68
8855.0,147.58,0.0,0.0,240.0,240.0,1,31.18,39.52,28.82,22.21,13.09,23.6
8860.0,147.67,0.0,0.0,240.0,240.0,1,31.1,39.43,28.73,22.12,13.02,23.51
8865.0,147.75,0.0,0.0,240.0,240.0,1,31.01,39.35,28.64,22.04,12.94,23.43
8870.0,147.83,0.0,0.0,240.0,240.0,1,30.92,39.26,28.55,21.96,12.87,23.34
8875.0,147.92,0.0,0.0,240.0,240.0,1,30.84,39.17,28.47,21.88,12.8,23.26
8880.0,148.0,0.0,0.0,240.0,240.0,1,30.75,39.09,28.38,21.79,12.72,23.17
8885.0,148.08,0.0,0.0,240.0,240.0,1,30.67,39.0,28.29,21.71,12.65,23.09
8890.0,148.17,0.0,0.0,240.0,240.0,1,30.58,38.91,28.2,21.63,12.58,23.0
8895.0,148.25,0.0,0.0,240.0,240.0,1,30.5,38.82,28.11,21.55,12.5,22.92
8900.0,148.33,0.0,0.0,240.0,240.0,1,30.42,38.74,28.02,21.47,12.43,22.84
8905.0,148.42,0.0,0.0,240.0,240.0,1,30.33,38.65,27.93,21.39,12.36,22.75
8910.0,148.5,0.0,0.0,240.0,240.0,1,30.25,38.56,27.85,21.3,12.29,22.67
8915.0,148.58,0.0,0.0,240.0,240.0,1,30.16,38.48,27.76,21.22,12.21,22.59
8920.0,148.67,0.0,0.0,240.0,240.0,1,30.08,38.39,27.67,21.14,12.14,22.51
8925.0,148.75,0.0,0.0,240.0,240.0,1,30.0,38.3,27.58,21.06,12.07,22.42
8930.0,148.83,0.0,0.0,240.0,240.0,1,29.91,38.22,27.49,20.98,12.0,22.34
8935.0,148.92,0.0,0.0,240.0,240.0,1,29.83,38.13,27.41,20.9,11.93,22.26
8940.0,149.0,0.0,0.0,240.0,240.0,1,29.74,38.04,27.32,20.82,11.85,22.18
8945.0,149.08,0.0,0.0,240.0,240.0,1,29.66,37.95,27.23,20.74,11.78,22.1
8950.0,149.17,0.0,0.0,240.0,240.0,1,29.58,37.87,27.15,20.66,11.71,22.01
8955.0,149.25,0.0,0.0,240.0,240.0,1,29.5,37.78,27.06,20.58,11.64,21.93
8960.0,149.33,0.0,0.0,240.0,240.0,1,29.41,37.7,26.97,20.5,11.57,21.85
8965.0,149.42,0.0,0.0,240.0,240.0,1,29.33,37.61,26.89,20.42,11.5,21.77
8970.0,149.5,0.0,0.0,240.0,240.0,1,29.25,37.52,26.8,20.34,11.43,21.69
8975.0,149.58,0.0,0.0,240.0,240.0,1,29.17,37.44,26.72,20.26,11.36,21.61
8980.0,149.67,0.0,0.0,240.0,240.0,1,29.09,37.35,26.63,20.19,11.29,21.53
8985.0,149.75,0.0,0.0,240.0,240.0,1,29.0,37.26,26.55,20.11,11.22,21.45
8990.0,149.83,0.0,0.0,240.0,240.0,1,28.92,37.18,26.46,20.03,11.14,21.37
8995.0,149.92,0.0,0.0,240.0,240.0,1,28.84,37.09,26.38,19.95,11.07,21.29
9000.0,150.0,0.0,0.0,240.0,240.0,1,28.76,37.0,26.29,19.87,11.0,21.21
9005.0,150.08,0.0,0.0,240.0,240.0,1,28.68,36.92,26.21,19.79,10.93,21.13
9010.0,150.17,0.0,0.0,240.0,240.0,1,28.6,36.83,26.12,19.72,10.87,21.05
9015.0,150.25,0.0,0.0,240.0,240.0,1,28.52,36.75,26.04,19.64,10.8,20.97
9020.0,150.33,0.0,0.0,240.0,240.0,1,28.44,36.66,25.95,19.56,10.73,20.89
9025.0,150.42,0.0,0.0,240.0,240.0,1,28.36,36.57,25.87,19.48,10.66,20.81
9030.0,150.5,0.0,0.0,240.0,240.0,1,28.28,36.49,25.79,19.4,10.59,20.73
9035.0,150.58,0.0,0.0,240.0,240.0,1,28.2,36.4,25.7,19.33,10.52,20.65
9040.0,150.67,0.0,0.0,240.0,240.0,1,28.12,36.32,25.62,19.25,10.45,20.58
9045.0,150.75,0.0,0.0,240.0,240.0,1,28.04,36.23,25.54,19.17,10.38,20.5
9050.0,150.83,0.0,0.0,240.0,240.0,1,27.96,36.15,25.45,19.1,10.31,20.42
9055.0,150.92,0.0,0.0,240.0,240.0,1,27.88,36.06,25.37,19.02,10.24,20.34
9060.0,151.0,0.0,0.0,240.0,240.0,1,27.8,35.97,25.29,18.94,10.17,20.26
9065.0,151.08,0.0,0.0,240.0,240.0,1,27.72,35.89,25.2,18.87,10.11,20.19
9070.0,151.17,0.0,0.0,240.0,240.0,1,27.64,35.8,25.12,18.79,10.04,20.11
9075.0,151.25,0.0,0.0,240.0,240.0,1,27.56,35.72,25.04,18.71,9.97,20.03
9080.0,151.33,0.0,0.0,240.0,240.0,1,27.48,35.63,24.96,18.64,9.9,19.95
9085.0,151.42,0.0,0.0,240.0,240.0,1,27.4,35.55,24.87,18.56,9.83,19.88
9090.0,151.5,0.0,0.0,240.0,240.0,1,27.32,35.46,24.79,18.49,9.77,19.8
9095.0,151.58,0.0,0.0,240.0,240.0,1,27.25,35.38,24.71,18.41,9.7,19.72
9100.0,151.67,0.0,0.0,240.0,240.0,1,27.17,35.29,24.63,18.34,9.63,19.65
9105.0,151.75,0.0,0.0,240.0,240.0,1,27.09,35.21,24.55,18.26,9.56,19.57
9110.0,151.83,0.0,0.0,240.0,240.0,1,27.01,35.12,24.47,18.18,9.5,19.49
9115.0,151.92,0.0,0.0,240.0,240.0,1,26.93,35.04,24.39,18.11,9.43,19.42
9120.0,152.0,0.0,0.0,240.0,240.0,1,26.86,34.95,24.3,18.03,9.36,19.34
9125.0,152.08,0.0,0.0,240.0,240.0,1,26.78,34.87,24.22,17.96,9.29,19.27
9130.0,152.17,0.0,0.0,240.0,240.0,1,26.7,34.78,24.14,17.89,9.23,19.19
9135.0,152.25,0.0,0.0,240.0,240.0,1,26.62,34.7,24.06,17.81,9.16,19.12
9140.0,152.33,0.0,0.0,240.0,240.0,1,26.55,34.61,23.98,17.74,9.09,19.04
9145.0,152.42,0.0,0.0,240.0,240.0,1,26.47,34.53,23.9,17.66,9.03,18.97
9150.0,152.5,0.0,0.0,240.0,240.0,1,26.39,34.44,23.82,17.59,8.96,18.89
9155.0,152.58,0.0,0.0,240.0,240.0,1,26.32,34.36,23.74,17.51,8.89,18.82
9160.0,152.67,0.0,0.0,240.0,240.0,1,26.24,34.28,23.66,17.44,8.83,18.74
9165.0,152.75,0.0,0.0,240.0,240.0,1,26.16,34.19,23.58,17.37,8.76,18.67
9170.0,152.83,0.0,0.0,240.0,240.0,1,26.09,34.11,23.5,17.29,8.7,18.59
9175.0,152.92,0.0,0.0,240.0,240.0,1,26.01,34.02,23.43,17.22,8.63,18.52
9180.0,153.0,0.0,0.0,240.0,240.0,1,25.94,33.94,23.35,17.15,8.56,18.44
9185.0,153.08,0.0,0.0,240.0,240.0,1,25.86,33.86,23.27,17.07,8.5,18.37
9190.0,153.17,0.0,0.0,240.0,240.0,1,25.78,33.77,23.19,17.0,8.43,18.3
9195.0,153.25,0.0,0.0,240.0,240.0,1,25.71,33.69,23.11,16.93,8.37,18.22
9200.0,153.33,0.0,0.0,240.0,240.0,1,25.63,33.6,23.03,16.85,8.3,18.15
9205.0,153.42,0.0,0.0,240.0,240.0,1,25.56,33.52,22.95,16.78,8.24,18.08
9210.0,153.5,0.0,0.0,240.0,240.0,1,25.48,33.44,22.88,16.71,8.17,18.0
9215.0,153.58,0.0,0.0,240.0,240.0,1,25.41,33.35,22.8,16.64,8.11,17.93
9220.0,153.67,0.0,0.0,240.0,240.0,1,25.33,33.27,22.72,16.56,8.04,17.86
9225.0,153.75,0.0,0.0,240.0,240.0,1,25.26,33.19,22.64,16.49,7.98,17.78
9230.0,153.83,0.0,0.0,240.0,240.0,1,25.18,33.1,22.56,16.42,7.91,17.71
9235.0,153.92,0.0,0.0,240.0,240.0,1,25.11,33.02,22.49,16.35,7.85,17.64
9240.0,154.0,0.0,0.0,240.0,240.0,1,25.04,32.94,22.41,16.28,7.79,17.57
9245.0,154.08,0.0,0.0,240.0,240.0,1,24.96,32.85,22.33,16.21,7.72,17.5
9250.0,154.17,0.0,0.0,240.0,240.0,1,24.89,32.77,22.26,16.13,7.66,17.42
9255.0,154.25,0.0,0.0,240.0,240.0,1,24.81,32.69,22.18,16.06,7.59,17.35
9260.0,154.33,0.0,0.0,240.0,240.0,1,24.74,32.6,22.1,15.99,7.53,17.28
9265.0,154.42,0.0,0.0,240.0,240.0,1,24.67,32.52,22.03,15.92,7.46,17.21
9270.0,154.5,0.0,0.0,240.0,240.0,1,24.59,32.44,21.95,15.85,7.4,17.14
9275.0,154.58,0.0,0.0,240.0,240.0,1,24.52,32.35,21.87,15.78,7.34,17.07
9280.0,154.67,0.0,0.0,240.0,240.0,1,24.45,32.27,21.8,15.71,7.27,16.99
9285.0,154.75,0.0,0.0,240.0,240.0,1,24.37,32.19,21.72,15.64,7.21,16.92
9290.0,154.83,0.0,0.0,240.0,240.0,1,24.3,32.11,21.64,15.57,7.15,16.85
9295.0,154.92,0.0,0.0,240.0,240.0,1,24.23,32.02,21.57,15.5,7.08,16.78
9300.0,155.0,0.0,0.0,240.0,240.0,1,24.16,31.94,21.49,15.43,7.02,16.71
9305.0,155.08,0.0,0.0,240.0,240.0,1,24.08,31.86,21.42,15.36,6.96,16.64
9310.0,155.17,0.0,0.0,240.0,240.0,1,24.01,31.78,21.34,15.29,6.9,16.57
9315.0,155.25,0.0,0.0,240.0,240.0,1,23.94,31.69,21.27,15.22,6.83,16.5
9320.0,155.33,0.0,0.0,240.0,240.0,1,23.87,31.61,21.19,15.15,6.77,16.43
9325.0,155.42,0.0,0.0,240.0,240.0,1,23.79,31.53,21.12,15.08,6.71,16.36
9330.0,155.5,0.0,0.0,240.0,240.0,1,23.72,31.45,21.04,15.01,6.65,16.29
9335.0,155.58,0.0,0.0,240.0,240.0,1,23.65,31.37,20.97,14.94,6.58,16.22
9340.0,155.67,0.0,0.0,240.0,240.0,1,23.58,31.28,20.89,14.87,6.52,16.15
9345.0,155.75,0.0,0.0,240.0,240.0,1,23.51,31.2,20.82,14.8,6.46,16.08
9350.0,155.83,0.0,0.0,240.0,240.0,1,23.44,31.12,20.75,14.73,6.4,16.01
9355.0,155.92,0.0,0.0,240.0,240.0,1,23.37,31.04,20.67,14.66,6.33,15.94
9360.0,156.0,0.0,0.0,240.0,240.0,1,23.29,30.96,20.6,14.59,6.27,15.87
9365.0,156.08,0.0,0.0,240.0,240.0,1,23.22,30.88,20.52,14.52,6.21,15.8
9370.0,156.17,0.0,0.0,240.0,240.0,1,23.15,30.79,20.45,14.45,6.15,15.74
9375.0,156.25,0.0,0.0,240.0,240.0,1,23.08,30.71,20.38,14.39,6.09,15.67
9380.0,156.33,0.0,0.0,240.0,240.0,1,23.01,30.63,20.3,14.32,6.03,15.6
9385.0,156.42,0.0,0.0,240.0,240.0,1,22.94,30.55,20.23,14.25,5.96,15.53
9390.0,156.5,0.0,0.0,240.0,240.0,1,22.87,30.47,20.16,14.18,5.9,15.46
9395.0,156.58,0.0,0.0,240.0,240.0,1,22.8,30.39,20.08,14.11,5.84,15.39
9400.0,156.67,0.0,0.0,240.0,240.0,0,22.73,30.31,20.01,14.05,5.78,15.33
9405.0,156.75,0.0,0.0,240.0,240.0,0,22.66,30.23,19.94,13.98,5.72,15.26
9410.0,156.83,0.0,0.0,240.0,240.0,0,22.59,30.15,19.87,13.91,5.66,15.19
9415.0,156.92,0.0,0.0,240.0,240.0,0,22.52,30.07,19.79,13.84,5.6,15.12
9420.0,157.0,0.0,0.0,240.0,240.0,0,22.45,29.98,19.72,13.78,5.54,15.06
9425.0,157.08,0.0,0.0,240.0,240.0,0,22.38,29.9,19.65,13.71,5.48,14.99
9430.0,157.17,0.0,0.0,240.0,240.0,0,22.31,29.82,19.58,13.64,5.42,14.92
9435.0,157.25,0.0,0.0,240.0,240.0,0,22.24,29.74,19.5,13.57,5.36,14.85
9440.0,157.33,0.0,0.0,240.0,240.0,0,22.17,29.66,19.43,13.51,5.3,14.79
9445.0,157.42,0.0,0.0,240.0,240.0,0,22.1,29.58,19.36,13.44,5.24,14.72
9450.0,157.5,0.0,0.0,240.0,240.0,0,22.03,29.5,19.29,13.37,5.18,14.65
9455.0,157.58,0.0,0.0,240.0,240.0,0,21.97,29.42,19.22,13.31,5.12,14.59
9460.0,157.67,0.0,0.0,240.0,240.0,0,21.9,29.34,19.15,13.24,5.06,14.52
9465.0,157.75,0.0,0.0,240.0,240.0,0,21.83,29.26,19.08,13.17,5.0,14.45
9470.0,157.83,0.0,0.0,240.0,240.0,0,21.76,29.18,19.0,13.11,4.94,14.39
9475.0,157.92,0.0,0.0,240.0,240.0,0,21.69,29.1,18.93,13.04,4.88,14.32
9480.0,158.0,0.0,0.0,240.0,240.0,0,21.62,29.02,18.86,12.97,4.82,14.25
9485.0,158.08,0.0,0.0,240.0,240.0,0,21.56,28.94,18.79,12.91,4.76,14.19
9490.0,158.17,0.0,0.0,240.0,240.0,0,21.49,28.86,18.72,12.84,4.7,14.12
9495.0,158.25,0.0,0.0,240.0,240.0,0,21.42,28.78,18.65,12.78,4.64,14.06
9500.0,158.33,0.0,0.0,240.0,240.0,0,21.35,28.7,18.58,12.71,4.58,13.99
9505.0,158.42,0.0,0.0,240.0,240.0,0,21.28,28.63,18.51,12.65,4.52,13.93
9510.0,158.5,0.0,0.0,240.0,240.0,0,21.22,28.55,18.44,12.58,4.46,13.86
9515.0,158.58,0.0,0.0,240.0,240.0,0,21.15,28.47,18.37,12.52,4.41,13.8
9520.0,158.67,0.0,0.0,240.0,240.0,0,21.08,28.39,18.3,12.45,4.35,13.73
9525.0,158.75,0.0,0.0,240.0,240.0,0,21.02,28.31,18.23,12.39,4.29,13.67
9530.0,158.83,0.0,0.0,240.0,240.0,0,20.95,28.23,18.16,12.32,4.23,13.6
9535.0,158.92,0.0,0.0,240.0,240.0,0,20.88,28.15,18.09,12.26,4.17,13.54
9540.0,159.0,0.0,0.0,240.0,240.0,0,20.81,28.07,18.02,12.19,4.11,13.47
9545.0,159.08,0.0,0.0,240.0,240.0,0,20.75,27.99,17.95,12.13,4.05,13.41
9550.0,159.17,0.0,0.0,240.0,240.0,0,20.68,27.91,17.88,12.06,4.0,13.34
9555.0,159.25,0.0,0.0,240.0,240.0,0,20.61,27.84,17.82,12.0,3.94,13.28
9560.0,159.33,0.0,0.0,240.0,240.0,0,20.55,27.76,17.75,11.93,3.88,13.21
9565.0,159.42,0.0,0.0,240.0,240.0,0,20.48,27.68,17.68,11.87,3.82,13.15
9570.0,159.5,0.0,0.0,240.0,240.0,0,20.42,27.6,17.61,11.8,3.76,13.08
9575.0,159.58,0.0,0.0,240.0,240.0,0,20.35,27.52,17.54,11.74,3.71,13.02
9580.0,159.67,0.0,0.0,240.0,240.0,0,20.28,27.44,17.47,11.68,3.65,12.96
9585.0,159.75,0.0,0.0,240.0,240.0,0,20.22,27.37,17.4,11.61,3.59,12.89
9590.0,159.83,0.0,0.0,240.0,240.0,0,20.15,27.29,17.34,11.55,3.53,12.83
9595.0,159.92,0.0,0.0,240.0,240.0,0,20.09,27.21,17.27,11.48,3.48,12.77
9600.0,160.0,0.0,0.0,240.0,240.0,0,20.02,27.13,17.2,11.42,3.42,12.7
9605.0,160.08,0.0,0.0,240.0,240.0,0,19.96,27.06,17.13,11.36,3.36,12.64
9610.0,160.17,0.0,0.0,240.0,240.0,0,19.89,26.98,17.06,11.29,3.31,12.58
9615.0,160.25,0.0,0.0,240.0,240.0,0,19.83,26.9,17.0,11.23,3.25,12.51
9620.0,160.33,0.0,0.0,240.0,240.0,0,19.76,26.82,16.93,11.17,3.19,12.45
9625.0,160.42,0.0,0.0,240.0,240.0,0,19.7,26.75,16.86,11.11,3.13,12.39
9630.0,160.5,0.0,0.0,240.0,240.0,0,19.63,26.67,16.8,11.04,3.08,12.33
9635.0,160.58,0.0,0.0,240.0,240.0,0,19.57,26.59,16.73,10.98,3.02,12.26
9640.0,160.67,0.0,0.0,240.0,240.0,0,19.5,26.51,16.66,10.92,2.96,12.2
9645.0,160.75,0.0,0.0,240.0,240.0,0,19.44,26.44,16.59,10.85,2.91,12.14
9650.0,160.83,0.0,0.0,240.0,240.0,0,19.37,26.36,16.53,10.79,2.85,12.08
9655.0,160.92,0.0,0.0,240.0,240.0,0,19.31,26.28,16.46,10.73,2.8,12.01
9660.0,161.0,0.0,0.0,240.0,240.0,0,19.24,26.21,16.39,10.67,2.74,11.95
9665.0,161.08,0.0,0.0,240.0,240.0,0,19.18,26.13,16.33,10.6,2.68,11.89
9670.0,161.17,0.0,0.0,240.0,240.0,0,19.11,26.05,16.26,10.54,2.63,11.83
9675.0,161.25,0.0,0.0,240.0,240.0,0,19.05,25.98,16.2,10.48,2.57,11.77
9680.0,161.33,0.0,0.0,240.0,240.0,0,18.99,25.9,16.13,10.42,2.52,11.7
9685.0,161.42,0.0,0.0,240.0,240.0,0,18.92,25.82,16.06,10.36,2.46,11.64
9690.0,161.5,0.0,0.0,240.0,240.0,0,18.86,25.75,16.0,10.29,2.4,11.58
9695.0,161.58,0.0,0.0,240.0,240.0,0,18.8,25.67,15.93,10.23,2.35,11.52
9700.0,161.67,0.0,0.0,240.0,240.0,0,18.73,25.59,15.87,10.17,2.29,11.46
9705.0,161.75,2.23,0.59,240.0,242.82,0,18.67,25.52,15.8,10.11,2.24,11.4
9710.0,161.83,9.68,2.57,240.0,252.25,0,18.61,25.44,15.73,10.05,2.18,11.37
9715.0,161.92,17.13,4.55,240.0,261.68,0,18.54,25.37,15.67,9.99,2.13,11.35
9720.0,162.0,24.58,6.53,240.0,271.1,0,18.48,25.29,15.6,9.93,2.07,11.36
9725.0,162.08,32.02,8.51,240.0,280.53,0,18.42,25.21,15.54,9.87,2.02,11.39
9730.0,162.17,39.47,10.48,240.0,289.95,0,18.35,25.14,15.47,9.81,1.96,11.44
9735.0,162.25,46.91,12.46,240.0,299.37,0,18.29,25.06,15.41,9.75,1.91,11.52
9740.0,162.33,54.35,14.44,240.0,308.79,0,18.23,24.99,15.34,9.69,1.85,11.62
9745.0,162.42,61.8,16.41,240.0,318.21,0,18.17,24.91,15.28,9.63,1.8,11.75
9750.0,162.5,69.24,18.39,240.0,327.62,0,18.11,24.84,15.22,9.57,1.75,11.9
9755.0,162.58,76.67,20.36,240.0,337.04,0,18.04,24.76,15.15,9.52,1.69,12.06
9760.0,162.67,84.11,22.34,240.0,346.45,0,17.98,24.69,15.09,9.46,1.64,12.25
9765.0,162.75,91.54,24.31,240.0,355.85,0,17.92,24.61,15.02,9.41,1.59,12.47
9770.0,162.83,98.97,26.29,240.0,365.25,0,17.86,24.54,14.96,9.35,1.53,12.7
9775.0,162.92,106.39,28.26,240.0,374.65,0,17.8,24.46,14.9,9.3,1.48,12.95
9780.0,163.0,113.81,30.23,240.0,384.04,0,17.74,24.39,14.83,9.25,1.43,13.23
9785.0,163.08,121.23,32.2,240.0,393.43,0,17.68,24.31,14.77,9.2,1.38,13.52
9790.0,163.17,128.65,34.17,240.0,402.82,0,17.62,24.24,14.71,9.15,1.33,13.83
9795.0,163.25,136.06,36.14,240.0,412.2,0,17.56,24.16,14.65,9.1,1.29,14.17
9800.0,163.33,143.46,38.1,240.0,421.57,0,17.51,24.09,14.59,9.06,1.24,14.52
9805.0,163.42,150.87,40.07,240.0,430.94,0,17.45,24.02,14.52,9.01,1.19,14.89
9810.0,163.5,158.26,42.03,240.0,440.3,0,17.39,23.94,14.46,8.97,1.15,15.28
9815.0,163.58,165.65,44.0,240.0,449.65,0,17.34,23.87,14.4,8.92,1.1,15.69
9820.0,163.67,173.04,45.96,240.0,459.0,0,17.28,23.79,14.34,8.88,1.06,16.12
9825.0,163.75,180.42,47.92,240.0,468.34,0,17.23,23.72,14.28,8.84,1.01,16.56
9830.0,163.83,187.8,49.88,240.0,477.68,0,17.17,23.65,14.23,8.8,0.97,17.02
9835.0,163.92,195.17,51.84,240.0,487.0,0,17.12,23.58,14.17,8.77,0.93,17.5
9840.0,164.0,202.53,53.79,240.0,496.32,0,17.07,23.5,14.11,8.73,0.89,18.0
9845.0,164.08,209.88,55.75,240.0,505.63,0,17.02,23.43,14.05,8.7,0.85,18.51
9850.0,164.17,217.23,57.7,240.0,514.93,0,16.97,23.36,14.0,8.67,0.82,19.04
9855.0,164.25,224.58,59.65,240.0,524.22,0,16.92,23.29,13.94,8.64,0.78,19.58
9860.0,164.33,231.91,61.6,240.0,533.51,0,16.87,23.21,13.88,8.61,0.74,20.14
9865.0,164.42,239.24,63.54,240.0,542.78,0,16.82,23.14,13.83,8.58,0.71,20.72
9870.0,164.5,246.56,65.49,240.0,552.05,0,16.77,23.07,13.78,8.56,0.68,21.31
9875.0,164.58,253.87,67.43,240.0,561.3,0,16.73,23.0,13.72,8.53,0.65,21.92
9880.0,164.67,261.18,69.37,240.0,570.54,0,16.68,22.93,13.67,8.51,0.62,22.54
9885.0,164.75,268.47,71.31,240.0,579.78,0,16.64,22.86,13.62,8.49,0.59,23.18
9890.0,164.83,275.76,73.24,240.0,589.0,0,16.6,22.79,13.57,8.48,0.57,23.83
9895.0,164.92,283.04,75.17,240.0,598.21,0,16.56,22.72,13.52,8.46,0.54,24.5
9900.0,165.0,290.31,77.11,240.0,607.41,0,16.52,22.65,13.47,8.45,0.52,25.18
9905.0,165.08,297.57,79.03,240.0,616.6,0,16.48,22.58,13.42,8.43,0.5,25.87
9910.0,165.17,304.82,80.96,240.0,625.78,0,16.44,22.51,13.37,8.42,0.47,26.58
9915.0,165.25,312.06,82.88,240.0,634.94,0,16.41,22.44,13.33,8.42,0.46,27.3
9920.0,165.33,319.29,84.8,240.0,644.09,0,16.38,22.37,13.28,8.41,0.44,28.03
9925.0,165.42,326.51,86.72,240.0,653.23,0,16.34,22.3,13.24,8.4,0.42,28.78
9930.0,165.5,333.72,88.64,240.0,662.35,0,16.31,22.24,13.19,8.4,0.41,29.54
9935.0,165.58,340.92,90.55,240.0,671.46,0,16.28,22.17,13.15,8.4,0.4,30.31
9940.0,165.67,348.1,92.46,240.0,680.56,0,16.25,22.1,13.11,8.4,0.39,31.1
9945.0,165.75,355.28,94.36,240.0,689.64,0,16.23,22.03,13.07,8.41,0.38,31.89
9950.0,165.83,362.45,96.27,240.0,698.71,0,16.2,21.97,13.03,8.41,0.37,32.7
9955.0,165.92,369.6,98.17,240.0,707.77,0,16.18,21.9,12.99,8.42,0.37,33.52
9960.0,166.0,376.74,100.06,240.0,716.8,0,16.16,21.83,12.96,8.43,0.36,34.35
9965.0,166.08,383.87,101.96,240.0,725.83,0,16.14,21.77,12.92,8.44,0.36,35.19
9970.0,166.17,390.99,103.85,240.0,734.84,0,16.12,21.7,12.89,8.46,0.36,36.05
9975.0,166.25,398.09,105.73,240.0,743.83,0,16.1,21.64,12.85,8.47,0.36,36.91
9980.0,166.33,405.19,107.62,240.0,752.8,0,16.09,21.58,12.82,8.49,0.37,37.79
9985.0,166.42,412.27,109.5,240.0,761.76,0,16.07,21.51,12.79,8.51,0.37,38.67
9990.0,166.5,419.33,111.38,240.0,770.71,0,16.06,21.45,12.76,8.54,0.38,39.57
9995.0,166.58,426.38,113.25,240.0,779.63,0,16.05,21.39,12.73,8.56,0.39,40.47
10000.0,166.67,433.42,115.12,240.0,788.54,0,16.04,21.32,12.71,8.59,0.4,41.39
10005.0,166.75,440.45,116.98,240.0,797.43,0,16.03,21.26,12.68,8.62,0.41,42.31
10010.0,166.83,447.46,118.85,240.0,806.3,0,16.03,21.2,12.66,8.65,0.42,43.25
10015.0,166.92,454.45,120.7,240.0,815.16,0,16.03,21.14,12.64,8.68,0.44,44.19
10020.0,167.0,461.44,122.56,240.0,824.0,0,16.02,21.08,12.61,8.72,0.46,45.15
10025.0,167.08,468.4,124.41,240.0,832.81,0,16.03,21.02,12.59,8.75,0.48,46.11
10030.0,167.17,475.36,126.26,240.0,841.61,0,16.03,20.96,12.58,8.79,0.5,47.08
10035.0,167.25,482.29,128.1,240.0,850.39,0,16.03,20.9,12.56,8.84,0.53,48.06
10040.0,167.33,489.21,129.94,240.0,859.15,0,16.04,20.84,12.54,8.88,0.55,49.05
10045.0,167.42,496.12,131.77,240.0,867.89,0,16.05,20.78,12.53,8.93,0.58,50.04
10050.0,167.5,503.01,133.6,240.0,876.61,0,16.06,20.73,12.52,8.98,0.61,51.05
10055.0,167.58,509.88,135.43,240.0,885.31,0,16.07,20.67,12.51,9.03,0.64,52.06
10060.0,167.67,516.74,137.25,240.0,893.99,0,16.08,20.61,12.5,9.08,0.67,53.08
10065.0,167.75,523.58,139.06,240.0,902.64,0,16.1,20.56,12.49,9.14,0.71,54.1
10070.0,167.83,530.4,140.88,240.0,911.28,0,16.12,20.5,12.48,9.19,0.75,55.14
10075.0,167.92,537.21,142.68,240.0,919.89,0,16.14,20.45,12.48,9.25,0.79,56.18
10080.0,168.0,544.0,144.49,240.0,928.49,0,16.16,20.39,12.48,9.32,0.83,57.23
10085.0,168.08,550.77,146.29,240.0,937.06,0,16.18,20.34,12.48,9.38,0.87,58.28
10090.0,168.17,557.53,148.08,240.0,945.61,0,16.21,20.29,12.48,9.45,0.92,59.35
10095.0,168.25,564.26,149.87,240.0,954.13,0,16.24,20.23,12.48,9.52,0.97,60.41
10100.0,168.33,570.98,151.65,240.0,962.63,0,16.27,20.18,12.48,9.59,1.01,61.49
10105.0,168.42,577.68,153.43,240.0,971.11,0,16.3,20.13,12.49,9.66,1.07,62.57
10110.0,168.5,584.36,155.21,240.0,979.57,0,16.33,20.08,12.5,9.74,1.12,63.66
10115.0,168.58,591.02,156.98,240.0,988.0,0,16.37,20.03,12.5,9.81,1.17,64.75
10120.0,168.67,597.67,158.74,240.0,996.41,0,16.41,19.98,12.52,9.89,1.23,65.85
10125.0,168.75,604.29,160.5,240.0,1004.79,0,16.45,19.93,12.53,9.97,1.29,66.95
10130.0,168.83,610.9,162.26,240.0,1013.15,0,16.49,19.89,12.54,10.06,1.35,68.06
10135.0,168.92,617.48,164.0,240.0,1021.49,0,16.53,19.84,12.56,10.15,1.42,69.18
10140.0,169.0,624.05,165.75,240.0,1029.8,0,16.58,19.79,12.57,10.23,1.48,70.3
10145.0,169.08,630.59,167.49,240.0,1038.08,0,16.63,19.75,12.59,10.32,1.55,71.42
10150.0,169.17,637.12,169.22,240.0,1046.34,0,16.68,19.7,12.62,10.42,1.62,72.55
10155.0,169.25,643.63,170.95,240.0,1054.57,0,16.73,19.66,12.64,10.51,1.69,73.69
10160.0,169.33,650.11,172.67,240.0,1062.78,0,16.79,19.61,12.66,10.61,1.76,74.82
10165.0,169.42,656.57,174.39,240.0,1070.96,0,16.85,19.57,12.69,10.71,1.84,75.97
10170.0,169.5,663.02,176.1,240.0,1079.11,0,16.91,19.53,12.72,10.81,1.91,77.11
10175.0,169.58,669.44,177.8,240.0,1087.24,0,16.97,19.49,12.75,10.92,1.99,78.27
10180.0,169.67,675.84,179.5,240.0,1095.34,0,17.03,19.45,12.78,11.02,2.07,79.42
10185.0,169.75,682.21,181.2,240.0,1103.41,0,17.1,19.41,12.81,11.13,2.16,80.58
10190.0,169.83,688.57,182.89,240.0,1111.45,0,17.16,19.37,12.85,11.24,2.24,81.74
10195.0,169.92,694.9,184.57,240.0,1119.47,0,17.23,19.33,12.89,11.35,2.33,82.91
10200.0,170.0,701.21,186.24,240.0,1127.46,0,17.31,19.29,12.93,11.47,2.41,84.08
10205.0,170.08,707.5,187.91,240.0,1135.42,0,17.38,19.25,12.97,11.58,2.51,85.25
10210.0,170.17,713.77,189.58,240.0,1143.35,0,17.46,19.22,13.01,11.7,2.6,86.42
10215.0,170.25,720.01,191.24,240.0,1151.25,0,17.53,19.18,13.06,11.83,2.69,87.6
10220.0,170.33,726.23,192.89,240.0,1159.12,0,17.61,19.15,13.11,11.95,2.79,88.78
10225.0,170.42,732.43,194.53,240.0,1166.97,0,17.7,19.11,13.15,12.07,2.89,89.97
10230.0,170.5,738.6,196.17,240.0,1174.78,0,17.78,19.08,13.2,12.2,2.99,91.15
10235.0,170.58,744.75,197.81,240.0,1182.56,0,17.87,19.05,13.26,12.33,3.09,92.34
10240.0,170.67,750.88,199.44,240.0,1190.32,0,17.96,19.02,13.31,12.46,3.19,93.53
10245.0,170.75,756.98,201.06,240.0,1198.04,0,18.05,18.98,13.37,12.6,3.3,94.72
10250.0,170.83,763.06,202.67,240.0,1205.73,0,18.14,18.95,13.43,12.73,3.41,95.92
10255.0,170.92,769.11,204.28,240.0,1213.39,0,18.24,18.93,13.49,12.87,3.52,97.11
10260.0,171.0,775.14,205.88,240.0,1221.02,0,18.33,18.9,13.55,13.01,3.63,98.31
10265.0,171.08,781.14,207.47,240.0,1228.62,0,18.43,18.87,13.62,13.15,3.74,99.51
10270.0,171.17,787.12,209.06,240.0,1236.18,0,18.54,18.84,13.68,13.29,3.85,100.71
10275.0,171.25,793.08,210.64,240.0,1243.72,0,18.64,18.82,13.75,13.44,3.97,101.92
10280.0,171.33,799.0,212.22,240.0,1251.22,0,18.75,18.79,13.82,13.59,4.09,103.12
10285.0,171.42,804.9,213.78,240.0,1258.69,0,18.85,18.77,13.89,13.74,4.21,104.32
10290.0,171.5,810.78,215.34,240.0,1266.13,0,18.96,18.75,13.97,13.89,4.33,105.53
10295.0,171.58,816.63,216.9,240.0,1273.53,0,19.07,18.73,14.04,14.04,4.46,106.74
10300.0,171.67,822.45,218.45,240.0,1280.9,0,19.19,18.7,14.12,14.2,4.58,107.94
10305.0,171.75,828.25,219.99,240.0,1288.24,0,19.3,18.68,14.2,14.36,4.71,109.15
10310.0,171.83,834.02,221.52,240.0,1295.54,0,19.42,18.66,14.28,14.51,4.84,110.36
10315.0,171.92,839.77,223.04,240.0,1302.81,0,19.54,18.65,14.36,14.68,4.97,111.57
10320.0,172.0,845.48,224.56,240.0,1310.05,0,19.67,18.63,14.45,14.84,5.1,112.77
10325.0,172.08,851.17,226.07,240.0,1317.25,0,19.79,18.61,14.54,15.0,5.24,113.98
10330.0,172.17,856.84,227.58,240.0,1324.41,0,19.92,18.6,14.63,15.17,5.37,115.19
10335.0,172.25,862.47,229.07,240.0,1331.55,0,20.04,18.58,14.72,15.34,5.51,116.4
10340.0,172.33,868.08,230.56,240.0,1338.64,0,20.17,18.57,14.81,15.51,5.65,117.61
10345.0,172.42,873.66,232.05,240.0,1345.7,0,20.31,18.55,14.91,15.68,5.79,118.81
10350.0,172.5,879.21,233.52,240.0,1352.73,0,20.44,18.54,15.0,15.86,5.94,120.02
10355.0,172.58,884.73,234.99,240.0,1359.72,0,20.58,18.53,15.1,16.03,6.08,121.23
10360.0,172.67,890.23,236.45,240.0,1366.68,0,20.72,18.52,15.2,16.21,6.23,122.43
10365.0,172.75,895.7,237.9,240.0,1373.59,0,20.86,18.51,15.31,16.39,6.37,123.64
10370.0,172.83,901.13,239.34,240.0,1380.48,0,21.0,18.5,15.41,16.57,6.52,124.84
10375.0,172.92,906.54,240.78,240.0,1387.32,0,21.14,18.5,15.52,16.76,6.67,126.05
10380.0,173.0,911.92,242.21,240.0,1394.13,0,21.29,18.49,15.63,16.94,6.83,127.25
10385.0,173.08,917.27,243.63,240.0,1400.9,0,21.44,18.48,15.74,17.13,6.98,128.45
10390.0,173.17,922.59,245.04,240.0,1407.63,0,21.59,18.48,15.85,17.32,7.14,129.65
10395.0,173.25,927.88,246.45,240.0,1414.33,0,21.74,18.48,15.97,17.51,7.29,130.84
10400.0,173.33,933.15,247.84,240.0,1420.99,0,21.89,18.47,16.08,17.7,7.45,132.04
10405.0,173.42,938.38,249.23,240.0,1427.61,0,22.05,18.47,16.2,17.89,7.61,133.24
10410.0,173.5,943.58,250.62,240.0,1434.19,0,22.2,18.47,16.32,18.09,7.78,134.43
10415.0,173.58,948.75,251.99,240.0,1440.74,0,22.36,18.47,16.44,18.28,7.94,135.62
10420.0,173.67,953.89,253.35,240.0,1447.24,0,22.52,18.47,16.56,18.48,8.11,136.81
10425.0,173.75,959.0,254.71,240.0,1453.71,0,22.69,18.47,16.69,18.68,8.27,137.99
10430.0,173.83,964.08,256.06,240.0,1460.14,0,22.85,18.48,16.82,18.88,8.44,139.18
10435.0,173.92,969.13,257.4,240.0,1466.53,0,23.02,18.48,16.95,19.08,8.61,140.36
10440.0,174.0,974.14,258.73,240.0,1472.88,0,23.19,18.49,17.08,19.29,8.78,141.54
10445.0,174.08,979.13,260.06,240.0,1479.19,0,23.36,18.49,17.21,19.49,8.95,142.72
10450.0,174.17,984.09,261.37,240.0,1485.46,0,23.53,18.5,17.35,19.7,9.13,143.89
10455.0,174.25,989.01,262.68,240.0,1491.69,0,23.7,18.51,17.48,19.91,9.3,145.07
10460.0,174.33,993.9,263.98,240.0,1497.88,0,23.88,18.52,17.62,20.12,9.48,146.23
10465.0,174.42,998.76,265.27,240.0,1504.03,0,24.05,18.53,17.76,20.33,9.66,147.4
10470.0,174.5,1003.59,266.55,240.0,1510.14,0,24.23,18.54,17.9,20.55,9.84,148.57
10475.0,174.58,1008.38,267.83,240.0,1516.21,0,24.41,18.55,18.05,20.76,10.02,149.73
10480.0,174.67,1013.14,269.09,240.0,1522.24,0,24.6,18.57,18.19,20.98,10.2,150.88
10485.0,174.75,1017.87,270.35,240.0,1528.22,0,24.78,18.58,18.34,21.2,10.38,152.04
10490.0,174.83,1022.57,271.6,240.0,1534.17,0,24.97,18.6,18.49,21.41,10.57,153.19
10495.0,174.92,1027.24,272.84,240.0,1540.07,0,25.15,18.61,18.64,21.63,10.75,154.34
10500.0,175.0,1031.87,274.07,240.0,1545.93,0,25.34,18.63,18.79,21.86,10.94,155.48
10505.0,175.08,1036.47,275.29,240.0,1551.75,0,25.53,18.65,18.94,22.08,11.13,156.62
10510.0,175.17,1041.03,276.5,240.0,1557.53,0,25.72,18.67,19.1,22.3,11.32,157.76
10515.0,175.25,1045.56,277.7,240.0,1563.27,0,25.92,18.69,19.26,22.53,11.51,158.89
10520.0,175.33,1050.06,278.9,240.0,1568.96,0,26.11,18.71,19.42,22.76,11.7,160.03
10525.0,175.42,1054.52,280.08,240.0,1574.61,0,26.31,18.73,19.58,22.98,11.89,161.15
10530.0,175.5,1058.96,281.26,240.0,1580.22,0,26.51,18.76,19.74,23.21,12.09,162.27
10535.0,175.58,1063.35,282.43,240.0,1585.78,0,26.71,18.78,19.9,23.44,12.28,163.39
10540.0,175.67,1067.71,283.59,240.0,1591.3,0,26.91,18.81,20.07,23.68,12.48,164.51
10545.0,175.75,1072.04,284.74,240.0,1596.78,0,27.11,18.83,20.24,23.91,12.67,165.62
10550.0,175.83,1076.34,285.88,240.0,1602.21,0,27.31,18.86,20.4,24.14,12.87,166.72
10555.0,175.92,1080.6,287.01,240.0,1607.6,0,27.52,18.89,20.58,24.38,13.07,167.82
10560.0,176.0,1084.82,288.13,240.0,1612.95,0,27.73,18.92,20.75,24.62,13.27,168.92
10565.0,176.08,1089.01,289.24,240.0,1618.25,0,27.94,18.95,20.92,24.85,13.48,170.02
10570.0,176.17,1093.17,290.35,240.0,1623.51,0,28.15,18.98,21.1,25.09,13.68,171.1
10575.0,176.25,1097.28,291.44,240.0,1628.73,0,28.36,19.01,21.27,25.33,13.88,172.19
10580.0,176.33,1101.37,292.53,240.0,1633.9,0,28.57,19.05,21.45,25.57,14.09,173.27
10585.0,176.42,1105.42,293.6,240.0,1639.02,0,28.78,19.08,21.63,25.81,14.29,174.34
10590.0,176.5,1109.43,294.67,240.0,1644.1,0,29.0,19.12,21.81,26.06,14.5,175.41
10595.0,176.58,1113.41,295.72,240.0,1649.13,0,29.22,19.16,22.0,26.3,14.71,176.48
10600.0,176.67,1117.35,296.77,240.0,1654.12,0,29.43,19.19,22.18,26.55,14.92,177.54
10605.0,176.75,1121.26,297.81,240.0,1659.07,0,29.65,19.23,22.37,26.79,15.13,178.59
10610.0,176.83,1125.13,298.84,240.0,1663.97,0,29.87,19.27,22.55,27.04,15.34,179.64
10615.0,176.92,1128.96,299.85,240.0,1668.82,0,30.1,19.31,22.74,27.29,15.55,180.69
10620.0,177.0,1132.76,300.86,240.0,1673.63,0,30.32,19.36,22.93,27.53,15.76,181.73
10625.0,177.08,1136.52,301.86,240.0,1678.39,0,30.54,19.4,23.13,27.78,15.97,182.77
10630.0,177.17,1140.25,302.85,240.0,1683.1,0,30.77,19.44,23.32,28.03,16.19,183.8
10635.0,177.25,1143.94,303.83,240.0,1687.77,0,31.0,19.49,23.51,28.28,16.4,184.82
10640.0,177.33,1147.59,304.8,240.0,1692.39,0,31.22,19.53,23.71,28.54,16.62,185.84
10645.0,177.42,1151.2,305.76,240.0,1696.97,0,31.45,19.58,23.91,28.79,16.83,186.85
10650.0,177.5,1154.78,306.71,240.0,1701.49,0,31.68,19.63,24.11,29.04,17.05,187.86
10655.0,177.58,1158.32,307.65,240.0,1705.98,0,31.91,19.68,24.31,29.3,17.27,188.87
10660.0,177.67,1161.83,308.58,240.0,1710.41,0,32.15,19.73,24.51,29.55,17.49,189.86
10665.0,177.75,1165.29,309.5,240.0,1714.8,0,32.38,19.78,24.71,29.81,17.71,190.86
10670.0,177.83,1168.72,310.41,240.0,1719.14,0,32.61,19.83,24.91,30.07,17.93,191.84
10675.0,177.92,1172.11,311.32,240.0,1723.43,0,32.85,19.89,25.12,30.32,18.15,192.82
10680.0,178.0,1175.47,312.21,240.0,1727.68,0,33.09,19.94,25.33,30.58,18.37,193.8
10685.0,178.08,1178.79,313.09,240.0,1731.87,0,33.32,20.0,25.53,30.84,18.59,194.77
10690.0,178.17,1182.06,313.96,240.0,1736.02,0,33.56,20.05,25.74,31.1,18.81,195.73
10695.0,178.25,1185.3,314.82,240.0,1740.12,0,33.8,20.11,25.95,31.36,19.03,196.69
10700.0,178.33,1188.51,315.67,240.0,1744.18,0,34.04,20.17,26.16,31.62,19.26,197.64
10705.0,178.42,1191.67,316.51,240.0,1748.18,0,34.29,20.23,26.38,31.88,19.48,198.59
10710.0,178.5,1194.8,317.34,240.0,1752.14,0,34.53,20.29,26.59,32.14,19.71,199.53
10715.0,178.58,1197.88,318.16,240.0,1756.04,0,34.77,20.35,26.81,32.4,19.93,200.46
10720.0,178.67,1200.93,318.97,240.0,1759.9,0,35.02,20.41,27.02,32.67,20.16,201.39
10725.0,178.75,1203.94,319.77,240.0,1763.71,0,35.26,20.47,27.24,32.93,20.38,202.31
10730.0,178.83,1206.92,320.56,240.0,1767.48,0,35.51,20.54,27.46,33.19,20.61,203.23
10735.0,178.92,1209.85,321.34,240.0,1771.19,0,35.75,20.6,27.68,33.46,20.84,204.14
10740.0,179.0,1212.74,322.11,240.0,1774.85,0,36.0,20.67,27.9,33.72,21.07,205.04
10745.0,179.08,1215.6,322.87,240.0,1778.47,0,36.25,20.74,28.12,33.99,21.29,205.94
10750.0,179.17,1218.42,323.61,240.0,1782.03,0,36.5,20.81,28.34,34.25,21.52,206.83
10755.0,179.25,1221.19,324.35,240.0,1785.54,0,36.75,20.88,28.57,34.52,21.75,207.71
10760.0,179.33,1223.93,325.08,240.0,1789.01,0,37.0,20.95,28.79,34.79,21.98,208.59
10765.0,179.42,1226.63,325.8,240.0,1792.43,0,37.25,21.02,29.02,35.05,22.21,209.46
10770.0,179.5,1229.29,326.5,240.0,1795.79,0,37.5,21.09,29.24,35.32,22.44,210.33
10775.0,179.58,1231.91,327.2,240.0,1799.11,0,37.76,21.16,29.47,35.59,22.67,211.19
10780.0,179.67,1234.49,327.88,240.0,1802.37,0,38.01,21.24,29.7,35.86,22.9,212.04
10785.0,179.75,1237.03,328.56,240.0,1805.59,0,38.27,21.31,29.93,36.12,23.13,212.89
10790.0,179.83,1239.53,329.22,240.0,1808.76,0,38.52,21.39,30.16,36.39,23.36,213.73
10795.0,179.92,1241.99,329.88,240.0,1811.87,0,38.78,21.46,30.39,36.66,23.6,214.56
10800.0,180.0,1244.42,330.52,240.0,1814.94,0,39.03,21.54,30.63,36.93,23.83,215.39
10805.0,180.08,1246.8,331.15,240.0,1817.95,0,39.29,21.62,30.86,37.2,24.06,216.21
10810.0,180.17,1249.14,331.77,240.0,1820.91,0,39.55,21.7,31.09,37.47,24.29,217.02
10815.0,180.25,1251.44,332.38,240.0,1823.83,0,39.8,21.78,31.33,37.74,24.52,217.83
10820.0,180.33,1253.7,332.99,240.0,1826.69,0,40.06,21.86,31.56,38.01,24.76,218.63
10825.0,180.42,1255.92,333.58,240.0,1829.5,0,40.32,21.95,31.8,38.28,24.99,219.43
10830.0,180.5,1258.1,334.15,240.0,1832.26,0,40.58,22.03,32.04,38.55,25.22,220.21
10835.0,180.58,1260.24,334.72,240.0,1834.97,0,40.84,22.11,32.28,38.82,25.46,220.99
10840.0,180.67,1262.34,335.28,240.0,1837.62,0,41.1,22.2,32.52,39.09,25.69,221.77
10845.0,180.75,1264.4,335.83,240.0,1840.23,0,41.36,22.29,32.76,39.36,25.92,222.54
10850.0,180.83,1266.42,336.36,240.0,1842.79,0,41.62,22.37,33.0,39.63,26.16,223.3
10855.0,180.92,1268.4,336.89,240.0,1845.29,0,41.88,22.46,33.24,39.9,26.39,224.05
10860.0,181.0,1270.34,337.4,240.0,1847.74,0,42.15,22.55,33.48,40.17,26.63,224.8
10865.0,181.08,1272.23,337.91,240.0,1850.14,0,42.41,22.64,33.72,40.44,26.86,225.54
10870.0,181.17,1274.09,338.4,240.0,1852.49,0,42.67,22.73,33.96,40.71,27.09,226.27
10875.0,181.25,1275.9,338.88,240.0,1854.79,0,42.93,22.82,34.21,40.98,27.33,227.0
10880.0,181.33,1277.68,339.35,240.0,1857.03,0,43.2,22.91,34.45,41.25,27.56,227.72
10885.0,181.42,1279.41,339.81,240.0,1859.23,0,43.46,23.01,34.7,41.53,27.79,228.43
10890.0,181.5,1281.1,340.26,240.0,1861.37,0,43.73,23.1,34.94,41.8,28.03,229.14
10895.0,181.58,1282.75,340.7,240.0,1863.46,0,43.99,23.2,35.19,42.07,28.26,229.84
10900.0,181.67,1284.36,341.13,240.0,1865.49,0,44.26,23.29,35.44,42.34,28.5,230.53
10905.0,181.75,1285.93,341.55,240.0,1867.48,0,44.52,23.39,35.69,42.61,28.73,231.21
10910.0,181.83,1287.46,341.95,240.0,1869.41,0,44.78,23.49,35.93,42.88,28.96,231.89
10915.0,181.92,1288.94,342.35,240.0,1871.29,0,45.05,23.59,36.18,43.15,29.2,232.56
10920.0,182.0,1290.39,342.73,240.0,1873.12,0,45.32,23.69,36.43,43.42,29.43,233.23
10925.0,182.08,1291.79,343.1,240.0,1874.89,0,45.58,23.79,36.68,43.69,29.66,233.89
10930.0,182.17,1293.15,343.46,240.0,1876.62,0,45.85,23.89,36.93,43.96,29.9,234.54
10935.0,182.25,1294.47,343.81,240.0,1878.29,0,46.11,23.99,37.18,44.23,30.13,235.18
10940.0,182.33,1295.75,344.15,240.0,1879.91,0,46.38,24.09,37.43,44.5,30.36,235.82
10945.0,182.42,1296.99,344.48,240.0,1881.47,0,46.64,24.2,37.68,44.76,30.6,236.45
10950.0,182.5,1298.18,344.8,240.0,1882.98,0,46.91,24.3,37.93,45.03,30.83,237.07
10955.0,182.58,1299.34,345.11,240.0,1884.44,0,47.18,24.41,38.19,45.3,31.06,237.69
10960.0,182.67,1300.45,345.4,240.0,1885.85,0,47.44,24.51,38.44,45.57,31.29,238.3
10965.0,182.75,1301.52,345.69,240.0,1887.2,0,47.71,24.62,38.69,45.84,31.52,238.9
10970.0,182.83,1302.55,345.96,240.0,1888.51,0,47.98,24.73,38.95,46.11,31.76,239.5
10975.0,182.92,1303.53,346.22,240.0,1889.75,0,48.24,24.83,39.2,46.37,31.99,240.09
10980.0,183.0,1304.48,346.47,240.0,1890.95,0,48.51,24.94,39.45,46.64,32.22,240.67
10985.0,183.08,1305.38,346.71,240.0,1892.09,0,48.78,25.05,39.71,46.91,32.45,241.24
10990.0,183.17,1306.24,346.94,240.0,1893.18,0,49.04,25.16,39.96,47.17,32.68,241.81
10995.0,183.25,1307.06,347.16,240.0,1894.22,0,49.31,25.28,40.22,47.44,32.91,242.37
11000.0,183.33,1307.84,347.36,240.0,1895.2,0,49.57,25.39,40.47,47.7,33.14,242.92
11005.0,183.42,1308.57,347.56,240.0,1896.13,0,49.84,25.5,40.73,47.97,33.37,243.47
11010.0,183.5,1309.27,347.74,240.0,1897.01,0,50.11,25.61,40.98,48.23,33.6,244.01
11015.0,183.58,1309.92,347.92,240.0,1897.83,0,50.37,25.73,41.24,48.5,33.83,244.54
11020.0,183.67,1310.52,348.08,240.0,1898.6,0,50.64,25.84,41.49,48.76,34.06,245.07
11025.0,183.75,1311.09,348.23,240.0,1899.32,0,50.9,25.96,41.75,49.03,34.29,245.59
11030.0,183.83,1311.62,348.37,240.0,1899.98,0,51.17,26.08,42.0,49.29,34.51,246.1
11035.0,183.92,1312.1,348.5,240.0,1900.59,0,51.43,26.19,42.26,49.55,34.74,246.61
11040.0,184.0,1312.54,348.61,240.0,1901.15,0,51.7,26.31,42.52,49.81,34.97,247.1
11045.0,184.08,1312.94,348.72,240.0,1901.66,0,51.96,26.43,42.77,50.07,35.19,247.6
11050.0,184.17,1313.29,348.81,240.0,1902.11,0,52.23,26.55,43.03,50.34,35.42,248.08
11055.0,184.25,1313.61,348.9,240.0,1902.5,0,52.49,26.67,43.29,50.6,35.65,248.56
11060.0,184.33,1313.88,348.97,240.0,1902.85,0,52.76,26.79,43.54,50.86,35.87,249.03
11065.0,184.42,1314.11,349.03,240.0,1903.14,0,53.02,26.91,43.8,51.12,36.1,249.49
11070.0,184.5,1314.3,349.08,240.0,1903.38,0,53.28,27.03,44.06,51.37,36.32,249.95
11075.0,184.58,1314.44,349.12,240.0,1903.56,0,53.55,27.16,44.31,51.63,36.54,250.4
11080.0,184.67,1314.55,349.15,240.0,1903.69,0,53.81,27.28,44.57,51.89,36.77,250.84
11085.0,184.75,1314.61,349.16,240.0,1903.77,0,54.07,27.4,44.83,52.15,36.99,251.27
11090.0,184.83,1314.62,349.17,240.0,1903.79,0,54.34,27.53,45.08,52.4,37.21,251.7
11095.0,184.92,1314.6,349.16,240.0,1903.76,0,54.6,27.65,45.34,52.66,37.43,252.12
11100.0,185.0,1314.54,349.14,240.0,1903.68,0,54.86,27.78,45.6,52.91,37.65,252.54
11105.0,185.08,1314.43,349.11,240.0,1903.54,0,55.12,27.91,45.85,53.17,37.88,252.95
11110.0,185.17,1314.28,349.07,240.0,1903.35,0,55.38,28.03,46.11,53.42,38.1,253.35
11115.0,185.25,1314.09,349.02,240.0,1903.11,0,55.64,28.16,46.37,53.67,38.31,253.74
11120.0,185.33,1313.85,348.96,240.0,1902.81,0,55.9,28.29,46.62,53.93,38.53,254.13
11125.0,185.42,1313.57,348.89,240.0,1902.46,0,56.16,28.42,46.88,54.18,38.75,254.51
11130.0,185.5,1313.26,348.8,240.0,1902.06,0,56.42,28.55,47.13,54.43,38.97,254.88
11135.0,185.58,1312.89,348.71,240.0,1901.6,0,56.68,28.68,47.39,54.68,39.19,255.25
11140.0,185.67,1312.49,348.6,240.0,1901.09,0,56.94,28.81,47.64,54.93,39.4,255.61
11145.0,185.75,1312.05,348.48,240.0,1900.53,0,57.19,28.94,47.9,55.18,39.62,255.96
11150.0,185.83,1311.56,348.35,240.0,1899.91,0,57.45,29.07,48.16,55.43,39.83,256.31
11155.0,185.92,1311.03,348.21,240.0,1899.24,0,57.71,29.21,48.41,55.67,40.05,256.65
11160.0,186.0,1310.46,348.06,240.0,1898.52,0,57.96,29.34,48.66,55.92,40.26,256.98
11165.0,186.08,1309.84,347.9,240.0,1897.74,0,58.22,29.47,48.92,56.16,40.47,257.31
11170.0,186.17,1309.19,347.72,240.0,1896.91,0,58.47,29.61,49.17,56.41,40.69,257.63
11175.0,186.25,1308.49,347.54,240.0,1896.03,0,58.73,29.74,49.43,56.65,40.9,257.94
11180.0,186.33,1307.75,347.34,240.0,1895.09,0,58.98,29.88,49.68,56.9,41.11,258.24
11185.0,186.42,1306.97,347.13,240.0,1894.1,0,59.23,30.01,49.93,57.14,41.32,258.54
11190.0,186.5,1306.15,346.91,240.0,1893.06,0,59.49,30.15,50.19,57.38,41.53,258.83
11195.0,186.58,1305.28,346.68,240.0,1891.97,0,59.74,30.29,50.44,57.62,41.74,259.12
11200.0,186.67,1304.37,346.44,240.0,1890.82,0,59.99,30.42,50.69,57.86,41.95,259.4
11205.0,186.75,1303.42,346.19,240.0,1889.62,0,60.24,30.56,50.94,58.1,42.15,259.67
11210.0,186.83,1302.43,345.93,240.0,1888.36,0,60.49,30.7,51.2,58.34,42.36,259.93
11215.0,186.92,1301.4,345.65,240.0,1887.05,0,60.74,30.84,51.45,58.57,42.57,260.19
11220.0,187.0,1300.32,345.37,240.0,1885.69,0,60.99,30.98,51.7,58.81,42.77,260.44
11225.0,187.08,1299.21,345.07,240.0,1884.28,0,61.24,31.12,51.95,59.04,42.97,260.69
11230.0,187.17,1298.05,344.76,240.0,1882.81,0,61.48,31.26,52.2,59.28,43.18,260.92
11235.0,187.25,1296.85,344.45,240.0,1881.3,0,61.73,31.4,52.45,59.51,43.38,261.16
11240.0,187.33,1295.61,344.12,240.0,1879.72,0,61.98,31.54,52.7,59.74,43.58,261.38
11245.0,187.42,1294.33,343.78,240.0,1878.1,0,62.22,31.68,52.95,59.98,43.78,261.6
11250.0,187.5,1293.0,343.42,240.0,1876.42,0,62.47,31.82,53.19,60.21,43.98,261.81
11255.0,187.58,1291.63,343.06,240.0,1874.7,0,62.71,31.97,53.44,60.44,44.18,262.01
11260.0,187.67,1290.23,342.69,240.0,1872.91,0,62.95,32.11,53.69,60.66,44.38,262.21
11265.0,187.75,1288.78,342.3,240.0,1871.08,0,63.2,32.25,53.94,60.89,44.58,262.4
11270.0,187.83,1287.29,341.91,240.0,1869.19,0,63.44,32.39,54.18,61.12,44.78,262.59
11275.0,187.92,1285.76,341.5,240.0,1867.26,0,63.68,32.54,54.43,61.34,44.97,262.77
11280.0,188.0,1284.18,341.08,240.0,1865.26,0,63.92,32.68,54.67,61.57,45.17,262.94
11285.0,188.08,1282.57,340.65,240.0,1863.22,0,64.16,32.83,54.92,61.79,45.36,263.1
11290.0,188.17,1280.91,340.21,240.0,1861.13,0,64.39,32.97,55.16,62.01,45.55,263.26
11295.0,188.25,1279.22,339.76,240.0,1858.98,0,64.63,33.12,55.4,62.23,45.75,263.41
11300.0,188.33,1277.48,339.3,240.0,1856.78,0,64.87,33.26,55.65,62.45,45.94,263.56
11305.0,188.42,1275.7,338.83,240.0,1854.53,0,65.1,33.41,55.89,62.67,46.13,263.7
11310.0,188.5,1273.88,338.35,240.0,1852.23,0,65.34,33.56,56.13,62.89,46.32,263.83
11315.0,188.58,1272.02,337.85,240.0,1849.87,0,65.57,33.7,56.37,63.11,46.51,263.95
11320.0,188.67,1270.12,337.35,240.0,1847.47,0,65.8,33.85,56.61,63.32,46.69,264.07
11325.0,188.75,1268.18,336.83,240.0,1845.01,0,66.04,34.0,56.85,63.54,46.88,264.18
11330.0,188.83,1266.2,336.3,240.0,1842.5,0,66.27,34.15,57.09,63.75,47.07,264.29
11335.0,188.92,1264.17,335.77,240.0,1839.94,0,66.5,34.29,57.33,63.97,47.25,264.39
11340.0,189.0,1262.11,335.22,240.0,1837.33,0,66.73,34.44,57.57,64.18,47.44,264.48
11345.0,189.08,1260.0,334.66,240.0,1834.66,0,66.95,34.59,57.8,64.39,47.62,264.57
11350.0,189.17,1257.86,334.09,240.0,1831.95,0,67.18,34.74,58.04,64.6,47.8,264.65
11355.0,189.25,1255.67,333.51,240.0,1829.18,0,67.41,34.89,58.27,64.8,47.98,264.72
11360.0,189.33,1253.45,332.92,240.0,1826.37,0,67.63,35.04,58.51,65.01,48.16,264.79
11365.0,189.42,1251.18,332.32,240.0,1823.5,0,67.86,35.19,58.74,65.22,48.34,264.85
11370.0,189.5,1248.88,331.7,240.0,1820.58,0,68.08,35.34,58.98,65.42,48.52,264.9
11375.0,189.58,1246.53,331.08,240.0,1817.61,0,68.3,35.49,59.21,65.62,48.7,264.95
11380.0,189.67,1244.14,330.45,240.0,1814.59,0,68.52,35.64,59.44,65.83,48.87,264.99
11385.0,189.75,1241.72,329.8,240.0,1811.52,0,68.74,35.79,59.67,66.03,49.05,265.03
11390.0,189.83,1239.25,329.15,240.0,1808.4,0,68.96,35.94,59.9,66.23,49.22,265.06
11395.0,189.92,1236.75,328.48,240.0,1805.23,0,69.18,36.09,60.13,66.43,49.4,265.08
11400.0,190.0,1234.2,327.81,240.0,1802.01,0,69.4,36.24,60.36,66.62,49.57,265.1
11405.0,190.08,1231.62,327.12,240.0,1798.73,0,69.62,36.4,60.59,66.82,49.74,265.11
11410.0,190.17,1228.99,326.42,240.0,1795.41,0,69.83,36.55,60.82,67.01,49.91,265.11
11415.0,190.25,1226.33,325.71,240.0,1792.04,0,70.04,36.7,61.04,67.21,50.08,265.11
11420.0,190.33,1223.62,325.0,240.0,1788.62,0,70.26,36.85,61.27,67.4,50.25,265.1
11425.0,190.42,1220.88,324.27,240.0,1785.15,0,70.47,37.0,61.49,67.59,50.41,265.08
11430.0,190.5,1218.1,323.53,240.0,1781.63,0,70.68,37.16,61.71,67.78,50.58,265.06
11435.0,190.58,1215.28,322.78,240.0,1778.06,0,70.89,37.31,61.94,67.97,50.74,265.03
11440.0,190.67,1212.42,322.02,240.0,1774.44,0,71.1,37.46,62.16,68.16,50.91,265.0
11445.0,190.75,1209.52,321.25,240.0,1770.77,0,71.31,37.61,62.38,68.34,51.07,264.95
11450.0,190.83,1206.58,320.47,240.0,1767.05,0,71.51,37.77,62.6,68.53,51.23,264.91
11455.0,190.92,1203.6,319.68,240.0,1763.28,0,71.72,37.92,62.82,68.71,51.39,264.85
11460.0,191.0,1200.59,318.88,240.0,1759.47,0,71.92,38.07,63.04,68.9,51.55,264.79
11465.0,191.08,1197.54,318.07,240.0,1755.6,0,72.12,38.23,63.25,69.08,51.71,264.73
11470.0,191.17,1194.44,317.25,240.0,1751.69,0,72.33,38.38,63.47,69.26,51.87,264.66
11475.0,191.25,1191.31,316.41,240.0,1747.73,0,72.53,38.54,63.69,69.43,52.02,264.58
11480.0,191.33,1188.15,315.57,240.0,1743.72,0,72.73,38.69,63.9,69.61,52.18,264.49
11485.0,191.42,1184.94,314.72,240.0,1739.66,0,72.93,38.84,64.11,69.79,52.33,264.4
11490.0,191.5,1181.69,313.86,240.0,1735.55,0,73.12,39.0,64.33,69.96,52.49,264.31
11495.0,191.58,1178.41,312.99,240.0,1731.4,0,73.32,39.15,64.54,70.14,52.64,264.2
11500.0,191.67,1175.09,312.11,240.0,1727.2,0,73.51,39.31,64.75,70.31,52.79,264.09
11505.0,191.75,1171.73,311.21,240.0,1722.95,0,73.71,39.46,64.96,70.48,52.94,263.98
11510.0,191.83,1168.34,310.31,240.0,1718.65,0,73.9,39.61,65.17,70.65,53.09,263.86
11515.0,191.92,1164.9,309.4,240.0,1714.3,0,74.09,39.77,65.37,70.81,53.23,263.73
11520.0,192.0,1161.43,308.48,240.0,1709.91,0,74.28,39.92,65.58,70.98,53.38,263.59
11525.0,192.08,1157.92,307.55,240.0,1705.47,0,74.47,40.08,65.79,71.15,53.52,263.45
11530.0,192.17,1154.38,306.6,240.0,1700.98,0,74.66,40.23,65.99,71.31,53.67,263.31
11535.0,192.25,1150.8,305.65,240.0,1696.45,0,74.84,40.39,66.19,71.47,53.81,263.15
11540.0,192.33,1147.18,304.69,240.0,1691.87,0,75.03,40.54,66.4,71.63,53.95,263.0
11545.0,192.42,1143.52,303.72,240.0,1687.24,0,75.21,40.69,66.6,71.79,54.09,262.83
11550.0,192.5,1139.83,302.74,240.0,1682.57,0,75.39,40.85,66.8,71.95,54.23,262.66
11555.0,192.58,1136.1,301.75,240.0,1677.85,0,75.58,41.0,67.0,72.11,54.37,262.48
11560.0,192.67,1132.33,300.75,240.0,1673.08,0,75.76,41.16,67.19,72.26,54.51,262.3
11565.0,192.75,1128.53,299.74,240.0,1668.27,0,75.93,41.31,67.39,72.42,54.64,262.11
11570.0,192.83,1124.69,298.72,240.0,1663.41,0,76.11,41.47,67.59,72.57,54.78,261.92
11575.0,192.92,1120.82,297.69,240.0,1658.51,0,76.29,41.62,67.78,72.72,54.91,261.72
11580.0,193.0,1116.91,296.65,240.0,1653.56,0,76.46,41.78,67.97,72.87,55.04,261.51
11585.0,193.08,1112.96,295.6,240.0,1648.56,0,76.64,41.93,68.17,73.02,55.17,261.3
11590.0,193.17,1108.98,294.55,240.0,1643.53,0,76.81,42.08,68.36,73.17,55.3,261.08
11595.0,193.25,1104.96,293.48,240.0,1638.44,0,76.98,42.24,68.55,73.31,55.43,260.85
11600.0,193.33,1100.91,292.4,240.0,1633.31,0,77.15,42.39,68.74,73.46,55.56,260.62
11605.0,193.42,1096.82,291.32,240.0,1628.14,0,77.32,42.55,68.92,73.6,55.69,260.38
11610.0,193.5,1092.7,290.22,240.0,1622.92,0,77.48,42.7,69.11,73.74,55.81,260.14
11615.0,193.58,1088.54,289.12,240.0,1617.65,0,77.65,42.85,69.3,73.88,55.94,259.89
11620.0,193.67,1084.34,288.0,240.0,1612.35,0,77.81,43.01,69.48,74.02,56.06,259.64
11625.0,193.75,1080.11,286.88,240.0,1606.99,0,77.98,43.16,69.66,74.15,56.18,259.37
11630.0,193.83,1075.85,285.75,240.0,1601.6,0,78.14,43.32,69.85,74.29,56.3,259.11
11635.0,193.92,1071.55,284.61,240.0,1596.16,0,78.3,43.47,70.03,74.42,56.42,258.83
11640.0,194.0,1067.22,283.46,240.0,1590.68,0,78.46,43.62,70.21,74.56,56.54,258.55
11645.0,194.08,1062.85,282.3,240.0,1585.15,0,78.62,43.78,70.38,74.69,56.65,258.27
11650.0,194.17,1058.45,281.13,240.0,1579.58,0,78.77,43.93,70.56,74.82,56.77,257.98
11655.0,194.25,1054.02,279.95,240.0,1573.97,0,78.93,44.08,70.74,74.94,56.88,257.68
11660.0,194.33,1049.55,278.76,240.0,1568.31,0,79.08,44.23,70.91,75.07,57.0,257.38
11665.0,194.42,1045.05,277.57,240.0,1562.62,0,79.23,44.39,71.09,75.2,57.11,257.07
11670.0,194.5,1040.51,276.36,240.0,1556.88,0,79.38,44.54,71.26,75.32,57.22,256.76
11675.0,194.58,1035.95,275.15,240.0,1551.09,0,79.53,44.69,71.43,75.44,57.33,256.43
11680.0,194.67,1031.34,273.93,240.0,1545.27,0,79.68,44.84,71.6,75.56,57.43,256.11
11685.0,194.75,1026.71,272.7,240.0,1539.4,0,79.83,45.0,71.77,75.68,57.54,255.78
11690.0,194.83,1022.04,271.46,240.0,1533.49,0,79.97,45.15,71.93,75.8,57.65,255.44
11695.0,194.92,1017.34,270.21,240.0,1527.54,0,80.11,45.3,72.1,75.91,57.75,255.09
11700.0,195.0,1012.6,268.95,240.0,1521.55,0,80.26,45.45,72.26,76.03,57.85,254.74
11705.0,195.08,1007.84,267.68,240.0,1515.52,0,80.4,45.6,72.43,76.14,57.96,254.39
11710.0,195.17,1003.04,266.41,240.0,1509.45,0,80.54,45.75,72.59,76.25,58.06,254.02
11715.0,195.25,998.21,265.13,240.0,1503.33,0,80.68,45.9,72.75,76.36,58.16,253.66
11720.0,195.33,993.35,263.83,240.0,1497.18,0,80.81,46.05,72.91,76.47,58.25,253.28
11725.0,195.42,988.45,262.53,240.0,1490.99,0,80.95,46.2,73.07,76.58,58.35,252.9
11730.0,195.5,983.52,261.23,240.0,1484.75,0,81.08,46.35,73.23,76.68,58.45,252.52
11735.0,195.58,978.57,259.91,240.0,1478.48,0,81.21,46.5,73.38,76.79,58.54,252.13
11740.0,195.67,973.58,258.58,240.0,1472.16,0,81.34,46.65,73.54,76.89,58.63,251.73
11745.0,195.75,968.56,257.25,240.0,1465.81,0,81.47,46.8,73.69,76.99,58.72,251.33
11750.0,195.83,963.5,255.91,240.0,1459.41,0,81.6,46.95,73.84,77.09,58.81,250.92
11755.0,195.92,958.42,254.56,240.0,1452.98,0,81.73,47.1,73.99,77.19,58.9,250.5
11760.0,196.0,953.31,253.2,240.0,1446.51,0,81.85,47.25,74.14,77.28,58.99,250.08
11765.0,196.08,948.16,251.83,240.0,1440.0,0,81.97,47.4,74.29,77.38,59.08,249.66
11770.0,196.17,942.99,250.46,240.0,1433.45,0,82.1,47.54,74.43,77.47,59.16,249.23
11775.0,196.25,937.78,249.08,240.0,1426.86,0,82.22,47.69,74.58,77.56,59.25,248.79
11780.0,196.33,932.55,247.69,240.0,1420.24,0,82.34,47.84,74.72,77.65,59.33,248.34
11785.0,196.42,927.28,246.29,240.0,1413.57,0,82.45,47.99,74.86,77.74,59.41,247.9
11790.0,196.5,921.99,244.88,240.0,1406.87,0,82.57,48.13,75.0,77.83,59.49,247.44
11795.0,196.58,916.67,243.47,240.0,1400.13,0,82.68,48.28,75.14,77.91,59.57,246.98
11800.0,196.67,911.31,242.05,240.0,1393.36,0,82.8,48.42,75.28,78.0,59.65,246.51
11805.0,196.75,905.93,240.62,240.0,1386.55,0,82.91,48.57,75.42,78.08,59.72,246.04
11810.0,196.83,900.52,239.18,240.0,1379.7,0,83.02,48.71,75.55,78.16,59.8,245.56
11815.0,196.92,895.08,237.73,240.0,1372.81,0,83.13,48.86,75.69,78.24,59.87,245.08
11820.0,197.0,889.61,236.28,240.0,1365.89,0,83.23,49.0,75.82,78.32,59.94,244.59
11825.0,197.08,884.11,234.82,240.0,1358.93,0,83.34,49.15,75.95,78.39,60.02,244.09
11830.0,197.17,878.58,233.35,240.0,1351.94,0,83.44,49.29,76.08,78.47,60.08,243.59
11835.0,197.25,873.03,231.88,240.0,1344.91,0,83.55,49.44,76.21,78.54,60.15,243.08
11840.0,197.33,867.44,230.39,240.0,1337.84,0,83.65,49.58,76.34,78.61,60.22,242.57
11845.0,197.42,861.83,228.9,240.0,1330.74,0,83.75,49.72,76.46,78.68,60.29,242.05
11850.0,197.5,856.2,227.41,240.0,1323.6,0,83.84,49.86,76.58,78.75,60.35,241.53
11855.0,197.58,850.53,225.9,240.0,1316.43,0,83.94,50.01,76.71,78.81,60.41,241.0
11860.0,197.67,844.84,224.39,240.0,1309.23,0,84.04,50.15,76.83,78.88,60.47,240.46
11865.0,197.75,839.12,222.87,240.0,1301.99,0,84.13,50.29,76.95,78.94,60.54,239.92
11870.0,197.83,833.37,221.34,240.0,1294.71,0,84.22,50.43,77.07,79.0,60.59,239.38
11875.0,197.92,827.6,219.81,240.0,1287.41,0,84.31,50.57,77.18,79.06,60.65,238.82
11880.0,198.0,821.8,218.27,240.0,1280.07,0,84.4,50.71,77.3,79.12,60.71,238.26
11885.0,198.08,815.97,216.72,240.0,1272.69,0,84.49,50.85,77.41,79.17,60.76,237.7
11890.0,198.17,810.12,215.17,240.0,1265.28,0,84.57,50.99,77.52,79.23,60.82,237.13
11895.0,198.25,804.24,213.61,240.0,1257.84,0,84.66,51.13,77.64,79.28,60.87,236.55
11900.0,198.33,798.33,212.04,240.0,1250.37,0,84.74,51.26,77.74,79.33,60.92,235.97
11905.0,198.42,792.4,210.46,240.0,1242.86,0,84.82,51.4,77.85,79.38,60.97,235.39
11910.0,198.5,786.45,208.88,240.0,1235.33,0,84.9,51.54,77.96,79.43,61.02,234.79
11915.0,198.58,780.46,207.29,240.0,1227.76,0,84.97,51.67,78.06,79.48,61.07,234.2
11920.0,198.67,774.46,205.7,240.0,1220.16,0,85.05,51.81,78.17,79.52,61.11,233.59
11925.0,198.75,768.43,204.1,240.0,1212.52,0,85.13,51.95,78.27,79.57,61.16,232.98
11930.0,198.83,762.37,202.49,240.0,1204.86,0,85.2,52.08,78.37,79.61,61.2,232.37
11935.0,198.92,756.29,200.87,240.0,1197.16,0,85.27,52.22,78.47,79.65,61.24,231.75
11940.0,199.0,750.19,199.25,240.0,1189.44,0,85.34,52.35,78.57,79.69,61.28,231.12
11945.0,199.08,744.06,197.62,240.0,1181.68,0,85.41,52.48,78.66,79.72,61.32,230.49
11950.0,199.17,737.91,195.99,240.0,1173.89,0,85.47,52.62,78.76,79.76,61.36,229.85
11955.0,199.25,731.73,194.35,240.0,1166.08,0,85.54,52.75,78.85,79.79,61.4,229.21
11960.0,199.33,725.53,192.7,240.0,1158.23,0,85.6,52.88,78.94,79.82,61.43,228.56
11965.0,199.42,719.31,191.05,240.0,1150.36,0,85.66,53.01,79.03,79.85,61.46,227.9
11970.0,199.5,713.06,189.39,240.0,1142.45,0,85.72,53.14,79.12,79.88,61.5,227.24
11975.0,199.58,706.79,187.73,240.0,1134.52,0,85.78,53.28,79.21,79.91,61.53,226.58
11980.0,199.67,700.5,186.05,240.0,1126.55,0,85.84,53.41,79.29,79.93,61.56,225.9
11985.0,199.75,694.19,184.38,240.0,1118.56,0,85.9,53.53,79.38,79.96,61.59,225.23
11990.0,199.83,687.85,182.69,240.0,1110.54,0,85.95,53.66,79.46,79.98,61.61,224.54
11995.0,199.92,681.49,181.01,240.0,1102.5,0,86.0,53.79,79.54,80.0,61.64,223.86
12000.0,200.0,675.11,179.31,240.0,1094.42,0,86.05,53.92,79.62,80.02,61.66,223.16
12005.0,200.08,668.71,177.61,240.0,1086.32,0,86.1,54.05,79.7,80.03,61.68,222.46
12010.0,200.17,662.29,175.9,240.0,1078.19,0,86.15,54.17,79.77,80.05,61.71,221.76
12015.0,200.25,655.84,174.19,240.0,1070.03,0,86.19,54.3,79.85,80.06,61.73,221.05
12020.0,200.33,649.37,172.48,240.0,1061.85,0,86.24,54.43,79.92,80.07,61.74,220.33
12025.0,200.42,642.89,170.75,240.0,1053.64,0,86.28,54.55,79.99,80.08,61.76,219.61
12030.0,200.5,636.38,169.02,240.0,1045.4,0,86.32,54.67,80.06,80.09,61.78,218.88
12035.0,200.58,629.85,167.29,240.0,1037.14,0,86.36,54.8,80.13,80.1,61.79,218.15
12040.0,200.67,623.31,165.55,240.0,1028.86,0,86.4,54.92,80.2,80.1,61.8,217.41
12045.0,200.75,616.74,163.81,240.0,1020.54,0,86.43,55.04,80.27,80.11,61.82,216.66
12050.0,200.83,610.15,162.06,240.0,1012.21,0,86.47,55.17,80.33,80.11,61.83,215.91
12055.0,200.92,603.54,160.3,240.0,1003.84,0,86.5,55.29,80.39,80.11,61.84,215.16
12060.0,201.0,596.92,158.54,240.0,995.46,0,86.53,55.41,80.45,80.11,61.84,214.4
12065.0,201.08,590.27,156.78,240.0,987.05,0,86.56,55.53,80.51,80.1,61.85,213.63
12070.0,201.17,583.6,155.01,240.0,978.61,0,86.59,55.65,80.57,80.1,61.85,212.86
12075.0,201.25,576.92,153.23,240.0,970.15,0,86.61,55.77,80.62,80.09,61.86,212.08
12080.0,201.33,570.22,151.45,240.0,961.67,0,86.64,55.88,80.68,80.08,61.86,211.3
12085.0,201.42,563.5,149.67,240.0,953.17,0,86.66,56.0,80.73,80.07,61.86,210.51
12090.0,201.5,556.76,147.88,240.0,944.64,0,86.68,56.12,80.78,80.06,61.86,209.71
12095.0,201.58,550.0,146.08,240.0,936.09,0,86.7,56.23,80.83,80.05,61.86,208.91
12100.0,201.67,543.23,144.28,240.0,927.51,0,86.72,56.35,80.88,80.03,61.85,208.11
12105.0,201.75,536.44,142.48,240.0,918.92,0,86.73,56.46,80.93,80.01,61.85,207.3
12110.0,201.83,529.63,140.67,240.0,910.3,0,86.75,56.58,80.97,80.0,61.84,206.48
12115.0,201.92,522.8,138.86,240.0,901.66,0,86.76,56.69,81.02,79.97,61.84,205.66
12120.0,202.0,515.96,137.04,240.0,893.0,0,86.77,56.8,81.06,79.95,61.83,204.83
12125.0,202.08,509.1,135.22,240.0,884.32,0,86.78,56.92,81.1,79.93,61.82,204.0
12130.0,202.17,502.23,133.39,240.0,875.62,0,86.79,57.03,81.14,79.9,61.8,203.16
12135.0,202.25,495.34,131.56,240.0,866.9,0,86.8,57.14,81.17,79.88,61.79,202.32
12140.0,202.33,488.43,129.73,240.0,858.16,0,86.8,57.25,81.21,79.85,61.78,201.47
12145.0,202.42,481.51,127.89,240.0,849.4,0,86.8,57.36,81.24,79.82,61.76,200.61
12150.0,202.5,474.57,126.05,240.0,840.61,0,86.8,57.46,81.27,79.78,61.74,199.75
12155.0,202.58,467.61,124.2,240.0,831.81,0,86.8,57.57,81.3,79.75,61.72,198.88
12160.0,202.67,460.65,122.35,240.0,822.99,0,86.8,57.68,81.33,79.71,61.7,198.01
12165.0,202.75,453.66,120.49,240.0,814.16,0,86.8,57.79,81.36,79.67,61.68,197.14
12170.0,202.83,446.66,118.63,240.0,805.3,0,86.79,57.89,81.38,79.63,61.66,196.25
12175.0,202.92,439.65,116.77,240.0,796.42,0,86.78,58.0,81.41,79.59,61.63,195.37
12180.0,203.0,432.62,114.91,240.0,787.53,0,86.77,58.1,81.43,79.55,61.61,194.47
12185.0,203.08,425.58,113.04,240.0,778.62,0,86.76,58.2,81.45,79.51,61.58,193.57
12190.0,203.17,418.53,111.16,240.0,769.69,0,86.75,58.31,81.47,79.46,61.55,192.67
12195.0,203.25,411.46,109.29,240.0,760.75,0,86.74,58.41,81.49,79.41,61.52,191.76
12200.0,203.33,404.38,107.4,240.0,751.79,0,86.72,58.51,81.5,79.36,61.49,190.85
12205.0,203.42,397.29,105.52,240.0,742.81,0,86.7,58.61,81.52,79.31,61.46,189.93
12210.0,203.5,390.18,103.63,240.0,733.82,0,86.68,58.71,81.53,79.26,61.42,189.0
12215.0,203.58,383.06,101.74,240.0,724.81,0,86.66,58.81,81.54,79.2,61.39,188.07
12220.0,203.67,375.93,99.85,240.0,715.78,0,86.64,58.9,81.55,79.14,61.35,187.13
12225.0,203.75,368.79,97.95,240.0,706.74,0,86.62,59.0,81.56,79.08,61.31,186.19
12230.0,203.83,361.63,96.05,240.0,697.68,0,86.59,59.1,81.56,79.02,61.27,185.24
12235.0,203.92,354.47,94.15,240.0,688.61,0,86.56,59.19,81.57,78.96,61.23,184.29
12240.0,204.0,347.29,92.24,240.0,679.53,0,86.53,59.29,81.57,78.9,61.18,183.33
12245.0,204.08,340.1,90.33,240.0,670.43,0,86.5,59.38,81.57,78.83,61.14,182.37
12250.0,204.17,332.9,88.42,240.0,661.32,0,86.47,59.47,81.57,78.76,61.09,181.4
12255.0,204.25,325.69,86.5,240.0,652.19,0,86.43,59.57,81.57,78.7,61.05,180.42
12260.0,204.33,318.47,84.59,240.0,643.05,0,86.4,59.66,81.56,78.62,61.0,179.44
12265.0,204.42,311.24,82.66,240.0,633.9,0,86.36,59.75,81.56,78.55,60.95,178.46
12270.0,204.5,303.99,80.74,240.0,624.73,0,86.32,59.84,81.55,78.48,60.89,177.47
12275.0,204.58,296.74,78.82,240.0,615.56,0,86.28,59.93,81.54,78.4,60.84,176.47
12280.0,204.67,289.48,76.89,240.0,606.37,0,86.23,60.01,81.53,78.32,60.79,175.47
12285.0,204.75,282.21,74.96,240.0,597.17,0,86.19,60.1,81.52,78.24,60.73,174.46
12290.0,204.83,274.93,73.02,240.0,587.95,0,86.14,60.19,81.5,78.16,60.67,173.45
12295.0,204.92,267.64,71.09,240.0,578.73,0,86.09,60.27,81.49,78.08,60.61,172.44
12300.0,205.0,260.35,69.15,240.0,569.5,0,86.04,60.36,81.47,77.99,60.55,171.41
12305.0,205.08,253.04,67.21,240.0,560.25,0,85.99,60.44,81.45,77.91,60.49,170.38
12310.0,205.17,245.73,65.27,240.0,551.0,0,85.94,60.52,81.43,77.82,60.43,169.35
12315.0,205.25,238.41,63.32,240.0,541.73,0,85.88,60.61,81.4,77.73,60.36,168.31
12320.0,205.33,231.08,61.38,240.0,532.45,0,85.82,60.69,81.38,77.63,60.3,167.27
12325.0,205.42,223.74,59.43,240.0,523.17,0,85.77,60.77,81.35,77.54,60.23,166.22
12330.0,205.5,216.4,57.48,240.0,513.88,0,85.71,60.85,81.33,77.44,60.16,165.17
12335.0,205.58,209.05,55.52,240.0,504.57,0,85.64,60.93,81.3,77.35,60.09,164.11
12340.0,205.67,201.69,53.57,240.0,495.26,0,85.58,61.0,81.27,77.25,60.02,163.04
12345.0,205.75,194.33,51.61,240.0,485.94,0,85.51,61.08,81.23,77.15,59.94,161.97
12350.0,205.83,186.96,49.66,240.0,476.62,0,85.45,61.16,81.2,77.04,59.87,160.9
12355.0,205.92,179.58,47.7,240.0,467.28,0,85.38,61.23,81.16,76.94,59.79,159.82
12360.0,206.0,172.2,45.74,240.0,457.94,0,85.3,61.3,81.12,76.83,59.71,158.73
12365.0,206.08,164.82,43.78,240.0,448.59,0,85.23,61.38,81.08,76.72,59.63,157.64
12370.0,206.17,157.42,41.81,240.0,439.24,0,85.16,61.45,81.04,76.61,59.55,156.54
12375.0,206.25,150.03,39.85,240.0,429.87,0,85.08,61.52,81.0,76.5,59.47,155.44
12380.0,206.33,142.62,37.88,240.0,420.51,0,85.0,61.59,80.96,76.39,59.39,154.34
12385.0,206.42,135.22,35.91,240.0,411.13,0,84.92,61.66,80.91,76.27,59.3,153.22
12390.0,206.5,127.81,33.95,240.0,401.75,0,84.84,61.73,80.86,76.16,59.21,152.11
12395.0,206.58,120.39,31.98,240.0,392.37,0,84.76,61.8,80.81,76.04,59.13,150.99
12400.0,206.67,112.97,30.01,240.0,382.98,0,84.67,61.86,80.76,75.92,59.04,149.86
12405.0,206.75,105.55,28.03,240.0,373.58,0,84.59,61.93,80.71,75.79,58.94,148.73
12410.0,206.83,98.12,26.06,240.0,364.19,0,84.5,61.99,80.65,75.67,58.85,147.59
12415.0,206.92,90.7,24.09,240.0,354.78,0,84.41,62.06,80.59,75.54,58.76,146.45
12420.0,207.0,83.26,22.11,240.0,345.38,0,84.31,62.12,80.53,75.42,58.66,145.3
12425.0,207.08,75.83,20.14,240.0,335.97,0,84.22,62.18,80.47,75.29,58.56,144.15
12430.0,207.17,68.39,18.16,240.0,326.56,0,84.12,62.24,80.41,75.15,58.47,142.99
12435.0,207.25,60.95,16.19,240.0,317.14,0,84.03,62.3,80.35,75.02,58.36,141.82
12440.0,207.33,53.51,14.21,240.0,307.72,0,83.93,62.36,80.28,74.89,58.26,140.66
12445.0,207.42,46.07,12.24,240.0,298.3,0,83.83,62.42,80.22,74.75,58.16,139.48
12450.0,207.5,38.62,10.26,240.0,288.88,0,83.72,62.47,80.15,74.61,58.05,138.3
12455.0,207.58,31.18,8.28,240.0,279.46,0,83.62,62.53,80.08,74.47,57.95,137.11
12460.0,207.67,23.73,6.3,240.0,270.03,0,83.51,62.58,80.0,74.33,57.84,135.9
12465.0,207.75,16.28,4.32,240.0,260.61,0,83.4,62.64,79.93,74.18,57.73,134.69
12470.0,207.83,8.84,2.35,240.0,251.18,0,83.29,62.69,79.85,74.04,57.62,133.49
12475.0,207.92,1.39,0.37,240.0,241.76,0,83.18,62.74,79.78,73.89,57.51,132.29
12480.0,208.0,0.0,0.0,240.0,240.0,0,83.07,62.79,79.7,73.74,57.39,131.09
12485.0,208.08,0.0,0.0,240.0,240.0,0,82.95,62.84,79.62,73.59,57.28,129.92
12490.0,208.17,0.0,0.0,240.0,240.0,0,82.84,62.89,79.53,73.43,57.16,128.75
12495.0,208.25,0.0,0.0,240.0,240.0,0,82.72,62.94,79.45,73.28,57.04,127.61
12500.0,208.33,0.0,0.0,240.0,240.0,0,82.6,62.99,79.36,73.12,56.92,126.48
12505.0,208.42,0.0,0.0,240.0,240.0,0,82.48,63.03,79.27,72.97,56.8,125.37
12510.0,208.5,0.0,0.0,240.0,240.0,0,82.35,63.08,79.18,72.81,56.68,124.29
12515.0,208.58,0.0,0.0,240.0,240.0,0,82.23,63.12,79.09,72.65,56.56,123.22
12520.0,208.67,0.0,0.0,240.0,240.0,0,82.1,63.16,79.0,72.49,56.43,122.17
12525.0,208.75,0.0,0.0,240.0,240.0,0,81.97,63.2,78.9,72.32,56.31,121.14
12530.0,208.83,0.0,0.0,240.0,240.0,0,81.84,63.25,78.81,72.16,56.18,120.12
12535.0,208.92,0.0,0.0,240.0,240.0,0,81.71,63.28,78.71,71.99,56.05,119.12
12540.0,209.0,0.0,0.0,240.0,240.0,0,81.57,63.32,78.61,71.83,55.92,118.13
12545.0,209.08,0.0,0.0,240.0,240.0,0,81.44,63.36,78.51,71.66,55.79,117.16
12550.0,209.17,0.0,0.0,240.0,240.0,0,81.3,63.4,78.41,71.5,55.66,116.2
12555.0,209.25,0.0,0.0,240.0,240.0,0,81.16,63.43,78.3,71.33,55.52,115.25
12560.0,209.33,0.0,0.0,240.0,240.0,0,81.02,63.47,78.19,71.16,55.39,114.33
12565.0,209.42,0.0,0.0,240.0,240.0,0,80.88,63.5,78.09,70.99,55.25,113.41
12570.0,209.5,0.0,0.0,240.0,240.0,0,80.74,63.53,77.98,70.82,55.12,112.51
12575.0,209.58,0.0,0.0,240.0,240.0,0,80.59,63.56,77.87,70.65,54.98,111.62
12580.0,209.67,0.0,0.0,240.0,240.0,0,80.45,63.59,77.75,70.48,54.84,110.75
12585.0,209.75,0.0,0.0,240.0,240.0,0,80.3,63.62,77.64,70.31,54.71,109.89
12590.0,209.83,0.0,0.0,240.0,240.0,0,80.16,63.65,77.53,70.13,54.57,109.04
12595.0,209.92,0.0,0.0,240.0,240.0,0,80.01,63.68,77.41,69.96,54.43,108.2
12600.0,210.0,0.0,0.0,240.0,240.0,0,79.86,63.71,77.29,69.79,54.29,107.38
12605.0,210.08,0.0,0.0,240.0,240.0,0,79.71,63.73,77.17,69.61,54.15,106.57
12610.0,210.17,0.0,0.0,240.0,240.0,0,79.55,63.76,77.05,69.44,54.01,105.77
12615.0,210.25,0.0,0.0,240.0,240.0,0,79.4,63.78,76.93,69.26,53.87,104.98
12620.0,210.33,0.0,0.0,240.0,240.0,0,79.25,63.8,76.81,69.09,53.72,104.2
12625.0,210.42,0.0,0.0,240.0,240.0,0,79.09,63.82,76.68,68.91,53.58,103.44
12630.0,210.5,0.0,0.0,240.0,240.0,0,78.93,63.84,76.56,68.74,53.44,102.68
12635.0,210.58,0.0,0.0,240.0,240.0,0,78.78,63.86,76.43,68.56,53.29,101.94
12640.0,210.67,0.0,0.0,240.0,240.0,0,78.62,63.88,76.3,68.39,53.15,101.2
12645.0,210.75,0.0,0.0,240.0,240.0,0,78.46,63.9,76.17,68.21,53.0,100.48
12650.0,210.83,0.0,0.0,240.0,240.0,0,78.3,63.91,76.04,68.03,52.86,99.77
12655.0,210.92,0.0,0.0,240.0,240.0,0,78.14,63.93,75.91,67.86,52.71,99.06
12660.0,211.0,0.0,0.0,240.0,240.0,0,77.98,63.94,75.78,67.68,52.57,98.37
12665.0,211.08,0.0,0.0,240.0,240.0,0,77.82,63.96,75.64,67.5,52.42,97.69
12670.0,211.17,0.0,0.0,240.0,240.0,0,77.65,63.97,75.51,67.32,52.28,97.01
12675.0,211.25,0.0,0.0,240.0,240.0,0,77.49,63.98,75.37,67.15,52.13,96.34
12680.0,211.33,0.0,0.0,240.0,240.0,0,77.33,63.99,75.24,66.97,51.98,95.69
12685.0,211.42,0.0,0.0,240.0,240.0,0,77.16,64.0,75.1,66.79,51.84,95.04
12690.0,211.5,0.0,0.0,240.0,240.0,0,77.0,64.01,74.96,66.61,51.69,94.4
12695.0,211.58,0.0,0.0,240.0,240.0,0,76.83,64.02,74.82,66.44,51.54,93.77
12700.0,211.67,0.0,0.0,240.0,240.0,0,76.67,64.03,74.68,66.26,51.4,93.14
12705.0,211.75,0.0,0.0,240.0,240.0,0,76.5,64.03,74.54,66.08,51.25,92.53
12710.0,211.83,0.0,0.0,240.0,240.0,0,76.33,64.04,74.4,65.9,51.1,91.92
12715.0,211.92,0.0,0.0,240.0,240.0,0,76.16,64.04,74.25,65.73,50.95,91.32
12720.0,212.0,0.0,0.0,240.0,240.0,0,76.0,64.05,74.11,65.55,50.81,90.73
12725.0,212.08,0.0,0.0,240.0,240.0,0,75.83,64.05,73.96,65.37,50.66,90.15
12730.0,212.17,0.0,0.0,240.0,240.0,0,75.66,64.05,73.82,65.19,50.51,89.57
12735.0,212.25,0.0,0.0,240.0,240.0,0,75.49,64.05,73.67,65.02,50.36,89.01
12740.0,212.33,0.0,0.0,240.0,240.0,0,75.32,64.05,73.53,64.84,50.21,88.44
12745.0,212.42,0.0,0.0,240.0,240.0,0,75.15,64.05,73.38,64.66,50.07,87.89
12750.0,212.5,0.0,0.0,240.0,240.0,0,74.98,64.05,73.23,64.49,49.92,87.34
12755.0,212.58,0.0,0.0,240.0,240.0,0,74.81,64.04,73.08,64.31,49.77,86.8
12760.0,212.67,0.0,0.0,240.0,240.0,0,74.64,64.04,72.93,64.13,49.62,86.27
12765.0,212.75,0.0,0.0,240.0,240.0,0,74.47,64.03,72.78,63.95,49.47,85.74
12770.0,212.83,0.0,0.0,240.0,240.0,0,74.29,64.03,72.63,63.78,49.33,85.22
12775.0,212.92,0.0,0.0,240.0,240.0,0,74.12,64.02,72.48,63.6,49.18,84.71
12780.0,213.0,0.0,0.0,240.0,240.0,0,73.95,64.02,72.32,63.43,49.03,84.2
12785.0,213.08,0.0,0.0,240.0,240.0,1,73.78,64.01,72.17,63.25,48.88,83.7
12790.0,213.17,0.0,0.0,240.0,240.0,1,73.61,64.0,72.02,63.07,48.74,83.2
12795.0,213.25,0.0,0.0,240.0,240.0,1,73.43,63.99,71.86,62.9,48.59,82.71
12800.0,213.33,0.0,0.0,240.0,240.0,1,73.26,63.98,71.71,62.72,48.44,82.22
12805.0,213.42,0.0,0.0,240.0,240.0,1,73.09,63.97,71.55,62.55,48.29,81.75
12810.0,213.5,0.0,0.0,240.0,240.0,1,72.92,63.96,71.4,62.37,48.14,81.27
12815.0,213.58,0.0,0.0,240.0,240.0,1,72.74,63.94,71.24,62.2,48.0,80.81
12820.0,213.67,0.0,0.0,240.0,240.0,1,72.57,63.93,71.09,62.02,47.85,80.34
12825.0,213.75,0.0,0.0,240.0,240.0,1,72.4,63.91,70.93,61.85,47.7,79.89
12830.0,213.83,0.0,0.0,240.0,240.0,1,72.23,63.9,70.77,61.68,47.56,79.44
12835.0,213.92,0.0,0.0,240.0,240.0,1,72.05,63.88,70.62,61.5,47.41,78.99
12840.0,214.0,0.0,0.0,240.0,240.0,1,71.88,63.87,70.46,61.33,47.26,78.55
12845.0,214.08,0.0,0.0,240.0,240.0,1,71.71,63.85,70.3,61.15,47.11,78.11
12850.0,214.17,0.0,0.0,240.0,240.0,1,71.54,63.83,70.14,60.98,46.97,77.68
12855.0,214.25,0.0,0.0,240.0,240.0,1,71.36,63.81,69.98,60.81,46.82,77.25
12860.0,214.33,0.0,0.0,240.0,240.0,1,71.19,63.79,69.82,60.64,46.68,76.83
12865.0,214.42,0.0,0.0,240.0,240.0,1,71.02,63.77,69.66,60.46,46.53,76.41
12870.0,214.5,0.0,0.0,240.0,240.0,1,70.85,63.75,69.5,60.29,46.39,76.0
12875.0,214.58,0.0,0.0,240.0,240.0,1,70.67,63.73,69.34,60.12,46.24,75.59
12880.0,214.67,0.0,0.0,240.0,240.0,1,70.5,63.7,69.18,59.95,46.09,75.19
12885.0,214.75,0.0,0.0,240.0,240.0,1,70.33,63.68,69.02,59.78,45.95,74.79
12890.0,214.83,0.0,0.0,240.0,240.0,1,70.16,63.65,68.86,59.61,45.8,74.4
12895.0,214.92,0.0,0.0,240.0,240.0,1,69.98,63.63,68.7,59.44,45.66,74.0
12900.0,215.0,0.0,0.0,240.0,240.0,1,69.81,63.6,68.54,59.27,45.51,73.62
12905.0,215.08,0.0,0.0,240.0,240.0,1,69.64,63.58,68.38,59.1,45.37,73.24
12910.0,215.17,0.0,0.0,240.0,240.0,1,69.47,63.55,68.22,58.93,45.23,72.86
12915.0,215.25,0.0,0.0,240.0,240.0,1,69.3,63.52,68.05,58.76,45.08,72.48
12920.0,215.33,0.0,0.0,240.0,240.0,1,69.13,63.49,67.89,58.59,44.94,72.11
12925.0,215.42,0.0,0.0,240.0,240.0,1,68.95,63.46,67.73,58.42,44.79,71.74
12930.0,215.5,0.0,0.0,240.0,240.0,1,68.78,63.43,67.57,58.25,44.65,71.38
12935.0,215.58,0.0,0.0,240.0,240.0,1,68.61,63.4,67.41,58.09,44.51,71.02
12940.0,215.67,0.0,0.0,240.0,240.0,1,68.44,63.37,67.24,57.92,44.37,70.67
12945.0,215.75,0.0,0.0,240.0,240.0,1,68.27,63.34,67.08,57.75,44.22,70.31
12950.0,215.83,0.0,0.0,240.0,240.0,1,68.1,63.31,66.92,57.59,44.08,69.97
12955.0,215.92,0.0,0.0,240.0,240.0,1,67.93,63.27,66.76,57.42,43.94,69.62
12960.0,216.0,0.0,0.0,240.0,240.0,1,67.76,63.24,66.59,57.25,43.8,69.28
12965.0,216.08,0.0,0.0,240.0,240.0,1,67.59,63.2,66.43,57.09,43.66,68.94
12970.0,216.17,0.0,0.0,240.0,240.0,1,67.42,63.17,66.27,56.92,43.51,68.6
12975.0,216.25,0.0,0.0,240.0,240.0,1,67.25,63.13,66.1,56.76,43.37,68.27
12980.0,216.33,0.0,0.0,240.0,240.0,1,67.09,63.1,65.94,56.59,43.23,67.94
12985.0,216.42,0.0,0.0,240.0,240.0,1,66.92,63.06,65.78,56.43,43.09,67.62
12990.0,216.5,0.0,0.0,240.0,240.0,1,66.75,63.02,65.62,56.27,42.95,67.3
12995.0,216.58,0.0,0.0,240.0,240.0,1,66.58,62.98,65.45,56.1,42.81,66.98
13000.0,216.67,0.0,0.0,240.0,240.0,1,66.41,62.94,65.29,55.94,42.67,66.66
13005.0,216.75,0.0,0.0,240.0,240.0,1,66.25,62.9,65.13,55.78,42.53,66.35
13010.0,216.83,0.0,0.0,240.0,240.0,1,66.08,62.86,64.96,55.61,42.39,66.04
13015.0,216.92,0.0,0.0,240.0,240.0,1,65.91,62.82,64.8,55.45,42.25,65.73
13020.0,217.0,0.0,0.0,240.0,240.0,1,65.75,62.78,64.64,55.29,42.11,65.42
13025.0,217.08,0.0,0.0,240.0,240.0,1,65.58,62.74,64.48,55.13,41.98,65.12
13030.0,217.17,0.0,0.0,240.0,240.0,1,65.41,62.69,64.31,54.97,41.84,64.82
13035.0,217.25,0.0,0.0,240.0,240.0,1,65.25,62.65,64.15,54.81,41.7,64.52
13040.0,217.33,0.0,0.0,240.0,240.0,1,65.08,62.61,63.99,54.65,41.56,64.23
13045.0,217.42,0.0,0.0,240.0,240.0,1,64.92,62.56,63.83,54.49,41.43,63.94
13050.0,217.5,0.0,0.0,240.0,240.0,1,64.75,62.52,63.66,54.33,41.29,63.65
13055.0,217.58,0.0,0.0,240.0,240.0,1,64.59,62.47,63.5,54.17,41.15,63.36
13060.0,217.67,0.0,0.0,240.0,240.0,1,64.42,62.43,63.34,54.01,41.02,63.08
13065.0,217.75,0.0,0.0,240.0,240.0,1,64.26,62.38,63.18,53.85,40.88,62.8
13070.0,217.83,0.0,0.0,240.0,240.0,1,64.1,62.33,63.02,53.69,40.74,62.52
13075.0,217.92,0.0,0.0,240.0,240.0,1,63.93,62.28,62.85,53.54,40.61,62.24
13080.0,218.0,0.0,0.0,240.0,240.0,1,63.77,62.24,62.69,53.38,40.47,61.97
13085.0,218.08,0.0,0.0,240.0,240.0,1,63.61,62.19,62.53,53.22,40.34,61.7
13090.0,218.17,0.0,0.0,240.0,240.0,1,63.44,62.14,62.37,53.07,40.2,61.43
13095.0,218.25,0.0,0.0,240.0,240.0,1,63.28,62.09,62.21,52.91,40.07,61.16
13100.0,218.33,0.0,0.0,240.0,240.0,1,63.12,62.04,62.05,52.76,39.93,60.9
13105.0,218.42,0.0,0.0,240.0,240.0,1,62.96,61.99,61.89,52.6,39.8,60.63
13110.0,218.5,0.0,0.0,240.0,240.0,1,62.8,61.93,61.73,52.45,39.67,60.37
13115.0,218.58,0.0,0.0,240.0,240.0,1,62.64,61.88,61.57,52.29,39.53,60.11
13120.0,218.67,0.0,0.0,240.0,240.0,1,62.48,61.83,61.41,52.14,39.4,59.86
13125.0,218.75,0.0,0.0,240.0,240.0,1,62.32,61.78,61.25,51.98,39.27,59.6
13130.0,218.83,0.0,0.0,240.0,240.0,1,62.16,61.72,61.09,51.83,39.14,59.35
13135.0,218.92,0.0,0.0,240.0,240.0,1,62.0,61.67,60.93,51.68,39.0,59.1
13140.0,219.0,0.0,0.0,240.0,240.0,1,61.84,61.62,60.77,51.52,38.87,58.85
13145.0,219.08,0.0,0.0,240.0,240.0,1,61.68,61.56,60.61,51.37,38.74,58.61
13150.0,219.17,0.0,0.0,240.0,240.0,1,61.52,61.5,60.45,51.22,38.61,58.36
13155.0,219.25,0.0,0.0,240.0,240.0,1,61.37,61.45,60.29,51.07,38.48,58.12
13160.0,219.33,0.0,0.0,240.0,240.0,1,61.21,61.39,60.13,50.92,38.35,57.88
13165.0,219.42,0.0,0.0,240.0,240.0,1,61.05,61.34,59.97,50.77,38.22,57.64
13170.0,219.5,0.0,0.0,240.0,240.0,1,60.9,61.28,59.81,50.62,38.09,57.4
13175.0,219.58,0.0,0.0,240.0,240.0,1,60.74,61.22,59.66,50.47,37.96,57.17
13180.0,219.67,0.0,0.0,240.0,240.0,1,60.58,61.16,59.5,50.32,37.83,56.93
13185.0,219.75,0.0,0.0,240.0,240.0,1,60.43,61.1,59.34,50.17,37.7,56.7
13190.0,219.83,0.0,0.0,240.0,240.0,1,60.27,61.05,59.18,50.02,37.57,56.47
13195.0,219.92,0.0,0.0,240.0,240.0,1,60.12,60.99,59.03,49.87,37.44,56.24
13200.0,220.0,0.0,0.0,240.0,240.0,1,59.96,60.93,58.87,49.72,37.32,56.02
13205.0,220.08,0.0,0.0,240.0,240.0,1,59.81,60.87,58.71,49.58,37.19,55.79
13210.0,220.17,0.0,0.0,240.0,240.0,1,59.65,60.8,58.56,49.43,37.06,55.57
13215.0,220.25,0.0,0.0,240.0,240.0,1,59.5,60.74,58.4,49.28,36.93,55.35
13220.0,220.33,0.0,0.0,240.0,240.0,1,59.35,60.68,58.24,49.14,36.81,55.13
13225.0,220.42,0.0,0.0,240.0,240.0,1,59.2,60.62,58.09,48.99,36.68,54.91
13230.0,220.5,0.0,0.0,240.0,240.0,1,59.04,60.56,57.93,48.85,36.55,54.69
13235.0,220.58,0.0,0.0,240.0,240.0,1,58.89,60.49,57.78,48.7,36.43,54.48
13240.0,220.67,0.0,0.0,240.0,240.0,1,58.74,60.43,57.62,48.56,36.3,54.26
13245.0,220.75,0.0,0.0,240.0,240.0,1,58.59,60.37,57.47,48.41,36.18,54.05
13250.0,220.83,0.0,0.0,240.0,240.0,1,58.44,60.3,57.31,48.27,36.05,53.84
13255.0,220.92,0.0,0.0,240.0,240.0,1,58.29,60.24,57.16,48.12,35.93,53.63
13260.0,221.0,0.0,0.0,240.0,240.0,1,58.14,60.17,57.01,47.98,35.8,53.42
13265.0,221.08,0.0,0.0,240.0,240.0,1,57.99,60.11,56.85,47.84,35.68,53.21
13270.0,221.17,0.0,0.0,240.0,240.0,1,57.84,60.04,56.7,47.69,35.55,53.01
13275.0,221.25,0.0,0.0,240.0,240.0,1,57.69,59.98,56.55,47.55,35.43,52.8
13280.0,221.33,0.0,0.0,240.0,240.0,1,57.54,59.91,56.39,47.41,35.31,52.6
13285.0,221.42,0.0,0.0,240.0,240.0,1,57.39,59.84,56.24,47.27,35.18,52.4
13290.0,221.5,0.0,0.0,240.0,240.0,1,57.24,59.78,56.09,47.13,35.06,52.2
13295.0,221.58,0.0,0.0,240.0,240.0,1,57.1,59.71,55.94,46.99,34.94,52.0
13300.0,221.67,0.0,0.0,240.0,240.0,1,56.95,59.64,55.79,46.85,34.82,51.8
13305.0,221.75,0.0,0.0,240.0,240.0,1,56.8,59.57,55.64,46.71,34.69,51.61
13310.0,221.83,0.0,0.0,240.0,240.0,1,56.66,59.51,55.48,46.57,34.57,51.41
13315.0,221.92,0.0,0.0,240.0,240.0,1,56.51,59.44,55.33,46.43,34.45,51.22
13320.0,222.0,0.0,0.0,240.0,240.0,1,56.36,59.37,55.18,46.29,34.33,51.03
13325.0,222.08,0.0,0.0,240.0,240.0,1,56.22,59.3,55.03,46.15,34.21,50.84
13330.0,222.17,0.0,0.0,240.0,240.0,1,56.07,59.23,54.88,46.01,34.09,50.65
13335.0,222.25,0.0,0.0,240.0,240.0,1,55.93,59.16,54.74,45.87,33.97,50.46
13340.0,222.33,0.0,0.0,240.0,240.0,1,55.78,59.09,54.59,45.73,33.85,50.27
13345.0,222.42,0.0,0.0,240.0,240.0,1,55.64,59.02,54.44,45.6,33.73,50.08
13350.0,222.5,0.0,0.0,240.0,240.0,1,55.5,58.95,54.29,45.46,33.61,49.9
13355.0,222.58,0.0,0.0,240.0,240.0,1,55.35,58.88,54.14,45.32,33.49,49.71
13360.0,222.67,0.0,0.0,240.0,240.0,1,55.21,58.8,53.99,45.19,33.37,49.53
13365.0,222.75,0.0,0.0,240.0,240.0,1,55.07,58.73,53.85,45.05,33.25,49.35
13370.0,222.83,0.0,0.0,240.0,240.0,1,54.93,58.66,53.7,44.92,33.14,49.17
13375.0,222.92,0.0,0.0,240.0,240.0,1,54.78,58.59,53.55,44.78,33.02,48.99
13380.0,223.0,0.0,0.0,240.0,240.0,1,54.64,58.51,53.41,44.65,32.9,48.81
13385.0,223.08,0.0,0.0,240.0,240.0,1,54.5,58.44,53.26,44.51,32.78,48.63
13390.0,223.17,0.0,0.0,240.0,240.0,1,54.36,58.37,53.11,44.38,32.67,48.45
13395.0,223.25,0.0,0.0,240.0,240.0,1,54.22,58.29,52.97,44.25,32.55,48.28
13400.0,223.33,0.0,0.0,240.0,240.0,1,54.08,58.22,52.82,44.11,32.43,48.1
13405.0,223.42,0.0,0.0,240.0,240.0,1,53.94,58.15,52.68,43.98,32.32,47.93
13410.0,223.5,0.0,0.0,240.0,240.0,1,53.8,58.07,52.53,43.85,32.2,47.75
13415.0,223.58,0.0,0.0,240.0,240.0,1,53.66,58.0,52.39,43.71,32.09,47.58
13420.0,223.67,0.0,0.0,240.0,240.0,1,53.53,57.92,52.24,43.58,31.97,47.41
13425.0,223.75,0.0,0.0,240.0,240.0,1,53.39,57.84,52.1,43.45,31.86,47.24
13430.0,223.83,0.0,0.0,240.0,240.0,1,53.25,57.77,51.96,43.32,31.74,47.07
13435.0,223.92,0.0,0.0,240.0,240.0,1,53.11,57.69,51.81,43.19,31.63,46.9
13440.0,224.0,0.0,0.0,240.0,240.0,1,52.98,57.62,51.67,43.06,31.51,46.73
13445.0,224.08,0.0,0.0,240.0,240.0,1,52.84,57.54,51.53,42.93,31.4,46.57
13450.0,224.17,0.0,0.0,240.0,240.0,1,52.7,57.46,51.39,42.8,31.29,46.4
13455.0,224.25,0.0,0.0,240.0,240.0,1,52.57,57.39,51.25,42.67,31.17,46.24
13460.0,224.33,0.0,0.0,240.0,240.0,1,52.43,57.31,51.1,42.54,31.06,46.07
13465.0,224.42,0.0,0.0,240.0,240.0,1,52.3,57.23,50.96,42.41,30.95,45.91
13470.0,224.5,0.0,0.0,240.0,240.0,1,52.16,57.15,50.82,42.28,30.83,45.75
13475.0,224.58,0.0,0.0,240.0,240.0,1,52.03,57.08,50.68,42.15,30.72,45.59
13480.0,224.67,0.0,0.0,240.0,240.0,1,51.89,57.0,50.54,42.03,30.61,45.43
13485.0,224.75,0.0,0.0,240.0,240.0,1,51.76,56.92,50.4,41.9,30.5,45.27
13490.0,224.83,0.0,0.0,240.0,240.0,1,51.62,56.84,50.26,41.77,30.39,45.11
13495.0,224.92,0.0,0.0,240.0,240.0,1,51.49,56.76,50.12,41.64,30.28,44.95
13500.0,225.0,0.0,0.0,240.0,240.0,1,51.36,56.68,49.98,41.52,30.16,44.79
13505.0,225.08,0.0,0.0,240.0,240.0,1,51.22,56.6,49.85,41.39,30.05,44.64
13510.0,225.17,0.0,0.0,240.0,240.0,1,51.09,56.52,49.71,41.26,29.94,44.48
13515.0,225.25,0.0,0.0,240.0,240.0,1,50.96,56.44,49.57,41.14,29.83,44.33
13520.0,225.33,0.0,0.0,240.0,240.0,1,50.83,56.36,49.43,41.01,29.72,44.17
13525.0,225.42,0.0,0.0,240.0,240.0,1,50.7,56.28,49.3,40.89,29.61,44.02
13530.0,225.5,0.0,0.0,240.0,240.0,1,50.57,56.2,49.16,40.76,29.51,43.87
13535.0,225.58,0.0,0.0,240.0,240.0,1,50.44,56.12,49.02,40.64,29.4,43.71
13540.0,225.67,0.0,0.0,240.0,240.0,1,50.31,56.04,48.89,40.52,29.29,43.56
13545.0,225.75,0.0,0.0,240.0,240.0,1,50.18,55.96,48.75,40.39,29.18,43.41
13550.0,225.83,0.0,0.0,240.0,240.0,1,50.05,55.88,48.61,40.27,29.07,43.26
13555.0,225.92,0.0,0.0,240.0,240.0,1,49.92,55.8,48.48,40.15,28.96,43.11
13560.0,226.0,0.0,0.0,240.0,240.0,1,49.79,55.72,48.34,40.02,28.86,42.97
13565.0,226.08,0.0,0.0,240.0,240.0,1,49.66,55.63,48.21,39.9,28.75,42.82
13570.0,226.17,0.0,0.0,240.0,240.0,1,49.53,55.55,48.07,39.78,28.64,42.67
13575.0,226.25,0.0,0.0,240.0,240.0,1,49.4,55.47,47.94,39.66,28.53,42.53
13580.0,226.33,0.0,0.0,240.0,240.0,1,49.28,55.39,47.81,39.53,28.43,42.38
13585.0,226.42,0.0,0.0,240.0,240.0,1,49.15,55.31,47.67,39.41,28.32,42.23
13590.0,226.5,0.0,0.0,240.0,240.0,1,49.02,55.22,47.54,39.29,28.21,42.09
13595.0,226.58,0.0,0.0,240.0,240.0,1,48.9,55.14,47.41,39.17,28.11,41.95
13600.0,226.67,0.0,0.0,240.0,240.0,1,48.77,55.06,47.28,39.05,28.0,41.8
13605.0,226.75,0.0,0.0,240.0,240.0,1,48.64,54.97,47.14,38.93,27.9,41.66
13610.0,226.83,0.0,0.0,240.0,240.0,1,48.52,54.89,47.01,38.81,27.79,41.52
13615.0,226.92,0.0,0.0,240.0,240.0,1,48.39,54.81,46.88,38.69,27.69,41.38
13620.0,227.0,0.0,0.0,240.0,240.0,1,48.27,54.72,46.75,38.57,27.58,41.24
13625.0,227.08,0.0,0.0,240.0,240.0,1,48.14,54.64,46.62,38.45,27.48,41.1
13630.0,227.17,0.0,0.0,240.0,240.0,1,48.02,54.55,46.49,38.34,27.37,40.96
13635.0,227.25,0.0,0.0,240.0,240.0,1,47.89,54.47,46.36,38.22,27.27,40.82
13640.0,227.33,0.0,0.0,240.0,240.0,1,47.77,54.39,46.23,38.1,27.17,40.68
13645.0,227.42,0.0,0.0,240.0,240.0,1,47.65,54.3,46.1,37.98,27.06,40.54
13650.0,227.5,0.0,0.0,240.0,240.0,1,47.52,54.22,45.97,37.86,26.96,40.41
13655.0,227.58,0.0,0.0,240.0,240.0,1,47.4,54.13,45.84,37.75,26.86,40.27
13660.0,227.67,0.0,0.0,240.0,240.0,1,47.28,54.05,45.71,37.63,26.75,40.14
13665.0,227.75,0.0,0.0,240.0,240.0,1,47.16,53.96,45.58,37.51,26.65,40.0
13670.0,227.83,0.0,0.0,240.0,240.0,1,47.03,53.88,45.46,37.4,26.55,39.87
13675.0,227.92,0.0,0.0,240.0,240.0,1,46.91,53.79,45.33,37.28,26.45,39.73
13680.0,228.0,0.0,0.0,240.0,240.0,1,46.79,53.71,45.2,37.17,26.35,39.6
13685.0,228.08,0.0,0.0,240.0,240.0,1,46.67,53.62,45.07,37.05,26.24,39.47
13690.0,228.17,0.0,0.0,240.0,240.0,1,46.55,53.53,44.95,36.94,26.14,39.33
13695.0,228.25,0.0,0.0,240.0,240.0,1,46.43,53.45,44.82,36.82,26.04,39.2
13700.0,228.33,0.0,0.0,240.0,240.0,1,46.31,53.36,44.69,36.71,25.94,39.07
13705.0,228.42,0.0,0.0,240.0,240.0,1,46.19,53.28,44.57,36.59,25.84,38.94
13710.0,228.5,0.0,0.0,240.0,240.0,1,46.07,53.19,44.44,36.48,25.74,38.81
13715.0,228.58,0.0,0.0,240.0,240.0,1,45.95,53.1,44.32,36.36,25.64,38.68
13720.0,228.67,0.0,0.0,240.0,240.0,1,45.83,53.02,44.19,36.25,25.54,38.55
13725.0,228.75,0.0,0.0,240.0,240.0,1,45.71,52.93,44.07,36.14,25.44,38.42
13730.0,228.83,0.0,0.0,240.0,240.0,1,45.6,52.84,43.94,36.03,25.34,38.29
13735.0,228.92,0.0,0.0,240.0,240.0,1,45.48,52.76,43.82,35.91,25.24,38.16
13740.0,229.0,0.0,0.0,240.0,240.0,1,45.36,52.67,43.7,35.8,25.14,38.04
13745.0,229.08,0.0,0.0,240.0,240.0,1,45.24,52.58,43.57,35.69,25.04,37.91
13750.0,229.17,0.0,0.0,240.0,240.0,1,45.13,52.49,43.45,35.58,24.95,37.78
13755.0,229.25,0.0,0.0,240.0,240.0,1,45.01,52.41,43.33,35.47,24.85,37.66
13760.0,229.33,0.0,0.0,240.0,240.0,1,44.89,52.32,43.2,35.35,24.75,37.53
13765.0,229.42,0.0,0.0,240.0,240.0,1,44.78,52.23,43.08,35.24,24.65,37.41
13770.0,229.5,0.0,0.0,240.0,240.0,1,44.66,52.14,42.96,35.13,24.55,37.28
13775.0,229.58,0.0,0.0,240.0,240.0,1,44.54,52.06,42.84,35.02,24.46,37.16
13780.0,229.67,0.0,0.0,240.0,240.0,1,44.43,51.97,42.72,34.91,24.36,37.04
13785.0,229.75,0.0,0.0,240.0,240.0,1,44.31,51.88,42.6,34.8,24.26,36.91
13790.0,229.83,0.0,0.0,240.0,240.0,1,44.2,51.79,42.47,34.69,24.17,36.79
13795.0,229.92,0.0,0.0,240.0,240.0,1,44.08,51.7,42.35,34.58,24.07,36.67
13800.0,230.0,0.0,0.0,240.0,240.0,1,43.97,51.62,42.23,34.47,23.97,36.55
13805.0,230.08,0.0,0.0,240.0,240.0,1,43.86,51.53,42.11,34.36,23.88,36.43
13810.0,230.17,0.0,0.0,240.0,240.0,1,43.74,51.44,41.99,34.26,23.78,36.3
13815.0,230.25,0.0,0.0,240.0,240.0,1,43.63,51.35,41.88,34.15,23.69,36.18
13820.0,230.33,0.0,0.0,240.0,240.0,1,43.52,51.26,41.76,34.04,23.59,36.06
13825.0,230.42,0.0,0.0,240.0,240.0,1,43.4,51.17,41.64,33.93,23.5,35.94
13830.0,230.5,0.0,0.0,240.0,240.0,1,43.29,51.08,41.52,33.82,23.4,35.83
13835.0,230.58,0.0,0.0,240.0,240.0,1,43.18,51.0,41.4,33.72,23.31,35.71
13840.0,230.67,0.0,0.0,240.0,240.0,1,43.07,50.91,41.28,33.61,23.21,35.59
13845.0,230.75,0.0,0.0,240.0,240.0,1,42.95,50.82,41.17,33.5,23.12,35.47
13850.0,230.83,0.0,0.0,240.0,240.0,1,42.84,50.73,41.05,33.4,23.02,35.35
13855.0,230.92,0.0,0.0,240.0,240.0,1,42.73,50.64,40.93,33.29,22.93,35.24
13860.0,231.0,0.0,0.0,240.0,240.0,1,42.62,50.55,40.81,33.18,22.84,35.12
13865.0,231.08,0.0,0.0,240.0,240.0,1,42.51,50.46,40.7,33.08,22.74,35.0
13870.0,231.17,0.0,0.0,240.0,240.0,1,42.4,50.37,40.58,32.97,22.65,34.89
13875.0,231.25,0.0,0.0,240.0,240.0,1,42.29,50.28,40.47,32.87,22.56,34.77
13880.0,231.33,0.0,0.0,240.0,240.0,1,42.18,50.19,40.35,32.76,22.46,34.66
13885.0,231.42,0.0,0.0,240.0,240.0,1,42.07,50.1,40.24,32.66,22.37,34.54
13890.0,231.5,0.0,0.0,240.0,240.0,1,41.96,50.01,40.12,32.55,22.28,34.43
13895.0,231.58,0.0,0.0,240.0,240.0,1,41.85,49.92,40.01,32.45,22.19,34.31
13900.0,231.67,0.0,0.0,240.0,240.0,1,41.74,49.83,39.89,32.35,22.09,34.2
13905.0,231.75,0.0,0.0,240.0,240.0,1,41.63,49.74,39.78,32.24,22.0,34.09
13910.0,231.83,0.0,0.0,240.0,240.0,1,41.52,49.65,39.66,32.14,21.91,33.97
13915.0,231.92,0.0,0.0,240.0,240.0,1,41.42,49.56,39.55,32.03,21.82,33.86
13920.0,232.0,0.0,0.0,240.0,240.0,1,41.31,49.47,39.44,31.93,21.73,33.75
13925.0,232.08,0.0,0.0,240.0,240.0,1,41.2,49.38,39.32,31.83,21.64,33.64
13930.0,232.17,0.0,0.0,240.0,240.0,1,41.09,49.29,39.21,31.73,21.55,33.53
13935.0,232.25,0.0,0.0,240.0,240.0,1,40.99,49.2,39.1,31.62,21.46,33.42
13940.0,232.33,0.0,0.0,240.0,240.0,1,40.88,49.11,38.98,31.52,21.36,33.3
13945.0,232.42,0.0,0.0,240.0,240.0,1,40.77,49.02,38.87,31.42,21.27,33.19
13950.0,232.5,0.0,0.0,240.0,240.0,1,40.67,48.93,38.76,31.32,21.18,33.08
13955.0,232.58,0.0,0.0,240.0,240.0,1,40.56,48.84,38.65,31.22,21.1,32.97
13960.0,232.67,0.0,0.0,240.0,240.0,1,40.45,48.75,38.54,31.11,21.01,32.87
13965.0,232.75,0.0,0.0,240.0,240.0,1,40.35,48.66,38.43,31.01,20.92,32.76
13970.0,232.83,0.0,0.0,240.0,240.0,1,40.24,48.57,38.32,30.91,20.83,32.65
13975.0,232.92,0.0,0.0,240.0,240.0,1,40.14,48.48,38.21,30.81,20.74,32.54
13980.0,233.0,0.0,0.0,240.0,240.0,1,40.03,48.39,38.1,30.71,20.65,32.43
13985.0,233.08,0.0,0.0,240.0,240.0,1,39.93,48.3,37.99,30.61,20.56,32.32
13990.0,233.17,0.0,0.0,240.0,240.0,1,39.82,48.21,37.88,30.51,20.47,32.22
13995.0,233.25,0.0,0.0,240.0,240.0,1,39.72,48.12,37.77,30.41,20.38,32.11
14000.0,233.33,0.0,0.0,240.0,240.0,1,39.62,48.03,37.66,30.31,20.3,32.0
14005.0,233.42,0.0,0.0,240.0,240.0,1,39.51,47.94,37.55,30.21,20.21,31.9
14010.0,233.5,0.0,0.0,240.0,240.0,1,39.41,47.85,37.44,30.11,20.12,31.79
14015.0,233.58,0.0,0.0,240.0,240.0,1,39.31,47.76,37.33,30.02,20.03,31.69
14020.0,233.67,0.0,0.0,240.0,240.0,1,39.2,47.67,37.22,29.92,19.94,31.58
14025.0,233.75,0.0,0.0,240.0,240.0,1,39.1,47.57,37.11,29.82,19.86,31.48
14030.0,233.83,0.0,0.0,240.0,240.0,1,39.0,47.48,37.01,29.72,19.77,31.37
14035.0,233.92,0.0,0.0,240.0,240.0,1,38.9,47.39,36.9,29.62,19.68,31.27
14040.0,234.0,0.0,0.0,240.0,240.0,1,38.79,47.3,36.79,29.53,19.6,31.16
14045.0,234.08,0.0,0.0,240.0,240.0,1,38.69,47.21,36.69,29.43,19.51,31.06
14050.0,234.17,0.0,0.0,240.0,240.0,1,38.59,47.12,36.58,29.33,19.43,30.95
14055.0,234.25,0.0,0.0,240.0,240.0,1,38.49,47.03,36.47,29.23,19.34,30.85
14060.0,234.33,0.0,0.0,240.0,240.0,1,38.39,46.94,36.37,29.14,19.25,30.75
14065.0,234.42,0.0,0.0,240.0,240.0,1,38.29,46.85,36.26,29.04,19.17,30.65
14070.0,234.5,0.0,0.0,240.0,240.0,1,38.19,46.76,36.15,28.94,19.08,30.54
14075.0,234.58,0.0,0.0,240.0,240.0,1,38.09,46.67,36.05,28.85,19.0,30.44
14080.0,234.67,0.0,0.0,240.0,240.0,1,37.99,46.58,35.94,28.75,18.91,30.34
14085.0,234.75,0.0,0.0,240.0,240.0,1,37.89,46.48,35.84,28.66,18.83,30.24
14090.0,234.83,0.0,0.0,240.0,240.0,1,37.79,46.39,35.73,28.56,18.74,30.14
14095.0,234.92,0.0,0.0,240.0,240.0,1,37.69,46.3,35.63,28.46,18.66,30.04
14100.0,235.0,0.0,0.0,240.0,240.0,1,37.59,46.21,35.53,28.37,18.57,29.94
14105.0,235.08,0.0,0.0,240.0,240.0,1,37.49,46.12,35.42,28.27,18.49,29.84
14110.0,235.17,0.0,0.0,240.0,240.0,1,37.39,46.03,35.32,28.18,18.4,29.74
14115.0,235.25,0.0,0.0,240.0,240.0,1,37.29,45.94,35.21,28.09,18.32,29.64
14120.0,235.33,0.0,0.0,240.0,240.0,1,37.19,45.85,35.11,27.99,18.24,29.54
14125.0,235.42,0.0,0.0,240.0,240.0,1,37.1,45.76,35.01,27.9,18.15,29.44
14130.0,235.5,0.0,0.0,240.0,240.0,1,37.0,45.66,34.9,27.8,18.07,29.34
14135.0,235.58,0.0,0.0,240.0,240.0,1,36.9,45.57,34.8,27.71,17.99,29.24
14140.0,235.67,0.0,0.0,240.0,240.0,1,36.8,45.48,34.7,27.62,17.9,29.14
14145.0,235.75,0.0,0.0,240.0,240.0,1,36.7,45.39,34.6,27.52,17.82,29.04
14150.0,235.83,0.0,0.0,240.0,240.0,1,36.61,45.3,34.5,27.43,17.74,28.95
14155.0,235.92,0.0,0.0,240.0,240.0,1,36.51,45.21,34.39,27.34,17.66,28.85
14160.0,236.0,0.0,0.0,240.0,240.0,1,36.41,45.12,34.29,27.24,17.57,28.75
14165.0,236.08,0.0,0.0,240.0,240.0,1,36.32,45.03,34.19,27.15,17.49,28.65
14170.0,236.17,0.0,0.0,240.0,240.0,1,36.22,44.94,34.09,27.06,17.41,28.56
14175.0,236.25,0.0,0.0,240.0,240.0,1,36.13,44.85,33.99,26.97,17.33,28.46
14180.0,236.33,0.0,0.0,240.0,240.0,1,36.03,44.75,33.89,26.87,17.25,28.37
14185.0,236.42,0.0,0.0,240.0,240.0,1,35.93,44.66,33.79,26.78,17.16,28.27
14190.0,236.5,0.0,0.0,240.0,240.0,1,35.84,44.57,33.69,26.69,17.08,28.17
14195.0,236.58,0.0,0.0,240.0,240.0,1,35.74,44.48,33.59,26.6,17.0,28.08
14200.0,236.67,0.0,0.0,240.0,240.0,1,35.65,44.39,33.49,26.51,16.92,27.98
14205.0,236.75,0.0,0.0,240.0,240.0,1,35.55,44.3,33.39,26.42,16.84,27.89
14210.0,236.83,0.0,0.0,240.0,240.0,1,35.46,44.21,33.29,26.33,16.76,27.79
14215.0,236.92,0.0,0.0,240.0,240.0,1,35.36,44.12,33.19,26.24,16.68,27.7
14220.0,237.0,0.0,0.0,240.0,240.0,1,35.27,44.03,33.09,26.15,16.6,27.6
14225.0,237.08,0.0,0.0,240.0,240.0,1,35.18,43.94,32.99,26.06,16.52,27.51
14230.0,237.17,0.0,0.0,240.0,240.0,1,35.08,43.85,32.9,25.97,16.44,27.42
14235.0,237.25,0.0,0.0,240.0,240.0,1,34.99,43.75,32.8,25.88,16.36,27.32
14240.0,237.33,0.0,0.0,240.0,240.0,1,34.9,43.66,32.7,25.79,16.28,27.23
14245.0,237.42,0.0,0.0,240.0,240.0,1,34.8,43.57,32.6,25.7,16.2,27.14
14250.0,237.5,0.0,0.0,240.0,240.0,1,34.71,43.48,32.5,25.61,16.12,27.04
14255.0,237.58,0.0,0.0,240.0,240.0,1,34.62,43.39,32.41,25.52,16.04,26.95
14260.0,237.67,0.0,0.0,240.0,240.0,1,34.52,43.3,32.31,25.43,15.96,26.86
14265.0,237.75,0.0,0.0,240.0,240.0,1,34.43,43.21,32.21,25.34,15.88,26.77
14270.0,237.83,0.0,0.0,240.0,240.0,1,34.34,43.12,32.12,25.25,15.8,26.68
14275.0,237.92,0.0,0.0,240.0,240.0,1,34.25,43.03,32.02,25.16,15.72,26.58
14280.0,238.0,0.0,0.0,240.0,240.0,1,34.16,42.94,31.92,25.08,15.65,26.49
14285.0,238.08,0.0,0.0,240.0,240.0,1,34.06,42.85,31.83,24.99,15.57,26.4
14290.0,238.17,0.0,0.0,240.0,240.0,1,33.97,42.76,31.73,24.9,15.49,26.31
14295.0,238.25,0.0,0.0,240.0,240.0,1,33.88,42.67,31.64,24.81,15.41,26.22
14300.0,238.33,0.0,0.0,240.0,240.0,1,33.79,42.58,31.54,24.72,15.33,26.13
14305.0,238.42,0.0,0.0,240.0,240.0,1,33.7,42.49,31.45,24.64,15.25,26.04
14310.0,238.5,0.0,0.0,240.0,240.0,1,33.61,42.39,31.35,24.55,15.18,25.95
14315.0,238.58,0.0,0.0,240.0,240.0,1,33.52,42.3,31.26,24.46,15.1,25.86
14320.0,238.67,0.0,0.0,240.0,240.0,1,33.43,42.21,31.16,24.38,15.02,25.77
14325.0,238.75,0.0,0.0,240.0,240.0,1,33.34,42.12,31.07,24.29,14.95,25.68
14330.0,238.83,0.0,0.0,240.0,240.0,1,33.25,42.03,30.97,24.2,14.87,25.59
14335.0,238.92,0.0,0.0,240.0,240.0,1,33.16,41.94,30.88,24.12,14.79,25.5
14340.0,239.0,0.0,0.0,240.0,240.0,1,33.07,41.85,30.79,24.03,14.72,25.41
14345.0,239.08,0.0,0.0,240.0,240.0,1,32.98,41.76,30.69,23.95,14.64,25.33
14350.0,239.17,0.0,0.0,240.0,240.0,1,32.89,41.67,30.6,23.86,14.56,25.24
14355.0,239.25,0.0,0.0,240.0,240.0,1,32.8,41.58,30.51,23.77,14.49,25.15
14360.0,239.33,0.0,0.0,240.0,240.0,1,32.71,41.49,30.41,23.69,14.41,25.06
14365.0,239.42,0.0,0.0,240.0,240.0,1,32.63,41.4,30.32,23.6,14.33,24.97
14370.0,239.5,0.0,0.0,240.0,240.0,1,32.54,41.31,30.23,23.52,14.26,24.89
14375.0,239.58,0.0,0.0,240.0,240.0,1,32.45,41.22,30.14,23.43,14.18,24.8
14380.0,239.67,0.0,0.0,240.0,240.0,1,32.36,41.13,30.04,23.35,14.11,24.71
14385.0,239.75,0.0,0.0,240.0,240.0,1,32.27,41.04,29.95,23.26,14.03,24.62
14390.0,239.83,0.0,0.0,240.0,240.0,1,32.18,40.95,29.86,23.18,13.96,24.54
14395.0,239.92,0.0,0.0,240.0,240.0,1,32.1,40.86,29.77,23.1,13.88,24.45
14400.0,240.0,0.0,0.0,240.0,240.0,1,32.01,40.77,29.68,23.01,13.81,24.37
14405.0,240.08,0.0,0.0,240.0,240.0,1,31.92,40.68,29.59,22.93,13.73,24.28
14410.0,240.17,0.0,0.0,240.0,240.0,1,31.84,40.59,29.5,22.84,13.66,24.19
14415.0,240.25,0.0,0.0,240.0,240.0,1,31.75,40.5,29.4,22.76,13.58,24.11
14420.0,240.33,0.0,0.0,240.0,240.0,1,31.66,40.41,29.31,22.68,13.51,24.02
14425.0,240.42,0.0,0.0,240.0,240.0,1,31.58,40.32,29.22,22.59,13.43,23.94
14430.0,240.5,0.0,0.0,240.0,240.0,1,31.49,40.23,29.13,22.51,13.36,23.85
14435.0,240.58,0.0,0.0,240.0,240.0,1,31.4,40.14,29.04,22.43,13.29,23.77
14440.0,240.67,0.0,0.0,240.0,240.0,1,31.32,40.05,28.95,22.35,13.21,23.68
14445.0,240.75,0.0,0.0,240.0,240.0,1,31.23,39.97,28.86,22.26,13.14,23.6
14450.0,240.83,0.0,0.0,240.0,240.0,1,31.15,39.88,28.77,22.18,13.07,23.51
14455.0,240.92,0.0,0.0,240.0,240.0,1,31.06,39.79,28.68,22.1,12.99,23.43
14460.0,241.0,0.0,0.0,240.0,240.0,1,30.98,39.7,28.6,22.02,12.92,23.35
14465.0,241.08,0.0,0.0,240.0,240.0,1,30.89,39.61,28.51,21.93,12.85,23.26
14470.0,241.17,0.0,0.0,240.0,240.0,1,30.81,39.52,28.42,21.85,12.77,23.18
14475.0,241.25,0.0,0.0,240.0,240.0,1,30.72,39.43,28.33,21.77,12.7,23.1
14480.0,241.33,0.0,0.0,240.0,240.0,1,30.64,39.34,28.24,21.69,12.63,23.01
14485.0,241.42,0.0,0.0,240.0,240.0,1,30.55,39.25,28.15,21.61,12.55,22.93
14490.0,241.5,0.0,0.0,240.0,240.0,1,30.47,39.16,28.07,21.53,12.48,22.85
14495.0,241.58,0.0,0.0,240.0,240.0,1,30.38,39.07,27.98,21.45,12.41,22.76
14500.0,241.67,0.0,0.0,240.0,240.0,1,30.3,38.98,27.89,21.37,12.34,22.68
14505.0,241.75,0.0,0.0,240.0,240.0,1,30.22,38.9,27.8,21.28,12.27,22.6
14510.0,241.83,0.0,0.0,240.0,240.0,1,30.13,38.81,27.71,21.2,12.19,22.52
14515.0,241.92,0.0,0.0,240.0,240.0,1,30.05,38.72,27.63,21.12,12.12,22.44
14520.0,242.0,0.0,0.0,240.0,240.0,1,29.97,38.63,27.54,21.04,12.05,22.35
14525.0,242.08,0.0,0.0,240.0,240.0,1,29.88,38.54,27.45,20.96,11.98,22.27
14530.0,242.17,0.0,0.0,240.0,240.0,1,29.8,38.45,27.37,20.88,11.91,22.19
14535.0,242.25,0.0,0.0,240.0,240.0,1,29.72,38.36,27.28,20.8,11.84,22.11
14540.0,242.33,0.0,0.0,240.0,240.0,1,29.64,38.28,27.2,20.72,11.77,22.03
14545.0,242.42,0.0,0.0,240.0,240.0,1,29.55,38.19,27.11,20.64,11.69,21.95
14550.0,242.5,0.0,0.0,240.0,240.0,1,29.47,38.1,27.02,20.57,11.62,21.87
14555.0,242.58,0.0,0.0,240.0,240.0,1,29.39,38.01,26.94,20.49,11.55,21.79
14560.0,242.67,0.0,0.0,240.0,240.0,1,29.31,37.92,26.85,20.41,11.48,21.71
14565.0,242.75,0.0,0.0,240.0,240.0,1,29.22,37.83,26.77,20.33,11.41,21.63
14570.0,242.83,0.0,0.0,240.0,240.0,1,29.14,37.75,26.68,20.25,11.34,21.55
14575.0,242.92,0.0,0.0,240.0,240.0,1,29.06,37.66,26.6,20.17,11.27,21.47
14580.0,243.0,0.0,0.0,240.0,240.0,1,28.98,37.57,26.51,20.09,11.2,21.39
14585.0,243.08,0.0,0.0,240.0,240.0,1,28.9,37.48,26.43,20.01,11.13,21.31
14590.0,243.17,0.0,0.0,240.0,240.0,1,28.82,37.39,26.34,19.94,11.06,21.23
14595.0,243.25,0.0,0.0,240.0,240.0,1,28.74,37.31,26.26,19.86,10.99,21.15
14600.0,243.33,0.0,0.0,240.0,240.0,1,28.66,37.22,26.17,19.78,10.92,21.07
14605.0,243.42,0.0,0.0,240.0,240.0,1,28.58,37.13,26.09,19.7,10.85,20.99
14610.0,243.5,0.0,0.0,240.0,240.0,1,28.5,37.04,26.01,19.63,10.78,20.91
14615.0,243.58,0.0,0.0,240.0,240.0,1,28.42,36.96,25.92,19.55,10.71,20.83
14620.0,243.67,0.0,0.0,240.0,240.0,1,28.34,36.87,25.84,19.47,10.64,20.76
14625.0,243.75,0.0,0.0,240.0,240.0,1,28.26,36.78,25.76,19.39,10.58,20.68
14630.0,243.83,0.0,0.0,240.0,240.0,1,28.18,36.69,25.67,19.32,10.51,20.6
14635.0,243.92,0.0,0.0,240.0,240.0,1,28.1,36.61,25.59,19.24,10.44,20.52
14640.0,244.0,0.0,0.0,240.0,240.0,1,28.02,36.52,25.51,19.16,10.37,20.45
14645.0,244.08,0.0,0.0,240.0,240.0,1,27.94,36.43,25.42,19.09,10.3,20.37
14650.0,244.17,0.0,0.0,240.0,240.0,1,27.86,36.34,25.34,19.01,10.23,20.29
14655.0,244.25,0.0,0.0,240.0,240.0,1,27.78,36.26,25.26,18.93,10.16,20.21
14660.0,244.33,0.0,0.0,240.0,240.0,1,27.7,36.17,25.18,18.86,10.1,20.14
14665.0,244.42,0.0,0.0,240.0,240.0,1,27.62,36.08,25.09,18.78,10.03,20.06
14670.0,244.5,0.0,0.0,240.0,240.0,1,27.54,36.0,25.01,18.71,9.96,19.98
14675.0,244.58,0.0,0.0,240.0,240.0,1,27.47,35.91,24.93,18.63,9.89,19.91
14680.0,244.67,0.0,0.0,240.0,240.0,1,27.39,35.82,24.85,18.55,9.82,19.83
14685.0,244.75,0.0,0.0,240.0,240.0,1,27.31,35.74,24.77,18.48,9.76,19.75
14690.0,244.83,0.0,0.0,240.0,240.0,1,27.23,35.65,24.69,18.4,9.69,19.68
14695.0,244.92,0.0,0.0,240.0,240.0,1,27.15,35.56,24.61,18.33,9.62,19.6
14700.0,245.0,0.0,0.0,240.0,240.0,1,27.08,35.48,24.52,18.25,9.56,19.53
14705.0,245.08,0.0,0.0,240.0,240.0,1,27.0,35.39,24.44,18.18,9.49,19.45
14710.0,245.17,0.0,0.0,240.0,240.0,1,26.92,35.3,24.36,18.1,9.42,19.38
14715.0,245.25,0.0,0.0,240.0,240.0,1,26.84,35.22,24.28,18.03,9.35,19.3
14720.0,245.33,0.0,0.0,240.0,240.0,1,26.77,35.13,24.2,17.95,9.29,19.22
14725.0,245.42,0.0,0.0,240.0,240.0,1,26.69,35.05,24.12,17.88,9.22,19.15
14730.0,245.5,0.0,0.0,240.0,240.0,1,26.61,34.96,24.04,17.81,9.15,19.08
14735.0,245.58,0.0,0.0,240.0,240.0,1,26.54,34.87,23.96,17.73,9.09,19.0
14740.0,245.67,0.0,0.0,240.0,240.0,1,26.46,34.79,23.88,17.66,9.02,18.93
14745.0,245.75,0.0,0.0,240.0,240.0,1,26.38,34.7,23.8,17.58,8.96,18.85
14750.0,245.83,0.0,0.0,240.0,240.0,1,26.31,34.62,23.72,17.51,8.89,18.78
14755.0,245.92,0.0,0.0,240.0,240.0,1,26.23,34.53,23.64,17.44,8.82,18.7
14760.0,246.0,0.0,0.0,240.0,240.0,1,26.15,34.45,23.57,17.36,8.76,18.63
14765.0,246.08,0.0,0.0,240.0,240.0,1,26.08,34.36,23.49,17.29,8.69,18.56
14770.0,246.17,0.0,0.0,240.0,240.0,1,26.0,34.27,23.41,17.22,8.63,18.48
14775.0,246.25,0.0,0.0,240.0,240.0,1,25.93,34.19,23.33,17.14,8.56,18.41
14780.0,246.33,0.0,0.0,240.0,240.0,1,25.85,34.1,23.25,17.07,8.5,18.34
14785.0,246.42,0.0,0.0,240.0,240.0,1,25.78,34.02,23.17,17.0,8.43,18.26
14790.0,246.5,0.0,0.0,240.0,240.0,1,25.7,33.93,23.09,16.93,8.37,18.19
14795.0,246.58,0.0,0.0,240.0,240.0,1,25.63,33.85,23.02,16.85,8.3,18.12
14800.0,246.67,0.0,0.0,240.0,240.0,1,25.55,33.76,22.94,16.78,8.24,18.04
14805.0,246.75,0.0,0.0,240.0,240.0,1,25.48,33.68,22.86,16.71,8.17,17.97
14810.0,246.83,0.0,0.0,240.0,240.0,1,25.4,33.59,22.78,16.64,8.11,17.9
14815.0,246.92,0.0,0.0,240.0,240.0,1,25.33,33.51,22.71,16.56,8.04,17.83
14820.0,247.0,0.0,0.0,240.0,240.0,1,25.25,33.42,22.63,16.49,7.98,17.75
14825.0,247.08,0.0,0.0,240.0,240.0,1,25.18,33.34,22.55,16.42,7.91,17.68
14830.0,247.17,0.0,0.0,240.0,240.0,1,25.11,33.25,22.47,16.35,7.85,17.61
14835.0,247.25,0.0,0.0,240.0,240.0,1,25.03,33.17,22.4,16.28,7.78,17.54
14840.0,247.33,0.0,0.0,240.0,240.0,1,24.96,33.09,22.32,16.21,7.72,17.47
14845.0,247.42,0.0,0.0,240.0,240.0,1,24.88,33.0,22.24,16.14,7.66,17.39
14850.0,247.5,0.0,0.0,240.0,240.0,1,24.81,32.92,22.17,16.06,7.59,17.32
14855.0,247.58,0.0,0.0,240.0,240.0,1,24.74,32.83,22.09,15.99,7.53,17.25
14860.0,247.67,0.0,0.0,240.0,240.0,1,24.66,32.75,22.01,15.92,7.47,17.18
14865.0,247.75,0.0,0.0,240.0,240.0,1,24.59,32.67,21.94,15.85,7.4,17.11
14870.0,247.83,0.0,0.0,240.0,240.0,1,24.52,32.58,21.86,15.78,7.34,17.04
14875.0,247.92,0.0,0.0,240.0,240.0,1,24.44,32.5,21.79,15.71,7.28,16.97
14880.0,248.0,0.0,0.0,240.0,240.0,1,24.37,32.41,21.71,15.64,7.21,16.9
14885.0,248.08,0.0,0.0,240.0,240.0,1,24.3,32.33,21.64,15.57,7.15,16.83
14890.0,248.17,0.0,0.0,240.0,240.0,1,24.23,32.25,21.56,15.5,7.09,16.76
14895.0,248.25,0.0,0.0,240.0,240.0,1,24.15,32.16,21.48,15.43,7.02,16.69
14900.0,248.33,0.0,0.0,240.0,240.0,1,24.08,32.08,21.41,15.36,6.96,16.62
14905.0,248.42,0.0,0.0,240.0,240.0,1,24.01,32.0,21.33,15.29,6.9,16.55
14910.0,248.5,0.0,0.0,240.0,240.0,1,23.94,31.91,21.26,15.22,6.84,16.48
14915.0,248.58,0.0,0.0,240.0,240.0,1,23.87,31.83,21.19,15.15,6.77,16.41
14920.0,248.67,0.0,0.0,240.0,240.0,1,23.79,31.75,21.11,15.08,6.71,16.34
14925.0,248.75,0.0,0.0,240.0,240.0,1,23.72,31.66,21.04,15.01,6.65,16.27
14930.0,248.83,0.0,0.0,240.0,240.0,1,23.65,31.58,20.96,14.94,6.59,16.2
14935.0,248.92,0.0,0.0,240.0,240.0,1,23.58,31.5,20.89,14.87,6.52,16.13
14940.0,249.0,0.0,0.0,240.0,240.0,1,23.51,31.41,20.81,14.8,6.46,16.06
14945.0,249.08,0.0,0.0,240.0,240.0,0,23.44,31.33,20.74,14.74,6.4,15.99
14950.0,249.17,0.0,0.0,240.0,240.0,0,23.37,31.25,20.67,14.67,6.34,15.92
14955.0,249.25,0.0,0.0,240.0,240.0,0,23.3,31.17,20.59,14.6,6.28,15.85
14960.0,249.33,0.0,0.0,240.0,240.0,0,23.22,31.08,20.52,14.53,6.21,15.79
14965.0,249.42,0.0,0.0,240.0,240.0,0,23.15,31.0,20.45,14.46,6.15,15.72
14970.0,249.5,0.0,0.0,240.0,240.0,0,23.08,30.92,20.37,14.39,6.09,15.65
14975.0,249.58,0.0,0.0,240.0,240.0,0,23.01,30.84,20.3,14.33,6.03,15.58
14980.0,249.67,0.0,0.0,240.0,240.0,0,22.94,30.75,20.23,14.26,5.97,15.51
14985.0,249.75,0.0,0.0,240.0,240.0,0,22.87,30.67,20.15,14.19,5.91,15.44
14990.0,249.83,0.0,0.0,240.0,240.0,0,22.8,30.59,20.08,14.12,5.85,15.38
14995.0,249.92,0.0,0.0,240.0,240.0,0,22.73,30.51,20.01,14.05,5.79,15.31
15000.0,250.0,0.0,0.0,240.0,240.0,0,22.66,30.43,19.94,13.99,5.73,15.24
15005.0,250.08,0.0,0.0,240.0,240.0,0,22.59,30.34,19.86,13.92,5.67,15.17
15010.0,250.17,0.0,0.0,240.0,240.0,0,22.52,30.26,19.79,13.85,5.61,15.11
15015.0,250.25,0.0,0.0,240.0,240.0,0,22.45,30.18,19.72,13.78,5.55,15.04
15020.0,250.33,0.0,0.0,240.0,240.0,0,22.39,30.1,19.65,13.72,5.48,14.97
15025.0,250.42,0.0,0.0,240.0,240.0,0,22.32,30.02,19.58,13.65,5.42,14.91
15030.0,250.5,0.0,0.0,240.0,240.0,0,22.25,29.94,19.5,13.58,5.36,14.84
15035.0,250.58,0.0,0.0,240.0,240.0,0,22.18,29.86,19.43,13.52,5.3,14.77
15040.0,250.67,0.0,0.0,240.0,240.0,0,22.11,29.77,19.36,13.45,5.24,14.71
15045.0,250.75,0.0,0.0,240.0,240.0,0,22.04,29.69,19.29,13.38,5.18,14.64
15050.0,250.83,0.0,0.0,240.0,240.0,0,21.97,29.61,19.22,13.32,5.12,14.57
15055.0,250.92,0.0,0.0,240.0,240.0,0,21.9,29.53,19.15,13.25,5.06,14.51
15060.0,251.0,0.0,0.0,240.0,240.0,0,21.84,29.45,19.08,13.18,5.01,14.44
15065.0,251.08,0.0,0.0,240.0,240.0,0,21.77,29.37,19.01,13.12,4.95,14.37
15070.0,251.17,0.0,0.0,240.0,240.0,0,21.7,29.29,18.93,13.05,4.89,14.31
15075.0,251.25,0.0,0.0,240.0,240.0,0,21.63,29.21,18.86,12.99,4.83,14.24
15080.0,251.33,0.0,0.0,240.0,240.0,0,21.56,29.13,18.79,12.92,4.77,14.18
15085.0,251.42,0.0,0.0,240.0,240.0,0,21.5,29.05,18.72,12.85,4.71,14.11
15090.0,251.5,0.0,0.0,240.0,240.0,0,21.43,28.97,18.65,12.79,4.65,14.05
15095.0,251.58,0.0,0.0,240.0,240.0,0,21.36,28.89,18.58,12.72,4.59,13.98
15100.0,251.67,0.0,0.0,240.0,240.0,0,21.29,28.81,18.51,12.66,4.53,13.92
15105.0,251.75,0.0,0.0,240.0,240.0,0,21.23,28.73,18.44,12.59,4.47,13.85
15110.0,251.83,0.0,0.0,240.0,240.0,0,21.16,28.65,18.37,12.53,4.41,13.79
15115.0,251.92,0.0,0.0,240.0,240.0,0,21.09,28.57,18.3,12.46,4.36,13.72
15120.0,252.0,0.0,0.0,240.0,240.0,0,21.02,28.49,18.23,12.4,4.3,13.66
15125.0,252.08,0.0,0.0,240.0,240.0,0,20.96,28.41,18.17,12.33,4.24,13.59
15130.0,252.17,0.0,0.0,240.0,240.0,0,20.89,28.33,18.1,12.27,4.18,13.53
15135.0,252.25,0.0,0.0,240.0,240.0,0,20.82,28.25,18.03,12.2,4.12,13.46
15140.0,252.33,0.0,0.0,240.0,240.0,0,20.76,28.17,17.96,12.14,4.06,13.4
15145.0,252.42,0.0,0.0,240.0,240.0,0,20.69,28.09,17.89,12.07,4.01,13.33
15150.0,252.5,0.0,0.0,240.0,240.0,0,20.62,28.01,17.82,12.01,3.95,13.27
15155.0,252.58,0.0,0.0,240.0,240.0,0,20.56,27.93,17.75,11.95,3.89,13.21
15160.0,252.67,0.0,0.0,240.0,240.0,0,20.49,27.85,17.68,11.88,3.83,13.14
15165.0,252.75,0.0,0.0,240.0,240.0,0,20.43,27.77,17.61,11.82,3.78,13.08
15170.0,252.83,0.0,0.0,240.0,240.0,0,20.36,27.69,17.55,11.75,3.72,13.02
15175.0,252.92,0.0,0.0,240.0,240.0,0,20.29,27.61,17.48,11.69,3.66,12.95
15180.0,253.0,0.0,0.0,240.0,240.0,0,20.23,27.53,17.41,11.63,3.6,12.89
15185.0,253.08,0.0,0.0,240.0,240.0,0,20.16,27.46,17.34,11.56,3.55,12.83
15190.0,253.17,0.0,0.0,240.0,240.0,0,20.1,27.38,17.27,11.5,3.49,12.76
15195.0,253.25,0.0,0.0,240.0,240.0,0,20.03,27.3,17.21,11.44,3.43,12.7
15200.0,253.33,0.0,0.0,240.0,240.0,0,19.97,27.22,17.14,11.37,3.37,12.64
15205.0,253.42,0.0,0.0,240.0,240.0,0,19.9,27.14,17.07,11.31,3.32,12.57
15210.0,253.5,0.0,0.0,240.0,240.0,0,19.84,27.06,17.0,11.25,3.26,12.51
15215.0,253.58,0.0,0.0,240.0,240.0,0,19.77,26.98,16.94,11.18,3.2,12.45
15220.0,253.67,0.0,0.0,240.0,240.0,0,19.71,26.91,16.87,11.12,3.15,12.39
15225.0,253.75,0.0,0.0,240.0,240.0,0,19.64,26.83,16.8,11.06,3.09,12.32
15230.0,253.83,0.0,0.0,240.0,240.0,0,19.58,26.75,16.74,11.0,3.03,12.26
15235.0,253.92,0.0,0.0,240.0,240.0,0,19.51,26.67,16.67,10.93,2.98,12.2
15240.0,254.0,0.0,0.0,240.0,240.0,0,19.45,26.59,16.6,10.87,2.92,12.14
15245.0,254.08,0.0,0.0,240.0,240.0,0,19.38,26.52,16.54,10.81,2.86,12.08
15250.0,254.17,2.44,0.65,240.0,243.09,0,19.32,26.44,16.47,10.75,2.81,12.03
15255.0,254.25,9.89,2.63,240.0,252.52,0,19.26,26.36,16.4,10.68,2.75,11.99
15260.0,254.33,17.34,4.61,240.0,261.94,0,19.19,26.28,16.34,10.62,2.7,11.98
15265.0,254.42,24.79,6.58,240.0,271.37,0,19.13,26.21,16.27,10.56,2.64,11.98
15270.0,254.5,32.23,8.56,240.0,280.79,0,19.06,26.13,16.2,10.5,2.59,12.01
15275.0,254.58,39.68,10.54,240.0,290.22,0,19.0,26.05,16.14,10.44,2.53,12.06
15280.0,254.67,47.12,12.52,240.0,299.64,0,18.94,25.98,16.07,10.38,2.47,12.14
15285.0,254.75,54.57,14.49,240.0,309.06,0,18.87,25.9,16.01,10.32,2.42,12.24
15290.0,254.83,62.01,16.47,240.0,318.48,0,18.81,25.82,15.94,10.26,2.36,12.37
15295.0,254.92,69.45,18.45,240.0,327.89,0,18.75,25.74,15.88,10.2,2.31,12.51
15300.0,255.0,76.88,20.42,240.0,337.3,0,18.69,25.67,15.81,10.14,2.26,12.68
15305.0,255.08,84.32,22.39,240.0,346.71,0,18.62,25.59,15.75,10.09,2.2,12.87
15310.0,255.17,91.75,24.37,240.0,356.12,0,18.56,25.51,15.68,10.03,2.15,13.08
15315.0,255.25,99.18,26.34,240.0,365.52,0,18.5,25.44,15.62,9.98,2.1,13.32
15320.0,255.33,106.6,28.31,240.0,374.92,0,18.44,25.36,15.55,9.92,2.05,13.57
15325.0,255.42,114.03,30.29,240.0,384.31,0,18.38,25.29,15.49,9.87,1.99,13.84
15330.0,255.5,121.44,32.26,240.0,393.7,0,18.32,25.21,15.43,9.82,1.94,14.14
15335.0,255.58,128.86,34.22,240.0,403.08,0,18.26,25.13,15.36,9.77,1.89,14.45
15340.0,255.67,136.27,36.19,240.0,412.46,0,18.2,25.06,15.3,9.72,1.84,14.78
15345.0,255.75,143.67,38.16,240.0,421.83,0,18.14,24.98,15.24,9.67,1.8,15.14
15350.0,255.83,151.08,40.13,240.0,431.2,0,18.08,24.91,15.18,9.63,1.75,15.51
15355.0,255.92,158.47,42.09,240.0,440.56,0,18.02,24.83,15.11,9.58,1.7,15.9
15360.0,256.0,165.86,44.05,240.0,449.92,0,17.97,24.76,15.05,9.54,1.66,16.3
15365.0,256.08,173.25,46.02,240.0,459.27,0,17.91,24.68,14.99,9.5,1.61,16.73
15370.0,256.17,180.63,47.98,240.0,468.61,0,17.86,24.61,14.93,9.46,1.57,17.17
15375.0,256.25,188.01,49.93,240.0,477.94,0,17.8,24.53,14.87,9.42,1.53,17.63
15380.0,256.33,195.37,51.89,240.0,487.27,0,17.75,24.46,14.81,9.38,1.48,18.11
15385.0,256.42,202.74,53.85,240.0,496.58,0,17.69,24.38,14.75,9.35,1.44,18.61
15390.0,256.5,210.09,55.8,240.0,505.89,0,17.64,24.31,14.7,9.31,1.4,19.12
15395.0,256.58,217.44,57.75,240.0,515.19,0,17.59,24.24,14.64,9.28,1.37,19.65
15400.0,256.67,224.78,59.7,240.0,524.49,0,17.54,24.16,14.58,9.25,1.33,20.19
15405.0,256.75,232.12,61.65,240.0,533.77,0,17.49,24.09,14.53,9.22,1.29,20.75
15410.0,256.83,239.45,63.6,240.0,543.04,0,17.44,24.02,14.47,9.19,1.26,21.33
15415.0,256.92,246.77,65.54,240.0,552.31,0,17.4,23.94,14.42,9.17,1.23,21.92
15420.0,257.0,254.08,67.48,240.0,561.56,0,17.35,23.87,14.36,9.14,1.2,22.53
15425.0,257.08,261.38,69.42,240.0,570.81,0,17.31,23.8,14.31,9.12,1.17,23.15
15430.0,257.17,268.68,71.36,240.0,580.04,0,17.26,23.73,14.26,9.1,1.14,23.79
15435.0,257.25,275.96,73.3,240.0,589.26,0,17.22,23.65,14.2,9.08,1.11,24.44
15440.0,257.33,283.24,75.23,240.0,598.47,0,17.18,23.58,14.15,9.06,1.09,25.1
15445.0,257.42,290.51,77.16,240.0,607.67,0,17.14,23.51,14.1,9.05,1.06,25.78
15450.0,257.5,297.77,79.09,240.0,616.86,0,17.1,23.44,14.05,9.04,1.04,26.48
15455.0,257.58,305.02,81.01,240.0,626.04,0,17.06,23.37,14.01,9.03,1.02,27.18
15460.0,257.67,312.26,82.94,240.0,635.2,0,17.03,23.3,13.96,9.02,1.0,27.9
15465.0,257.75,319.49,84.86,240.0,644.35,0,16.99,23.23,13.91,9.01,0.98,28.64
15470.0,257.83,326.71,86.78,240.0,653.49,0,16.96,23.16,13.87,9.01,0.97,29.38
15475.0,257.92,333.92,88.69,240.0,662.61,0,16.93,23.09,13.82,9.0,0.95,30.14
15480.0,258.0,341.12,90.6,240.0,671.72,0,16.89,23.02,13.78,9.0,0.94,30.91
15485.0,258.08,348.31,92.51,240.0,680.82,0,16.87,22.95,13.74,9.0,0.93,31.7
15490.0,258.17,355.48,94.42,240.0,689.9,0,16.84,22.89,13.7,9.01,0.92,32.49
15495.0,258.25,362.65,96.32,240.0,698.97,0,16.81,22.82,13.66,9.01,0.91,33.3
15500.0,258.33,369.8,98.22,240.0,708.02,0,16.79,22.75,13.62,9.02,0.9,34.12
15505.0,258.42,376.94,100.12,240.0,717.06,0,16.77,22.68,13.58,9.03,0.9,34.95
15510.0,258.5,384.07,102.01,240.0,726.08,0,16.74,22.62,13.55,9.04,0.9,35.79
15515.0,258.58,391.19,103.9,240.0,735.09,0,16.72,22.55,13.51,9.05,0.9,36.65
15520.0,258.67,398.3,105.79,240.0,744.08,0,16.71,22.48,13.48,9.07,0.9,37.51
15525.0,258.75,405.39,107.67,240.0,753.06,0,16.69,22.42,13.44,9.08,0.9,38.38
15530.0,258.83,412.47,109.55,240.0,762.02,0,16.68,22.35,13.41,9.1,0.9,39.27
15535.0,258.92,419.53,111.43,240.0,770.96,0,16.66,22.29,13.38,9.13,0.91,40.16
15540.0,259.0,426.58,113.3,240.0,779.89,0,16.65,22.22,13.35,9.15,0.92,41.07
15545.0,259.08,433.62,115.17,240.0,788.79,0,16.64,22.16,13.33,9.18,0.93,41.98
15550.0,259.17,440.65,117.04,240.0,797.68,0,16.64,22.1,13.3,9.2,0.94,42.91
15555.0,259.25,447.66,118.9,240.0,806.56,0,16.63,22.03,13.28,9.24,0.96,43.84
15560.0,259.33,454.65,120.76,240.0,815.41,0,16.63,21.97,13.25,9.27,0.97,44.78
15565.0,259.42,461.63,122.61,240.0,824.25,0,16.62,21.91,13.23,9.3,0.99,45.74
15570.0,259.5,468.6,124.46,240.0,833.06,0,16.62,21.85,13.21,9.34,1.01,46.7
15575.0,259.58,475.55,126.31,240.0,841.86,0,16.63,21.79,13.19,9.38,1.03,47.67
15580.0,259.67,482.49,128.15,240.0,850.64,0,16.63,21.73,13.17,9.42,1.05,48.65
15585.0,259.75,489.41,129.99,240.0,859.4,0,16.64,21.67,13.16,9.46,1.08,49.63
15590.0,259.83,496.31,131.82,240.0,868.14,0,16.64,21.61,13.14,9.51,1.1,50.63
15595.0,259.92,503.2,133.65,240.0,876.86,0,16.65,21.55,13.13,9.56,1.13,51.63
15600.0,260.0,510.08,135.48,240.0,885.55,0,16.66,21.49,13.12,9.61,1.16,52.64
15605.0,260.08,516.93,137.3,240.0,894.23,0,16.68,21.43,13.11,9.66,1.2,53.66
15610.0,260.17,523.77,139.12,240.0,902.89,0,16.69,21.38,13.1,9.72,1.23,54.69
15615.0,260.25,530.6,140.93,240.0,911.52,0,16.71,21.32,13.09,9.77,1.27,55.72
15620.0,260.33,537.4,142.74,240.0,920.14,0,16.73,21.26,13.09,9.83,1.31,56.76
15625.0,260.42,544.19,144.54,240.0,928.73,0,16.75,21.21,13.08,9.89,1.35,57.81
15630.0,260.5,550.96,146.34,240.0,937.3,0,16.77,21.15,13.08,9.96,1.39,58.86
15635.0,260.58,557.72,148.13,240.0,945.85,0,16.8,21.1,13.08,10.02,1.44,59.92
15640.0,260.67,564.45,149.92,240.0,954.37,0,16.82,21.05,13.08,10.09,1.48,60.99
15645.0,260.75,571.17,151.7,240.0,962.88,0,16.85,20.99,13.09,10.16,1.53,62.06
15650.0,260.83,577.87,153.48,240.0,971.35,0,16.89,20.94,13.09,10.23,1.58,63.14
15655.0,260.92,584.55,155.26,240.0,979.81,0,16.92,20.89,13.1,10.31,1.64,64.23
15660.0,261.0,591.21,157.03,240.0,988.24,0,16.95,20.84,13.11,10.38,1.69,65.32
15665.0,261.08,597.86,158.79,240.0,996.65,0,16.99,20.79,13.12,10.46,1.75,66.42
15670.0,261.17,604.48,160.55,240.0,1005.03,0,17.03,20.74,13.13,10.54,1.81,67.52
15675.0,261.25,611.09,162.31,240.0,1013.39,0,17.07,20.69,13.14,10.63,1.87,68.63
15680.0,261.33,617.67,164.05,240.0,1021.72,0,17.12,20.64,13.15,10.71,1.93,69.75
15685.0,261.42,624.24,165.8,240.0,1030.03,0,17.16,20.59,13.17,10.8,1.99,70.86
15690.0,261.5,630.78,167.54,240.0,1038.32,0,17.21,20.55,13.19,10.89,2.06,71.99
15695.0,261.58,637.3,169.27,240.0,1046.57,0,17.26,20.5,13.21,10.98,2.13,73.12
15700.0,261.67,643.81,171.0,240.0,1054.81,0,17.31,20.45,13.23,11.08,2.2,74.25
15705.0,261.75,650.29,172.72,240.0,1063.01,0,17.37,20.41,13.26,11.18,2.27,75.39
15710.0,261.83,656.76,174.44,240.0,1071.19,0,17.42,20.36,13.28,11.27,2.34,76.53
15715.0,261.92,663.2,176.15,240.0,1079.34,0,17.48,20.32,13.31,11.38,2.42,77.67
15720.0,262.0,669.62,177.85,240.0,1087.47,0,17.54,20.28,13.34,11.48,2.5,78.82
15725.0,262.08,676.02,179.55,240.0,1095.57,0,17.61,20.24,13.37,11.58,2.58,79.98
15730.0,262.17,682.39,181.25,240.0,1103.64,0,17.67,20.19,13.4,11.69,2.66,81.14
15735.0,262.25,688.75,182.93,240.0,1111.68,0,17.74,20.15,13.44,11.8,2.74,82.3
15740.0,262.33,695.08,184.62,240.0,1119.7,0,17.81,20.11,13.48,11.91,2.83,83.46
15745.0,262.42,701.39,186.29,240.0,1127.68,0,17.88,20.08,13.52,12.03,2.92,84.63
15750.0,262.5,707.68,187.96,240.0,1135.64,0,17.95,20.04,13.56,12.14,3.01,85.8
15755.0,262.58,713.95,189.63,240.0,1143.57,0,18.03,20.0,13.6,12.26,3.1,86.97
15760.0,262.67,720.19,191.28,240.0,1151.47,0,18.1,19.96,13.64,12.38,3.19,88.15
15765.0,262.75,726.41,192.94,240.0,1159.35,0,18.18,19.93,13.69,12.5,3.29,89.33
15770.0,262.83,732.61,194.58,240.0,1167.19,0,18.27,19.89,13.74,12.63,3.39,90.51
15775.0,262.92,738.78,196.22,240.0,1175.0,0,18.35,19.86,13.79,12.75,3.49,91.7
15780.0,263.0,744.93,197.85,240.0,1182.78,0,18.44,19.82,13.84,12.88,3.59,92.88
15785.0,263.08,751.05,199.48,240.0,1190.53,0,18.52,19.79,13.89,13.01,3.69,94.07
15790.0,263.17,757.15,201.1,240.0,1198.26,0,18.61,19.76,13.95,13.15,3.79,95.27
15795.0,263.25,763.23,202.72,240.0,1205.95,0,18.71,19.73,14.01,13.28,3.9,96.46
15800.0,263.33,769.28,204.32,240.0,1213.61,0,18.8,19.7,14.07,13.42,4.01,97.65
15805.0,263.42,775.31,205.92,240.0,1221.24,0,18.9,19.67,14.13,13.56,4.12,98.85
15810.0,263.5,781.31,207.52,240.0,1228.83,0,19.0,19.64,14.19,13.7,4.23,100.05
15815.0,263.58,787.29,209.11,240.0,1236.4,0,19.1,19.61,14.26,13.84,4.35,101.25
15820.0,263.67,793.24,210.69,240.0,1243.93,0,19.2,19.59,14.33,13.99,4.46,102.45
15825.0,263.75,799.17,212.26,240.0,1251.43,0,19.31,19.56,14.39,14.13,4.58,103.65
15830.0,263.83,805.07,213.83,240.0,1258.9,0,19.41,19.54,14.47,14.28,4.7,104.85
15835.0,263.92,810.95,215.39,240.0,1266.34,0,19.52,19.51,14.54,14.43,4.82,106.06
15840.0,264.0,816.8,216.94,240.0,1273.74,0,19.63,19.49,14.61,14.59,4.95,107.26
15845.0,264.08,822.62,218.49,240.0,1281.11,0,19.75,19.47,14.69,14.74,5.07,108.47
15850.0,264.17,828.42,220.03,240.0,1288.45,0,19.86,19.44,14.77,14.9,5.2,109.67
15855.0,264.25,834.19,221.56,240.0,1295.75,0,19.98,19.42,14.85,15.06,5.33,110.88
15860.0,264.33,839.93,223.09,240.0,1303.02,0,20.1,19.4,14.93,15.22,5.46,112.09
15865.0,264.42,845.65,224.61,240.0,1310.25,0,20.22,19.39,15.02,15.38,5.59,113.29
15870.0,264.5,851.34,226.12,240.0,1317.45,0,20.34,19.37,15.11,15.54,5.72,114.5
15875.0,264.58,857.0,227.62,240.0,1324.62,0,20.47,19.35,15.19,15.71,5.86,115.71
15880.0,264.67,862.63,229.12,240.0,1331.75,0,20.6,19.33,15.29,15.88,5.99,116.91
15885.0,264.75,868.24,230.61,240.0,1338.84,0,20.73,19.32,15.38,16.05,6.13,118.12
15890.0,264.83,873.82,232.09,240.0,1345.9,0,20.86,19.3,15.47,16.22,6.27,119.33
15895.0,264.92,879.37,233.56,240.0,1352.93,0,20.99,19.29,15.57,16.39,6.42,120.53
15900.0,265.0,884.89,235.03,240.0,1359.92,0,21.13,19.28,15.67,16.57,6.56,121.74
15905.0,265.08,890.38,236.49,240.0,1366.87,0,21.26,19.27,15.77,16.74,6.71,122.94
15910.0,265.17,895.85,237.94,240.0,1373.79,0,21.4,19.26,15.87,16.92,6.85,124.15
15915.0,265.25,901.29,239.38,240.0,1380.67,0,21.54,19.25,15.97,17.1,7.0,125.35
15920.0,265.33,906.69,240.82,240.0,1387.51,0,21.69,19.24,16.08,17.29,7.15,126.55
15925.0,265.42,912.07,242.25,240.0,1394.32,0,21.83,19.23,16.19,17.47,7.3,127.75
15930.0,265.5,917.42,243.67,240.0,1401.09,0,21.98,19.23,16.3,17.66,7.46,128.95
15935.0,265.58,922.74,245.08,240.0,1407.83,0,22.13,19.22,16.41,17.84,7.61,130.15
15940.0,265.67,928.03,246.49,240.0,1414.52,0,22.28,19.21,16.52,18.03,7.77,131.34
15945.0,265.75,933.29,247.88,240.0,1421.18,0,22.43,19.21,16.64,18.22,7.93,132.54
15950.0,265.83,938.52,249.27,240.0,1427.8,0,22.59,19.21,16.75,18.42,8.09,133.73
15955.0,265.92,943.73,250.66,240.0,1434.38,0,22.74,19.21,16.87,18.61,8.25,134.92
15960.0,266.0,948.9,252.03,240.0,1440.92,0,22.9,19.21,16.99,18.81,8.41,136.11
15965.0,266.08,954.04,253.39,240.0,1447.43,0,23.06,19.21,17.12,19.0,8.57,137.3
15970.0,266.17,959.14,254.75,240.0,1453.89,0,23.22,19.21,17.24,19.2,8.74,138.48
15975.0,266.25,964.22,256.1,240.0,1460.32,0,23.39,19.21,17.37,19.4,8.91,139.66
15980.0,266.33,969.27,257.44,240.0,1466.71,0,23.55,19.21,17.5,19.6,9.08,140.85
15985.0,266.42,974.29,258.77,240.0,1473.06,0,23.72,19.22,17.63,19.81,9.25,142.02
15990.0,266.5,979.27,260.1,240.0,1479.37,0,23.89,19.22,17.76,20.01,9.42,143.2
15995.0,266.58,984.23,261.41,240.0,1485.64,0,24.06,19.23,17.89,20.22,9.59,144.37
16000.0,266.67,989.15,262.72,240.0,1491.87,0,24.23,19.24,18.03,20.43,9.77,145.54
16005.0,266.75,994.04,264.02,240.0,1498.06,0,24.41,19.24,18.17,20.64,9.94,146.71
16010.0,266.83,998.9,265.31,240.0,1504.2,0,24.58,19.25,18.31,20.85,10.12,147.88
16015.0,266.92,1003.72,266.59,240.0,1510.31,0,24.76,19.26,18.45,21.06,10.3,149.04
16020.0,267.0,1008.52,267.86,240.0,1516.38,0,24.94,19.27,18.59,21.27,10.48,150.2
16025.0,267.08,1013.28,269.13,240.0,1522.41,0,25.12,19.29,18.73,21.49,10.66,151.35
16030.0,267.17,1018.01,270.38,240.0,1528.39,0,25.31,19.3,18.88,21.71,10.84,152.51
16035.0,267.25,1022.7,271.63,240.0,1534.33,0,25.49,19.31,19.03,21.93,11.02,153.66
16040.0,267.33,1027.37,272.87,240.0,1540.24,0,25.68,19.33,19.18,22.14,11.21,154.8
16045.0,267.42,1032.0,274.1,240.0,1546.1,0,25.87,19.35,19.33,22.37,11.39,155.95
16050.0,267.5,1036.6,275.32,240.0,1551.92,0,26.05,19.36,19.48,22.59,11.58,157.08
16055.0,267.58,1041.16,276.53,240.0,1557.69,0,26.25,19.38,19.64,22.81,11.77,158.22
16060.0,267.67,1045.69,277.74,240.0,1563.43,0,26.44,19.4,19.79,23.04,11.96,159.35
16065.0,267.75,1050.19,278.93,240.0,1569.12,0,26.63,19.42,19.95,23.26,12.15,160.48
16070.0,267.83,1054.65,280.12,240.0,1574.77,0,26.83,19.44,20.11,23.49,12.34,161.61
16075.0,267.92,1059.08,281.29,240.0,1580.37,0,27.03,19.46,20.27,23.72,12.54,162.73
16080.0,268.0,1063.48,282.46,240.0,1585.94,0,27.22,19.49,20.44,23.95,12.73,163.84
16085.0,268.08,1067.84,283.62,240.0,1591.46,0,27.42,19.51,20.6,24.18,12.93,164.96
16090.0,268.17,1072.17,284.77,240.0,1596.93,0,27.63,19.54,20.77,24.41,13.12,166.06
16095.0,268.25,1076.46,285.91,240.0,1602.37,0,27.83,19.56,20.94,24.64,13.32,167.17
16100.0,268.33,1080.72,287.04,240.0,1607.76,0,28.03,19.59,21.11,24.88,13.52,168.27
16105.0,268.42,1084.94,288.16,240.0,1613.1,0,28.24,19.62,21.28,25.11,13.72,169.36
16110.0,268.5,1089.13,289.27,240.0,1618.4,0,28.45,19.65,21.45,25.35,13.92,170.46
16115.0,268.58,1093.28,290.38,240.0,1623.66,0,28.66,19.68,21.62,25.59,14.12,171.54
16120.0,268.67,1097.4,291.47,240.0,1628.87,0,28.87,19.71,21.8,25.83,14.32,172.62
16125.0,268.75,1101.48,292.56,240.0,1634.04,0,29.08,19.75,21.98,26.07,14.53,173.7
16130.0,268.83,1105.53,293.63,240.0,1639.16,0,29.29,19.78,22.16,26.31,14.73,174.78
16135.0,268.92,1109.55,294.7,240.0,1644.24,0,29.51,19.81,22.34,26.55,14.94,175.84
16140.0,269.0,1113.52,295.75,240.0,1649.28,0,29.72,19.85,22.52,26.79,15.15,176.91
16145.0,269.08,1117.46,296.8,240.0,1654.26,0,29.94,19.89,22.7,27.04,15.35,177.97
16150.0,269.17,1121.37,297.84,240.0,1659.21,0,30.16,19.92,22.89,27.28,15.56,179.02
16155.0,269.25,1125.24,298.87,240.0,1664.1,0,30.38,19.96,23.08,27.53,15.77,180.07
16160.0,269.33,1129.07,299.88,240.0,1668.96,0,30.6,20.0,23.26,27.77,15.98,181.11
16165.0,269.42,1132.87,300.89,240.0,1673.76,0,30.82,20.04,23.45,28.02,16.19,182.15
16170.0,269.5,1136.63,301.89,240.0,1678.52,0,31.04,20.09,23.64,28.27,16.4,183.18
16175.0,269.58,1140.35,302.88,240.0,1683.23,0,31.27,20.13,23.84,28.52,16.62,184.21
16180.0,269.67,1144.04,303.86,240.0,1687.9,0,31.5,20.17,24.03,28.77,16.83,185.24
16185.0,269.75,1147.69,304.83,240.0,1692.52,0,31.72,20.22,24.23,29.02,17.05,186.25
16190.0,269.83,1151.31,305.79,240.0,1697.1,0,31.95,20.26,24.42,29.27,17.26,187.27
16195.0,269.92,1154.88,306.74,240.0,1701.62,0,32.18,20.31,24.62,29.52,17.48,188.27
16200.0,270.0,1158.42,307.68,240.0,1706.1,0,32.41,20.36,24.82,29.78,17.69,189.27
16205.0,270.08,1161.93,308.61,240.0,1710.54,0,32.64,20.41,25.02,30.03,17.91,190.27
16210.0,270.17,1165.39,309.53,240.0,1714.92,0,32.87,20.46,25.22,30.29,18.13,191.26
16215.0,270.25,1168.82,310.44,240.0,1719.26,0,33.11,20.51,25.42,30.54,18.35,192.25
16220.0,270.33,1172.21,311.34,240.0,1723.55,0,33.34,20.56,25.63,30.8,18.57,193.22
16225.0,270.42,1175.56,312.23,240.0,1727.8,0,33.58,20.62,25.83,31.05,18.79,194.2
16230.0,270.5,1178.88,313.11,240.0,1731.99,0,33.82,20.67,26.04,31.31,19.01,195.17
16235.0,270.58,1182.16,313.98,240.0,1736.14,0,34.05,20.73,26.25,31.57,19.23,196.13
16240.0,270.67,1185.4,314.84,240.0,1740.24,0,34.29,20.78,26.46,31.83,19.45,197.08
16245.0,270.75,1188.6,315.69,240.0,1744.29,0,34.53,20.84,26.67,32.09,19.68,198.03
16250.0,270.83,1191.76,316.53,240.0,1748.29,0,34.77,20.9,26.88,32.35,19.9,198.98
16255.0,270.92,1194.89,317.36,240.0,1752.25,0,35.01,20.96,27.09,32.61,20.12,199.92
16260.0,271.0,1197.97,318.18,240.0,1756.16,0,35.26,21.02,27.31,32.87,20.35,200.85
16265.0,271.08,1201.02,318.99,240.0,1760.01,0,35.5,21.08,27.52,33.13,20.57,201.78
16270.0,271.17,1204.03,319.79,240.0,1763.82,0,35.74,21.14,27.74,33.4,20.8,202.7
16275.0,271.25,1207.0,320.58,240.0,1767.58,0,35.99,21.2,27.96,33.66,21.02,203.61
16280.0,271.33,1209.93,321.36,240.0,1771.29,0,36.24,21.27,28.18,33.92,21.25,204.52
16285.0,271.42,1212.83,322.13,240.0,1774.95,0,36.48,21.33,28.4,34.19,21.48,205.42
16290.0,271.5,1215.68,322.89,240.0,1778.57,0,36.73,21.4,28.62,34.45,21.7,206.32
16295.0,271.58,1218.5,323.63,240.0,1782.13,0,36.98,21.47,28.84,34.71,21.93,207.2
16300.0,271.67,1221.27,324.37,240.0,1785.64,0,37.23,21.54,29.06,34.98,22.16,208.09
16305.0,271.75,1224.01,325.1,240.0,1789.11,0,37.48,21.6,29.29,35.24,22.39,208.96
16310.0,271.83,1226.71,325.82,240.0,1792.52,0,37.73,21.67,29.51,35.51,22.62,209.83
16315.0,271.92,1229.37,326.52,240.0,1795.89,0,37.98,21.75,29.74,35.78,22.84,210.7
16320.0,272.0,1231.98,327.22,240.0,1799.2,0,38.23,21.82,29.96,36.04,23.07,211.56
16325.0,272.08,1234.56,327.9,240.0,1802.47,0,38.48,21.89,30.19,36.31,23.3,212.41
16330.0,272.17,1237.1,328.58,240.0,1805.68,0,38.74,21.96,30.42,36.58,23.53,213.25
16335.0,272.25,1239.6,329.24,240.0,1808.84,0,38.99,22.04,30.65,36.85,23.76,214.09
16340.0,272.33,1242.06,329.89,240.0,1811.96,0,39.24,22.12,30.88,37.11,23.99,214.92
16345.0,272.42,1244.48,330.54,240.0,1815.02,0,39.5,22.19,31.11,37.38,24.23,215.75
16350.0,272.5,1246.86,331.17,240.0,1818.03,0,39.76,22.27,31.34,37.65,24.46,216.57
16355.0,272.58,1249.21,331.79,240.0,1821.0,0,40.01,22.35,31.58,37.92,24.69,217.38
16360.0,272.67,1251.51,332.4,240.0,1823.91,0,40.27,22.43,31.81,38.19,24.92,218.18
16365.0,272.75,1253.77,333.0,240.0,1826.77,0,40.53,22.51,32.05,38.45,25.15,218.98
16370.0,272.83,1255.99,333.59,240.0,1829.58,0,40.78,22.59,32.28,38.72,25.38,219.78
16375.0,272.92,1258.16,334.17,240.0,1832.34,0,41.04,22.67,32.52,38.99,25.62,220.56
16380.0,273.0,1260.3,334.74,240.0,1835.04,0,41.3,22.76,32.76,39.26,25.85,221.34
16385.0,273.08,1262.4,335.3,240.0,1837.7,0,41.56,22.84,32.99,39.53,26.08,222.11
16390.0,273.17,1264.46,335.84,240.0,1840.3,0,41.82,22.93,33.23,39.8,26.31,222.88
16395.0,273.25,1266.48,336.38,240.0,1842.86,0,42.08,23.01,33.47,40.07,26.54,223.64
16400.0,273.33,1268.46,336.9,240.0,1845.36,0,42.34,23.1,33.71,40.34,26.78,224.39
16405.0,273.42,1270.39,337.42,240.0,1847.81,0,42.6,23.19,33.95,40.61,27.01,225.14
16410.0,273.5,1272.29,337.92,240.0,1850.21,0,42.86,23.28,34.2,40.88,27.24,225.87
16415.0,273.58,1274.14,338.41,240.0,1852.56,0,43.13,23.37,34.44,41.15,27.48,226.61
16420.0,273.67,1275.96,338.9,240.0,1854.85,0,43.39,23.46,34.68,41.42,27.71,227.33
16425.0,273.75,1277.73,339.37,240.0,1857.1,0,43.65,23.55,34.92,41.69,27.94,228.05
16430.0,273.83,1279.46,339.83,240.0,1859.29,0,43.91,23.64,35.17,41.96,28.18,228.76
16435.0,273.92,1281.15,340.28,240.0,1861.43,0,44.18,23.73,35.41,42.23,28.41,229.46
16440.0,274.0,1282.8,340.71,240.0,1863.51,0,44.44,23.83,35.66,42.5,28.64,230.16
16445.0,274.08,1284.41,341.14,240.0,1865.55,0,44.7,23.92,35.9,42.77,28.87,230.85
16450.0,274.17,1285.98,341.56,240.0,1867.53,0,44.97,24.02,36.15,43.04,29.11,231.54
16455.0,274.25,1287.5,341.96,240.0,1869.46,0,45.23,24.11,36.4,43.3,29.34,232.21
16460.0,274.33,1288.99,342.36,240.0,1871.34,0,45.5,24.21,36.65,43.57,29.57,232.88
16465.0,274.42,1290.43,342.74,240.0,1873.17,0,45.76,24.31,36.89,43.84,29.8,233.55
16470.0,274.5,1291.83,343.11,240.0,1874.94,0,46.02,24.41,37.14,44.11,30.04,234.2
16475.0,274.58,1293.19,343.47,240.0,1876.67,0,46.29,24.51,37.39,44.38,30.27,234.85
16480.0,274.67,1294.51,343.82,240.0,1878.33,0,46.55,24.61,37.64,44.65,30.5,235.5
16485.0,274.75,1295.79,344.16,240.0,1879.95,0,46.82,24.71,37.89,44.92,30.73,236.13
16490.0,274.83,1297.02,344.49,240.0,1881.51,0,47.08,24.81,38.14,45.18,30.96,236.76
16495.0,274.92,1298.22,344.81,240.0,1883.03,0,47.35,24.92,38.39,45.45,31.2,237.38
16500.0,275.0,1299.37,345.11,240.0,1884.48,0,47.61,25.02,38.64,45.72,31.43,238.0
16505.0,275.08,1300.48,345.41,240.0,1885.89,0,47.88,25.13,38.89,45.99,31.66,238.61
16510.0,275.17,1301.55,345.69,240.0,1887.24,0,48.14,25.23,39.15,46.25,31.89,239.21
16515.0,275.25,1302.58,345.97,240.0,1888.54,0,48.41,25.34,39.4,46.52,32.12,239.8
16520.0,275.33,1303.56,346.23,240.0,1889.79,0,48.68,25.45,39.65,46.79,32.35,240.39
16525.0,275.42,1304.5,346.48,240.0,1890.98,0,48.94,25.55,39.9,47.05,32.58,240.97
16530.0,275.5,1305.41,346.72,240.0,1892.12,0,49.21,25.66,40.16,47.32,32.81,241.54
16535.0,275.58,1306.27,346.95,240.0,1893.21,0,49.47,25.77,40.41,47.58,33.04,242.11
16540.0,275.67,1307.08,347.16,240.0,1894.25,0,49.74,25.88,40.66,47.85,33.27,242.67
16545.0,275.75,1307.86,347.37,240.0,1895.23,0,50.0,25.99,40.92,48.11,33.5,243.22
16550.0,275.83,1308.59,347.56,240.0,1896.16,0,50.27,26.11,41.17,48.38,33.73,243.76
16555.0,275.92,1309.28,347.75,240.0,1897.03,0,50.53,26.22,41.43,48.64,33.95,244.3
16560.0,276.0,1309.93,347.92,240.0,1897.85,0,50.8,26.33,41.68,48.9,34.18,244.83
16565.0,276.08,1310.54,348.08,240.0,1898.62,0,51.06,26.45,41.94,49.17,34.41,245.36
16570.0,276.17,1311.11,348.23,240.0,1899.34,0,51.33,26.56,42.19,49.43,34.64,245.88
16575.0,276.25,1311.63,348.37,240.0,1900.0,0,51.59,26.68,42.45,49.69,34.86,246.39
16580.0,276.33,1312.11,348.5,240.0,1900.61,0,51.85,26.79,42.7,49.95,35.09,246.89
16585.0,276.42,1312.55,348.62,240.0,1901.17,0,52.12,26.91,42.96,50.21,35.32,247.39
16590.0,276.5,1312.95,348.72,240.0,1901.67,0,52.38,27.03,43.21,50.47,35.54,247.88
16595.0,276.58,1313.3,348.82,240.0,1902.12,0,52.65,27.15,43.47,50.73,35.77,248.36
16600.0,276.67,1313.62,348.9,240.0,1902.51,0,52.91,27.27,43.72,50.99,35.99,248.84
16605.0,276.75,1313.89,348.97,240.0,1902.86,0,53.17,27.39,43.98,51.25,36.22,249.3
16610.0,276.83,1314.12,349.03,240.0,1903.15,0,53.43,27.51,44.23,51.51,36.44,249.77
16615.0,276.92,1314.3,349.08,240.0,1903.38,0,53.7,27.63,44.49,51.77,36.66,250.22
16620.0,277.0,1314.45,349.12,240.0,1903.56,0,53.96,27.75,44.74,52.02,36.89,250.67
16625.0,277.08,1314.55,349.15,240.0,1903.69,0,54.22,27.87,45.0,52.28,37.11,251.11
16630.0,277.17,1314.61,349.16,240.0,1903.77,0,54.48,27.99,45.26,52.54,37.33,251.54
16635.0,277.25,1314.62,349.17,240.0,1903.79,0,54.74,28.12,45.51,52.79,37.55,251.97
16640.0,277.33,1314.6,349.16,240.0,1903.76,0,55.0,28.24,45.77,53.05,37.77,252.39
16645.0,277.42,1314.53,349.14,240.0,1903.68,0,55.27,28.37,46.02,53.3,37.99,252.81
16650.0,277.5,1314.42,349.11,240.0,1903.54,0,55.53,28.49,46.28,53.55,38.21,253.21
16655.0,277.58,1314.27,349.07,240.0,1903.35,0,55.78,28.62,46.53,53.81,38.43,253.61
16660.0,277.67,1314.08,349.02,240.0,1903.1,0,56.04,28.75,46.79,54.06,38.65,254.01
16662.0,277.7,1313.99,349.0,240.0,1902.99,0,56.15,28.8,46.89,54.16,38.74,254.16
