time_seconds,cycle,phase,pressure_torr,shroud_temp,node_id,measured_temp
0.0,1,COLD_RAMP,5.445638e+02,7.50,1,15.810
0.0,1,COLD_RAMP,5.445638e+02,7.50,2,13.777
0.0,1,COLD_RAMP,5.445638e+02,7.50,3,9.881
0.0,1,COLD_RAMP,5.445638e+02,7.50,4,3.267
0.0,1,COLD_RAMP,5.445638e+02,7.50,5,11.690
0.0,1,COLD_RAMP,5.445638e+02,7.50,6,15.013
5.0,1,COLD_RAMP,3.901970e+02,-5.00,1,9.444
5.0,1,COLD_RAMP,3.901970e+02,-5.00,2,5.280
5.0,1,COLD_RAMP,3.901970e+02,-5.00,3,-0.700
5.0,1,COLD_RAMP,3.901970e+02,-5.00,4,-6.214
5.0,1,COLD_RAMP,3.901970e+02,-5.00,5,1.701
5.0,1,COLD_RAMP,3.901970e+02,-5.00,6,7.644
10.0,1,COLD_RAMP,2.795884e+02,-17.50,1,1.994
10.0,1,COLD_RAMP,2.795884e+02,-17.50,2,-3.968
10.0,1,COLD_RAMP,2.795884e+02,-17.50,3,-11.222
10.0,1,COLD_RAMP,2.795884e+02,-17.50,4,-17.661
10.0,1,COLD_RAMP,2.795884e+02,-17.50,5,-8.483
10.0,1,COLD_RAMP,2.795884e+02,-17.50,6,-0.581
15.0,1,COLD_RAMP,2.003338e+02,-30.00,1,-6.061
15.0,1,COLD_RAMP,2.003338e+02,-30.00,2,-13.175
15.0,1,COLD_RAMP,2.003338e+02,-30.00,3,-21.538
15.0,1,COLD_RAMP,2.003338e+02,-30.00,4,-28.485
15.0,1,COLD_RAMP,2.003338e+02,-30.00,5,-18.434
15.0,1,COLD_RAMP,2.003338e+02,-30.00,6,-9.213
20.0,1,COLD_RAMP,1.435455e+02,-42.50,1,-14.056
20.0,1,COLD_RAMP,1.435455e+02,-42.50,2,-22.484
20.0,1,COLD_RAMP,1.435455e+02,-42.50,3,-31.515
20.0,1,COLD_RAMP,1.435455e+02,-42.50,4,-39.214
20.0,1,COLD_RAMP,1.435455e+02,-42.50,5,-28.177
20.0,1,COLD_RAMP,1.435455e+02,-42.50,6,-17.808
25.0,1,COLD_RAMP,1.028548e+02,-55.00,1,-22.039
25.0,1,COLD_RAMP,1.028548e+02,-55.00,2,-31.431
25.0,1,COLD_RAMP,1.028548e+02,-55.00,3,-41.252
25.0,1,COLD_RAMP,1.028548e+02,-55.00,4,-49.657
25.0,1,COLD_RAMP,1.028548e+02,-55.00,5,-37.599
25.0,1,COLD_RAMP,1.028548e+02,-55.00,6,-26.240
30.0,1,COLD_RAMP,7.369870e+01,-67.50,1,-29.751
30.0,1,COLD_RAMP,7.369870e+01,-67.50,2,-40.050
30.0,1,COLD_RAMP,7.369870e+01,-67.50,3,-50.677
30.0,1,COLD_RAMP,7.369870e+01,-67.50,4,-59.715
30.0,1,COLD_RAMP,7.369870e+01,-67.50,5,-46.707
30.0,1,COLD_RAMP,7.369870e+01,-67.50,6,-34.445
35.0,1,COLD_RAMP,5.280742e+01,-80.00,1,-37.260
35.0,1,COLD_RAMP,5.280742e+01,-80.00,2,-48.420
35.0,1,COLD_RAMP,5.280742e+01,-80.00,3,-59.623
35.0,1,COLD_RAMP,5.280742e+01,-80.00,4,-69.376
35.0,1,COLD_RAMP,5.280742e+01,-80.00,5,-55.485
35.0,1,COLD_RAMP,5.280742e+01,-80.00,6,-42.386
40.0,1,COLD_RAMP,3.783817e+01,-92.50,1,-44.465
40.0,1,COLD_RAMP,3.783817e+01,-92.50,2,-56.401
40.0,1,COLD_RAMP,3.783817e+01,-92.50,3,-68.170
40.0,1,COLD_RAMP,3.783817e+01,-92.50,4,-78.629
40.0,1,COLD_RAMP,3.783817e+01,-92.50,5,-63.807
40.0,1,COLD_RAMP,3.783817e+01,-92.50,6,-49.898
45.0,1,COLD_RAMP,2.711223e+01,-105.00,1,-51.308
45.0,1,COLD_RAMP,2.711223e+01,-105.00,2,-63.904
45.0,1,COLD_RAMP,2.711223e+01,-105.00,3,-76.376
45.0,1,COLD_RAMP,2.711223e+01,-105.00,4,-87.545
45.0,1,COLD_RAMP,2.711223e+01,-105.00,5,-71.767
45.0,1,COLD_RAMP,2.711223e+01,-105.00,6,-57.141
50.0,1,COLD_RAMP,1.942677e+01,-117.50,1,-57.775
50.0,1,COLD_RAMP,1.942677e+01,-117.50,2,-71.029
50.0,1,COLD_RAMP,1.942677e+01,-117.50,3,-84.072
50.0,1,COLD_RAMP,1.942677e+01,-117.50,4,-96.034
50.0,1,COLD_RAMP,1.942677e+01,-117.50,5,-79.261
50.0,1,COLD_RAMP,1.942677e+01,-117.50,6,-63.864
55.0,1,COLD_RAMP,1.391989e+01,-130.00,1,-63.893
55.0,1,COLD_RAMP,1.391989e+01,-130.00,2,-77.676
55.0,1,COLD_RAMP,1.391989e+01,-130.00,3,-91.344
55.0,1,COLD_RAMP,1.391989e+01,-130.00,4,-104.029
55.0,1,COLD_RAMP,1.391989e+01,-130.00,5,-86.234
55.0,1,COLD_RAMP,1.391989e+01,-130.00,6,-70.232
60.0,1,COLD_RAMP,9.974034e+00,-142.50,1,-69.679
60.0,1,COLD_RAMP,9.974034e+00,-142.50,2,-83.766
60.0,1,COLD_RAMP,9.974034e+00,-142.50,3,-98.202
60.0,1,COLD_RAMP,9.974034e+00,-142.50,4,-111.552
60.0,1,COLD_RAMP,9.974034e+00,-142.50,5,-92.782
60.0,1,COLD_RAMP,9.974034e+00,-142.50,6,-76.138
65.0,1,COLD_RAMP,7.146708e+00,-155.00,1,-75.000
65.0,1,COLD_RAMP,7.146708e+00,-155.00,2,-89.571
65.0,1,COLD_RAMP,7.146708e+00,-155.00,3,-104.566
65.0,1,COLD_RAMP,7.146708e+00,-155.00,4,-118.414
65.0,1,COLD_RAMP,7.146708e+00,-155.00,5,-98.968
65.0,1,COLD_RAMP,7.146708e+00,-155.00,6,-81.749
70.0,1,COLD_RAMP,5.120840e+00,-167.50,1,-80.043
70.0,1,COLD_RAMP,5.120840e+00,-167.50,2,-94.960
70.0,1,COLD_RAMP,5.120840e+00,-167.50,3,-110.383
70.0,1,COLD_RAMP,5.120840e+00,-167.50,4,-124.734
70.0,1,COLD_RAMP,5.120840e+00,-167.50,5,-104.613
70.0,1,COLD_RAMP,5.120840e+00,-167.50,6,-86.943
75.0,1,COLD_RAMP,3.669242e+00,-180.00,1,-84.688
75.0,1,COLD_RAMP,3.669242e+00,-180.00,2,-99.942
75.0,1,COLD_RAMP,3.669242e+00,-180.00,3,-115.730
75.0,1,COLD_RAMP,3.669242e+00,-180.00,4,-130.528
75.0,1,COLD_RAMP,3.669242e+00,-180.00,5,-109.841
75.0,1,COLD_RAMP,3.669242e+00,-180.00,6,-91.696
80.0,1,COLD_RAMP,2.629127e+00,-180.00,1,-88.970
80.0,1,COLD_RAMP,2.629127e+00,-180.00,2,-104.250
80.0,1,COLD_RAMP,2.629127e+00,-180.00,3,-120.372
80.0,1,COLD_RAMP,2.629127e+00,-180.00,4,-135.378
80.0,1,COLD_RAMP,2.629127e+00,-180.00,5,-114.319
80.0,1,COLD_RAMP,2.629127e+00,-180.00,6,-96.033
85.0,1,COLD_RAMP,1.883852e+00,-180.00,1,-92.807
85.0,1,COLD_RAMP,1.883852e+00,-180.00,2,-108.262
85.0,1,COLD_RAMP,1.883852e+00,-180.00,3,-124.303
85.0,1,COLD_RAMP,1.883852e+00,-180.00,4,-139.450
85.0,1,COLD_RAMP,1.883852e+00,-180.00,5,-118.291
85.0,1,COLD_RAMP,1.883852e+00,-180.00,6,-99.817
90.0,1,COLD_RAMP,1.349839e+00,-180.00,1,-96.262
90.0,1,COLD_RAMP,1.349839e+00,-180.00,2,-111.789
90.0,1,COLD_RAMP,1.349839e+00,-180.00,3,-127.962
90.0,1,COLD_RAMP,1.349839e+00,-180.00,4,-142.900
90.0,1,COLD_RAMP,1.349839e+00,-180.00,5,-121.786
90.0,1,COLD_RAMP,1.349839e+00,-180.00,6,-103.256
95.0,1,COLD_RAMP,9.672017e-01,-180.00,1,-99.437
95.0,1,COLD_RAMP,9.672017e-01,-180.00,2,-114.971
95.0,1,COLD_RAMP,9.672017e-01,-180.00,3,-131.050
95.0,1,COLD_RAMP,9.672017e-01,-180.00,4,-145.920
95.0,1,COLD_RAMP,9.672017e-01,-180.00,5,-125.050
95.0,1,COLD_RAMP,9.672017e-01,-180.00,6,-106.435
100.0,1,COLD_RAMP,6.930303e-01,-180.00,1,-102.367
100.0,1,COLD_RAMP,6.930303e-01,-180.00,2,-117.917
100.0,1,COLD_RAMP,6.930303e-01,-180.00,3,-133.920
100.0,1,COLD_RAMP,6.930303e-01,-180.00,4,-148.577
100.0,1,COLD_RAMP,6.930303e-01,-180.00,5,-127.939
100.0,1,COLD_RAMP,6.930303e-01,-180.00,6,-109.428
105.0,1,COLD_RAMP,4.965779e-01,-180.00,1,-105.064
105.0,1,COLD_RAMP,4.965779e-01,-180.00,2,-120.595
105.0,1,COLD_RAMP,4.965779e-01,-180.00,3,-136.544
105.0,1,COLD_RAMP,4.965779e-01,-180.00,4,-150.944
105.0,1,COLD_RAMP,4.965779e-01,-180.00,5,-130.479
105.0,1,COLD_RAMP,4.965779e-01,-180.00,6,-112.107
110.0,1,COLD_RAMP,3.558136e-01,-180.00,1,-107.725
110.0,1,COLD_RAMP,3.558136e-01,-180.00,2,-123.031
110.0,1,COLD_RAMP,3.558136e-01,-180.00,3,-138.869
110.0,1,COLD_RAMP,3.558136e-01,-180.00,4,-153.126
110.0,1,COLD_RAMP,3.558136e-01,-180.00,5,-132.917
110.0,1,COLD_RAMP,3.558136e-01,-180.00,6,-114.636
115.0,1,COLD_RAMP,2.549516e-01,-180.00,1,-110.074
115.0,1,COLD_RAMP,2.549516e-01,-180.00,2,-125.362
115.0,1,COLD_RAMP,2.549516e-01,-180.00,3,-140.971
115.0,1,COLD_RAMP,2.549516e-01,-180.00,4,-155.005
115.0,1,COLD_RAMP,2.549516e-01,-180.00,5,-135.107
115.0,1,COLD_RAMP,2.549516e-01,-180.00,6,-116.973
120.0,1,COLD_RAMP,1.826808e-01,-180.00,1,-112.411
120.0,1,COLD_RAMP,1.826808e-01,-180.00,2,-127.498
120.0,1,COLD_RAMP,1.826808e-01,-180.00,3,-142.832
120.0,1,COLD_RAMP,1.826808e-01,-180.00,4,-156.633
120.0,1,COLD_RAMP,1.826808e-01,-180.00,5,-137.139
120.0,1,COLD_RAMP,1.826808e-01,-180.00,6,-119.255
125.0,1,COLD_RAMP,1.308965e-01,-180.00,1,-114.462
125.0,1,COLD_RAMP,1.308965e-01,-180.00,2,-129.478
125.0,1,COLD_RAMP,1.308965e-01,-180.00,3,-144.621
125.0,1,COLD_RAMP,1.308965e-01,-180.00,4,-158.073
125.0,1,COLD_RAMP,1.308965e-01,-180.00,5,-139.024
125.0,1,COLD_RAMP,1.308965e-01,-180.00,6,-121.315
130.0,1,COLD_RAMP,9.379145e-02,-180.00,1,-116.441
130.0,1,COLD_RAMP,9.379145e-02,-180.00,2,-131.329
130.0,1,COLD_RAMP,9.379145e-02,-180.00,3,-146.306
130.0,1,COLD_RAMP,9.379145e-02,-180.00,4,-159.533
130.0,1,COLD_RAMP,9.379145e-02,-180.00,5,-140.831
130.0,1,COLD_RAMP,9.379145e-02,-180.00,6,-123.260
135.0,1,COLD_RAMP,6.720451e-02,-180.00,1,-118.359
135.0,1,COLD_RAMP,6.720451e-02,-180.00,2,-133.085
135.0,1,COLD_RAMP,6.720451e-02,-180.00,3,-147.897
135.0,1,COLD_RAMP,6.720451e-02,-180.00,4,-160.832
135.0,1,COLD_RAMP,6.720451e-02,-180.00,5,-142.595
135.0,1,COLD_RAMP,6.720451e-02,-180.00,6,-125.146
140.0,1,COLD_RAMP,4.815414e-02,-180.00,1,-119.993
140.0,1,COLD_RAMP,4.815414e-02,-180.00,2,-134.735
140.0,1,COLD_RAMP,4.815414e-02,-180.00,3,-149.368
140.0,1,COLD_RAMP,4.815414e-02,-180.00,4,-161.924
140.0,1,COLD_RAMP,4.815414e-02,-180.00,5,-144.139
140.0,1,COLD_RAMP,4.815414e-02,-180.00,6,-126.885
145.0,1,COLD_RAMP,3.450395e-02,-180.00,1,-121.708
145.0,1,COLD_RAMP,3.450395e-02,-180.00,2,-136.255
145.0,1,COLD_RAMP,3.450395e-02,-180.00,3,-150.629
145.0,1,COLD_RAMP,3.450395e-02,-180.00,4,-163.028
145.0,1,COLD_RAMP,3.450395e-02,-180.00,5,-145.540
145.0,1,COLD_RAMP,3.450395e-02,-180.00,6,-128.530
150.0,1,COLD_RAMP,2.472316e-02,-180.00,1,-123.264
150.0,1,COLD_RAMP,2.472316e-02,-180.00,2,-137.732
150.0,1,COLD_RAMP,2.472316e-02,-180.00,3,-151.844
150.0,1,COLD_RAMP,2.472316e-02,-180.00,4,-164.058
150.0,1,COLD_RAMP,2.472316e-02,-180.00,5,-146.871
150.0,1,COLD_RAMP,2.472316e-02,-180.00,6,-130.076
155.0,1,COLD_RAMP,1.771492e-02,-180.00,1,-124.747
155.0,1,COLD_RAMP,1.771492e-02,-180.00,2,-139.111
155.0,1,COLD_RAMP,1.771492e-02,-180.00,3,-152.994
155.0,1,COLD_RAMP,1.771492e-02,-180.00,4,-165.024
155.0,1,COLD_RAMP,1.771492e-02,-180.00,5,-148.195
155.0,1,COLD_RAMP,1.771492e-02,-180.00,6,-131.597
160.0,1,COLD_RAMP,1.269329e-02,-180.00,1,-126.153
160.0,1,COLD_RAMP,1.269329e-02,-180.00,2,-140.386
160.0,1,COLD_RAMP,1.269329e-02,-180.00,3,-154.192
160.0,1,COLD_RAMP,1.269329e-02,-180.00,4,-165.905
160.0,1,COLD_RAMP,1.269329e-02,-180.00,5,-149.389
160.0,1,COLD_RAMP,1.269329e-02,-180.00,6,-133.047
165.0,1,COLD_RAMP,9.095142e-03,-180.00,1,-127.457
165.0,1,COLD_RAMP,9.095142e-03,-180.00,2,-141.649
165.0,1,COLD_RAMP,9.095142e-03,-180.00,3,-155.298
165.0,1,COLD_RAMP,9.095142e-03,-180.00,4,-166.685
165.0,1,COLD_RAMP,9.095142e-03,-180.00,5,-150.395
165.0,1,COLD_RAMP,9.095142e-03,-180.00,6,-134.304
170.0,1,COLD_RAMP,6.516954e-03,-180.00,1,-128.802
170.0,1,COLD_RAMP,6.516954e-03,-180.00,2,-142.878
170.0,1,COLD_RAMP,6.516954e-03,-180.00,3,-156.261
170.0,1,COLD_RAMP,6.516954e-03,-180.00,4,-167.397
170.0,1,COLD_RAMP,6.516954e-03,-180.00,5,-151.499
170.0,1,COLD_RAMP,6.516954e-03,-180.00,6,-135.506
175.0,1,COLD_RAMP,4.669601e-03,-180.00,1,-130.159
175.0,1,COLD_RAMP,4.669601e-03,-180.00,2,-143.969
175.0,1,COLD_RAMP,4.669601e-03,-180.00,3,-157.264
175.0,1,COLD_RAMP,4.669601e-03,-180.00,4,-168.108
175.0,1,COLD_RAMP,4.669601e-03,-180.00,5,-152.506
175.0,1,COLD_RAMP,4.669601e-03,-180.00,6,-136.756
180.0,1,COLD_RAMP,3.345916e-03,-180.00,1,-131.378
180.0,1,COLD_RAMP,3.345916e-03,-180.00,2,-145.051
180.0,1,COLD_RAMP,3.345916e-03,-180.00,3,-158.193
180.0,1,COLD_RAMP,3.345916e-03,-180.00,4,-168.760
180.0,1,COLD_RAMP,3.345916e-03,-180.00,5,-153.514
180.0,1,COLD_RAMP,3.345916e-03,-180.00,6,-137.897
185.0,1,COLD_RAMP,2.397453e-03,-180.00,1,-132.447
185.0,1,COLD_RAMP,2.397453e-03,-180.00,2,-146.084
185.0,1,COLD_RAMP,2.397453e-03,-180.00,3,-158.986
185.0,1,COLD_RAMP,2.397453e-03,-180.00,4,-169.422
185.0,1,COLD_RAMP,2.397453e-03,-180.00,5,-154.425
185.0,1,COLD_RAMP,2.397453e-03,-180.00,6,-138.940
190.0,1,COLD_RAMP,1.717850e-03,-180.00,1,-133.602
190.0,1,COLD_RAMP,1.717850e-03,-180.00,2,-147.069
190.0,1,COLD_RAMP,1.717850e-03,-180.00,3,-159.910
190.0,1,COLD_RAMP,1.717850e-03,-180.00,4,-169.928
190.0,1,COLD_RAMP,1.717850e-03,-180.00,5,-155.295
190.0,1,COLD_RAMP,1.717850e-03,-180.00,6,-139.895
195.0,1,COLD_RAMP,1.230894e-03,-180.00,1,-134.663
195.0,1,COLD_RAMP,1.230894e-03,-180.00,2,-147.962
195.0,1,COLD_RAMP,1.230894e-03,-180.00,3,-160.617
195.0,1,COLD_RAMP,1.230894e-03,-180.00,4,-170.507
195.0,1,COLD_RAMP,1.230894e-03,-180.00,5,-156.112
195.0,1,COLD_RAMP,1.230894e-03,-180.00,6,-140.858
200.0,1,COLD_RAMP,8.819738e-04,-180.00,1,-135.662
200.0,1,COLD_RAMP,8.819738e-04,-180.00,2,-148.884
200.0,1,COLD_RAMP,8.819738e-04,-180.00,3,-161.398
200.0,1,COLD_RAMP,8.819738e-04,-180.00,4,-171.052
200.0,1,COLD_RAMP,8.819738e-04,-180.00,5,-156.949
200.0,1,COLD_RAMP,8.819738e-04,-180.00,6,-141.867
205.0,1,COLD_RAMP,6.319618e-04,-180.00,1,-136.616
205.0,1,COLD_RAMP,6.319618e-04,-180.00,2,-149.753
205.0,1,COLD_RAMP,6.319618e-04,-180.00,3,-162.099
205.0,1,COLD_RAMP,6.319618e-04,-180.00,4,-171.606
205.0,1,COLD_RAMP,6.319618e-04,-180.00,5,-157.773
205.0,1,COLD_RAMP,6.319618e-04,-180.00,6,-142.823
210.0,1,COLD_RAMP,4.528204e-04,-180.00,1,-137.596
210.0,1,COLD_RAMP,4.528204e-04,-180.00,2,-150.582
210.0,1,COLD_RAMP,4.528204e-04,-180.00,3,-162.706
210.0,1,COLD_RAMP,4.528204e-04,-180.00,4,-172.022
210.0,1,COLD_RAMP,4.528204e-04,-180.00,5,-158.575
210.0,1,COLD_RAMP,4.528204e-04,-180.00,6,-143.709
215.0,1,COLD_RAMP,3.244600e-04,-180.00,1,-138.603
215.0,1,COLD_RAMP,3.244600e-04,-180.00,2,-151.387
215.0,1,COLD_RAMP,3.244600e-04,-180.00,3,-163.288
215.0,1,COLD_RAMP,3.244600e-04,-180.00,4,-172.410
215.0,1,COLD_RAMP,3.244600e-04,-180.00,5,-159.377
215.0,1,COLD_RAMP,3.244600e-04,-180.00,6,-144.530
220.0,1,COLD_RAMP,2.324858e-04,-180.00,1,-139.549
220.0,1,COLD_RAMP,2.324858e-04,-180.00,2,-152.102
220.0,1,COLD_RAMP,2.324858e-04,-180.00,3,-163.948
220.0,1,COLD_RAMP,2.324858e-04,-180.00,4,-172.825
220.0,1,COLD_RAMP,2.324858e-04,-180.00,5,-159.992
220.0,1,COLD_RAMP,2.324858e-04,-180.00,6,-145.485
225.0,1,COLD_RAMP,1.665833e-04,-180.00,1,-140.403
225.0,1,COLD_RAMP,1.665833e-04,-180.00,2,-152.892
225.0,1,COLD_RAMP,1.665833e-04,-180.00,3,-164.462
225.0,1,COLD_RAMP,1.665833e-04,-180.00,4,-173.236
225.0,1,COLD_RAMP,1.665833e-04,-180.00,5,-160.636
225.0,1,COLD_RAMP,1.665833e-04,-180.00,6,-146.192
230.0,1,COLD_RAMP,1.193622e-04,-180.00,1,-141.277
230.0,1,COLD_RAMP,1.193622e-04,-180.00,2,-153.536
230.0,1,COLD_RAMP,1.193622e-04,-180.00,3,-164.981
230.0,1,COLD_RAMP,1.193622e-04,-180.00,4,-173.584
230.0,1,COLD_RAMP,1.193622e-04,-180.00,5,-161.227
230.0,1,COLD_RAMP,1.193622e-04,-180.00,6,-147.020
235.0,1,COLD_RAMP,8.552673e-05,-180.00,1,-142.039
235.0,1,COLD_RAMP,8.552673e-05,-180.00,2,-154.213
235.0,1,COLD_RAMP,8.552673e-05,-180.00,3,-165.426
235.0,1,COLD_RAMP,8.552673e-05,-180.00,4,-173.967
235.0,1,COLD_RAMP,8.552673e-05,-180.00,5,-161.839
235.0,1,COLD_RAMP,8.552673e-05,-180.00,6,-147.724
240.0,1,COLD_RAMP,6.128258e-05,-180.00,1,-142.778
240.0,1,COLD_RAMP,6.128258e-05,-180.00,2,-154.816
240.0,1,COLD_RAMP,6.128258e-05,-180.00,3,-165.925
240.0,1,COLD_RAMP,6.128258e-05,-180.00,4,-174.177
240.0,1,COLD_RAMP,6.128258e-05,-180.00,5,-162.327
240.0,1,COLD_RAMP,6.128258e-05,-180.00,6,-148.460
245.0,1,COLD_RAMP,4.391089e-05,-180.00,1,-143.561
245.0,1,COLD_RAMP,4.391089e-05,-180.00,2,-155.388
245.0,1,COLD_RAMP,4.391089e-05,-180.00,3,-166.376
245.0,1,COLD_RAMP,4.391089e-05,-180.00,4,-174.445
245.0,1,COLD_RAMP,4.391089e-05,-180.00,5,-162.844
245.0,1,COLD_RAMP,4.391089e-05,-180.00,6,-149.183
250.0,1,COLD_RAMP,3.146353e-05,-180.00,1,-144.257
250.0,1,COLD_RAMP,3.146353e-05,-180.00,2,-156.019
250.0,1,COLD_RAMP,3.146353e-05,-180.00,3,-166.879
250.0,1,COLD_RAMP,3.146353e-05,-180.00,4,-174.732
250.0,1,COLD_RAMP,3.146353e-05,-180.00,5,-163.335
250.0,1,COLD_RAMP,3.146353e-05,-180.00,6,-149.903
255.0,1,COLD_RAMP,2.254460e-05,-180.00,1,-144.968
255.0,1,COLD_RAMP,2.254460e-05,-180.00,2,-156.631
255.0,1,COLD_RAMP,2.254460e-05,-180.00,3,-167.291
255.0,1,COLD_RAMP,2.254460e-05,-180.00,4,-174.967
255.0,1,COLD_RAMP,2.254460e-05,-180.00,5,-163.839
255.0,1,COLD_RAMP,2.254460e-05,-180.00,6,-150.526
260.0,1,COLD_RAMP,1.615391e-05,-180.00,1,-145.682
260.0,1,COLD_RAMP,1.615391e-05,-180.00,2,-157.287
260.0,1,COLD_RAMP,1.615391e-05,-180.00,3,-167.674
260.0,1,COLD_RAMP,1.615391e-05,-180.00,4,-175.194
260.0,1,COLD_RAMP,1.615391e-05,-180.00,5,-164.374
260.0,1,COLD_RAMP,1.615391e-05,-180.00,6,-151.132
265.0,1,COLD_RAMP,1.157478e-05,-180.00,1,-146.362
265.0,1,COLD_RAMP,1.157478e-05,-180.00,2,-157.891
265.0,1,COLD_RAMP,1.157478e-05,-180.00,3,-168.050
265.0,1,COLD_RAMP,1.157478e-05,-180.00,4,-175.473
265.0,1,COLD_RAMP,1.157478e-05,-180.00,5,-164.901
265.0,1,COLD_RAMP,1.157478e-05,-180.00,6,-151.737
270.0,1,COLD_RAMP,8.293696e-06,-180.00,1,-147.035
270.0,1,COLD_RAMP,8.293696e-06,-180.00,2,-158.399
270.0,1,COLD_RAMP,8.293696e-06,-180.00,3,-168.410
270.0,1,COLD_RAMP,8.293696e-06,-180.00,4,-175.735
270.0,1,COLD_RAMP,8.293696e-06,-180.00,5,-165.342
270.0,1,COLD_RAMP,8.293696e-06,-180.00,6,-152.355
275.0,1,COLD_RAMP,5.942693e-06,-180.00,1,-147.699
275.0,1,COLD_RAMP,5.942693e-06,-180.00,2,-158.915
275.0,1,COLD_RAMP,5.942693e-06,-180.00,3,-168.728
275.0,1,COLD_RAMP,5.942693e-06,-180.00,4,-175.980
275.0,1,COLD_RAMP,5.942693e-06,-180.00,5,-165.763
275.0,1,COLD_RAMP,5.942693e-06,-180.00,6,-153.035
280.0,1,COLD_RAMP,4.258125e-06,-180.00,1,-148.331
280.0,1,COLD_RAMP,4.258125e-06,-180.00,2,-159.380
280.0,1,COLD_RAMP,4.258125e-06,-180.00,3,-169.135
280.0,1,COLD_RAMP,4.258125e-06,-180.00,4,-176.242
280.0,1,COLD_RAMP,4.258125e-06,-180.00,5,-166.195
280.0,1,COLD_RAMP,4.258125e-06,-180.00,6,-153.571
285.0,1,COLD_RAMP,3.051080e-06,-180.00,1,-148.970
285.0,1,COLD_RAMP,3.051080e-06,-180.00,2,-159.885
285.0,1,COLD_RAMP,3.051080e-06,-180.00,3,-169.525
285.0,1,COLD_RAMP,3.051080e-06,-180.00,4,-176.464
285.0,1,COLD_RAMP,3.051080e-06,-180.00,5,-166.544
285.0,1,COLD_RAMP,3.051080e-06,-180.00,6,-154.161
290.0,1,COLD_RAMP,2.186194e-06,-180.00,1,-149.584
290.0,1,COLD_RAMP,2.186194e-06,-180.00,2,-160.385
290.0,1,COLD_RAMP,2.186194e-06,-180.00,3,-169.815
290.0,1,COLD_RAMP,2.186194e-06,-180.00,4,-176.566
290.0,1,COLD_RAMP,2.186194e-06,-180.00,5,-166.954
290.0,1,COLD_RAMP,2.186194e-06,-180.00,6,-154.718
295.0,1,COLD_RAMP,1.566477e-06,-180.00,1,-150.199
295.0,1,COLD_RAMP,1.566477e-06,-180.00,2,-160.751
295.0,1,COLD_RAMP,1.566477e-06,-180.00,3,-170.055
295.0,1,COLD_RAMP,1.566477e-06,-180.00,4,-176.770
295.0,1,COLD_RAMP,1.566477e-06,-180.00,5,-167.293
295.0,1,COLD_RAMP,1.566477e-06,-180.00,6,-155.276
300.0,1,COLD_DWELL,1.122430e-06,-180.00,1,-150.843
300.0,1,COLD_DWELL,1.122430e-06,-180.00,2,-161.176
300.0,1,COLD_DWELL,1.122430e-06,-180.00,3,-170.430
300.0,1,COLD_DWELL,1.122430e-06,-180.00,4,-176.897
300.0,1,COLD_DWELL,1.122430e-06,-180.00,5,-167.676
300.0,1,COLD_DWELL,1.122430e-06,-180.00,6,-155.786
305.0,1,COLD_DWELL,1.000000e-06,-180.00,1,-151.314
305.0,1,COLD_DWELL,1.000000e-06,-180.00,2,-161.582
305.0,1,COLD_DWELL,1.000000e-06,-180.00,3,-170.753
305.0,1,COLD_DWELL,1.000000e-06,-180.00,4,-176.955
305.0,1,COLD_DWELL,1.000000e-06,-180.00,5,-168.088
305.0,1,COLD_DWELL,1.000000e-06,-180.00,6,-156.335
310.0,1,COLD_DWELL,1.000000e-06,-180.00,1,-151.793
310.0,1,COLD_DWELL,1.000000e-06,-180.00,2,-162.015
310.0,1,COLD_DWELL,1.000000e-06,-180.00,3,-171.068
310.0,1,COLD_DWELL,1.000000e-06,-180.00,4,-176.994
310.0,1,COLD_DWELL,1.000000e-06,-180.00,5,-168.477
310.0,1,COLD_DWELL,1.000000e-06,-180.00,6,-156.822
315.0,1,COLD_DWELL,1.000000e-06,-180.00,1,-152.285
315.0,1,COLD_DWELL,1.000000e-06,-180.00,2,-162.476
315.0,1,COLD_DWELL,1.000000e-06,-180.00,3,-171.352
315.0,1,COLD_DWELL,1.000000e-06,-180.00,4,-177.067
315.0,1,COLD_DWELL,1.000000e-06,-180.00,5,-168.920
315.0,1,COLD_DWELL,1.000000e-06,-180.00,6,-157.247
320.0,1,COLD_DWELL,1.000000e-06,-180.00,1,-152.747
320.0,1,COLD_DWELL,1.000000e-06,-180.00,2,-162.889
320.0,1,COLD_DWELL,1.000000e-06,-180.00,3,-171.657
320.0,1,COLD_DWELL,1.000000e-06,-180.00,4,-177.050
320.0,1,COLD_DWELL,1.000000e-06,-180.00,5,-169.283
320.0,1,COLD_DWELL,1.000000e-06,-180.00,6,-157.769
325.0,1,COLD_DWELL,1.000000e-06,-180.00,1,-153.211
325.0,1,COLD_DWELL,1.000000e-06,-180.00,2,-163.254
325.0,1,COLD_DWELL,1.000000e-06,-180.00,3,-171.962
325.0,1,COLD_DWELL,1.000000e-06,-180.00,4,-177.220
325.0,1,COLD_DWELL,1.000000e-06,-180.00,5,-169.476
325.0,1,COLD_DWELL,1.000000e-06,-180.00,6,-158.225
330.0,1,COLD_DWELL,1.000000e-06,-180.00,1,-153.659
330.0,1,COLD_DWELL,1.000000e-06,-180.00,2,-163.622
330.0,1,COLD_DWELL,1.000000e-06,-180.00,3,-172.216
330.0,1,COLD_DWELL,1.000000e-06,-180.00,4,-177.281
330.0,1,COLD_DWELL,1.000000e-06,-180.00,5,-169.732
330.0,1,COLD_DWELL,1.000000e-06,-180.00,6,-158.665
335.0,1,COLD_DWELL,1.000000e-06,-180.00,1,-154.104
335.0,1,COLD_DWELL,1.000000e-06,-180.00,2,-163.986
335.0,1,COLD_DWELL,1.000000e-06,-180.00,3,-172.432
335.0,1,COLD_DWELL,1.000000e-06,-180.00,4,-177.515
335.0,1,COLD_DWELL,1.000000e-06,-180.00,5,-169.949
335.0,1,COLD_DWELL,1.000000e-06,-180.00,6,-159.074
340.0,1,COLD_DWELL,1.000000e-06,-180.00,1,-154.490
340.0,1,COLD_DWELL,1.000000e-06,-180.00,2,-164.419
340.0,1,COLD_DWELL,1.000000e-06,-180.00,3,-172.729
340.0,1,COLD_DWELL,1.000000e-06,-180.00,4,-177.563
340.0,1,COLD_DWELL,1.000000e-06,-180.00,5,-170.168
340.0,1,COLD_DWELL,1.000000e-06,-180.00,6,-159.409
345.0,1,COLD_DWELL,1.000000e-06,-180.00,1,-154.884
345.0,1,COLD_DWELL,1.000000e-06,-180.00,2,-164.756
345.0,1,COLD_DWELL,1.000000e-06,-180.00,3,-172.966
345.0,1,COLD_DWELL,1.000000e-06,-180.00,4,-177.606
345.0,1,COLD_DWELL,1.000000e-06,-180.00,5,-170.398
345.0,1,COLD_DWELL,1.000000e-06,-180.00,6,-159.762
350.0,1,COLD_DWELL,1.000000e-06,-180.00,1,-155.331
350.0,1,COLD_DWELL,1.000000e-06,-180.00,2,-165.024
350.0,1,COLD_DWELL,1.000000e-06,-180.00,3,-173.226
350.0,1,COLD_DWELL,1.000000e-06,-180.00,4,-177.586
350.0,1,COLD_DWELL,1.000000e-06,-180.00,5,-170.725
350.0,1,COLD_DWELL,1.000000e-06,-180.00,6,-160.094
355.0,1,COLD_DWELL,1.000000e-06,-180.00,1,-155.803
355.0,1,COLD_DWELL,1.000000e-06,-180.00,2,-165.388
355.0,1,COLD_DWELL,1.000000e-06,-180.00,3,-173.388
355.0,1,COLD_DWELL,1.000000e-06,-180.00,4,-177.518
355.0,1,COLD_DWELL,1.000000e-06,-180.00,5,-171.024
355.0,1,COLD_DWELL,1.000000e-06,-180.00,6,-160.464
360.0,1,COLD_DWELL,1.000000e-06,-180.00,1,-156.227
360.0,1,COLD_DWELL,1.000000e-06,-180.00,2,-165.704
360.0,1,COLD_DWELL,1.000000e-06,-180.00,3,-173.591
360.0,1,COLD_DWELL,1.000000e-06,-180.00,4,-177.582
360.0,1,COLD_DWELL,1.000000e-06,-180.00,5,-171.323
360.0,1,COLD_DWELL,1.000000e-06,-180.00,6,-160.818
365.0,1,COLD_DWELL,1.000000e-06,-180.00,1,-156.567
365.0,1,COLD_DWELL,1.000000e-06,-180.00,2,-165.964
365.0,1,COLD_DWELL,1.000000e-06,-180.00,3,-173.820
365.0,1,COLD_DWELL,1.000000e-06,-180.00,4,-177.593
365.0,1,COLD_DWELL,1.000000e-06,-180.00,5,-171.511
365.0,1,COLD_DWELL,1.000000e-06,-180.00,6,-161.170
370.0,1,COLD_DWELL,1.000000e-06,-180.00,1,-156.881
370.0,1,COLD_DWELL,1.000000e-06,-180.00,2,-166.290
370.0,1,COLD_DWELL,1.000000e-06,-180.00,3,-174.028
370.0,1,COLD_DWELL,1.000000e-06,-180.00,4,-177.597
370.0,1,COLD_DWELL,1.000000e-06,-180.00,5,-171.775
370.0,1,COLD_DWELL,1.000000e-06,-180.00,6,-161.490
375.0,1,COLD_DWELL,1.000000e-06,-180.00,1,-157.314
375.0,1,COLD_DWELL,1.000000e-06,-180.00,2,-166.562
375.0,1,COLD_DWELL,1.000000e-06,-180.00,3,-174.242
375.0,1,COLD_DWELL,1.000000e-06,-180.00,4,-177.599
375.0,1,COLD_DWELL,1.000000e-06,-180.00,5,-172.037
375.0,1,COLD_DWELL,1.000000e-06,-180.00,6,-161.953
380.0,1,COLD_DWELL,1.000000e-06,-180.00,1,-157.708
380.0,1,COLD_DWELL,1.000000e-06,-180.00,2,-166.782
380.0,1,COLD_DWELL,1.000000e-06,-180.00,3,-174.408
380.0,1,COLD_DWELL,1.000000e-06,-180.00,4,-177.697
380.0,1,COLD_DWELL,1.000000e-06,-180.00,5,-172.244
380.0,1,COLD_DWELL,1.000000e-06,-180.00,6,-162.292
385.0,1,COLD_DWELL,1.000000e-06,-180.00,1,-158.108
385.0,1,COLD_DWELL,1.000000e-06,-180.00,2,-167.068
385.0,1,COLD_DWELL,1.000000e-06,-180.00,3,-174.583
385.0,1,COLD_DWELL,1.000000e-06,-180.00,4,-177.610
385.0,1,COLD_DWELL,1.000000e-06,-180.00,5,-172.438
385.0,1,COLD_DWELL,1.000000e-06,-180.00,6,-162.493
390.0,1,COLD_DWELL,1.000000e-06,-180.00,1,-158.486
390.0,1,COLD_DWELL,1.000000e-06,-180.00,2,-167.304
390.0,1,COLD_DWELL,1.000000e-06,-180.00,3,-174.748
390.0,1,COLD_DWELL,1.000000e-06,-180.00,4,-177.757
390.0,1,COLD_DWELL,1.000000e-06,-180.00,5,-172.593
390.0,1,COLD_DWELL,1.000000e-06,-180.00,6,-162.817
395.0,1,COLD_DWELL,1.000000e-06,-180.00,1,-158.800
395.0,1,COLD_DWELL,1.000000e-06,-180.00,2,-167.514
395.0,1,COLD_DWELL,1.000000e-06,-180.00,3,-174.892
395.0,1,COLD_DWELL,1.000000e-06,-180.00,4,-177.680
395.0,1,COLD_DWELL,1.000000e-06,-180.00,5,-172.795
395.0,1,COLD_DWELL,1.000000e-06,-180.00,6,-163.145
400.0,1,COLD_DWELL,1.000000e-06,-180.00,1,-159.111
400.0,1,COLD_DWELL,1.000000e-06,-180.00,2,-167.840
400.0,1,COLD_DWELL,1.000000e-06,-180.00,3,-175.031
400.0,1,COLD_DWELL,1.000000e-06,-180.00,4,-177.742
400.0,1,COLD_DWELL,1.000000e-06,-180.00,5,-172.956
400.0,1,COLD_DWELL,1.000000e-06,-180.00,6,-163.476
405.0,1,COLD_DWELL,1.000000e-06,-180.00,1,-159.413
405.0,1,COLD_DWELL,1.000000e-06,-180.00,2,-168.128
405.0,1,COLD_DWELL,1.000000e-06,-180.00,3,-175.133
405.0,1,COLD_DWELL,1.000000e-06,-180.00,4,-177.779
405.0,1,COLD_DWELL,1.000000e-06,-180.00,5,-173.202
405.0,1,COLD_DWELL,1.000000e-06,-180.00,6,-163.744
410.0,1,COLD_DWELL,1.000000e-06,-180.00,1,-159.712
410.0,1,COLD_DWELL,1.000000e-06,-180.00,2,-168.475
410.0,1,COLD_DWELL,1.000000e-06,-180.00,3,-175.314
410.0,1,COLD_DWELL,1.000000e-06,-180.00,4,-177.926
410.0,1,COLD_DWELL,1.000000e-06,-180.00,5,-173.404
410.0,1,COLD_DWELL,1.000000e-06,-180.00,6,-164.022
415.0,1,COLD_DWELL,1.000000e-06,-180.00,1,-159.934
415.0,1,COLD_DWELL,1.000000e-06,-180.00,2,-168.629
415.0,1,COLD_DWELL,1.000000e-06,-180.00,3,-175.519
415.0,1,COLD_DWELL,1.000000e-06,-180.00,4,-177.947
415.0,1,COLD_DWELL,1.000000e-06,-180.00,5,-173.585
415.0,1,COLD_DWELL,1.000000e-06,-180.00,6,-164.263
420.0,1,COLD_DWELL,1.000000e-06,-180.00,1,-160.240
420.0,1,COLD_DWELL,1.000000e-06,-180.00,2,-168.895
420.0,1,COLD_DWELL,1.000000e-06,-180.00,3,-175.617
420.0,1,COLD_DWELL,1.000000e-06,-180.00,4,-178.073
420.0,1,COLD_DWELL,1.000000e-06,-180.00,5,-173.797
420.0,1,COLD_DWELL,1.000000e-06,-180.00,6,-164.601
425.0,1,COLD_DWELL,1.000000e-06,-180.00,1,-160.488
425.0,1,COLD_DWELL,1.000000e-06,-180.00,2,-169.114
425.0,1,COLD_DWELL,1.000000e-06,-180.00,3,-175.762
425.0,1,COLD_DWELL,1.000000e-06,-180.00,4,-178.137
425.0,1,COLD_DWELL,1.000000e-06,-180.00,5,-173.957
425.0,1,COLD_DWELL,1.000000e-06,-180.00,6,-164.856
430.0,1,COLD_DWELL,1.000000e-06,-180.00,1,-160.862
430.0,1,COLD_DWELL,1.000000e-06,-180.00,2,-169.349
430.0,1,COLD_DWELL,1.000000e-06,-180.00,3,-175.898
430.0,1,COLD_DWELL,1.000000e-06,-180.00,4,-178.167
430.0,1,COLD_DWELL,1.000000e-06,-180.00,5,-174.072
430.0,1,COLD_DWELL,1.000000e-06,-180.00,6,-165.160
435.0,1,COLD_DWELL,1.000000e-06,-180.00,1,-161.181
435.0,1,COLD_DWELL,1.000000e-06,-180.00,2,-169.568
435.0,1,COLD_DWELL,1.000000e-06,-180.00,3,-176.077
435.0,1,COLD_DWELL,1.000000e-06,-180.00,4,-178.221
435.0,1,COLD_DWELL,1.000000e-06,-180.00,5,-174.248
435.0,1,COLD_DWELL,1.000000e-06,-180.00,6,-165.474
440.0,1,COLD_DWELL,1.000000e-06,-180.00,1,-161.371
440.0,1,COLD_DWELL,1.000000e-06,-180.00,2,-169.738
440.0,1,COLD_DWELL,1.000000e-06,-180.00,3,-176.254
440.0,1,COLD_DWELL,1.000000e-06,-180.00,4,-178.234
440.0,1,COLD_DWELL,1.000000e-06,-180.00,5,-174.284
440.0,1,COLD_DWELL,1.000000e-06,-180.00,6,-165.738
445.0,1,COLD_DWELL,1.000000e-06,-180.00,1,-161.633
445.0,1,COLD_DWELL,1.000000e-06,-180.00,2,-170.005
445.0,1,COLD_DWELL,1.000000e-06,-180.00,3,-176.394
445.0,1,COLD_DWELL,1.000000e-06,-180.00,4,-178.237
445.0,1,COLD_DWELL,1.000000e-06,-180.00,5,-174.431
445.0,1,COLD_DWELL,1.000000e-06,-180.00,6,-166.035
450.0,1,COLD_DWELL,1.000000e-06,-180.00,1,-161.852
450.0,1,COLD_DWELL,1.000000e-06,-180.00,2,-170.214
450.0,1,COLD_DWELL,1.000000e-06,-180.00,3,-176.515
450.0,1,COLD_DWELL,1.000000e-06,-180.00,4,-178.203
450.0,1,COLD_DWELL,1.000000e-06,-180.00,5,-174.552
450.0,1,COLD_DWELL,1.000000e-06,-180.00,6,-166.227
455.0,1,COLD_DWELL,1.000000e-06,-180.00,1,-162.138
455.0,1,COLD_DWELL,1.000000e-06,-180.00,2,-170.409
455.0,1,COLD_DWELL,1.000000e-06,-180.00,3,-176.636
455.0,1,COLD_DWELL,1.000000e-06,-180.00,4,-178.294
455.0,1,COLD_DWELL,1.000000e-06,-180.00,5,-174.678
455.0,1,COLD_DWELL,1.000000e-06,-180.00,6,-166.481
460.0,1,COLD_DWELL,1.000000e-06,-180.00,1,-162.301
460.0,1,COLD_DWELL,1.000000e-06,-180.00,2,-170.505
460.0,1,COLD_DWELL,1.000000e-06,-180.00,3,-176.751
460.0,1,COLD_DWELL,1.000000e-06,-180.00,4,-178.354
460.0,1,COLD_DWELL,1.000000e-06,-180.00,5,-174.779
460.0,1,COLD_DWELL,1.000000e-06,-180.00,6,-166.728
465.0,1,COLD_DWELL,1.000000e-06,-180.00,1,-162.539
465.0,1,COLD_DWELL,1.000000e-06,-180.00,2,-170.740
465.0,1,COLD_DWELL,1.000000e-06,-180.00,3,-176.913
465.0,1,COLD_DWELL,1.000000e-06,-180.00,4,-178.413
465.0,1,COLD_DWELL,1.000000e-06,-180.00,5,-174.919
465.0,1,COLD_DWELL,1.000000e-06,-180.00,6,-166.999
470.0,1,COLD_DWELL,1.000000e-06,-180.00,1,-162.851
470.0,1,COLD_DWELL,1.000000e-06,-180.00,2,-171.007
470.0,1,COLD_DWELL,1.000000e-06,-180.00,3,-176.970
470.0,1,COLD_DWELL,1.000000e-06,-180.00,4,-178.420
470.0,1,COLD_DWELL,1.000000e-06,-180.00,5,-175.004
470.0,1,COLD_DWELL,1.000000e-06,-180.00,6,-167.248
475.0,1,COLD_DWELL,1.000000e-06,-180.00,1,-163.125
475.0,1,COLD_DWELL,1.000000e-06,-180.00,2,-171.215
475.0,1,COLD_DWELL,1.000000e-06,-180.00,3,-177.030
475.0,1,COLD_DWELL,1.000000e-06,-180.00,4,-178.443
475.0,1,COLD_DWELL,1.000000e-06,-180.00,5,-175.108
475.0,1,COLD_DWELL,1.000000e-06,-180.00,6,-167.512
480.0,1,COLD_DWELL,1.000000e-06,-180.00,1,-163.324
480.0,1,COLD_DWELL,1.000000e-06,-180.00,2,-171.396
480.0,1,COLD_DWELL,1.000000e-06,-180.00,3,-177.047
480.0,1,COLD_DWELL,1.000000e-06,-180.00,4,-178.408
480.0,1,COLD_DWELL,1.000000e-06,-180.00,5,-175.177
480.0,1,COLD_DWELL,1.000000e-06,-180.00,6,-167.725
485.0,1,COLD_DWELL,1.000000e-06,-180.00,1,-163.605
485.0,1,COLD_DWELL,1.000000e-06,-180.00,2,-171.522
485.0,1,COLD_DWELL,1.000000e-06,-180.00,3,-177.157
485.0,1,COLD_DWELL,1.000000e-06,-180.00,4,-178.391
485.0,1,COLD_DWELL,1.000000e-06,-180.00,5,-175.330
485.0,1,COLD_DWELL,1.000000e-06,-180.00,6,-167.928
490.0,1,COLD_DWELL,1.000000e-06,-180.00,1,-163.748
490.0,1,COLD_DWELL,1.000000e-06,-180.00,2,-171.668
490.0,1,COLD_DWELL,1.000000e-06,-180.00,3,-177.254
490.0,1,COLD_DWELL,1.000000e-06,-180.00,4,-178.432
490.0,1,COLD_DWELL,1.000000e-06,-180.00,5,-175.494
490.0,1,COLD_DWELL,1.000000e-06,-180.00,6,-168.109
495.0,1,COLD_DWELL,1.000000e-06,-180.00,1,-163.958
495.0,1,COLD_DWELL,1.000000e-06,-180.00,2,-171.932
495.0,1,COLD_DWELL,1.000000e-06,-180.00,3,-177.268
495.0,1,COLD_DWELL,1.000000e-06,-180.00,4,-178.477
495.0,1,COLD_DWELL,1.000000e-06,-180.00,5,-175.649
495.0,1,COLD_DWELL,1.000000e-06,-180.00,6,-168.329
500.0,1,COLD_DWELL,1.000000e-06,-180.00,1,-164.113
500.0,1,COLD_DWELL,1.000000e-06,-180.00,2,-172.084
500.0,1,COLD_DWELL,1.000000e-06,-180.00,3,-177.363
500.0,1,COLD_DWELL,1.000000e-06,-180.00,4,-178.505
500.0,1,COLD_DWELL,1.000000e-06,-180.00,5,-175.740
500.0,1,COLD_DWELL,1.000000e-06,-180.00,6,-168.476
505.0,1,COLD_DWELL,1.000000e-06,-180.00,1,-164.356
505.0,1,COLD_DWELL,1.000000e-06,-180.00,2,-172.315
505.0,1,COLD_DWELL,1.000000e-06,-180.00,3,-177.380
505.0,1,COLD_DWELL,1.000000e-06,-180.00,4,-178.525
505.0,1,COLD_DWELL,1.000000e-06,-180.00,5,-175.769
505.0,1,COLD_DWELL,1.000000e-06,-180.00,6,-168.741
510.0,1,COLD_DWELL,1.000000e-06,-180.00,1,-164.535
510.0,1,COLD_DWELL,1.000000e-06,-180.00,2,-172.466
510.0,1,COLD_DWELL,1.000000e-06,-180.00,3,-177.449
510.0,1,COLD_DWELL,1.000000e-06,-180.00,4,-178.536
510.0,1,COLD_DWELL,1.000000e-06,-180.00,5,-175.807
510.0,1,COLD_DWELL,1.000000e-06,-180.00,6,-168.929
515.0,1,COLD_DWELL,1.000000e-06,-180.00,1,-164.691
515.0,1,COLD_DWELL,1.000000e-06,-180.00,2,-172.641
515.0,1,COLD_DWELL,1.000000e-06,-180.00,3,-177.487
515.0,1,COLD_DWELL,1.000000e-06,-180.00,4,-178.565
515.0,1,COLD_DWELL,1.000000e-06,-180.00,5,-175.842
515.0,1,COLD_DWELL,1.000000e-06,-180.00,6,-169.222
520.0,1,COLD_DWELL,1.000000e-06,-180.00,1,-164.860
520.0,1,COLD_DWELL,1.000000e-06,-180.00,2,-172.730
520.0,1,COLD_DWELL,1.000000e-06,-180.00,3,-177.573
520.0,1,COLD_DWELL,1.000000e-06,-180.00,4,-178.543
520.0,1,COLD_DWELL,1.000000e-06,-180.00,5,-175.911
520.0,1,COLD_DWELL,1.000000e-06,-180.00,6,-169.457
525.0,1,COLD_DWELL,1.000000e-06,-180.00,1,-165.039
525.0,1,COLD_DWELL,1.000000e-06,-180.00,2,-172.763
525.0,1,COLD_DWELL,1.000000e-06,-180.00,3,-177.606
525.0,1,COLD_DWELL,1.000000e-06,-180.00,4,-178.561
525.0,1,COLD_DWELL,1.000000e-06,-180.00,5,-176.087
525.0,1,COLD_DWELL,1.000000e-06,-180.00,6,-169.674
530.0,1,COLD_DWELL,1.000000e-06,-180.00,1,-165.165
530.0,1,COLD_DWELL,1.000000e-06,-180.00,2,-172.934
530.0,1,COLD_DWELL,1.000000e-06,-180.00,3,-177.859
530.0,1,COLD_DWELL,1.000000e-06,-180.00,4,-178.483
530.0,1,COLD_DWELL,1.000000e-06,-180.00,5,-176.221
530.0,1,COLD_DWELL,1.000000e-06,-180.00,6,-169.815
535.0,1,COLD_DWELL,1.000000e-06,-180.00,1,-165.341
535.0,1,COLD_DWELL,1.000000e-06,-180.00,2,-173.165
535.0,1,COLD_DWELL,1.000000e-06,-180.00,3,-177.981
535.0,1,COLD_DWELL,1.000000e-06,-180.00,4,-178.567
535.0,1,COLD_DWELL,1.000000e-06,-180.00,5,-176.382
535.0,1,COLD_DWELL,1.000000e-06,-180.00,6,-169.927
540.0,1,COLD_DWELL,1.000000e-06,-180.00,1,-165.534
540.0,1,COLD_DWELL,1.000000e-06,-180.00,2,-173.263
540.0,1,COLD_DWELL,1.000000e-06,-180.00,3,-178.017
540.0,1,COLD_DWELL,1.000000e-06,-180.00,4,-178.624
540.0,1,COLD_DWELL,1.000000e-06,-180.00,5,-176.485
540.0,1,COLD_DWELL,1.000000e-06,-180.00,6,-170.121
545.0,1,COLD_DWELL,1.000000e-06,-180.00,1,-165.758
545.0,1,COLD_DWELL,1.000000e-06,-180.00,2,-173.393
545.0,1,COLD_DWELL,1.000000e-06,-180.00,3,-178.092
545.0,1,COLD_DWELL,1.000000e-06,-180.00,4,-178.618
545.0,1,COLD_DWELL,1.000000e-06,-180.00,5,-176.553
545.0,1,COLD_DWELL,1.000000e-06,-180.00,6,-170.203
550.0,1,COLD_DWELL,1.000000e-06,-180.00,1,-165.989
550.0,1,COLD_DWELL,1.000000e-06,-180.00,2,-173.540
550.0,1,COLD_DWELL,1.000000e-06,-180.00,3,-178.152
550.0,1,COLD_DWELL,1.000000e-06,-180.00,4,-178.603
550.0,1,COLD_DWELL,1.000000e-06,-180.00,5,-176.637
550.0,1,COLD_DWELL,1.000000e-06,-180.00,6,-170.328
555.0,1,COLD_DWELL,1.000000e-06,-180.00,1,-166.167
555.0,1,COLD_DWELL,1.000000e-06,-180.00,2,-173.664
555.0,1,COLD_DWELL,1.000000e-06,-180.00,3,-178.128
555.0,1,COLD_DWELL,1.000000e-06,-180.00,4,-178.540
555.0,1,COLD_DWELL,1.000000e-06,-180.00,5,-176.683
555.0,1,COLD_DWELL,1.000000e-06,-180.00,6,-170.490
560.0,1,COLD_DWELL,1.000000e-06,-180.00,1,-166.317
560.0,1,COLD_DWELL,1.000000e-06,-180.00,2,-173.728
560.0,1,COLD_DWELL,1.000000e-06,-180.00,3,-178.159
560.0,1,COLD_DWELL,1.000000e-06,-180.00,4,-178.513
560.0,1,COLD_DWELL,1.000000e-06,-180.00,5,-176.744
560.0,1,COLD_DWELL,1.000000e-06,-180.00,6,-170.667
565.0,1,COLD_DWELL,1.000000e-06,-180.00,1,-166.524
565.0,1,COLD_DWELL,1.000000e-06,-180.00,2,-173.856
565.0,1,COLD_DWELL,1.000000e-06,-180.00,3,-178.201
565.0,1,COLD_DWELL,1.000000e-06,-180.00,4,-178.483
565.0,1,COLD_DWELL,1.000000e-06,-180.00,5,-176.709
565.0,1,COLD_DWELL,1.000000e-06,-180.00,6,-170.812
570.0,1,COLD_DWELL,1.000000e-06,-180.00,1,-166.594
570.0,1,COLD_DWELL,1.000000e-06,-180.00,2,-173.978
570.0,1,COLD_DWELL,1.000000e-06,-180.00,3,-178.218
570.0,1,COLD_DWELL,1.000000e-06,-180.00,4,-178.435
570.0,1,COLD_DWELL,1.000000e-06,-180.00,5,-176.781
570.0,1,COLD_DWELL,1.000000e-06,-180.00,6,-171.019
575.0,1,COLD_DWELL,1.000000e-06,-180.00,1,-166.727
575.0,1,COLD_DWELL,1.000000e-06,-180.00,2,-174.121
575.0,1,COLD_DWELL,1.000000e-06,-180.00,3,-178.254
575.0,1,COLD_DWELL,1.000000e-06,-180.00,4,-178.376
575.0,1,COLD_DWELL,1.000000e-06,-180.00,5,-176.791
575.0,1,COLD_DWELL,1.000000e-06,-180.00,6,-171.003
580.0,1,COLD_DWELL,1.000000e-06,-180.00,1,-166.911
580.0,1,COLD_DWELL,1.000000e-06,-180.00,2,-174.304
580.0,1,COLD_DWELL,1.000000e-06,-180.00,3,-178.227
580.0,1,COLD_DWELL,1.000000e-06,-180.00,4,-178.417
580.0,1,COLD_DWELL,1.000000e-06,-180.00,5,-176.908
580.0,1,COLD_DWELL,1.000000e-06,-180.00,6,-171.192
585.0,1,COLD_DWELL,1.000000e-06,-180.00,1,-167.070
585.0,1,COLD_DWELL,1.000000e-06,-180.00,2,-174.335
585.0,1,COLD_DWELL,1.000000e-06,-180.00,3,-178.279
585.0,1,COLD_DWELL,1.000000e-06,-180.00,4,-178.280
585.0,1,COLD_DWELL,1.000000e-06,-180.00,5,-176.992
585.0,1,COLD_DWELL,1.000000e-06,-180.00,6,-171.419
590.0,1,COLD_DWELL,1.000000e-06,-180.00,1,-167.200
590.0,1,COLD_DWELL,1.000000e-06,-180.00,2,-174.383
590.0,1,COLD_DWELL,1.000000e-06,-180.00,3,-178.343
590.0,1,COLD_DWELL,1.000000e-06,-180.00,4,-178.249
590.0,1,COLD_DWELL,1.000000e-06,-180.00,5,-177.079
590.0,1,COLD_DWELL,1.000000e-06,-180.00,6,-171.656
595.0,1,COLD_DWELL,1.000000e-06,-180.00,1,-167.312
595.0,1,COLD_DWELL,1.000000e-06,-180.00,2,-174.410
595.0,1,COLD_DWELL,1.000000e-06,-180.00,3,-178.396
595.0,1,COLD_DWELL,1.000000e-06,-180.00,4,-178.232
595.0,1,COLD_DWELL,1.000000e-06,-180.00,5,-177.096
595.0,1,COLD_DWELL,1.000000e-06,-180.00,6,-171.765
600.0,1,HOT_RAMP,1.000000e-06,-177.50,1,-167.226
600.0,1,HOT_RAMP,1.000000e-06,-177.50,2,-174.522
600.0,1,HOT_RAMP,1.000000e-06,-177.50,3,-178.409
600.0,1,HOT_RAMP,1.000000e-06,-177.50,4,-177.467
600.0,1,HOT_RAMP,1.000000e-06,-177.50,5,-177.145
600.0,1,HOT_RAMP,1.000000e-06,-177.50,6,-171.832
605.0,1,HOT_RAMP,1.000000e-06,-175.00,1,-167.078
605.0,1,HOT_RAMP,1.000000e-06,-175.00,2,-174.442
605.0,1,HOT_RAMP,1.000000e-06,-175.00,3,-178.252
605.0,1,HOT_RAMP,1.000000e-06,-175.00,4,-176.623
605.0,1,HOT_RAMP,1.000000e-06,-175.00,5,-177.095
605.0,1,HOT_RAMP,1.000000e-06,-175.00,6,-171.824
610.0,1,HOT_RAMP,1.000000e-06,-172.50,1,-166.903
610.0,1,HOT_RAMP,1.000000e-06,-172.50,2,-174.351
610.0,1,HOT_RAMP,1.000000e-06,-172.50,3,-178.111
610.0,1,HOT_RAMP,1.000000e-06,-172.50,4,-175.735
610.0,1,HOT_RAMP,1.000000e-06,-172.50,5,-176.930
610.0,1,HOT_RAMP,1.000000e-06,-172.50,6,-171.870
615.0,1,HOT_RAMP,1.000000e-06,-170.00,1,-166.711
615.0,1,HOT_RAMP,1.000000e-06,-170.00,2,-174.254
615.0,1,HOT_RAMP,1.000000e-06,-170.00,3,-177.904
615.0,1,HOT_RAMP,1.000000e-06,-170.00,4,-174.712
615.0,1,HOT_RAMP,1.000000e-06,-170.00,5,-176.781
615.0,1,HOT_RAMP,1.000000e-06,-170.00,6,-171.771
620.0,1,HOT_RAMP,1.000000e-06,-167.50,1,-166.380
620.0,1,HOT_RAMP,1.000000e-06,-167.50,2,-174.141
620.0,1,HOT_RAMP,1.000000e-06,-167.50,3,-177.536
620.0,1,HOT_RAMP,1.000000e-06,-167.50,4,-173.646
620.0,1,HOT_RAMP,1.000000e-06,-167.50,5,-176.530
620.0,1,HOT_RAMP,1.000000e-06,-167.50,6,-171.704
625.0,1,HOT_RAMP,1.000000e-06,-165.00,1,-166.101
625.0,1,HOT_RAMP,1.000000e-06,-165.00,2,-173.979
625.0,1,HOT_RAMP,1.000000e-06,-165.00,3,-177.048
625.0,1,HOT_RAMP,1.000000e-06,-165.00,4,-172.352
625.0,1,HOT_RAMP,1.000000e-06,-165.00,5,-176.182
625.0,1,HOT_RAMP,1.000000e-06,-165.00,6,-171.522
630.0,1,HOT_RAMP,1.000000e-06,-162.50,1,-165.881
630.0,1,HOT_RAMP,1.000000e-06,-162.50,2,-173.660
630.0,1,HOT_RAMP,1.000000e-06,-162.50,3,-176.566
630.0,1,HOT_RAMP,1.000000e-06,-162.50,4,-171.008
630.0,1,HOT_RAMP,1.000000e-06,-162.50,5,-175.736
630.0,1,HOT_RAMP,1.000000e-06,-162.50,6,-171.424
635.0,1,HOT_RAMP,1.000000e-06,-160.00,1,-165.512
635.0,1,HOT_RAMP,1.000000e-06,-160.00,2,-173.246
635.0,1,HOT_RAMP,1.000000e-06,-160.00,3,-175.933
635.0,1,HOT_RAMP,1.000000e-06,-160.00,4,-169.610
635.0,1,HOT_RAMP,1.000000e-06,-160.00,5,-175.234
635.0,1,HOT_RAMP,1.000000e-06,-160.00,6,-171.220
640.0,1,HOT_RAMP,1.000000e-06,-157.50,1,-165.132
640.0,1,HOT_RAMP,1.000000e-06,-157.50,2,-172.826
640.0,1,HOT_RAMP,1.000000e-06,-157.50,3,-175.153
640.0,1,HOT_RAMP,1.000000e-06,-157.50,4,-168.105
640.0,1,HOT_RAMP,1.000000e-06,-157.50,5,-174.627
640.0,1,HOT_RAMP,1.000000e-06,-157.50,6,-170.893
645.0,1,HOT_RAMP,1.000000e-06,-155.00,1,-164.619
645.0,1,HOT_RAMP,1.000000e-06,-155.00,2,-172.336
645.0,1,HOT_RAMP,1.000000e-06,-155.00,3,-174.314
645.0,1,HOT_RAMP,1.000000e-06,-155.00,4,-166.353
645.0,1,HOT_RAMP,1.000000e-06,-155.00,5,-173.932
645.0,1,HOT_RAMP,1.000000e-06,-155.00,6,-170.478
650.0,1,HOT_RAMP,1.000000e-06,-152.50,1,-164.150
650.0,1,HOT_RAMP,1.000000e-06,-152.50,2,-171.763
650.0,1,HOT_RAMP,1.000000e-06,-152.50,3,-173.257
650.0,1,HOT_RAMP,1.000000e-06,-152.50,4,-164.586
650.0,1,HOT_RAMP,1.000000e-06,-152.50,5,-173.139
650.0,1,HOT_RAMP,1.000000e-06,-152.50,6,-170.009
655.0,1,HOT_RAMP,1.000000e-06,-150.00,1,-163.569
655.0,1,HOT_RAMP,1.000000e-06,-150.00,2,-171.083
655.0,1,HOT_RAMP,1.000000e-06,-150.00,3,-172.242
655.0,1,HOT_RAMP,1.000000e-06,-150.00,4,-162.659
655.0,1,HOT_RAMP,1.000000e-06,-150.00,5,-172.297
655.0,1,HOT_RAMP,1.000000e-06,-150.00,6,-169.487
660.0,1,HOT_RAMP,1.000000e-06,-147.50,1,-162.973
660.0,1,HOT_RAMP,1.000000e-06,-147.50,2,-170.339
660.0,1,HOT_RAMP,1.000000e-06,-147.50,3,-171.042
660.0,1,HOT_RAMP,1.000000e-06,-147.50,4,-160.577
660.0,1,HOT_RAMP,1.000000e-06,-147.50,5,-171.192
660.0,1,HOT_RAMP,1.000000e-06,-147.50,6,-168.885
665.0,1,HOT_RAMP,1.000000e-06,-145.00,1,-162.335
665.0,1,HOT_RAMP,1.000000e-06,-145.00,2,-169.486
665.0,1,HOT_RAMP,1.000000e-06,-145.00,3,-169.701
665.0,1,HOT_RAMP,1.000000e-06,-145.00,4,-158.407
665.0,1,HOT_RAMP,1.000000e-06,-145.00,5,-169.990
665.0,1,HOT_RAMP,1.000000e-06,-145.00,6,-168.256
670.0,1,HOT_RAMP,1.000000e-06,-142.50,1,-161.567
670.0,1,HOT_RAMP,1.000000e-06,-142.50,2,-168.510
670.0,1,HOT_RAMP,1.000000e-06,-142.50,3,-168.189
670.0,1,HOT_RAMP,1.000000e-06,-142.50,4,-156.142
670.0,1,HOT_RAMP,1.000000e-06,-142.50,5,-168.692
670.0,1,HOT_RAMP,1.000000e-06,-142.50,6,-167.507
675.0,1,HOT_RAMP,1.000000e-06,-140.00,1,-160.745
675.0,1,HOT_RAMP,1.000000e-06,-140.00,2,-167.405
675.0,1,HOT_RAMP,1.000000e-06,-140.00,3,-166.476
675.0,1,HOT_RAMP,1.000000e-06,-140.00,4,-153.677
675.0,1,HOT_RAMP,1.000000e-06,-140.00,5,-167.409
675.0,1,HOT_RAMP,1.000000e-06,-140.00,6,-166.783
680.0,1,HOT_RAMP,1.000000e-06,-137.50,1,-159.762
680.0,1,HOT_RAMP,1.000000e-06,-137.50,2,-166.281
680.0,1,HOT_RAMP,1.000000e-06,-137.50,3,-164.743
680.0,1,HOT_RAMP,1.000000e-06,-137.50,4,-151.067
680.0,1,HOT_RAMP,1.000000e-06,-137.50,5,-165.874
680.0,1,HOT_RAMP,1.000000e-06,-137.50,6,-165.915
685.0,1,HOT_RAMP,1.000000e-06,-135.00,1,-158.773
685.0,1,HOT_RAMP,1.000000e-06,-135.00,2,-165.030
685.0,1,HOT_RAMP,1.000000e-06,-135.00,3,-162.843
685.0,1,HOT_RAMP,1.000000e-06,-135.00,4,-148.448
685.0,1,HOT_RAMP,1.000000e-06,-135.00,5,-164.137
685.0,1,HOT_RAMP,1.000000e-06,-135.00,6,-164.910
690.0,1,HOT_RAMP,1.000000e-06,-132.50,1,-157.786
690.0,1,HOT_RAMP,1.000000e-06,-132.50,2,-163.618
690.0,1,HOT_RAMP,1.000000e-06,-132.50,3,-160.742
690.0,1,HOT_RAMP,1.000000e-06,-132.50,4,-145.588
690.0,1,HOT_RAMP,1.000000e-06,-132.50,5,-162.366
690.0,1,HOT_RAMP,1.000000e-06,-132.50,6,-163.810
695.0,1,HOT_RAMP,1.000000e-06,-130.00,1,-156.733
695.0,1,HOT_RAMP,1.000000e-06,-130.00,2,-162.146
695.0,1,HOT_RAMP,1.000000e-06,-130.00,3,-158.573
695.0,1,HOT_RAMP,1.000000e-06,-130.00,4,-142.718
695.0,1,HOT_RAMP,1.000000e-06,-130.00,5,-160.437
695.0,1,HOT_RAMP,1.000000e-06,-130.00,6,-162.644
700.0,1,HOT_RAMP,1.000000e-06,-127.50,1,-155.525
700.0,1,HOT_RAMP,1.000000e-06,-127.50,2,-160.598
700.0,1,HOT_RAMP,1.000000e-06,-127.50,3,-156.142
700.0,1,HOT_RAMP,1.000000e-06,-127.50,4,-139.854
700.0,1,HOT_RAMP,1.000000e-06,-127.50,5,-158.362
700.0,1,HOT_RAMP,1.000000e-06,-127.50,6,-161.345
705.0,1,HOT_RAMP,1.000000e-06,-125.00,1,-154.200
705.0,1,HOT_RAMP,1.000000e-06,-125.00,2,-158.874
705.0,1,HOT_RAMP,1.000000e-06,-125.00,3,-153.593
705.0,1,HOT_RAMP,1.000000e-06,-125.00,4,-136.840
705.0,1,HOT_RAMP,1.000000e-06,-125.00,5,-156.121
705.0,1,HOT_RAMP,1.000000e-06,-125.00,6,-159.872
710.0,1,HOT_RAMP,1.000000e-06,-122.50,1,-152.793
710.0,1,HOT_RAMP,1.000000e-06,-122.50,2,-157.015
710.0,1,HOT_RAMP,1.000000e-06,-122.50,3,-150.984
710.0,1,HOT_RAMP,1.000000e-06,-122.50,4,-133.794
710.0,1,HOT_RAMP,1.000000e-06,-122.50,5,-153.775
710.0,1,HOT_RAMP,1.000000e-06,-122.50,6,-158.394
715.0,1,HOT_RAMP,1.000000e-06,-120.00,1,-151.372
715.0,1,HOT_RAMP,1.000000e-06,-120.00,2,-155.070
715.0,1,HOT_RAMP,1.000000e-06,-120.00,3,-148.225
715.0,1,HOT_RAMP,1.000000e-06,-120.00,4,-130.695
715.0,1,HOT_RAMP,1.000000e-06,-120.00,5,-151.301
715.0,1,HOT_RAMP,1.000000e-06,-120.00,6,-156.800
720.0,1,HOT_RAMP,1.000000e-06,-117.50,1,-149.775
720.0,1,HOT_RAMP,1.000000e-06,-117.50,2,-153.002
720.0,1,HOT_RAMP,1.000000e-06,-117.50,3,-145.181
720.0,1,HOT_RAMP,1.000000e-06,-117.50,4,-127.577
720.0,1,HOT_RAMP,1.000000e-06,-117.50,5,-148.720
720.0,1,HOT_RAMP,1.000000e-06,-117.50,6,-155.064
725.0,1,HOT_RAMP,1.000000e-06,-115.00,1,-148.120
725.0,1,HOT_RAMP,1.000000e-06,-115.00,2,-150.768
725.0,1,HOT_RAMP,1.000000e-06,-115.00,3,-142.136
725.0,1,HOT_RAMP,1.000000e-06,-115.00,4,-124.449
725.0,1,HOT_RAMP,1.000000e-06,-115.00,5,-145.991
725.0,1,HOT_RAMP,1.000000e-06,-115.00,6,-153.175
730.0,1,HOT_RAMP,1.000000e-06,-112.50,1,-146.387
730.0,1,HOT_RAMP,1.000000e-06,-112.50,2,-148.496
730.0,1,HOT_RAMP,1.000000e-06,-112.50,3,-138.936
730.0,1,HOT_RAMP,1.000000e-06,-112.50,4,-121.334
730.0,1,HOT_RAMP,1.000000e-06,-112.50,5,-143.047
730.0,1,HOT_RAMP,1.000000e-06,-112.50,6,-151.152
735.0,1,HOT_RAMP,1.000000e-06,-110.00,1,-144.485
735.0,1,HOT_RAMP,1.000000e-06,-110.00,2,-145.989
735.0,1,HOT_RAMP,1.000000e-06,-110.00,3,-135.722
735.0,1,HOT_RAMP,1.000000e-06,-110.00,4,-118.195
735.0,1,HOT_RAMP,1.000000e-06,-110.00,5,-139.966
735.0,1,HOT_RAMP,1.000000e-06,-110.00,6,-149.069
740.0,1,HOT_RAMP,1.000000e-06,-107.50,1,-142.505
740.0,1,HOT_RAMP,1.000000e-06,-107.50,2,-143.446
740.0,1,HOT_RAMP,1.000000e-06,-107.50,3,-132.320
740.0,1,HOT_RAMP,1.000000e-06,-107.50,4,-114.981
740.0,1,HOT_RAMP,1.000000e-06,-107.50,5,-136.863
740.0,1,HOT_RAMP,1.000000e-06,-107.50,6,-146.809
745.0,1,HOT_RAMP,1.000000e-06,-105.00,1,-140.568
745.0,1,HOT_RAMP,1.000000e-06,-105.00,2,-140.731
745.0,1,HOT_RAMP,1.000000e-06,-105.00,3,-128.996
745.0,1,HOT_RAMP,1.000000e-06,-105.00,4,-111.771
745.0,1,HOT_RAMP,1.000000e-06,-105.00,5,-133.650
745.0,1,HOT_RAMP,1.000000e-06,-105.00,6,-144.413
750.0,1,HOT_RAMP,1.000000e-06,-102.50,1,-138.256
750.0,1,HOT_RAMP,1.000000e-06,-102.50,2,-137.808
750.0,1,HOT_RAMP,1.000000e-06,-102.50,3,-125.427
750.0,1,HOT_RAMP,1.000000e-06,-102.50,4,-108.641
750.0,1,HOT_RAMP,1.000000e-06,-102.50,5,-130.377
750.0,1,HOT_RAMP,1.000000e-06,-102.50,6,-141.986
755.0,1,HOT_RAMP,1.000000e-06,-100.00,1,-135.987
755.0,1,HOT_RAMP,1.000000e-06,-100.00,2,-134.896
755.0,1,HOT_RAMP,1.000000e-06,-100.00,3,-121.955
755.0,1,HOT_RAMP,1.000000e-06,-100.00,4,-105.603
755.0,1,HOT_RAMP,1.000000e-06,-100.00,5,-126.892
755.0,1,HOT_RAMP,1.000000e-06,-100.00,6,-139.494
760.0,1,HOT_RAMP,1.000000e-06,-97.50,1,-133.650
760.0,1,HOT_RAMP,1.000000e-06,-97.50,2,-131.670
760.0,1,HOT_RAMP,1.000000e-06,-97.50,3,-118.264
760.0,1,HOT_RAMP,1.000000e-06,-97.50,4,-102.653
760.0,1,HOT_RAMP,1.000000e-06,-97.50,5,-123.315
760.0,1,HOT_RAMP,1.000000e-06,-97.50,6,-136.793
765.0,1,HOT_RAMP,1.000000e-06,-95.00,1,-131.129
765.0,1,HOT_RAMP,1.000000e-06,-95.00,2,-128.520
765.0,1,HOT_RAMP,1.000000e-06,-95.00,3,-114.649
765.0,1,HOT_RAMP,1.000000e-06,-95.00,4,-99.603
765.0,1,HOT_RAMP,1.000000e-06,-95.00,5,-119.787
765.0,1,HOT_RAMP,1.000000e-06,-95.00,6,-134.018
770.0,1,HOT_RAMP,1.000000e-06,-92.50,1,-128.500
770.0,1,HOT_RAMP,1.000000e-06,-92.50,2,-125.228
770.0,1,HOT_RAMP,1.000000e-06,-92.50,3,-111.009
770.0,1,HOT_RAMP,1.000000e-06,-92.50,4,-96.697
770.0,1,HOT_RAMP,1.000000e-06,-92.50,5,-116.157
770.0,1,HOT_RAMP,1.000000e-06,-92.50,6,-131.168
775.0,1,HOT_RAMP,1.000000e-06,-90.00,1,-125.808
775.0,1,HOT_RAMP,1.000000e-06,-90.00,2,-121.778
775.0,1,HOT_RAMP,1.000000e-06,-90.00,3,-107.344
775.0,1,HOT_RAMP,1.000000e-06,-90.00,4,-93.849
775.0,1,HOT_RAMP,1.000000e-06,-90.00,5,-112.558
775.0,1,HOT_RAMP,1.000000e-06,-90.00,6,-128.059
780.0,1,HOT_RAMP,1.000000e-06,-87.50,1,-123.049
780.0,1,HOT_RAMP,1.000000e-06,-87.50,2,-118.324
780.0,1,HOT_RAMP,1.000000e-06,-87.50,3,-103.684
780.0,1,HOT_RAMP,1.000000e-06,-87.50,4,-91.072
780.0,1,HOT_RAMP,1.000000e-06,-87.50,5,-108.804
780.0,1,HOT_RAMP,1.000000e-06,-87.50,6,-124.935
785.0,1,HOT_RAMP,1.000000e-06,-85.00,1,-120.149
785.0,1,HOT_RAMP,1.000000e-06,-85.00,2,-114.771
785.0,1,HOT_RAMP,1.000000e-06,-85.00,3,-100.018
785.0,1,HOT_RAMP,1.000000e-06,-85.00,4,-88.268
785.0,1,HOT_RAMP,1.000000e-06,-85.00,5,-105.048
785.0,1,HOT_RAMP,1.000000e-06,-85.00,6,-121.589
790.0,1,HOT_RAMP,1.000000e-06,-82.50,1,-117.143
790.0,1,HOT_RAMP,1.000000e-06,-82.50,2,-111.105
790.0,1,HOT_RAMP,1.000000e-06,-82.50,3,-96.443
790.0,1,HOT_RAMP,1.000000e-06,-82.50,4,-85.418
790.0,1,HOT_RAMP,1.000000e-06,-82.50,5,-101.352
790.0,1,HOT_RAMP,1.000000e-06,-82.50,6,-118.164
795.0,1,HOT_RAMP,1.000000e-06,-80.00,1,-114.084
795.0,1,HOT_RAMP,1.000000e-06,-80.00,2,-107.422
795.0,1,HOT_RAMP,1.000000e-06,-80.00,3,-92.919
795.0,1,HOT_RAMP,1.000000e-06,-80.00,4,-82.561
795.0,1,HOT_RAMP,1.000000e-06,-80.00,5,-97.672
795.0,1,HOT_RAMP,1.000000e-06,-80.00,6,-114.678
800.0,1,HOT_RAMP,1.000000e-06,-77.50,1,-110.844
800.0,1,HOT_RAMP,1.000000e-06,-77.50,2,-103.659
800.0,1,HOT_RAMP,1.000000e-06,-77.50,3,-89.399
800.0,1,HOT_RAMP,1.000000e-06,-77.50,4,-79.790
800.0,1,HOT_RAMP,1.000000e-06,-77.50,5,-93.943
800.0,1,HOT_RAMP,1.000000e-06,-77.50,6,-111.165
805.0,1,HOT_RAMP,1.000000e-06,-75.00,1,-107.585
805.0,1,HOT_RAMP,1.000000e-06,-75.00,2,-99.869
805.0,1,HOT_RAMP,1.000000e-06,-75.00,3,-85.894
805.0,1,HOT_RAMP,1.000000e-06,-75.00,4,-77.108
805.0,1,HOT_RAMP,1.000000e-06,-75.00,5,-90.336
805.0,1,HOT_RAMP,1.000000e-06,-75.00,6,-107.527
810.0,1,HOT_RAMP,1.000000e-06,-72.50,1,-104.273
810.0,1,HOT_RAMP,1.000000e-06,-72.50,2,-96.016
810.0,1,HOT_RAMP,1.000000e-06,-72.50,3,-82.657
810.0,1,HOT_RAMP,1.000000e-06,-72.50,4,-74.318
810.0,1,HOT_RAMP,1.000000e-06,-72.50,5,-86.713
810.0,1,HOT_RAMP,1.000000e-06,-72.50,6,-103.831
815.0,1,HOT_RAMP,1.000000e-06,-70.00,1,-100.894
815.0,1,HOT_RAMP,1.000000e-06,-70.00,2,-92.233
815.0,1,HOT_RAMP,1.000000e-06,-70.00,3,-79.372
815.0,1,HOT_RAMP,1.000000e-06,-70.00,4,-71.733
815.0,1,HOT_RAMP,1.000000e-06,-70.00,5,-83.174
815.0,1,HOT_RAMP,1.000000e-06,-70.00,6,-100.088
820.0,1,HOT_RAMP,1.000000e-06,-67.50,1,-97.476
820.0,1,HOT_RAMP,1.000000e-06,-67.50,2,-88.296
820.0,1,HOT_RAMP,1.000000e-06,-67.50,3,-76.113
820.0,1,HOT_RAMP,1.000000e-06,-67.50,4,-68.974
820.0,1,HOT_RAMP,1.000000e-06,-67.50,5,-79.656
820.0,1,HOT_RAMP,1.000000e-06,-67.50,6,-96.359
825.0,1,HOT_RAMP,1.000000e-06,-65.00,1,-93.893
825.0,1,HOT_RAMP,1.000000e-06,-65.00,2,-84.463
825.0,1,HOT_RAMP,1.000000e-06,-65.00,3,-72.984
825.0,1,HOT_RAMP,1.000000e-06,-65.00,4,-66.474
825.0,1,HOT_RAMP,1.000000e-06,-65.00,5,-76.186
825.0,1,HOT_RAMP,1.000000e-06,-65.00,6,-92.518
830.0,1,HOT_RAMP,1.000000e-06,-62.50,1,-90.378
830.0,1,HOT_RAMP,1.000000e-06,-62.50,2,-80.738
830.0,1,HOT_RAMP,1.000000e-06,-62.50,3,-69.958
830.0,1,HOT_RAMP,1.000000e-06,-62.50,4,-63.748
830.0,1,HOT_RAMP,1.000000e-06,-62.50,5,-72.980
830.0,1,HOT_RAMP,1.000000e-06,-62.50,6,-88.720
835.0,1,HOT_RAMP,1.000000e-06,-60.00,1,-86.877
835.0,1,HOT_RAMP,1.000000e-06,-60.00,2,-76.968
835.0,1,HOT_RAMP,1.000000e-06,-60.00,3,-66.819
835.0,1,HOT_RAMP,1.000000e-06,-60.00,4,-61.173
835.0,1,HOT_RAMP,1.000000e-06,-60.00,5,-69.635
835.0,1,HOT_RAMP,1.000000e-06,-60.00,6,-84.861
840.0,1,HOT_RAMP,1.000000e-06,-57.50,1,-83.208
840.0,1,HOT_RAMP,1.000000e-06,-57.50,2,-73.347
840.0,1,HOT_RAMP,1.000000e-06,-57.50,3,-63.807
840.0,1,HOT_RAMP,1.000000e-06,-57.50,4,-58.467
840.0,1,HOT_RAMP,1.000000e-06,-57.50,5,-66.449
840.0,1,HOT_RAMP,1.000000e-06,-57.50,6,-80.978
845.0,1,HOT_RAMP,1.000000e-06,-55.00,1,-79.643
845.0,1,HOT_RAMP,1.000000e-06,-55.00,2,-69.695
845.0,1,HOT_RAMP,1.000000e-06,-55.00,3,-60.930
845.0,1,HOT_RAMP,1.000000e-06,-55.00,4,-55.862
845.0,1,HOT_RAMP,1.000000e-06,-55.00,5,-63.367
845.0,1,HOT_RAMP,1.000000e-06,-55.00,6,-77.092
850.0,1,HOT_RAMP,1.000000e-06,-52.50,1,-76.015
850.0,1,HOT_RAMP,1.000000e-06,-52.50,2,-66.223
850.0,1,HOT_RAMP,1.000000e-06,-52.50,3,-57.994
850.0,1,HOT_RAMP,1.000000e-06,-52.50,4,-53.182
850.0,1,HOT_RAMP,1.000000e-06,-52.50,5,-60.361
850.0,1,HOT_RAMP,1.000000e-06,-52.50,6,-73.316
855.0,1,HOT_RAMP,1.000000e-06,-50.00,1,-72.298
855.0,1,HOT_RAMP,1.000000e-06,-50.00,2,-62.721
855.0,1,HOT_RAMP,1.000000e-06,-50.00,3,-55.142
855.0,1,HOT_RAMP,1.000000e-06,-50.00,4,-50.515
855.0,1,HOT_RAMP,1.000000e-06,-50.00,5,-57.311
855.0,1,HOT_RAMP,1.000000e-06,-50.00,6,-69.467
860.0,1,HOT_RAMP,1.000000e-06,-47.50,1,-68.576
860.0,1,HOT_RAMP,1.000000e-06,-47.50,2,-59.395
860.0,1,HOT_RAMP,1.000000e-06,-47.50,3,-52.302
860.0,1,HOT_RAMP,1.000000e-06,-47.50,4,-48.000
860.0,1,HOT_RAMP,1.000000e-06,-47.50,5,-54.356
860.0,1,HOT_RAMP,1.000000e-06,-47.50,6,-65.748
865.0,1,HOT_RAMP,1.000000e-06,-45.00,1,-64.848
865.0,1,HOT_RAMP,1.000000e-06,-45.00,2,-56.081
865.0,1,HOT_RAMP,1.000000e-06,-45.00,3,-49.402
865.0,1,HOT_RAMP,1.000000e-06,-45.00,4,-45.264
865.0,1,HOT_RAMP,1.000000e-06,-45.00,5,-51.364
865.0,1,HOT_RAMP,1.000000e-06,-45.00,6,-62.110
870.0,1,HOT_RAMP,1.000000e-06,-42.50,1,-61.290
870.0,1,HOT_RAMP,1.000000e-06,-42.50,2,-52.893
870.0,1,HOT_RAMP,1.000000e-06,-42.50,3,-46.593
870.0,1,HOT_RAMP,1.000000e-06,-42.50,4,-42.610
870.0,1,HOT_RAMP,1.000000e-06,-42.50,5,-48.462
870.0,1,HOT_RAMP,1.000000e-06,-42.50,6,-58.527
875.0,1,HOT_RAMP,1.000000e-06,-40.00,1,-57.752
875.0,1,HOT_RAMP,1.000000e-06,-40.00,2,-49.726
875.0,1,HOT_RAMP,1.000000e-06,-40.00,3,-43.878
875.0,1,HOT_RAMP,1.000000e-06,-40.00,4,-40.080
875.0,1,HOT_RAMP,1.000000e-06,-40.00,5,-45.633
875.0,1,HOT_RAMP,1.000000e-06,-40.00,6,-55.005
880.0,1,HOT_RAMP,1.000000e-06,-37.50,1,-54.130
880.0,1,HOT_RAMP,1.000000e-06,-37.50,2,-46.580
880.0,1,HOT_RAMP,1.000000e-06,-37.50,3,-41.270
880.0,1,HOT_RAMP,1.000000e-06,-37.50,4,-37.630
880.0,1,HOT_RAMP,1.000000e-06,-37.50,5,-42.745
880.0,1,HOT_RAMP,1.000000e-06,-37.50,6,-51.552
885.0,1,HOT_RAMP,1.000000e-06,-35.00,1,-50.699
885.0,1,HOT_RAMP,1.000000e-06,-35.00,2,-43.435
885.0,1,HOT_RAMP,1.000000e-06,-35.00,3,-38.450
885.0,1,HOT_RAMP,1.000000e-06,-35.00,4,-35.060
885.0,1,HOT_RAMP,1.000000e-06,-35.00,5,-39.916
885.0,1,HOT_RAMP,1.000000e-06,-35.00,6,-48.068
890.0,1,HOT_RAMP,1.000000e-06,-32.50,1,-47.293
890.0,1,HOT_RAMP,1.000000e-06,-32.50,2,-40.375
890.0,1,HOT_RAMP,1.000000e-06,-32.50,3,-35.716
890.0,1,HOT_RAMP,1.000000e-06,-32.50,4,-32.413
890.0,1,HOT_RAMP,1.000000e-06,-32.50,5,-37.075
890.0,1,HOT_RAMP,1.000000e-06,-32.50,6,-44.799
895.0,1,HOT_RAMP,1.000000e-06,-30.00,1,-43.872
895.0,1,HOT_RAMP,1.000000e-06,-30.00,2,-37.425
895.0,1,HOT_RAMP,1.000000e-06,-30.00,3,-33.104
895.0,1,HOT_RAMP,1.000000e-06,-30.00,4,-29.749
895.0,1,HOT_RAMP,1.000000e-06,-30.00,5,-34.330
895.0,1,HOT_RAMP,1.000000e-06,-30.00,6,-41.420
900.0,1,HOT_DWELL,1.000000e-06,-27.50,1,-40.672
900.0,1,HOT_DWELL,1.000000e-06,-27.50,2,-34.453
900.0,1,HOT_DWELL,1.000000e-06,-27.50,3,-30.322
900.0,1,HOT_DWELL,1.000000e-06,-27.50,4,-27.603
900.0,1,HOT_DWELL,1.000000e-06,-27.50,5,-31.624
900.0,1,HOT_DWELL,1.000000e-06,-27.50,6,-38.179
905.0,1,HOT_DWELL,1.000000e-06,-25.00,1,-37.542
905.0,1,HOT_DWELL,1.000000e-06,-25.00,2,-31.584
905.0,1,HOT_DWELL,1.000000e-06,-25.00,3,-27.666
905.0,1,HOT_DWELL,1.000000e-06,-25.00,4,-25.056
905.0,1,HOT_DWELL,1.000000e-06,-25.00,5,-28.868
905.0,1,HOT_DWELL,1.000000e-06,-25.00,6,-35.006
910.0,1,HOT_DWELL,1.000000e-06,-22.50,1,-34.446
910.0,1,HOT_DWELL,1.000000e-06,-22.50,2,-28.702
910.0,1,HOT_DWELL,1.000000e-06,-22.50,3,-24.976
910.0,1,HOT_DWELL,1.000000e-06,-22.50,4,-22.495
910.0,1,HOT_DWELL,1.000000e-06,-22.50,5,-26.206
910.0,1,HOT_DWELL,1.000000e-06,-22.50,6,-31.942
915.0,1,HOT_DWELL,1.000000e-06,-20.00,1,-31.268
915.0,1,HOT_DWELL,1.000000e-06,-20.00,2,-25.852
915.0,1,HOT_DWELL,1.000000e-06,-20.00,3,-22.268
915.0,1,HOT_DWELL,1.000000e-06,-20.00,4,-19.981
915.0,1,HOT_DWELL,1.000000e-06,-20.00,5,-23.414
915.0,1,HOT_DWELL,1.000000e-06,-20.00,6,-28.919
920.0,1,HOT_DWELL,1.000000e-06,-17.50,1,-28.182
920.0,1,HOT_DWELL,1.000000e-06,-17.50,2,-23.103
920.0,1,HOT_DWELL,1.000000e-06,-17.50,3,-19.649
920.0,1,HOT_DWELL,1.000000e-06,-17.50,4,-17.386
920.0,1,HOT_DWELL,1.000000e-06,-17.50,5,-20.726
920.0,1,HOT_DWELL,1.000000e-06,-17.50,6,-25.886
925.0,1,HOT_DWELL,1.000000e-06,-15.00,1,-25.088
925.0,1,HOT_DWELL,1.000000e-06,-15.00,2,-20.318
925.0,1,HOT_DWELL,1.000000e-06,-15.00,3,-17.005
925.0,1,HOT_DWELL,1.000000e-06,-15.00,4,-14.861
925.0,1,HOT_DWELL,1.000000e-06,-15.00,5,-17.987
925.0,1,HOT_DWELL,1.000000e-06,-15.00,6,-22.871
930.0,1,HOT_DWELL,1.000000e-06,-12.50,1,-22.056
930.0,1,HOT_DWELL,1.000000e-06,-12.50,2,-17.461
930.0,1,HOT_DWELL,1.000000e-06,-12.50,3,-14.410
930.0,1,HOT_DWELL,1.000000e-06,-12.50,4,-12.173
930.0,1,HOT_DWELL,1.000000e-06,-12.50,5,-15.295
930.0,1,HOT_DWELL,1.000000e-06,-12.50,6,-19.874
935.0,1,HOT_DWELL,1.000000e-06,-10.00,1,-19.021
935.0,1,HOT_DWELL,1.000000e-06,-10.00,2,-14.729
935.0,1,HOT_DWELL,1.000000e-06,-10.00,3,-11.726
935.0,1,HOT_DWELL,1.000000e-06,-10.00,4,-9.625
935.0,1,HOT_DWELL,1.000000e-06,-10.00,5,-12.666
935.0,1,HOT_DWELL,1.000000e-06,-10.00,6,-17.027
940.0,1,HOT_DWELL,1.000000e-06,-7.50,1,-16.070
940.0,1,HOT_DWELL,1.000000e-06,-7.50,2,-11.919
940.0,1,HOT_DWELL,1.000000e-06,-7.50,3,-9.031
940.0,1,HOT_DWELL,1.000000e-06,-7.50,4,-7.019
940.0,1,HOT_DWELL,1.000000e-06,-7.50,5,-9.869
940.0,1,HOT_DWELL,1.000000e-06,-7.50,6,-14.196
945.0,1,HOT_DWELL,1.000000e-06,-5.00,1,-13.116
945.0,1,HOT_DWELL,1.000000e-06,-5.00,2,-9.283
945.0,1,HOT_DWELL,1.000000e-06,-5.00,3,-6.536
945.0,1,HOT_DWELL,1.000000e-06,-5.00,4,-4.477
945.0,1,HOT_DWELL,1.000000e-06,-5.00,5,-7.277
945.0,1,HOT_DWELL,1.000000e-06,-5.00,6,-11.342
950.0,1,HOT_DWELL,1.000000e-06,-2.50,1,-10.301
950.0,1,HOT_DWELL,1.000000e-06,-2.50,2,-6.490
950.0,1,HOT_DWELL,1.000000e-06,-2.50,3,-3.908
950.0,1,HOT_DWELL,1.000000e-06,-2.50,4,-2.006
950.0,1,HOT_DWELL,1.000000e-06,-2.50,5,-4.647
950.0,1,HOT_DWELL,1.000000e-06,-2.50,6,-8.496
955.0,1,HOT_DWELL,1.000000e-06,0.00,1,-7.345
955.0,1,HOT_DWELL,1.000000e-06,0.00,2,-3.822
955.0,1,HOT_DWELL,1.000000e-06,0.00,3,-1.344
955.0,1,HOT_DWELL,1.000000e-06,0.00,4,0.499
955.0,1,HOT_DWELL,1.000000e-06,0.00,5,-2.081
955.0,1,HOT_DWELL,1.000000e-06,0.00,6,-5.711
960.0,1,HOT_DWELL,1.000000e-06,2.50,1,-4.431
960.0,1,HOT_DWELL,1.000000e-06,2.50,2,-1.073
960.0,1,HOT_DWELL,1.000000e-06,2.50,3,1.325
960.0,1,HOT_DWELL,1.000000e-06,2.50,4,3.105
960.0,1,HOT_DWELL,1.000000e-06,2.50,5,0.572
960.0,1,HOT_DWELL,1.000000e-06,2.50,6,-2.969
965.0,1,HOT_DWELL,1.000000e-06,5.00,1,-1.473
965.0,1,HOT_DWELL,1.000000e-06,5.00,2,1.595
965.0,1,HOT_DWELL,1.000000e-06,5.00,3,3.940
965.0,1,HOT_DWELL,1.000000e-06,5.00,4,5.680
965.0,1,HOT_DWELL,1.000000e-06,5.00,5,3.091
965.0,1,HOT_DWELL,1.000000e-06,5.00,6,-0.158
970.0,1,HOT_DWELL,1.000000e-06,7.50,1,1.371
970.0,1,HOT_DWELL,1.000000e-06,7.50,2,4.336
970.0,1,HOT_DWELL,1.000000e-06,7.50,3,6.521
970.0,1,HOT_DWELL,1.000000e-06,7.50,4,8.283
970.0,1,HOT_DWELL,1.000000e-06,7.50,5,5.813
970.0,1,HOT_DWELL,1.000000e-06,7.50,6,2.596
975.0,1,HOT_DWELL,1.000000e-06,10.00,1,4.077
975.0,1,HOT_DWELL,1.000000e-06,10.00,2,7.048
975.0,1,HOT_DWELL,1.000000e-06,10.00,3,9.195
975.0,1,HOT_DWELL,1.000000e-06,10.00,4,10.764
975.0,1,HOT_DWELL,1.000000e-06,10.00,5,8.361
975.0,1,HOT_DWELL,1.000000e-06,10.00,6,5.321
980.0,1,HOT_DWELL,1.000000e-06,12.50,1,6.846
980.0,1,HOT_DWELL,1.000000e-06,12.50,2,9.742
980.0,1,HOT_DWELL,1.000000e-06,12.50,3,11.824
980.0,1,HOT_DWELL,1.000000e-06,12.50,4,13.411
980.0,1,HOT_DWELL,1.000000e-06,12.50,5,11.084
980.0,1,HOT_DWELL,1.000000e-06,12.50,6,8.024
985.0,1,HOT_DWELL,1.000000e-06,15.00,1,9.647
985.0,1,HOT_DWELL,1.000000e-06,15.00,2,12.422
985.0,1,HOT_DWELL,1.000000e-06,15.00,3,14.375
985.0,1,HOT_DWELL,1.000000e-06,15.00,4,15.867
985.0,1,HOT_DWELL,1.000000e-06,15.00,5,13.627
985.0,1,HOT_DWELL,1.000000e-06,15.00,6,10.810
990.0,1,HOT_DWELL,1.000000e-06,17.50,1,12.415
990.0,1,HOT_DWELL,1.000000e-06,17.50,2,15.013
990.0,1,HOT_DWELL,1.000000e-06,17.50,3,17.000
990.0,1,HOT_DWELL,1.000000e-06,17.50,4,18.448
990.0,1,HOT_DWELL,1.000000e-06,17.50,5,16.234
990.0,1,HOT_DWELL,1.000000e-06,17.50,6,13.518
995.0,1,HOT_DWELL,1.000000e-06,20.00,1,15.170
995.0,1,HOT_DWELL,1.000000e-06,20.00,2,17.602
995.0,1,HOT_DWELL,1.000000e-06,20.00,3,19.502
995.0,1,HOT_DWELL,1.000000e-06,20.00,4,20.944
995.0,1,HOT_DWELL,1.000000e-06,20.00,5,18.877
995.0,1,HOT_DWELL,1.000000e-06,20.00,6,16.254
1000.0,1,HOT_DWELL,1.000000e-06,20.00,1,16.976
1000.0,1,HOT_DWELL,1.000000e-06,20.00,2,18.931
1000.0,1,HOT_DWELL,1.000000e-06,20.00,3,19.834
1000.0,1,HOT_DWELL,1.000000e-06,20.00,4,19.820
1000.0,1,HOT_DWELL,1.000000e-06,20.00,5,19.645
1000.0,1,HOT_DWELL,1.000000e-06,20.00,6,17.873
1005.0,1,HOT_DWELL,1.000000e-06,20.00,1,18.147
1005.0,1,HOT_DWELL,1.000000e-06,20.00,2,19.525
1005.0,1,HOT_DWELL,1.000000e-06,20.00,3,19.942
1005.0,1,HOT_DWELL,1.000000e-06,20.00,4,20.363
1005.0,1,HOT_DWELL,1.000000e-06,20.00,5,19.926
1005.0,1,HOT_DWELL,1.000000e-06,20.00,6,18.700
1010.0,1,HOT_DWELL,1.000000e-06,20.00,1,18.909
1010.0,1,HOT_DWELL,1.000000e-06,20.00,2,19.849
1010.0,1,HOT_DWELL,1.000000e-06,20.00,3,20.026
1010.0,1,HOT_DWELL,1.000000e-06,20.00,4,20.160
1010.0,1,HOT_DWELL,1.000000e-06,20.00,5,19.871
1010.0,1,HOT_DWELL,1.000000e-06,20.00,6,19.301
1015.0,1,HOT_DWELL,1.000000e-06,20.00,1,19.439
1015.0,1,HOT_DWELL,1.000000e-06,20.00,2,19.952
1015.0,1,HOT_DWELL,1.000000e-06,20.00,3,19.981
1015.0,1,HOT_DWELL,1.000000e-06,20.00,4,20.256
1015.0,1,HOT_DWELL,1.000000e-06,20.00,5,20.035
1015.0,1,HOT_DWELL,1.000000e-06,20.00,6,19.630
1020.0,1,HOT_DWELL,1.000000e-06,20.00,1,19.753
1020.0,1,HOT_DWELL,1.000000e-06,20.00,2,19.965
1020.0,1,HOT_DWELL,1.000000e-06,20.00,3,19.807
1020.0,1,HOT_DWELL,1.000000e-06,20.00,4,20.238
1020.0,1,HOT_DWELL,1.000000e-06,20.00,5,20.025
1020.0,1,HOT_DWELL,1.000000e-06,20.00,6,19.848
1025.0,1,HOT_DWELL,1.000000e-06,20.00,1,20.006
1025.0,1,HOT_DWELL,1.000000e-06,20.00,2,20.073
1025.0,1,HOT_DWELL,1.000000e-06,20.00,3,19.927
1025.0,1,HOT_DWELL,1.000000e-06,20.00,4,20.232
1025.0,1,HOT_DWELL,1.000000e-06,20.00,5,20.033
1025.0,1,HOT_DWELL,1.000000e-06,20.00,6,19.918
1030.0,1,HOT_DWELL,1.000000e-06,20.00,1,20.170
1030.0,1,HOT_DWELL,1.000000e-06,20.00,2,20.037
1030.0,1,HOT_DWELL,1.000000e-06,20.00,3,20.000
1030.0,1,HOT_DWELL,1.000000e-06,20.00,4,20.242
1030.0,1,HOT_DWELL,1.000000e-06,20.00,5,20.050
1030.0,1,HOT_DWELL,1.000000e-06,20.00,6,19.854
1035.0,1,HOT_DWELL,1.000000e-06,20.00,1,20.175
1035.0,1,HOT_DWELL,1.000000e-06,20.00,2,20.040
1035.0,1,HOT_DWELL,1.000000e-06,20.00,3,20.014
1035.0,1,HOT_DWELL,1.000000e-06,20.00,4,20.267
1035.0,1,HOT_DWELL,1.000000e-06,20.00,5,20.070
1035.0,1,HOT_DWELL,1.000000e-06,20.00,6,19.906
1040.0,1,HOT_DWELL,1.000000e-06,20.00,1,20.195
1040.0,1,HOT_DWELL,1.000000e-06,20.00,2,19.998
1040.0,1,HOT_DWELL,1.000000e-06,20.00,3,19.950
1040.0,1,HOT_DWELL,1.000000e-06,20.00,4,20.209
1040.0,1,HOT_DWELL,1.000000e-06,20.00,5,19.955
1040.0,1,HOT_DWELL,1.000000e-06,20.00,6,20.007
1045.0,1,HOT_DWELL,1.000000e-06,20.00,1,20.306
1045.0,1,HOT_DWELL,1.000000e-06,20.00,2,20.038
1045.0,1,HOT_DWELL,1.000000e-06,20.00,3,20.009
1045.0,1,HOT_DWELL,1.000000e-06,20.00,4,20.206
1045.0,1,HOT_DWELL,1.000000e-06,20.00,5,20.027
1045.0,1,HOT_DWELL,1.000000e-06,20.00,6,19.928
1050.0,1,HOT_DWELL,1.000000e-06,20.00,1,20.370
1050.0,1,HOT_DWELL,1.000000e-06,20.00,2,19.991
1050.0,1,HOT_DWELL,1.000000e-06,20.00,3,20.020
1050.0,1,HOT_DWELL,1.000000e-06,20.00,4,20.218
1050.0,1,HOT_DWELL,1.000000e-06,20.00,5,20.001
1050.0,1,HOT_DWELL,1.000000e-06,20.00,6,19.965
1055.0,1,HOT_DWELL,1.000000e-06,20.00,1,20.380
1055.0,1,HOT_DWELL,1.000000e-06,20.00,2,19.958
1055.0,1,HOT_DWELL,1.000000e-06,20.00,3,19.943
1055.0,1,HOT_DWELL,1.000000e-06,20.00,4,20.247
1055.0,1,HOT_DWELL,1.000000e-06,20.00,5,20.093
1055.0,1,HOT_DWELL,1.000000e-06,20.00,6,20.027
1060.0,1,HOT_DWELL,1.000000e-06,20.00,1,20.405
1060.0,1,HOT_DWELL,1.000000e-06,20.00,2,20.027
1060.0,1,HOT_DWELL,1.000000e-06,20.00,3,20.052
1060.0,1,HOT_DWELL,1.000000e-06,20.00,4,20.270
1060.0,1,HOT_DWELL,1.000000e-06,20.00,5,19.995
1060.0,1,HOT_DWELL,1.000000e-06,20.00,6,20.020
1065.0,1,HOT_DWELL,1.000000e-06,20.00,1,20.344
1065.0,1,HOT_DWELL,1.000000e-06,20.00,2,20.053
1065.0,1,HOT_DWELL,1.000000e-06,20.00,3,19.957
1065.0,1,HOT_DWELL,1.000000e-06,20.00,4,20.148
1065.0,1,HOT_DWELL,1.000000e-06,20.00,5,19.994
1065.0,1,HOT_DWELL,1.000000e-06,20.00,6,20.029
1070.0,1,HOT_DWELL,1.000000e-06,20.00,1,20.407
1070.0,1,HOT_DWELL,1.000000e-06,20.00,2,20.044
1070.0,1,HOT_DWELL,1.000000e-06,20.00,3,20.055
1070.0,1,HOT_DWELL,1.000000e-06,20.00,4,20.280
1070.0,1,HOT_DWELL,1.000000e-06,20.00,5,20.055
1070.0,1,HOT_DWELL,1.000000e-06,20.00,6,19.927
1075.0,1,HOT_DWELL,1.000000e-06,20.00,1,20.377
1075.0,1,HOT_DWELL,1.000000e-06,20.00,2,19.976
1075.0,1,HOT_DWELL,1.000000e-06,20.00,3,19.989
1075.0,1,HOT_DWELL,1.000000e-06,20.00,4,20.179
1075.0,1,HOT_DWELL,1.000000e-06,20.00,5,20.002
1075.0,1,HOT_DWELL,1.000000e-06,20.00,6,19.948
1080.0,1,HOT_DWELL,1.000000e-06,20.00,1,20.396
1080.0,1,HOT_DWELL,1.000000e-06,20.00,2,19.937
1080.0,1,HOT_DWELL,1.000000e-06,20.00,3,20.024
1080.0,1,HOT_DWELL,1.000000e-06,20.00,4,20.369
1080.0,1,HOT_DWELL,1.000000e-06,20.00,5,20.022
1080.0,1,HOT_DWELL,1.000000e-06,20.00,6,19.962
1085.0,1,HOT_DWELL,1.000000e-06,20.00,1,20.405
1085.0,1,HOT_DWELL,1.000000e-06,20.00,2,19.949
1085.0,1,HOT_DWELL,1.000000e-06,20.00,3,20.050
1085.0,1,HOT_DWELL,1.000000e-06,20.00,4,20.110
1085.0,1,HOT_DWELL,1.000000e-06,20.00,5,20.040
1085.0,1,HOT_DWELL,1.000000e-06,20.00,6,19.946
1090.0,1,HOT_DWELL,1.000000e-06,20.00,1,20.323
1090.0,1,HOT_DWELL,1.000000e-06,20.00,2,19.935
1090.0,1,HOT_DWELL,1.000000e-06,20.00,3,19.949
1090.0,1,HOT_DWELL,1.000000e-06,20.00,4,20.246
1090.0,1,HOT_DWELL,1.000000e-06,20.00,5,20.014
1090.0,1,HOT_DWELL,1.000000e-06,20.00,6,19.946
1095.0,1,HOT_DWELL,1.000000e-06,20.00,1,20.333
1095.0,1,HOT_DWELL,1.000000e-06,20.00,2,20.008
1095.0,1,HOT_DWELL,1.000000e-06,20.00,3,20.000
1095.0,1,HOT_DWELL,1.000000e-06,20.00,4,20.045
1095.0,1,HOT_DWELL,1.000000e-06,20.00,5,19.996
1095.0,1,HOT_DWELL,1.000000e-06,20.00,6,19.991
1100.0,1,HOT_DWELL,1.000000e-06,20.00,1,20.418
1100.0,1,HOT_DWELL,1.000000e-06,20.00,2,19.965
1100.0,1,HOT_DWELL,1.000000e-06,20.00,3,19.961
1100.0,1,HOT_DWELL,1.000000e-06,20.00,4,20.278
1100.0,1,HOT_DWELL,1.000000e-06,20.00,5,20.075
1100.0,1,HOT_DWELL,1.000000e-06,20.00,6,19.936
1105.0,1,HOT_DWELL,1.000000e-06,20.00,1,20.372
1105.0,1,HOT_DWELL,1.000000e-06,20.00,2,20.031
1105.0,1,HOT_DWELL,1.000000e-06,20.00,3,19.917
1105.0,1,HOT_DWELL,1.000000e-06,20.00,4,20.196
1105.0,1,HOT_DWELL,1.000000e-06,20.00,5,20.046
1105.0,1,HOT_DWELL,1.000000e-06,20.00,6,19.963
1110.0,1,HOT_DWELL,1.000000e-06,20.00,1,20.369
1110.0,1,HOT_DWELL,1.000000e-06,20.00,2,19.953
1110.0,1,HOT_DWELL,1.000000e-06,20.00,3,19.986
1110.0,1,HOT_DWELL,1.000000e-06,20.00,4,20.200
1110.0,1,HOT_DWELL,1.000000e-06,20.00,5,19.961
1110.0,1,HOT_DWELL,1.000000e-06,20.00,6,19.978
1115.0,1,HOT_DWELL,1.000000e-06,20.00,1,20.278
1115.0,1,HOT_DWELL,1.000000e-06,20.00,2,19.977
1115.0,1,HOT_DWELL,1.000000e-06,20.00,3,19.917
1115.0,1,HOT_DWELL,1.000000e-06,20.00,4,20.177
1115.0,1,HOT_DWELL,1.000000e-06,20.00,5,19.930
1115.0,1,HOT_DWELL,1.000000e-06,20.00,6,19.992
1120.0,1,HOT_DWELL,1.000000e-06,20.00,1,20.241
1120.0,1,HOT_DWELL,1.000000e-06,20.00,2,20.025
1120.0,1,HOT_DWELL,1.000000e-06,20.00,3,19.971
1120.0,1,HOT_DWELL,1.000000e-06,20.00,4,20.240
1120.0,1,HOT_DWELL,1.000000e-06,20.00,5,19.940
1120.0,1,HOT_DWELL,1.000000e-06,20.00,6,19.973
1125.0,1,HOT_DWELL,1.000000e-06,20.00,1,20.269
1125.0,1,HOT_DWELL,1.000000e-06,20.00,2,19.963
1125.0,1,HOT_DWELL,1.000000e-06,20.00,3,20.005
1125.0,1,HOT_DWELL,1.000000e-06,20.00,4,20.189
1125.0,1,HOT_DWELL,1.000000e-06,20.00,5,19.956
1125.0,1,HOT_DWELL,1.000000e-06,20.00,6,19.957
1130.0,1,HOT_DWELL,1.000000e-06,20.00,1,20.348
1130.0,1,HOT_DWELL,1.000000e-06,20.00,2,20.034
1130.0,1,HOT_DWELL,1.000000e-06,20.00,3,19.927
1130.0,1,HOT_DWELL,1.000000e-06,20.00,4,20.193
1130.0,1,HOT_DWELL,1.000000e-06,20.00,5,19.911
1130.0,1,HOT_DWELL,1.000000e-06,20.00,6,20.021
1135.0,1,HOT_DWELL,1.000000e-06,20.00,1,20.283
1135.0,1,HOT_DWELL,1.000000e-06,20.00,2,20.021
1135.0,1,HOT_DWELL,1.000000e-06,20.00,3,19.985
1135.0,1,HOT_DWELL,1.000000e-06,20.00,4,20.303
1135.0,1,HOT_DWELL,1.000000e-06,20.00,5,20.020
1135.0,1,HOT_DWELL,1.000000e-06,20.00,6,20.037
1140.0,1,HOT_DWELL,1.000000e-06,20.00,1,20.333
1140.0,1,HOT_DWELL,1.000000e-06,20.00,2,20.070
1140.0,1,HOT_DWELL,1.000000e-06,20.00,3,19.987
1140.0,1,HOT_DWELL,1.000000e-06,20.00,4,20.112
1140.0,1,HOT_DWELL,1.000000e-06,20.00,5,20.051
1140.0,1,HOT_DWELL,1.000000e-06,20.00,6,19.980
1145.0,1,HOT_DWELL,1.000000e-06,20.00,1,20.284
1145.0,1,HOT_DWELL,1.000000e-06,20.00,2,20.012
1145.0,1,HOT_DWELL,1.000000e-06,20.00,3,19.937
1145.0,1,HOT_DWELL,1.000000e-06,20.00,4,20.260
1145.0,1,HOT_DWELL,1.000000e-06,20.00,5,20.110
1145.0,1,HOT_DWELL,1.000000e-06,20.00,6,20.103
1150.0,1,HOT_DWELL,1.000000e-06,20.00,1,20.241
1150.0,1,HOT_DWELL,1.000000e-06,20.00,2,20.053
1150.0,1,HOT_DWELL,1.000000e-06,20.00,3,19.962
1150.0,1,HOT_DWELL,1.000000e-06,20.00,4,20.190
1150.0,1,HOT_DWELL,1.000000e-06,20.00,5,20.014
1150.0,1,HOT_DWELL,1.000000e-06,20.00,6,20.121
1155.0,1,HOT_DWELL,1.000000e-06,20.00,1,20.203
1155.0,1,HOT_DWELL,1.000000e-06,20.00,2,19.973
1155.0,1,HOT_DWELL,1.000000e-06,20.00,3,20.014
1155.0,1,HOT_DWELL,1.000000e-06,20.00,4,20.166
1155.0,1,HOT_DWELL,1.000000e-06,20.00,5,20.115
1155.0,1,HOT_DWELL,1.000000e-06,20.00,6,20.049
1160.0,1,HOT_DWELL,1.000000e-06,20.00,1,20.122
1160.0,1,HOT_DWELL,1.000000e-06,20.00,2,19.977
1160.0,1,HOT_DWELL,1.000000e-06,20.00,3,19.915
1160.0,1,HOT_DWELL,1.000000e-06,20.00,4,20.179
1160.0,1,HOT_DWELL,1.000000e-06,20.00,5,20.063
1160.0,1,HOT_DWELL,1.000000e-06,20.00,6,19.984
1165.0,1,HOT_DWELL,1.000000e-06,20.00,1,20.235
1165.0,1,HOT_DWELL,1.000000e-06,20.00,2,19.931
1165.0,1,HOT_DWELL,1.000000e-06,20.00,3,19.947
1165.0,1,HOT_DWELL,1.000000e-06,20.00,4,20.180
1165.0,1,HOT_DWELL,1.000000e-06,20.00,5,20.030
1165.0,1,HOT_DWELL,1.000000e-06,20.00,6,20.016
1170.0,1,HOT_DWELL,1.000000e-06,20.00,1,20.269
1170.0,1,HOT_DWELL,1.000000e-06,20.00,2,19.966
1170.0,1,HOT_DWELL,1.000000e-06,20.00,3,20.019
1170.0,1,HOT_DWELL,1.000000e-06,20.00,4,20.143
1170.0,1,HOT_DWELL,1.000000e-06,20.00,5,20.013
1170.0,1,HOT_DWELL,1.000000e-06,20.00,6,19.997
1175.0,1,HOT_DWELL,1.000000e-06,20.00,1,20.345
1175.0,1,HOT_DWELL,1.000000e-06,20.00,2,19.950
1175.0,1,HOT_DWELL,1.000000e-06,20.00,3,20.041
1175.0,1,HOT_DWELL,1.000000e-06,20.00,4,20.176
1175.0,1,HOT_DWELL,1.000000e-06,20.00,5,20.081
1175.0,1,HOT_DWELL,1.000000e-06,20.00,6,19.963
1180.0,1,HOT_DWELL,1.000000e-06,20.00,1,20.459
1180.0,1,HOT_DWELL,1.000000e-06,20.00,2,19.929
1180.0,1,HOT_DWELL,1.000000e-06,20.00,3,20.053
1180.0,1,HOT_DWELL,1.000000e-06,20.00,4,20.223
1180.0,1,HOT_DWELL,1.000000e-06,20.00,5,20.011
1180.0,1,HOT_DWELL,1.000000e-06,20.00,6,19.936
1185.0,1,HOT_DWELL,1.000000e-06,20.00,1,20.406
1185.0,1,HOT_DWELL,1.000000e-06,20.00,2,20.028
1185.0,1,HOT_DWELL,1.000000e-06,20.00,3,19.922
1185.0,1,HOT_DWELL,1.000000e-06,20.00,4,20.265
1185.0,1,HOT_DWELL,1.000000e-06,20.00,5,19.949
1185.0,1,HOT_DWELL,1.000000e-06,20.00,6,20.005
1190.0,1,HOT_DWELL,1.000000e-06,20.00,1,20.433
1190.0,1,HOT_DWELL,1.000000e-06,20.00,2,19.839
1190.0,1,HOT_DWELL,1.000000e-06,20.00,3,20.031
1190.0,1,HOT_DWELL,1.000000e-06,20.00,4,20.222
1190.0,1,HOT_DWELL,1.000000e-06,20.00,5,20.016
1190.0,1,HOT_DWELL,1.000000e-06,20.00,6,20.012
1195.0,1,HOT_DWELL,1.000000e-06,20.00,1,20.391
1195.0,1,HOT_DWELL,1.000000e-06,20.00,2,20.030
1195.0,1,HOT_DWELL,1.000000e-06,20.00,3,19.986
1195.0,1,HOT_DWELL,1.000000e-06,20.00,4,20.240
1195.0,1,HOT_DWELL,1.000000e-06,20.00,5,20.008
1195.0,1,HOT_DWELL,1.000000e-06,20.00,6,20.019
1200.0,2,COLD_RAMP,1.000000e-06,7.50,1,16.014
1200.0,2,COLD_RAMP,1.000000e-06,7.50,2,13.723
1200.0,2,COLD_RAMP,1.000000e-06,7.50,3,10.038
1200.0,2,COLD_RAMP,1.000000e-06,7.50,4,3.148
1200.0,2,COLD_RAMP,1.000000e-06,7.50,5,11.560
1200.0,2,COLD_RAMP,1.000000e-06,7.50,6,14.879
1205.0,2,COLD_RAMP,1.000000e-06,-5.00,1,9.544
1205.0,2,COLD_RAMP,1.000000e-06,-5.00,2,5.116
1205.0,2,COLD_RAMP,1.000000e-06,-5.00,3,-0.654
1205.0,2,COLD_RAMP,1.000000e-06,-5.00,4,-6.156
1205.0,2,COLD_RAMP,1.000000e-06,-5.00,5,1.655
1205.0,2,COLD_RAMP,1.000000e-06,-5.00,6,7.566
1210.0,2,COLD_RAMP,1.000000e-06,-17.50,1,2.048
1210.0,2,COLD_RAMP,1.000000e-06,-17.50,2,-3.998
1210.0,2,COLD_RAMP,1.000000e-06,-17.50,3,-11.221
1210.0,2,COLD_RAMP,1.000000e-06,-17.50,4,-17.672
1210.0,2,COLD_RAMP,1.000000e-06,-17.50,5,-8.473
1210.0,2,COLD_RAMP,1.000000e-06,-17.50,6,-0.662
1215.0,2,COLD_RAMP,1.000000e-06,-30.00,1,-5.911
1215.0,2,COLD_RAMP,1.000000e-06,-30.00,2,-13.338
1215.0,2,COLD_RAMP,1.000000e-06,-30.00,3,-21.583
1215.0,2,COLD_RAMP,1.000000e-06,-30.00,4,-28.555
1215.0,2,COLD_RAMP,1.000000e-06,-30.00,5,-18.444
1215.0,2,COLD_RAMP,1.000000e-06,-30.00,6,-9.248
1220.0,2,COLD_RAMP,1.000000e-06,-42.50,1,-13.863
1220.0,2,COLD_RAMP,1.000000e-06,-42.50,2,-22.479
1220.0,2,COLD_RAMP,1.000000e-06,-42.50,3,-31.567
1220.0,2,COLD_RAMP,1.000000e-06,-42.50,4,-39.156
1220.0,2,COLD_RAMP,1.000000e-06,-42.50,5,-28.227
1220.0,2,COLD_RAMP,1.000000e-06,-42.50,6,-17.820
1225.0,2,COLD_RAMP,1.000000e-06,-55.00,1,-21.909
1225.0,2,COLD_RAMP,1.000000e-06,-55.00,2,-31.465
1225.0,2,COLD_RAMP,1.000000e-06,-55.00,3,-41.343
1225.0,2,COLD_RAMP,1.000000e-06,-55.00,4,-49.491
1225.0,2,COLD_RAMP,1.000000e-06,-55.00,5,-37.696
1225.0,2,COLD_RAMP,1.000000e-06,-55.00,6,-26.263
1230.0,2,COLD_RAMP,1.000000e-06,-67.50,1,-29.698
1230.0,2,COLD_RAMP,1.000000e-06,-67.50,2,-40.099
1230.0,2,COLD_RAMP,1.000000e-06,-67.50,3,-50.681
1230.0,2,COLD_RAMP,1.000000e-06,-67.50,4,-59.693
1230.0,2,COLD_RAMP,1.000000e-06,-67.50,5,-46.755
1230.0,2,COLD_RAMP,1.000000e-06,-67.50,6,-34.460
1235.0,2,COLD_RAMP,1.000000e-06,-80.00,1,-37.249
1235.0,2,COLD_RAMP,1.000000e-06,-80.00,2,-48.317
1235.0,2,COLD_RAMP,1.000000e-06,-80.00,3,-59.744
1235.0,2,COLD_RAMP,1.000000e-06,-80.00,4,-69.385
1235.0,2,COLD_RAMP,1.000000e-06,-80.00,5,-55.518
1235.0,2,COLD_RAMP,1.000000e-06,-80.00,6,-42.321
1240.0,2,COLD_RAMP,1.000000e-06,-92.50,1,-44.433
1240.0,2,COLD_RAMP,1.000000e-06,-92.50,2,-56.154
1240.0,2,COLD_RAMP,1.000000e-06,-92.50,3,-68.212
1240.0,2,COLD_RAMP,1.000000e-06,-92.50,4,-78.812
1240.0,2,COLD_RAMP,1.000000e-06,-92.50,5,-63.853
1240.0,2,COLD_RAMP,1.000000e-06,-92.50,6,-49.792
1245.0,2,COLD_RAMP,1.000000e-06,-105.00,1,-51.334
1245.0,2,COLD_RAMP,1.000000e-06,-105.00,2,-63.644
1245.0,2,COLD_RAMP,1.000000e-06,-105.00,3,-76.408
1245.0,2,COLD_RAMP,1.000000e-06,-105.00,4,-87.692
1245.0,2,COLD_RAMP,1.000000e-06,-105.00,5,-71.759
1245.0,2,COLD_RAMP,1.000000e-06,-105.00,6,-56.954
1250.0,2,COLD_RAMP,1.000000e-06,-117.50,1,-57.862
1250.0,2,COLD_RAMP,1.000000e-06,-117.50,2,-70.866
1250.0,2,COLD_RAMP,1.000000e-06,-117.50,3,-84.151
1250.0,2,COLD_RAMP,1.000000e-06,-117.50,4,-96.170
1250.0,2,COLD_RAMP,1.000000e-06,-117.50,5,-79.276
1250.0,2,COLD_RAMP,1.000000e-06,-117.50,6,-63.815
1255.0,2,COLD_RAMP,1.000000e-06,-130.00,1,-64.021
1255.0,2,COLD_RAMP,1.000000e-06,-130.00,2,-77.539
1255.0,2,COLD_RAMP,1.000000e-06,-130.00,3,-91.389
1255.0,2,COLD_RAMP,1.000000e-06,-130.00,4,-104.149
1255.0,2,COLD_RAMP,1.000000e-06,-130.00,5,-86.318
1255.0,2,COLD_RAMP,1.000000e-06,-130.00,6,-70.345
1260.0,2,COLD_RAMP,1.000000e-06,-142.50,1,-69.765
1260.0,2,COLD_RAMP,1.000000e-06,-142.50,2,-83.788
1260.0,2,COLD_RAMP,1.000000e-06,-142.50,3,-98.240
1260.0,2,COLD_RAMP,1.000000e-06,-142.50,4,-111.565
1260.0,2,COLD_RAMP,1.000000e-06,-142.50,5,-92.920
1260.0,2,COLD_RAMP,1.000000e-06,-142.50,6,-76.395
1265.0,2,COLD_RAMP,1.000000e-06,-155.00,1,-75.185
1265.0,2,COLD_RAMP,1.000000e-06,-155.00,2,-89.570
1265.0,2,COLD_RAMP,1.000000e-06,-155.00,3,-104.562
1265.0,2,COLD_RAMP,1.000000e-06,-155.00,4,-118.396
1265.0,2,COLD_RAMP,1.000000e-06,-155.00,5,-99.057
1265.0,2,COLD_RAMP,1.000000e-06,-155.00,6,-82.005
1270.0,2,COLD_RAMP,1.000000e-06,-167.50,1,-80.198
1270.0,2,COLD_RAMP,1.000000e-06,-167.50,2,-94.872
1270.0,2,COLD_RAMP,1.000000e-06,-167.50,3,-110.349
1270.0,2,COLD_RAMP,1.000000e-06,-167.50,4,-124.747
1270.0,2,COLD_RAMP,1.000000e-06,-167.50,5,-104.660
1270.0,2,COLD_RAMP,1.000000e-06,-167.50,6,-87.156
1275.0,2,COLD_RAMP,1.000000e-06,-180.00,1,-84.839
1275.0,2,COLD_RAMP,1.000000e-06,-180.00,2,-99.915
1275.0,2,COLD_RAMP,1.000000e-06,-180.00,3,-115.743
1275.0,2,COLD_RAMP,1.000000e-06,-180.00,4,-130.539
1275.0,2,COLD_RAMP,1.000000e-06,-180.00,5,-109.914
1275.0,2,COLD_RAMP,1.000000e-06,-180.00,6,-91.971
1280.0,2,COLD_RAMP,1.000000e-06,-180.00,1,-88.976
1280.0,2,COLD_RAMP,1.000000e-06,-180.00,2,-104.275
1280.0,2,COLD_RAMP,1.000000e-06,-180.00,3,-120.304
1280.0,2,COLD_RAMP,1.000000e-06,-180.00,4,-135.258
1280.0,2,COLD_RAMP,1.000000e-06,-180.00,5,-114.424
1280.0,2,COLD_RAMP,1.000000e-06,-180.00,6,-96.247
1285.0,2,COLD_RAMP,1.000000e-06,-180.00,1,-92.830
1285.0,2,COLD_RAMP,1.000000e-06,-180.00,2,-108.111
1285.0,2,COLD_RAMP,1.000000e-06,-180.00,3,-124.300
1285.0,2,COLD_RAMP,1.000000e-06,-180.00,4,-139.352
1285.0,2,COLD_RAMP,1.000000e-06,-180.00,5,-118.294
1285.0,2,COLD_RAMP,1.000000e-06,-180.00,6,-100.175
1290.0,2,COLD_RAMP,1.000000e-06,-180.00,1,-96.243
1290.0,2,COLD_RAMP,1.000000e-06,-180.00,2,-111.687
1290.0,2,COLD_RAMP,1.000000e-06,-180.00,3,-127.892
1290.0,2,COLD_RAMP,1.000000e-06,-180.00,4,-142.746
1290.0,2,COLD_RAMP,1.000000e-06,-180.00,5,-121.860
1290.0,2,COLD_RAMP,1.000000e-06,-180.00,6,-103.615
1295.0,2,COLD_RAMP,1.000000e-06,-180.00,1,-99.430
1295.0,2,COLD_RAMP,1.000000e-06,-180.00,2,-114.848
1295.0,2,COLD_RAMP,1.000000e-06,-180.00,3,-130.912
1295.0,2,COLD_RAMP,1.000000e-06,-180.00,4,-145.802
1295.0,2,COLD_RAMP,1.000000e-06,-180.00,5,-125.006
1295.0,2,COLD_RAMP,1.000000e-06,-180.00,6,-106.836
1300.0,2,COLD_RAMP,1.000000e-06,-180.00,1,-102.411
1300.0,2,COLD_RAMP,1.000000e-06,-180.00,2,-117.844
1300.0,2,COLD_RAMP,1.000000e-06,-180.00,3,-133.740
1300.0,2,COLD_RAMP,1.000000e-06,-180.00,4,-148.516
1300.0,2,COLD_RAMP,1.000000e-06,-180.00,5,-127.917
1300.0,2,COLD_RAMP,1.000000e-06,-180.00,6,-109.820
1305.0,2,COLD_RAMP,1.000000e-06,-180.00,1,-105.138
1305.0,2,COLD_RAMP,1.000000e-06,-180.00,2,-120.514
1305.0,2,COLD_RAMP,1.000000e-06,-180.00,3,-136.362
1305.0,2,COLD_RAMP,1.000000e-06,-180.00,4,-150.943
1305.0,2,COLD_RAMP,1.000000e-06,-180.00,5,-130.583
1305.0,2,COLD_RAMP,1.000000e-06,-180.00,6,-112.647
1310.0,2,COLD_RAMP,1.000000e-06,-180.00,1,-107.637
1310.0,2,COLD_RAMP,1.000000e-06,-180.00,2,-123.012
1310.0,2,COLD_RAMP,1.000000e-06,-180.00,3,-138.668
1310.0,2,COLD_RAMP,1.000000e-06,-180.00,4,-153.072
1310.0,2,COLD_RAMP,1.000000e-06,-180.00,5,-132.949
1310.0,2,COLD_RAMP,1.000000e-06,-180.00,6,-115.198
1315.0,2,COLD_RAMP,1.000000e-06,-180.00,1,-110.056
1315.0,2,COLD_RAMP,1.000000e-06,-180.00,2,-125.220
1315.0,2,COLD_RAMP,1.000000e-06,-180.00,3,-140.811
1315.0,2,COLD_RAMP,1.000000e-06,-180.00,4,-154.863
1315.0,2,COLD_RAMP,1.000000e-06,-180.00,5,-135.177
1315.0,2,COLD_RAMP,1.000000e-06,-180.00,6,-117.543
1320.0,2,COLD_RAMP,1.000000e-06,-180.00,1,-112.211
1320.0,2,COLD_RAMP,1.000000e-06,-180.00,2,-127.369
1320.0,2,COLD_RAMP,1.000000e-06,-180.00,3,-142.697
1320.0,2,COLD_RAMP,1.000000e-06,-180.00,4,-156.667
1320.0,2,COLD_RAMP,1.000000e-06,-180.00,5,-137.247
1320.0,2,COLD_RAMP,1.000000e-06,-180.00,6,-119.726
1325.0,2,COLD_RAMP,1.000000e-06,-180.00,1,-114.352
1325.0,2,COLD_RAMP,1.000000e-06,-180.00,2,-129.381
1325.0,2,COLD_RAMP,1.000000e-06,-180.00,3,-144.471
1325.0,2,COLD_RAMP,1.000000e-06,-180.00,4,-158.212
1325.0,2,COLD_RAMP,1.000000e-06,-180.00,5,-139.169
1325.0,2,COLD_RAMP,1.000000e-06,-180.00,6,-121.832
1330.0,2,COLD_RAMP,1.000000e-06,-180.00,1,-116.444
1330.0,2,COLD_RAMP,1.000000e-06,-180.00,2,-131.327
1330.0,2,COLD_RAMP,1.000000e-06,-180.00,3,-146.196
1330.0,2,COLD_RAMP,1.000000e-06,-180.00,4,-159.598
1330.0,2,COLD_RAMP,1.000000e-06,-180.00,5,-140.972
1330.0,2,COLD_RAMP,1.000000e-06,-180.00,6,-123.637
1335.0,2,COLD_RAMP,1.000000e-06,-180.00,1,-118.298
1335.0,2,COLD_RAMP,1.000000e-06,-180.00,2,-133.055
1335.0,2,COLD_RAMP,1.000000e-06,-180.00,3,-147.765
1335.0,2,COLD_RAMP,1.000000e-06,-180.00,4,-160.889
1335.0,2,COLD_RAMP,1.000000e-06,-180.00,5,-142.646
1335.0,2,COLD_RAMP,1.000000e-06,-180.00,6,-125.406
1340.0,2,COLD_RAMP,1.000000e-06,-180.00,1,-120.017
1340.0,2,COLD_RAMP,1.000000e-06,-180.00,2,-134.727
1340.0,2,COLD_RAMP,1.000000e-06,-180.00,3,-149.214
1340.0,2,COLD_RAMP,1.000000e-06,-180.00,4,-162.091
1340.0,2,COLD_RAMP,1.000000e-06,-180.00,5,-144.105
1340.0,2,COLD_RAMP,1.000000e-06,-180.00,6,-127.104
1345.0,2,COLD_RAMP,1.000000e-06,-180.00,1,-121.655
1345.0,2,COLD_RAMP,1.000000e-06,-180.00,2,-136.269
1345.0,2,COLD_RAMP,1.000000e-06,-180.00,3,-150.596
1345.0,2,COLD_RAMP,1.000000e-06,-180.00,4,-163.110
1345.0,2,COLD_RAMP,1.000000e-06,-180.00,5,-145.550
1345.0,2,COLD_RAMP,1.000000e-06,-180.00,6,-128.707
1350.0,2,COLD_RAMP,1.000000e-06,-180.00,1,-123.258
1350.0,2,COLD_RAMP,1.000000e-06,-180.00,2,-137.724
1350.0,2,COLD_RAMP,1.000000e-06,-180.00,3,-151.785
1350.0,2,COLD_RAMP,1.000000e-06,-180.00,4,-164.112
1350.0,2,COLD_RAMP,1.000000e-06,-180.00,5,-146.899
1350.0,2,COLD_RAMP,1.000000e-06,-180.00,6,-130.242
1355.0,2,COLD_RAMP,1.000000e-06,-180.00,1,-124.770
1355.0,2,COLD_RAMP,1.000000e-06,-180.00,2,-139.109
1355.0,2,COLD_RAMP,1.000000e-06,-180.00,3,-152.986
1355.0,2,COLD_RAMP,1.000000e-06,-180.00,4,-165.038
1355.0,2,COLD_RAMP,1.000000e-06,-180.00,5,-148.126
1355.0,2,COLD_RAMP,1.000000e-06,-180.00,6,-131.707
1360.0,2,COLD_RAMP,1.000000e-06,-180.00,1,-126.155
1360.0,2,COLD_RAMP,1.000000e-06,-180.00,2,-140.413
1360.0,2,COLD_RAMP,1.000000e-06,-180.00,3,-154.191
1360.0,2,COLD_RAMP,1.000000e-06,-180.00,4,-165.895
1360.0,2,COLD_RAMP,1.000000e-06,-180.00,5,-149.380
1360.0,2,COLD_RAMP,1.000000e-06,-180.00,6,-133.059
1365.0,2,COLD_RAMP,1.000000e-06,-180.00,1,-127.504
1365.0,2,COLD_RAMP,1.000000e-06,-180.00,2,-141.646
1365.0,2,COLD_RAMP,1.000000e-06,-180.00,3,-155.201
1365.0,2,COLD_RAMP,1.000000e-06,-180.00,4,-166.670
1365.0,2,COLD_RAMP,1.000000e-06,-180.00,5,-150.488
1365.0,2,COLD_RAMP,1.000000e-06,-180.00,6,-134.384
1370.0,2,COLD_RAMP,1.000000e-06,-180.00,1,-128.866
1370.0,2,COLD_RAMP,1.000000e-06,-180.00,2,-142.834
1370.0,2,COLD_RAMP,1.000000e-06,-180.00,3,-156.116
1370.0,2,COLD_RAMP,1.000000e-06,-180.00,4,-167.306
1370.0,2,COLD_RAMP,1.000000e-06,-180.00,5,-151.612
1370.0,2,COLD_RAMP,1.000000e-06,-180.00,6,-135.631
1375.0,2,COLD_RAMP,1.000000e-06,-180.00,1,-130.112
1375.0,2,COLD_RAMP,1.000000e-06,-180.00,2,-144.030
1375.0,2,COLD_RAMP,1.000000e-06,-180.00,3,-157.141
1375.0,2,COLD_RAMP,1.000000e-06,-180.00,4,-168.072
1375.0,2,COLD_RAMP,1.000000e-06,-180.00,5,-152.662
1375.0,2,COLD_RAMP,1.000000e-06,-180.00,6,-136.851
1380.0,2,COLD_RAMP,1.000000e-06,-180.00,1,-131.339
1380.0,2,COLD_RAMP,1.000000e-06,-180.00,2,-145.147
1380.0,2,COLD_RAMP,1.000000e-06,-180.00,3,-158.165
1380.0,2,COLD_RAMP,1.000000e-06,-180.00,4,-168.637
1380.0,2,COLD_RAMP,1.000000e-06,-180.00,5,-153.610
1380.0,2,COLD_RAMP,1.000000e-06,-180.00,6,-138.024
1385.0,2,COLD_RAMP,1.000000e-06,-180.00,1,-132.431
1385.0,2,COLD_RAMP,1.000000e-06,-180.00,2,-146.149
1385.0,2,COLD_RAMP,1.000000e-06,-180.00,3,-159.036
1385.0,2,COLD_RAMP,1.000000e-06,-180.00,4,-169.185
1385.0,2,COLD_RAMP,1.000000e-06,-180.00,5,-154.590
1385.0,2,COLD_RAMP,1.000000e-06,-180.00,6,-139.206
1390.0,2,COLD_RAMP,1.000000e-06,-180.00,1,-133.583
1390.0,2,COLD_RAMP,1.000000e-06,-180.00,2,-147.053
1390.0,2,COLD_RAMP,1.000000e-06,-180.00,3,-159.794
1390.0,2,COLD_RAMP,1.000000e-06,-180.00,4,-169.761
1390.0,2,COLD_RAMP,1.000000e-06,-180.00,5,-155.481
1390.0,2,COLD_RAMP,1.000000e-06,-180.00,6,-140.257
1395.0,2,COLD_RAMP,1.000000e-06,-180.00,1,-134.728
1395.0,2,COLD_RAMP,1.000000e-06,-180.00,2,-147.977
1395.0,2,COLD_RAMP,1.000000e-06,-180.00,3,-160.583
1395.0,2,COLD_RAMP,1.000000e-06,-180.00,4,-170.233
1395.0,2,COLD_RAMP,1.000000e-06,-180.00,5,-156.251
1395.0,2,COLD_RAMP,1.000000e-06,-180.00,6,-141.188
1400.0,2,COLD_RAMP,1.000000e-06,-180.00,1,-135.717
1400.0,2,COLD_RAMP,1.000000e-06,-180.00,2,-148.910
1400.0,2,COLD_RAMP,1.000000e-06,-180.00,3,-161.206
1400.0,2,COLD_RAMP,1.000000e-06,-180.00,4,-170.762
1400.0,2,COLD_RAMP,1.000000e-06,-180.00,5,-156.993
1400.0,2,COLD_RAMP,1.000000e-06,-180.00,6,-142.158
1405.0,2,COLD_RAMP,1.000000e-06,-180.00,1,-136.700
1405.0,2,COLD_RAMP,1.000000e-06,-180.00,2,-149.771
1405.0,2,COLD_RAMP,1.000000e-06,-180.00,3,-161.919
1405.0,2,COLD_RAMP,1.000000e-06,-180.00,4,-171.282
1405.0,2,COLD_RAMP,1.000000e-06,-180.00,5,-157.713
1405.0,2,COLD_RAMP,1.000000e-06,-180.00,6,-142.963
1410.0,2,COLD_RAMP,1.000000e-06,-180.00,1,-137.688
1410.0,2,COLD_RAMP,1.000000e-06,-180.00,2,-150.519
1410.0,2,COLD_RAMP,1.000000e-06,-180.00,3,-162.497
1410.0,2,COLD_RAMP,1.000000e-06,-180.00,4,-171.816
1410.0,2,COLD_RAMP,1.000000e-06,-180.00,5,-158.500
1410.0,2,COLD_RAMP,1.000000e-06,-180.00,6,-143.889
1415.0,2,COLD_RAMP,1.000000e-06,-180.00,1,-138.667
1415.0,2,COLD_RAMP,1.000000e-06,-180.00,2,-151.370
1415.0,2,COLD_RAMP,1.000000e-06,-180.00,3,-163.123
1415.0,2,COLD_RAMP,1.000000e-06,-180.00,4,-172.241
1415.0,2,COLD_RAMP,1.000000e-06,-180.00,5,-159.134
1415.0,2,COLD_RAMP,1.000000e-06,-180.00,6,-144.714
1420.0,2,COLD_RAMP,1.000000e-06,-180.00,1,-139.593
1420.0,2,COLD_RAMP,1.000000e-06,-180.00,2,-152.033
1420.0,2,COLD_RAMP,1.000000e-06,-180.00,3,-163.696
1420.0,2,COLD_RAMP,1.000000e-06,-180.00,4,-172.645
1420.0,2,COLD_RAMP,1.000000e-06,-180.00,5,-159.887
1420.0,2,COLD_RAMP,1.000000e-06,-180.00,6,-145.560
1425.0,2,COLD_RAMP,1.000000e-06,-180.00,1,-140.454
1425.0,2,COLD_RAMP,1.000000e-06,-180.00,2,-152.867
1425.0,2,COLD_RAMP,1.000000e-06,-180.00,3,-164.288
1425.0,2,COLD_RAMP,1.000000e-06,-180.00,4,-173.038
1425.0,2,COLD_RAMP,1.000000e-06,-180.00,5,-160.552
1425.0,2,COLD_RAMP,1.000000e-06,-180.00,6,-146.363
1430.0,2,COLD_RAMP,1.000000e-06,-180.00,1,-141.301
1430.0,2,COLD_RAMP,1.000000e-06,-180.00,2,-153.607
1430.0,2,COLD_RAMP,1.000000e-06,-180.00,3,-164.810
1430.0,2,COLD_RAMP,1.000000e-06,-180.00,4,-173.409
1430.0,2,COLD_RAMP,1.000000e-06,-180.00,5,-161.176
1430.0,2,COLD_RAMP,1.000000e-06,-180.00,6,-147.154
1435.0,2,COLD_RAMP,1.000000e-06,-180.00,1,-142.072
1435.0,2,COLD_RAMP,1.000000e-06,-180.00,2,-154.276
1435.0,2,COLD_RAMP,1.000000e-06,-180.00,3,-165.296
1435.0,2,COLD_RAMP,1.000000e-06,-180.00,4,-173.681
1435.0,2,COLD_RAMP,1.000000e-06,-180.00,5,-161.735
1435.0,2,COLD_RAMP,1.000000e-06,-180.00,6,-147.864
1440.0,2,COLD_RAMP,1.000000e-06,-180.00,1,-142.928
1440.0,2,COLD_RAMP,1.000000e-06,-180.00,2,-154.942
1440.0,2,COLD_RAMP,1.000000e-06,-180.00,3,-165.802
1440.0,2,COLD_RAMP,1.000000e-06,-180.00,4,-173.931
1440.0,2,COLD_RAMP,1.000000e-06,-180.00,5,-162.365
1440.0,2,COLD_RAMP,1.000000e-06,-180.00,6,-148.592
1445.0,2,COLD_RAMP,1.000000e-06,-180.00,1,-143.640
1445.0,2,COLD_RAMP,1.000000e-06,-180.00,2,-155.542
1445.0,2,COLD_RAMP,1.000000e-06,-180.00,3,-166.315
1445.0,2,COLD_RAMP,1.000000e-06,-180.00,4,-174.236
1445.0,2,COLD_RAMP,1.000000e-06,-180.00,5,-162.848
1445.0,2,COLD_RAMP,1.000000e-06,-180.00,6,-149.274
1450.0,2,COLD_RAMP,1.000000e-06,-180.00,1,-144.359
1450.0,2,COLD_RAMP,1.000000e-06,-180.00,2,-156.189
1450.0,2,COLD_RAMP,1.000000e-06,-180.00,3,-166.720
1450.0,2,COLD_RAMP,1.000000e-06,-180.00,4,-174.549
1450.0,2,COLD_RAMP,1.000000e-06,-180.00,5,-163.288
1450.0,2,COLD_RAMP,1.000000e-06,-180.00,6,-149.922
1455.0,2,COLD_RAMP,1.000000e-06,-180.00,1,-145.117
1455.0,2,COLD_RAMP,1.000000e-06,-180.00,2,-156.759
1455.0,2,COLD_RAMP,1.000000e-06,-180.00,3,-167.185
1455.0,2,COLD_RAMP,1.000000e-06,-180.00,4,-174.848
1455.0,2,COLD_RAMP,1.000000e-06,-180.00,5,-163.789
1455.0,2,COLD_RAMP,1.000000e-06,-180.00,6,-150.594
1460.0,2,COLD_RAMP,1.000000e-06,-180.00,1,-145.693
1460.0,2,COLD_RAMP,1.000000e-06,-180.00,2,-157.319
1460.0,2,COLD_RAMP,1.000000e-06,-180.00,3,-167.565
1460.0,2,COLD_RAMP,1.000000e-06,-180.00,4,-175.121
1460.0,2,COLD_RAMP,1.000000e-06,-180.00,5,-164.191
1460.0,2,COLD_RAMP,1.000000e-06,-180.00,6,-151.255
1465.0,2,COLD_RAMP,1.000000e-06,-180.00,1,-146.310
1465.0,2,COLD_RAMP,1.000000e-06,-180.00,2,-157.919
1465.0,2,COLD_RAMP,1.000000e-06,-180.00,3,-167.990
1465.0,2,COLD_RAMP,1.000000e-06,-180.00,4,-175.327
1465.0,2,COLD_RAMP,1.000000e-06,-180.00,5,-164.728
1465.0,2,COLD_RAMP,1.000000e-06,-180.00,6,-151.874
1470.0,2,COLD_RAMP,1.000000e-06,-180.00,1,-147.029
1470.0,2,COLD_RAMP,1.000000e-06,-180.00,2,-158.487
1470.0,2,COLD_RAMP,1.000000e-06,-180.00,3,-168.399
1470.0,2,COLD_RAMP,1.000000e-06,-180.00,4,-175.544
1470.0,2,COLD_RAMP,1.000000e-06,-180.00,5,-165.246
1470.0,2,COLD_RAMP,1.000000e-06,-180.00,6,-152.395
1475.0,2,COLD_RAMP,1.000000e-06,-180.00,1,-147.652
1475.0,2,COLD_RAMP,1.000000e-06,-180.00,2,-158.997
1475.0,2,COLD_RAMP,1.000000e-06,-180.00,3,-168.801
1475.0,2,COLD_RAMP,1.000000e-06,-180.00,4,-175.692
1475.0,2,COLD_RAMP,1.000000e-06,-180.00,5,-165.666
1475.0,2,COLD_RAMP,1.000000e-06,-180.00,6,-153.043
1480.0,2,COLD_RAMP,1.000000e-06,-180.00,1,-148.207
1480.0,2,COLD_RAMP,1.000000e-06,-180.00,2,-159.486
1480.0,2,COLD_RAMP,1.000000e-06,-180.00,3,-169.181
1480.0,2,COLD_RAMP,1.000000e-06,-180.00,4,-175.866
1480.0,2,COLD_RAMP,1.000000e-06,-180.00,5,-166.117
1480.0,2,COLD_RAMP,1.000000e-06,-180.00,6,-153.575
1485.0,2,COLD_RAMP,1.000000e-06,-180.00,1,-148.897
1485.0,2,COLD_RAMP,1.000000e-06,-180.00,2,-160.030
1485.0,2,COLD_RAMP,1.000000e-06,-180.00,3,-169.498
1485.0,2,COLD_RAMP,1.000000e-06,-180.00,4,-176.010
1485.0,2,COLD_RAMP,1.000000e-06,-180.00,5,-166.471
1485.0,2,COLD_RAMP,1.000000e-06,-180.00,6,-154.067
1490.0,2,COLD_RAMP,1.000000e-06,-180.00,1,-149.409
1490.0,2,COLD_RAMP,1.000000e-06,-180.00,2,-160.490
1490.0,2,COLD_RAMP,1.000000e-06,-180.00,3,-169.888
1490.0,2,COLD_RAMP,1.000000e-06,-180.00,4,-176.107
1490.0,2,COLD_RAMP,1.000000e-06,-180.00,5,-166.830
1490.0,2,COLD_RAMP,1.000000e-06,-180.00,6,-154.547
1495.0,2,COLD_RAMP,1.000000e-06,-180.00,1,-150.016
1495.0,2,COLD_RAMP,1.000000e-06,-180.00,2,-160.985
1495.0,2,COLD_RAMP,1.000000e-06,-180.00,3,-170.174
1495.0,2,COLD_RAMP,1.000000e-06,-180.00,4,-176.336
1495.0,2,COLD_RAMP,1.000000e-06,-180.00,5,-167.237
1495.0,2,COLD_RAMP,1.000000e-06,-180.00,6,-155.032
1500.0,2,COLD_DWELL,1.000000e-06,-180.00,1,-150.530
1500.0,2,COLD_DWELL,1.000000e-06,-180.00,2,-161.453
1500.0,2,COLD_DWELL,1.000000e-06,-180.00,3,-170.455
1500.0,2,COLD_DWELL,1.000000e-06,-180.00,4,-176.394
1500.0,2,COLD_DWELL,1.000000e-06,-180.00,5,-167.584
1500.0,2,COLD_DWELL,1.000000e-06,-180.00,6,-155.520
1505.0,2,COLD_DWELL,1.000000e-06,-180.00,1,-150.953
1505.0,2,COLD_DWELL,1.000000e-06,-180.00,2,-161.860
1505.0,2,COLD_DWELL,1.000000e-06,-180.00,3,-170.838
1505.0,2,COLD_DWELL,1.000000e-06,-180.00,4,-176.449
1505.0,2,COLD_DWELL,1.000000e-06,-180.00,5,-167.880
1505.0,2,COLD_DWELL,1.000000e-06,-180.00,6,-155.917
1510.0,2,COLD_DWELL,1.000000e-06,-180.00,1,-151.391
1510.0,2,COLD_DWELL,1.000000e-06,-180.00,2,-162.286
1510.0,2,COLD_DWELL,1.000000e-06,-180.00,3,-171.167
1510.0,2,COLD_DWELL,1.000000e-06,-180.00,4,-176.622
1510.0,2,COLD_DWELL,1.000000e-06,-180.00,5,-168.229
1510.0,2,COLD_DWELL,1.000000e-06,-180.00,6,-156.544
1515.0,2,COLD_DWELL,1.000000e-06,-180.00,1,-151.863
1515.0,2,COLD_DWELL,1.000000e-06,-180.00,2,-162.714
1515.0,2,COLD_DWELL,1.000000e-06,-180.00,3,-171.529
1515.0,2,COLD_DWELL,1.000000e-06,-180.00,4,-176.631
1515.0,2,COLD_DWELL,1.000000e-06,-180.00,5,-168.543
1515.0,2,COLD_DWELL,1.000000e-06,-180.00,6,-156.891
1520.0,2,COLD_DWELL,1.000000e-06,-180.00,1,-152.271
1520.0,2,COLD_DWELL,1.000000e-06,-180.00,2,-163.093
1520.0,2,COLD_DWELL,1.000000e-06,-180.00,3,-171.737
1520.0,2,COLD_DWELL,1.000000e-06,-180.00,4,-176.777
1520.0,2,COLD_DWELL,1.000000e-06,-180.00,5,-168.846
1520.0,2,COLD_DWELL,1.000000e-06,-180.00,6,-157.237
1525.0,2,COLD_DWELL,1.000000e-06,-180.00,1,-152.817
1525.0,2,COLD_DWELL,1.000000e-06,-180.00,2,-163.492
1525.0,2,COLD_DWELL,1.000000e-06,-180.00,3,-172.012
1525.0,2,COLD_DWELL,1.000000e-06,-180.00,4,-176.788
1525.0,2,COLD_DWELL,1.000000e-06,-180.00,5,-169.206
1525.0,2,COLD_DWELL,1.000000e-06,-180.00,6,-157.661
1530.0,2,COLD_DWELL,1.000000e-06,-180.00,1,-153.220
1530.0,2,COLD_DWELL,1.000000e-06,-180.00,2,-163.910
1530.0,2,COLD_DWELL,1.000000e-06,-180.00,3,-172.296
1530.0,2,COLD_DWELL,1.000000e-06,-180.00,4,-176.944
1530.0,2,COLD_DWELL,1.000000e-06,-180.00,5,-169.431
1530.0,2,COLD_DWELL,1.000000e-06,-180.00,6,-158.059
1535.0,2,COLD_DWELL,1.000000e-06,-180.00,1,-153.730
1535.0,2,COLD_DWELL,1.000000e-06,-180.00,2,-164.344
1535.0,2,COLD_DWELL,1.000000e-06,-180.00,3,-172.407
1535.0,2,COLD_DWELL,1.000000e-06,-180.00,4,-177.107
1535.0,2,COLD_DWELL,1.000000e-06,-180.00,5,-169.805
1535.0,2,COLD_DWELL,1.000000e-06,-180.00,6,-158.537
1540.0,2,COLD_DWELL,1.000000e-06,-180.00,1,-154.159
1540.0,2,COLD_DWELL,1.000000e-06,-180.00,2,-164.645
1540.0,2,COLD_DWELL,1.000000e-06,-180.00,3,-172.566
1540.0,2,COLD_DWELL,1.000000e-06,-180.00,4,-177.264
1540.0,2,COLD_DWELL,1.000000e-06,-180.00,5,-169.964
1540.0,2,COLD_DWELL,1.000000e-06,-180.00,6,-158.889
1545.0,2,COLD_DWELL,1.000000e-06,-180.00,1,-154.638
1545.0,2,COLD_DWELL,1.000000e-06,-180.00,2,-165.027
1545.0,2,COLD_DWELL,1.000000e-06,-180.00,3,-172.762
1545.0,2,COLD_DWELL,1.000000e-06,-180.00,4,-177.255
1545.0,2,COLD_DWELL,1.000000e-06,-180.00,5,-170.301
1545.0,2,COLD_DWELL,1.000000e-06,-180.00,6,-159.218
1550.0,2,COLD_DWELL,1.000000e-06,-180.00,1,-155.007
1550.0,2,COLD_DWELL,1.000000e-06,-180.00,2,-165.430
1550.0,2,COLD_DWELL,1.000000e-06,-180.00,3,-172.981
1550.0,2,COLD_DWELL,1.000000e-06,-180.00,4,-177.249
1550.0,2,COLD_DWELL,1.000000e-06,-180.00,5,-170.527
1550.0,2,COLD_DWELL,1.000000e-06,-180.00,6,-159.536
1555.0,2,COLD_DWELL,1.000000e-06,-180.00,1,-155.405
1555.0,2,COLD_DWELL,1.000000e-06,-180.00,2,-165.739
1555.0,2,COLD_DWELL,1.000000e-06,-180.00,3,-173.207
1555.0,2,COLD_DWELL,1.000000e-06,-180.00,4,-177.360
1555.0,2,COLD_DWELL,1.000000e-06,-180.00,5,-170.740
1555.0,2,COLD_DWELL,1.000000e-06,-180.00,6,-159.914
1560.0,2,COLD_DWELL,1.000000e-06,-180.00,1,-155.797
1560.0,2,COLD_DWELL,1.000000e-06,-180.00,2,-166.040
1560.0,2,COLD_DWELL,1.000000e-06,-180.00,3,-173.446
1560.0,2,COLD_DWELL,1.000000e-06,-180.00,4,-177.426
1560.0,2,COLD_DWELL,1.000000e-06,-180.00,5,-170.964
1560.0,2,COLD_DWELL,1.000000e-06,-180.00,6,-160.340
1565.0,2,COLD_DWELL,1.000000e-06,-180.00,1,-156.152
1565.0,2,COLD_DWELL,1.000000e-06,-180.00,2,-166.385
1565.0,2,COLD_DWELL,1.000000e-06,-180.00,3,-173.575
1565.0,2,COLD_DWELL,1.000000e-06,-180.00,4,-177.524
1565.0,2,COLD_DWELL,1.000000e-06,-180.00,5,-171.168
1565.0,2,COLD_DWELL,1.000000e-06,-180.00,6,-160.785
1570.0,2,COLD_DWELL,1.000000e-06,-180.00,1,-156.504
1570.0,2,COLD_DWELL,1.000000e-06,-180.00,2,-166.651
1570.0,2,COLD_DWELL,1.000000e-06,-180.00,3,-173.789
1570.0,2,COLD_DWELL,1.000000e-06,-180.00,4,-177.580
1570.0,2,COLD_DWELL,1.000000e-06,-180.00,5,-171.352
1570.0,2,COLD_DWELL,1.000000e-06,-180.00,6,-161.091
1575.0,2,COLD_DWELL,1.000000e-06,-180.00,1,-156.882
1575.0,2,COLD_DWELL,1.000000e-06,-180.00,2,-166.951
1575.0,2,COLD_DWELL,1.000000e-06,-180.00,3,-173.902
1575.0,2,COLD_DWELL,1.000000e-06,-180.00,4,-177.594
1575.0,2,COLD_DWELL,1.000000e-06,-180.00,5,-171.631
1575.0,2,COLD_DWELL,1.000000e-06,-180.00,6,-161.396
1580.0,2,COLD_DWELL,1.000000e-06,-180.00,1,-157.278
1580.0,2,COLD_DWELL,1.000000e-06,-180.00,2,-167.242
1580.0,2,COLD_DWELL,1.000000e-06,-180.00,3,-174.061
1580.0,2,COLD_DWELL,1.000000e-06,-180.00,4,-177.659
1580.0,2,COLD_DWELL,1.000000e-06,-180.00,5,-171.847
1580.0,2,COLD_DWELL,1.000000e-06,-180.00,6,-161.691
1585.0,2,COLD_DWELL,1.000000e-06,-180.00,1,-157.591
1585.0,2,COLD_DWELL,1.000000e-06,-180.00,2,-167.555
1585.0,2,COLD_DWELL,1.000000e-06,-180.00,3,-174.210
1585.0,2,COLD_DWELL,1.000000e-06,-180.00,4,-177.778
1585.0,2,COLD_DWELL,1.000000e-06,-180.00,5,-172.110
1585.0,2,COLD_DWELL,1.000000e-06,-180.00,6,-161.977
1590.0,2,COLD_DWELL,1.000000e-06,-180.00,1,-157.908
1590.0,2,COLD_DWELL,1.000000e-06,-180.00,2,-167.739
1590.0,2,COLD_DWELL,1.000000e-06,-180.00,3,-174.377
1590.0,2,COLD_DWELL,1.000000e-06,-180.00,4,-177.768
1590.0,2,COLD_DWELL,1.000000e-06,-180.00,5,-172.344
1590.0,2,COLD_DWELL,1.000000e-06,-180.00,6,-162.325
1595.0,2,COLD_DWELL,1.000000e-06,-180.00,1,-158.256
1595.0,2,COLD_DWELL,1.000000e-06,-180.00,2,-168.010
1595.0,2,COLD_DWELL,1.000000e-06,-180.00,3,-174.643
1595.0,2,COLD_DWELL,1.000000e-06,-180.00,4,-177.870
1595.0,2,COLD_DWELL,1.000000e-06,-180.00,5,-172.586
1595.0,2,COLD_DWELL,1.000000e-06,-180.00,6,-162.720
1600.0,2,COLD_DWELL,1.000000e-06,-180.00,1,-158.656
1600.0,2,COLD_DWELL,1.000000e-06,-180.00,2,-168.326
1600.0,2,COLD_DWELL,1.000000e-06,-180.00,3,-174.803
1600.0,2,COLD_DWELL,1.000000e-06,-180.00,4,-177.917
1600.0,2,COLD_DWELL,1.000000e-06,-180.00,5,-172.734
1600.0,2,COLD_DWELL,1.000000e-06,-180.00,6,-163.087
1605.0,2,COLD_DWELL,1.000000e-06,-180.00,1,-158.940
1605.0,2,COLD_DWELL,1.000000e-06,-180.00,2,-168.555
1605.0,2,COLD_DWELL,1.000000e-06,-180.00,3,-174.942
1605.0,2,COLD_DWELL,1.000000e-06,-180.00,4,-177.895
1605.0,2,COLD_DWELL,1.000000e-06,-180.00,5,-172.968
1605.0,2,COLD_DWELL,1.000000e-06,-180.00,6,-163.379
1610.0,2,COLD_DWELL,1.000000e-06,-180.00,1,-159.358
1610.0,2,COLD_DWELL,1.000000e-06,-180.00,2,-168.759
1610.0,2,COLD_DWELL,1.000000e-06,-180.00,3,-175.159
1610.0,2,COLD_DWELL,1.000000e-06,-180.00,4,-177.966
1610.0,2,COLD_DWELL,1.000000e-06,-180.00,5,-173.046
1610.0,2,COLD_DWELL,1.000000e-06,-180.00,6,-163.718
1615.0,2,COLD_DWELL,1.000000e-06,-180.00,1,-159.638
1615.0,2,COLD_DWELL,1.000000e-06,-180.00,2,-168.998
1615.0,2,COLD_DWELL,1.000000e-06,-180.00,3,-175.376
1615.0,2,COLD_DWELL,1.000000e-06,-180.00,4,-178.047
1615.0,2,COLD_DWELL,1.000000e-06,-180.00,5,-173.252
1615.0,2,COLD_DWELL,1.000000e-06,-180.00,6,-163.957
1620.0,2,COLD_DWELL,1.000000e-06,-180.00,1,-159.848
1620.0,2,COLD_DWELL,1.000000e-06,-180.00,2,-169.201
1620.0,2,COLD_DWELL,1.000000e-06,-180.00,3,-175.448
1620.0,2,COLD_DWELL,1.000000e-06,-180.00,4,-178.029
1620.0,2,COLD_DWELL,1.000000e-06,-180.00,5,-173.408
1620.0,2,COLD_DWELL,1.000000e-06,-180.00,6,-164.260
1625.0,2,COLD_DWELL,1.000000e-06,-180.00,1,-160.199
1625.0,2,COLD_DWELL,1.000000e-06,-180.00,2,-169.475
1625.0,2,COLD_DWELL,1.000000e-06,-180.00,3,-175.677
1625.0,2,COLD_DWELL,1.000000e-06,-180.00,4,-178.051
1625.0,2,COLD_DWELL,1.000000e-06,-180.00,5,-173.640
1625.0,2,COLD_DWELL,1.000000e-06,-180.00,6,-164.562
1630.0,2,COLD_DWELL,1.000000e-06,-180.00,1,-160.479
1630.0,2,COLD_DWELL,1.000000e-06,-180.00,2,-169.656
1630.0,2,COLD_DWELL,1.000000e-06,-180.00,3,-175.777
1630.0,2,COLD_DWELL,1.000000e-06,-180.00,4,-178.086
1630.0,2,COLD_DWELL,1.000000e-06,-180.00,5,-173.795
1630.0,2,COLD_DWELL,1.000000e-06,-180.00,6,-164.780
1635.0,2,COLD_DWELL,1.000000e-06,-180.00,1,-160.712
1635.0,2,COLD_DWELL,1.000000e-06,-180.00,2,-169.939
1635.0,2,COLD_DWELL,1.000000e-06,-180.00,3,-175.887
1635.0,2,COLD_DWELL,1.000000e-06,-180.00,4,-178.156
1635.0,2,COLD_DWELL,1.000000e-06,-180.00,5,-173.950
1635.0,2,COLD_DWELL,1.000000e-06,-180.00,6,-165.017
1640.0,2,COLD_DWELL,1.000000e-06,-180.00,1,-160.986
1640.0,2,COLD_DWELL,1.000000e-06,-180.00,2,-170.186
1640.0,2,COLD_DWELL,1.000000e-06,-180.00,3,-175.901
1640.0,2,COLD_DWELL,1.000000e-06,-180.00,4,-178.192
1640.0,2,COLD_DWELL,1.000000e-06,-180.00,5,-174.047
1640.0,2,COLD_DWELL,1.000000e-06,-180.00,6,-165.235
1645.0,2,COLD_DWELL,1.000000e-06,-180.00,1,-161.115
1645.0,2,COLD_DWELL,1.000000e-06,-180.00,2,-170.400
1645.0,2,COLD_DWELL,1.000000e-06,-180.00,3,-176.029
1645.0,2,COLD_DWELL,1.000000e-06,-180.00,4,-178.188
1645.0,2,COLD_DWELL,1.000000e-06,-180.00,5,-174.267
1645.0,2,COLD_DWELL,1.000000e-06,-180.00,6,-165.501
1650.0,2,COLD_DWELL,1.000000e-06,-180.00,1,-161.394
1650.0,2,COLD_DWELL,1.000000e-06,-180.00,2,-170.647
1650.0,2,COLD_DWELL,1.000000e-06,-180.00,3,-176.072
1650.0,2,COLD_DWELL,1.000000e-06,-180.00,4,-178.249
1650.0,2,COLD_DWELL,1.000000e-06,-180.00,5,-174.429
1650.0,2,COLD_DWELL,1.000000e-06,-180.00,6,-165.664
1655.0,2,COLD_DWELL,1.000000e-06,-180.00,1,-161.658
1655.0,2,COLD_DWELL,1.000000e-06,-180.00,2,-170.864
1655.0,2,COLD_DWELL,1.000000e-06,-180.00,3,-176.155
1655.0,2,COLD_DWELL,1.000000e-06,-180.00,4,-178.160
1655.0,2,COLD_DWELL,1.000000e-06,-180.00,5,-174.597
1655.0,2,COLD_DWELL,1.000000e-06,-180.00,6,-165.919
1660.0,2,COLD_DWELL,1.000000e-06,-180.00,1,-161.954
1660.0,2,COLD_DWELL,1.000000e-06,-180.00,2,-171.132
1660.0,2,COLD_DWELL,1.000000e-06,-180.00,3,-176.208
1660.0,2,COLD_DWELL,1.000000e-06,-180.00,4,-178.188
1660.0,2,COLD_DWELL,1.000000e-06,-180.00,5,-174.747
1660.0,2,COLD_DWELL,1.000000e-06,-180.00,6,-166.130
1665.0,2,COLD_DWELL,1.000000e-06,-180.00,1,-162.120
1665.0,2,COLD_DWELL,1.000000e-06,-180.00,2,-171.325
1665.0,2,COLD_DWELL,1.000000e-06,-180.00,3,-176.344
1665.0,2,COLD_DWELL,1.000000e-06,-180.00,4,-178.227
1665.0,2,COLD_DWELL,1.000000e-06,-180.00,5,-174.857
1665.0,2,COLD_DWELL,1.000000e-06,-180.00,6,-166.347
1670.0,2,COLD_DWELL,1.000000e-06,-180.00,1,-162.364
1670.0,2,COLD_DWELL,1.000000e-06,-180.00,2,-171.489
1670.0,2,COLD_DWELL,1.000000e-06,-180.00,3,-176.401
1670.0,2,COLD_DWELL,1.000000e-06,-180.00,4,-178.309
1670.0,2,COLD_DWELL,1.000000e-06,-180.00,5,-174.997
1670.0,2,COLD_DWELL,1.000000e-06,-180.00,6,-166.551
1675.0,2,COLD_DWELL,1.000000e-06,-180.00,1,-162.569
1675.0,2,COLD_DWELL,1.000000e-06,-180.00,2,-171.668
1675.0,2,COLD_DWELL,1.000000e-06,-180.00,3,-176.603
1675.0,2,COLD_DWELL,1.000000e-06,-180.00,4,-178.249
1675.0,2,COLD_DWELL,1.000000e-06,-180.00,5,-175.154
1675.0,2,COLD_DWELL,1.000000e-06,-180.00,6,-166.740
1680.0,2,COLD_DWELL,1.000000e-06,-180.00,1,-162.735
1680.0,2,COLD_DWELL,1.000000e-06,-180.00,2,-171.799
1680.0,2,COLD_DWELL,1.000000e-06,-180.00,3,-176.699
1680.0,2,COLD_DWELL,1.000000e-06,-180.00,4,-178.327
1680.0,2,COLD_DWELL,1.000000e-06,-180.00,5,-175.228
1680.0,2,COLD_DWELL,1.000000e-06,-180.00,6,-166.976
1685.0,2,COLD_DWELL,1.000000e-06,-180.00,1,-163.025
1685.0,2,COLD_DWELL,1.000000e-06,-180.00,2,-171.999
1685.0,2,COLD_DWELL,1.000000e-06,-180.00,3,-176.860
1685.0,2,COLD_DWELL,1.000000e-06,-180.00,4,-178.336
1685.0,2,COLD_DWELL,1.000000e-06,-180.00,5,-175.354
1685.0,2,COLD_DWELL,1.000000e-06,-180.00,6,-167.214
1690.0,2,COLD_DWELL,1.000000e-06,-180.00,1,-163.346
1690.0,2,COLD_DWELL,1.000000e-06,-180.00,2,-172.091
1690.0,2,COLD_DWELL,1.000000e-06,-180.00,3,-177.042
1690.0,2,COLD_DWELL,1.000000e-06,-180.00,4,-178.356
1690.0,2,COLD_DWELL,1.000000e-06,-180.00,5,-175.529
1690.0,2,COLD_DWELL,1.000000e-06,-180.00,6,-167.439
1695.0,2,COLD_DWELL,1.000000e-06,-180.00,1,-163.542
1695.0,2,COLD_DWELL,1.000000e-06,-180.00,2,-172.320
1695.0,2,COLD_DWELL,1.000000e-06,-180.00,3,-177.118
1695.0,2,COLD_DWELL,1.000000e-06,-180.00,4,-178.359
1695.0,2,COLD_DWELL,1.000000e-06,-180.00,5,-175.652
1695.0,2,COLD_DWELL,1.000000e-06,-180.00,6,-167.635
1700.0,2,COLD_DWELL,1.000000e-06,-180.00,1,-163.815
1700.0,2,COLD_DWELL,1.000000e-06,-180.00,2,-172.493
1700.0,2,COLD_DWELL,1.000000e-06,-180.00,3,-177.311
1700.0,2,COLD_DWELL,1.000000e-06,-180.00,4,-178.416
1700.0,2,COLD_DWELL,1.000000e-06,-180.00,5,-175.752
1700.0,2,COLD_DWELL,1.000000e-06,-180.00,6,-167.881
1705.0,2,COLD_DWELL,1.000000e-06,-180.00,1,-163.954
1705.0,2,COLD_DWELL,1.000000e-06,-180.00,2,-172.586
1705.0,2,COLD_DWELL,1.000000e-06,-180.00,3,-177.439
1705.0,2,COLD_DWELL,1.000000e-06,-180.00,4,-178.350
1705.0,2,COLD_DWELL,1.000000e-06,-180.00,5,-175.712
1705.0,2,COLD_DWELL,1.000000e-06,-180.00,6,-167.984
1710.0,2,COLD_DWELL,1.000000e-06,-180.00,1,-164.151
1710.0,2,COLD_DWELL,1.000000e-06,-180.00,2,-172.667
1710.0,2,COLD_DWELL,1.000000e-06,-180.00,3,-177.569
1710.0,2,COLD_DWELL,1.000000e-06,-180.00,4,-178.352
1710.0,2,COLD_DWELL,1.000000e-06,-180.00,5,-175.865
1710.0,2,COLD_DWELL,1.000000e-06,-180.00,6,-168.152
1715.0,2,COLD_DWELL,1.000000e-06,-180.00,1,-164.245
1715.0,2,COLD_DWELL,1.000000e-06,-180.00,2,-172.834
1715.0,2,COLD_DWELL,1.000000e-06,-180.00,3,-177.660
1715.0,2,COLD_DWELL,1.000000e-06,-180.00,4,-178.321
1715.0,2,COLD_DWELL,1.000000e-06,-180.00,5,-175.962
1715.0,2,COLD_DWELL,1.000000e-06,-180.00,6,-168.368
1720.0,2,COLD_DWELL,1.000000e-06,-180.00,1,-164.439
1720.0,2,COLD_DWELL,1.000000e-06,-180.00,2,-172.974
1720.0,2,COLD_DWELL,1.000000e-06,-180.00,3,-177.802
1720.0,2,COLD_DWELL,1.000000e-06,-180.00,4,-178.230
1720.0,2,COLD_DWELL,1.000000e-06,-180.00,5,-176.006
1720.0,2,COLD_DWELL,1.000000e-06,-180.00,6,-168.583
1725.0,2,COLD_DWELL,1.000000e-06,-180.00,1,-164.634
1725.0,2,COLD_DWELL,1.000000e-06,-180.00,2,-173.178
1725.0,2,COLD_DWELL,1.000000e-06,-180.00,3,-177.924
1725.0,2,COLD_DWELL,1.000000e-06,-180.00,4,-178.245
1725.0,2,COLD_DWELL,1.000000e-06,-180.00,5,-176.094
1725.0,2,COLD_DWELL,1.000000e-06,-180.00,6,-168.769
1730.0,2,COLD_DWELL,1.000000e-06,-180.00,1,-164.835
1730.0,2,COLD_DWELL,1.000000e-06,-180.00,2,-173.381
1730.0,2,COLD_DWELL,1.000000e-06,-180.00,3,-177.978
1730.0,2,COLD_DWELL,1.000000e-06,-180.00,4,-178.238
1730.0,2,COLD_DWELL,1.000000e-06,-180.00,5,-176.217
1730.0,2,COLD_DWELL,1.000000e-06,-180.00,6,-168.865
1735.0,2,COLD_DWELL,1.000000e-06,-180.00,1,-165.145
1735.0,2,COLD_DWELL,1.000000e-06,-180.00,2,-173.422
1735.0,2,COLD_DWELL,1.000000e-06,-180.00,3,-178.036
1735.0,2,COLD_DWELL,1.000000e-06,-180.00,4,-178.264
1735.0,2,COLD_DWELL,1.000000e-06,-180.00,5,-176.382
1735.0,2,COLD_DWELL,1.000000e-06,-180.00,6,-169.186
1740.0,2,COLD_DWELL,1.000000e-06,-180.00,1,-165.337
1740.0,2,COLD_DWELL,1.000000e-06,-180.00,2,-173.581
1740.0,2,COLD_DWELL,1.000000e-06,-180.00,3,-178.044
1740.0,2,COLD_DWELL,1.000000e-06,-180.00,4,-178.289
1740.0,2,COLD_DWELL,1.000000e-06,-180.00,5,-176.533
1740.0,2,COLD_DWELL,1.000000e-06,-180.00,6,-169.371
1745.0,2,COLD_DWELL,1.000000e-06,-180.00,1,-165.553
1745.0,2,COLD_DWELL,1.000000e-06,-180.00,2,-173.804
1745.0,2,COLD_DWELL,1.000000e-06,-180.00,3,-178.074
1745.0,2,COLD_DWELL,1.000000e-06,-180.00,4,-178.316
1745.0,2,COLD_DWELL,1.000000e-06,-180.00,5,-176.713
1745.0,2,COLD_DWELL,1.000000e-06,-180.00,6,-169.543
1750.0,2,COLD_DWELL,1.000000e-06,-180.00,1,-165.671
1750.0,2,COLD_DWELL,1.000000e-06,-180.00,2,-173.937
1750.0,2,COLD_DWELL,1.000000e-06,-180.00,3,-178.029
1750.0,2,COLD_DWELL,1.000000e-06,-180.00,4,-178.375
1750.0,2,COLD_DWELL,1.000000e-06,-180.00,5,-176.842
1750.0,2,COLD_DWELL,1.000000e-06,-180.00,6,-169.716
1755.0,2,COLD_DWELL,1.000000e-06,-180.00,1,-165.894
1755.0,2,COLD_DWELL,1.000000e-06,-180.00,2,-174.081
1755.0,2,COLD_DWELL,1.000000e-06,-180.00,3,-178.079
1755.0,2,COLD_DWELL,1.000000e-06,-180.00,4,-178.473
1755.0,2,COLD_DWELL,1.000000e-06,-180.00,5,-176.846
1755.0,2,COLD_DWELL,1.000000e-06,-180.00,6,-169.891
1760.0,2,COLD_DWELL,1.000000e-06,-180.00,1,-166.040
1760.0,2,COLD_DWELL,1.000000e-06,-180.00,2,-174.253
1760.0,2,COLD_DWELL,1.000000e-06,-180.00,3,-178.091
1760.0,2,COLD_DWELL,1.000000e-06,-180.00,4,-178.445
1760.0,2,COLD_DWELL,1.000000e-06,-180.00,5,-176.967
1760.0,2,COLD_DWELL,1.000000e-06,-180.00,6,-170.111
1765.0,2,COLD_DWELL,1.000000e-06,-180.00,1,-166.070
1765.0,2,COLD_DWELL,1.000000e-06,-180.00,2,-174.393
1765.0,2,COLD_DWELL,1.000000e-06,-180.00,3,-178.158
1765.0,2,COLD_DWELL,1.000000e-06,-180.00,4,-178.439
1765.0,2,COLD_DWELL,1.000000e-06,-180.00,5,-177.063
1765.0,2,COLD_DWELL,1.000000e-06,-180.00,6,-170.298
1770.0,2,COLD_DWELL,1.000000e-06,-180.00,1,-166.261
1770.0,2,COLD_DWELL,1.000000e-06,-180.00,2,-174.495
1770.0,2,COLD_DWELL,1.000000e-06,-180.00,3,-178.285
1770.0,2,COLD_DWELL,1.000000e-06,-180.00,4,-178.380
1770.0,2,COLD_DWELL,1.000000e-06,-180.00,5,-177.196
1770.0,2,COLD_DWELL,1.000000e-06,-180.00,6,-170.384
1775.0,2,COLD_DWELL,1.000000e-06,-180.00,1,-166.385
1775.0,2,COLD_DWELL,1.000000e-06,-180.00,2,-174.665
1775.0,2,COLD_DWELL,1.000000e-06,-180.00,3,-178.378
1775.0,2,COLD_DWELL,1.000000e-06,-180.00,4,-178.377
1775.0,2,COLD_DWELL,1.000000e-06,-180.00,5,-177.381
1775.0,2,COLD_DWELL,1.000000e-06,-180.00,6,-170.561
1780.0,2,COLD_DWELL,1.000000e-06,-180.00,1,-166.570
1780.0,2,COLD_DWELL,1.000000e-06,-180.00,2,-174.797
1780.0,2,COLD_DWELL,1.000000e-06,-180.00,3,-178.377
1780.0,2,COLD_DWELL,1.000000e-06,-180.00,4,-178.403
1780.0,2,COLD_DWELL,1.000000e-06,-180.00,5,-177.570
1780.0,2,COLD_DWELL,1.000000e-06,-180.00,6,-170.732
1785.0,2,COLD_DWELL,1.000000e-06,-180.00,1,-166.753
1785.0,2,COLD_DWELL,1.000000e-06,-180.00,2,-174.946
1785.0,2,COLD_DWELL,1.000000e-06,-180.00,3,-178.391
1785.0,2,COLD_DWELL,1.000000e-06,-180.00,4,-178.341
1785.0,2,COLD_DWELL,1.000000e-06,-180.00,5,-177.625
1785.0,2,COLD_DWELL,1.000000e-06,-180.00,6,-170.908
1790.0,2,COLD_DWELL,1.000000e-06,-180.00,1,-166.866
1790.0,2,COLD_DWELL,1.000000e-06,-180.00,2,-175.049
1790.0,2,COLD_DWELL,1.000000e-06,-180.00,3,-178.464
1790.0,2,COLD_DWELL,1.000000e-06,-180.00,4,-178.384
1790.0,2,COLD_DWELL,1.000000e-06,-180.00,5,-177.763
1790.0,2,COLD_DWELL,1.000000e-06,-180.00,6,-171.052
1795.0,2,COLD_DWELL,1.000000e-06,-180.00,1,-166.951
1795.0,2,COLD_DWELL,1.000000e-06,-180.00,2,-175.155
1795.0,2,COLD_DWELL,1.000000e-06,-180.00,3,-178.549
1795.0,2,COLD_DWELL,1.000000e-06,-180.00,4,-178.390
1795.0,2,COLD_DWELL,1.000000e-06,-180.00,5,-177.789
1795.0,2,COLD_DWELL,1.000000e-06,-180.00,6,-171.211
1800.0,2,HOT_RAMP,1.000000e-06,-177.50,1,-166.758
1800.0,2,HOT_RAMP,1.000000e-06,-177.50,2,-175.174
1800.0,2,HOT_RAMP,1.000000e-06,-177.50,3,-178.496
1800.0,2,HOT_RAMP,1.000000e-06,-177.50,4,-177.714
1800.0,2,HOT_RAMP,1.000000e-06,-177.50,5,-177.776
1800.0,2,HOT_RAMP,1.000000e-06,-177.50,6,-171.318
1805.0,2,HOT_RAMP,1.000000e-06,-175.00,1,-166.608
1805.0,2,HOT_RAMP,1.000000e-06,-175.00,2,-175.208
1805.0,2,HOT_RAMP,1.000000e-06,-175.00,3,-178.462
1805.0,2,HOT_RAMP,1.000000e-06,-175.00,4,-176.860
1805.0,2,HOT_RAMP,1.000000e-06,-175.00,5,-177.710
1805.0,2,HOT_RAMP,1.000000e-06,-175.00,6,-171.359
1810.0,2,HOT_RAMP,1.000000e-06,-172.50,1,-166.422
1810.0,2,HOT_RAMP,1.000000e-06,-172.50,2,-175.089
1810.0,2,HOT_RAMP,1.000000e-06,-172.50,3,-178.332
1810.0,2,HOT_RAMP,1.000000e-06,-172.50,4,-175.926
1810.0,2,HOT_RAMP,1.000000e-06,-172.50,5,-177.599
1810.0,2,HOT_RAMP,1.000000e-06,-172.50,6,-171.388
1815.0,2,HOT_RAMP,1.000000e-06,-170.00,1,-166.172
1815.0,2,HOT_RAMP,1.000000e-06,-170.00,2,-174.968
1815.0,2,HOT_RAMP,1.000000e-06,-170.00,3,-178.080
1815.0,2,HOT_RAMP,1.000000e-06,-170.00,4,-174.996
1815.0,2,HOT_RAMP,1.000000e-06,-170.00,5,-177.374
1815.0,2,HOT_RAMP,1.000000e-06,-170.00,6,-171.394
1820.0,2,HOT_RAMP,1.000000e-06,-167.50,1,-165.871
1820.0,2,HOT_RAMP,1.000000e-06,-167.50,2,-174.832
1820.0,2,HOT_RAMP,1.000000e-06,-167.50,3,-177.664
1820.0,2,HOT_RAMP,1.000000e-06,-167.50,4,-173.851
1820.0,2,HOT_RAMP,1.000000e-06,-167.50,5,-177.086
1820.0,2,HOT_RAMP,1.000000e-06,-167.50,6,-171.370
1825.0,2,HOT_RAMP,1.000000e-06,-165.00,1,-165.585
1825.0,2,HOT_RAMP,1.000000e-06,-165.00,2,-174.608
1825.0,2,HOT_RAMP,1.000000e-06,-165.00,3,-177.188
1825.0,2,HOT_RAMP,1.000000e-06,-165.00,4,-172.611
1825.0,2,HOT_RAMP,1.000000e-06,-165.00,5,-176.734
1825.0,2,HOT_RAMP,1.000000e-06,-165.00,6,-171.219
1830.0,2,HOT_RAMP,1.000000e-06,-162.50,1,-165.353
1830.0,2,HOT_RAMP,1.000000e-06,-162.50,2,-174.319
1830.0,2,HOT_RAMP,1.000000e-06,-162.50,3,-176.638
1830.0,2,HOT_RAMP,1.000000e-06,-162.50,4,-171.285
1830.0,2,HOT_RAMP,1.000000e-06,-162.50,5,-176.341
1830.0,2,HOT_RAMP,1.000000e-06,-162.50,6,-170.936
1835.0,2,HOT_RAMP,1.000000e-06,-160.00,1,-165.002
1835.0,2,HOT_RAMP,1.000000e-06,-160.00,2,-173.942
1835.0,2,HOT_RAMP,1.000000e-06,-160.00,3,-175.957
1835.0,2,HOT_RAMP,1.000000e-06,-160.00,4,-169.887
1835.0,2,HOT_RAMP,1.000000e-06,-160.00,5,-175.808
1835.0,2,HOT_RAMP,1.000000e-06,-160.00,6,-170.680
1840.0,2,HOT_RAMP,1.000000e-06,-157.50,1,-164.587
1840.0,2,HOT_RAMP,1.000000e-06,-157.50,2,-173.495
1840.0,2,HOT_RAMP,1.000000e-06,-157.50,3,-175.194
1840.0,2,HOT_RAMP,1.000000e-06,-157.50,4,-168.345
1840.0,2,HOT_RAMP,1.000000e-06,-157.50,5,-175.076
1840.0,2,HOT_RAMP,1.000000e-06,-157.50,6,-170.349
1845.0,2,HOT_RAMP,1.000000e-06,-155.00,1,-164.149
1845.0,2,HOT_RAMP,1.000000e-06,-155.00,2,-172.961
1845.0,2,HOT_RAMP,1.000000e-06,-155.00,3,-174.313
1845.0,2,HOT_RAMP,1.000000e-06,-155.00,4,-166.637
1845.0,2,HOT_RAMP,1.000000e-06,-155.00,5,-174.380
1845.0,2,HOT_RAMP,1.000000e-06,-155.00,6,-169.979
1850.0,2,HOT_RAMP,1.000000e-06,-152.50,1,-163.647
1850.0,2,HOT_RAMP,1.000000e-06,-152.50,2,-172.307
1850.0,2,HOT_RAMP,1.000000e-06,-152.50,3,-173.372
1850.0,2,HOT_RAMP,1.000000e-06,-152.50,4,-164.945
1850.0,2,HOT_RAMP,1.000000e-06,-152.50,5,-173.468
1850.0,2,HOT_RAMP,1.000000e-06,-152.50,6,-169.504
1855.0,2,HOT_RAMP,1.000000e-06,-150.00,1,-163.108
1855.0,2,HOT_RAMP,1.000000e-06,-150.00,2,-171.643
1855.0,2,HOT_RAMP,1.000000e-06,-150.00,3,-172.182
1855.0,2,HOT_RAMP,1.000000e-06,-150.00,4,-162.850
1855.0,2,HOT_RAMP,1.000000e-06,-150.00,5,-172.505
1855.0,2,HOT_RAMP,1.000000e-06,-150.00,6,-169.055
1860.0,2,HOT_RAMP,1.000000e-06,-147.50,1,-162.408
1860.0,2,HOT_RAMP,1.000000e-06,-147.50,2,-170.938
1860.0,2,HOT_RAMP,1.000000e-06,-147.50,3,-170.981
1860.0,2,HOT_RAMP,1.000000e-06,-147.50,4,-160.818
1860.0,2,HOT_RAMP,1.000000e-06,-147.50,5,-171.466
1860.0,2,HOT_RAMP,1.000000e-06,-147.50,6,-168.385
1865.0,2,HOT_RAMP,1.000000e-06,-145.00,1,-161.725
1865.0,2,HOT_RAMP,1.000000e-06,-145.00,2,-170.052
1865.0,2,HOT_RAMP,1.000000e-06,-145.00,3,-169.612
1865.0,2,HOT_RAMP,1.000000e-06,-145.00,4,-158.515
1865.0,2,HOT_RAMP,1.000000e-06,-145.00,5,-170.273
1865.0,2,HOT_RAMP,1.000000e-06,-145.00,6,-167.730
1870.0,2,HOT_RAMP,1.000000e-06,-142.50,1,-160.954
1870.0,2,HOT_RAMP,1.000000e-06,-142.50,2,-169.145
1870.0,2,HOT_RAMP,1.000000e-06,-142.50,3,-168.125
1870.0,2,HOT_RAMP,1.000000e-06,-142.50,4,-156.175
1870.0,2,HOT_RAMP,1.000000e-06,-142.50,5,-168.996
1870.0,2,HOT_RAMP,1.000000e-06,-142.50,6,-167.040
1875.0,2,HOT_RAMP,1.000000e-06,-140.00,1,-160.187
1875.0,2,HOT_RAMP,1.000000e-06,-140.00,2,-168.098
1875.0,2,HOT_RAMP,1.000000e-06,-140.00,3,-166.443
1875.0,2,HOT_RAMP,1.000000e-06,-140.00,4,-153.752
1875.0,2,HOT_RAMP,1.000000e-06,-140.00,5,-167.552
1875.0,2,HOT_RAMP,1.000000e-06,-140.00,6,-166.249
1880.0,2,HOT_RAMP,1.000000e-06,-137.50,1,-159.239
1880.0,2,HOT_RAMP,1.000000e-06,-137.50,2,-166.923
1880.0,2,HOT_RAMP,1.000000e-06,-137.50,3,-164.648
1880.0,2,HOT_RAMP,1.000000e-06,-137.50,4,-151.128
1880.0,2,HOT_RAMP,1.000000e-06,-137.50,5,-166.055
1880.0,2,HOT_RAMP,1.000000e-06,-137.50,6,-165.322
1885.0,2,HOT_RAMP,1.000000e-06,-135.00,1,-158.335
1885.0,2,HOT_RAMP,1.000000e-06,-135.00,2,-165.620
1885.0,2,HOT_RAMP,1.000000e-06,-135.00,3,-162.770
1885.0,2,HOT_RAMP,1.000000e-06,-135.00,4,-148.394
1885.0,2,HOT_RAMP,1.000000e-06,-135.00,5,-164.345
1885.0,2,HOT_RAMP,1.000000e-06,-135.00,6,-164.426
1890.0,2,HOT_RAMP,1.000000e-06,-132.50,1,-157.259
1890.0,2,HOT_RAMP,1.000000e-06,-132.50,2,-164.206
1890.0,2,HOT_RAMP,1.000000e-06,-132.50,3,-160.602
1890.0,2,HOT_RAMP,1.000000e-06,-132.50,4,-145.757
1890.0,2,HOT_RAMP,1.000000e-06,-132.50,5,-162.688
1890.0,2,HOT_RAMP,1.000000e-06,-132.50,6,-163.440
1895.0,2,HOT_RAMP,1.000000e-06,-130.00,1,-156.166
1895.0,2,HOT_RAMP,1.000000e-06,-130.00,2,-162.742
1895.0,2,HOT_RAMP,1.000000e-06,-130.00,3,-158.446
1895.0,2,HOT_RAMP,1.000000e-06,-130.00,4,-142.986
1895.0,2,HOT_RAMP,1.000000e-06,-130.00,5,-160.778
1895.0,2,HOT_RAMP,1.000000e-06,-130.00,6,-162.203
1900.0,2,HOT_RAMP,1.000000e-06,-127.50,1,-155.020
1900.0,2,HOT_RAMP,1.000000e-06,-127.50,2,-161.181
1900.0,2,HOT_RAMP,1.000000e-06,-127.50,3,-156.147
1900.0,2,HOT_RAMP,1.000000e-06,-127.50,4,-140.024
1900.0,2,HOT_RAMP,1.000000e-06,-127.50,5,-158.719
1900.0,2,HOT_RAMP,1.000000e-06,-127.50,6,-160.872
1905.0,2,HOT_RAMP,1.000000e-06,-125.00,1,-153.841
1905.0,2,HOT_RAMP,1.000000e-06,-125.00,2,-159.467
1905.0,2,HOT_RAMP,1.000000e-06,-125.00,3,-153.600
1905.0,2,HOT_RAMP,1.000000e-06,-125.00,4,-136.981
1905.0,2,HOT_RAMP,1.000000e-06,-125.00,5,-156.571
1905.0,2,HOT_RAMP,1.000000e-06,-125.00,6,-159.506
1910.0,2,HOT_RAMP,1.000000e-06,-122.50,1,-152.465
1910.0,2,HOT_RAMP,1.000000e-06,-122.50,2,-157.525
1910.0,2,HOT_RAMP,1.000000e-06,-122.50,3,-150.986
1910.0,2,HOT_RAMP,1.000000e-06,-122.50,4,-133.881
1910.0,2,HOT_RAMP,1.000000e-06,-122.50,5,-154.278
1910.0,2,HOT_RAMP,1.000000e-06,-122.50,6,-158.034
1915.0,2,HOT_RAMP,1.000000e-06,-120.00,1,-151.037
1915.0,2,HOT_RAMP,1.000000e-06,-120.00,2,-155.641
1915.0,2,HOT_RAMP,1.000000e-06,-120.00,3,-148.162
1915.0,2,HOT_RAMP,1.000000e-06,-120.00,4,-130.724
1915.0,2,HOT_RAMP,1.000000e-06,-120.00,5,-151.850
1915.0,2,HOT_RAMP,1.000000e-06,-120.00,6,-156.459
1920.0,2,HOT_RAMP,1.000000e-06,-117.50,1,-149.515
1920.0,2,HOT_RAMP,1.000000e-06,-117.50,2,-153.502
1920.0,2,HOT_RAMP,1.000000e-06,-117.50,3,-145.125
1920.0,2,HOT_RAMP,1.000000e-06,-117.50,4,-127.522
1920.0,2,HOT_RAMP,1.000000e-06,-117.50,5,-149.252
1920.0,2,HOT_RAMP,1.000000e-06,-117.50,6,-154.737
1925.0,2,HOT_RAMP,1.000000e-06,-115.00,1,-147.924
1925.0,2,HOT_RAMP,1.000000e-06,-115.00,2,-151.328
1925.0,2,HOT_RAMP,1.000000e-06,-115.00,3,-142.072
1925.0,2,HOT_RAMP,1.000000e-06,-115.00,4,-124.293
1925.0,2,HOT_RAMP,1.000000e-06,-115.00,5,-146.451
1925.0,2,HOT_RAMP,1.000000e-06,-115.00,6,-152.875
1930.0,2,HOT_RAMP,1.000000e-06,-112.50,1,-146.206
1930.0,2,HOT_RAMP,1.000000e-06,-112.50,2,-148.973
1930.0,2,HOT_RAMP,1.000000e-06,-112.50,3,-138.954
1930.0,2,HOT_RAMP,1.000000e-06,-112.50,4,-121.210
1930.0,2,HOT_RAMP,1.000000e-06,-112.50,5,-143.570
1930.0,2,HOT_RAMP,1.000000e-06,-112.50,6,-150.890
1935.0,2,HOT_RAMP,1.000000e-06,-110.00,1,-144.363
1935.0,2,HOT_RAMP,1.000000e-06,-110.00,2,-146.492
1935.0,2,HOT_RAMP,1.000000e-06,-110.00,3,-135.646
1935.0,2,HOT_RAMP,1.000000e-06,-110.00,4,-118.079
1935.0,2,HOT_RAMP,1.000000e-06,-110.00,5,-140.509
1935.0,2,HOT_RAMP,1.000000e-06,-110.00,6,-148.785
1940.0,2,HOT_RAMP,1.000000e-06,-107.50,1,-142.427
1940.0,2,HOT_RAMP,1.000000e-06,-107.50,2,-143.797
1940.0,2,HOT_RAMP,1.000000e-06,-107.50,3,-132.206
1940.0,2,HOT_RAMP,1.000000e-06,-107.50,4,-114.930
1940.0,2,HOT_RAMP,1.000000e-06,-107.50,5,-137.317
1940.0,2,HOT_RAMP,1.000000e-06,-107.50,6,-146.586
1945.0,2,HOT_RAMP,1.000000e-06,-105.00,1,-140.457
1945.0,2,HOT_RAMP,1.000000e-06,-105.00,2,-140.981
1945.0,2,HOT_RAMP,1.000000e-06,-105.00,3,-128.745
1945.0,2,HOT_RAMP,1.000000e-06,-105.00,4,-111.852
1945.0,2,HOT_RAMP,1.000000e-06,-105.00,5,-134.065
1945.0,2,HOT_RAMP,1.000000e-06,-105.00,6,-144.186
1950.0,2,HOT_RAMP,1.000000e-06,-102.50,1,-138.361
1950.0,2,HOT_RAMP,1.000000e-06,-102.50,2,-138.122
1950.0,2,HOT_RAMP,1.000000e-06,-102.50,3,-125.205
1950.0,2,HOT_RAMP,1.000000e-06,-102.50,4,-108.730
1950.0,2,HOT_RAMP,1.000000e-06,-102.50,5,-130.767
1950.0,2,HOT_RAMP,1.000000e-06,-102.50,6,-141.672
1955.0,2,HOT_RAMP,1.000000e-06,-100.00,1,-136.117
1955.0,2,HOT_RAMP,1.000000e-06,-100.00,2,-135.127
1955.0,2,HOT_RAMP,1.000000e-06,-100.00,3,-121.649
1955.0,2,HOT_RAMP,1.000000e-06,-100.00,4,-105.631
1955.0,2,HOT_RAMP,1.000000e-06,-100.00,5,-127.225
1955.0,2,HOT_RAMP,1.000000e-06,-100.00,6,-139.105
1960.0,2,HOT_RAMP,1.000000e-06,-97.50,1,-133.762
1960.0,2,HOT_RAMP,1.000000e-06,-97.50,2,-131.982
1960.0,2,HOT_RAMP,1.000000e-06,-97.50,3,-118.018
1960.0,2,HOT_RAMP,1.000000e-06,-97.50,4,-102.695
1960.0,2,HOT_RAMP,1.000000e-06,-97.50,5,-123.805
1960.0,2,HOT_RAMP,1.000000e-06,-97.50,6,-136.435
1965.0,2,HOT_RAMP,1.000000e-06,-95.00,1,-131.280
1965.0,2,HOT_RAMP,1.000000e-06,-95.00,2,-128.899
1965.0,2,HOT_RAMP,1.000000e-06,-95.00,3,-114.392
1965.0,2,HOT_RAMP,1.000000e-06,-95.00,4,-99.692
1965.0,2,HOT_RAMP,1.000000e-06,-95.00,5,-120.225
1965.0,2,HOT_RAMP,1.000000e-06,-95.00,6,-133.583
1970.0,2,HOT_RAMP,1.000000e-06,-92.50,1,-128.672
1970.0,2,HOT_RAMP,1.000000e-06,-92.50,2,-125.486
1970.0,2,HOT_RAMP,1.000000e-06,-92.50,3,-110.785
1970.0,2,HOT_RAMP,1.000000e-06,-92.50,4,-96.816
1970.0,2,HOT_RAMP,1.000000e-06,-92.50,5,-116.601
1970.0,2,HOT_RAMP,1.000000e-06,-92.50,6,-130.556
1975.0,2,HOT_RAMP,1.000000e-06,-90.00,1,-125.988
1975.0,2,HOT_RAMP,1.000000e-06,-90.00,2,-122.097
1975.0,2,HOT_RAMP,1.000000e-06,-90.00,3,-107.031
1975.0,2,HOT_RAMP,1.000000e-06,-90.00,4,-93.899
1975.0,2,HOT_RAMP,1.000000e-06,-90.00,5,-112.901
1975.0,2,HOT_RAMP,1.000000e-06,-90.00,6,-127.490
1980.0,2,HOT_RAMP,1.000000e-06,-87.50,1,-123.106
1980.0,2,HOT_RAMP,1.000000e-06,-87.50,2,-118.411
1980.0,2,HOT_RAMP,1.000000e-06,-87.50,3,-103.335
1980.0,2,HOT_RAMP,1.000000e-06,-87.50,4,-91.008
1980.0,2,HOT_RAMP,1.000000e-06,-87.50,5,-109.141
1980.0,2,HOT_RAMP,1.000000e-06,-87.50,6,-124.316
1985.0,2,HOT_RAMP,1.000000e-06,-85.00,1,-120.194
1985.0,2,HOT_RAMP,1.000000e-06,-85.00,2,-114.800
1985.0,2,HOT_RAMP,1.000000e-06,-85.00,3,-99.647
1985.0,2,HOT_RAMP,1.000000e-06,-85.00,4,-88.140
1985.0,2,HOT_RAMP,1.000000e-06,-85.00,5,-105.442
1985.0,2,HOT_RAMP,1.000000e-06,-85.00,6,-121.087
1990.0,2,HOT_RAMP,1.000000e-06,-82.50,1,-117.183
1990.0,2,HOT_RAMP,1.000000e-06,-82.50,2,-111.009
1990.0,2,HOT_RAMP,1.000000e-06,-82.50,3,-96.142
1990.0,2,HOT_RAMP,1.000000e-06,-82.50,4,-85.320
1990.0,2,HOT_RAMP,1.000000e-06,-82.50,5,-101.766
1990.0,2,HOT_RAMP,1.000000e-06,-82.50,6,-117.764
1995.0,2,HOT_RAMP,1.000000e-06,-80.00,1,-114.056
1995.0,2,HOT_RAMP,1.000000e-06,-80.00,2,-107.389
1995.0,2,HOT_RAMP,1.000000e-06,-80.00,3,-92.599
1995.0,2,HOT_RAMP,1.000000e-06,-80.00,4,-82.603
1995.0,2,HOT_RAMP,1.000000e-06,-80.00,5,-98.006
1995.0,2,HOT_RAMP,1.000000e-06,-80.00,6,-114.280
2000.0,2,HOT_RAMP,1.000000e-06,-77.50,1,-110.869
2000.0,2,HOT_RAMP,1.000000e-06,-77.50,2,-103.592
2000.0,2,HOT_RAMP,1.000000e-06,-77.50,3,-89.186
2000.0,2,HOT_RAMP,1.000000e-06,-77.50,4,-79.823
2000.0,2,HOT_RAMP,1.000000e-06,-77.50,5,-94.218
2000.0,2,HOT_RAMP,1.000000e-06,-77.50,6,-110.778
2005.0,2,HOT_RAMP,1.000000e-06,-75.00,1,-107.710
2005.0,2,HOT_RAMP,1.000000e-06,-75.00,2,-99.825
2005.0,2,HOT_RAMP,1.000000e-06,-75.00,3,-85.915
2005.0,2,HOT_RAMP,1.000000e-06,-75.00,4,-77.044
2005.0,2,HOT_RAMP,1.000000e-06,-75.00,5,-90.522
2005.0,2,HOT_RAMP,1.000000e-06,-75.00,6,-107.192
2010.0,2,HOT_RAMP,1.000000e-06,-72.50,1,-104.333
2010.0,2,HOT_RAMP,1.000000e-06,-72.50,2,-96.023
2010.0,2,HOT_RAMP,1.000000e-06,-72.50,3,-82.640
2010.0,2,HOT_RAMP,1.000000e-06,-72.50,4,-74.439
2010.0,2,HOT_RAMP,1.000000e-06,-72.50,5,-86.928
2010.0,2,HOT_RAMP,1.000000e-06,-72.50,6,-103.521
2015.0,2,HOT_RAMP,1.000000e-06,-70.00,1,-100.847
2015.0,2,HOT_RAMP,1.000000e-06,-70.00,2,-92.265
2015.0,2,HOT_RAMP,1.000000e-06,-70.00,3,-79.325
2015.0,2,HOT_RAMP,1.000000e-06,-70.00,4,-71.737
2015.0,2,HOT_RAMP,1.000000e-06,-70.00,5,-83.392
2015.0,2,HOT_RAMP,1.000000e-06,-70.00,6,-99.860
2020.0,2,HOT_RAMP,1.000000e-06,-67.50,1,-97.412
2020.0,2,HOT_RAMP,1.000000e-06,-67.50,2,-88.307
2020.0,2,HOT_RAMP,1.000000e-06,-67.50,3,-76.132
2020.0,2,HOT_RAMP,1.000000e-06,-67.50,4,-69.059
2020.0,2,HOT_RAMP,1.000000e-06,-67.50,5,-79.921
2020.0,2,HOT_RAMP,1.000000e-06,-67.50,6,-96.056
2025.0,2,HOT_RAMP,1.000000e-06,-65.00,1,-93.899
2025.0,2,HOT_RAMP,1.000000e-06,-65.00,2,-84.570
2025.0,2,HOT_RAMP,1.000000e-06,-65.00,3,-73.022
2025.0,2,HOT_RAMP,1.000000e-06,-65.00,4,-66.357
2025.0,2,HOT_RAMP,1.000000e-06,-65.00,5,-76.497
2025.0,2,HOT_RAMP,1.000000e-06,-65.00,6,-92.188
2030.0,2,HOT_RAMP,1.000000e-06,-62.50,1,-90.279
2030.0,2,HOT_RAMP,1.000000e-06,-62.50,2,-80.727
2030.0,2,HOT_RAMP,1.000000e-06,-62.50,3,-69.911
2030.0,2,HOT_RAMP,1.000000e-06,-62.50,4,-63.706
2030.0,2,HOT_RAMP,1.000000e-06,-62.50,5,-73.145
2030.0,2,HOT_RAMP,1.000000e-06,-62.50,6,-88.367
2035.0,2,HOT_RAMP,1.000000e-06,-60.00,1,-86.734
2035.0,2,HOT_RAMP,1.000000e-06,-60.00,2,-77.016
2035.0,2,HOT_RAMP,1.000000e-06,-60.00,3,-66.968
2035.0,2,HOT_RAMP,1.000000e-06,-60.00,4,-61.015
2035.0,2,HOT_RAMP,1.000000e-06,-60.00,5,-69.858
2035.0,2,HOT_RAMP,1.000000e-06,-60.00,6,-84.470
2040.0,2,HOT_RAMP,1.000000e-06,-57.50,1,-83.126
2040.0,2,HOT_RAMP,1.000000e-06,-57.50,2,-73.417
2040.0,2,HOT_RAMP,1.000000e-06,-57.50,3,-63.937
2040.0,2,HOT_RAMP,1.000000e-06,-57.50,4,-58.447
2040.0,2,HOT_RAMP,1.000000e-06,-57.50,5,-66.667
2040.0,2,HOT_RAMP,1.000000e-06,-57.50,6,-80.670
2045.0,2,HOT_RAMP,1.000000e-06,-55.00,1,-79.496
2045.0,2,HOT_RAMP,1.000000e-06,-55.00,2,-69.868
2045.0,2,HOT_RAMP,1.000000e-06,-55.00,3,-61.006
2045.0,2,HOT_RAMP,1.000000e-06,-55.00,4,-55.867
2045.0,2,HOT_RAMP,1.000000e-06,-55.00,5,-63.525
2045.0,2,HOT_RAMP,1.000000e-06,-55.00,6,-76.927
2050.0,2,HOT_RAMP,1.000000e-06,-52.50,1,-75.862
2050.0,2,HOT_RAMP,1.000000e-06,-52.50,2,-66.274
2050.0,2,HOT_RAMP,1.000000e-06,-52.50,3,-58.044
2050.0,2,HOT_RAMP,1.000000e-06,-52.50,4,-53.164
2050.0,2,HOT_RAMP,1.000000e-06,-52.50,5,-60.390
2050.0,2,HOT_RAMP,1.000000e-06,-52.50,6,-73.206
2055.0,2,HOT_RAMP,1.000000e-06,-50.00,1,-72.203
2055.0,2,HOT_RAMP,1.000000e-06,-50.00,2,-62.844
2055.0,2,HOT_RAMP,1.000000e-06,-50.00,3,-55.091
2055.0,2,HOT_RAMP,1.000000e-06,-50.00,4,-50.583
2055.0,2,HOT_RAMP,1.000000e-06,-50.00,5,-57.287
2055.0,2,HOT_RAMP,1.000000e-06,-50.00,6,-69.464
2060.0,2,HOT_RAMP,1.000000e-06,-47.50,1,-68.509
2060.0,2,HOT_RAMP,1.000000e-06,-47.50,2,-59.474
2060.0,2,HOT_RAMP,1.000000e-06,-47.50,3,-52.229
2060.0,2,HOT_RAMP,1.000000e-06,-47.50,4,-47.912
2060.0,2,HOT_RAMP,1.000000e-06,-47.50,5,-54.199
2060.0,2,HOT_RAMP,1.000000e-06,-47.50,6,-65.718
2065.0,2,HOT_RAMP,1.000000e-06,-45.00,1,-64.819
2065.0,2,HOT_RAMP,1.000000e-06,-45.00,2,-56.146
2065.0,2,HOT_RAMP,1.000000e-06,-45.00,3,-49.490
2065.0,2,HOT_RAMP,1.000000e-06,-45.00,4,-45.340
2065.0,2,HOT_RAMP,1.000000e-06,-45.00,5,-51.327
2065.0,2,HOT_RAMP,1.000000e-06,-45.00,6,-62.122
2070.0,2,HOT_RAMP,1.000000e-06,-42.50,1,-61.255
2070.0,2,HOT_RAMP,1.000000e-06,-42.50,2,-52.868
2070.0,2,HOT_RAMP,1.000000e-06,-42.50,3,-46.690
2070.0,2,HOT_RAMP,1.000000e-06,-42.50,4,-42.722
2070.0,2,HOT_RAMP,1.000000e-06,-42.50,5,-48.440
2070.0,2,HOT_RAMP,1.000000e-06,-42.50,6,-58.490
2075.0,2,HOT_RAMP,1.000000e-06,-40.00,1,-57.650
2075.0,2,HOT_RAMP,1.000000e-06,-40.00,2,-49.620
2075.0,2,HOT_RAMP,1.000000e-06,-40.00,3,-43.941
2075.0,2,HOT_RAMP,1.000000e-06,-40.00,4,-40.138
2075.0,2,HOT_RAMP,1.000000e-06,-40.00,5,-45.594
2075.0,2,HOT_RAMP,1.000000e-06,-40.00,6,-54.991
2080.0,2,HOT_RAMP,1.000000e-06,-37.50,1,-54.159
2080.0,2,HOT_RAMP,1.000000e-06,-37.50,2,-46.593
2080.0,2,HOT_RAMP,1.000000e-06,-37.50,3,-41.106
2080.0,2,HOT_RAMP,1.000000e-06,-37.50,4,-37.543
2080.0,2,HOT_RAMP,1.000000e-06,-37.50,5,-42.759
2080.0,2,HOT_RAMP,1.000000e-06,-37.50,6,-51.508
2085.0,2,HOT_RAMP,1.000000e-06,-35.00,1,-50.717
2085.0,2,HOT_RAMP,1.000000e-06,-35.00,2,-43.466
2085.0,2,HOT_RAMP,1.000000e-06,-35.00,3,-38.390
2085.0,2,HOT_RAMP,1.000000e-06,-35.00,4,-34.975
2085.0,2,HOT_RAMP,1.000000e-06,-35.00,5,-39.804
2085.0,2,HOT_RAMP,1.000000e-06,-35.00,6,-48.175
2090.0,2,HOT_RAMP,1.000000e-06,-32.50,1,-47.290
2090.0,2,HOT_RAMP,1.000000e-06,-32.50,2,-40.463
2090.0,2,HOT_RAMP,1.000000e-06,-32.50,3,-35.775
2090.0,2,HOT_RAMP,1.000000e-06,-32.50,4,-32.465
2090.0,2,HOT_RAMP,1.000000e-06,-32.50,5,-37.059
2090.0,2,HOT_RAMP,1.000000e-06,-32.50,6,-44.779
2095.0,2,HOT_RAMP,1.000000e-06,-30.00,1,-43.883
2095.0,2,HOT_RAMP,1.000000e-06,-30.00,2,-37.556
2095.0,2,HOT_RAMP,1.000000e-06,-30.00,3,-33.129
2095.0,2,HOT_RAMP,1.000000e-06,-30.00,4,-29.782
2095.0,2,HOT_RAMP,1.000000e-06,-30.00,5,-34.361
2095.0,2,HOT_RAMP,1.000000e-06,-30.00,6,-41.494
2100.0,2,HOT_DWELL,1.000000e-06,-27.50,1,-40.725
2100.0,2,HOT_DWELL,1.000000e-06,-27.50,2,-34.626
2100.0,2,HOT_DWELL,1.000000e-06,-27.50,3,-30.417
2100.0,2,HOT_DWELL,1.000000e-06,-27.50,4,-27.598
2100.0,2,HOT_DWELL,1.000000e-06,-27.50,5,-31.604
2100.0,2,HOT_DWELL,1.000000e-06,-27.50,6,-38.246
2105.0,2,HOT_DWELL,1.000000e-06,-25.00,1,-37.535
2105.0,2,HOT_DWELL,1.000000e-06,-25.00,2,-31.780
2105.0,2,HOT_DWELL,1.000000e-06,-25.00,3,-27.671
2105.0,2,HOT_DWELL,1.000000e-06,-25.00,4,-25.052
2105.0,2,HOT_DWELL,1.000000e-06,-25.00,5,-28.850
2105.0,2,HOT_DWELL,1.000000e-06,-25.00,6,-35.056
2110.0,2,HOT_DWELL,1.000000e-06,-22.50,1,-34.337
2110.0,2,HOT_DWELL,1.000000e-06,-22.50,2,-28.936
2110.0,2,HOT_DWELL,1.000000e-06,-22.50,3,-25.028
2110.0,2,HOT_DWELL,1.000000e-06,-22.50,4,-22.597
2110.0,2,HOT_DWELL,1.000000e-06,-22.50,5,-26.121
2110.0,2,HOT_DWELL,1.000000e-06,-22.50,6,-31.890
2115.0,2,HOT_DWELL,1.000000e-06,-20.00,1,-31.243
2115.0,2,HOT_DWELL,1.000000e-06,-20.00,2,-26.044
2115.0,2,HOT_DWELL,1.000000e-06,-20.00,3,-22.246
2115.0,2,HOT_DWELL,1.000000e-06,-20.00,4,-19.880
2115.0,2,HOT_DWELL,1.000000e-06,-20.00,5,-23.443
2115.0,2,HOT_DWELL,1.000000e-06,-20.00,6,-28.859
2120.0,2,HOT_DWELL,1.000000e-06,-17.50,1,-28.104
2120.0,2,HOT_DWELL,1.000000e-06,-17.50,2,-23.123
2120.0,2,HOT_DWELL,1.000000e-06,-17.50,3,-19.630
2120.0,2,HOT_DWELL,1.000000e-06,-17.50,4,-17.400
2120.0,2,HOT_DWELL,1.000000e-06,-17.50,5,-20.753
2120.0,2,HOT_DWELL,1.000000e-06,-17.50,6,-25.875
2125.0,2,HOT_DWELL,1.000000e-06,-15.00,1,-25.012
2125.0,2,HOT_DWELL,1.000000e-06,-15.00,2,-20.206
2125.0,2,HOT_DWELL,1.000000e-06,-15.00,3,-16.931
2125.0,2,HOT_DWELL,1.000000e-06,-15.00,4,-14.788
2125.0,2,HOT_DWELL,1.000000e-06,-15.00,5,-18.054
2125.0,2,HOT_DWELL,1.000000e-06,-15.00,6,-22.879
2130.0,2,HOT_DWELL,1.000000e-06,-12.50,1,-22.021
2130.0,2,HOT_DWELL,1.000000e-06,-12.50,2,-17.454
2130.0,2,HOT_DWELL,1.000000e-06,-12.50,3,-14.341
2130.0,2,HOT_DWELL,1.000000e-06,-12.50,4,-12.308
2130.0,2,HOT_DWELL,1.000000e-06,-12.50,5,-15.331
2130.0,2,HOT_DWELL,1.000000e-06,-12.50,6,-19.893
2135.0,2,HOT_DWELL,1.000000e-06,-10.00,1,-19.049
2135.0,2,HOT_DWELL,1.000000e-06,-10.00,2,-14.746
2135.0,2,HOT_DWELL,1.000000e-06,-10.00,3,-11.700
2135.0,2,HOT_DWELL,1.000000e-06,-10.00,4,-9.645
2135.0,2,HOT_DWELL,1.000000e-06,-10.00,5,-12.650
2135.0,2,HOT_DWELL,1.000000e-06,-10.00,6,-16.987
2140.0,2,HOT_DWELL,1.000000e-06,-7.50,1,-16.096
2140.0,2,HOT_DWELL,1.000000e-06,-7.50,2,-12.053
2140.0,2,HOT_DWELL,1.000000e-06,-7.50,3,-9.108
2140.0,2,HOT_DWELL,1.000000e-06,-7.50,4,-7.141
2140.0,2,HOT_DWELL,1.000000e-06,-7.50,5,-10.022
2140.0,2,HOT_DWELL,1.000000e-06,-7.50,6,-14.119
2145.0,2,HOT_DWELL,1.000000e-06,-5.00,1,-13.175
2145.0,2,HOT_DWELL,1.000000e-06,-5.00,2,-9.349
2145.0,2,HOT_DWELL,1.000000e-06,-5.00,3,-6.496
2145.0,2,HOT_DWELL,1.000000e-06,-5.00,4,-4.497
2145.0,2,HOT_DWELL,1.000000e-06,-5.00,5,-7.258
2145.0,2,HOT_DWELL,1.000000e-06,-5.00,6,-11.328
2150.0,2,HOT_DWELL,1.000000e-06,-2.50,1,-10.192
2150.0,2,HOT_DWELL,1.000000e-06,-2.50,2,-6.509
2150.0,2,HOT_DWELL,1.000000e-06,-2.50,3,-3.907
2150.0,2,HOT_DWELL,1.000000e-06,-2.50,4,-2.024
2150.0,2,HOT_DWELL,1.000000e-06,-2.50,5,-4.700
2150.0,2,HOT_DWELL,1.000000e-06,-2.50,6,-8.459
2155.0,2,HOT_DWELL,1.000000e-06,0.00,1,-7.385
2155.0,2,HOT_DWELL,1.000000e-06,0.00,2,-3.778
2155.0,2,HOT_DWELL,1.000000e-06,0.00,3,-1.320
2155.0,2,HOT_DWELL,1.000000e-06,0.00,4,0.542
2155.0,2,HOT_DWELL,1.000000e-06,0.00,5,-2.075
2155.0,2,HOT_DWELL,1.000000e-06,0.00,6,-5.650
2160.0,2,HOT_DWELL,1.000000e-06,2.50,1,-4.507
2160.0,2,HOT_DWELL,1.000000e-06,2.50,2,-1.099
2160.0,2,HOT_DWELL,1.000000e-06,2.50,3,1.362
2160.0,2,HOT_DWELL,1.000000e-06,2.50,4,3.162
2160.0,2,HOT_DWELL,1.000000e-06,2.50,5,0.533
2160.0,2,HOT_DWELL,1.000000e-06,2.50,6,-2.931
2165.0,2,HOT_DWELL,1.000000e-06,5.00,1,-1.578
2165.0,2,HOT_DWELL,1.000000e-06,5.00,2,1.574
2165.0,2,HOT_DWELL,1.000000e-06,5.00,3,3.978
2165.0,2,HOT_DWELL,1.000000e-06,5.00,4,5.675
2165.0,2,HOT_DWELL,1.000000e-06,5.00,5,3.153
2165.0,2,HOT_DWELL,1.000000e-06,5.00,6,-0.154
2170.0,2,HOT_DWELL,1.000000e-06,7.50,1,1.265
2170.0,2,HOT_DWELL,1.000000e-06,7.50,2,4.317
2170.0,2,HOT_DWELL,1.000000e-06,7.50,3,6.599
2170.0,2,HOT_DWELL,1.000000e-06,7.50,4,8.136
2170.0,2,HOT_DWELL,1.000000e-06,7.50,5,5.844
2170.0,2,HOT_DWELL,1.000000e-06,7.50,6,2.603
2175.0,2,HOT_DWELL,1.000000e-06,10.00,1,4.184
2175.0,2,HOT_DWELL,1.000000e-06,10.00,2,7.113
2175.0,2,HOT_DWELL,1.000000e-06,10.00,3,9.193
2175.0,2,HOT_DWELL,1.000000e-06,10.00,4,10.714
2175.0,2,HOT_DWELL,1.000000e-06,10.00,5,8.367
2175.0,2,HOT_DWELL,1.000000e-06,10.00,6,5.432
2180.0,2,HOT_DWELL,1.000000e-06,12.50,1,6.998
2180.0,2,HOT_DWELL,1.000000e-06,12.50,2,9.684
2180.0,2,HOT_DWELL,1.000000e-06,12.50,3,11.725
2180.0,2,HOT_DWELL,1.000000e-06,12.50,4,13.334
2180.0,2,HOT_DWELL,1.000000e-06,12.50,5,11.107
2180.0,2,HOT_DWELL,1.000000e-06,12.50,6,8.215
2185.0,2,HOT_DWELL,1.000000e-06,15.00,1,9.637
2185.0,2,HOT_DWELL,1.000000e-06,15.00,2,12.338
2185.0,2,HOT_DWELL,1.000000e-06,15.00,3,14.321
2185.0,2,HOT_DWELL,1.000000e-06,15.00,4,15.935
2185.0,2,HOT_DWELL,1.000000e-06,15.00,5,13.709
2185.0,2,HOT_DWELL,1.000000e-06,15.00,6,10.887
2190.0,2,HOT_DWELL,1.000000e-06,17.50,1,12.265
2190.0,2,HOT_DWELL,1.000000e-06,17.50,2,14.888
2190.0,2,HOT_DWELL,1.000000e-06,17.50,3,16.943
2190.0,2,HOT_DWELL,1.000000e-06,17.50,4,18.436
2190.0,2,HOT_DWELL,1.000000e-06,17.50,5,16.362
2190.0,2,HOT_DWELL,1.000000e-06,17.50,6,13.454
2195.0,2,HOT_DWELL,1.000000e-06,20.00,1,14.973
2195.0,2,HOT_DWELL,1.000000e-06,20.00,2,17.524
2195.0,2,HOT_DWELL,1.000000e-06,20.00,3,19.490
2195.0,2,HOT_DWELL,1.000000e-06,20.00,4,20.988
2195.0,2,HOT_DWELL,1.000000e-06,20.00,5,18.873
2195.0,2,HOT_DWELL,1.000000e-06,20.00,6,16.198
2200.0,2,HOT_DWELL,1.000000e-06,20.00,1,16.839
2200.0,2,HOT_DWELL,1.000000e-06,20.00,2,18.947
2200.0,2,HOT_DWELL,1.000000e-06,20.00,3,19.931
2200.0,2,HOT_DWELL,1.000000e-06,20.00,4,19.826
2200.0,2,HOT_DWELL,1.000000e-06,20.00,5,19.747
2200.0,2,HOT_DWELL,1.000000e-06,20.00,6,17.835
2205.0,2,HOT_DWELL,1.000000e-06,20.00,1,18.016
2205.0,2,HOT_DWELL,1.000000e-06,20.00,2,19.465
2205.0,2,HOT_DWELL,1.000000e-06,20.00,3,19.977
2205.0,2,HOT_DWELL,1.000000e-06,20.00,4,20.392
2205.0,2,HOT_DWELL,1.000000e-06,20.00,5,19.853
2205.0,2,HOT_DWELL,1.000000e-06,20.00,6,18.714
2210.0,2,HOT_DWELL,1.000000e-06,20.00,1,18.797
2210.0,2,HOT_DWELL,1.000000e-06,20.00,2,19.820
2210.0,2,HOT_DWELL,1.000000e-06,20.00,3,19.958
2210.0,2,HOT_DWELL,1.000000e-06,20.00,4,20.217
2210.0,2,HOT_DWELL,1.000000e-06,20.00,5,19.901
2210.0,2,HOT_DWELL,1.000000e-06,20.00,6,19.327
2215.0,2,HOT_DWELL,1.000000e-06,20.00,1,19.351
2215.0,2,HOT_DWELL,1.000000e-06,20.00,2,19.942
2215.0,2,HOT_DWELL,1.000000e-06,20.00,3,20.002
2215.0,2,HOT_DWELL,1.000000e-06,20.00,4,20.141
2215.0,2,HOT_DWELL,1.000000e-06,20.00,5,20.001
2215.0,2,HOT_DWELL,1.000000e-06,20.00,6,19.607
2220.0,2,HOT_DWELL,1.000000e-06,20.00,1,19.651
2220.0,2,HOT_DWELL,1.000000e-06,20.00,2,19.921
2220.0,2,HOT_DWELL,1.000000e-06,20.00,3,19.937
2220.0,2,HOT_DWELL,1.000000e-06,20.00,4,20.237
2220.0,2,HOT_DWELL,1.000000e-06,20.00,5,20.007
2220.0,2,HOT_DWELL,1.000000e-06,20.00,6,19.858
2225.0,2,HOT_DWELL,1.000000e-06,20.00,1,19.842
2225.0,2,HOT_DWELL,1.000000e-06,20.00,2,19.944
2225.0,2,HOT_DWELL,1.000000e-06,20.00,3,20.023
2225.0,2,HOT_DWELL,1.000000e-06,20.00,4,20.247
2225.0,2,HOT_DWELL,1.000000e-06,20.00,5,20.006
2225.0,2,HOT_DWELL,1.000000e-06,20.00,6,19.900
2230.0,2,HOT_DWELL,1.000000e-06,20.00,1,20.055
2230.0,2,HOT_DWELL,1.000000e-06,20.00,2,20.018
2230.0,2,HOT_DWELL,1.000000e-06,20.00,3,19.971
2230.0,2,HOT_DWELL,1.000000e-06,20.00,4,20.131
2230.0,2,HOT_DWELL,1.000000e-06,20.00,5,19.968
2230.0,2,HOT_DWELL,1.000000e-06,20.00,6,19.988
2235.0,2,HOT_DWELL,1.000000e-06,20.00,1,20.117
2235.0,2,HOT_DWELL,1.000000e-06,20.00,2,20.061
2235.0,2,HOT_DWELL,1.000000e-06,20.00,3,20.030
2235.0,2,HOT_DWELL,1.000000e-06,20.00,4,20.210
2235.0,2,HOT_DWELL,1.000000e-06,20.00,5,19.993
2235.0,2,HOT_DWELL,1.000000e-06,20.00,6,20.039
2240.0,2,HOT_DWELL,1.000000e-06,20.00,1,20.127
2240.0,2,HOT_DWELL,1.000000e-06,20.00,2,20.065
2240.0,2,HOT_DWELL,1.000000e-06,20.00,3,19.927
2240.0,2,HOT_DWELL,1.000000e-06,20.00,4,20.229
2240.0,2,HOT_DWELL,1.000000e-06,20.00,5,19.950
2240.0,2,HOT_DWELL,1.000000e-06,20.00,6,19.975
2245.0,2,HOT_DWELL,1.000000e-06,20.00,1,20.180
2245.0,2,HOT_DWELL,1.000000e-06,20.00,2,19.996
2245.0,2,HOT_DWELL,1.000000e-06,20.00,3,20.015
2245.0,2,HOT_DWELL,1.000000e-06,20.00,4,20.227
2245.0,2,HOT_DWELL,1.000000e-06,20.00,5,19.972
2245.0,2,HOT_DWELL,1.000000e-06,20.00,6,19.973
2250.0,2,HOT_DWELL,1.000000e-06,20.00,1,20.193
2250.0,2,HOT_DWELL,1.000000e-06,20.00,2,19.972
2250.0,2,HOT_DWELL,1.000000e-06,20.00,3,19.996
2250.0,2,HOT_DWELL,1.000000e-06,20.00,4,20.236
2250.0,2,HOT_DWELL,1.000000e-06,20.00,5,19.959
2250.0,2,HOT_DWELL,1.000000e-06,20.00,6,20.034
2255.0,2,HOT_DWELL,1.000000e-06,20.00,1,20.262
2255.0,2,HOT_DWELL,1.000000e-06,20.00,2,20.060
2255.0,2,HOT_DWELL,1.000000e-06,20.00,3,19.979
2255.0,2,HOT_DWELL,1.000000e-06,20.00,4,20.164
2255.0,2,HOT_DWELL,1.000000e-06,20.00,5,19.944
2255.0,2,HOT_DWELL,1.000000e-06,20.00,6,19.998
2260.0,2,HOT_DWELL,1.000000e-06,20.00,1,20.215
2260.0,2,HOT_DWELL,1.000000e-06,20.00,2,20.017
2260.0,2,HOT_DWELL,1.000000e-06,20.00,3,19.948
2260.0,2,HOT_DWELL,1.000000e-06,20.00,4,20.205
2260.0,2,HOT_DWELL,1.000000e-06,20.00,5,19.992
2260.0,2,HOT_DWELL,1.000000e-06,20.00,6,19.955
2265.0,2,HOT_DWELL,1.000000e-06,20.00,1,20.279
2265.0,2,HOT_DWELL,1.000000e-06,20.00,2,20.013
2265.0,2,HOT_DWELL,1.000000e-06,20.00,3,19.948
2265.0,2,HOT_DWELL,1.000000e-06,20.00,4,20.111
2265.0,2,HOT_DWELL,1.000000e-06,20.00,5,19.992
2265.0,2,HOT_DWELL,1.000000e-06,20.00,6,19.922
2270.0,2,HOT_DWELL,1.000000e-06,20.00,1,20.246
2270.0,2,HOT_DWELL,1.000000e-06,20.00,2,20.086
2270.0,2,HOT_DWELL,1.000000e-06,20.00,3,19.980
2270.0,2,HOT_DWELL,1.000000e-06,20.00,4,20.295
2270.0,2,HOT_DWELL,1.000000e-06,20.00,5,20.045
2270.0,2,HOT_DWELL,1.000000e-06,20.00,6,19.878
2275.0,2,HOT_DWELL,1.000000e-06,20.00,1,20.219
2275.0,2,HOT_DWELL,1.000000e-06,20.00,2,19.937
2275.0,2,HOT_DWELL,1.000000e-06,20.00,3,20.013
2275.0,2,HOT_DWELL,1.000000e-06,20.00,4,20.129
2275.0,2,HOT_DWELL,1.000000e-06,20.00,5,19.962
2275.0,2,HOT_DWELL,1.000000e-06,20.00,6,19.888
2280.0,2,HOT_DWELL,1.000000e-06,20.00,1,20.274
2280.0,2,HOT_DWELL,1.000000e-06,20.00,2,19.942
2280.0,2,HOT_DWELL,1.000000e-06,20.00,3,20.002
2280.0,2,HOT_DWELL,1.000000e-06,20.00,4,20.181
2280.0,2,HOT_DWELL,1.000000e-06,20.00,5,19.954
2280.0,2,HOT_DWELL,1.000000e-06,20.00,6,19.985
2285.0,2,HOT_DWELL,1.000000e-06,20.00,1,20.258
2285.0,2,HOT_DWELL,1.000000e-06,20.00,2,19.978
2285.0,2,HOT_DWELL,1.000000e-06,20.00,3,19.977
2285.0,2,HOT_DWELL,1.000000e-06,20.00,4,20.266
2285.0,2,HOT_DWELL,1.000000e-06,20.00,5,19.926
2285.0,2,HOT_DWELL,1.000000e-06,20.00,6,20.019
2290.0,2,HOT_DWELL,1.000000e-06,20.00,1,20.339
2290.0,2,HOT_DWELL,1.000000e-06,20.00,2,20.049
2290.0,2,HOT_DWELL,1.000000e-06,20.00,3,19.912
2290.0,2,HOT_DWELL,1.000000e-06,20.00,4,20.241
2290.0,2,HOT_DWELL,1.000000e-06,20.00,5,19.962
2290.0,2,HOT_DWELL,1.000000e-06,20.00,6,19.998
2295.0,2,HOT_DWELL,1.000000e-06,20.00,1,20.375
2295.0,2,HOT_DWELL,1.000000e-06,20.00,2,20.036
2295.0,2,HOT_DWELL,1.000000e-06,20.00,3,19.956
2295.0,2,HOT_DWELL,1.000000e-06,20.00,4,20.199
2295.0,2,HOT_DWELL,1.000000e-06,20.00,5,19.985
2295.0,2,HOT_DWELL,1.000000e-06,20.00,6,19.960
2300.0,2,HOT_DWELL,1.000000e-06,20.00,1,20.416
2300.0,2,HOT_DWELL,1.000000e-06,20.00,2,20.025
2300.0,2,HOT_DWELL,1.000000e-06,20.00,3,19.995
2300.0,2,HOT_DWELL,1.000000e-06,20.00,4,20.180
2300.0,2,HOT_DWELL,1.000000e-06,20.00,5,19.938
2300.0,2,HOT_DWELL,1.000000e-06,20.00,6,20.022
2305.0,2,HOT_DWELL,1.000000e-06,20.00,1,20.354
2305.0,2,HOT_DWELL,1.000000e-06,20.00,2,20.013
2305.0,2,HOT_DWELL,1.000000e-06,20.00,3,19.955
2305.0,2,HOT_DWELL,1.000000e-06,20.00,4,20.271
2305.0,2,HOT_DWELL,1.000000e-06,20.00,5,19.991
2305.0,2,HOT_DWELL,1.000000e-06,20.00,6,20.011
2310.0,2,HOT_DWELL,1.000000e-06,20.00,1,20.343
2310.0,2,HOT_DWELL,1.000000e-06,20.00,2,19.980
2310.0,2,HOT_DWELL,1.000000e-06,20.00,3,19.912
2310.0,2,HOT_DWELL,1.000000e-06,20.00,4,20.229
2310.0,2,HOT_DWELL,1.000000e-06,20.00,5,20.089
2310.0,2,HOT_DWELL,1.000000e-06,20.00,6,20.010
2315.0,2,HOT_DWELL,1.000000e-06,20.00,1,20.322
2315.0,2,HOT_DWELL,1.000000e-06,20.00,2,19.981
2315.0,2,HOT_DWELL,1.000000e-06,20.00,3,19.962
2315.0,2,HOT_DWELL,1.000000e-06,20.00,4,20.098
2315.0,2,HOT_DWELL,1.000000e-06,20.00,5,19.929
2315.0,2,HOT_DWELL,1.000000e-06,20.00,6,20.102
2320.0,2,HOT_DWELL,1.000000e-06,20.00,1,20.273
2320.0,2,HOT_DWELL,1.000000e-06,20.00,2,19.892
2320.0,2,HOT_DWELL,1.000000e-06,20.00,3,20.060
2320.0,2,HOT_DWELL,1.000000e-06,20.00,4,20.191
2320.0,2,HOT_DWELL,1.000000e-06,20.00,5,19.995
2320.0,2,HOT_DWELL,1.000000e-06,20.00,6,20.005
2325.0,2,HOT_DWELL,1.000000e-06,20.00,1,20.396
2325.0,2,HOT_DWELL,1.000000e-06,20.00,2,19.945
2325.0,2,HOT_DWELL,1.000000e-06,20.00,3,20.023
2325.0,2,HOT_DWELL,1.000000e-06,20.00,4,20.246
2325.0,2,HOT_DWELL,1.000000e-06,20.00,5,19.893
2325.0,2,HOT_DWELL,1.000000e-06,20.00,6,19.983
2330.0,2,HOT_DWELL,1.000000e-06,20.00,1,20.370
2330.0,2,HOT_DWELL,1.000000e-06,20.00,2,19.946
2330.0,2,HOT_DWELL,1.000000e-06,20.00,3,19.946
2330.0,2,HOT_DWELL,1.000000e-06,20.00,4,20.200
2330.0,2,HOT_DWELL,1.000000e-06,20.00,5,19.964
2330.0,2,HOT_DWELL,1.000000e-06,20.00,6,20.071
2335.0,2,HOT_DWELL,1.000000e-06,20.00,1,20.319
2335.0,2,HOT_DWELL,1.000000e-06,20.00,2,19.955
2335.0,2,HOT_DWELL,1.000000e-06,20.00,3,20.008
2335.0,2,HOT_DWELL,1.000000e-06,20.00,4,20.217
2335.0,2,HOT_DWELL,1.000000e-06,20.00,5,19.987
2335.0,2,HOT_DWELL,1.000000e-06,20.00,6,19.982
2340.0,2,HOT_DWELL,1.000000e-06,20.00,1,20.303
2340.0,2,HOT_DWELL,1.000000e-06,20.00,2,19.950
2340.0,2,HOT_DWELL,1.000000e-06,20.00,3,19.998
2340.0,2,HOT_DWELL,1.000000e-06,20.00,4,20.293
2340.0,2,HOT_DWELL,1.000000e-06,20.00,5,19.923
2340.0,2,HOT_DWELL,1.000000e-06,20.00,6,19.976
2345.0,2,HOT_DWELL,1.000000e-06,20.00,1,20.290
2345.0,2,HOT_DWELL,1.000000e-06,20.00,2,19.993
2345.0,2,HOT_DWELL,1.000000e-06,20.00,3,19.980
2345.0,2,HOT_DWELL,1.000000e-06,20.00,4,20.168
2345.0,2,HOT_DWELL,1.000000e-06,20.00,5,19.998
2345.0,2,HOT_DWELL,1.000000e-06,20.00,6,20.061
2350.0,2,HOT_DWELL,1.000000e-06,20.00,1,20.301
2350.0,2,HOT_DWELL,1.000000e-06,20.00,2,19.991
2350.0,2,HOT_DWELL,1.000000e-06,20.00,3,19.944
2350.0,2,HOT_DWELL,1.000000e-06,20.00,4,20.284
2350.0,2,HOT_DWELL,1.000000e-06,20.00,5,20.003
2350.0,2,HOT_DWELL,1.000000e-06,20.00,6,19.995
2355.0,2,HOT_DWELL,1.000000e-06,20.00,1,20.287
2355.0,2,HOT_DWELL,1.000000e-06,20.00,2,20.019
2355.0,2,HOT_DWELL,1.000000e-06,20.00,3,19.963
2355.0,2,HOT_DWELL,1.000000e-06,20.00,4,20.213
2355.0,2,HOT_DWELL,1.000000e-06,20.00,5,19.968
2355.0,2,HOT_DWELL,1.000000e-06,20.00,6,19.922
2360.0,2,HOT_DWELL,1.000000e-06,20.00,1,20.367
2360.0,2,HOT_DWELL,1.000000e-06,20.00,2,19.899
2360.0,2,HOT_DWELL,1.000000e-06,20.00,3,20.016
2360.0,2,HOT_DWELL,1.000000e-06,20.00,4,20.202
2360.0,2,HOT_DWELL,1.000000e-06,20.00,5,19.973
2360.0,2,HOT_DWELL,1.000000e-06,20.00,6,19.950
2365.0,2,HOT_DWELL,1.000000e-06,20.00,1,20.243
2365.0,2,HOT_DWELL,1.000000e-06,20.00,2,19.898
2365.0,2,HOT_DWELL,1.000000e-06,20.00,3,19.950
2365.0,2,HOT_DWELL,1.000000e-06,20.00,4,20.249
2365.0,2,HOT_DWELL,1.000000e-06,20.00,5,20.011
2365.0,2,HOT_DWELL,1.000000e-06,20.00,6,19.870
2370.0,2,HOT_DWELL,1.000000e-06,20.00,1,20.306
2370.0,2,HOT_DWELL,1.000000e-06,20.00,2,19.935
2370.0,2,HOT_DWELL,1.000000e-06,20.00,3,20.009
2370.0,2,HOT_DWELL,1.000000e-06,20.00,4,20.211
2370.0,2,HOT_DWELL,1.000000e-06,20.00,5,19.984
2370.0,2,HOT_DWELL,1.000000e-06,20.00,6,19.910
2375.0,2,HOT_DWELL,1.000000e-06,20.00,1,20.358
2375.0,2,HOT_DWELL,1.000000e-06,20.00,2,20.015
2375.0,2,HOT_DWELL,1.000000e-06,20.00,3,19.946
2375.0,2,HOT_DWELL,1.000000e-06,20.00,4,20.306
2375.0,2,HOT_DWELL,1.000000e-06,20.00,5,20.032
2375.0,2,HOT_DWELL,1.000000e-06,20.00,6,19.963
2380.0,2,HOT_DWELL,1.000000e-06,20.00,1,20.333
2380.0,2,HOT_DWELL,1.000000e-06,20.00,2,20.004
2380.0,2,HOT_DWELL,1.000000e-06,20.00,3,19.952
2380.0,2,HOT_DWELL,1.000000e-06,20.00,4,20.075
2380.0,2,HOT_DWELL,1.000000e-06,20.00,5,19.897
2380.0,2,HOT_DWELL,1.000000e-06,20.00,6,20.019
2385.0,2,HOT_DWELL,1.000000e-06,20.00,1,20.376
2385.0,2,HOT_DWELL,1.000000e-06,20.00,2,20.083
2385.0,2,HOT_DWELL,1.000000e-06,20.00,3,20.024
2385.0,2,HOT_DWELL,1.000000e-06,20.00,4,20.280
2385.0,2,HOT_DWELL,1.000000e-06,20.00,5,20.033
2385.0,2,HOT_DWELL,1.000000e-06,20.00,6,19.993
2390.0,2,HOT_DWELL,1.000000e-06,20.00,1,20.389
2390.0,2,HOT_DWELL,1.000000e-06,20.00,2,20.058
2390.0,2,HOT_DWELL,1.000000e-06,20.00,3,20.057
2390.0,2,HOT_DWELL,1.000000e-06,20.00,4,20.282
2390.0,2,HOT_DWELL,1.000000e-06,20.00,5,19.985
2390.0,2,HOT_DWELL,1.000000e-06,20.00,6,19.995
2395.0,2,HOT_DWELL,1.000000e-06,20.00,1,20.391
2395.0,2,HOT_DWELL,1.000000e-06,20.00,2,19.999
2395.0,2,HOT_DWELL,1.000000e-06,20.00,3,19.963
2395.0,2,HOT_DWELL,1.000000e-06,20.00,4,20.209
2395.0,2,HOT_DWELL,1.000000e-06,20.00,5,20.023
2395.0,2,HOT_DWELL,1.000000e-06,20.00,6,20.049
2400.0,3,COLD_RAMP,1.000000e-06,7.50,1,16.070
2400.0,3,COLD_RAMP,1.000000e-06,7.50,2,13.746
2400.0,3,COLD_RAMP,1.000000e-06,7.50,3,10.011
2400.0,3,COLD_RAMP,1.000000e-06,7.50,4,3.185
2400.0,3,COLD_RAMP,1.000000e-06,7.50,5,11.622
2400.0,3,COLD_RAMP,1.000000e-06,7.50,6,15.015
2405.0,3,COLD_RAMP,1.000000e-06,-5.00,1,9.638
2405.0,3,COLD_RAMP,1.000000e-06,-5.00,2,5.284
2405.0,3,COLD_RAMP,1.000000e-06,-5.00,3,-0.693
2405.0,3,COLD_RAMP,1.000000e-06,-5.00,4,-6.112
2405.0,3,COLD_RAMP,1.000000e-06,-5.00,5,1.615
2405.0,3,COLD_RAMP,1.000000e-06,-5.00,6,7.758
2410.0,3,COLD_RAMP,1.000000e-06,-17.50,1,2.107
2410.0,3,COLD_RAMP,1.000000e-06,-17.50,2,-3.979
2410.0,3,COLD_RAMP,1.000000e-06,-17.50,3,-11.257
2410.0,3,COLD_RAMP,1.000000e-06,-17.50,4,-17.581
2410.0,3,COLD_RAMP,1.000000e-06,-17.50,5,-8.578
2410.0,3,COLD_RAMP,1.000000e-06,-17.50,6,-0.566
2415.0,3,COLD_RAMP,1.000000e-06,-30.00,1,-5.862
2415.0,3,COLD_RAMP,1.000000e-06,-30.00,2,-13.301
2415.0,3,COLD_RAMP,1.000000e-06,-30.00,3,-21.549
2415.0,3,COLD_RAMP,1.000000e-06,-30.00,4,-28.503
2415.0,3,COLD_RAMP,1.000000e-06,-30.00,5,-18.454
2415.0,3,COLD_RAMP,1.000000e-06,-30.00,6,-9.117
2420.0,3,COLD_RAMP,1.000000e-06,-42.50,1,-13.908
2420.0,3,COLD_RAMP,1.000000e-06,-42.50,2,-22.402
2420.0,3,COLD_RAMP,1.000000e-06,-42.50,3,-31.503
2420.0,3,COLD_RAMP,1.000000e-06,-42.50,4,-39.168
2420.0,3,COLD_RAMP,1.000000e-06,-42.50,5,-28.298
2420.0,3,COLD_RAMP,1.000000e-06,-42.50,6,-17.695
2425.0,3,COLD_RAMP,1.000000e-06,-55.00,1,-21.866
2425.0,3,COLD_RAMP,1.000000e-06,-55.00,2,-31.335
2425.0,3,COLD_RAMP,1.000000e-06,-55.00,3,-41.219
2425.0,3,COLD_RAMP,1.000000e-06,-55.00,4,-49.512
2425.0,3,COLD_RAMP,1.000000e-06,-55.00,5,-37.768
2425.0,3,COLD_RAMP,1.000000e-06,-55.00,6,-26.159
2430.0,3,COLD_RAMP,1.000000e-06,-67.50,1,-29.735
2430.0,3,COLD_RAMP,1.000000e-06,-67.50,2,-40.089
2430.0,3,COLD_RAMP,1.000000e-06,-67.50,3,-50.666
2430.0,3,COLD_RAMP,1.000000e-06,-67.50,4,-59.645
2430.0,3,COLD_RAMP,1.000000e-06,-67.50,5,-46.863
2430.0,3,COLD_RAMP,1.000000e-06,-67.50,6,-34.411
2435.0,3,COLD_RAMP,1.000000e-06,-80.00,1,-37.201
2435.0,3,COLD_RAMP,1.000000e-06,-80.00,2,-48.320
2435.0,3,COLD_RAMP,1.000000e-06,-80.00,3,-59.625
2435.0,3,COLD_RAMP,1.000000e-06,-80.00,4,-69.386
2435.0,3,COLD_RAMP,1.000000e-06,-80.00,5,-55.593
2435.0,3,COLD_RAMP,1.000000e-06,-80.00,6,-42.305
2440.0,3,COLD_RAMP,1.000000e-06,-92.50,1,-44.389
2440.0,3,COLD_RAMP,1.000000e-06,-92.50,2,-56.191
2440.0,3,COLD_RAMP,1.000000e-06,-92.50,3,-68.218
2440.0,3,COLD_RAMP,1.000000e-06,-92.50,4,-78.724
2440.0,3,COLD_RAMP,1.000000e-06,-92.50,5,-63.929
2440.0,3,COLD_RAMP,1.000000e-06,-92.50,6,-49.828
2445.0,3,COLD_RAMP,1.000000e-06,-105.00,1,-51.210
2445.0,3,COLD_RAMP,1.000000e-06,-105.00,2,-63.720
2445.0,3,COLD_RAMP,1.000000e-06,-105.00,3,-76.459
2445.0,3,COLD_RAMP,1.000000e-06,-105.00,4,-87.606
2445.0,3,COLD_RAMP,1.000000e-06,-105.00,5,-71.857
2445.0,3,COLD_RAMP,1.000000e-06,-105.00,6,-57.083
2450.0,3,COLD_RAMP,1.000000e-06,-117.50,1,-57.675
2450.0,3,COLD_RAMP,1.000000e-06,-117.50,2,-70.850
2450.0,3,COLD_RAMP,1.000000e-06,-117.50,3,-84.130
2450.0,3,COLD_RAMP,1.000000e-06,-117.50,4,-96.078
2450.0,3,COLD_RAMP,1.000000e-06,-117.50,5,-79.355
2450.0,3,COLD_RAMP,1.000000e-06,-117.50,6,-63.781
2455.0,3,COLD_RAMP,1.000000e-06,-130.00,1,-63.861
2455.0,3,COLD_RAMP,1.000000e-06,-130.00,2,-77.489
2455.0,3,COLD_RAMP,1.000000e-06,-130.00,3,-91.384
2455.0,3,COLD_RAMP,1.000000e-06,-130.00,4,-104.137
2455.0,3,COLD_RAMP,1.000000e-06,-130.00,5,-86.339
2455.0,3,COLD_RAMP,1.000000e-06,-130.00,6,-70.225
2460.0,3,COLD_RAMP,1.000000e-06,-142.50,1,-69.653
2460.0,3,COLD_RAMP,1.000000e-06,-142.50,2,-83.710
2460.0,3,COLD_RAMP,1.000000e-06,-142.50,3,-98.109
2460.0,3,COLD_RAMP,1.000000e-06,-142.50,4,-111.556
2460.0,3,COLD_RAMP,1.000000e-06,-142.50,5,-92.869
2460.0,3,COLD_RAMP,1.000000e-06,-142.50,6,-76.151
2465.0,3,COLD_RAMP,1.000000e-06,-155.00,1,-75.010
2465.0,3,COLD_RAMP,1.000000e-06,-155.00,2,-89.459
2465.0,3,COLD_RAMP,1.000000e-06,-155.00,3,-104.454
2465.0,3,COLD_RAMP,1.000000e-06,-155.00,4,-118.391
2465.0,3,COLD_RAMP,1.000000e-06,-155.00,5,-98.988
2465.0,3,COLD_RAMP,1.000000e-06,-155.00,6,-81.774
2470.0,3,COLD_RAMP,1.000000e-06,-167.50,1,-80.066
2470.0,3,COLD_RAMP,1.000000e-06,-167.50,2,-94.807
2470.0,3,COLD_RAMP,1.000000e-06,-167.50,3,-110.259
2470.0,3,COLD_RAMP,1.000000e-06,-167.50,4,-124.720
2470.0,3,COLD_RAMP,1.000000e-06,-167.50,5,-104.649
2470.0,3,COLD_RAMP,1.000000e-06,-167.50,6,-86.922
2475.0,3,COLD_RAMP,1.000000e-06,-180.00,1,-84.795
2475.0,3,COLD_RAMP,1.000000e-06,-180.00,2,-99.833
2475.0,3,COLD_RAMP,1.000000e-06,-180.00,3,-115.559
2475.0,3,COLD_RAMP,1.000000e-06,-180.00,4,-130.584
2475.0,3,COLD_RAMP,1.000000e-06,-180.00,5,-109.833
2475.0,3,COLD_RAMP,1.000000e-06,-180.00,6,-91.725
2480.0,3,COLD_RAMP,1.000000e-06,-180.00,1,-88.989
2480.0,3,COLD_RAMP,1.000000e-06,-180.00,2,-104.220
2480.0,3,COLD_RAMP,1.000000e-06,-180.00,3,-120.156
2480.0,3,COLD_RAMP,1.000000e-06,-180.00,4,-135.418
2480.0,3,COLD_RAMP,1.000000e-06,-180.00,5,-114.352
2480.0,3,COLD_RAMP,1.000000e-06,-180.00,6,-95.957
2485.0,3,COLD_RAMP,1.000000e-06,-180.00,1,-92.833
2485.0,3,COLD_RAMP,1.000000e-06,-180.00,2,-108.109
2485.0,3,COLD_RAMP,1.000000e-06,-180.00,3,-124.217
2485.0,3,COLD_RAMP,1.000000e-06,-180.00,4,-139.356
2485.0,3,COLD_RAMP,1.000000e-06,-180.00,5,-118.340
2485.0,3,COLD_RAMP,1.000000e-06,-180.00,6,-99.817
2490.0,3,COLD_RAMP,1.000000e-06,-180.00,1,-96.301
2490.0,3,COLD_RAMP,1.000000e-06,-180.00,2,-111.582
2490.0,3,COLD_RAMP,1.000000e-06,-180.00,3,-127.729
2490.0,3,COLD_RAMP,1.000000e-06,-180.00,4,-142.767
2490.0,3,COLD_RAMP,1.000000e-06,-180.00,5,-121.894
2490.0,3,COLD_RAMP,1.000000e-06,-180.00,6,-103.250
2495.0,3,COLD_RAMP,1.000000e-06,-180.00,1,-99.506
2495.0,3,COLD_RAMP,1.000000e-06,-180.00,2,-114.728
2495.0,3,COLD_RAMP,1.000000e-06,-180.00,3,-130.755
2495.0,3,COLD_RAMP,1.000000e-06,-180.00,4,-145.827
2495.0,3,COLD_RAMP,1.000000e-06,-180.00,5,-124.987
2495.0,3,COLD_RAMP,1.000000e-06,-180.00,6,-106.537
2500.0,3,COLD_RAMP,1.000000e-06,-180.00,1,-102.428
2500.0,3,COLD_RAMP,1.000000e-06,-180.00,2,-117.695
2500.0,3,COLD_RAMP,1.000000e-06,-180.00,3,-133.581
2500.0,3,COLD_RAMP,1.000000e-06,-180.00,4,-148.508
2500.0,3,COLD_RAMP,1.000000e-06,-180.00,5,-127.845
2500.0,3,COLD_RAMP,1.000000e-06,-180.00,6,-109.566
2505.0,3,COLD_RAMP,1.000000e-06,-180.00,1,-105.219
2505.0,3,COLD_RAMP,1.000000e-06,-180.00,2,-120.383
2505.0,3,COLD_RAMP,1.000000e-06,-180.00,3,-136.209
2505.0,3,COLD_RAMP,1.000000e-06,-180.00,4,-150.939
2505.0,3,COLD_RAMP,1.000000e-06,-180.00,5,-130.565
2505.0,3,COLD_RAMP,1.000000e-06,-180.00,6,-112.355
2510.0,3,COLD_RAMP,1.000000e-06,-180.00,1,-107.695
2510.0,3,COLD_RAMP,1.000000e-06,-180.00,2,-122.875
2510.0,3,COLD_RAMP,1.000000e-06,-180.00,3,-138.541
2510.0,3,COLD_RAMP,1.000000e-06,-180.00,4,-153.023
2510.0,3,COLD_RAMP,1.000000e-06,-180.00,5,-132.926
2510.0,3,COLD_RAMP,1.000000e-06,-180.00,6,-114.868
2515.0,3,COLD_RAMP,1.000000e-06,-180.00,1,-110.065
2515.0,3,COLD_RAMP,1.000000e-06,-180.00,2,-125.217
2515.0,3,COLD_RAMP,1.000000e-06,-180.00,3,-140.720
2515.0,3,COLD_RAMP,1.000000e-06,-180.00,4,-154.924
2515.0,3,COLD_RAMP,1.000000e-06,-180.00,5,-135.134
2515.0,3,COLD_RAMP,1.000000e-06,-180.00,6,-117.233
2520.0,3,COLD_RAMP,1.000000e-06,-180.00,1,-112.415
2520.0,3,COLD_RAMP,1.000000e-06,-180.00,2,-127.437
2520.0,3,COLD_RAMP,1.000000e-06,-180.00,3,-142.652
2520.0,3,COLD_RAMP,1.000000e-06,-180.00,4,-156.575
2520.0,3,COLD_RAMP,1.000000e-06,-180.00,5,-137.231
2520.0,3,COLD_RAMP,1.000000e-06,-180.00,6,-119.286
2525.0,3,COLD_RAMP,1.000000e-06,-180.00,1,-114.407
2525.0,3,COLD_RAMP,1.000000e-06,-180.00,2,-129.447
2525.0,3,COLD_RAMP,1.000000e-06,-180.00,3,-144.562
2525.0,3,COLD_RAMP,1.000000e-06,-180.00,4,-158.062
2525.0,3,COLD_RAMP,1.000000e-06,-180.00,5,-139.193
2525.0,3,COLD_RAMP,1.000000e-06,-180.00,6,-121.286
2530.0,3,COLD_RAMP,1.000000e-06,-180.00,1,-116.407
2530.0,3,COLD_RAMP,1.000000e-06,-180.00,2,-131.322
2530.0,3,COLD_RAMP,1.000000e-06,-180.00,3,-146.257
2530.0,3,COLD_RAMP,1.000000e-06,-180.00,4,-159.582
2530.0,3,COLD_RAMP,1.000000e-06,-180.00,5,-140.916
2530.0,3,COLD_RAMP,1.000000e-06,-180.00,6,-123.258
2535.0,3,COLD_RAMP,1.000000e-06,-180.00,1,-118.284
2535.0,3,COLD_RAMP,1.000000e-06,-180.00,2,-133.087
2535.0,3,COLD_RAMP,1.000000e-06,-180.00,3,-147.784
2535.0,3,COLD_RAMP,1.000000e-06,-180.00,4,-160.892
2535.0,3,COLD_RAMP,1.000000e-06,-180.00,5,-142.486
2535.0,3,COLD_RAMP,1.000000e-06,-180.00,6,-125.019
2540.0,3,COLD_RAMP,1.000000e-06,-180.00,1,-120.063
2540.0,3,COLD_RAMP,1.000000e-06,-180.00,2,-134.752
2540.0,3,COLD_RAMP,1.000000e-06,-180.00,3,-149.314
2540.0,3,COLD_RAMP,1.000000e-06,-180.00,4,-162.012
2540.0,3,COLD_RAMP,1.000000e-06,-180.00,5,-143.977
2540.0,3,COLD_RAMP,1.000000e-06,-180.00,6,-126.800
2545.0,3,COLD_RAMP,1.000000e-06,-180.00,1,-121.715
2545.0,3,COLD_RAMP,1.000000e-06,-180.00,2,-136.400
2545.0,3,COLD_RAMP,1.000000e-06,-180.00,3,-150.692
2545.0,3,COLD_RAMP,1.000000e-06,-180.00,4,-163.104
2545.0,3,COLD_RAMP,1.000000e-06,-180.00,5,-145.505
2545.0,3,COLD_RAMP,1.000000e-06,-180.00,6,-128.382
2550.0,3,COLD_RAMP,1.000000e-06,-180.00,1,-123.361
2550.0,3,COLD_RAMP,1.000000e-06,-180.00,2,-137.808
2550.0,3,COLD_RAMP,1.000000e-06,-180.00,3,-151.970
2550.0,3,COLD_RAMP,1.000000e-06,-180.00,4,-164.077
2550.0,3,COLD_RAMP,1.000000e-06,-180.00,5,-146.836
2550.0,3,COLD_RAMP,1.000000e-06,-180.00,6,-129.973
2555.0,3,COLD_RAMP,1.000000e-06,-180.00,1,-124.937
2555.0,3,COLD_RAMP,1.000000e-06,-180.00,2,-139.175
2555.0,3,COLD_RAMP,1.000000e-06,-180.00,3,-153.139
2555.0,3,COLD_RAMP,1.000000e-06,-180.00,4,-165.031
2555.0,3,COLD_RAMP,1.000000e-06,-180.00,5,-148.063
2555.0,3,COLD_RAMP,1.000000e-06,-180.00,6,-131.508
2560.0,3,COLD_RAMP,1.000000e-06,-180.00,1,-126.332
2560.0,3,COLD_RAMP,1.000000e-06,-180.00,2,-140.452
2560.0,3,COLD_RAMP,1.000000e-06,-180.00,3,-154.194
2560.0,3,COLD_RAMP,1.000000e-06,-180.00,4,-165.882
2560.0,3,COLD_RAMP,1.000000e-06,-180.00,5,-149.321
2560.0,3,COLD_RAMP,1.000000e-06,-180.00,6,-132.892
2565.0,3,COLD_RAMP,1.000000e-06,-180.00,1,-127.701
2565.0,3,COLD_RAMP,1.000000e-06,-180.00,2,-141.696
2565.0,3,COLD_RAMP,1.000000e-06,-180.00,3,-155.260
2565.0,3,COLD_RAMP,1.000000e-06,-180.00,4,-166.720
2565.0,3,COLD_RAMP,1.000000e-06,-180.00,5,-150.381
2565.0,3,COLD_RAMP,1.000000e-06,-180.00,6,-134.162
2570.0,3,COLD_RAMP,1.000000e-06,-180.00,1,-128.896
2570.0,3,COLD_RAMP,1.000000e-06,-180.00,2,-142.901
2570.0,3,COLD_RAMP,1.000000e-06,-180.00,3,-156.261
2570.0,3,COLD_RAMP,1.000000e-06,-180.00,4,-167.423
2570.0,3,COLD_RAMP,1.000000e-06,-180.00,5,-151.454
2570.0,3,COLD_RAMP,1.000000e-06,-180.00,6,-135.456
2575.0,3,COLD_RAMP,1.000000e-06,-180.00,1,-130.156
2575.0,3,COLD_RAMP,1.000000e-06,-180.00,2,-144.016
2575.0,3,COLD_RAMP,1.000000e-06,-180.00,3,-157.165
2575.0,3,COLD_RAMP,1.000000e-06,-180.00,4,-168.059
2575.0,3,COLD_RAMP,1.000000e-06,-180.00,5,-152.486
2575.0,3,COLD_RAMP,1.000000e-06,-180.00,6,-136.648
2580.0,3,COLD_RAMP,1.000000e-06,-180.00,1,-131.325
2580.0,3,COLD_RAMP,1.000000e-06,-180.00,2,-145.184
2580.0,3,COLD_RAMP,1.000000e-06,-180.00,3,-158.131
2580.0,3,COLD_RAMP,1.000000e-06,-180.00,4,-168.742
2580.0,3,COLD_RAMP,1.000000e-06,-180.00,5,-153.526
2580.0,3,COLD_RAMP,1.000000e-06,-180.00,6,-137.780
2585.0,3,COLD_RAMP,1.000000e-06,-180.00,1,-132.504
2585.0,3,COLD_RAMP,1.000000e-06,-180.00,2,-146.148
2585.0,3,COLD_RAMP,1.000000e-06,-180.00,3,-158.987
2585.0,3,COLD_RAMP,1.000000e-06,-180.00,4,-169.347
2585.0,3,COLD_RAMP,1.000000e-06,-180.00,5,-154.455
2585.0,3,COLD_RAMP,1.000000e-06,-180.00,6,-138.861
2590.0,3,COLD_RAMP,1.000000e-06,-180.00,1,-133.643
2590.0,3,COLD_RAMP,1.000000e-06,-180.00,2,-147.160
2590.0,3,COLD_RAMP,1.000000e-06,-180.00,3,-159.825
2590.0,3,COLD_RAMP,1.000000e-06,-180.00,4,-170.002
2590.0,3,COLD_RAMP,1.000000e-06,-180.00,5,-155.369
2590.0,3,COLD_RAMP,1.000000e-06,-180.00,6,-139.945
2595.0,3,COLD_RAMP,1.000000e-06,-180.00,1,-134.670
2595.0,3,COLD_RAMP,1.000000e-06,-180.00,2,-148.137
2595.0,3,COLD_RAMP,1.000000e-06,-180.00,3,-160.557
2595.0,3,COLD_RAMP,1.000000e-06,-180.00,4,-170.614
2595.0,3,COLD_RAMP,1.000000e-06,-180.00,5,-156.112
2595.0,3,COLD_RAMP,1.000000e-06,-180.00,6,-140.962
2600.0,3,COLD_RAMP,1.000000e-06,-180.00,1,-135.744
2600.0,3,COLD_RAMP,1.000000e-06,-180.00,2,-148.977
2600.0,3,COLD_RAMP,1.000000e-06,-180.00,3,-161.240
2600.0,3,COLD_RAMP,1.000000e-06,-180.00,4,-171.182
2600.0,3,COLD_RAMP,1.000000e-06,-180.00,5,-156.834
2600.0,3,COLD_RAMP,1.000000e-06,-180.00,6,-141.948
2605.0,3,COLD_RAMP,1.000000e-06,-180.00,1,-136.781
2605.0,3,COLD_RAMP,1.000000e-06,-180.00,2,-149.863
2605.0,3,COLD_RAMP,1.000000e-06,-180.00,3,-161.986
2605.0,3,COLD_RAMP,1.000000e-06,-180.00,4,-171.675
2605.0,3,COLD_RAMP,1.000000e-06,-180.00,5,-157.577
2605.0,3,COLD_RAMP,1.000000e-06,-180.00,6,-142.893
2610.0,3,COLD_RAMP,1.000000e-06,-180.00,1,-137.691
2610.0,3,COLD_RAMP,1.000000e-06,-180.00,2,-150.685
2610.0,3,COLD_RAMP,1.000000e-06,-180.00,3,-162.566
2610.0,3,COLD_RAMP,1.000000e-06,-180.00,4,-172.022
2610.0,3,COLD_RAMP,1.000000e-06,-180.00,5,-158.329
2610.0,3,COLD_RAMP,1.000000e-06,-180.00,6,-143.764
2615.0,3,COLD_RAMP,1.000000e-06,-180.00,1,-138.563
2615.0,3,COLD_RAMP,1.000000e-06,-180.00,2,-151.493
2615.0,3,COLD_RAMP,1.000000e-06,-180.00,3,-163.198
2615.0,3,COLD_RAMP,1.000000e-06,-180.00,4,-172.448
2615.0,3,COLD_RAMP,1.000000e-06,-180.00,5,-158.976
2615.0,3,COLD_RAMP,1.000000e-06,-180.00,6,-144.597
2620.0,3,COLD_RAMP,1.000000e-06,-180.00,1,-139.522
2620.0,3,COLD_RAMP,1.000000e-06,-180.00,2,-152.163
2620.0,3,COLD_RAMP,1.000000e-06,-180.00,3,-163.793
2620.0,3,COLD_RAMP,1.000000e-06,-180.00,4,-172.832
2620.0,3,COLD_RAMP,1.000000e-06,-180.00,5,-159.619
2620.0,3,COLD_RAMP,1.000000e-06,-180.00,6,-145.442
2625.0,3,COLD_RAMP,1.000000e-06,-180.00,1,-140.383
2625.0,3,COLD_RAMP,1.000000e-06,-180.00,2,-152.972
2625.0,3,COLD_RAMP,1.000000e-06,-180.00,3,-164.398
2625.0,3,COLD_RAMP,1.000000e-06,-180.00,4,-173.130
2625.0,3,COLD_RAMP,1.000000e-06,-180.00,5,-160.255
2625.0,3,COLD_RAMP,1.000000e-06,-180.00,6,-146.209
2630.0,3,COLD_RAMP,1.000000e-06,-180.00,1,-141.199
2630.0,3,COLD_RAMP,1.000000e-06,-180.00,2,-153.574
2630.0,3,COLD_RAMP,1.000000e-06,-180.00,3,-164.897
2630.0,3,COLD_RAMP,1.000000e-06,-180.00,4,-173.539
2630.0,3,COLD_RAMP,1.000000e-06,-180.00,5,-160.879
2630.0,3,COLD_RAMP,1.000000e-06,-180.00,6,-146.992
2635.0,3,COLD_RAMP,1.000000e-06,-180.00,1,-142.017
2635.0,3,COLD_RAMP,1.000000e-06,-180.00,2,-154.236
2635.0,3,COLD_RAMP,1.000000e-06,-180.00,3,-165.379
2635.0,3,COLD_RAMP,1.000000e-06,-180.00,4,-173.920
2635.0,3,COLD_RAMP,1.000000e-06,-180.00,5,-161.364
2635.0,3,COLD_RAMP,1.000000e-06,-180.00,6,-147.726
2640.0,3,COLD_RAMP,1.000000e-06,-180.00,1,-142.810
2640.0,3,COLD_RAMP,1.000000e-06,-180.00,2,-154.910
2640.0,3,COLD_RAMP,1.000000e-06,-180.00,3,-165.856
2640.0,3,COLD_RAMP,1.000000e-06,-180.00,4,-174.213
2640.0,3,COLD_RAMP,1.000000e-06,-180.00,5,-162.081
2640.0,3,COLD_RAMP,1.000000e-06,-180.00,6,-148.447
2645.0,3,COLD_RAMP,1.000000e-06,-180.00,1,-143.532
2645.0,3,COLD_RAMP,1.000000e-06,-180.00,2,-155.465
2645.0,3,COLD_RAMP,1.000000e-06,-180.00,3,-166.376
2645.0,3,COLD_RAMP,1.000000e-06,-180.00,4,-174.531
2645.0,3,COLD_RAMP,1.000000e-06,-180.00,5,-162.659
2645.0,3,COLD_RAMP,1.000000e-06,-180.00,6,-149.143
2650.0,3,COLD_RAMP,1.000000e-06,-180.00,1,-144.260
2650.0,3,COLD_RAMP,1.000000e-06,-180.00,2,-156.081
2650.0,3,COLD_RAMP,1.000000e-06,-180.00,3,-166.822
2650.0,3,COLD_RAMP,1.000000e-06,-180.00,4,-174.783
2650.0,3,COLD_RAMP,1.000000e-06,-180.00,5,-163.263
2650.0,3,COLD_RAMP,1.000000e-06,-180.00,6,-149.765
2655.0,3,COLD_RAMP,1.000000e-06,-180.00,1,-144.930
2655.0,3,COLD_RAMP,1.000000e-06,-180.00,2,-156.713
2655.0,3,COLD_RAMP,1.000000e-06,-180.00,3,-167.287
2655.0,3,COLD_RAMP,1.000000e-06,-180.00,4,-175.080
2655.0,3,COLD_RAMP,1.000000e-06,-180.00,5,-163.697
2655.0,3,COLD_RAMP,1.000000e-06,-180.00,6,-150.519
2660.0,3,COLD_RAMP,1.000000e-06,-180.00,1,-145.554
2660.0,3,COLD_RAMP,1.000000e-06,-180.00,2,-157.248
2660.0,3,COLD_RAMP,1.000000e-06,-180.00,3,-167.702
2660.0,3,COLD_RAMP,1.000000e-06,-180.00,4,-175.373
2660.0,3,COLD_RAMP,1.000000e-06,-180.00,5,-164.226
2660.0,3,COLD_RAMP,1.000000e-06,-180.00,6,-151.112
2665.0,3,COLD_RAMP,1.000000e-06,-180.00,1,-146.180
2665.0,3,COLD_RAMP,1.000000e-06,-180.00,2,-157.822
2665.0,3,COLD_RAMP,1.000000e-06,-180.00,3,-168.251
2665.0,3,COLD_RAMP,1.000000e-06,-180.00,4,-175.642
2665.0,3,COLD_RAMP,1.000000e-06,-180.00,5,-164.674
2665.0,3,COLD_RAMP,1.000000e-06,-180.00,6,-151.678
2670.0,3,COLD_RAMP,1.000000e-06,-180.00,1,-146.967
2670.0,3,COLD_RAMP,1.000000e-06,-180.00,2,-158.453
2670.0,3,COLD_RAMP,1.000000e-06,-180.00,3,-168.664
2670.0,3,COLD_RAMP,1.000000e-06,-180.00,4,-175.892
2670.0,3,COLD_RAMP,1.000000e-06,-180.00,5,-164.995
2670.0,3,COLD_RAMP,1.000000e-06,-180.00,6,-152.308
2675.0,3,COLD_RAMP,1.000000e-06,-180.00,1,-147.623
2675.0,3,COLD_RAMP,1.000000e-06,-180.00,2,-159.013
2675.0,3,COLD_RAMP,1.000000e-06,-180.00,3,-168.970
2675.0,3,COLD_RAMP,1.000000e-06,-180.00,4,-176.146
2675.0,3,COLD_RAMP,1.000000e-06,-180.00,5,-165.448
2675.0,3,COLD_RAMP,1.000000e-06,-180.00,6,-152.936
2680.0,3,COLD_RAMP,1.000000e-06,-180.00,1,-148.220
2680.0,3,COLD_RAMP,1.000000e-06,-180.00,2,-159.518
2680.0,3,COLD_RAMP,1.000000e-06,-180.00,3,-169.347
2680.0,3,COLD_RAMP,1.000000e-06,-180.00,4,-176.352
2680.0,3,COLD_RAMP,1.000000e-06,-180.00,5,-165.868
2680.0,3,COLD_RAMP,1.000000e-06,-180.00,6,-153.481
2685.0,3,COLD_RAMP,1.000000e-06,-180.00,1,-148.769
2685.0,3,COLD_RAMP,1.000000e-06,-180.00,2,-160.045
2685.0,3,COLD_RAMP,1.000000e-06,-180.00,3,-169.734
2685.0,3,COLD_RAMP,1.000000e-06,-180.00,4,-176.479
2685.0,3,COLD_RAMP,1.000000e-06,-180.00,5,-166.212
2685.0,3,COLD_RAMP,1.000000e-06,-180.00,6,-154.055
2690.0,3,COLD_RAMP,1.000000e-06,-180.00,1,-149.261
2690.0,3,COLD_RAMP,1.000000e-06,-180.00,2,-160.602
2690.0,3,COLD_RAMP,1.000000e-06,-180.00,3,-170.044
2690.0,3,COLD_RAMP,1.000000e-06,-180.00,4,-176.643
2690.0,3,COLD_RAMP,1.000000e-06,-180.00,5,-166.634
2690.0,3,COLD_RAMP,1.000000e-06,-180.00,6,-154.567
2695.0,3,COLD_RAMP,1.000000e-06,-180.00,1,-149.813
2695.0,3,COLD_RAMP,1.000000e-06,-180.00,2,-161.110
2695.0,3,COLD_RAMP,1.000000e-06,-180.00,3,-170.350
2695.0,3,COLD_RAMP,1.000000e-06,-180.00,4,-176.814
2695.0,3,COLD_RAMP,1.000000e-06,-180.00,5,-167.050
2695.0,3,COLD_RAMP,1.000000e-06,-180.00,6,-155.047
2700.0,3,COLD_DWELL,1.000000e-06,-180.00,1,-150.344
2700.0,3,COLD_DWELL,1.000000e-06,-180.00,2,-161.587
2700.0,3,COLD_DWELL,1.000000e-06,-180.00,3,-170.722
2700.0,3,COLD_DWELL,1.000000e-06,-180.00,4,-176.944
2700.0,3,COLD_DWELL,1.000000e-06,-180.00,5,-167.382
2700.0,3,COLD_DWELL,1.000000e-06,-180.00,6,-155.539
2705.0,3,COLD_DWELL,1.000000e-06,-180.00,1,-150.789
2705.0,3,COLD_DWELL,1.000000e-06,-180.00,2,-162.056
2705.0,3,COLD_DWELL,1.000000e-06,-180.00,3,-171.025
2705.0,3,COLD_DWELL,1.000000e-06,-180.00,4,-177.007
2705.0,3,COLD_DWELL,1.000000e-06,-180.00,5,-167.728
2705.0,3,COLD_DWELL,1.000000e-06,-180.00,6,-156.023
2710.0,3,COLD_DWELL,1.000000e-06,-180.00,1,-151.434
2710.0,3,COLD_DWELL,1.000000e-06,-180.00,2,-162.531
2710.0,3,COLD_DWELL,1.000000e-06,-180.00,3,-171.240
2710.0,3,COLD_DWELL,1.000000e-06,-180.00,4,-177.075
2710.0,3,COLD_DWELL,1.000000e-06,-180.00,5,-168.052
2710.0,3,COLD_DWELL,1.000000e-06,-180.00,6,-156.482
2715.0,3,COLD_DWELL,1.000000e-06,-180.00,1,-151.972
2715.0,3,COLD_DWELL,1.000000e-06,-180.00,2,-162.881
2715.0,3,COLD_DWELL,1.000000e-06,-180.00,3,-171.484
2715.0,3,COLD_DWELL,1.000000e-06,-180.00,4,-177.168
2715.0,3,COLD_DWELL,1.000000e-06,-180.00,5,-168.427
2715.0,3,COLD_DWELL,1.000000e-06,-180.00,6,-156.978
2720.0,3,COLD_DWELL,1.000000e-06,-180.00,1,-152.467
2720.0,3,COLD_DWELL,1.000000e-06,-180.00,2,-163.337
2720.0,3,COLD_DWELL,1.000000e-06,-180.00,3,-171.760
2720.0,3,COLD_DWELL,1.000000e-06,-180.00,4,-177.241
2720.0,3,COLD_DWELL,1.000000e-06,-180.00,5,-168.718
2720.0,3,COLD_DWELL,1.000000e-06,-180.00,6,-157.514
2725.0,3,COLD_DWELL,1.000000e-06,-180.00,1,-152.982
2725.0,3,COLD_DWELL,1.000000e-06,-180.00,2,-163.632
2725.0,3,COLD_DWELL,1.000000e-06,-180.00,3,-172.047
2725.0,3,COLD_DWELL,1.000000e-06,-180.00,4,-177.306
2725.0,3,COLD_DWELL,1.000000e-06,-180.00,5,-168.966
2725.0,3,COLD_DWELL,1.000000e-06,-180.00,6,-157.927
2730.0,3,COLD_DWELL,1.000000e-06,-180.00,1,-153.443
2730.0,3,COLD_DWELL,1.000000e-06,-180.00,2,-163.932
2730.0,3,COLD_DWELL,1.000000e-06,-180.00,3,-172.278
2730.0,3,COLD_DWELL,1.000000e-06,-180.00,4,-177.372
2730.0,3,COLD_DWELL,1.000000e-06,-180.00,5,-169.330
2730.0,3,COLD_DWELL,1.000000e-06,-180.00,6,-158.408
2735.0,3,COLD_DWELL,1.000000e-06,-180.00,1,-153.898
2735.0,3,COLD_DWELL,1.000000e-06,-180.00,2,-164.347
2735.0,3,COLD_DWELL,1.000000e-06,-180.00,3,-172.576
2735.0,3,COLD_DWELL,1.000000e-06,-180.00,4,-177.484
2735.0,3,COLD_DWELL,1.000000e-06,-180.00,5,-169.629
2735.0,3,COLD_DWELL,1.000000e-06,-180.00,6,-158.796
2740.0,3,COLD_DWELL,1.000000e-06,-180.00,1,-154.359
2740.0,3,COLD_DWELL,1.000000e-06,-180.00,2,-164.631
2740.0,3,COLD_DWELL,1.000000e-06,-180.00,3,-172.740
2740.0,3,COLD_DWELL,1.000000e-06,-180.00,4,-177.535
2740.0,3,COLD_DWELL,1.000000e-06,-180.00,5,-169.865
2740.0,3,COLD_DWELL,1.000000e-06,-180.00,6,-159.173
2745.0,3,COLD_DWELL,1.000000e-06,-180.00,1,-154.814
2745.0,3,COLD_DWELL,1.000000e-06,-180.00,2,-164.855
2745.0,3,COLD_DWELL,1.000000e-06,-180.00,3,-172.923
2745.0,3,COLD_DWELL,1.000000e-06,-180.00,4,-177.601
2745.0,3,COLD_DWELL,1.000000e-06,-180.00,5,-170.190
2745.0,3,COLD_DWELL,1.000000e-06,-180.00,6,-159.620
2750.0,3,COLD_DWELL,1.000000e-06,-180.00,1,-155.162
2750.0,3,COLD_DWELL,1.000000e-06,-180.00,2,-165.180
2750.0,3,COLD_DWELL,1.000000e-06,-180.00,3,-173.248
2750.0,3,COLD_DWELL,1.000000e-06,-180.00,4,-177.633
2750.0,3,COLD_DWELL,1.000000e-06,-180.00,5,-170.460
2750.0,3,COLD_DWELL,1.000000e-06,-180.00,6,-159.963
2755.0,3,COLD_DWELL,1.000000e-06,-180.00,1,-155.574
2755.0,3,COLD_DWELL,1.000000e-06,-180.00,2,-165.487
2755.0,3,COLD_DWELL,1.000000e-06,-180.00,3,-173.512
2755.0,3,COLD_DWELL,1.000000e-06,-180.00,4,-177.743
2755.0,3,COLD_DWELL,1.000000e-06,-180.00,5,-170.726
2755.0,3,COLD_DWELL,1.000000e-06,-180.00,6,-160.366
2760.0,3,COLD_DWELL,1.000000e-06,-180.00,1,-156.037
2760.0,3,COLD_DWELL,1.000000e-06,-180.00,2,-165.789
2760.0,3,COLD_DWELL,1.000000e-06,-180.00,3,-173.681
2760.0,3,COLD_DWELL,1.000000e-06,-180.00,4,-177.707
2760.0,3,COLD_DWELL,1.000000e-06,-180.00,5,-170.905
2760.0,3,COLD_DWELL,1.000000e-06,-180.00,6,-160.644
2765.0,3,COLD_DWELL,1.000000e-06,-180.00,1,-156.374
2765.0,3,COLD_DWELL,1.000000e-06,-180.00,2,-166.069
2765.0,3,COLD_DWELL,1.000000e-06,-180.00,3,-173.740
2765.0,3,COLD_DWELL,1.000000e-06,-180.00,4,-177.628
2765.0,3,COLD_DWELL,1.000000e-06,-180.00,5,-171.080
2765.0,3,COLD_DWELL,1.000000e-06,-180.00,6,-161.002
2770.0,3,COLD_DWELL,1.000000e-06,-180.00,1,-156.652
2770.0,3,COLD_DWELL,1.000000e-06,-180.00,2,-166.346
2770.0,3,COLD_DWELL,1.000000e-06,-180.00,3,-173.892
2770.0,3,COLD_DWELL,1.000000e-06,-180.00,4,-177.608
2770.0,3,COLD_DWELL,1.000000e-06,-180.00,5,-171.319
2770.0,3,COLD_DWELL,1.000000e-06,-180.00,6,-161.288
2775.0,3,COLD_DWELL,1.000000e-06,-180.00,1,-157.113
2775.0,3,COLD_DWELL,1.000000e-06,-180.00,2,-166.693
2775.0,3,COLD_DWELL,1.000000e-06,-180.00,3,-174.078
2775.0,3,COLD_DWELL,1.000000e-06,-180.00,4,-177.710
2775.0,3,COLD_DWELL,1.000000e-06,-180.00,5,-171.415
2775.0,3,COLD_DWELL,1.000000e-06,-180.00,6,-161.618
2780.0,3,COLD_DWELL,1.000000e-06,-180.00,1,-157.454
2780.0,3,COLD_DWELL,1.000000e-06,-180.00,2,-166.993
2780.0,3,COLD_DWELL,1.000000e-06,-180.00,3,-174.281
2780.0,3,COLD_DWELL,1.000000e-06,-180.00,4,-177.812
2780.0,3,COLD_DWELL,1.000000e-06,-180.00,5,-171.742
2780.0,3,COLD_DWELL,1.000000e-06,-180.00,6,-161.981
2785.0,3,COLD_DWELL,1.000000e-06,-180.00,1,-157.813
2785.0,3,COLD_DWELL,1.000000e-06,-180.00,2,-167.243
2785.0,3,COLD_DWELL,1.000000e-06,-180.00,3,-174.443
2785.0,3,COLD_DWELL,1.000000e-06,-180.00,4,-177.838
2785.0,3,COLD_DWELL,1.000000e-06,-180.00,5,-171.920
2785.0,3,COLD_DWELL,1.000000e-06,-180.00,6,-162.268
2790.0,3,COLD_DWELL,1.000000e-06,-180.00,1,-158.180
2790.0,3,COLD_DWELL,1.000000e-06,-180.00,2,-167.460
2790.0,3,COLD_DWELL,1.000000e-06,-180.00,3,-174.582
2790.0,3,COLD_DWELL,1.000000e-06,-180.00,4,-177.897
2790.0,3,COLD_DWELL,1.000000e-06,-180.00,5,-172.132
2790.0,3,COLD_DWELL,1.000000e-06,-180.00,6,-162.706
2795.0,3,COLD_DWELL,1.000000e-06,-180.00,1,-158.481
2795.0,3,COLD_DWELL,1.000000e-06,-180.00,2,-167.711
2795.0,3,COLD_DWELL,1.000000e-06,-180.00,3,-174.754
2795.0,3,COLD_DWELL,1.000000e-06,-180.00,4,-177.961
2795.0,3,COLD_DWELL,1.000000e-06,-180.00,5,-172.409
2795.0,3,COLD_DWELL,1.000000e-06,-180.00,6,-163.060
2800.0,3,COLD_DWELL,1.000000e-06,-180.00,1,-158.757
2800.0,3,COLD_DWELL,1.000000e-06,-180.00,2,-168.032
2800.0,3,COLD_DWELL,1.000000e-06,-180.00,3,-174.975
2800.0,3,COLD_DWELL,1.000000e-06,-180.00,4,-178.025
2800.0,3,COLD_DWELL,1.000000e-06,-180.00,5,-172.480
2800.0,3,COLD_DWELL,1.000000e-06,-180.00,6,-163.252
2805.0,3,COLD_DWELL,1.000000e-06,-180.00,1,-159.040
2805.0,3,COLD_DWELL,1.000000e-06,-180.00,2,-168.273
2805.0,3,COLD_DWELL,1.000000e-06,-180.00,3,-175.056
2805.0,3,COLD_DWELL,1.000000e-06,-180.00,4,-178.149
2805.0,3,COLD_DWELL,1.000000e-06,-180.00,5,-172.795
2805.0,3,COLD_DWELL,1.000000e-06,-180.00,6,-163.563
2810.0,3,COLD_DWELL,1.000000e-06,-180.00,1,-159.339
2810.0,3,COLD_DWELL,1.000000e-06,-180.00,2,-168.600
2810.0,3,COLD_DWELL,1.000000e-06,-180.00,3,-175.208
2810.0,3,COLD_DWELL,1.000000e-06,-180.00,4,-178.155
2810.0,3,COLD_DWELL,1.000000e-06,-180.00,5,-172.986
2810.0,3,COLD_DWELL,1.000000e-06,-180.00,6,-163.817
2815.0,3,COLD_DWELL,1.000000e-06,-180.00,1,-159.612
2815.0,3,COLD_DWELL,1.000000e-06,-180.00,2,-168.873
2815.0,3,COLD_DWELL,1.000000e-06,-180.00,3,-175.326
2815.0,3,COLD_DWELL,1.000000e-06,-180.00,4,-178.113
2815.0,3,COLD_DWELL,1.000000e-06,-180.00,5,-173.238
2815.0,3,COLD_DWELL,1.000000e-06,-180.00,6,-164.192
2820.0,3,COLD_DWELL,1.000000e-06,-180.00,1,-159.940
2820.0,3,COLD_DWELL,1.000000e-06,-180.00,2,-169.051
2820.0,3,COLD_DWELL,1.000000e-06,-180.00,3,-175.524
2820.0,3,COLD_DWELL,1.000000e-06,-180.00,4,-178.118
2820.0,3,COLD_DWELL,1.000000e-06,-180.00,5,-173.290
2820.0,3,COLD_DWELL,1.000000e-06,-180.00,6,-164.419
2825.0,3,COLD_DWELL,1.000000e-06,-180.00,1,-160.235
2825.0,3,COLD_DWELL,1.000000e-06,-180.00,2,-169.220
2825.0,3,COLD_DWELL,1.000000e-06,-180.00,3,-175.535
2825.0,3,COLD_DWELL,1.000000e-06,-180.00,4,-178.171
2825.0,3,COLD_DWELL,1.000000e-06,-180.00,5,-173.529
2825.0,3,COLD_DWELL,1.000000e-06,-180.00,6,-164.663
2830.0,3,COLD_DWELL,1.000000e-06,-180.00,1,-160.520
2830.0,3,COLD_DWELL,1.000000e-06,-180.00,2,-169.553
2830.0,3,COLD_DWELL,1.000000e-06,-180.00,3,-175.611
2830.0,3,COLD_DWELL,1.000000e-06,-180.00,4,-178.175
2830.0,3,COLD_DWELL,1.000000e-06,-180.00,5,-173.610
2830.0,3,COLD_DWELL,1.000000e-06,-180.00,6,-164.881
2835.0,3,COLD_DWELL,1.000000e-06,-180.00,1,-160.851
2835.0,3,COLD_DWELL,1.000000e-06,-180.00,2,-169.825
2835.0,3,COLD_DWELL,1.000000e-06,-180.00,3,-175.733
2835.0,3,COLD_DWELL,1.000000e-06,-180.00,4,-178.163
2835.0,3,COLD_DWELL,1.000000e-06,-180.00,5,-173.776
2835.0,3,COLD_DWELL,1.000000e-06,-180.00,6,-165.195
2840.0,3,COLD_DWELL,1.000000e-06,-180.00,1,-161.190
2840.0,3,COLD_DWELL,1.000000e-06,-180.00,2,-169.986
2840.0,3,COLD_DWELL,1.000000e-06,-180.00,3,-175.925
2840.0,3,COLD_DWELL,1.000000e-06,-180.00,4,-178.214
2840.0,3,COLD_DWELL,1.000000e-06,-180.00,5,-173.984
2840.0,3,COLD_DWELL,1.000000e-06,-180.00,6,-165.385
2845.0,3,COLD_DWELL,1.000000e-06,-180.00,1,-161.491
2845.0,3,COLD_DWELL,1.000000e-06,-180.00,2,-170.221
2845.0,3,COLD_DWELL,1.000000e-06,-180.00,3,-175.929
2845.0,3,COLD_DWELL,1.000000e-06,-180.00,4,-178.253
2845.0,3,COLD_DWELL,1.000000e-06,-180.00,5,-174.112
2845.0,3,COLD_DWELL,1.000000e-06,-180.00,6,-165.567
2850.0,3,COLD_DWELL,1.000000e-06,-180.00,1,-161.782
2850.0,3,COLD_DWELL,1.000000e-06,-180.00,2,-170.476
2850.0,3,COLD_DWELL,1.000000e-06,-180.00,3,-176.112
2850.0,3,COLD_DWELL,1.000000e-06,-180.00,4,-178.334
2850.0,3,COLD_DWELL,1.000000e-06,-180.00,5,-174.300
2850.0,3,COLD_DWELL,1.000000e-06,-180.00,6,-165.815
2855.0,3,COLD_DWELL,1.000000e-06,-180.00,1,-161.923
2855.0,3,COLD_DWELL,1.000000e-06,-180.00,2,-170.685
2855.0,3,COLD_DWELL,1.000000e-06,-180.00,3,-176.235
2855.0,3,COLD_DWELL,1.000000e-06,-180.00,4,-178.413
2855.0,3,COLD_DWELL,1.000000e-06,-180.00,5,-174.466
2855.0,3,COLD_DWELL,1.000000e-06,-180.00,6,-166.072
2860.0,3,COLD_DWELL,1.000000e-06,-180.00,1,-162.219
2860.0,3,COLD_DWELL,1.000000e-06,-180.00,2,-170.868
2860.0,3,COLD_DWELL,1.000000e-06,-180.00,3,-176.305
2860.0,3,COLD_DWELL,1.000000e-06,-180.00,4,-178.445
2860.0,3,COLD_DWELL,1.000000e-06,-180.00,5,-174.547
2860.0,3,COLD_DWELL,1.000000e-06,-180.00,6,-166.369
2865.0,3,COLD_DWELL,1.000000e-06,-180.00,1,-162.563
2865.0,3,COLD_DWELL,1.000000e-06,-180.00,2,-171.010
2865.0,3,COLD_DWELL,1.000000e-06,-180.00,3,-176.412
2865.0,3,COLD_DWELL,1.000000e-06,-180.00,4,-178.423
2865.0,3,COLD_DWELL,1.000000e-06,-180.00,5,-174.683
2865.0,3,COLD_DWELL,1.000000e-06,-180.00,6,-166.656
2870.0,3,COLD_DWELL,1.000000e-06,-180.00,1,-162.698
2870.0,3,COLD_DWELL,1.000000e-06,-180.00,2,-171.206
2870.0,3,COLD_DWELL,1.000000e-06,-180.00,3,-176.519
2870.0,3,COLD_DWELL,1.000000e-06,-180.00,4,-178.485
2870.0,3,COLD_DWELL,1.000000e-06,-180.00,5,-174.830
2870.0,3,COLD_DWELL,1.000000e-06,-180.00,6,-166.881
2875.0,3,COLD_DWELL,1.000000e-06,-180.00,1,-162.986
2875.0,3,COLD_DWELL,1.000000e-06,-180.00,2,-171.381
2875.0,3,COLD_DWELL,1.000000e-06,-180.00,3,-176.670
2875.0,3,COLD_DWELL,1.000000e-06,-180.00,4,-178.566
2875.0,3,COLD_DWELL,1.000000e-06,-180.00,5,-174.983
2875.0,3,COLD_DWELL,1.000000e-06,-180.00,6,-167.100
2880.0,3,COLD_DWELL,1.000000e-06,-180.00,1,-163.166
2880.0,3,COLD_DWELL,1.000000e-06,-180.00,2,-171.494
2880.0,3,COLD_DWELL,1.000000e-06,-180.00,3,-176.697
2880.0,3,COLD_DWELL,1.000000e-06,-180.00,4,-178.513
2880.0,3,COLD_DWELL,1.000000e-06,-180.00,5,-175.108
2880.0,3,COLD_DWELL,1.000000e-06,-180.00,6,-167.224
2885.0,3,COLD_DWELL,1.000000e-06,-180.00,1,-163.369
2885.0,3,COLD_DWELL,1.000000e-06,-180.00,2,-171.608
2885.0,3,COLD_DWELL,1.000000e-06,-180.00,3,-176.792
2885.0,3,COLD_DWELL,1.000000e-06,-180.00,4,-178.574
2885.0,3,COLD_DWELL,1.000000e-06,-180.00,5,-175.287
2885.0,3,COLD_DWELL,1.000000e-06,-180.00,6,-167.335
2890.0,3,COLD_DWELL,1.000000e-06,-180.00,1,-163.512
2890.0,3,COLD_DWELL,1.000000e-06,-180.00,2,-171.690
2890.0,3,COLD_DWELL,1.000000e-06,-180.00,3,-176.952
2890.0,3,COLD_DWELL,1.000000e-06,-180.00,4,-178.638
2890.0,3,COLD_DWELL,1.000000e-06,-180.00,5,-175.477
2890.0,3,COLD_DWELL,1.000000e-06,-180.00,6,-167.529
2895.0,3,COLD_DWELL,1.000000e-06,-180.00,1,-163.822
2895.0,3,COLD_DWELL,1.000000e-06,-180.00,2,-171.836
2895.0,3,COLD_DWELL,1.000000e-06,-180.00,3,-177.008
2895.0,3,COLD_DWELL,1.000000e-06,-180.00,4,-178.616
2895.0,3,COLD_DWELL,1.000000e-06,-180.00,5,-175.655
2895.0,3,COLD_DWELL,1.000000e-06,-180.00,6,-167.759
2900.0,3,COLD_DWELL,1.000000e-06,-180.00,1,-164.061
2900.0,3,COLD_DWELL,1.000000e-06,-180.00,2,-172.054
2900.0,3,COLD_DWELL,1.000000e-06,-180.00,3,-177.068
2900.0,3,COLD_DWELL,1.000000e-06,-180.00,4,-178.624
2900.0,3,COLD_DWELL,1.000000e-06,-180.00,5,-175.892
2900.0,3,COLD_DWELL,1.000000e-06,-180.00,6,-167.952
2905.0,3,COLD_DWELL,1.000000e-06,-180.00,1,-164.262
2905.0,3,COLD_DWELL,1.000000e-06,-180.00,2,-172.189
2905.0,3,COLD_DWELL,1.000000e-06,-180.00,3,-177.142
2905.0,3,COLD_DWELL,1.000000e-06,-180.00,4,-178.654
2905.0,3,COLD_DWELL,1.000000e-06,-180.00,5,-175.958
2905.0,3,COLD_DWELL,1.000000e-06,-180.00,6,-168.134
2910.0,3,COLD_DWELL,1.000000e-06,-180.00,1,-164.499
2910.0,3,COLD_DWELL,1.000000e-06,-180.00,2,-172.351
2910.0,3,COLD_DWELL,1.000000e-06,-180.00,3,-177.118
2910.0,3,COLD_DWELL,1.000000e-06,-180.00,4,-178.633
2910.0,3,COLD_DWELL,1.000000e-06,-180.00,5,-176.011
2910.0,3,COLD_DWELL,1.000000e-06,-180.00,6,-168.283
2915.0,3,COLD_DWELL,1.000000e-06,-180.00,1,-164.677
2915.0,3,COLD_DWELL,1.000000e-06,-180.00,2,-172.495
2915.0,3,COLD_DWELL,1.000000e-06,-180.00,3,-177.236
2915.0,3,COLD_DWELL,1.000000e-06,-180.00,4,-178.625
2915.0,3,COLD_DWELL,1.000000e-06,-180.00,5,-176.104
2915.0,3,COLD_DWELL,1.000000e-06,-180.00,6,-168.453
2920.0,3,COLD_DWELL,1.000000e-06,-180.00,1,-164.943
2920.0,3,COLD_DWELL,1.000000e-06,-180.00,2,-172.614
2920.0,3,COLD_DWELL,1.000000e-06,-180.00,3,-177.239
2920.0,3,COLD_DWELL,1.000000e-06,-180.00,4,-178.631
2920.0,3,COLD_DWELL,1.000000e-06,-180.00,5,-176.225
2920.0,3,COLD_DWELL,1.000000e-06,-180.00,6,-168.683
2925.0,3,COLD_DWELL,1.000000e-06,-180.00,1,-165.083
2925.0,3,COLD_DWELL,1.000000e-06,-180.00,2,-172.801
2925.0,3,COLD_DWELL,1.000000e-06,-180.00,3,-177.378
2925.0,3,COLD_DWELL,1.000000e-06,-180.00,4,-178.651
2925.0,3,COLD_DWELL,1.000000e-06,-180.00,5,-176.386
2925.0,3,COLD_DWELL,1.000000e-06,-180.00,6,-168.803
2930.0,3,COLD_DWELL,1.000000e-06,-180.00,1,-165.251
2930.0,3,COLD_DWELL,1.000000e-06,-180.00,2,-173.008
2930.0,3,COLD_DWELL,1.000000e-06,-180.00,3,-177.387
2930.0,3,COLD_DWELL,1.000000e-06,-180.00,4,-178.648
2930.0,3,COLD_DWELL,1.000000e-06,-180.00,5,-176.438
2930.0,3,COLD_DWELL,1.000000e-06,-180.00,6,-168.939
2935.0,3,COLD_DWELL,1.000000e-06,-180.00,1,-165.419
2935.0,3,COLD_DWELL,1.000000e-06,-180.00,2,-173.161
2935.0,3,COLD_DWELL,1.000000e-06,-180.00,3,-177.422
2935.0,3,COLD_DWELL,1.000000e-06,-180.00,4,-178.659
2935.0,3,COLD_DWELL,1.000000e-06,-180.00,5,-176.486
2935.0,3,COLD_DWELL,1.000000e-06,-180.00,6,-169.086
2940.0,3,COLD_DWELL,1.000000e-06,-180.00,1,-165.556
2940.0,3,COLD_DWELL,1.000000e-06,-180.00,2,-173.347
2940.0,3,COLD_DWELL,1.000000e-06,-180.00,3,-177.399
2940.0,3,COLD_DWELL,1.000000e-06,-180.00,4,-178.621
2940.0,3,COLD_DWELL,1.000000e-06,-180.00,5,-176.588
2940.0,3,COLD_DWELL,1.000000e-06,-180.00,6,-169.231
2945.0,3,COLD_DWELL,1.000000e-06,-180.00,1,-165.825
2945.0,3,COLD_DWELL,1.000000e-06,-180.00,2,-173.427
2945.0,3,COLD_DWELL,1.000000e-06,-180.00,3,-177.490
2945.0,3,COLD_DWELL,1.000000e-06,-180.00,4,-178.649
2945.0,3,COLD_DWELL,1.000000e-06,-180.00,5,-176.658
2945.0,3,COLD_DWELL,1.000000e-06,-180.00,6,-169.441
2950.0,3,COLD_DWELL,1.000000e-06,-180.00,1,-166.018
2950.0,3,COLD_DWELL,1.000000e-06,-180.00,2,-173.553
2950.0,3,COLD_DWELL,1.000000e-06,-180.00,3,-177.441
2950.0,3,COLD_DWELL,1.000000e-06,-180.00,4,-178.723
2950.0,3,COLD_DWELL,1.000000e-06,-180.00,5,-176.708
2950.0,3,COLD_DWELL,1.000000e-06,-180.00,6,-169.537
2955.0,3,COLD_DWELL,1.000000e-06,-180.00,1,-166.220
2955.0,3,COLD_DWELL,1.000000e-06,-180.00,2,-173.635
2955.0,3,COLD_DWELL,1.000000e-06,-180.00,3,-177.478
2955.0,3,COLD_DWELL,1.000000e-06,-180.00,4,-178.716
2955.0,3,COLD_DWELL,1.000000e-06,-180.00,5,-176.827
2955.0,3,COLD_DWELL,1.000000e-06,-180.00,6,-169.669
2960.0,3,COLD_DWELL,1.000000e-06,-180.00,1,-166.380
2960.0,3,COLD_DWELL,1.000000e-06,-180.00,2,-173.767
2960.0,3,COLD_DWELL,1.000000e-06,-180.00,3,-177.497
2960.0,3,COLD_DWELL,1.000000e-06,-180.00,4,-178.725
2960.0,3,COLD_DWELL,1.000000e-06,-180.00,5,-176.908
2960.0,3,COLD_DWELL,1.000000e-06,-180.00,6,-169.898
2965.0,3,COLD_DWELL,1.000000e-06,-180.00,1,-166.485
2965.0,3,COLD_DWELL,1.000000e-06,-180.00,2,-173.900
2965.0,3,COLD_DWELL,1.000000e-06,-180.00,3,-177.456
2965.0,3,COLD_DWELL,1.000000e-06,-180.00,4,-178.651
2965.0,3,COLD_DWELL,1.000000e-06,-180.00,5,-176.955
2965.0,3,COLD_DWELL,1.000000e-06,-180.00,6,-170.124
2970.0,3,COLD_DWELL,1.000000e-06,-180.00,1,-166.671
2970.0,3,COLD_DWELL,1.000000e-06,-180.00,2,-174.043
2970.0,3,COLD_DWELL,1.000000e-06,-180.00,3,-177.531
2970.0,3,COLD_DWELL,1.000000e-06,-180.00,4,-178.726
2970.0,3,COLD_DWELL,1.000000e-06,-180.00,5,-177.048
2970.0,3,COLD_DWELL,1.000000e-06,-180.00,6,-170.181
2975.0,3,COLD_DWELL,1.000000e-06,-180.00,1,-166.809
2975.0,3,COLD_DWELL,1.000000e-06,-180.00,2,-174.164
2975.0,3,COLD_DWELL,1.000000e-06,-180.00,3,-177.598
2975.0,3,COLD_DWELL,1.000000e-06,-180.00,4,-178.818
2975.0,3,COLD_DWELL,1.000000e-06,-180.00,5,-177.141
2975.0,3,COLD_DWELL,1.000000e-06,-180.00,6,-170.337
2980.0,3,COLD_DWELL,1.000000e-06,-180.00,1,-166.990
2980.0,3,COLD_DWELL,1.000000e-06,-180.00,2,-174.350
2980.0,3,COLD_DWELL,1.000000e-06,-180.00,3,-177.690
2980.0,3,COLD_DWELL,1.000000e-06,-180.00,4,-178.820
2980.0,3,COLD_DWELL,1.000000e-06,-180.00,5,-177.395
2980.0,3,COLD_DWELL,1.000000e-06,-180.00,6,-170.448
2985.0,3,COLD_DWELL,1.000000e-06,-180.00,1,-167.239
2985.0,3,COLD_DWELL,1.000000e-06,-180.00,2,-174.411
2985.0,3,COLD_DWELL,1.000000e-06,-180.00,3,-177.774
2985.0,3,COLD_DWELL,1.000000e-06,-180.00,4,-178.805
2985.0,3,COLD_DWELL,1.000000e-06,-180.00,5,-177.458
2985.0,3,COLD_DWELL,1.000000e-06,-180.00,6,-170.536
2990.0,3,COLD_DWELL,1.000000e-06,-180.00,1,-167.424
2990.0,3,COLD_DWELL,1.000000e-06,-180.00,2,-174.510
2990.0,3,COLD_DWELL,1.000000e-06,-180.00,3,-177.915
2990.0,3,COLD_DWELL,1.000000e-06,-180.00,4,-178.750
2990.0,3,COLD_DWELL,1.000000e-06,-180.00,5,-177.515
2990.0,3,COLD_DWELL,1.000000e-06,-180.00,6,-170.693
2995.0,3,COLD_DWELL,1.000000e-06,-180.00,1,-167.581
2995.0,3,COLD_DWELL,1.000000e-06,-180.00,2,-174.525
2995.0,3,COLD_DWELL,1.000000e-06,-180.00,3,-177.885
2995.0,3,COLD_DWELL,1.000000e-06,-180.00,4,-178.813
2995.0,3,COLD_DWELL,1.000000e-06,-180.00,5,-177.625
2995.0,3,COLD_DWELL,1.000000e-06,-180.00,6,-170.779
3000.0,3,HOT_RAMP,1.000000e-06,-177.50,1,-167.438
3000.0,3,HOT_RAMP,1.000000e-06,-177.50,2,-174.597
3000.0,3,HOT_RAMP,1.000000e-06,-177.50,3,-177.852
3000.0,3,HOT_RAMP,1.000000e-06,-177.50,4,-178.085
3000.0,3,HOT_RAMP,1.000000e-06,-177.50,5,-177.630
3000.0,3,HOT_RAMP,1.000000e-06,-177.50,6,-170.824
3005.0,3,HOT_RAMP,1.000000e-06,-175.00,1,-167.235
3005.0,3,HOT_RAMP,1.000000e-06,-175.00,2,-174.619
3005.0,3,HOT_RAMP,1.000000e-06,-175.00,3,-177.725
3005.0,3,HOT_RAMP,1.000000e-06,-175.00,4,-177.289
3005.0,3,HOT_RAMP,1.000000e-06,-175.00,5,-177.505
3005.0,3,HOT_RAMP,1.000000e-06,-175.00,6,-170.851
3010.0,3,HOT_RAMP,1.000000e-06,-172.50,1,-167.058
3010.0,3,HOT_RAMP,1.000000e-06,-172.50,2,-174.606
3010.0,3,HOT_RAMP,1.000000e-06,-172.50,3,-177.620
3010.0,3,HOT_RAMP,1.000000e-06,-172.50,4,-176.436
3010.0,3,HOT_RAMP,1.000000e-06,-172.50,5,-177.353
3010.0,3,HOT_RAMP,1.000000e-06,-172.50,6,-170.933
3015.0,3,HOT_RAMP,1.000000e-06,-170.00,1,-166.812
3015.0,3,HOT_RAMP,1.000000e-06,-170.00,2,-174.504
3015.0,3,HOT_RAMP,1.000000e-06,-170.00,3,-177.330
3015.0,3,HOT_RAMP,1.000000e-06,-170.00,4,-175.419
3015.0,3,HOT_RAMP,1.000000e-06,-170.00,5,-177.255
3015.0,3,HOT_RAMP,1.000000e-06,-170.00,6,-170.929
3020.0,3,HOT_RAMP,1.000000e-06,-167.50,1,-166.544
3020.0,3,HOT_RAMP,1.000000e-06,-167.50,2,-174.324
3020.0,3,HOT_RAMP,1.000000e-06,-167.50,3,-176.914
3020.0,3,HOT_RAMP,1.000000e-06,-167.50,4,-174.239
3020.0,3,HOT_RAMP,1.000000e-06,-167.50,5,-176.947
3020.0,3,HOT_RAMP,1.000000e-06,-167.50,6,-170.944
3025.0,3,HOT_RAMP,1.000000e-06,-165.00,1,-166.304
3025.0,3,HOT_RAMP,1.000000e-06,-165.00,2,-174.106
3025.0,3,HOT_RAMP,1.000000e-06,-165.00,3,-176.385
3025.0,3,HOT_RAMP,1.000000e-06,-165.00,4,-173.045
3025.0,3,HOT_RAMP,1.000000e-06,-165.00,5,-176.615
3025.0,3,HOT_RAMP,1.000000e-06,-165.00,6,-170.977
3030.0,3,HOT_RAMP,1.000000e-06,-162.50,1,-166.017
3030.0,3,HOT_RAMP,1.000000e-06,-162.50,2,-173.802
3030.0,3,HOT_RAMP,1.000000e-06,-162.50,3,-175.727
3030.0,3,HOT_RAMP,1.000000e-06,-162.50,4,-171.641
3030.0,3,HOT_RAMP,1.000000e-06,-162.50,5,-176.123
3030.0,3,HOT_RAMP,1.000000e-06,-162.50,6,-170.879
3035.0,3,HOT_RAMP,1.000000e-06,-160.00,1,-165.636
3035.0,3,HOT_RAMP,1.000000e-06,-160.00,2,-173.468
3035.0,3,HOT_RAMP,1.000000e-06,-160.00,3,-174.993
3035.0,3,HOT_RAMP,1.000000e-06,-160.00,4,-170.182
3035.0,3,HOT_RAMP,1.000000e-06,-160.00,5,-175.610
3035.0,3,HOT_RAMP,1.000000e-06,-160.00,6,-170.575
3040.0,3,HOT_RAMP,1.000000e-06,-157.50,1,-165.313
3040.0,3,HOT_RAMP,1.000000e-06,-157.50,2,-173.090
3040.0,3,HOT_RAMP,1.000000e-06,-157.50,3,-174.217
3040.0,3,HOT_RAMP,1.000000e-06,-157.50,4,-168.555
3040.0,3,HOT_RAMP,1.000000e-06,-157.50,5,-174.966
3040.0,3,HOT_RAMP,1.000000e-06,-157.50,6,-170.354
3045.0,3,HOT_RAMP,1.000000e-06,-155.00,1,-164.858
3045.0,3,HOT_RAMP,1.000000e-06,-155.00,2,-172.584
3045.0,3,HOT_RAMP,1.000000e-06,-155.00,3,-173.413
3045.0,3,HOT_RAMP,1.000000e-06,-155.00,4,-166.719
3045.0,3,HOT_RAMP,1.000000e-06,-155.00,5,-174.265
3045.0,3,HOT_RAMP,1.000000e-06,-155.00,6,-169.950
3050.0,3,HOT_RAMP,1.000000e-06,-152.50,1,-164.313
3050.0,3,HOT_RAMP,1.000000e-06,-152.50,2,-171.999
3050.0,3,HOT_RAMP,1.000000e-06,-152.50,3,-172.570
3050.0,3,HOT_RAMP,1.000000e-06,-152.50,4,-164.869
3050.0,3,HOT_RAMP,1.000000e-06,-152.50,5,-173.407
3050.0,3,HOT_RAMP,1.000000e-06,-152.50,6,-169.537
3055.0,3,HOT_RAMP,1.000000e-06,-150.00,1,-163.760
3055.0,3,HOT_RAMP,1.000000e-06,-150.00,2,-171.405
3055.0,3,HOT_RAMP,1.000000e-06,-150.00,3,-171.577
3055.0,3,HOT_RAMP,1.000000e-06,-150.00,4,-162.939
3055.0,3,HOT_RAMP,1.000000e-06,-150.00,5,-172.426
3055.0,3,HOT_RAMP,1.000000e-06,-150.00,6,-169.081
3060.0,3,HOT_RAMP,1.000000e-06,-147.50,1,-163.129
3060.0,3,HOT_RAMP,1.000000e-06,-147.50,2,-170.580
3060.0,3,HOT_RAMP,1.000000e-06,-147.50,3,-170.368
3060.0,3,HOT_RAMP,1.000000e-06,-147.50,4,-160.782
3060.0,3,HOT_RAMP,1.000000e-06,-147.50,5,-171.403
3060.0,3,HOT_RAMP,1.000000e-06,-147.50,6,-168.453
3065.0,3,HOT_RAMP,1.000000e-06,-145.00,1,-162.411
3065.0,3,HOT_RAMP,1.000000e-06,-145.00,2,-169.678
3065.0,3,HOT_RAMP,1.000000e-06,-145.00,3,-169.043
3065.0,3,HOT_RAMP,1.000000e-06,-145.00,4,-158.650
3065.0,3,HOT_RAMP,1.000000e-06,-145.00,5,-170.213
3065.0,3,HOT_RAMP,1.000000e-06,-145.00,6,-167.861
3070.0,3,HOT_RAMP,1.000000e-06,-142.50,1,-161.716
3070.0,3,HOT_RAMP,1.000000e-06,-142.50,2,-168.775
3070.0,3,HOT_RAMP,1.000000e-06,-142.50,3,-167.551
3070.0,3,HOT_RAMP,1.000000e-06,-142.50,4,-156.246
3070.0,3,HOT_RAMP,1.000000e-06,-142.50,5,-168.939
3070.0,3,HOT_RAMP,1.000000e-06,-142.50,6,-167.128
3075.0,3,HOT_RAMP,1.000000e-06,-140.00,1,-160.936
3075.0,3,HOT_RAMP,1.000000e-06,-140.00,2,-167.757
3075.0,3,HOT_RAMP,1.000000e-06,-140.00,3,-166.024
3075.0,3,HOT_RAMP,1.000000e-06,-140.00,4,-153.804
3075.0,3,HOT_RAMP,1.000000e-06,-140.00,5,-167.521
3075.0,3,HOT_RAMP,1.000000e-06,-140.00,6,-166.283
3080.0,3,HOT_RAMP,1.000000e-06,-137.50,1,-160.043
3080.0,3,HOT_RAMP,1.000000e-06,-137.50,2,-166.570
3080.0,3,HOT_RAMP,1.000000e-06,-137.50,3,-164.280
3080.0,3,HOT_RAMP,1.000000e-06,-137.50,4,-151.293
3080.0,3,HOT_RAMP,1.000000e-06,-137.50,5,-165.935
3080.0,3,HOT_RAMP,1.000000e-06,-137.50,6,-165.431
3085.0,3,HOT_RAMP,1.000000e-06,-135.00,1,-159.157
3085.0,3,HOT_RAMP,1.000000e-06,-135.00,2,-165.260
3085.0,3,HOT_RAMP,1.000000e-06,-135.00,3,-162.385
3085.0,3,HOT_RAMP,1.000000e-06,-135.00,4,-148.569
3085.0,3,HOT_RAMP,1.000000e-06,-135.00,5,-164.307
3085.0,3,HOT_RAMP,1.000000e-06,-135.00,6,-164.403
3090.0,3,HOT_RAMP,1.000000e-06,-132.50,1,-158.141
3090.0,3,HOT_RAMP,1.000000e-06,-132.50,2,-163.883
3090.0,3,HOT_RAMP,1.000000e-06,-132.50,3,-160.400
3090.0,3,HOT_RAMP,1.000000e-06,-132.50,4,-145.747
3090.0,3,HOT_RAMP,1.000000e-06,-132.50,5,-162.497
3090.0,3,HOT_RAMP,1.000000e-06,-132.50,6,-163.388
3095.0,3,HOT_RAMP,1.000000e-06,-130.00,1,-157.086
3095.0,3,HOT_RAMP,1.000000e-06,-130.00,2,-162.460
3095.0,3,HOT_RAMP,1.000000e-06,-130.00,3,-158.286
3095.0,3,HOT_RAMP,1.000000e-06,-130.00,4,-142.928
3095.0,3,HOT_RAMP,1.000000e-06,-130.00,5,-160.610
3095.0,3,HOT_RAMP,1.000000e-06,-130.00,6,-162.258
3100.0,3,HOT_RAMP,1.000000e-06,-127.50,1,-155.888
3100.0,3,HOT_RAMP,1.000000e-06,-127.50,2,-160.790
3100.0,3,HOT_RAMP,1.000000e-06,-127.50,3,-155.958
3100.0,3,HOT_RAMP,1.000000e-06,-127.50,4,-140.016
3100.0,3,HOT_RAMP,1.000000e-06,-127.50,5,-158.492
3100.0,3,HOT_RAMP,1.000000e-06,-127.50,6,-161.001
3105.0,3,HOT_RAMP,1.000000e-06,-125.00,1,-154.737
3105.0,3,HOT_RAMP,1.000000e-06,-125.00,2,-158.955
3105.0,3,HOT_RAMP,1.000000e-06,-125.00,3,-153.470
3105.0,3,HOT_RAMP,1.000000e-06,-125.00,4,-137.017
3105.0,3,HOT_RAMP,1.000000e-06,-125.00,5,-156.284
3105.0,3,HOT_RAMP,1.000000e-06,-125.00,6,-159.700
3110.0,3,HOT_RAMP,1.000000e-06,-122.50,1,-153.327
3110.0,3,HOT_RAMP,1.000000e-06,-122.50,2,-157.134
3110.0,3,HOT_RAMP,1.000000e-06,-122.50,3,-150.709
3110.0,3,HOT_RAMP,1.000000e-06,-122.50,4,-133.892
3110.0,3,HOT_RAMP,1.000000e-06,-122.50,5,-153.930
3110.0,3,HOT_RAMP,1.000000e-06,-122.50,6,-158.246
3115.0,3,HOT_RAMP,1.000000e-06,-120.00,1,-151.874
3115.0,3,HOT_RAMP,1.000000e-06,-120.00,2,-155.134
3115.0,3,HOT_RAMP,1.000000e-06,-120.00,3,-148.017
3115.0,3,HOT_RAMP,1.000000e-06,-120.00,4,-130.691
3115.0,3,HOT_RAMP,1.000000e-06,-120.00,5,-151.476
3115.0,3,HOT_RAMP,1.000000e-06,-120.00,6,-156.647
3120.0,3,HOT_RAMP,1.000000e-06,-117.50,1,-150.238
3120.0,3,HOT_RAMP,1.000000e-06,-117.50,2,-153.110
3120.0,3,HOT_RAMP,1.000000e-06,-117.50,3,-145.153
3120.0,3,HOT_RAMP,1.000000e-06,-117.50,4,-127.580
3120.0,3,HOT_RAMP,1.000000e-06,-117.50,5,-148.904
3120.0,3,HOT_RAMP,1.000000e-06,-117.50,6,-154.933
3125.0,3,HOT_RAMP,1.000000e-06,-115.00,1,-148.580
3125.0,3,HOT_RAMP,1.000000e-06,-115.00,2,-150.798
3125.0,3,HOT_RAMP,1.000000e-06,-115.00,3,-142.088
3125.0,3,HOT_RAMP,1.000000e-06,-115.00,4,-124.343
3125.0,3,HOT_RAMP,1.000000e-06,-115.00,5,-146.219
3125.0,3,HOT_RAMP,1.000000e-06,-115.00,6,-153.042
3130.0,3,HOT_RAMP,1.000000e-06,-112.50,1,-146.855
3130.0,3,HOT_RAMP,1.000000e-06,-112.50,2,-148.509
3130.0,3,HOT_RAMP,1.000000e-06,-112.50,3,-138.962
3130.0,3,HOT_RAMP,1.000000e-06,-112.50,4,-121.187
3130.0,3,HOT_RAMP,1.000000e-06,-112.50,5,-143.389
3130.0,3,HOT_RAMP,1.000000e-06,-112.50,6,-151.022
3135.0,3,HOT_RAMP,1.000000e-06,-110.00,1,-144.943
3135.0,3,HOT_RAMP,1.000000e-06,-110.00,2,-146.014
3135.0,3,HOT_RAMP,1.000000e-06,-110.00,3,-135.582
3135.0,3,HOT_RAMP,1.000000e-06,-110.00,4,-118.046
3135.0,3,HOT_RAMP,1.000000e-06,-110.00,5,-140.356
3135.0,3,HOT_RAMP,1.000000e-06,-110.00,6,-148.926
3140.0,3,HOT_RAMP,1.000000e-06,-107.50,1,-142.994
3140.0,3,HOT_RAMP,1.000000e-06,-107.50,2,-143.385
3140.0,3,HOT_RAMP,1.000000e-06,-107.50,3,-132.286
3140.0,3,HOT_RAMP,1.000000e-06,-107.50,4,-114.959
3140.0,3,HOT_RAMP,1.000000e-06,-107.50,5,-137.238
3140.0,3,HOT_RAMP,1.000000e-06,-107.50,6,-146.735
3145.0,3,HOT_RAMP,1.000000e-06,-105.00,1,-141.004
3145.0,3,HOT_RAMP,1.000000e-06,-105.00,2,-140.684
3145.0,3,HOT_RAMP,1.000000e-06,-105.00,3,-128.844
3145.0,3,HOT_RAMP,1.000000e-06,-105.00,4,-111.821
3145.0,3,HOT_RAMP,1.000000e-06,-105.00,5,-134.064
3145.0,3,HOT_RAMP,1.000000e-06,-105.00,6,-144.390
3150.0,3,HOT_RAMP,1.000000e-06,-102.50,1,-138.853
3150.0,3,HOT_RAMP,1.000000e-06,-102.50,2,-137.743
3150.0,3,HOT_RAMP,1.000000e-06,-102.50,3,-125.335
3150.0,3,HOT_RAMP,1.000000e-06,-102.50,4,-108.783
3150.0,3,HOT_RAMP,1.000000e-06,-102.50,5,-130.654
3150.0,3,HOT_RAMP,1.000000e-06,-102.50,6,-141.993
3155.0,3,HOT_RAMP,1.000000e-06,-100.00,1,-136.628
3155.0,3,HOT_RAMP,1.000000e-06,-100.00,2,-134.713
3155.0,3,HOT_RAMP,1.000000e-06,-100.00,3,-121.807
3155.0,3,HOT_RAMP,1.000000e-06,-100.00,4,-105.699
3155.0,3,HOT_RAMP,1.000000e-06,-100.00,5,-127.195
3155.0,3,HOT_RAMP,1.000000e-06,-100.00,6,-139.474
3160.0,3,HOT_RAMP,1.000000e-06,-97.50,1,-134.232
3160.0,3,HOT_RAMP,1.000000e-06,-97.50,2,-131.533
3160.0,3,HOT_RAMP,1.000000e-06,-97.50,3,-118.130
3160.0,3,HOT_RAMP,1.000000e-06,-97.50,4,-102.663
3160.0,3,HOT_RAMP,1.000000e-06,-97.50,5,-123.555
3160.0,3,HOT_RAMP,1.000000e-06,-97.50,6,-136.823
3165.0,3,HOT_RAMP,1.000000e-06,-95.00,1,-131.669
3165.0,3,HOT_RAMP,1.000000e-06,-95.00,2,-128.343
3165.0,3,HOT_RAMP,1.000000e-06,-95.00,3,-114.482
3165.0,3,HOT_RAMP,1.000000e-06,-95.00,4,-99.561
3165.0,3,HOT_RAMP,1.000000e-06,-95.00,5,-119.992
3165.0,3,HOT_RAMP,1.000000e-06,-95.00,6,-134.023
3170.0,3,HOT_RAMP,1.000000e-06,-92.50,1,-129.083
3170.0,3,HOT_RAMP,1.000000e-06,-92.50,2,-125.012
3170.0,3,HOT_RAMP,1.000000e-06,-92.50,3,-110.754
3170.0,3,HOT_RAMP,1.000000e-06,-92.50,4,-96.656
3170.0,3,HOT_RAMP,1.000000e-06,-92.50,5,-116.303
3170.0,3,HOT_RAMP,1.000000e-06,-92.50,6,-131.150
3175.0,3,HOT_RAMP,1.000000e-06,-90.00,1,-126.428
3175.0,3,HOT_RAMP,1.000000e-06,-90.00,2,-121.544
3175.0,3,HOT_RAMP,1.000000e-06,-90.00,3,-107.079
3175.0,3,HOT_RAMP,1.000000e-06,-90.00,4,-93.767
3175.0,3,HOT_RAMP,1.000000e-06,-90.00,5,-112.578
3175.0,3,HOT_RAMP,1.000000e-06,-90.00,6,-128.049
3180.0,3,HOT_RAMP,1.000000e-06,-87.50,1,-123.568
3180.0,3,HOT_RAMP,1.000000e-06,-87.50,2,-118.012
3180.0,3,HOT_RAMP,1.000000e-06,-87.50,3,-103.512
3180.0,3,HOT_RAMP,1.000000e-06,-87.50,4,-90.924
3180.0,3,HOT_RAMP,1.000000e-06,-87.50,5,-108.854
3180.0,3,HOT_RAMP,1.000000e-06,-87.50,6,-124.869
3185.0,3,HOT_RAMP,1.000000e-06,-85.00,1,-120.538
3185.0,3,HOT_RAMP,1.000000e-06,-85.00,2,-114.453
3185.0,3,HOT_RAMP,1.000000e-06,-85.00,3,-99.926
3185.0,3,HOT_RAMP,1.000000e-06,-85.00,4,-88.135
3185.0,3,HOT_RAMP,1.000000e-06,-85.00,5,-105.081
3185.0,3,HOT_RAMP,1.000000e-06,-85.00,6,-121.692
3190.0,3,HOT_RAMP,1.000000e-06,-82.50,1,-117.589
3190.0,3,HOT_RAMP,1.000000e-06,-82.50,2,-110.796
3190.0,3,HOT_RAMP,1.000000e-06,-82.50,3,-96.363
3190.0,3,HOT_RAMP,1.000000e-06,-82.50,4,-85.451
3190.0,3,HOT_RAMP,1.000000e-06,-82.50,5,-101.428
3190.0,3,HOT_RAMP,1.000000e-06,-82.50,6,-118.230
3195.0,3,HOT_RAMP,1.000000e-06,-80.00,1,-114.474
3195.0,3,HOT_RAMP,1.000000e-06,-80.00,2,-107.095
3195.0,3,HOT_RAMP,1.000000e-06,-80.00,3,-92.893
3195.0,3,HOT_RAMP,1.000000e-06,-80.00,4,-82.606
3195.0,3,HOT_RAMP,1.000000e-06,-80.00,5,-97.687
3195.0,3,HOT_RAMP,1.000000e-06,-80.00,6,-114.762
3200.0,3,HOT_RAMP,1.000000e-06,-77.50,1,-111.399
3200.0,3,HOT_RAMP,1.000000e-06,-77.50,2,-103.360
3200.0,3,HOT_RAMP,1.000000e-06,-77.50,3,-89.439
3200.0,3,HOT_RAMP,1.000000e-06,-77.50,4,-79.926
3200.0,3,HOT_RAMP,1.000000e-06,-77.50,5,-94.018
3200.0,3,HOT_RAMP,1.000000e-06,-77.50,6,-111.266
3205.0,3,HOT_RAMP,1.000000e-06,-75.00,1,-108.082
3205.0,3,HOT_RAMP,1.000000e-06,-75.00,2,-99.589
3205.0,3,HOT_RAMP,1.000000e-06,-75.00,3,-85.967
3205.0,3,HOT_RAMP,1.000000e-06,-75.00,4,-77.173
3205.0,3,HOT_RAMP,1.000000e-06,-75.00,5,-90.247
3205.0,3,HOT_RAMP,1.000000e-06,-75.00,6,-107.567
3210.0,3,HOT_RAMP,1.000000e-06,-72.50,1,-104.706
3210.0,3,HOT_RAMP,1.000000e-06,-72.50,2,-95.883
3210.0,3,HOT_RAMP,1.000000e-06,-72.50,3,-82.595
3210.0,3,HOT_RAMP,1.000000e-06,-72.50,4,-74.430
3210.0,3,HOT_RAMP,1.000000e-06,-72.50,5,-86.686
3210.0,3,HOT_RAMP,1.000000e-06,-72.50,6,-103.853
3215.0,3,HOT_RAMP,1.000000e-06,-70.00,1,-101.325
3215.0,3,HOT_RAMP,1.000000e-06,-70.00,2,-92.078
3215.0,3,HOT_RAMP,1.000000e-06,-70.00,3,-79.229
3215.0,3,HOT_RAMP,1.000000e-06,-70.00,4,-71.600
3215.0,3,HOT_RAMP,1.000000e-06,-70.00,5,-83.221
3215.0,3,HOT_RAMP,1.000000e-06,-70.00,6,-100.201
3220.0,3,HOT_RAMP,1.000000e-06,-67.50,1,-97.793
3220.0,3,HOT_RAMP,1.000000e-06,-67.50,2,-88.221
3220.0,3,HOT_RAMP,1.000000e-06,-67.50,3,-76.059
3220.0,3,HOT_RAMP,1.000000e-06,-67.50,4,-68.916
3220.0,3,HOT_RAMP,1.000000e-06,-67.50,5,-79.754
3220.0,3,HOT_RAMP,1.000000e-06,-67.50,6,-96.401
3225.0,3,HOT_RAMP,1.000000e-06,-65.00,1,-94.267
3225.0,3,HOT_RAMP,1.000000e-06,-65.00,2,-84.387
3225.0,3,HOT_RAMP,1.000000e-06,-65.00,3,-72.968
3225.0,3,HOT_RAMP,1.000000e-06,-65.00,4,-66.239
3225.0,3,HOT_RAMP,1.000000e-06,-65.00,5,-76.330
3225.0,3,HOT_RAMP,1.000000e-06,-65.00,6,-92.577
3230.0,3,HOT_RAMP,1.000000e-06,-62.50,1,-90.687
3230.0,3,HOT_RAMP,1.000000e-06,-62.50,2,-80.622
3230.0,3,HOT_RAMP,1.000000e-06,-62.50,3,-69.947
3230.0,3,HOT_RAMP,1.000000e-06,-62.50,4,-63.607
3230.0,3,HOT_RAMP,1.000000e-06,-62.50,5,-73.044
3230.0,3,HOT_RAMP,1.000000e-06,-62.50,6,-88.743
3235.0,3,HOT_RAMP,1.000000e-06,-60.00,1,-87.010
3235.0,3,HOT_RAMP,1.000000e-06,-60.00,2,-76.934
3235.0,3,HOT_RAMP,1.000000e-06,-60.00,3,-66.830
3235.0,3,HOT_RAMP,1.000000e-06,-60.00,4,-60.987
3235.0,3,HOT_RAMP,1.000000e-06,-60.00,5,-69.841
3235.0,3,HOT_RAMP,1.000000e-06,-60.00,6,-84.927
3240.0,3,HOT_RAMP,1.000000e-06,-57.50,1,-83.336
3240.0,3,HOT_RAMP,1.000000e-06,-57.50,2,-73.318
3240.0,3,HOT_RAMP,1.000000e-06,-57.50,3,-63.838
3240.0,3,HOT_RAMP,1.000000e-06,-57.50,4,-58.353
3240.0,3,HOT_RAMP,1.000000e-06,-57.50,5,-66.481
3240.0,3,HOT_RAMP,1.000000e-06,-57.50,6,-80.974
3245.0,3,HOT_RAMP,1.000000e-06,-55.00,1,-79.664
3245.0,3,HOT_RAMP,1.000000e-06,-55.00,2,-69.722
3245.0,3,HOT_RAMP,1.000000e-06,-55.00,3,-60.856
3245.0,3,HOT_RAMP,1.000000e-06,-55.00,4,-55.696
3245.0,3,HOT_RAMP,1.000000e-06,-55.00,5,-63.352
3245.0,3,HOT_RAMP,1.000000e-06,-55.00,6,-77.066
3250.0,3,HOT_RAMP,1.000000e-06,-52.50,1,-75.989
3250.0,3,HOT_RAMP,1.000000e-06,-52.50,2,-66.233
3250.0,3,HOT_RAMP,1.000000e-06,-52.50,3,-57.981
3250.0,3,HOT_RAMP,1.000000e-06,-52.50,4,-53.070
3250.0,3,HOT_RAMP,1.000000e-06,-52.50,5,-60.280
3250.0,3,HOT_RAMP,1.000000e-06,-52.50,6,-73.229
3255.0,3,HOT_RAMP,1.000000e-06,-50.00,1,-72.353
3255.0,3,HOT_RAMP,1.000000e-06,-50.00,2,-62.755
3255.0,3,HOT_RAMP,1.000000e-06,-50.00,3,-55.145
3255.0,3,HOT_RAMP,1.000000e-06,-50.00,4,-50.537
3255.0,3,HOT_RAMP,1.000000e-06,-50.00,5,-57.218
3255.0,3,HOT_RAMP,1.000000e-06,-50.00,6,-69.455
3260.0,3,HOT_RAMP,1.000000e-06,-47.50,1,-68.677
3260.0,3,HOT_RAMP,1.000000e-06,-47.50,2,-59.313
3260.0,3,HOT_RAMP,1.000000e-06,-47.50,3,-52.286
3260.0,3,HOT_RAMP,1.000000e-06,-47.50,4,-47.942
3260.0,3,HOT_RAMP,1.000000e-06,-47.50,5,-54.233
3260.0,3,HOT_RAMP,1.000000e-06,-47.50,6,-65.654
3265.0,3,HOT_RAMP,1.000000e-06,-45.00,1,-65.095
3265.0,3,HOT_RAMP,1.000000e-06,-45.00,2,-56.056
3265.0,3,HOT_RAMP,1.000000e-06,-45.00,3,-49.447
3265.0,3,HOT_RAMP,1.000000e-06,-45.00,4,-45.270
3265.0,3,HOT_RAMP,1.000000e-06,-45.00,5,-51.352
3265.0,3,HOT_RAMP,1.000000e-06,-45.00,6,-62.050
3270.0,3,HOT_RAMP,1.000000e-06,-42.50,1,-61.439
3270.0,3,HOT_RAMP,1.000000e-06,-42.50,2,-52.825
3270.0,3,HOT_RAMP,1.000000e-06,-42.50,3,-46.745
3270.0,3,HOT_RAMP,1.000000e-06,-42.50,4,-42.695
3270.0,3,HOT_RAMP,1.000000e-06,-42.50,5,-48.397
3270.0,3,HOT_RAMP,1.000000e-06,-42.50,6,-58.496
3275.0,3,HOT_RAMP,1.000000e-06,-40.00,1,-57.840
3275.0,3,HOT_RAMP,1.000000e-06,-40.00,2,-49.646
3275.0,3,HOT_RAMP,1.000000e-06,-40.00,3,-43.976
3275.0,3,HOT_RAMP,1.000000e-06,-40.00,4,-40.231
3275.0,3,HOT_RAMP,1.000000e-06,-40.00,5,-45.573
3275.0,3,HOT_RAMP,1.000000e-06,-40.00,6,-55.054
3280.0,3,HOT_RAMP,1.000000e-06,-37.50,1,-54.299
3280.0,3,HOT_RAMP,1.000000e-06,-37.50,2,-46.492
3280.0,3,HOT_RAMP,1.000000e-06,-37.50,3,-41.180
3280.0,3,HOT_RAMP,1.000000e-06,-37.50,4,-37.574
3280.0,3,HOT_RAMP,1.000000e-06,-37.50,5,-42.811
3280.0,3,HOT_RAMP,1.000000e-06,-37.50,6,-51.530
3285.0,3,HOT_RAMP,1.000000e-06,-35.00,1,-50.738
3285.0,3,HOT_RAMP,1.000000e-06,-35.00,2,-43.418
3285.0,3,HOT_RAMP,1.000000e-06,-35.00,3,-38.441
3285.0,3,HOT_RAMP,1.000000e-06,-35.00,4,-34.956
3285.0,3,HOT_RAMP,1.000000e-06,-35.00,5,-39.958
3285.0,3,HOT_RAMP,1.000000e-06,-35.00,6,-48.051
3290.0,3,HOT_RAMP,1.000000e-06,-32.50,1,-47.277
3290.0,3,HOT_RAMP,1.000000e-06,-32.50,2,-40.470
3290.0,3,HOT_RAMP,1.000000e-06,-32.50,3,-35.735
3290.0,3,HOT_RAMP,1.000000e-06,-32.50,4,-32.285
3290.0,3,HOT_RAMP,1.000000e-06,-32.50,5,-37.158
3290.0,3,HOT_RAMP,1.000000e-06,-32.50,6,-44.743
3295.0,3,HOT_RAMP,1.000000e-06,-30.00,1,-43.872
3295.0,3,HOT_RAMP,1.000000e-06,-30.00,2,-37.417
3295.0,3,HOT_RAMP,1.000000e-06,-30.00,3,-32.940
3295.0,3,HOT_RAMP,1.000000e-06,-30.00,4,-29.765
3295.0,3,HOT_RAMP,1.000000e-06,-30.00,5,-34.461
3295.0,3,HOT_RAMP,1.000000e-06,-30.00,6,-41.416
3300.0,3,HOT_DWELL,1.000000e-06,-27.50,1,-40.653
3300.0,3,HOT_DWELL,1.000000e-06,-27.50,2,-34.523
3300.0,3,HOT_DWELL,1.000000e-06,-27.50,3,-30.321
3300.0,3,HOT_DWELL,1.000000e-06,-27.50,4,-27.611
3300.0,3,HOT_DWELL,1.000000e-06,-27.50,5,-31.612
3300.0,3,HOT_DWELL,1.000000e-06,-27.50,6,-38.279
3305.0,3,HOT_DWELL,1.000000e-06,-25.00,1,-37.480
3305.0,3,HOT_DWELL,1.000000e-06,-25.00,2,-31.517
3305.0,3,HOT_DWELL,1.000000e-06,-25.00,3,-27.475
3305.0,3,HOT_DWELL,1.000000e-06,-25.00,4,-25.108
3305.0,3,HOT_DWELL,1.000000e-06,-25.00,5,-28.949
3305.0,3,HOT_DWELL,1.000000e-06,-25.00,6,-35.138
3310.0,3,HOT_DWELL,1.000000e-06,-22.50,1,-34.285
3310.0,3,HOT_DWELL,1.000000e-06,-22.50,2,-28.688
3310.0,3,HOT_DWELL,1.000000e-06,-22.50,3,-24.852
3310.0,3,HOT_DWELL,1.000000e-06,-22.50,4,-22.506
3310.0,3,HOT_DWELL,1.000000e-06,-22.50,5,-26.154
3310.0,3,HOT_DWELL,1.000000e-06,-22.50,6,-32.060
3315.0,3,HOT_DWELL,1.000000e-06,-20.00,1,-31.236
3315.0,3,HOT_DWELL,1.000000e-06,-20.00,2,-25.830
3315.0,3,HOT_DWELL,1.000000e-06,-20.00,3,-22.223
3315.0,3,HOT_DWELL,1.000000e-06,-20.00,4,-19.937
3315.0,3,HOT_DWELL,1.000000e-06,-20.00,5,-23.431
3315.0,3,HOT_DWELL,1.000000e-06,-20.00,6,-28.945
3320.0,3,HOT_DWELL,1.000000e-06,-17.50,1,-28.107
3320.0,3,HOT_DWELL,1.000000e-06,-17.50,2,-23.043
3320.0,3,HOT_DWELL,1.000000e-06,-17.50,3,-19.586
3320.0,3,HOT_DWELL,1.000000e-06,-17.50,4,-17.397
3320.0,3,HOT_DWELL,1.000000e-06,-17.50,5,-20.734
3320.0,3,HOT_DWELL,1.000000e-06,-17.50,6,-25.790
3325.0,3,HOT_DWELL,1.000000e-06,-15.00,1,-24.993
3325.0,3,HOT_DWELL,1.000000e-06,-15.00,2,-20.165
3325.0,3,HOT_DWELL,1.000000e-06,-15.00,3,-17.000
3325.0,3,HOT_DWELL,1.000000e-06,-15.00,4,-14.797
3325.0,3,HOT_DWELL,1.000000e-06,-15.00,5,-18.024
3325.0,3,HOT_DWELL,1.000000e-06,-15.00,6,-22.777
3330.0,3,HOT_DWELL,1.000000e-06,-12.50,1,-21.932
3330.0,3,HOT_DWELL,1.000000e-06,-12.50,2,-17.469
3330.0,3,HOT_DWELL,1.000000e-06,-12.50,3,-14.436
3330.0,3,HOT_DWELL,1.000000e-06,-12.50,4,-12.195
3330.0,3,HOT_DWELL,1.000000e-06,-12.50,5,-15.336
3330.0,3,HOT_DWELL,1.000000e-06,-12.50,6,-19.777
3335.0,3,HOT_DWELL,1.000000e-06,-10.00,1,-18.963
3335.0,3,HOT_DWELL,1.000000e-06,-10.00,2,-14.673
3335.0,3,HOT_DWELL,1.000000e-06,-10.00,3,-11.754
3335.0,3,HOT_DWELL,1.000000e-06,-10.00,4,-9.650
3335.0,3,HOT_DWELL,1.000000e-06,-10.00,5,-12.599
3335.0,3,HOT_DWELL,1.000000e-06,-10.00,6,-16.967
3340.0,3,HOT_DWELL,1.000000e-06,-7.50,1,-16.014
3340.0,3,HOT_DWELL,1.000000e-06,-7.50,2,-11.848
3340.0,3,HOT_DWELL,1.000000e-06,-7.50,3,-9.030
3340.0,3,HOT_DWELL,1.000000e-06,-7.50,4,-7.056
3340.0,3,HOT_DWELL,1.000000e-06,-7.50,5,-10.026
3340.0,3,HOT_DWELL,1.000000e-06,-7.50,6,-14.050
3345.0,3,HOT_DWELL,1.000000e-06,-5.00,1,-13.016
3345.0,3,HOT_DWELL,1.000000e-06,-5.00,2,-9.028
3345.0,3,HOT_DWELL,1.000000e-06,-5.00,3,-6.481
3345.0,3,HOT_DWELL,1.000000e-06,-5.00,4,-4.496
3345.0,3,HOT_DWELL,1.000000e-06,-5.00,5,-7.336
3345.0,3,HOT_DWELL,1.000000e-06,-5.00,6,-11.264
3350.0,3,HOT_DWELL,1.000000e-06,-2.50,1,-10.110
3350.0,3,HOT_DWELL,1.000000e-06,-2.50,2,-6.370
3350.0,3,HOT_DWELL,1.000000e-06,-2.50,3,-3.867
3350.0,3,HOT_DWELL,1.000000e-06,-2.50,4,-1.902
3350.0,3,HOT_DWELL,1.000000e-06,-2.50,5,-4.644
3350.0,3,HOT_DWELL,1.000000e-06,-2.50,6,-8.426
3355.0,3,HOT_DWELL,1.000000e-06,0.00,1,-7.298
3355.0,3,HOT_DWELL,1.000000e-06,0.00,2,-3.729
3355.0,3,HOT_DWELL,1.000000e-06,0.00,3,-1.293
3355.0,3,HOT_DWELL,1.000000e-06,0.00,4,0.584
3355.0,3,HOT_DWELL,1.000000e-06,0.00,5,-2.105
3355.0,3,HOT_DWELL,1.000000e-06,0.00,6,-5.675
3360.0,3,HOT_DWELL,1.000000e-06,2.50,1,-4.421
3360.0,3,HOT_DWELL,1.000000e-06,2.50,2,-1.062
3360.0,3,HOT_DWELL,1.000000e-06,2.50,3,1.346
3360.0,3,HOT_DWELL,1.000000e-06,2.50,4,3.010
3360.0,3,HOT_DWELL,1.000000e-06,2.50,5,0.524
3360.0,3,HOT_DWELL,1.000000e-06,2.50,6,-2.876
3365.0,3,HOT_DWELL,1.000000e-06,5.00,1,-1.558
3365.0,3,HOT_DWELL,1.000000e-06,5.00,2,1.565
3365.0,3,HOT_DWELL,1.000000e-06,5.00,3,3.960
3365.0,3,HOT_DWELL,1.000000e-06,5.00,4,5.711
3365.0,3,HOT_DWELL,1.000000e-06,5.00,5,3.285
3365.0,3,HOT_DWELL,1.000000e-06,5.00,6,-0.034
3370.0,3,HOT_DWELL,1.000000e-06,7.50,1,1.369
3370.0,3,HOT_DWELL,1.000000e-06,7.50,2,4.362
3370.0,3,HOT_DWELL,1.000000e-06,7.50,3,6.626
3370.0,3,HOT_DWELL,1.000000e-06,7.50,4,8.196
3370.0,3,HOT_DWELL,1.000000e-06,7.50,5,5.920
3370.0,3,HOT_DWELL,1.000000e-06,7.50,6,2.664
3375.0,3,HOT_DWELL,1.000000e-06,10.00,1,4.156
3375.0,3,HOT_DWELL,1.000000e-06,10.00,2,6.979
3375.0,3,HOT_DWELL,1.000000e-06,10.00,3,9.177
3375.0,3,HOT_DWELL,1.000000e-06,10.00,4,10.718
3375.0,3,HOT_DWELL,1.000000e-06,10.00,5,8.486
3375.0,3,HOT_DWELL,1.000000e-06,10.00,6,5.410
3380.0,3,HOT_DWELL,1.000000e-06,12.50,1,6.844
3380.0,3,HOT_DWELL,1.000000e-06,12.50,2,9.580
3380.0,3,HOT_DWELL,1.000000e-06,12.50,3,11.782
3380.0,3,HOT_DWELL,1.000000e-06,12.50,4,13.379
3380.0,3,HOT_DWELL,1.000000e-06,12.50,5,11.125
3380.0,3,HOT_DWELL,1.000000e-06,12.50,6,8.201
3385.0,3,HOT_DWELL,1.000000e-06,15.00,1,9.577
3385.0,3,HOT_DWELL,1.000000e-06,15.00,2,12.179
3385.0,3,HOT_DWELL,1.000000e-06,15.00,3,14.266
3385.0,3,HOT_DWELL,1.000000e-06,15.00,4,15.857
3385.0,3,HOT_DWELL,1.000000e-06,15.00,5,13.786
3385.0,3,HOT_DWELL,1.000000e-06,15.00,6,10.961
3390.0,3,HOT_DWELL,1.000000e-06,17.50,1,12.299
3390.0,3,HOT_DWELL,1.000000e-06,17.50,2,14.843
3390.0,3,HOT_DWELL,1.000000e-06,17.50,3,16.930
3390.0,3,HOT_DWELL,1.000000e-06,17.50,4,18.376
3390.0,3,HOT_DWELL,1.000000e-06,17.50,5,16.362
3390.0,3,HOT_DWELL,1.000000e-06,17.50,6,13.559
3395.0,3,HOT_DWELL,1.000000e-06,20.00,1,15.011
3395.0,3,HOT_DWELL,1.000000e-06,20.00,2,17.575
3395.0,3,HOT_DWELL,1.000000e-06,20.00,3,19.435
3395.0,3,HOT_DWELL,1.000000e-06,20.00,4,21.032
3395.0,3,HOT_DWELL,1.000000e-06,20.00,5,18.927
3395.0,3,HOT_DWELL,1.000000e-06,20.00,6,16.174
3400.0,3,HOT_DWELL,1.000000e-06,20.00,1,16.826
3400.0,3,HOT_DWELL,1.000000e-06,20.00,2,18.919
3400.0,3,HOT_DWELL,1.000000e-06,20.00,3,19.984
3400.0,3,HOT_DWELL,1.000000e-06,20.00,4,19.921
3400.0,3,HOT_DWELL,1.000000e-06,20.00,5,19.681
3400.0,3,HOT_DWELL,1.000000e-06,20.00,6,17.699
3405.0,3,HOT_DWELL,1.000000e-06,20.00,1,18.022
3405.0,3,HOT_DWELL,1.000000e-06,20.00,2,19.474
3405.0,3,HOT_DWELL,1.000000e-06,20.00,3,19.969
3405.0,3,HOT_DWELL,1.000000e-06,20.00,4,20.331
3405.0,3,HOT_DWELL,1.000000e-06,20.00,5,19.950
3405.0,3,HOT_DWELL,1.000000e-06,20.00,6,18.623
3410.0,3,HOT_DWELL,1.000000e-06,20.00,1,18.794
3410.0,3,HOT_DWELL,1.000000e-06,20.00,2,19.704
3410.0,3,HOT_DWELL,1.000000e-06,20.00,3,20.001
3410.0,3,HOT_DWELL,1.000000e-06,20.00,4,20.141
3410.0,3,HOT_DWELL,1.000000e-06,20.00,5,20.014
3410.0,3,HOT_DWELL,1.000000e-06,20.00,6,19.153
3415.0,3,HOT_DWELL,1.000000e-06,20.00,1,19.416
3415.0,3,HOT_DWELL,1.000000e-06,20.00,2,19.795
3415.0,3,HOT_DWELL,1.000000e-06,20.00,3,19.974
3415.0,3,HOT_DWELL,1.000000e-06,20.00,4,20.288
3415.0,3,HOT_DWELL,1.000000e-06,20.00,5,19.893
3415.0,3,HOT_DWELL,1.000000e-06,20.00,6,19.471
3420.0,3,HOT_DWELL,1.000000e-06,20.00,1,19.662
3420.0,3,HOT_DWELL,1.000000e-06,20.00,2,19.963
3420.0,3,HOT_DWELL,1.000000e-06,20.00,3,19.918
3420.0,3,HOT_DWELL,1.000000e-06,20.00,4,20.021
3420.0,3,HOT_DWELL,1.000000e-06,20.00,5,19.981
3420.0,3,HOT_DWELL,1.000000e-06,20.00,6,19.716
3425.0,3,HOT_DWELL,1.000000e-06,20.00,1,19.896
3425.0,3,HOT_DWELL,1.000000e-06,20.00,2,19.909
3425.0,3,HOT_DWELL,1.000000e-06,20.00,3,20.054
3425.0,3,HOT_DWELL,1.000000e-06,20.00,4,20.342
3425.0,3,HOT_DWELL,1.000000e-06,20.00,5,20.031
3425.0,3,HOT_DWELL,1.000000e-06,20.00,6,19.813
3430.0,3,HOT_DWELL,1.000000e-06,20.00,1,19.987
3430.0,3,HOT_DWELL,1.000000e-06,20.00,2,20.009
3430.0,3,HOT_DWELL,1.000000e-06,20.00,3,20.015
3430.0,3,HOT_DWELL,1.000000e-06,20.00,4,20.145
3430.0,3,HOT_DWELL,1.000000e-06,20.00,5,19.966
3430.0,3,HOT_DWELL,1.000000e-06,20.00,6,19.870
3435.0,3,HOT_DWELL,1.000000e-06,20.00,1,20.114
3435.0,3,HOT_DWELL,1.000000e-06,20.00,2,20.034
3435.0,3,HOT_DWELL,1.000000e-06,20.00,3,19.923
3435.0,3,HOT_DWELL,1.000000e-06,20.00,4,20.202
3435.0,3,HOT_DWELL,1.000000e-06,20.00,5,19.999
3435.0,3,HOT_DWELL,1.000000e-06,20.00,6,19.882
3440.0,3,HOT_DWELL,1.000000e-06,20.00,1,20.172
3440.0,3,HOT_DWELL,1.000000e-06,20.00,2,20.065
3440.0,3,HOT_DWELL,1.000000e-06,20.00,3,19.951
3440.0,3,HOT_DWELL,1.000000e-06,20.00,4,20.156
3440.0,3,HOT_DWELL,1.000000e-06,20.00,5,20.001
3440.0,3,HOT_DWELL,1.000000e-06,20.00,6,19.931
3445.0,3,HOT_DWELL,1.000000e-06,20.00,1,20.183
3445.0,3,HOT_DWELL,1.000000e-06,20.00,2,19.973
3445.0,3,HOT_DWELL,1.000000e-06,20.00,3,20.003
3445.0,3,HOT_DWELL,1.000000e-06,20.00,4,20.126
3445.0,3,HOT_DWELL,1.000000e-06,20.00,5,20.029
3445.0,3,HOT_DWELL,1.000000e-06,20.00,6,20.017
3450.0,3,HOT_DWELL,1.000000e-06,20.00,1,20.203
3450.0,3,HOT_DWELL,1.000000e-06,20.00,2,19.985
3450.0,3,HOT_DWELL,1.000000e-06,20.00,3,20.030
3450.0,3,HOT_DWELL,1.000000e-06,20.00,4,20.218
3450.0,3,HOT_DWELL,1.000000e-06,20.00,5,19.991
3450.0,3,HOT_DWELL,1.000000e-06,20.00,6,19.978
3455.0,3,HOT_DWELL,1.000000e-06,20.00,1,20.295
3455.0,3,HOT_DWELL,1.000000e-06,20.00,2,19.939
3455.0,3,HOT_DWELL,1.000000e-06,20.00,3,20.014
3455.0,3,HOT_DWELL,1.000000e-06,20.00,4,20.198
3455.0,3,HOT_DWELL,1.000000e-06,20.00,5,19.997
3455.0,3,HOT_DWELL,1.000000e-06,20.00,6,19.932
3460.0,3,HOT_DWELL,1.000000e-06,20.00,1,20.194
3460.0,3,HOT_DWELL,1.000000e-06,20.00,2,19.977
3460.0,3,HOT_DWELL,1.000000e-06,20.00,3,19.937
3460.0,3,HOT_DWELL,1.000000e-06,20.00,4,20.205
3460.0,3,HOT_DWELL,1.000000e-06,20.00,5,20.040
3460.0,3,HOT_DWELL,1.000000e-06,20.00,6,20.033
3465.0,3,HOT_DWELL,1.000000e-06,20.00,1,20.241
3465.0,3,HOT_DWELL,1.000000e-06,20.00,2,19.983
3465.0,3,HOT_DWELL,1.000000e-06,20.00,3,19.958
3465.0,3,HOT_DWELL,1.000000e-06,20.00,4,20.258
3465.0,3,HOT_DWELL,1.000000e-06,20.00,5,20.037
3465.0,3,HOT_DWELL,1.000000e-06,20.00,6,19.947
3470.0,3,HOT_DWELL,1.000000e-06,20.00,1,20.226
3470.0,3,HOT_DWELL,1.000000e-06,20.00,2,19.989
3470.0,3,HOT_DWELL,1.000000e-06,20.00,3,19.941
3470.0,3,HOT_DWELL,1.000000e-06,20.00,4,20.200
3470.0,3,HOT_DWELL,1.000000e-06,20.00,5,19.959
3470.0,3,HOT_DWELL,1.000000e-06,20.00,6,19.984
3475.0,3,HOT_DWELL,1.000000e-06,20.00,1,20.323
3475.0,3,HOT_DWELL,1.000000e-06,20.00,2,20.006
3475.0,3,HOT_DWELL,1.000000e-06,20.00,3,20.057
3475.0,3,HOT_DWELL,1.000000e-06,20.00,4,20.171
3475.0,3,HOT_DWELL,1.000000e-06,20.00,5,20.022
3475.0,3,HOT_DWELL,1.000000e-06,20.00,6,20.023
3480.0,3,HOT_DWELL,1.000000e-06,20.00,1,20.349
3480.0,3,HOT_DWELL,1.000000e-06,20.00,2,20.024
3480.0,3,HOT_DWELL,1.000000e-06,20.00,3,20.003
3480.0,3,HOT_DWELL,1.000000e-06,20.00,4,20.252
3480.0,3,HOT_DWELL,1.000000e-06,20.00,5,20.013
3480.0,3,HOT_DWELL,1.000000e-06,20.00,6,20.010
3485.0,3,HOT_DWELL,1.000000e-06,20.00,1,20.205
3485.0,3,HOT_DWELL,1.000000e-06,20.00,2,20.041
3485.0,3,HOT_DWELL,1.000000e-06,20.00,3,19.971
3485.0,3,HOT_DWELL,1.000000e-06,20.00,4,20.242
3485.0,3,HOT_DWELL,1.000000e-06,20.00,5,19.981
3485.0,3,HOT_DWELL,1.000000e-06,20.00,6,20.005
3490.0,3,HOT_DWELL,1.000000e-06,20.00,1,20.297
3490.0,3,HOT_DWELL,1.000000e-06,20.00,2,20.025
3490.0,3,HOT_DWELL,1.000000e-06,20.00,3,20.007
3490.0,3,HOT_DWELL,1.000000e-06,20.00,4,20.144
3490.0,3,HOT_DWELL,1.000000e-06,20.00,5,19.990
3490.0,3,HOT_DWELL,1.000000e-06,20.00,6,20.057
3495.0,3,HOT_DWELL,1.000000e-06,20.00,1,20.389
3495.0,3,HOT_DWELL,1.000000e-06,20.00,2,20.000
3495.0,3,HOT_DWELL,1.000000e-06,20.00,3,20.029
3495.0,3,HOT_DWELL,1.000000e-06,20.00,4,20.157
3495.0,3,HOT_DWELL,1.000000e-06,20.00,5,19.945
3495.0,3,HOT_DWELL,1.000000e-06,20.00,6,19.999
3500.0,3,HOT_DWELL,1.000000e-06,20.00,1,20.354
3500.0,3,HOT_DWELL,1.000000e-06,20.00,2,19.969
3500.0,3,HOT_DWELL,1.000000e-06,20.00,3,19.970
3500.0,3,HOT_DWELL,1.000000e-06,20.00,4,20.119
3500.0,3,HOT_DWELL,1.000000e-06,20.00,5,19.947
3500.0,3,HOT_DWELL,1.000000e-06,20.00,6,19.900
3505.0,3,HOT_DWELL,1.000000e-06,20.00,1,20.358
3505.0,3,HOT_DWELL,1.000000e-06,20.00,2,20.006
3505.0,3,HOT_DWELL,1.000000e-06,20.00,3,20.021
3505.0,3,HOT_DWELL,1.000000e-06,20.00,4,20.206
3505.0,3,HOT_DWELL,1.000000e-06,20.00,5,20.045
3505.0,3,HOT_DWELL,1.000000e-06,20.00,6,19.945
3510.0,3,HOT_DWELL,1.000000e-06,20.00,1,20.346
3510.0,3,HOT_DWELL,1.000000e-06,20.00,2,20.015
3510.0,3,HOT_DWELL,1.000000e-06,20.00,3,19.983
3510.0,3,HOT_DWELL,1.000000e-06,20.00,4,20.202
3510.0,3,HOT_DWELL,1.000000e-06,20.00,5,20.000
3510.0,3,HOT_DWELL,1.000000e-06,20.00,6,20.012
3515.0,3,HOT_DWELL,1.000000e-06,20.00,1,20.425
3515.0,3,HOT_DWELL,1.000000e-06,20.00,2,20.020
3515.0,3,HOT_DWELL,1.000000e-06,20.00,3,20.038
3515.0,3,HOT_DWELL,1.000000e-06,20.00,4,20.184
3515.0,3,HOT_DWELL,1.000000e-06,20.00,5,20.020
3515.0,3,HOT_DWELL,1.000000e-06,20.00,6,20.015
3520.0,3,HOT_DWELL,1.000000e-06,20.00,1,20.276
3520.0,3,HOT_DWELL,1.000000e-06,20.00,2,19.935
3520.0,3,HOT_DWELL,1.000000e-06,20.00,3,20.057
3520.0,3,HOT_DWELL,1.000000e-06,20.00,4,20.208
3520.0,3,HOT_DWELL,1.000000e-06,20.00,5,20.025
3520.0,3,HOT_DWELL,1.000000e-06,20.00,6,20.024
3525.0,3,HOT_DWELL,1.000000e-06,20.00,1,20.272
3525.0,3,HOT_DWELL,1.000000e-06,20.00,2,19.956
3525.0,3,HOT_DWELL,1.000000e-06,20.00,3,20.021
3525.0,3,HOT_DWELL,1.000000e-06,20.00,4,20.273
3525.0,3,HOT_DWELL,1.000000e-06,20.00,5,20.009
3525.0,3,HOT_DWELL,1.000000e-06,20.00,6,19.994
3530.0,3,HOT_DWELL,1.000000e-06,20.00,1,20.325
3530.0,3,HOT_DWELL,1.000000e-06,20.00,2,19.974
3530.0,3,HOT_DWELL,1.000000e-06,20.00,3,19.976
3530.0,3,HOT_DWELL,1.000000e-06,20.00,4,20.223
3530.0,3,HOT_DWELL,1.000000e-06,20.00,5,19.947
3530.0,3,HOT_DWELL,1.000000e-06,20.00,6,19.966
3535.0,3,HOT_DWELL,1.000000e-06,20.00,1,20.390
3535.0,3,HOT_DWELL,1.000000e-06,20.00,2,20.077
3535.0,3,HOT_DWELL,1.000000e-06,20.00,3,19.937
3535.0,3,HOT_DWELL,1.000000e-06,20.00,4,20.287
3535.0,3,HOT_DWELL,1.000000e-06,20.00,5,19.923
3535.0,3,HOT_DWELL,1.000000e-06,20.00,6,19.998
3540.0,3,HOT_DWELL,1.000000e-06,20.00,1,20.393
3540.0,3,HOT_DWELL,1.000000e-06,20.00,2,20.035
3540.0,3,HOT_DWELL,1.000000e-06,20.00,3,19.972
3540.0,3,HOT_DWELL,1.000000e-06,20.00,4,20.205
3540.0,3,HOT_DWELL,1.000000e-06,20.00,5,19.989
3540.0,3,HOT_DWELL,1.000000e-06,20.00,6,19.986
3545.0,3,HOT_DWELL,1.000000e-06,20.00,1,20.403
3545.0,3,HOT_DWELL,1.000000e-06,20.00,2,19.956
3545.0,3,HOT_DWELL,1.000000e-06,20.00,3,20.000
3545.0,3,HOT_DWELL,1.000000e-06,20.00,4,20.119
3545.0,3,HOT_DWELL,1.000000e-06,20.00,5,19.986
3545.0,3,HOT_DWELL,1.000000e-06,20.00,6,20.001
3550.0,3,HOT_DWELL,1.000000e-06,20.00,1,20.391
3550.0,3,HOT_DWELL,1.000000e-06,20.00,2,20.000
3550.0,3,HOT_DWELL,1.000000e-06,20.00,3,19.946
3550.0,3,HOT_DWELL,1.000000e-06,20.00,4,20.265
3550.0,3,HOT_DWELL,1.000000e-06,20.00,5,19.985
3550.0,3,HOT_DWELL,1.000000e-06,20.00,6,19.982
3555.0,3,HOT_DWELL,1.000000e-06,20.00,1,20.323
3555.0,3,HOT_DWELL,1.000000e-06,20.00,2,20.051
3555.0,3,HOT_DWELL,1.000000e-06,20.00,3,20.063
3555.0,3,HOT_DWELL,1.000000e-06,20.00,4,20.202
3555.0,3,HOT_DWELL,1.000000e-06,20.00,5,19.986
3555.0,3,HOT_DWELL,1.000000e-06,20.00,6,19.934
3560.0,3,HOT_DWELL,1.000000e-06,20.00,1,20.283
3560.0,3,HOT_DWELL,1.000000e-06,20.00,2,20.091
3560.0,3,HOT_DWELL,1.000000e-06,20.00,3,19.996
3560.0,3,HOT_DWELL,1.000000e-06,20.00,4,20.210
3560.0,3,HOT_DWELL,1.000000e-06,20.00,5,19.971
3560.0,3,HOT_DWELL,1.000000e-06,20.00,6,20.014
3565.0,3,HOT_DWELL,1.000000e-06,20.00,1,20.204
3565.0,3,HOT_DWELL,1.000000e-06,20.00,2,20.076
3565.0,3,HOT_DWELL,1.000000e-06,20.00,3,20.071
3565.0,3,HOT_DWELL,1.000000e-06,20.00,4,20.178
3565.0,3,HOT_DWELL,1.000000e-06,20.00,5,19.965
3565.0,3,HOT_DWELL,1.000000e-06,20.00,6,19.911
3570.0,3,HOT_DWELL,1.000000e-06,20.00,1,20.236
3570.0,3,HOT_DWELL,1.000000e-06,20.00,2,19.944
3570.0,3,HOT_DWELL,1.000000e-06,20.00,3,20.013
3570.0,3,HOT_DWELL,1.000000e-06,20.00,4,20.311
3570.0,3,HOT_DWELL,1.000000e-06,20.00,5,19.895
3570.0,3,HOT_DWELL,1.000000e-06,20.00,6,19.885
3575.0,3,HOT_DWELL,1.000000e-06,20.00,1,20.205
3575.0,3,HOT_DWELL,1.000000e-06,20.00,2,19.942
3575.0,3,HOT_DWELL,1.000000e-06,20.00,3,20.047
3575.0,3,HOT_DWELL,1.000000e-06,20.00,4,20.131
3575.0,3,HOT_DWELL,1.000000e-06,20.00,5,19.895
3575.0,3,HOT_DWELL,1.000000e-06,20.00,6,19.875
3580.0,3,HOT_DWELL,1.000000e-06,20.00,1,20.269
3580.0,3,HOT_DWELL,1.000000e-06,20.00,2,19.929
3580.0,3,HOT_DWELL,1.000000e-06,20.00,3,20.054
3580.0,3,HOT_DWELL,1.000000e-06,20.00,4,20.263
3580.0,3,HOT_DWELL,1.000000e-06,20.00,5,19.967
3580.0,3,HOT_DWELL,1.000000e-06,20.00,6,19.866
3585.0,3,HOT_DWELL,1.000000e-06,20.00,1,20.245
3585.0,3,HOT_DWELL,1.000000e-06,20.00,2,20.075
3585.0,3,HOT_DWELL,1.000000e-06,20.00,3,19.918
3585.0,3,HOT_DWELL,1.000000e-06,20.00,4,20.211
3585.0,3,HOT_DWELL,1.000000e-06,20.00,5,19.939
3585.0,3,HOT_DWELL,1.000000e-06,20.00,6,20.081
3590.0,3,HOT_DWELL,1.000000e-06,20.00,1,20.261
3590.0,3,HOT_DWELL,1.000000e-06,20.00,2,20.005
3590.0,3,HOT_DWELL,1.000000e-06,20.00,3,20.124
3590.0,3,HOT_DWELL,1.000000e-06,20.00,4,20.197
3590.0,3,HOT_DWELL,1.000000e-06,20.00,5,20.027
3590.0,3,HOT_DWELL,1.000000e-06,20.00,6,20.028
3595.0,3,HOT_DWELL,1.000000e-06,20.00,1,20.287
3595.0,3,HOT_DWELL,1.000000e-06,20.00,2,20.015
3595.0,3,HOT_DWELL,1.000000e-06,20.00,3,19.991
3595.0,3,HOT_DWELL,1.000000e-06,20.00,4,20.288
3595.0,3,HOT_DWELL,1.000000e-06,20.00,5,19.993
3595.0,3,HOT_DWELL,1.000000e-06,20.00,6,19.965
