Trial_ID,CPU_Power_W,Radiator_Area_m2,Emissivity,Conductance_Mult,Beta_Angle_deg,Altitude_km,Failure_Mode,T_max_CPU,T_max_Battery,T_max_Payload,Overheated,Time_to_Critical_s
0,21.854305348131312,0.15355402001866508,0.8320189468087253,1.1446530468644283,-54.2622854037237,386.17765903413,None,42.45810509160549,28.055540756430315,35.372666292488056,0,-1.0
1,47.78214378844623,0.12329311282579797,0.9280844550427825,0.8596302736541562,-0.9308778081443734,552.8076396003395,None,88.87072292262866,47.340650909251316,62.708761481880984,1,1100.0
2,37.93972738151323,0.15760395702011926,0.8991308575549837,0.8754033624986131,43.615844196070384,405.66230880669633,None,63.65182090483779,33.60871705563011,43.79935502708657,0,-1.0
3,31.93963178886665,0.16221171490567646,0.7977465350455428,0.8042888780979802,48.67412167235588,529.3508888513026,None,57.50509038827342,30.109961254169807,40.30810818756839,0,-1.0
4,12.020838819909644,0.1611958089586208,0.9070804656519398,0.9324484094210161,-0.06868584022284097,585.8245993114132,None,48.12924058689337,31.825243627543564,43.15260543286155,0,-1.0
5,12.01975341512912,0.17161561451109242,0.890166844658373,1.016301292235308,-35.06138457680536,481.9430522672193,None,40.203935703772,28.06714397048519,37.206819984564206,0,-1.0
6,7.613762547568976,0.16667844309097807,0.9228504299485087,1.0103389390678803,85.27366476692885,485.0072980651719,None,20.82878399004335,19.297046446695,21.352148225390444,0,-1.0
7,43.97792655987208,0.15918360158456873,0.8498450298388761,1.0150462633457225,29.40526997216871,465.25839202445303,None,73.23368891450505,41.69018840755522,53.28989980656367,0,-1.0
8,32.0501755284444,0.14859668577082705,0.8485890935142197,0.8683975318990242,-16.517246517666237,431.4725358484107,None,68.42849273827196,39.234271701329604,52.22276184019486,0,-1.0
9,36.86326600082205,0.11678078132968017,0.8633404999793197,1.0836288707747253,-39.516619643162564,468.9137577312293,None,68.4956863021415,42.039412321926136,53.40970536983438,0,-1.0
10,5.92630224331111,0.1585923643826517,0.8492245210706906,1.024252165655038,41.598536940641196,500.70188306668985,None,34.522109935073026,27.827598792349317,34.453943784392976,0,-1.0
11,48.645943347289744,0.1541537537432622,0.8623548034443372,1.0760591454794322,-46.40697979312181,596.4978930426648,None,68.90142307870416,39.336111753132826,48.59207211638045,0,-1.0
12,42.45991883601898,0.15543157674390745,0.8507315462898861,0.8275578889365157,-59.09220198473613,584.441139829556,None,61.25303375106419,28.71374311176087,38.09725273455277,0,-1.0
13,14.555259980522427,0.12446502848359381,0.8662630894402205,1.0316392952741262,5.370100013172646,565.5382395732804,None,56.89023061126577,39.88654954878964,51.9946046420556,0,-1.0
14,13.182123524319527,0.12837886919183475,0.8767303768719699,0.888006226676245,-37.802269324054464,572.2826339262145,None,45.75413766882198,30.761819223079044,40.39664628923424,0,-1.0
15,13.253202943404522,0.17106305706665806,0.8288619550091842,0.9610466526435582,23.202926086250713,466.9622958230107,None,46.49519679056479,31.741475760019974,42.952038856683274,0,-1.0
16,18.690900933179197,0.1492088969228669,0.9364886586641605,1.0548899934327476,-68.77103852263798,514.3610817943662,Sensor Noise 10x,30.227031760459337,11.188342018874406,24.178498510864884,0,-1.0
17,28.614039423450702,0.16363001394745247,0.9161248074630122,1.009150977121667,27.889398822117883,573.7666807340536,None,57.776822282271844,34.82873267828379,46.46237555735674,0,-1.0
18,24.43752583889521,0.1505663675226092,0.8707760947875465,0.9183708462578275,-39.0066249604136,448.23769124783826,None,53.68492747800027,32.63147853357708,42.1196566733062,0,-1.0
19,18.105311308911887,0.1505951227899149,0.7717622199892289,1.000627512422035,-89.95627180178771,590.4406195863672,Radiator Degradation,25.777197189115142,19.25013015589419,21.479259479266148,0,-1.0
20,32.53338026250708,0.16876567611951995,0.904755939303449,0.8579979819604706,-67.15150961864825,453.9465155172958,None,42.19916499557269,21.444185425436945,27.365918633740055,0,-1.0
21,11.277223729341882,0.1396791054356525,0.8205648570798124,1.1219034364085763,78.05076801031694,500.2706663483039,Radiator Degradation,22.19041559788131,20.16319314832732,20.951440599287796,0,-1.0
22,18.146509184084817,0.15192241553881966,0.9385562125802379,0.9796808712326207,66.12383504076442,527.451178318093,None,30.34872879129291,19.781394160262526,23.394929403613048,0,-1.0
23,21.486282948216125,0.14075449422589914,0.8638077922716803,1.1183506818038405,-47.95037423347737,587.6480032689846,None,46.473830649114234,30.75922029991031,38.189240468056106,0,-1.0
24,25.523149289766618,0.14131007545135368,0.8164285210273898,0.9487089973936457,50.10694281818843,411.15406851306653,Partial MLI Loss,48.91395307548063,29.627759300345815,37.006831678514395,0,-1.0
25,40.33291826268561,0.14381655753062722,0.8326747822611598,0.9489894486320994,19.542886771315366,536.5327445596606,None,76.1383963161047,43.40334611113897,57.11075600422585,0,-1.0
26,13.985320197126189,0.15444267543267426,0.8709828429805323,0.926428249608762,84.7628480609765,480.2038965360206,None,22.713272263321738,19.689094597574556,21.048562713070844,0,-1.0
27,28.140549728612523,0.14042502756673045,0.8706580842540753,1.0915703998304533,-22.750981283869365,417.1392851551603,None,64.44721828720671,40.80997767056653,52.47842992002059,0,-1.0
28,31.65865559879191,0.1751151225114704,0.8205465826081402,0.9315148791617562,32.66291025309083,544.1517099490976,None,60.27260282211724,34.46624406088272,46.576208833630936,0,-1.0
29,7.090268572399898,0.13210785395560992,0.8812025402309263,1.0665824269041262,-78.56356996369465,488.05557004346167,None,21.391468543907624,19.68572586809108,20.190257125614476,0,-1.0
30,32.339518335564726,0.14626256711677282,0.8859043024926986,0.9624768743415918,-18.675477573046933,515.243455162419,None,67.1928961473488,39.67671624738372,52.822669790328874,0,-1.0
31,12.673585565928118,0.1412053788345165,0.7688089095816214,0.8207010786937524,83.48717901387249,430.72526714447525,None,23.904868651089558,20.19923536950264,20.321617480118906,0,-1.0
32,7.927321684337578,0.17893955768707465,0.8981359013405283,0.944564403175538,7.0165574010217,470.31848795690127,None,42.648356349191126,31.66393733413593,40.98502886180779,0,-1.0
33,47.699849176399994,0.1539310955302315,0.8425075985248214,0.8887753087860921,-38.18168939972798,504.3385627470168,None,76.70869533499227,40.399346892613536,51.954118280133336,0,-1.0
34,48.45344148835517,0.1706368907893727,0.8246658315119497,1.0033960258417092,-68.35122663685077,451.227703567461,None,54.28286897632949,27.640004914802955,33.55730579217476,0,-1.0
35,41.37788066524075,0.12028879253926056,0.85977925792314,0.8877716024086769,36.63510123267548,399.59313496192533,None,75.09491811179052,41.777191419203845,54.55321439575694,0,-1.0
36,18.70761961280168,0.15534100531738518,0.8834509081293163,1.0970201068541368,26.07408781735083,590.410123078826,Heater Stuck ON,52.637442321241366,42.10371079642298,46.671382286647884,0,-1.0
37,9.395245130287275,0.16779261591246875,0.7451776181797596,0.9909337624030257,-22.691031551320563,477.86688501065436,None,46.6429322033117,33.56437213297328,43.724163935757566,0,-1.0
38,35.79048619304706,0.15164567978550847,0.9288152712652396,0.9823971727682578,81.16944333585016,533.4800925719251,None,34.40470188470564,19.249767058600945,21.375726813129518,0,-1.0
39,24.80686221828206,0.17130960750130703,0.7978561784753984,1.0677879944662085,-86.00349366218694,452.76179838901453,None,27.416024998006318,19.798186216953457,21.267796102385294,0,-1.0
40,10.491720568015047,0.13965423099799254,0.863548296399006,1.1011892073252327,-35.32970670627135,438.7829410064291,None,43.575694657663355,32.73357733253283,41.665036525193806,0,-1.0
41,27.28296095500716,0.17818694880371158,0.851665781617419,0.9979921432696466,75.79250753392466,451.79107461678126,None,29.47018895084069,19.96572907478238,21.238171505173177,0,-1.0
42,6.547483450184828,0.195977962472385,0.8942020146310345,0.9257787257585665,-32.23162110250073,452.2991609464124,Sensor Noise 10x,35.89887568487425,24.4366891140031,35.87886272026827,0,-1.0
43,45.91941809354519,0.14274322879120682,0.8983772144858059,0.8374472841092042,-44.59448990606933,486.0450289854884,None,74.0693418884074,36.84552097191753,48.71847041605811,0,-1.0
44,16.645099172000762,0.14108994957198456,0.8794261907413022,0.9336954396230824,6.159673787624513,485.86746749534075,Sensor Noise 10x,63.35275206411195,40.32560823367134,46.58826475950962,0,-1.0
45,34.81350279592919,0.17906768954235402,0.7204621671246624,0.9401449394831228,58.284314985696824,474.2884539707179,None,52.72737884004763,28.511909804714126,36.6032923141351,0,-1.0
46,19.026998424023493,0.18159144291461424,0.7685103164271159,1.0107632568418483,-71.433583041895,383.69644622935954,None,27.352500921507474,19.04703550344187,20.08233397862818,0,-1.0
47,28.403060953001486,0.13954279945693462,0.8814822414228802,0.9660741497752265,79.7437277362325,474.01886962513277,None,31.34944859685242,19.497607765291676,21.048325419468696,0,-1.0
48,29.601962570447583,0.14159626365808284,0.8494988226486968,1.071214763176943,53.113118612609526,392.27597510516284,None,50.57013505076338,30.662314201992338,40.42579534580651,0,-1.0
49,13.318450498648717,0.14436430782278986,0.872723780787153,0.9405426085438436,-57.37495400072065,381.5339465739413,None,33.36990379563841,23.458148689491434,28.66356044262189,0,-1.0
50,48.63130824940514,0.12311098977931445,0.8832445925055477,0.9943121208999219,38.161433015669274,583.1614293352919,None,78.9835588332866,45.04485815031633,56.649116607365585,0,-1.0
51,39.880977051250156,0.13162696107031602,0.8986818450136499,1.1256928855321418,-20.70742992523971,501.2375032869261,None,74.37580406940536,45.716307910999035,58.38775296099781,0,-1.0
52,47.27745237038851,0.12991718466495863,0.9050773852224617,1.0347734577884524,-17.58695794626263,514.8725145311461,Heater Stuck ON,83.00557320460715,56.70405523984352,62.63988667242208,1,1170.0
53,45.2672307692442,0.13464404869791743,0.8427910159327405,0.9940142323496566,50.992216638995956,450.4484175833409,Radiator Degradation,70.72009541260825,40.50086154358759,51.2626331649295,0,-1.0
54,31.905499046498832,0.14930630225226438,0.8451157626238175,0.9415814307412516,83.30126543653179,577.245222978716,None,32.39022008472717,20.550063641661986,22.27656771551232,0,-1.0
55,46.48434057604026,0.15468429465073041,0.8412310924407798,0.938640112820096,-67.2019428875051,509.48262239491635,None,57.76424650787709,28.321487545921553,35.89763006825619,0,-1.0
56,8.982162592336378,0.18101000985628152,0.8696541972102718,0.9184559580916078,-14.286557361812513,542.2924673808968,None,41.911813580737025,29.168167303874775,40.477935031259115,0,-1.0
57,13.819228808861533,0.13003291918522417,0.8972336611398555,0.9473367176071039,-3.430510544825367,442.14061725692846,None,53.99003473230681,36.197118066353,48.87665857844483,0,-1.0
58,7.035228000974213,0.16968644796953167,0.8930085859274397,1.0784950357054304,-22.263872948100428,590.0029702047814,Heater Stuck ON,41.18222886126047,37.41717621892067,41.02154063749939,0,-1.0
59,19.639864884346895,0.14572022311548982,0.9358346072610118,0.9780555341947461,-24.625957731079495,555.1153225395788,None,53.5194595511191,34.799363846580874,45.81641355982361,0,-1.0
60,22.49047803602669,0.14901072580695132,0.8401731918471372,0.8737357392022538,-80.59163983891263,563.4871157536359,None,28.529256335266076,19.69249436682471,20.158669727851155,0,-1.0
61,17.210706429825315,0.16349638984333206,0.9362299525166302,1.1934125942554945,33.39695170127219,393.0485668564386,None,46.27346618089007,31.94692518693915,40.42218819794827,0,-1.0
62,42.29318791183682,0.12754555956875402,0.7961545764821198,1.0325139112361779,-11.481404918391831,417.7408019678049,None,82.791919047849,49.43693302715332,64.2865448583812,1,1120.0
63,21.053899701211517,0.157648194923681,0.8289296666421311,0.8687548146708587,-54.93711552409318,421.40664992089427,None,42.101648697947326,25.343587671263304,33.18068788432303,0,-1.0
64,17.642052935932135,0.15332904416426113,0.740513060582373,0.9567770400049084,56.8860304143723,417.72730581171777,None,40.28098486915531,25.94385397656928,33.04007462981032,0,-1.0
65,29.42132374212118,0.15984902528016298,0.8173744904735605,1.0111503451029464,54.46093466729303,563.852040526072,None,49.696557034766045,29.43457315064728,36.78260456655273,0,-1.0
66,11.341590123864318,0.15578337287815636,0.8967397047164223,1.1858492793603257,-2.4495069439991113,357.971198802148,None,50.056524623394544,36.33858129425008,46.75341089664744,0,-1.0
67,41.098864133931784,0.19910600279821788,0.8555304199023459,0.8951076882969707,-36.27888099340311,369.02499724519356,None,64.74838040702039,32.365928639995225,43.533462740970606,0,-1.0
68,8.354778965589688,0.13724520031497367,0.9003437814379514,1.10252617762617,24.856690643361432,418.47871765747595,None,45.34207902376141,33.50455422491986,44.1667824276103,0,-1.0
69,49.40991214702328,0.13938006089996363,0.8743517516371254,1.1502147254144153,-38.13261556006745,399.9682436623609,None,74.61536125044597,43.89068574886722,56.473798061643244,0,-1.0
70,39.751014618349586,0.1375371894715047,0.7748556784017693,0.9390698353379349,-47.518572541731835,407.9649034707121,None,67.36216772809686,38.04714022810462,48.26824451619912,0,-1.0
71,13.942205669037758,0.13889045761679492,0.8526657461806197,0.9726301696702802,41.492637724738785,549.4857973133251,None,43.871563593602076,30.385292515513935,38.98483485636106,0,-1.0
72,5.248495270562108,0.13725225745386965,0.9180239176543643,0.9015579787729853,-82.74145685022887,490.7816484730117,None,21.047384707614,19.703621483681676,20.622912320432402,0,-1.0
73,41.695764280467536,0.17378033062215104,0.8810032117210725,0.9798594714219162,-72.9416752137731,351.442665323242,None,43.98425236256876,22.598813381183287,26.107360544542956,0,-1.0
74,36.80858047314277,0.1784100849597971,0.8660868129416983,0.9963476885396793,-88.77812867575383,457.3306914260488,None,32.88629555608815,20.41483146843453,20.10316532150716,0,-1.0
75,37.80532256184443,0.13858507412501048,0.8830888644458289,1.0681893296803346,-62.470226434423296,451.9712317125897,None,51.673310766337956,28.326159198197708,35.834474067811385,0,-1.0
76,39.70716560086756,0.1333528885379154,0.7894314343954473,1.115182810526578,-77.5817984321173,378.4863173611359,None,43.29324336581531,24.08405093172618,28.23727797848317,0,-1.0
77,8.332009328034067,0.15942831112772807,0.8311665092852324,0.927920139509397,89.24442620038533,519.0354471503642,None,21.62063567471321,19.85318633851631,19.972405382713134,0,-1.0
78,21.130957784492267,0.13895553911438058,0.8616117353797741,0.8214103259147606,-38.01420540826388,525.5242970948727,None,52.129389471417454,31.321402996327215,43.09382293118718,0,-1.0
79,10.214107678630837,0.16265863635511021,0.8225543451979475,0.9978777771783512,-63.131757719535486,530.2233047630244,None,26.214777546736297,19.3478101299116,24.069172611707415,0,-1.0
80,43.83965416440171,0.15405846041702598,0.8370550909533362,1.0297888209297736,-46.62067356073477,532.117736389648,Radiator Degradation,69.37370900215632,40.3351971128881,51.17585915440253,0,-1.0
81,33.04841570724011,0.11968511770005535,0.9144547426758759,1.025255416900614,78.50260287722423,350.0132067330742,Sensor Noise 10x,41.767223626227405,24.464218861096317,23.19196453288472,0,-1.0
82,19.890411118369215,0.18095010402660122,0.7696591418660312,0.9678604892664017,3.6288401443912193,588.4802009616806,None,55.967463271410644,35.495251872230845,48.88844921263285,0,-1.0
83,7.860125762871064,0.18591755346191044,0.923895179933019,1.0125533499979267,-24.332742664585766,553.5521917636657,None,37.98671821539824,27.906864014478504,37.22128765813201,0,-1.0
84,18.9942044772048,0.13774422619031226,0.9224725156767901,1.1636300598955023,67.2104624236595,575.9954241473213,None,31.208819167046048,21.431251904257163,25.68924368462067,0,-1.0
85,19.633249491203618,0.14224596880128032,0.9143990718726374,1.0389113820449456,-18.90175130117416,353.9108238268585,None,56.329095015541846,36.77343828423742,48.234519366137775,0,-1.0
86,37.83227802521289,0.1557173078144981,0.7251966632250832,0.963351582934727,-29.69845740761476,583.4646989464349,None,72.9756261532757,42.533327447476836,54.71797547478372,0,-1.0
87,33.69008621098459,0.1566891357997405,0.826369536452815,0.9512106077425904,-52.6891459410476,552.4471321720262,Sensor Noise 10x,57.41052112691112,28.46030016050575,37.4273088738836,0,-1.0
88,44.924573415934695,0.1631708854534566,0.913892500024778,0.9831582001037367,-21.996571696305935,559.3047857396747,None,74.6734426882795,40.221810111045734,53.1852937264681,0,-1.0
89,26.24967163228772,0.190204090775327,0.9101886850683887,1.1778302753314487,-32.99681591695332,373.3218461804921,Heater Stuck ON,50.71383306766102,38.18002666904563,42.1459751779697,0,-1.0
90,10.381741067223576,0.146461055450119,0.8826718554937202,0.9818369030265056,31.914712673665377,534.6945072296494,None,42.96942822371233,30.219853006088165,41.350435557332936,0,-1.0
91,37.09601542503478,0.13403405510923092,0.8407694818951006,0.9980225233363199,-37.87511315926912,589.9791724105228,None,67.80801423466059,40.118112057931775,51.03837414427154,0,-1.0
92,39.23532718776038,0.12241361543970945,0.8508378384846609,0.9529132983214881,13.895954356061054,519.6368353545402,None,79.04089878093677,46.83979008672283,60.45555703746655,1,1290.0
93,30.25747389062733,0.1353813992011616,0.8561109004048105,1.1161645906480864,-78.13941029424491,492.6403511561516,None,33.53941611704185,19.703361118671925,22.477819443127242,0,-1.0
94,39.69352309795524,0.14933746054252406,0.7857051731516775,1.2165071070972384,-55.56795179462741,586.4074194372492,None,56.80901633927588,35.91760200607229,43.02381084910499,0,-1.0
95,27.220801836397584,0.18589115727035574,0.870938988640519,1.0460919885528717,-16.667051109957228,460.734280433609,None,57.22372455296959,36.233140135388936,46.37213260515034,0,-1.0
96,28.522977322189732,0.13964777401927655,0.8613223786191926,1.0083116418601985,78.65086570356519,499.82339157761965,None,32.322862848934996,19.024098242395077,20.59615072946812,0,-1.0
97,24.239345826134734,0.15447575903277797,0.8747759823575694,1.0036850565035247,-22.09464257117483,469.0845733735915,None,58.15606539383786,37.04720568820883,48.385250970024565,0,-1.0
98,6.143860703484283,0.14967154207854494,0.9314178973081688,0.7878633019317984,29.533341815970147,583.2115553400748,None,37.153527266760676,26.768259277142192,35.67262789851719,0,-1.0
99,9.8551142146987,0.17376786546896167,0.8580925913756732,1.0773615969383328,-44.084299964148336,369.0211816913768,None,34.87519456708773,25.97165429661164,33.6468702646131,0,-1.0
100,6.414313355903041,0.20053864851747244,0.8713719895639969,1.0135070486024875,-67.13395632481829,475.27992520633705,None,21.16171670417607,19.121635507587392,20.79163064842163,0,-1.0
101,33.63846850687012,0.13938262454159359,0.8714018921910922,1.0437648295833801,-79.46341198559098,521.7381103463596,None,35.055007674786175,19.66540071566042,22.489774159401478,0,-1.0
102,19.1460191484347,0.14021121114963556,0.822381989155496,0.9313257042777017,-35.025570262304754,547.9766346055592,None,52.84616222767473,34.18144914626032,44.20812802686314,0,-1.0
103,27.885681102411624,0.17088321754138144,0.9124254853700254,0.9622839669858162,-61.62101517655657,495.7546618610341,None,39.75651592081742,23.075685913606865,28.8940166057684,0,-1.0
104,45.84049132667418,0.16363782979252622,0.8925829284124754,0.9597307585978951,-58.67811935709764,577.2294360303636,Partial MLI Loss,57.34924912209915,28.627581733445147,36.03984090741982,0,-1.0
105,16.21815031169937,0.18693414651472068,0.9246168194941564,1.107563212887127,46.936675509650996,585.4978617209679,None,36.27412502482906,24.894339872089272,31.477006157813072,0,-1.0
106,23.46723153660334,0.16167856370651928,0.8829795270732315,0.9628323404298955,-87.14914722992265,366.0798057983959,None,28.306894367512715,19.886606446323107,20.606959836158314,0,-1.0
107,38.99980123443719,0.1428141581842588,0.9413620377637946,1.2315407554828233,10.405822632378204,450.5926348853436,None,72.57885551129863,46.26917697401473,57.62066030697839,0,-1.0
108,15.29591744712301,0.16181309661384619,0.935597057508851,1.0440279299220583,-21.696951493176343,355.8647554302886,Heater Stuck ON,48.97959232021784,39.344656452809524,43.43078781792326,0,-1.0
109,8.464095942295685,0.17217407161165815,0.8850955413629085,0.8802333237754171,1.1789999835385032,432.3541643436107,None,43.52107870393869,29.512001572381457,40.35230379720292,0,-1.0
110,18.038815381119562,0.16640964362394728,0.9344158117776425,0.987227638537433,11.309442698628516,484.2170544926505,None,51.32806652103124,33.25015251479813,44.977634711420066,0,-1.0
111,12.2549579264302,0.16014548062214595,0.8708879617166172,0.9369105062768903,-33.593814997689925,577.6987326274872,None,42.346134722077466,28.75503895987152,39.618774657888856,0,-1.0
112,46.83639435541579,0.1713334937917831,0.8257585648053422,0.8029697419669528,-36.88040516682865,561.6385806163507,None,76.22552304062916,37.31824426809229,49.420443546033326,0,-1.0
113,41.365417080398764,0.17338591180891344,0.7678498360618904,1.173448786881348,42.012332880283026,381.8749316679964,None,64.00484381066727,38.92588693344494,48.24261034580965,0,-1.0
114,33.503169042969056,0.17764317982075054,0.9092614555121925,1.07284527444201,66.82985786180828,373.2575936852239,None,39.48580830354943,21.702483374391594,26.307038981198826,0,-1.0
115,44.215726558447294,0.16297419775179284,0.8936978477330352,1.0547678884665892,-55.335306157464984,497.31683468916674,None,58.33430440501028,32.75716246203326,40.22883498562132,0,-1.0
116,41.165243460460154,0.14665763839366291,0.9215397313057958,1.0166779152089664,-72.42862310367319,483.0294931146957,Partial MLI Loss,43.97475522956454,22.975332784555494,26.62788092678778,0,-1.0
117,13.395652649871613,0.15293427372866644,0.901987421319945,0.8709229593291565,71.60324515056467,416.594410357506,None,24.171960402660638,19.024295241907147,20.20304693181359,0,-1.0
118,45.165154932049,0.17413017933016714,0.7608111607584527,0.9527890876302771,-27.01881654346824,574.8632711384588,None,76.68824443662338,42.600890860367336,55.395542854821194,0,-1.0
119,29.270400886204282,0.13366128658025528,0.8206855121009625,1.0878225932659156,9.237130319306544,581.8416023653883,None,68.976555660939,44.56876309149152,56.91008878788051,0,-1.0
120,41.334806982382815,0.157373466177458,0.8968504922037159,0.900214687013388,-25.282233986399376,450.6528595850407,None,72.4907397204615,39.12919531236145,52.96600699388814,0,-1.0
121,45.324108496557194,0.14213322375345278,0.9414311190227426,0.7763305122524524,-67.35557945771076,572.5756392783801,None,60.014285065343714,25.655106551667437,34.494774321795774,0,-1.0
122,19.310156373733875,0.15057489645869634,0.941917859264856,0.977545343703428,16.079696090591042,445.98722356574314,None,53.77269556787389,34.63505370620087,46.754727183568164,0,-1.0
123,9.952336603745454,0.17556903725214595,0.8873204680612167,0.9859242475211808,4.525353318533334,534.2042079574251,None,45.569490934364204,32.381458671755695,41.948920992004254,0,-1.0
124,15.257082314387375,0.15382198136039807,0.8674518514009103,1.0136486454699436,-53.4611593455845,468.985554386931,None,36.446200681192565,25.38112473006098,32.25949790806368,0,-1.0
125,24.219850488181535,0.15092873096312298,0.7829799884707218,1.0755711946763808,-8.663571962589984,380.64578912679576,None,62.99331679587284,41.51942514570249,53.52531425064364,0,-1.0
126,41.81066446651219,0.12280287718040162,0.8800361209046641,1.0658371867758434,53.450550722816246,581.9835503092554,Sensor Noise 10x,66.21221121434914,36.48520704398071,49.822572701391664,0,-1.0
127,43.732876246535454,0.1649250713205444,0.8419972961052505,1.0262146963140626,16.27669855942044,463.5241483443841,None,76.61783635358978,43.510868446522274,56.64814918263683,0,-1.0
128,5.312845873903582,0.1629096836228215,0.9332068660689448,1.1269931295483546,-72.55488112794093,533.6217600806009,None,21.465363873225783,20.386563501933438,20.354787111299526,0,-1.0
129,27.983628615990458,0.1932650944661092,0.8202138423674965,0.8590767799205186,8.64386950124431,441.79345360782304,None,61.114253855443415,34.399301124936336,46.944893193631174,0,-1.0
130,23.783495141695056,0.14384443530094,0.8474154600892215,1.051752879652579,36.492893872125634,354.72021964405866,None,54.790302137292635,34.376144468457206,44.829735435770715,0,-1.0
131,14.99485147118286,0.15438300655327877,0.9268246440993287,1.0646582294392626,52.686613040535235,375.132589672959,None,35.250376863009755,24.3778386655015,31.226658936538954,0,-1.0
132,10.393941530015727,0.1549876736742151,0.7869552946453674,0.8834185084942913,23.24116415416802,474.0548698724811,Radiator Degradation,50.39796752804291,34.16637102259271,47.11682206422725,0,-1.0
133,20.192682713163258,0.18154906559526948,0.8987859233081572,0.860460936305517,-62.52153038265892,522.4910892815906,None,32.62128709261503,21.29974883552327,24.24792654023441,0,-1.0
134,47.43093667606336,0.14809408935226095,0.8494091075124305,0.9281200292946332,37.831187986228926,433.68383164481975,None,76.41305509550712,40.75879877930819,53.08282928207307,0,-1.0
135,19.544131940933987,0.1555804305154068,0.9005647047504809,0.9359865762210833,31.921532294672943,523.8721147944126,None,50.528432995447325,31.96126492932982,41.875642715386725,0,-1.0
136,28.345577978451473,0.16215793019433078,0.9246254714141379,1.07825279246024,-85.60316107068601,524.658897357989,None,28.24628794545792,19.922342664034954,20.38372864466052,0,-1.0
137,36.635853150283005,0.15373218246312714,0.8612889957443246,0.9403963173510759,-15.885419833756231,525.9839768319578,None,71.51438392577974,40.91039991146944,54.61364995370079,0,-1.0
138,21.363332107068228,0.14107132770898942,0.83032893897912,0.9179293502565365,-30.068955546772806,473.13046350512707,None,55.38602249027867,35.79871930351599,48.31994440981793,0,-1.0
139,48.73019372244323,0.15388179985796616,0.7654702915975646,0.9406695465860702,30.49417156565582,578.721537530376,Partial MLI Loss,79.00069960919262,42.41460166041569,55.46537568642138,0,-1.0
140,48.310128272395005,0.17147263499719545,0.9074377874154592,1.118359895921757,-51.09555378403427,472.2991294951539,None,61.722032475711096,33.38649319805801,43.392735148995094,0,-1.0
141,16.330203312141386,0.1294696940117788,0.8053222162352085,1.0013051884557356,16.356946135366528,462.56629837415954,None,57.167723511504505,38.46616823823891,51.09479183820825,0,-1.0
142,27.376182765157346,0.15265939348293753,0.9328064370273651,0.9822345964840161,74.37707312655101,399.84520475265674,Partial MLI Loss,30.564730328929006,20.071013857700766,21.09940603716743,0,-1.0
143,18.539523941754634,0.13599758370121653,0.8455375265359102,0.9890597349208388,53.60442699754938,426.9137718390841,None,42.57321840791792,28.211676896061572,35.84240775478417,0,-1.0
144,17.81782224698604,0.17390093257849684,0.8905755309878642,1.1379245505163116,75.86239251897547,360.5836231295758,None,24.286244366395216,19.69115926038895,19.85182823493178,0,-1.0
145,6.659912630953976,0.1195362619043245,0.7546849524364894,0.9278203320358459,86.1310740478842,508.3838234040426,None,21.91667197368446,19.915309347154274,20.65545436856387,0,-1.0
146,32.43039502909536,0.13882156305456822,0.8643209378152744,1.1405958817042754,-88.0793771388907,412.1339359817732,None,31.1761151388603,19.55431400817776,21.132515518127946,0,-1.0
147,27.620556045298766,0.1575442375012904,0.9097265074730896,1.0212727360355331,22.09342974794596,426.0388136213663,None,59.96676680481926,36.867539642154476,48.80872828909518,0,-1.0
148,7.316543806249521,0.1813104805846868,0.8402075493885208,0.9840860483947729,-15.688908403396837,542.7036304160803,Heater Stuck ON,43.3670308698184,37.47428922624571,41.169709026131514,0,-1.0
149,17.539090890647515,0.14868499477854025,0.8330191016267083,1.2841410481174858,64.77380826032191,431.80529579036346,None,32.509422481622494,23.356895087491182,26.94857964952895,0,-1.0
150,45.87196486849942,0.13889600946613603,0.8436277671237593,0.8998169286322096,-44.673353638356296,410.54897300328554,None,74.01312507485984,39.04414268863761,50.763879151703236,0,-1.0
151,15.780285080013758,0.1876231413888118,0.8467013609318715,0.9652495828973129,86.5853080407137,392.26443728342645,None,24.182906972667727,19.046783361890796,19.793907840845858,0,-1.0
152,11.52026924410504,0.12103972199167512,0.8783078410056433,0.884048703048007,20.46743451787451,543.714600545489,Sensor Noise 10x,48.21319962609698,29.83666747482031,48.63850897620174,0,-1.0
153,27.025374212490334,0.10602388086759836,0.8651096225396542,1.099929621225759,52.83673240118958,382.4265644975067,None,53.173386352562886,34.13341724970821,44.46610503425044,0,-1.0
154,49.35427043497703,0.15880028900106663,0.7112456505612702,1.1840241028188996,-74.5920804919017,463.43844006258837,None,51.63789541811681,28.218684419467973,32.74857978878852,0,-1.0
155,15.892487218017518,0.13995891551294776,0.9010804106794317,1.181745140003151,-56.97758074340429,476.73252901929857,None,35.49885419862565,25.672240691188687,30.839913906740914,0,-1.0
156,35.246099633264535,0.12957534365738574,0.8640036243794293,1.1302003018775844,46.512661146156574,521.8474781714286,None,60.95078271626191,37.42853449336684,47.29280153721604,0,-1.0
157,39.27288268979229,0.16416712894598706,0.8827405005515014,0.9804319424901798,-86.04242603292175,508.32087058324885,Heater Stuck ON,35.39278695599891,23.2947468994475,20.7876345135181,0,-1.0
158,15.693689479657985,0.15487601427542397,0.8521462171087499,0.9641348601365375,57.0380374608809,552.6801682362936,Radiator Degradation,36.806917378546466,25.20163000518734,32.2453249001035,0,-1.0
159,37.76973568753368,0.13871842738526544,0.9131881271306395,0.8461006310235405,-87.48917663545593,361.18785848155954,None,37.14257952224171,20.550471015547863,22.388394270568305,0,-1.0
160,21.550240972366396,0.1243939120265821,0.7572744585569338,1.2257922302284225,28.2813910310292,424.1101811948493,None,61.377083420239956,43.084849105802654,54.388668059661526,0,-1.0
161,33.453762376711076,0.1674491465656029,0.9300366492335216,1.0480149046739504,-24.283094358274937,420.0335296938449,None,61.65501460791477,36.34247047050109,48.84652382398037,0,-1.0
162,33.50883698424026,0.1630040235591732,0.8928205324693159,0.951994815140159,20.069073489455846,386.5042263980271,None,65.27748165371753,37.22603560257423,49.91458790882358,0,-1.0
163,29.10986078336413,0.14801648272441234,0.8246377243709333,1.142028068038213,35.28565325804047,422.29456346411075,None,58.82134895336391,38.41968395514428,49.08487614909391,0,-1.0
164,9.063039652448374,0.18693273992095333,0.8440450753934756,0.9073051454313416,-28.354460546465248,427.44132853572586,None,39.475581342617204,28.184752780310344,37.12362208455351,0,-1.0
165,42.58861230151571,0.12859830467347694,0.8796425789828786,1.0415002309040935,-70.5667593400496,480.47111548186956,None,51.448769202276345,27.353772174606,33.1667614457838,0,-1.0
166,19.435102923728113,0.11948949658150522,0.907463952705251,0.9828852369336749,-77.46374380531219,515.9261197315641,Partial MLI Loss,27.228021060774722,19.915175747071086,20.68674112618071,0,-1.0
167,13.393332967993441,0.1361618386023751,0.874111723474678,1.0659513789773598,16.008484061258613,445.2751284029535,None,53.23216651004131,36.71235713342481,48.944113115756295,0,-1.0
168,6.834881369964377,0.14908827967289004,0.926584383846082,0.9936628113007032,3.7179636721400726,529.8675578283453,Heater Stuck ON,45.89176399905983,39.910457360471106,44.84109055009245,0,-1.0
169,31.59018244347088,0.15486678898645384,0.8710000590266,0.86494203218479,43.59618164180387,434.04133464489496,None,58.56924374992196,31.80236340502777,42.308231349476344,0,-1.0
170,35.49039628290271,0.1451752788428734,0.8705584015355341,1.0075862682897125,1.7523918007086792,422.5709193286901,None,73.16855183784008,43.86371159135581,56.735256260638046,0,-1.0
171,5.746452301753527,0.15704110793028592,0.7729974756854252,1.1105844565533924,-13.959757794441757,485.29701396425605,Radiator Degradation,50.291393444106426,37.91777703486838,49.04332287417739,0,-1.0
172,28.044187623467643,0.12496921151619111,0.9256395728272954,0.997082623252978,-18.344307917478446,355.92909007644766,None,64.32672142501391,41.50192544813765,54.24546838415057,0,-1.0
173,15.192309883907209,0.1788752920814652,0.8915321244307717,1.0805946723645388,-85.23955753241985,369.9472809085001,None,22.6682459479536,19.788885521910448,20.21429799332933,0,-1.0
174,34.032775568425244,0.14835697643214862,0.8656043684213215,0.9007271039344673,-29.599703694601715,454.49238589663173,None,66.21754972223665,36.678452184204204,49.937620050092136,0,-1.0
175,12.846489305224615,0.17234591663176255,0.8368239383527636,0.9973773658029426,85.68362835440897,585.7281778479392,None,23.29057988076425,21.283166199673158,20.85842461900433,0,-1.0
176,36.09219821461097,0.15685450692755407,0.7844013024695111,0.9394590524276281,67.24000372087599,530.3779449608559,Heater Stuck ON,49.160768590178364,32.96157505163065,32.64895706028516,0,-1.0
177,22.403090583524182,0.15913506438307568,0.9041955682991678,1.0775587695460056,-30.71194793384082,372.0316423751394,Radiator Degradation,55.752722144630944,36.13445094944402,48.043685470640135,0,-1.0
178,47.152849493153056,0.16139534560464408,0.8778485930944672,1.003154120027896,15.803172911946987,561.5795031952184,None,78.80516322231486,43.60137459969024,57.97850532087452,0,-1.0
179,11.188442486569697,0.1589541712003463,0.8197608378198675,1.0714441031269066,62.51341419638891,533.0751926520452,None,27.117972444118035,21.278773608380597,24.26864731646706,0,-1.0
180,20.347985797261632,0.16285445519735087,0.8445759235364082,1.1149070549137423,-10.570619384987637,502.7366314256633,None,55.882702573348666,38.27340874379335,49.8722883759041,0,-1.0
181,10.106308455826507,0.17658305060264862,0.8410563972938983,1.0716096431829965,-86.76758452497283,555.0732401522944,None,21.983253713485958,19.945173950218557,20.44303964797848,0,-1.0
182,46.61121282253532,0.1539304233940294,0.8871393063535553,1.0276882306213861,-76.58811687264479,451.02746193573927,None,46.26761926330761,22.40986208053746,27.093126376872995,0,-1.0
183,44.48027090214415,0.16418007515177024,0.9015453490752344,0.9049991940354776,1.8706898427671916,405.3752627134632,None,78.70907466958614,42.07796969296466,55.157050529778836,0,-1.0
184,16.607373247182004,0.14820528611425546,0.8400407542152546,0.9997214277417689,84.4990876216581,478.00584727718984,None,24.813417044291384,19.811154891557983,20.39680030633944,0,-1.0
185,34.69928207153806,0.17880234430898945,0.8578216714306298,0.948086970215316,34.7777175993962,487.21043889836847,None,61.24431288864339,34.75040359366934,45.662438747954695,0,-1.0
186,41.77499900905471,0.1364721539588146,0.9254030902543694,0.9661787739702946,-77.23508554105749,484.58159300247803,None,44.39723365910741,21.803738294106594,26.55899852726677,0,-1.0
187,29.984036521975806,0.1860188086582163,0.846447080010045,0.9632392891056645,-55.9150423574647,491.2684478700263,None,45.711809168999025,25.345473158248705,32.42569291391482,0,-1.0
188,28.83427602602029,0.14919684098711314,0.775979690343347,0.9066556515332401,48.838165779033005,587.1762295597952,None,54.41332354958279,31.39959260177318,42.283114704631906,0,-1.0
189,15.883353090520325,0.12138449795763903,0.8394024988252998,0.8222310350221123,61.45915679212405,575.5614057740579,Partial MLI Loss,35.36231980761693,22.782706075620847,29.245609266534565,0,-1.0
190,9.189624551265464,0.15256208829821577,0.7806473962171199,0.9353688786910989,21.185025513946357,568.9292591397349,Sensor Noise 10x,54.53030000507572,32.13557270836083,43.30730566059026,0,-1.0
191,45.374709107899704,0.13637896685050238,0.9249909483453884,1.0195261343611286,25.996170533366993,550.3542027271568,None,78.00670562967991,44.722306836831024,57.001183156285386,0,-1.0
192,45.51881257234987,0.16681287097977449,0.8026115817274735,0.8738752006480488,-84.89925893099077,585.8570268163213,None,43.79500963867954,19.77266326057256,21.018845358439933,0,-1.0
193,33.48956557729706,0.13694752041395217,0.9378991206360803,1.0015694539529136,59.13544672467154,374.6236604198508,Radiator Degradation,52.172402505550984,31.682544168516383,39.880697608647154,0,-1.0
194,20.25634059719153,0.1410763313357044,0.7685460606123244,1.2092820572919007,51.88953747074933,416.28081536143486,Heater Stuck ON,45.318872781048405,37.62324941495421,39.54832870325279,0,-1.0
195,20.714430857569738,0.11220918538108937,0.8774098545463238,1.1077220013386961,-43.37367406139751,473.7639864136462,Radiator Degradation,56.90066534800028,38.71653775917687,49.10033327727306,0,-1.0
196,37.668005549160775,0.14095387361501846,0.8709674741215392,1.178631654663239,37.56180959379125,561.6336232808513,None,64.39019970660611,40.46965205668508,51.28745051768506,0,-1.0
197,45.36996169786597,0.10152241346742086,0.892470167781473,1.0398877635782837,-51.32617084350034,476.2914278806831,Partial MLI Loss,68.8460520282691,40.39995850652615,49.82074985905808,0,-1.0
198,44.91888909193028,0.11832194353028552,0.8745030128571613,1.1238395389044329,-82.74057101072766,537.0086848353972,None,43.154484420706275,22.153989977415424,27.06488398765266,0,-1.0
199,40.09439956359307,0.16520829312288593,0.8535282401693334,0.930162038517641,-53.79542233373209,384.73997631222903,None,58.60503133654245,30.305005470489384,40.31688591739126,0,-1.0
200,33.891424076942954,0.16571600317301663,0.8487378166938002,0.9375979686516622,-57.84680218422609,413.10345324414004,Heater Stuck ON,50.351730240270285,34.90924007759694,34.8206279000099,0,-1.0
201,8.786298424777197,0.15850915123569928,0.9045691612027852,0.760397450956502,-29.205360587727498,532.9440237594181,None,38.584953530153285,27.02702834969032,37.04283054788939,0,-1.0
202,12.27329213425762,0.13066047713741574,0.8919170112012574,1.1259358397432766,-14.679090508417545,391.183502221931,Heater Stuck ON,53.537767533854655,44.70755341834413,49.90952444750178,0,-1.0
203,45.43493848371857,0.1490457728771604,0.8487986006842443,1.1665286793413774,1.5370004695874258,437.8389836637317,None,78.79218951772793,48.64900938209988,61.78421423116868,1,1140.0
204,32.289307684681546,0.14992794921818864,0.916257015763043,0.946184474168473,-4.184302408500926,416.21656445339283,Partial MLI Loss,65.06587769746564,37.635662073667234,49.02014182161431,0,-1.0
205,5.4138673227483345,0.12683270621614914,0.874982325530641,0.974924574328555,-41.278570926247916,437.4654235556196,None,37.79259697549884,28.609613747755766,37.110705781108415,0,-1.0
206,9.566219428971444,0.180067966035343,0.8474961931608987,0.9273852504283695,-84.7492796566666,527.0810122694926,Partial MLI Loss,22.317569863395946,20.5190945266153,21.149263802892733,0,-1.0
207,34.85757960986251,0.16754724581151342,0.9138243592034747,1.03900690213178,18.918292002687124,441.96179528570025,None,64.74975800935213,38.53968854103498,50.798495736982694,0,-1.0
208,5.227771273079841,0.1455807165234067,0.8952647417915502,1.119064708270266,-18.76593062747621,488.81583065198504,None,44.216714419391224,33.3967282885571,43.4297887253909,0,-1.0
209,12.236362313787438,0.1505377167798906,0.8648381270502752,0.840064001833717,-36.239011670241055,374.9829692636024,None,42.10944300684928,27.980867164369045,38.71357673461787,0,-1.0
210,29.693020521496376,0.15416765615895103,0.7884913950949913,1.0417936103844,66.04938770949221,551.2544233086569,None,42.48583047736889,24.876518036081205,31.084012953542278,0,-1.0
211,36.135283896171195,0.10916530263151418,0.8887461646733541,0.9727120537096913,44.41379540366876,442.4721564120312,None,67.78903737539281,39.62788608866115,50.87130872338754,0,-1.0
212,34.338256677617025,0.14505645234958806,0.7670598677822338,1.0114039743374073,64.39779870703961,512.1335397583356,None,50.34446883810557,28.6602086971846,35.133663136011485,0,-1.0
213,15.09211892572519,0.13636031504004403,0.8350583560198545,1.0469690807446954,-0.9030969517570213,531.3474004154582,None,56.72528222528344,38.96190807074303,51.16364310941532,0,-1.0
214,37.04806496063912,0.12996759980210168,0.8691059975985527,0.9813557510936666,-66.43237461718006,402.4152305279251,None,50.81474336948927,26.80520707896489,33.86020536948877,0,-1.0
215,15.676208937356003,0.1443779941422809,0.8967623040028256,0.9896947810672632,35.31985850182903,571.1687462383375,None,46.55410087707883,31.113595292913615,41.55403238138295,0,-1.0
216,19.642986417167048,0.18595373053699044,0.8648428145057416,0.9788395743282063,-52.90671961130846,504.05606290173824,Partial MLI Loss,34.932314233079865,22.045285623729804,28.960921149575974,0,-1.0
217,38.592113230311085,0.1628168572253402,0.9349521392235993,1.1018952151939136,-10.578659563490973,457.1812854378704,None,69.31091789087591,41.771147013226916,53.29325252885174,0,-1.0
218,34.23348045712466,0.13857642020434405,0.78038455118032,1.0427651636950737,-78.29985798920006,395.5837958945549,None,38.161527644889276,21.29343415331432,24.428389341941024,0,-1.0
219,43.215053472238004,0.16145165562712316,0.79900285985399,1.0223034379934275,58.55551243613684,585.5752344753016,None,58.94145891778457,31.628516433889278,40.13801298506812,0,-1.0
220,34.592580153515456,0.17798710873172002,0.8433103105927863,0.880649855304465,-67.3306846114499,538.7670510329062,None,43.76929777794178,23.279199683644332,27.763837031704867,0,-1.0
221,30.573887150096223,0.16849267365825538,0.8514768652327696,0.9628496805600503,72.55755126887576,402.0061406833122,None,35.669129040558055,20.436386441315594,22.91252952391954,0,-1.0
222,9.215364552264163,0.15119260739840348,0.8655977368469836,1.094028676341167,65.56150840708028,434.4276936810561,None,24.151133115381846,19.02359219617248,21.944594362611298,0,-1.0
223,21.54721113767451,0.1370612644458885,0.9446561126119216,1.0037767714069428,-6.3751024009357025,552.4185645220183,Sensor Noise 10x,60.176995438273046,42.049806419404796,51.56214512581481,0,-1.0
224,16.934106545677643,0.1639644662722718,0.8408877604700742,1.068176668668196,43.986276774718306,523.9194158038347,None,42.67569851997135,28.989141372551444,36.49585150803182,0,-1.0
225,15.97953395205876,0.15786970770843498,0.7598806624302801,1.193214803377651,21.500113287267595,541.4460731789311,None,53.43676245918206,38.270791955307295,49.62581545121209,0,-1.0
226,48.785474963860054,0.16790386440055463,0.8636717610200357,1.1094457950710872,54.55361562079406,460.3002755532331,None,62.44250847871906,33.23052904487829,42.87576753729621,0,-1.0
227,22.689397610004217,0.16270343603363938,0.8272025364439313,1.009359361209189,-12.275081858535827,529.1190656605418,None,58.54792476511518,37.36207081347764,50.0642739307316,0,-1.0
228,45.1420949829701,0.1709910543063867,0.9241052363104489,0.9501846764474584,51.445527163983,446.62343071597843,None,62.35290037215221,32.01856712742068,40.43030359303825,0,-1.0
229,33.401238169876834,0.13929529576878863,0.8503521104295162,0.7746414827191381,-6.7577729282733685,402.8157292345491,None,73.36654839947117,40.025782595140335,55.22201457109486,0,-1.0
230,40.76650865937418,0.1763478813126865,0.8036144687848876,0.9833024827852317,79.3738418117029,508.16925871034,None,39.6554283101071,19.911081318117404,21.851849893323894,0,-1.0
231,27.618669189733644,0.153951992093848,0.7930607226363124,0.9679244429248619,-2.453021851473437,594.0034813996986,None,66.409623617134,40.80578694226771,54.50204002782775,0,-1.0
232,30.96067480818616,0.19150521745250532,0.8677283027222051,1.0398085601596827,-6.728531051928684,427.6502428488324,None,62.452996575500556,37.14960564913938,48.903954022731924,0,-1.0
233,27.163296221848874,0.13621624363820864,0.8530490028590203,0.9847273061400372,51.3129350814323,465.24239805313493,Sensor Noise 10x,59.13918945909632,35.00437326109732,37.75635096315346,0,-1.0
234,13.785934450912002,0.184719276063305,0.8574948934041005,0.9684692895372917,57.88398451695082,518.5003427674634,None,29.805169798687665,20.75044004157846,25.173307247394177,0,-1.0
235,37.510345186767736,0.15395821566925294,0.8137828685177809,0.8369927310564673,9.808040577810743,485.37657053062196,None,75.71929641599993,40.29551926858313,54.921376074968634,0,-1.0
236,17.63475630983851,0.13697163992771103,0.8837329773787512,0.9102856907024915,-57.636393570886426,560.8569489272624,None,37.78857997382271,24.175320248891026,31.57425465835051,0,-1.0
237,6.0942184894154225,0.14032228331891355,0.9227500385977273,1.0488193511811226,-5.803518427635694,540.4356766173789,None,45.48540304576534,33.716972627861885,45.96822663587475,0,-1.0
238,34.046253315822554,0.1435930538361136,0.7458710094048475,1.1871918910745085,84.2530505237421,364.57430096558926,Heater Stuck ON,32.399132548705296,24.079454992920585,20.208175588601325,0,-1.0
239,12.969980573317201,0.15848331892803832,0.7987244901694269,0.9902948634067602,45.537514747053336,599.6053084809434,None,39.75526634224869,28.053653704711007,35.52424736116288,0,-1.0
240,47.320636295881144,0.16045670976071,0.8447847258106823,1.033324327391481,56.0092686982438,538.1006134298668,None,63.066579138068946,33.42135959411286,42.43721625159626,0,-1.0
241,47.92678596511643,0.1385259999212284,0.9182124378304416,1.099931401619112,-84.09141021253677,565.9758290735283,Heater Stuck ON,42.15887784452335,27.5280051546688,23.5934062817403,0,-1.0
242,46.16889755992018,0.14951290815478033,0.9279762595834977,0.9221112568967819,-5.785296725851225,512.7994280238365,None,80.3415084319423,44.31308261484057,57.609699096254246,0,-1.0
243,21.657141511495,0.19284540717223728,0.8146138717801958,1.0373624689924077,26.391804058359966,564.0712820116905,None,51.38432794101991,32.03461309667998,42.50223044643738,0,-1.0
244,5.695547743799034,0.1845508634020142,0.9333306581274294,0.9286261801688585,59.40588305305346,378.09574373217737,None,21.0194238732145,20.372860969479202,20.810443150420774,0,-1.0
245,46.77433531644764,0.15872647339348064,0.9324168026191508,1.0903322255126673,-81.13074235510113,436.9344588898289,None,40.71880821487301,19.852972941184987,21.528241447680443,0,-1.0
246,24.268286674279146,0.150760069563364,0.8966138872721745,1.0152554998382664,63.438999415537154,569.1052359011233,None,37.35045910150839,23.02311887184505,29.12973780009447,0,-1.0
247,48.49946685696513,0.15240062653436523,0.8616433927304965,1.0302950127720358,8.712168613544108,400.41380281672303,Radiator Degradation,86.38461207601127,51.42347674388779,65.8553447355479,1,1070.0
248,48.36289896901638,0.16227035945460833,0.8571515104351959,0.9247240967538,-54.48348529630921,369.56052464500567,None,66.92049039011823,33.954802136671034,43.55990337171777,0,-1.0
249,43.3854254960312,0.12954414869603187,0.8558534967673195,1.0732626728375383,-32.894061039054,547.0297349863047,None,75.06232219581504,44.74279451275364,56.41885622871634,0,-1.0
250,18.250200143131355,0.14485246925153308,0.8007608921067892,1.231793567375254,-39.25268068471907,558.871538910824,None,50.08380306186763,35.1253298924338,43.98302760167756,0,-1.0
251,22.329397787086638,0.1166283185224482,0.8159810244429175,0.9041218213460853,5.554626171925648,390.66305454747516,None,66.56574319785838,41.49574210654874,56.42681974500755,0,-1.0
252,43.30115021825856,0.15798446245210557,0.8215911466406447,0.9665947985522622,-80.69657761599628,563.5864956956789,None,42.460497793408656,20.725163220360912,23.939382563679224,0,-1.0
253,19.261490232032493,0.16294391879405482,0.8197512159287146,1.023431040221332,-61.463491470013764,521.6919488992924,None,34.37477493424195,22.988138055157002,28.77270025783782,0,-1.0
254,12.627173600874162,0.1403362707540125,0.767145584159056,1.081815470655904,56.28474780764083,480.020670804146,Sensor Noise 10x,40.208340929953536,33.85651859618898,34.62655771558593,0,-1.0
255,30.05605681062576,0.18147973526580063,0.929580536180969,0.9455820373651741,-66.13128166557401,557.5625481953463,Sensor Noise 10x,54.368038993977365,16.030359256317837,22.785178085037874,0,-1.0
256,47.12696483723514,0.12548468673995317,0.8463819235054841,0.7532914840942457,-47.98867149753715,454.8123123297414,Partial MLI Loss,76.32344233737213,35.826577274547375,48.965512757376395,0,-1.0
257,36.32134085037379,0.12071250239580358,0.7909924786653576,1.1455890391717722,-8.393290991251689,398.4984890558493,Sensor Noise 10x,82.23651282725615,50.70687810406117,61.15940690140663,1,1090.0
258,30.652752654021423,0.15448903637119943,0.7371117625948136,1.0790171839481604,3.0817598603994867,421.2131691526534,None,69.20046652258344,44.34548120671091,58.19149236335764,0,-1.0
259,9.372942219684585,0.1709419660522431,0.9037148928657708,0.8400492540847037,47.449886330548566,476.2910045733287,None,31.442676434953775,22.606872853633256,29.45275740040314,0,-1.0
260,32.67532520146264,0.18367855382915738,0.8234460594366688,0.941052001302681,-9.480163200086196,482.832698168294,Radiator Degradation,75.00135478150939,44.87087212380261,59.62711687525132,0,-1.0
261,49.552423254691846,0.1408223147426212,0.865307134243486,1.169782978277412,52.17563178639699,551.3952066103084,None,67.33606357520786,39.694079854992545,48.02531943670112,0,-1.0
262,11.30378068564358,0.17157361666862592,0.7941352169543541,1.1557848555873789,21.302335268182347,547.8381809130836,None,47.22191900866617,34.48456296301375,43.84305799302018,0,-1.0
263,28.324834356368154,0.14922983060998585,0.8854025346666714,1.0984103544418278,-69.64204690371196,495.3416393011437,None,36.54855555181604,22.123434026213438,26.238621044193856,0,-1.0
264,44.48178823675799,0.1465474540011836,0.8705469979265887,0.9825429281732853,-61.86034108928905,545.1963708413691,None,58.47509092367603,30.023880607457954,38.56612197683161,0,-1.0
265,38.3345877989392,0.16767319874973344,0.7201806351323257,1.0083332718921123,-11.333929419041255,397.94336457341774,Heater Stuck ON,75.8589411880155,51.971296091130945,59.14795918042999,1,1590.0
266,36.36570834478706,0.16304645756826838,0.9010880519719737,0.9869927544951688,-18.559909243972868,362.5161317733236,None,68.15734928894071,40.25925265453077,51.94277091148368,0,-1.0
267,36.611783779419916,0.11847215686031501,0.9123639410939262,1.1194348708065869,43.83796853471301,568.408455658675,None,64.32553853377433,39.758984387333406,49.13609900397776,0,-1.0
268,21.177101804888984,0.1795308069945179,0.8529492803329668,0.9161416920289118,14.53268516352334,368.8886234406924,Partial MLI Loss,51.0822360224515,31.5273678198379,43.366885138518214,0,-1.0
269,18.2116329919022,0.17760182708294903,0.831661938134148,0.9225811259836182,-20.13604541959512,411.67210743599935,None,51.084444355340146,32.87469803389888,43.82101980707195,0,-1.0
270,41.421251996533115,0.1374887459698094,0.9066218648327671,1.1063070190807642,-59.26314897893059,523.8297374060961,None,55.53553627979574,32.62901122811028,40.265484964224065,0,-1.0
271,41.455102760563136,0.1579160706687482,0.8755398551269491,0.9955736796085372,-49.16932158141088,452.3619844068273,None,62.31591603639538,33.52155527674077,44.39932322809245,0,-1.0
272,44.01825433610467,0.15988060372565477,0.8598116351469249,1.1477996199098297,13.590183324430612,569.0784924788773,Radiator Degradation,81.63230488453979,51.50079813143496,65.17863895443877,1,1050.0
273,46.09582486504121,0.15521347531647814,0.8386579269550332,0.9350537911579556,-13.78101511803736,424.4949486655674,None,80.75007835081618,45.16742827500127,59.06976941428652,0,-1.0
274,28.010407948742202,0.13899389692309158,0.8669493141289695,0.9945371399521145,2.68695159492097,352.96783666733984,None,66.19320216997632,41.59286631576182,55.345125063984206,0,-1.0
275,27.568233260923982,0.13656753264123897,0.9244578286923302,0.9118850865064027,-59.278061645597944,425.16391014018603,None,46.0810230267406,26.993036774617003,33.75958206100751,0,-1.0
276,40.92328305350488,0.14948891858017108,0.8855569605073272,1.0007365392542784,29.323125422021846,494.5187622962079,None,72.99189269423242,40.41892402903946,53.004976226472934,0,-1.0
277,34.24837688499943,0.1734545803851873,0.7893460556194472,0.8625564407215582,63.45697335407408,443.98459385082333,Sensor Noise 10x,48.20878864831566,17.905267650724433,37.1521724260029,0,-1.0
278,36.588509476596656,0.16087200309188865,0.8567770953002488,0.9524064975558578,-43.5708887783579,483.71818893968884,Sensor Noise 10x,65.60464234740863,34.17282055076226,41.83518167790279,0,-1.0
279,40.81067012462455,0.14258771335827788,0.8675858056124202,0.866212182070224,-1.5274393502712087,569.1495297087547,None,78.56327779759692,43.085053737766636,58.61896945798398,0,-1.0
280,45.05024038179048,0.16543397421296688,0.8590731467293993,1.071856641025373,85.59491922376233,578.1212635575921,None,37.56301004667356,19.79014205980672,21.026865067926064,0,-1.0
281,20.209782058319114,0.09302914758739848,0.8460494479774722,1.0742888781364968,-30.016486700869024,416.49351616352806,Partial MLI Loss,59.372559065326236,40.39146228114885,51.76946056184673,0,-1.0
282,21.901232868797482,0.17297531400744207,0.8536902531498789,0.841115515885633,17.10834208627702,465.53511831747517,Sensor Noise 10x,62.17762083199601,33.8823581159373,43.46701053841622,0,-1.0
283,9.229187292839105,0.115205724424438,0.739047077846344,1.1426939338554862,-73.76477396395602,487.2860038103628,Sensor Noise 10x,27.22383753256731,18.720638465750344,20.697779654836445,0,-1.0
284,31.022606344827828,0.14275118117193736,0.8689807439722432,1.2836935552430002,19.082700446299768,587.2781142220617,Sensor Noise 10x,71.89539927234982,42.73835539425805,42.029940882896454,0,-1.0
285,6.617402320853394,0.12760660210747712,0.8134963492003625,1.004611237859845,-73.86628080516877,599.6543297910962,None,21.453996253350716,19.806169149706427,20.6878159856789,0,-1.0
286,25.95191081596071,0.12410637048558187,0.7708287441610052,0.9379004871873855,82.66237835828798,408.85181221038164,None,31.2540306456205,19.92144185698781,21.16962824078763,0,-1.0
287,29.419008561840947,0.17321653574757037,0.903035168287204,1.326352984862813,38.819277373016064,531.7449678364538,None,50.907071741722234,34.0350060408804,43.4878690435994,0,-1.0
288,17.8943563457728,0.14064597597376216,0.9076086540571683,0.8764313944640495,51.86876186442714,444.5077655582988,None,40.9736359581372,25.19018086556525,33.27902113058682,0,-1.0
289,31.587496725605483,0.1569300776346143,0.8370791727083001,1.0020126693923812,36.73878493889464,352.0270492215533,None,59.70329624485694,36.02657594924723,46.65179185469283,0,-1.0
290,6.372511247257224,0.14906158842241632,0.9310007976937259,1.0181245183139973,16.151226493763843,352.3131306089756,None,42.851217301477476,32.17584557823155,42.602530385624874,0,-1.0
291,6.6806684937146485,0.15954081654446242,0.9189666659507076,1.143981546385092,-9.015699404609038,465.1415018905639,None,44.22042448003852,33.3782882958966,43.292952540397394,0,-1.0
292,42.01702522968462,0.1515364378212051,0.8832510836988638,1.0366287875479887,64.50720835699124,472.08372825108364,None,52.68931284610631,28.08039570523412,35.3796078955858,0,-1.0
293,21.20857886350683,0.1243401555162286,0.8228417061562525,0.9513593812295296,82.23042015775135,355.64242414336064,None,27.13605759823385,19.616510673561844,21.318496006486573,0,-1.0
294,10.717723069334816,0.1699253363889428,0.8637333477215261,0.9092652374084984,-0.17348887726537043,521.7318541935756,None,46.9559823206101,32.782914047326535,43.350855344936235,0,-1.0
295,28.500946702466198,0.14012486833677373,0.826717320655189,0.9663954287232783,77.67630884794715,423.5008471487383,None,35.60913364927346,19.543928489900306,22.24721406165708,0,-1.0
296,39.64970988943749,0.11886836202680498,0.8923894506096951,0.9042108215548762,14.99992379793315,489.97327538398736,None,79.6669774500988,44.988006036772546,60.71305314095182,1,1400.0
297,14.711946237357942,0.14143769678068174,0.8186701940189518,1.0047939865378497,6.909153641357975,425.2297682913547,None,55.76386748371296,38.008982343400156,49.96123693040558,0,-1.0
298,33.03007141185501,0.1800151958126862,0.8416907157293807,0.9451424538957343,-8.193108068035798,391.7835787173268,Partial MLI Loss,62.08007992006861,35.45668727077422,48.186348357857725,0,-1.0
299,8.84063592471956,0.16700443484226984,0.8825197756606342,0.8612213013245702,-52.32820292457843,451.79343464971885,None,29.31706648225603,21.72708077988596,27.78286222257618,0,-1.0
300,7.325677452587346,0.1430269573118428,0.9279038320731599,1.1337316973302172,-89.33046105274934,408.06834119762516,None,21.694969127186077,20.13141412707961,20.731766506006153,0,-1.0
301,28.91095842056666,0.14301484591363142,0.8042205386308642,0.9514508466873755,-46.528879165908975,483.700244229792,None,56.73516343987129,33.52329842337467,43.354445274944,0,-1.0
302,29.328580472454792,0.14356729897565235,0.7705585300705693,0.880897785745108,1.7501708886417333,399.70713257162,None,70.49856163384149,41.5609262489063,55.77941057107002,0,-1.0
303,33.6843455674193,0.1915349596712168,0.8463727511963575,0.9833148516268503,-21.607208593244536,477.1014941611568,None,63.24597304801979,36.03160775037428,46.53137328696176,0,-1.0
304,37.67411001751977,0.15763870904463106,0.8732880501146367,1.0068605833122037,-9.272658959525913,389.3446287172169,None,72.10285138256738,42.05339026479857,55.306744617696076,0,-1.0
305,48.91334357581406,0.15860083294382138,0.8892584939651951,0.839753676376303,86.51667952152891,517.7436773714462,None,46.059889606975155,19.9214701017551,21.1649692418506,0,-1.0
306,28.23351567355379,0.17060566908063685,0.8348887832301524,1.0337208479961593,-26.950973279521037,538.484421110356,None,57.93635848358832,35.95372856280769,48.29101852335185,0,-1.0
307,19.533041282356066,0.15477578318053026,0.9128070462626077,0.9005804700213847,-8.607070915180586,377.59855856248345,None,55.183028162407304,33.849998024027514,46.31545916678429,0,-1.0
308,40.78337876459167,0.14481915708358592,0.8342670607190852,1.186612822559861,-65.96720075649247,466.9506030093348,Heater Stuck ON,50.64013255741864,35.910386660362136,36.16181848973714,0,-1.0
309,17.187451306793342,0.14607300301830042,0.7898528473348857,1.053793015873676,-81.36760816134222,367.7179251637184,Radiator Degradation,25.39301561178181,20.15480364833235,20.90069075911016,0,-1.0
310,24.753713931753623,0.1485679748117187,0.8002240324398016,0.9607990480450503,49.57371262664904,499.5456113855006,None,49.179977721635005,31.128284865340202,39.95633650137943,0,-1.0
311,8.530537160401968,0.14925555526980316,0.8682461903299834,0.9281919016233644,12.72297151295615,416.1010744824114,None,46.67250193580628,32.458669344406445,44.85152055151929,0,-1.0
312,6.1407834536955885,0.1645525908727396,0.8552749351966774,0.9895581280870288,46.92686508790109,481.90611420967696,None,30.607535705793733,24.724452211953736,32.01454741641319,0,-1.0
313,48.31917866050663,0.15103891771614597,0.9051120779765632,1.0631955832014632,-63.024696200420706,479.3652523460728,None,57.76920187880571,30.424322336152944,38.23757222599112,0,-1.0
314,42.61910542304926,0.16465280154431158,0.7827399144256966,0.9974538341345469,12.929178812884373,581.0885865484502,None,77.24154875716982,43.94975260446626,58.40592389025421,0,-1.0
315,36.31883927421641,0.14838566839782835,0.8162042895736483,0.9785182114559957,-44.3443546185524,487.27080564218073,None,62.235477380456814,36.58455767756819,47.50543518069793,0,-1.0
316,23.402882498642146,0.15157270380632182,0.8667533722433665,1.0058540977299453,-48.948872957996414,495.7496199295789,None,46.71647972800775,29.85650568763027,37.90423735336307,0,-1.0
317,12.798244403188061,0.11003598630935785,0.9071315333437677,0.9414011832383072,-87.92531747046266,450.4132814410951,None,23.211675127455653,20.184777800715562,21.599896249453256,0,-1.0
318,12.039666920198872,0.16832655349404962,0.8914614706302987,0.9662616785509054,-66.53866975756706,587.2699007957042,None,23.61020810544509,20.786021260421514,19.447357276668733,0,-1.0
319,16.26093041740679,0.15692976951795984,0.921534675047227,0.8117367069790649,-34.33173993005484,544.2964773599024,Radiator Degradation,48.093389089217176,29.284133161523286,41.155017563116395,0,-1.0
320,29.71519991177542,0.16996020219719304,0.8049843477491094,1.1022710287379662,-68.96182309363097,421.35132257571036,None,37.86345334013363,22.27189217991096,26.374300501591524,0,-1.0
321,37.156816521502805,0.09207489243612621,0.9199591645857134,1.0303306581281388,87.45451927396874,561.052396444058,Radiator Degradation,40.01719909777012,22.53964528500725,25.66198052299912,0,-1.0
322,34.70888195229791,0.19176749409561455,0.8556852252858652,0.9255699357963622,-34.44612326568888,458.0990900462725,None,60.24489755851423,33.07078322394328,43.4016787966914,0,-1.0
323,17.59702536256743,0.14720820743689653,0.870418017315155,1.2090966350037653,-66.54168959358093,557.1667858833985,Radiator Degradation,36.1715455873578,26.41846125197296,31.125779369189942,0,-1.0
324,47.96893762984374,0.17216365633475034,0.8158773345636593,1.0087396174307246,-54.16518369096761,555.7220170733755,None,64.15034010654978,34.272702621380084,43.03485125932218,0,-1.0
325,38.20536125130958,0.12920188145748937,0.934817511359811,0.9015729154944643,15.78658110146577,397.2175466907136,None,75.26517443633828,43.295052381287874,56.562344260009056,0,-1.0
326,29.945932363013032,0.16225547810125138,0.8168725656734876,1.0894508284277868,-78.47216570433807,525.2852828458942,None,29.940580486728102,20.176291825003524,20.56201239464111,0,-1.0
327,32.527433580545846,0.12893168873652688,0.8434207100899898,1.0406076502871222,65.23814342540823,422.66074232663277,None,47.191791818193714,27.940175630265454,34.35625448188481,0,-1.0
328,23.882002809250547,0.1375246207860839,0.8357265454829457,1.0402468060915286,83.06994226268651,424.37316749816705,Heater Stuck ON,28.084342334180292,21.357413721741292,20.326849663776805,0,-1.0
329,16.147894527552086,0.18828062707733573,0.88195583578782,0.9583180518274088,-45.585464279871445,424.0870192201452,None,38.24452512488358,24.923534017387897,31.060822760007053,0,-1.0
330,21.01877053930677,0.14618635198473307,0.7872747643239851,1.0460797152822678,-8.982851653645312,531.3920618899871,None,60.41046202397266,40.073612259216844,53.104817850548,0,-1.0
331,39.10307497089661,0.15434865746359444,0.9183690046788617,0.9741637882830501,-86.01579881469053,407.456510448134,None,35.53668918158833,19.674251483506254,20.81182654057536,0,-1.0
332,5.647706988339014,0.1674013546137751,0.8540507789779366,1.0571685396937254,25.32784045089987,350.22645881152255,None,40.27272781671721,30.385513719573353,39.37870107089464,0,-1.0
333,10.223268822811232,0.15991363775945208,0.9368705976980514,0.8265503488719937,-15.493309550534008,528.8092133706583,None,43.46517990418228,29.754887992922257,40.308669548385396,0,-1.0
334,7.070118890978874,0.15300837810287152,0.8703517232595965,0.957540418488226,-41.38947610171997,392.79618595878134,None,36.11319145568664,26.22197783173279,34.33722146919412,0,-1.0
335,6.8327961043536565,0.1572992200493245,0.8853807762277283,1.1879338169859386,-52.76932008901048,376.12059882695866,None,29.98291037466358,23.45366878181981,29.762925518345067,0,-1.0
336,43.495726280495326,0.1980683117047655,0.8272955366182818,0.9261614147518188,27.72415397857688,409.379030148515,Sensor Noise 10x,71.75836681286711,31.911343503332247,48.95112328488588,0,-1.0
337,36.664603672101066,0.14884762405932828,0.9145893055135893,0.941403125703391,-15.080934414183403,444.975130580676,Partial MLI Loss,68.18695219523869,38.55607250611282,51.43251451796255,0,-1.0
338,26.337822308929635,0.15402198093429934,0.9350913052494381,0.9561923972315646,-57.66132797461584,468.9765818683002,None,42.84720389495578,26.80033558919102,31.346968851374722,0,-1.0
339,9.402537229295067,0.17101308792015224,0.6662412127378409,0.8856082219475438,34.03963466762832,361.1425101781577,None,43.25992955131278,30.584038752321778,40.16493947623239,0,-1.0
340,27.122714380257456,0.17211051865915966,0.8787733845097321,0.8018545251766622,11.713010946604854,592.6433331568401,None,61.53787231959624,34.49169991167555,46.9073466996501,0,-1.0
341,26.306229685125455,0.1737406061112076,0.8509356440611586,0.9772051789257007,64.56096988730931,529.0157633548895,None,37.13033174920022,21.301037526259673,26.538030079655794,0,-1.0
342,12.794084145950684,0.1627746044405837,0.8304534260673326,1.013678650691095,-68.85433820223128,430.79851633108404,None,24.67020074096521,19.89758956160265,20.861516240088797,0,-1.0
343,24.523324215708787,0.12713990174539033,0.8474042696355479,0.9947632529647056,51.419988350002114,429.67431432134936,Partial MLI Loss,47.9824718795826,30.312381643402254,38.20449675290547,0,-1.0
344,22.932713047881805,0.1826686306460219,0.8552044069852923,0.9856165877955625,31.233021627106623,462.1356373421148,None,51.15407364729654,32.504812934157236,41.92332655347552,0,-1.0
345,32.71325441234974,0.12707309213962623,0.8407524344053425,1.0043133629711558,-69.2980313709424,506.56120569075824,Partial MLI Loss,43.34305263421288,24.85909777428341,30.014051970778386,0,-1.0
346,33.579214289043975,0.15605270930478066,0.9047223960571582,1.1076981763000906,35.067731376909734,386.59326664724193,Radiator Degradation,64.97803563555262,41.15956931967014,52.32393398823604,0,-1.0
347,7.038680439742003,0.13491448299961284,0.8738795206093486,0.9811355843769196,-10.52148800163053,397.2324534412381,Heater Stuck ON,48.28165372630918,41.85415006309393,46.29757428311774,0,-1.0
348,21.857567658191204,0.14871723306814014,0.9252806962657936,0.9442085102651796,80.09726140005176,564.8586457083877,Radiator Degradation,27.612527021548157,20.230526161438885,20.787550532902497,0,-1.0
349,33.16369620714064,0.1565752482060696,0.8595730855679107,0.9722789321184979,-64.50995688877812,414.06373097226816,None,45.50506258361355,24.004281637121945,30.814643375869387,0,-1.0
350,27.641131636103946,0.15642714430900545,0.8931126408748824,1.0596457731231066,25.71001034683283,445.0487494937944,None,59.84134056896846,37.14203135279927,47.49775207646542,0,-1.0
351,43.542042853474506,0.15843841508470569,0.7989734208247143,1.1516580514292838,-21.243591816669735,567.8179627375292,None,74.83506126756785,45.67779740345205,58.55084641630175,0,-1.0
352,34.64121342285253,0.18227422538117294,0.8386831461300199,0.9391177822659984,82.22664070635801,515.7869573499556,None,33.61070204565688,19.674256464094327,20.797467897984312,0,-1.0
353,12.332049218664336,0.1590706860302796,0.7846760713192313,1.0099424799661778,-30.604518847750235,435.4279698354221,None,46.69301296100477,32.50235254006459,42.450860806698934,0,-1.0
354,8.175593633019343,0.14511686729418702,0.8605017439271662,1.0344146841550133,83.19346370852404,520.9248864311552,None,21.32169448758141,20.173383105554826,20.675656137395872,0,-1.0
355,33.9088675192842,0.16928174336576715,0.8874829318321811,0.9055092370397432,72.26745319813483,354.9208038453534,None,39.841501386770155,19.674210603446586,23.736146234460033,0,-1.0
356,6.193008974372981,0.1737894097784928,0.8479957960813077,1.0020438024441203,-41.33101764408186,533.9106650028414,Partial MLI Loss,31.45655619592647,23.878253073830347,31.346478249889397,0,-1.0
357,31.35990115730585,0.12544784369726014,0.791948665321873,0.8636675315031082,54.63751982875698,471.75401012905985,Heater Stuck ON,57.57665906770643,41.21560211097297,43.710010130366186,0,-1.0
358,47.31036086412309,0.16194800139699717,0.8444810494182107,0.8378593519340346,89.20875632463108,553.2955368211153,None,43.83210341899029,20.506266209800753,21.20611721801882,0,-1.0
359,30.896338004414552,0.16402345484621797,0.8651526152167206,1.0373554527742885,-44.52065960916918,588.659413001617,None,53.6811533870626,32.4779439677297,42.347906272549324,0,-1.0
360,22.467646679293487,0.14404872993280016,0.7967138420118987,0.9623399867887243,-11.380109521802453,581.4471373736421,None,61.943614653586714,40.41594815663817,51.289693145531295,0,-1.0
361,33.947969829905894,0.1775141362662324,0.8564169394319381,1.0204340140464254,3.6325325820167365,577.3162608638352,None,67.07726982351632,39.726933002629636,52.10472857406542,0,-1.0
362,25.62138007211825,0.14699888825934945,0.7910477079465498,0.9982121024955174,-36.91239555530442,478.0424889834718,None,57.27558518530471,34.93831897266105,46.714368705490315,0,-1.0
363,29.552755519217072,0.15251152906943083,0.8537632415934244,0.9069753517034855,-87.25232886371464,440.0355285347345,None,31.70422310191607,20.743023699685672,20.589011008109818,0,-1.0
364,47.36591639494363,0.1465385635143226,0.8661914397424291,0.9954847941338189,-50.3767360444452,466.2588311826682,None,68.0775195874177,36.8497205034923,47.74278512578193,0,-1.0
365,22.37461870103484,0.15031158095162936,0.8119398305362233,0.8839894679479595,-39.25136081848348,522.4740008283402,Sensor Noise 10x,54.271737669043596,29.46618941187601,45.300255437124974,0,-1.0
366,48.25357537207614,0.12807449826209596,0.8958562399818928,1.149235841437475,-10.152053762726311,570.9994442177967,Radiator Degradation,92.09827870050773,59.01980545842717,72.23250158720515,1,910.0
367,45.74077888802287,0.1211989823481141,0.70968329924813,0.8731944288449037,-59.201553885587664,401.7465757500299,None,71.95201029949149,38.609246531759084,48.34676684589313,0,-1.0
368,13.81060106551834,0.18189010126449945,0.8694342085067761,0.9806118875604384,67.18578420450106,579.5482896154258,None,24.502764023821914,19.857593397289165,19.396653736624337,0,-1.0
369,8.121258539382445,0.13306077303363345,0.8471148683669006,0.9010205994102127,36.8840038916405,553.7950579924723,None,41.53319401153599,29.637777443943214,39.429957936221435,0,-1.0
370,9.535010061984199,0.13017215301087384,0.8918160879800014,1.0587003990970312,-74.66391403926085,594.7140037945587,None,22.29088422512751,19.92059454124988,20.853916141703337,0,-1.0
371,5.819982154319738,0.1069321977279257,0.8962455933711613,0.9674000788093448,27.016641205187653,570.0629433204218,None,45.23618884008249,34.04540115964752,46.351836389707614,0,-1.0
372,9.249933234016778,0.13722076504620995,0.8898299837233625,0.9494554474361911,27.658165753011673,419.98433242297665,None,44.7527503401601,31.127314566355547,41.85803542050642,0,-1.0
373,35.73530480373606,0.12353820413185003,0.9080842176517061,1.0890656801742515,82.119811255853,376.48897783601194,None,34.93823206503342,20.055007038975322,21.763058966155437,0,-1.0
374,8.203489180710305,0.18284030320272737,0.7842374699256802,1.0029473942181144,-89.45624315589097,378.06026799789714,None,21.141374309894644,20.005272758566,20.871706429317243,0,-1.0
375,19.35390336321926,0.17019634178685267,0.8252754660612999,1.0530223358850588,-45.372159034954706,422.80582964456903,None,43.58898170832988,28.64718618896092,36.79381709974952,0,-1.0
376,43.019388993625455,0.13623699309644552,0.8258321419112788,0.9065286958344999,77.00246628755679,503.5459309961348,None,49.753905000559776,23.842190416349506,29.60403097753179,0,-1.0
377,6.047237108112164,0.19504871610688618,0.9261583269293454,0.8689395712537034,77.78410477169095,551.0800815242931,None,20.424503591375657,19.615973254708205,21.075403655296117,0,-1.0
378,41.65108171650211,0.16963530973983187,0.8878899020696666,1.0107784698578703,39.70555548671473,574.8125767453912,None,65.45783033204748,35.920335529247374,47.133507396375606,0,-1.0
379,17.683464864802996,0.14350337232982754,0.7758811200679898,0.9686183197540246,47.83739778855718,505.93834609230817,Radiator Degradation,48.82206066463835,32.6779068392698,42.57823233978679,0,-1.0
380,10.317417242974532,0.10001188570252853,0.8855278115856118,1.064647189961307,-73.53306757266353,351.4078281870134,None,24.65866580897938,21.69013138179234,22.099699261461264,0,-1.0
381,36.353172441386775,0.19581885145181482,0.8668389452297129,0.9920409966666783,2.497650260082054,396.5791941296334,Heater Stuck ON,66.94199622494887,45.185036816769944,50.40075746408273,0,-1.0
382,33.302428105094776,0.12220855066472808,0.8585449536303418,1.0207192582349944,-48.31506156798011,374.931550963342,None,60.77431786438084,36.82362289635866,46.443953478445245,0,-1.0
383,44.48624060871738,0.11709202506086216,0.7733366520686533,0.8501535889026381,-57.38075214954889,440.8311188922525,None,70.87980152300277,37.11836652722445,47.724953713986544,0,-1.0
384,38.07819697117486,0.17045140864019281,0.7978452641172782,1.207852143143588,55.85459384219985,475.3377484084365,None,53.07084034184422,31.63272674255817,38.99513432508865,0,-1.0
385,41.156641867318186,0.19879504812678545,0.9235974277913905,0.9837099432507229,-65.69313539750146,360.8492946446402,None,45.51796270183991,22.906350312407476,27.473165334587236,0,-1.0
386,17.69155576570879,0.17768545637021035,0.9398695415111287,1.0722494130709554,-5.642705340650664,437.1194939489138,None,50.60275026289409,34.59248249619257,44.47194974367652,0,-1.0
387,12.984779470087528,0.1612781824010472,0.8520661123487784,0.919790670381948,78.94408312548595,394.79491865633065,None,23.338260061468247,20.34044356467197,20.643095378526315,0,-1.0
388,38.77766382383862,0.16189508683330572,0.8826456235374478,1.0312802486096908,-56.55022999823834,511.7675415647185,None,53.663784272045646,30.38655369496941,37.5406928353854,0,-1.0
389,41.30756326702688,0.16706831117560614,0.8681889467097212,0.8778456690626041,86.03881627288223,466.068092331085,None,37.56759834593311,20.176925345389215,20.7080091672562,0,-1.0
390,49.5727313900303,0.1651785717957353,0.83590304763389,1.0462441839170393,88.97183743699063,473.8294117334772,None,40.082205009733265,20.23019615366712,20.73867766505968,0,-1.0
391,23.567795461014192,0.15562382847938752,0.8532657979102866,0.9650287277100064,10.011087842832524,456.92294700836527,None,60.24070601292448,36.74822000347433,49.7834241399947,0,-1.0
392,21.740813860675242,0.1520840220790375,0.7889643028652997,1.0029233149696515,-59.37430676811158,589.0049276216417,None,41.16488160156405,25.765566651454197,31.561376634817858,0,-1.0
393,39.938583233389856,0.14874813744200954,0.916184515566711,1.0722909163375238,-33.10112017063879,403.6837812803908,None,67.06570353812592,39.36043023135889,51.28297658424425,0,-1.0
394,20.336159311385803,0.13492070822266647,0.765564623474992,0.8840390605996039,-13.591290118223668,479.1660649609686,None,61.36128398062779,38.731103717939874,52.5558189312538,0,-1.0
395,46.88407965216041,0.14438649846266452,0.9379412972413401,0.933840923172688,-34.32163961551987,534.004342091334,None,75.73741572716622,40.30227629421502,52.64649277720884,0,-1.0
396,43.62857383293553,0.11614086371609228,0.7147232617248658,1.0467942807555963,-39.48559562222716,489.2111032836407,None,78.29706800780885,48.34403011956784,59.98833379755688,0,-1.0
397,24.304731231875827,0.148033207464105,0.9295400974507011,1.2334586666840723,85.00134765894435,582.2552214292002,None,26.688709984812004,19.427817827840972,20.19654438552534,0,-1.0
398,38.78919805061738,0.13022817785698165,0.8237273758087729,0.9862866629036986,-62.39433106516579,444.49208891032106,None,56.5696499860206,30.862376578401193,40.01282263653638,0,-1.0
399,38.95442933381071,0.12792821365568458,0.7394203261903161,1.0608957641628973,41.99902356903522,465.91895144329453,None,70.53231863827423,42.60769174949059,54.30751047301472,0,-1.0
400,9.640574097616968,0.15359788302306956,0.9093998390063551,0.9893598640248319,-89.92614790094852,372.1305788036821,None,22.417260895651175,20.40121346119079,21.398742464593404,0,-1.0
401,45.6148808005805,0.177840045726892,0.868836100859762,1.2143689503947808,17.312880492427837,502.24977776298215,None,72.78581202997839,45.79878376577254,55.33222425441605,0,-1.0
402,27.736356760153573,0.16836633212004626,0.8707813051673473,0.8396902822888213,74.86974071172943,422.0529921120265,None,33.266011034924475,19.973832368143366,20.232607487067284,0,-1.0
403,42.190585974848375,0.11858998792753644,0.88612945469011,1.009507011704645,-38.17186306322058,390.0772598788922,None,74.27553990884101,43.727376262328804,55.25199663295992,0,-1.0
404,19.402232046377527,0.13020743726859324,0.8612239131454598,0.8499698477551448,-56.60532445361055,486.132823226127,None,41.73274197256696,25.261831086955848,33.374006568568724,0,-1.0
405,45.29854528232902,0.16881542375976433,0.7841481979628171,0.7782891567712328,27.302363078116855,483.07756584497764,None,80.45228936392667,39.63476861219758,53.68124166972745,0,-1.0
406,22.51407554303734,0.1303502521292338,0.8414005953165036,1.0301930432502282,38.26825331371077,368.9679103060119,None,55.090941747712186,36.33504986162631,46.4160254163387,0,-1.0
407,5.487694316613426,0.1455073370000595,0.8548579192619465,1.0140475318019997,33.84549341135664,524.5538633736182,None,39.4210688227507,30.639903275847278,39.08428955985379,0,-1.0
408,45.74218893886687,0.16100104198049103,0.755762332198491,0.9719181423335926,-32.522961596152676,505.9430476627132,None,76.69044214201801,43.376372588415926,55.60334353226568,0,-1.0
409,9.10790045537601,0.13063311090272728,0.8872105269605002,0.9894367778535312,-44.60356761132044,397.2543206866243,None,38.446824027878634,28.99563696695647,36.4840976448766,0,-1.0
410,19.36911369156867,0.1521075101229192,0.8437662503163379,1.3631932744161241,82.06538399316796,467.358715538511,None,22.941040550577675,20.175154567445283,20.34495748134379,0,-1.0
411,47.75278851728622,0.1233194901016359,0.7157100433895012,0.9745129085379726,76.1939114885873,530.08072911964,None,57.45092646686479,30.661989891127856,36.14275342159929,0,-1.0
412,47.77732161219002,0.13797264712097573,0.869385871402715,1.052335980183628,-7.683010219292342,482.35893513531914,None,83.78237730424462,48.19992561034218,62.62430227402219,1,1140.0
413,30.804704965547874,0.15639563868285072,0.8412990976183393,0.9371269859550829,62.31489590778722,448.87226904589255,None,46.337527123388895,25.454802762148677,31.369077306557696,0,-1.0
414,33.43267454764097,0.1181401253293666,0.7871043737302628,1.0299633895710494,-8.581774025826718,430.5846145202359,None,75.76890332374242,47.81854587448177,62.260658944099546,1,1190.0
415,25.18004848902439,0.15880949475920797,0.8210456137556471,0.9764581687685925,-13.609976746948135,502.5984666610134,None,61.26402319119559,38.06669230709147,50.90250119773517,0,-1.0
416,18.194484726412902,0.14960724402146636,0.7711516245199571,0.9597793657551668,-61.782669432126966,584.7771745775601,Sensor Noise 10x,38.855753217814716,22.66776317951664,27.0665352082571,0,-1.0
417,19.789904541646216,0.16104979908834294,0.8068356273007549,1.1994820675159894,-13.246909831444896,517.9362101193708,None,56.79803452627347,39.89013682166445,50.71563930750726,0,-1.0
418,35.26333052346673,0.1544782826812932,0.7511272899825727,1.1249273955877523,6.735048947965254,368.68647590907887,None,73.44264250536644,45.8822443421973,59.00976916768566,0,-1.0
419,38.8568538246956,0.17728280859947687,0.8440015856125758,1.013768590614418,-85.94922106283644,465.17124337053343,None,35.08418000185153,19.602695057591216,21.435384078664296,0,-1.0
420,40.621056967663186,0.15250449005295813,0.8290025886836405,0.79419902050627,-10.05965906842684,572.7060328776569,None,79.36894792127154,40.88616907747997,56.33334448136818,0,-1.0
421,40.53281642575492,0.14141188917749492,0.7724335458304776,0.9645429446540859,50.64411931113605,373.61560645027174,None,66.04553016800122,37.282356361203675,47.952313210258986,0,-1.0
422,9.104274637191066,0.15244595006064568,0.9213088091167179,1.3103611109502318,32.408290147368575,597.2189280343858,Sensor Noise 10x,43.67620353396188,49.278791684988136,35.85292256825451,0,-1.0
423,27.248913711616165,0.16086596058072775,0.8087022301588624,0.9771978237140958,24.328257995508295,587.2673484113553,None,60.841188268956046,37.45275859617916,48.7613287147481,0,-1.0
424,7.590144200748993,0.15097720140651408,0.9292829729798564,1.1166372987602813,73.71997711869645,369.568620182469,None,21.781175473769714,20.45483664164062,20.63463193779219,0,-1.0
425,29.7287997045681,0.15081183382407765,0.8262462933321989,1.1551084552275246,-86.7542382314586,583.3533301123887,None,28.94609078850012,19.25575198184759,20.28691027669053,0,-1.0
426,24.868872561801965,0.1359601662438649,0.9112045860147211,1.022137876899349,10.268565514602145,440.78314756486554,Partial MLI Loss,59.6997124858398,37.55968313916609,49.22489453091895,0,-1.0
427,44.94668822412349,0.13674198164898102,0.9038482887992194,0.9192637848214704,51.72279271374728,561.1772917689657,None,67.72662324448449,36.08799108355969,45.96512088338744,0,-1.0
428,20.79117556484354,0.12194789456400612,0.9153440498158358,0.7838549933671788,7.4403688862281,454.59583442831786,None,61.321386982507846,37.402458018624294,50.74805293887992,0,-1.0
429,10.268015739242264,0.1849915348637388,0.8914328255968811,1.0708110166578417,-31.698800535531753,460.213778175629,None,38.765912270147794,28.69447665002073,36.352086289516706,0,-1.0
430,11.434625692377614,0.1251227352921743,0.8401447635874937,0.9217552001461292,-65.47489828344399,508.56077274438564,None,28.999873318182562,22.10927473240874,26.017929221750236,0,-1.0
431,39.26797842728625,0.13614189604408183,0.9055195702304373,1.017771105084627,69.76135292691444,543.6193548189958,None,46.662437267337744,25.808042342974865,31.38335931087574,0,-1.0
432,32.81981284923175,0.13563185468861605,0.9219563413508054,0.8825127577026122,-5.262769370231467,358.44728773706214,None,70.7483299985096,40.94750136361437,54.68337347657124,0,-1.0
433,9.550520425525562,0.1678984875388888,0.8630648042430118,0.9738249112780583,68.06073545742626,498.2889988817835,None,22.23290185540253,18.99252297738985,20.274588637538805,0,-1.0
434,8.784806275174883,0.14410100643415943,0.8531990872010451,1.0033775967584309,15.4533820379703,396.68324852434273,None,48.40596527756668,34.50594399346465,44.789671451426955,0,-1.0
435,36.543610915660395,0.17495484145347467,0.7924420030859783,1.0272233219685256,31.354580990700143,436.4873794658007,None,64.83257143247008,37.894289947395094,49.95966226119312,0,-1.0
436,8.274335286388709,0.13653018751512264,0.9105179473404665,0.8945072967329307,54.76700778812099,436.9921665388041,None,30.336769688392064,22.67987193344365,29.029875230323476,0,-1.0
437,41.98370266806603,0.15557988324447602,0.7052066120051201,1.1271486158134567,28.64799802802419,467.2650850552884,None,75.4169727323974,46.36501817552649,58.36415745500256,0,-1.0
438,36.780900222042334,0.13329305893480484,0.8437676269364536,0.9420570171539782,-18.35012867779122,433.5341029690434,Heater Stuck ON,75.29598178787661,51.902532008741964,58.34228237241108,1,1720.0
439,8.66069512888549,0.19290298255546776,0.8019299944620522,0.8458214902734975,2.4540091071571766,376.84027961266696,None,43.303130502019975,29.21746206694714,40.144881678048094,0,-1.0
440,8.817697133833637,0.12624803161940973,0.8765051669446198,0.9891568731442169,54.54819444165838,386.40718463136284,Partial MLI Loss,31.81460640313215,23.460820693258125,30.47703455648684,0,-1.0
441,49.3987810325529,0.15619641420454056,0.84016992238932,1.00344344598782,-22.74294665286284,358.35949639027444,Sensor Noise 10x,87.87329718191114,45.056555690725176,63.77895634668056,1,-1.0
442,21.842185809025416,0.16267553761864195,0.7942496612161687,1.0161885811667004,-20.138137781670522,467.5622713321886,None,57.52867896954544,36.85558325042714,49.057605771492334,0,-1.0
443,21.678896618010093,0.15827598194902995,0.8481086897361013,1.1459262252738076,-72.77577910955979,588.6119237132472,None,29.035459498451704,19.985358939940205,22.3256248824242,0,-1.0
444,41.575980526587614,0.14629424682244582,0.8434258281882494,0.976632466318503,74.62519833991459,378.91880591202914,None,45.64952678714881,24.016895385684744,28.8146048529542,0,-1.0
445,47.62618598227364,0.14740358600533146,0.7918467145414267,0.9881092974168864,-73.61346330982049,586.5661232507705,None,54.08870675331839,27.14215517839229,32.16371877577333,0,-1.0
446,49.37004787202919,0.15087622943958218,0.9232472329130098,0.8955489129709292,26.677651940740063,533.3403786830233,None,80.47076848607743,42.199458442171775,56.31473301770891,0,-1.0
447,38.902018336652375,0.1470599599674302,0.8881362613681187,1.085515891784853,-15.62499381549641,509.3747007335408,None,72.34106736603479,43.664221638833986,56.54170507106354,0,-1.0
448,21.93168134889121,0.16927758233589818,0.9214159712108789,1.018601803880514,-16.98850975402037,511.3194388308907,None,54.5045854340377,34.74497138425032,45.31455640435719,0,-1.0
449,8.757532251440095,0.19421046003182701,0.830252789965006,0.9588671218897236,32.3193305830831,556.6819120990706,None,37.55630371084072,27.13211052257011,35.83836023261404,0,-1.0
450,39.97161121673466,0.13885016429984331,0.8668218111235084,0.8265726462400125,-77.92312812662183,376.72996609495533,None,46.28035375386968,21.268985694863243,25.999847821667935,0,-1.0
451,30.128191238111228,0.12260394040841843,0.8773375717917273,1.1553937783500627,16.86704093125823,476.1885808913854,Sensor Noise 10x,61.40060565276114,46.84652231400026,58.97999675204621,0,-1.0
452,24.08999041611393,0.1482343590329749,0.7896806176634888,0.8844688386734301,48.965721475023855,524.2727845651896,None,50.232293914465124,29.94489794198336,38.8034347999951,0,-1.0
453,45.78594732926312,0.20159418675308638,0.9295424174991603,0.9425862980470373,59.07829641958696,496.7051112683909,Partial MLI Loss,52.07959798956803,24.396880487614084,30.617261779433058,0,-1.0
454,10.00388670377681,0.13392650864060537,0.8694203231836455,1.0364842434684747,-59.30452990912045,558.1947677558237,None,30.578464147216593,23.428583779485876,29.512253019233246,0,-1.0
455,27.168129693088662,0.18278233610888134,0.9025737951241347,0.8872257736091618,71.53542901407127,368.0679272528379,Partial MLI Loss,31.648574228995102,20.132727043547643,20.784847521833132,0,-1.0
456,5.510914014533858,0.18355401628152881,0.8753553333137647,0.8612667763048278,28.106296532539602,522.6752598747914,None,34.059189652805316,26.14326585684861,34.732376639287416,0,-1.0
457,26.08972888973568,0.1389282351658401,0.6979805224717328,0.8086454150857898,68.7338641477229,483.50693259617947,None,44.47777724588359,24.015173228164233,30.83586642154916,0,-1.0
458,7.5336474056826805,0.1613796615837055,0.9192818287319349,1.0747624874813542,-2.6494709201643047,444.79021599498583,None,44.72960504507081,32.613105975220726,43.991811511486766,0,-1.0
459,10.346806232063237,0.18256793246257075,0.8187472286941253,0.9469408724192282,7.566002117496367,435.0687455585077,None,46.168865720471494,32.38456199092013,42.31770152540477,0,-1.0
460,10.288681104969719,0.14241744518025026,0.9255952240276756,1.3400769118884162,75.4268898651608,505.20815819354823,Sensor Noise 10x,28.731643363758394,12.993142570352546,23.47389597111551,0,-1.0
461,34.21446359522286,0.14592839279795275,0.8700059885364069,0.9053483370115509,71.98371780384093,572.7488436610662,None,44.03778750086396,21.791040886770553,27.075602030809012,0,-1.0
462,38.57201956694405,0.1383663817210271,0.9160166494897373,0.9119728105525086,-9.331042793579641,474.0439815252788,Heater Stuck ON,75.75305401629532,51.161139654093084,58.2845672495049,1,1840.0
463,31.251594429372183,0.12970486538614265,0.9434399917751941,0.9450293469202362,-40.605726305577285,556.18079101923,None,60.04682499476893,35.70698946845131,46.320852913370715,0,-1.0
464,48.29776468135439,0.13701444909867985,0.8288209731492244,1.0246114479104134,-19.22932177843245,450.53909546099186,None,83.5889477233609,49.036973595562884,63.31887007387155,1,1180.0
465,21.86917607856668,0.12552119466475486,0.863997918681045,0.9540679974903608,-20.20242086464505,375.5986156982941,Radiator Degradation,68.76289794793068,43.84249513076125,57.72655127253114,0,-1.0
466,17.857043882683733,0.1506816693651845,0.8717277779252244,1.0631468338692514,-38.36396250309709,365.3764341146596,None,47.17745810876166,31.21395692722426,41.68818620988717,0,-1.0
467,44.086960768525714,0.13460053537882716,0.8728636268876626,0.9067768962544146,-41.65567122006602,362.8335928309194,None,73.72108192144277,39.648694300623184,51.373006970177606,0,-1.0
468,15.061812733375369,0.15467571823581494,0.7790075361627868,0.870960048393025,64.9913285663495,445.03753548941745,Heater Stuck ON,30.85086981230597,27.65505274778705,26.685105312859573,0,-1.0
469,48.345014274827506,0.11888208707592746,0.8833224766378142,0.8354193422218618,-77.4248542767609,434.3094377089605,Heater Stuck ON,58.87630793547104,36.148776387225034,33.99211490721536,0,-1.0
470,5.546951361041735,0.15661760464428914,0.8681060956389628,0.8006291548841767,31.97001277792694,529.4842559056424,Partial MLI Loss,34.25936962756759,25.298096413071733,33.55885746724087,0,-1.0
471,48.64454720184376,0.16667057923217848,0.8797895437354352,0.9495121980981381,-58.89239073783858,535.7053753962165,Heater Stuck ON,63.743806862432145,38.81512328594725,40.158167416540095,0,-1.0
472,6.9421960377759255,0.1101252871485709,0.921859370927705,0.9703504042330583,-27.988939189068617,362.71349220843496,None,46.34956400826152,33.82120364851727,44.67313451682948,0,-1.0
473,45.1014401164132,0.15748113139695144,0.8560082789300683,0.9388085546258008,-78.92225385572937,405.28081572225375,Radiator Degradation,50.484974503264255,24.570946101166108,29.602610076911056,0,-1.0
474,28.746549908883495,0.17455337984946584,0.8210424113720125,1.1324014783073892,-41.40474536601683,418.56546253972493,None,52.81923211424715,32.70162244383022,42.2879160662517,0,-1.0
475,49.68341582536851,0.12580717962617588,0.9463224455747455,1.1306616823589568,48.31579280110358,486.90299603570236,Partial MLI Loss,68.08122794236252,38.59407767423685,48.521717848993816,0,-1.0
476,8.320845413092949,0.18345144773675406,0.7364609905342777,0.9670739636150171,69.30275841850656,386.12880597673757,None,21.96430784407292,20.94687587110059,20.86087220311194,0,-1.0
477,29.923442798059437,0.1583803801873209,0.9122808538217673,0.8357781170776137,-50.12511265757393,383.4853048500001,None,51.86728547393588,27.92067180123458,36.0017319331931,0,-1.0
478,48.61861410285945,0.13589976288483183,0.882166502279061,0.9449053541852394,-6.5613889333940705,585.9472223019895,None,86.10742617929222,48.074988687890276,63.94241367041177,1,1190.0
479,28.539402987656697,0.14888461844684586,0.9201690394636795,0.941781354221901,-5.341671371302851,551.0507268244453,None,64.40073079869958,38.85163534313983,51.692955510697416,0,-1.0
480,33.32293871608681,0.16116653825043445,0.9148410979442754,0.9363991077400509,67.24355503675216,395.16372552279256,None,41.78765391642521,23.06831946719613,28.0978434694773,0,-1.0
481,36.308691004307775,0.15152010782824823,0.7995486096621689,0.932606532156669,47.30382951764497,451.64195197637275,Sensor Noise 10x,65.7851743579827,30.07949659470711,52.08486797344676,0,-1.0
482,25.454347914549796,0.16077511984892737,0.8835377989608726,0.9367430228645502,2.3538993062489766,438.9054998143914,Radiator Degradation,66.45265799794214,41.62198678770294,55.926108226540165,0,-1.0
483,33.24011360378286,0.13158652813841268,0.839541248072757,0.9620833770039955,30.734496084919215,547.7510185163518,None,68.12014872446505,40.09913491766594,53.07516602927401,0,-1.0
484,31.29414403653951,0.15338721648072157,0.7417503019795878,0.9384233399510703,62.52390970368603,477.5532291195305,None,49.09118138984315,27.874695121835455,35.64637265497692,0,-1.0
485,45.552110472094505,0.12172571006190039,0.8104819894682045,1.021050756886906,-88.2829882754019,381.9624342483668,None,41.76576235044348,21.690489120974163,22.04496787916312,0,-1.0
486,7.045087115365604,0.147775478773026,0.8778078748620501,1.0366940703454535,-17.479794410991246,534.7480157890609,None,44.794337242732695,33.37709984594445,43.14904736376165,0,-1.0
487,17.643343531650366,0.1319218471707042,0.9075249855819685,0.9129588151966607,73.30377010987416,449.22199455622973,None,28.077549383336454,20.455947699610373,21.37278916888371,0,-1.0
488,47.76851678344514,0.13528940114820467,0.886923535400396,1.135537983152537,43.25634555191124,415.73106190803674,Sensor Noise 10x,69.04060869413497,34.857479087253104,48.955816318621814,0,-1.0
489,45.06187027509124,0.17472186350420874,0.8174365633305792,0.9066432551819673,7.711447380133436,443.87465550518004,None,79.61729540194008,42.514190390047226,56.610605448529775,0,-1.0
490,25.504553875357082,0.17182620241188537,0.7844654801547499,0.8506282699745489,5.336014866324021,474.4391409017241,None,62.50983768196733,37.16279507639677,49.98693318719643,0,-1.0
491,32.90596690106915,0.16218276241814353,0.811816264043036,1.0388120567256218,-27.4013824312012,435.7788791042524,None,64.73192075594866,39.91580437110648,51.09208768011062,0,-1.0
492,17.48215323415097,0.12815374470654842,0.9043836628004134,0.921510770951953,3.693696055472614,410.47644314793945,None,57.54002946873686,38.02239446558584,50.47631720236615,0,-1.0
493,13.465452187569259,0.14367183100610395,0.9338111138318621,1.0326508605326112,27.96897590342158,449.6255072009951,None,46.847998467736616,33.42045179355377,42.69871141620551,0,-1.0
494,25.8664282222992,0.17426195399958366,0.9234897331059779,0.7863393316110816,-14.69465308281724,354.79322768747454,None,56.70174248489008,32.37552695794344,44.279742811236595,0,-1.0
495,20.900850261172376,0.15283433827279808,0.9077521793731138,1.1494063528166452,38.547566350591325,543.1244615240785,None,48.366054625086896,32.94936190089026,41.5413965349666,0,-1.0
496,31.264525033289242,0.1963865907996339,0.8647886291662233,1.0695407393824476,65.02180090686946,392.73622339189643,None,37.87561580451728,20.593934815464646,25.449916714387108,0,-1.0
497,8.498058663424317,0.15786635678788744,0.939186383232578,0.8606669604357969,-62.15672732672499,360.9761534076593,Heater Stuck ON,24.559244820708553,25.331019915004777,21.59900919641245,0,-1.0
498,48.847766344977494,0.15384098232980062,0.7757195909410834,0.8625365860352866,-8.7215358928636,513.4246732262698,None,87.24169574232613,46.29677371587647,62.0305729168344,1,1110.0
499,49.37948350158213,0.14381767071594997,0.8876132106217756,1.1820220698313872,-16.556383568685405,543.4840322059181,None,80.51399942406887,48.848293801034316,61.81591567028649,1,1160.0
500,36.417277130888536,0.15267081809564564,0.9045920533849454,0.928915046665947,33.74366472895106,553.4572828982108,None,65.71888321032404,36.50953495819506,48.15310482157424,0,-1.0
501,29.12433648548542,0.14695060327238912,0.7791748731120035,0.9199660747660418,-45.02385625357272,473.37729566515,Sensor Noise 10x,55.29062362342106,35.48047814815694,44.242038042390554,0,-1.0
502,18.92874273288475,0.1641621735337718,0.8647254425049717,0.7972354612240888,25.245164691409727,401.34204617249634,None,51.69078269320753,30.360069193718022,41.97716578250437,0,-1.0
503,41.62077588681269,0.16913404633589169,0.8494212467566098,0.9655302752269806,67.94806351166784,534.3069193124567,Sensor Noise 10x,53.35062422312554,20.862449438143056,37.87183672115607,0,-1.0
504,35.812902764924566,0.134280210789841,0.8592320010480654,0.9774853626717551,-14.736312037147911,524.9282692885843,None,73.08231192380119,44.18046904003862,57.10968825789434,0,-1.0
505,12.31776227052011,0.12337534092884443,0.8030201526567713,1.0741711164261802,73.9828259962596,411.5676835257933,None,25.23805649520886,19.612213664544004,21.49411614814298,0,-1.0
506,45.99172330222291,0.11327589253793406,0.9283606028014504,0.8694383566953593,88.76947300802613,575.8519389656983,None,45.01657682578948,19.389647647445454,22.075046174677894,0,-1.0
507,42.0141759315426,0.16015982653825087,0.8641389310723389,0.858963645977009,-70.90343100936863,376.0928645207072,None,51.40348089606774,22.909238774020345,29.83005240354341,0,-1.0
508,47.740996098136584,0.12793266787652252,0.8210645300503432,1.0461285590349745,-48.050426162725444,595.6720598978314,None,73.35218994514926,42.6218711864874,52.22140357328863,0,-1.0
509,37.6573778774762,0.10694218814095033,0.8398982701049957,1.1059149563187556,81.06835526677676,565.0619527443662,None,40.25858185497174,23.038194249744272,26.875197296566803,0,-1.0
510,32.60368381711054,0.1577715720906193,0.8669546971049851,0.8546055725745669,82.49898356664963,521.9746613697688,Heater Stuck ON,34.78454407594821,23.60501339385154,20.60375659352556,0,-1.0
511,23.82093663307785,0.1998599903486558,0.9065224063088329,1.1142164345995014,-72.41269043038346,584.6874720699582,Sensor Noise 10x,27.797522960240265,21.468141709283298,17.020256448419318,0,-1.0
512,46.972781750930594,0.14987858176920213,0.9030634215803457,1.0037612399247913,-87.3002699321154,530.5777920809269,None,41.01787073130799,20.24080664415917,20.27620436668416,0,-1.0
513,43.97287502751838,0.16676981548903283,0.9126345225195969,1.1153636931320658,-61.00199581384399,397.61424925751146,None,53.11623586756568,28.205850812968574,35.99461964607078,0,-1.0
514,7.034840154778523,0.1516365871709513,0.9406230784496217,0.9930025607370082,89.2823010088047,460.53903452820293,None,21.745282570169994,19.59300313801396,21.119720849878362,0,-1.0
515,6.18651385237634,0.14802220693617715,0.8971961570139442,0.7770677082945461,-57.60006901007637,367.8757560829088,None,25.4607662680941,20.772701096868374,25.96298911073049,0,-1.0
516,21.940851509512232,0.16838152965975536,0.9307260971561124,0.9849181494857209,0.4585692099641676,447.41435557202885,None,55.48845833220073,34.79905834921745,46.350486721172025,0,-1.0
517,41.47489988518248,0.14419450911622697,0.8476479331551214,1.1118378666960118,62.715190757491996,535.4007549343022,Heater Stuck ON,54.49658645541541,37.65328134511141,38.94944604108185,0,-1.0
518,49.4274258191725,0.15534784628143805,0.8511159465000271,0.9145029348572913,-86.32771007612286,446.61083773270434,Partial MLI Loss,44.483479996619444,20.417825463126526,21.04007866179704,0,-1.0
519,11.768760099658769,0.15643395612392028,0.8642690292894217,0.9619464483220959,18.8080168065227,432.57354386703355,None,48.27480243162171,32.83650480215783,45.21265183416871,0,-1.0
520,31.73588219084608,0.13663819092713902,0.8960652385358466,0.9825408579976912,-40.13541920346762,498.83893062757795,Radiator Degradation,63.255942748353704,39.167105057349154,50.07663867269881,0,-1.0
521,22.14008854839597,0.16984084699073046,0.8068991750589777,0.7482999430610889,65.22028495915168,568.0511322497238,None,36.60346033987765,20.705001193112366,26.199282583556048,0,-1.0
522,48.646147901657145,0.14650080486609182,0.9014666240258329,1.1819135263410396,-38.97699313246575,361.89579813652813,None,71.5837318416092,43.077389709452845,53.87242912949136,0,-1.0
523,42.89535154110689,0.1348850968101431,0.839645268778995,0.9138054662429856,33.6160296507436,446.3676086749339,None,76.02613968517844,41.8528508749121,55.02634775674344,0,-1.0
524,42.724791712001206,0.16073019687140808,0.8468289577226384,1.0518742187562622,31.35953384053144,389.5601854538157,None,71.29081958898995,41.09798129965118,53.21260557688825,0,-1.0
525,26.09119219077366,0.13203064036417925,0.8346356136923945,0.9913673634319319,-50.131161205264796,523.8385626829674,None,52.60082682973176,32.82517468907711,40.9094231957681,0,-1.0
526,23.666877605194934,0.15056362314738256,0.8229128916923819,1.1340121342395661,-83.73614402369698,376.43114010778373,None,26.96740043600254,19.75660414945472,21.145682444812223,0,-1.0
527,17.30331823688178,0.14981762006711594,0.8494448453615446,1.0414412928453225,-16.335076718628486,516.2019396450612,None,55.386292475799436,37.37478446336633,48.44646997076515,0,-1.0
528,7.536897349291721,0.17171791131663156,0.8771981338953267,0.9767813716575973,-37.94523264614345,421.54521769947684,None,35.288166248776776,26.80759189966049,33.627266463668235,0,-1.0
529,43.912506931477395,0.15949396465759905,0.7026718131175033,0.9145240534032232,55.61599493046754,399.72920343430616,Partial MLI Loss,64.0984570252185,32.82215894924563,43.04764950464088,0,-1.0
530,41.58054541085349,0.1494994608250971,0.8707759754100055,1.0830542619545753,54.06555392196216,584.0881394562464,None,59.04993010656593,33.49588923979178,41.95940556094065,0,-1.0
531,49.987295297875875,0.16635532598400574,0.9222556876889667,0.8291583486924946,-7.735688605327411,354.631144186489,None,83.71100345263847,41.920357859757665,56.910124898903995,0,-1.0
532,49.84865766832574,0.17780415098034627,0.8261827039647194,1.066720556977301,19.172200558179398,459.44431797239224,None,78.95257991984234,45.297477975094345,58.76220578953578,0,-1.0
533,29.994426752118237,0.16115620612703724,0.9171878004807341,0.8959197138003832,18.766712877646526,355.40674811544847,None,62.44542860091534,35.85457893388732,47.692235376503234,0,-1.0
534,39.60443368312297,0.1502070523968676,0.8912328870225035,1.133407255417905,58.888466716972204,470.89826202608225,None,53.633583698553316,31.249903711365345,37.57725411136926,0,-1.0
535,47.51445784470926,0.1237632753529968,0.9209247850672739,1.0162607442444611,-13.499565457824446,475.26184444860456,Sensor Noise 10x,87.4327398718823,55.233392176383845,64.29351018805521,1,1150.0
536,43.23413258048352,0.12869772673849256,0.8178213420620256,1.0665321211768577,-40.419597637708364,430.41561784868674,None,73.28720551903027,43.596708205331694,54.28648664505427,0,-1.0
537,16.130664578443895,0.14389550591290665,0.8687512316664718,1.0082325842560882,-42.29371473470145,383.0404443812559,Heater Stuck ON,46.057889242506164,37.99878095730096,40.409596155887,0,-1.0
538,25.27448608895421,0.13780975595681433,0.7778917743615958,0.8392574975639143,6.5146102707967515,444.0968844336188,None,66.16466288395085,39.53048183519521,53.58333349258785,0,-1.0
539,10.812173681817274,0.14626057394029107,0.8343774396024461,0.9175273260469028,-9.153323508201737,518.0657349831415,None,50.33279931084112,35.1948440717333,46.72229634677451,0,-1.0
540,47.93229622664251,0.15113299849794215,0.9096045317694137,1.0695509994900874,-10.778261222711492,545.5989521611148,Sensor Noise 10x,84.77484361130328,42.091317441803355,60.514280307896165,1,-1.0
541,32.2778585502896,0.1605938550871346,0.7577015755178957,1.0168052272224737,-73.5952789638527,482.6876505970356,Radiator Degradation,42.714938759916244,24.401053036491703,30.18502670313031,0,-1.0
542,15.288926247655823,0.14859002443881816,0.8770068303677729,1.12535550539233,39.34867332423522,497.4585986099389,Partial MLI Loss,42.45122779000025,29.921132963738156,38.20528333219176,0,-1.0
543,35.22653079826355,0.15973003287652404,0.7945192250441573,1.0411516500493023,-51.52739616325607,400.1540927811632,None,56.169661797081616,33.52635452469423,41.638555165406615,0,-1.0
544,32.81577082060531,0.1512894882962024,0.7564095088769545,0.9078553773886835,-54.548346562430154,421.8325833069124,Heater Stuck ON,57.860210605983994,39.52773275769972,40.88976493850242,0,-1.0
545,21.11732231147782,0.11049066867292257,0.9058790981808982,0.9234797437767696,-15.703502350069172,390.4739025130896,Radiator Degradation,66.0034314403201,42.96937681646143,56.84376331804475,0,-1.0
546,10.110091648983307,0.1312132921236249,0.890656301563922,1.0103448811504234,-48.999898508795745,412.32383750115287,Radiator Degradation,42.240619272315506,31.06590934909558,40.32596307268732,0,-1.0
547,35.22079380167598,0.14711824888556768,0.7760691963782718,0.7934185374536814,15.094488115442772,406.22169505638294,None,74.76697317768799,40.06354921566254,55.59527602057927,0,-1.0
548,28.413846540670697,0.12580610514317783,0.8037557314587078,1.182161081616672,-23.136598919795134,479.86219659780943,None,66.32583056971141,45.238245593665205,56.363738143712176,0,-1.0
549,39.754327628103766,0.1619985745999241,0.8825596720336579,1.0451649017003564,-9.195889933297778,490.67218894768234,Heater Stuck ON,74.12569162446499,49.55875086686807,56.336554892429916,0,-1.0
550,28.407357550039702,0.18061501664687393,0.9030186267352428,1.1305491178654576,6.690477888725198,586.2368552053761,None,60.075366801749986,37.3566257454693,49.28569382899077,0,-1.0
551,43.34816751433431,0.17437523703394633,0.8027298450914603,0.8537982160528124,-53.363605953275126,398.89266177538076,None,64.38562324483141,30.758729518514237,41.50304878879873,0,-1.0
552,29.83580774485185,0.14573114258139583,0.8995069162507336,1.1325327723746619,-61.964707884204635,510.41892754037394,None,43.28758566282718,26.794145217460994,31.87566225993601,0,-1.0
553,30.242208719092382,0.17981452273699905,0.8857470855824583,1.2500079247608271,68.47594251724885,554.3148172468807,None,33.57761764895088,21.368192160257145,24.712060656795536,0,-1.0
554,44.44941211962553,0.15297334914404223,0.8540917642015827,0.8762640245772563,-11.92973349034422,490.0603659457631,None,80.88254882460713,43.5446525046484,57.55504658642624,0,-1.0
555,23.156728979557865,0.1432582805776392,0.9181991703537689,1.08019348675252,-15.823150266142946,413.75091312526894,None,59.13052097705286,38.91317748001812,50.07941052765664,0,-1.0
556,11.030685280278833,0.1377319467291812,0.8115790928047117,1.0001110006288432,-83.58981295088853,415.6375575050001,Sensor Noise 10x,31.954172740427474,22.372948234110943,14.79869424210585,0,-1.0
557,6.295220434100254,0.14395060627023742,0.8445094629582919,0.8568920038597392,-0.36426553426922226,359.81326326774996,None,45.86933035732872,32.15207280018077,44.87943930126894,0,-1.0
558,38.98117650531285,0.1422364636291754,0.839701110984473,1.0505232750121618,9.750549889980022,426.36105663712044,None,76.42115703557533,45.56578944576955,59.901994830310954,0,-1.0
559,32.91392981090591,0.15340832444750974,0.8666878171518817,1.0869333823600884,10.591356771839969,536.150919750845,None,68.08636454187807,42.74872377945859,55.78793567011033,0,-1.0
560,36.68358956446506,0.1532114796209973,0.8439329315330212,0.9416584448252162,37.265610478119186,361.8794393017776,None,65.45821376163056,36.68855082149703,48.21583731842336,0,-1.0
561,14.583387267900983,0.1500609204030683,0.7780692165281899,1.1236604915079675,-58.05326970161788,404.82382062620763,None,34.943606006670166,25.377162382137346,31.522482355389183,0,-1.0
562,11.13671640140464,0.15873876339492698,0.8727594103357689,0.8464735360556449,-44.599835838488616,526.5581246329455,None,36.868294329919756,25.766408680792104,33.23796757405795,0,-1.0
563,5.654509955054687,0.17381292549572683,0.9332430700079573,0.8611594374422851,55.931483741474295,545.6628907057192,None,23.494368433212003,19.871690819011743,24.2875040504663,0,-1.0
564,20.776440146296864,0.16899108270882646,0.8782338040155033,1.013753460047576,80.49071103181092,463.8296025154821,Heater Stuck ON,26.481599964278313,21.07933171520721,20.15746328119677,0,-1.0
565,31.54629590845849,0.12030204063100192,0.8915979380491488,1.0025417525870781,-65.53210547388228,524.5185846196622,None,47.139481386166686,27.11695151635309,34.35715868165752,0,-1.0
566,22.650982029487956,0.0989215773019609,0.8662703716395366,0.9308497979327985,-0.42308018906072675,446.988042163723,None,68.61306594531696,44.22227625497231,58.08886511771566,0,-1.0
567,24.686371491067806,0.16868639822478548,0.9255718513674549,1.0843269192756686,-51.44827450687437,389.9783112560319,None,42.19092965255417,27.49378777054437,34.413565045658444,0,-1.0
568,45.68714125221868,0.12266242603169157,0.9280627176648151,1.0545239484782696,-79.18682969610316,449.53737338072665,None,47.48720112464921,23.137539463561765,28.111051933360148,0,-1.0
569,20.671496016048515,0.14550469196214633,0.8686178941168821,1.0896035419470016,-31.409399137295622,494.9919550507857,None,53.03840169530051,36.118251467720086,46.877028886103844,0,-1.0
570,28.129527012191485,0.1265977394788128,0.8615368703958217,0.9877618591511976,-64.1362274668417,587.0133204632226,Sensor Noise 10x,49.031965622068995,26.59523042091188,31.458786699136255,0,-1.0
571,40.26438557335144,0.1139603912483996,0.8802169080482187,1.062110564179714,37.78795321816433,367.18773802216936,None,72.79162224548746,43.47915747469867,56.05609863888018,0,-1.0
572,22.844425204457156,0.16082925456409575,0.7877182283586498,0.9564134022179304,6.070574460860001,476.8485234612401,None,60.37421293083928,38.738090143049455,51.139273328153045,0,-1.0
573,32.993901510254304,0.16518310320605292,0.8158967496528318,1.2279939082555043,-64.10979522174404,432.2299445526811,None,42.65744725992852,25.801984521672708,31.593541227234994,0,-1.0
574,43.80636689360353,0.1384697919854656,0.9171530333971285,0.9219589520108713,-88.33651408700742,477.07792356917366,None,40.246251631325,20.526122150075842,21.22517780683497,0,-1.0
575,47.72842806459389,0.0981791541571018,0.8786105729224295,1.2343317653390522,55.46826882435829,355.99386184413294,Partial MLI Loss,67.75890807797724,42.83585924918403,49.78637432077475,0,-1.0
576,11.618306641806708,0.13907511103495035,0.8350826559842988,1.003494887636799,-58.28500689043544,428.25633867539534,None,32.64109068742899,23.182792270689802,30.343629745026536,0,-1.0
577,46.69644313226725,0.15783608010805092,0.8716471018672631,0.8714898253537049,19.11899559973787,554.9670368817513,None,81.29620955176985,41.8256035749971,56.72457914549808,0,-1.0
578,27.14523318857922,0.12042176862451742,0.8039787121939588,1.146607904179373,-29.3540556461858,488.4854334636594,None,65.25786119550008,43.443099234381556,55.30507802134897,0,-1.0
579,16.620997473453127,0.1536671983955831,0.857065039750111,1.0126697283008836,15.387468896706409,462.64562320402933,None,53.41782851029994,35.31494369817791,47.92299904714791,0,-1.0
580,25.661109030721757,0.1496938030165401,0.7997437530185365,1.0888394560862769,-33.18234714318167,421.3812679288349,None,58.605159562072934,37.97807050380014,47.90509492340166,0,-1.0
581,49.101465887846466,0.16158582999202176,0.8669622606760892,1.130189809756606,-74.35087907539425,424.51063069783896,None,48.114745722725296,24.026073720109157,29.84124297255064,0,-1.0
582,27.16781422967913,0.15239160736828306,0.8624478007522189,1.0343731131271308,-49.868998459604356,445.77535839764613,None,50.02618869242035,30.55411966746324,39.27059635046002,0,-1.0
583,19.793822462937868,0.1305386211823689,0.9097121485442456,0.9424955468664352,-56.14945803376639,558.8926774911401,None,40.83051480974851,26.397744035280937,32.96428669256887,0,-1.0
584,33.50303844425266,0.1739314300332898,0.9113026333816072,1.102490087938995,-12.956516560864102,591.8033017020671,None,63.5201302824563,39.61159609443636,50.70599345745638,0,-1.0
585,15.806552845018688,0.14682940853946058,0.9191316642618339,1.000075553599489,28.49108101670832,459.6638453375936,None,49.301826048647506,33.13639495756576,44.56014574433964,0,-1.0
586,8.413849764889877,0.14945390920980137,0.8373709149278125,1.070992492739603,-42.51490650965564,448.33820968694044,Partial MLI Loss,35.76152983525866,26.324273603643565,34.23289849890138,0,-1.0
587,10.799587485979215,0.13133464081853607,0.8945396127796499,0.8062406100584184,-87.82741164588877,561.6376939549657,None,22.55798914758637,20.492948225846877,20.91139230305985,0,-1.0
588,10.762062753099759,0.14113435497616977,0.8806223893805658,1.0457121867409827,3.408725567656248,456.7263301590759,Sensor Noise 10x,57.91209395603038,43.41266003234212,43.51867180686068,0,-1.0
589,11.835621208053245,0.13230394571946197,0.8689662794248249,0.9381376592191254,19.036708084614972,488.0045430739128,Radiator Degradation,57.0074762698889,39.48031422170518,52.73489754880898,0,-1.0
590,11.247222769223455,0.14654107880153153,0.8067649215504193,1.179783519643478,83.31668892032573,407.7354161496861,Partial MLI Loss,22.27919811844628,19.751289740796715,19.84105476827631,0,-1.0
591,33.83936351614466,0.18423416960284686,0.8506418587045667,1.0642908776300994,16.104744556784425,535.8756339447688,None,64.18490940963517,38.12475083131688,50.675830224386154,0,-1.0
592,13.184603797961516,0.12256197714137287,0.8993361104183726,1.0242757470393355,-5.188939311934462,482.99707956769544,None,54.6673510046976,39.418777572266144,50.49098715564212,0,-1.0
593,20.555027749573846,0.11772877204246518,0.9432383341563353,1.0498328902232223,13.212292661586687,552.2586375600854,None,60.52367494047908,41.05728101291944,52.43474113615915,0,-1.0
594,45.35547844577053,0.17942340654987216,0.860955237618172,0.9049785065002942,77.02211337516488,545.1831825071674,None,46.143461827032255,21.131463314961163,23.617973632186796,0,-1.0
595,26.328273811829256,0.14581352645696266,0.9137358786939568,1.1762432449748557,59.10806620829632,403.75119206750713,None,41.78815469188495,26.890960321498852,33.285477814168985,0,-1.0
596,35.04009823344622,0.13661854522680167,0.887474969225663,1.2203491933419934,-31.86382799451456,528.9088876394405,None,64.76532007929728,41.615471455725356,53.293805742471825,0,-1.0
597,12.754394204073343,0.17079809374792151,0.8841398368232571,1.0400734660123139,-47.29421454171529,550.0136019878429,Partial MLI Loss,33.709970319555005,24.201775563166017,30.23674326302886,0,-1.0
598,13.653005846390185,0.1378876892052627,0.8290263857907221,1.1723852595107063,-42.725949774106745,436.5268101955988,None,43.943655835630494,32.327188884052184,40.80105964106171,0,-1.0
599,6.839087731991549,0.18652019427093872,0.8315318718420441,0.9446745334416653,0.7957871487383414,393.15227822556864,None,41.789672051794575,31.624037846941743,41.230189194261904,0,-1.0
600,12.602077838247403,0.16355851742678537,0.854746141520121,0.9233828362651031,43.928901221144,350.65803889489706,None,37.91350547465758,26.856742602410606,34.00734879958767,0,-1.0
601,17.536565256438138,0.14024177183708594,0.8733082685301927,1.004100860483583,0.5794572929331707,462.72591327328706,None,57.396087911415655,38.76478338868748,50.095540156852735,0,-1.0
602,12.965471792453606,0.19314616426531006,0.8057310623346648,1.0444538360235884,-77.79664875093974,438.1081828847104,None,23.405202195019044,20.209582978330598,21.045411668636106,0,-1.0
603,8.991614019067502,0.13788570153993324,0.8219662009356469,0.9613673662134768,40.24452607919656,488.7274584563522,None,41.897919812868025,29.616059622572003,38.49979282101624,0,-1.0
604,10.428614199527036,0.16484190744018612,0.9413005228936475,1.0552490643697319,55.074623160771694,397.0102731471965,None,28.35921804733423,21.4550393087942,26.522182534693076,0,-1.0
605,25.73504456147266,0.15598585160812983,0.9246942794219272,1.0311131514195508,-37.89038427845046,564.9163869166188,None,52.54277801887503,32.74287793307831,42.72315676731177,0,-1.0
606,14.285017328260663,0.17603482578797597,0.7451482772170965,0.9049906403149606,29.542633071003067,414.4388039070274,Heater Stuck ON,47.97557437609906,39.64746073986794,42.571725425650584,0,-1.0
607,21.392143747163395,0.18123022393453705,0.7953112875070172,1.0532486095720819,-13.213457810209192,406.6074012719125,None,57.35164264936033,36.96137983020913,47.60662220743904,0,-1.0
608,27.65377718846856,0.15064008298131532,0.8218988626790309,1.0901909062481265,70.0414840309397,470.178514121089,Partial MLI Loss,34.804738354769356,21.716304967791725,25.31990957131604,0,-1.0
609,36.067767288321434,0.13493164259307633,0.8861949465618825,1.0172947842567317,62.14060046893317,474.71275593606856,None,50.9699132383519,29.662223145271465,37.087258723556474,0,-1.0
610,6.769046292849453,0.15919944285878232,0.8448023601847398,1.1221705605817467,4.577759695735608,403.7713071962732,None,47.109804281304925,34.59562154986348,45.517590592961696,0,-1.0
611,40.97346795090692,0.13644569260495787,0.8177788097156298,0.8853782011310313,34.47099824644701,417.96518168147895,None,74.49662312519033,41.719340420820345,55.09614068133918,0,-1.0
612,33.255517527090845,0.19026774495053245,0.8189965320409536,1.0479072103254534,69.00294618397871,392.42630978881124,None,38.954633124704806,21.37435637424241,25.33725070195751,0,-1.0
613,8.679156437699236,0.15273070662165475,0.8287387704288388,0.8895602222884674,-0.7709381859104099,529.6150445807917,None,47.763679520725,32.68136967479748,45.358256366440095,0,-1.0
614,44.31103808480498,0.14269356897375782,0.8955626829094641,0.8945735668929305,-33.614866712012045,542.5222578135205,None,74.85932756678015,40.63518617095853,53.09033583550498,0,-1.0
615,46.43925802393159,0.15369360611729815,0.8611276688233159,0.9388560777304329,45.65990482372462,465.58212436482063,None,70.18652348306824,36.823575903570614,48.1396101136811,0,-1.0
616,7.748508193468869,0.12305747420940606,0.7492722190735092,0.9100952465977938,-50.38807413875548,528.5217556712544,None,37.76306335743171,28.281348263877497,36.35520122075851,0,-1.0
617,17.459494166624168,0.13056771922978697,0.8636709398942118,0.9466748597432215,-20.064393358912426,533.9838479843613,Sensor Noise 10x,62.833192527730105,49.6572498498383,47.56810547848823,0,-1.0
618,41.279057590687756,0.1740082781588885,0.8671933862644613,0.9788126425976884,65.83090267922287,384.56888191945217,None,49.36660589252474,24.393365859882252,31.92974406628571,0,-1.0
619,38.67168606726462,0.13686211442057208,0.9471072055332542,1.0873194515486517,40.3960212484767,591.5445062086342,None,64.92982847136211,37.82115634776187,49.09760754020472,0,-1.0
620,13.30344587103698,0.1290617803463612,0.8906243465535253,0.9683943349227274,-17.31401905545013,555.2579867741077,None,53.098961673407125,36.22416420895227,48.39748889302992,0,-1.0
621,14.420719550151963,0.16073305505054572,0.8340195687998482,0.8533695662089358,-51.34598956649567,401.1208652989559,None,37.12963744438348,23.924659474673675,32.27147788774907,0,-1.0
622,21.67124462561219,0.17371408309325992,0.904515652577768,1.1207597288203097,-25.925689650197427,396.5412589365176,None,52.02270211121216,34.37415565880734,43.384572965288356,0,-1.0
623,26.80353433359596,0.16437906621330134,0.8456739311062651,0.9196988372350441,-38.861253139062065,381.4152863948957,None,53.88938736369166,31.472717537908938,42.75633927358117,0,-1.0
624,32.82146471886332,0.16992095371611632,0.8705979908636399,0.9941451640362757,-58.30392817010629,384.5946406354796,None,47.82421022051368,26.678943348934652,33.940955444069665,0,-1.0
625,21.601113780639757,0.13486409822861078,0.8795253576701378,1.045665631617835,43.799924441818206,537.040449757174,Sensor Noise 10x,45.451804765729364,33.2961068671974,35.038398138849,0,-1.0
626,25.814062225991655,0.12156378666516313,0.8729171911875027,1.020161595634192,-44.627420366969126,467.4135642379059,None,54.899582476027824,35.46493413449313,44.97422496424213,0,-1.0
627,38.63619221601905,0.18002667303910974,0.8793015371534377,1.1156285351604829,-8.249855369802518,545.7335431849668,None,69.27094000662963,41.592487304060406,54.791205238986656,0,-1.0
628,6.650744130076905,0.1435464032231573,0.7629320426267088,1.0490660732672346,-20.545299569500372,536.5637235875513,None,47.296362675389155,34.690353227151135,46.28504170356469,0,-1.0
629,16.359662495480933,0.14498333967089905,0.8312952088801608,0.9174740728106344,86.77392815441354,501.1531783763054,None,24.47192649993636,20.492594652662437,20.823245530431088,0,-1.0
630,37.10073136480486,0.17656388283698116,0.8810147512527113,1.2434082742901094,-19.60339605332031,521.5916516446699,None,65.80163918386613,41.93716567281363,51.67564423205697,0,-1.0
631,45.28430769592397,0.1611246001880132,0.7621620668928984,1.0196234029577353,-75.60315309658414,354.58893109478544,None,48.82606794558272,24.16205504647107,30.02286547290737,0,-1.0
632,28.025484895204976,0.15911775544163215,0.710025373522795,0.9853739919026836,-73.83136453702488,427.9444117012555,None,37.45568521725123,21.756605318551586,25.479194501049648,0,-1.0
633,28.945106836939203,0.19330004689802166,0.8145555468657839,1.1011912433136057,16.33566984355167,509.45554481485254,None,59.53587976545063,37.84661887640866,48.10017417333748,0,-1.0
634,9.822740510289922,0.13712963539239714,0.9175755141112159,1.0252588267258718,17.88543931288781,352.336238371561,None,48.10812058898447,33.99210834754494,45.631839913473506,0,-1.0
635,25.13355650705546,0.16855680256162475,0.8433712964118927,1.0407304467818566,-14.6233817131221,358.24423592064835,None,59.20751530565612,37.48477774584779,48.986088105136176,0,-1.0
636,28.967776990476043,0.15114026249794169,0.8005872628369894,1.283022214345,-12.268135383834661,562.9719956175958,None,65.6549037184518,45.266893763478514,56.905535160149974,0,-1.0
637,15.911172663562835,0.15537184557726513,0.9235889294462285,0.9728628691776698,-80.29213508864318,521.0062154230179,None,24.636583040056813,20.685574509361334,21.985646172235953,0,-1.0
638,17.115945392722143,0.18056936852825062,0.7621149301599909,0.968723465247724,2.978371870067207,416.34243328008597,None,53.889496169067094,35.552419471544475,46.833953308195206,0,-1.0
639,21.97778733970802,0.16015671512579246,0.8994535787325796,1.011726068780961,0.853105568463306,521.9907100296773,None,58.11294057320129,37.62546456299919,48.47035170895151,0,-1.0
640,5.903203899997687,0.16076592158099265,0.8460160396908332,1.1131029809314963,-63.08112265974998,548.1141672848158,Sensor Noise 10x,25.6123325501617,26.08862674857845,23.71171357957995,0,-1.0
641,19.493562451243022,0.17145014674619605,0.7449369221343054,0.8601457709281366,-71.30891050003304,426.69857077752533,Sensor Noise 10x,34.251303060152246,20.878478807002345,16.21878328499368,0,-1.0
642,14.51516031484451,0.1427009454091423,0.8733006642182602,0.8215556604469519,-67.75695169209172,359.00934437479685,None,28.771070987042876,20.667192156417308,23.49652121323633,0,-1.0
643,19.73738084800616,0.13321580665321986,0.8508368228643419,0.9429787537766721,-71.81491563157347,583.1947811719336,None,30.561206801530005,19.81126009771625,23.25210201092388,0,-1.0
644,10.389295931866304,0.12910381611957933,0.8495291147709414,0.84925796263549,19.74747519661676,436.2949595739076,None,49.616206917505075,34.31326340576673,45.9903858882018,0,-1.0
645,45.07372763329527,0.11067286821247996,0.8824247083996295,0.9584066291495899,-54.63312256747465,376.6204408211766,None,70.20945257121893,38.46006209826456,49.03400533486405,0,-1.0
646,31.71166040993219,0.19112414259880645,0.8565780763660369,1.0515339150520415,-44.74257260625658,472.96421784828686,None,50.69624411388322,29.83397774284588,39.21231161043338,0,-1.0
647,35.55960436150203,0.12793583268556633,0.8962213373089698,0.9147770666889995,-58.75701405274085,542.1169489160335,None,55.383785674617066,30.96516030537122,39.28683757648708,0,-1.0
648,40.51270573733022,0.14557492752828455,0.8459132140066514,0.8670291702925482,82.41035480073054,405.4118286543898,None,43.53669180392523,20.051526749330314,21.817753938630506,0,-1.0
649,27.429898951807576,0.1444637340022216,0.9375532175720851,1.00695781003599,63.831143367330384,417.37251253334085,None,40.21895592311269,23.355094588282867,29.962802385719616,0,-1.0
650,8.911412963934065,0.15614813395618202,0.8418771732158149,1.0900835541225702,-48.510929276726245,410.6787466996458,None,34.49952911640552,26.084531554748484,32.79123083310412,0,-1.0
651,29.16979438183465,0.16631474425078593,0.905102207408985,0.8440889965029708,-31.038067094017322,597.9182632079196,None,58.49322276508587,32.27470572307396,43.200847350963166,0,-1.0
652,31.407850310939562,0.1672094697671949,0.9011287536673972,1.0854810359318157,-52.21928838510051,399.35093343263566,None,48.5206058066857,28.373072220646872,36.738939945840094,0,-1.0
653,38.54477633829485,0.13833845122862123,0.8442504667347057,1.0851634495289981,-1.4623272970517291,493.88005424153096,None,75.77431346633745,47.90331284778431,60.145401973588875,1,1270.0
654,24.42467958033557,0.14665756572427177,0.811083781759371,1.1001081687705245,-86.47010415463436,581.316160414241,None,27.26682679526155,20.41023791987649,20.09542359849925,0,-1.0
655,10.74111362580037,0.155651599009766,0.9149725828225437,1.1295824164786339,30.84624160142323,386.7241422194448,None,43.01517405393243,32.119148734079225,39.54146816442884,0,-1.0
656,17.769915760942602,0.14502617747632907,0.9053892060879997,1.2463277063243943,4.16846696717549,592.7135494669251,None,56.355952800833926,40.309234657345286,51.412828714949,0,-1.0
657,21.33870333793858,0.18214691152039986,0.8531604416463514,0.9650173438897605,71.75500709419859,586.8693085989062,None,26.98166909988453,19.343466673094497,21.019066840802914,0,-1.0
658,34.06627585992206,0.15981949903276502,0.9124533788621036,1.011017407516976,-60.40931682088545,571.1429967645656,None,47.138776655507634,26.326949008373298,33.09000880852845,0,-1.0
659,30.685023710101035,0.16469755572099634,0.8985774312322934,0.9592113492678555,54.73966429100369,403.63913033250054,None,47.54827454216766,27.222761486067835,34.86593392303216,0,-1.0
660,21.024352665403082,0.16325762537334826,0.8360663053672247,1.0001977040164447,52.55298260400883,508.5137640027458,None,41.4705875396728,27.651490860857333,34.249321677644424,0,-1.0
661,49.39318619568409,0.1734694771497065,0.8624715505448963,1.1656598663626045,-67.10738594096036,540.22286824031,None,51.846417236009174,28.069270631422995,33.271909619000006,0,-1.0
662,32.25986687105993,0.15362043117407415,0.8657527338222843,0.8741516127605199,-18.25933965405703,596.5069820491074,None,67.77408353761946,38.783357954625,51.07834587478425,0,-1.0
663,15.675205628119752,0.12406336104088306,0.8218394885173488,0.9174979189626737,-59.37252459398696,395.1059555203426,None,38.35483073145819,25.60891223754383,32.75060682162835,0,-1.0
664,9.580211267918168,0.15799375903505283,0.8669361678495818,1.1476519742886406,-44.150309917641195,541.506474879824,None,37.77729517885669,27.673675024338387,34.57530423117977,0,-1.0
665,11.87866126329494,0.1369728621241634,0.9190183175135653,1.1073875144493106,-42.61568853050201,434.7002924817782,None,40.52937311264302,29.407178386363114,37.900911783665904,0,-1.0
666,16.068097777302867,0.13942766636500487,0.900682976649045,0.9643382495098728,10.1225509246391,393.90661639200056,None,54.597055171052155,36.48444907991807,48.849979156984325,0,-1.0
667,12.230661796680005,0.16172728037510187,0.9485096077676732,1.0891964255723483,-15.94603228311621,455.34423530346373,None,46.56193553958637,33.85724871307508,42.991764713690486,0,-1.0
668,13.39551608230876,0.1747656614286727,0.8904629128698893,1.0347104035680665,80.59190472113497,548.4589780371541,None,24.418994303644144,20.316036601319308,20.203532197476356,0,-1.0
669,17.82928259122312,0.15042543153472124,0.9397949479377885,1.1618661481804282,-67.25337444953908,466.21245092601305,None,27.7719566531121,20.360408172726206,23.134098638918097,0,-1.0
670,12.801811788263967,0.15617666025197927,0.8408255749203841,1.007478786851383,85.26458427303578,484.3807750507621,None,23.41159188875426,20.24015157630206,20.652494123659373,0,-1.0
671,45.354444108189135,0.18404429889270474,0.9167904490118686,1.1080073383771813,-48.48504476143249,598.7898525500303,None,59.09415178880561,31.948214344364402,41.21025793598231,0,-1.0
672,8.6105185547739,0.15481506358977137,0.9370846535640254,1.3023901991944165,49.11730854873355,449.7773248893565,None,32.43040486728043,26.306888788588935,32.33780421388347,0,-1.0
673,28.60301253066146,0.2020336622836079,0.8033728352902892,1.0616347270633528,-28.985413288892147,503.8501886773099,None,55.98702136936999,34.12716077776295,44.185628027618264,0,-1.0
674,23.467857214534767,0.16131019291263088,0.8875868129867537,1.0049450029486562,-64.2453488248835,441.31105040384296,Partial MLI Loss,34.32082989088841,20.489050883527824,25.545613873771778,0,-1.0
675,49.20703776088729,0.11478474481688364,0.7246456668366015,1.0749183428146611,64.42005334432318,448.1964115821762,None,67.0184555125392,39.87309552725376,47.149161311121496,0,-1.0
676,10.041750597562356,0.16506683242209064,0.8958938450162108,0.9641310151055396,-34.40503813743662,523.9101883613521,Heater Stuck ON,39.94957009500342,34.668995093682625,37.34242589317773,0,-1.0
677,22.903501957058374,0.15762316769765555,0.8996218146971594,1.2697204657721581,28.59397276083159,584.4717440237209,None,53.85045384573257,37.49760450069973,46.766883483936645,0,-1.0
678,48.6261694973916,0.1757950550816549,0.8112101448006048,1.0181702092106815,11.959863315592784,485.58973762308034,None,81.03666979232956,46.387907225742616,58.52778176914334,0,-1.0
679,43.94782066522911,0.16346362702539916,0.8152306940000482,0.9730757653743826,-5.083864309642621,542.0999822371949,None,78.94565354383674,44.01501273212479,59.334183133185384,0,-1.0
680,41.7682431927176,0.14723088032032453,0.8627764180920932,0.919827707897016,-0.7524949232629581,372.301639704241,None,79.59134696424793,43.76495950075207,58.91557733763575,0,-1.0
681,16.605627217022292,0.12551403527421268,0.8939690891578733,1.1159678096691654,41.80282453661175,402.78950935798173,None,48.101281047063985,33.32475688748881,42.746562334817064,0,-1.0
682,12.689941432552962,0.14581953485427948,0.7956300543451986,1.0905898986619595,-74.2008754577807,475.5329102298831,None,23.2303884201247,19.395138343325314,21.272925730976212,0,-1.0
683,35.08894489659939,0.132989590915814,0.8459580606979651,0.9514811177693128,30.27251915242293,355.0029309071937,None,70.26448805389171,41.299399751598784,53.121282711272016,0,-1.0
684,46.82191951074136,0.13838953100390555,0.8110617709281397,1.059339006148256,71.24617825174417,413.2137446906397,None,54.293968933128916,28.46567759021868,35.731661992303735,0,-1.0
685,30.05433018562684,0.1617715680884122,0.9373770443436142,0.8599718723654253,-79.59812453642445,479.35032245624154,None,33.288209508078,20.21637237344642,21.339505634884496,0,-1.0
686,30.722571026145495,0.18339809008702812,0.8707219452578614,1.0186691877385323,-64.68239893793998,353.7402995640752,Radiator Degradation,44.430559566490125,25.553961540462936,31.830298728017944,0,-1.0
687,17.59905921471279,0.1578934305964596,0.8170525997799061,1.0463162217546238,38.99374860636564,416.13657155651043,None,46.63981858698361,31.712418306114177,41.203292266341414,0,-1.0
688,39.62718199363716,0.1260823387592963,0.9065316110993421,1.1861739756902392,-11.289303315968837,478.5077048689674,None,76.26318075700374,49.099989768638814,61.36552761478809,1,1180.0
689,13.416968685088552,0.15889205336440282,0.8476042697471902,0.9258140445963091,-17.36124825353609,493.2873119953114,None,49.9669688220215,33.05762420600587,45.84515560121237,0,-1.0
690,19.565565638190968,0.173932629732913,0.9245909207644382,0.8799983355956682,-65.34600578203755,581.4379232638264,None,30.42000893350531,19.57543115528943,21.92762001714327,0,-1.0
691,24.144639737738753,0.13780434191361235,0.7942510937712441,0.9143491337168672,1.218607329201859,511.33640581265195,None,65.48683311699105,40.56581403766507,54.777657278243254,0,-1.0
692,27.842467040800475,0.14731965666654165,0.885982112556913,0.8748902316546717,-67.2218439846521,453.6839506324984,None,40.55010307695208,22.3010826137534,27.328983371218154,0,-1.0
693,15.908437958678611,0.15029376389458393,0.900659274426207,1.1430106882009383,-4.208317864102725,582.5877942832669,None,54.57799826701664,38.56579989562952,48.50708878806442,0,-1.0
694,10.167657113264159,0.1343020337383552,0.9090890957705264,1.1674990881145437,47.4507538130982,546.2207458469486,None,37.69792086460352,28.177805411949496,36.043420443926266,0,-1.0
695,32.47790190987347,0.16296560867687718,0.8831080075062099,1.0325398675996194,-43.51241558031057,400.0022302781869,Radiator Degradation,59.2108117295549,35.41090503794771,45.089226799222395,0,-1.0
696,17.98837489581151,0.14758103702784436,0.842056857685822,1.1299004082730002,-3.4584897276490807,382.71059033720496,None,57.40544569010377,39.256658116655224,51.67980996569387,0,-1.0
697,31.155719964017553,0.15839064887814056,0.8834717791066566,1.0134859642857947,88.56287449143042,518.9529089356832,Heater Stuck ON,30.301615605275238,22.240669288682504,20.332114740242833,0,-1.0
698,11.946322187339103,0.132250156443958,0.7885107931114275,0.9905339232976574,33.5970762037267,489.97079139424596,Partial MLI Loss,45.121272115246626,32.35425161302643,41.125560572419914,0,-1.0
699,26.651304583466786,0.14125083399353178,0.8750645105618944,0.967244702866145,61.444218834935754,547.4184034481889,None,43.33215387316672,26.31067272536691,31.537375089397507,0,-1.0
700,28.966524464821365,0.16444762715655542,0.8572604151633272,0.9694376681580723,-15.327430819101764,534.7012625196717,None,63.053099511594176,38.07397954367852,50.757430934375066,0,-1.0
701,7.332059157009211,0.14254333695816465,0.8038357357121346,0.8566034762354442,48.21496616265395,506.30288346437874,None,33.92793315965702,24.88326484223677,33.593861353296866,0,-1.0
702,20.147192518726428,0.1845392770246681,0.937630426311101,1.0267777251975672,-82.70834887056208,596.595542907223,None,25.556331082464176,20.128336067703138,20.787601837904948,0,-1.0
703,11.04866046225384,0.14200727628770796,0.7459415105863322,0.9959747321751489,-67.8759871423959,483.3974325276022,None,26.657955989745204,20.747906506780392,24.609443587116957,0,-1.0
704,7.851873671274548,0.15449369451503772,0.8920635999113342,1.0773842066637538,-53.44729327438882,378.27643912543,None,29.476336314958125,24.301221314241783,29.01433222304437,0,-1.0
705,49.54821045754753,0.1686518166374618,0.9311547624971079,1.009396219521282,-17.648653569260475,557.0683912039971,None,77.39173800360889,42.96367768466669,55.22938046642334,0,-1.0
706,19.505923023862536,0.12163268534133936,0.8494216449282661,0.9838612773639659,62.23407809863738,412.96334058642725,None,39.43431529155864,26.0831255225574,31.574248996373118,0,-1.0
707,41.44435006345857,0.11478382376038448,0.8571900013155609,0.91656773982828,-27.67211085817251,544.3255370359796,Radiator Degradation,85.70188897110081,51.95489904730071,64.9492105354195,1,1150.0
708,16.458829464369373,0.11948687370859809,0.8715506996961644,1.007241416849225,27.831814832783323,589.2767740000129,None,54.59297476144201,36.471916767440014,48.283079160578716,0,-1.0
709,35.66762250007682,0.17525168206854363,0.9114243045943615,1.0766170060399753,37.67657306462701,524.1988784910853,None,58.85789654891918,34.182234559024955,44.78332444247257,0,-1.0
710,39.210253695035895,0.13896283708215107,0.9344553158255935,0.8919600814792551,15.51282373590145,499.00754023745026,Sensor Noise 10x,77.69489237223647,55.22850259269491,55.975016345586184,1,-1.0
711,31.803743327352993,0.20116398571336505,0.7942772523912301,1.0087857454535676,-25.696445729375483,465.0965439187602,None,59.296705803554616,35.42962666791432,46.11081333296735,0,-1.0
712,26.220928484757128,0.13871504802685222,0.9454939903321175,1.0235779619751406,13.869601508437967,441.10246649885084,None,62.63761699852308,39.28133356732108,51.496257869180745,0,-1.0
713,23.532841136627084,0.15369102606394072,0.8994071355086797,0.9307109911001399,-28.39219329784568,438.2511877429591,None,55.19755964293239,34.28651430224209,44.9280474825675,0,-1.0
714,20.69907199443479,0.1808421990513575,0.9009435780219363,0.9429088784067798,-74.90272706063783,509.0931764273977,None,27.301241991055168,20.699825474415867,20.291422975826023,0,-1.0
715,46.828811491152166,0.19012185776318247,0.8509836070644852,1.0233290475666645,88.70471607348259,537.8182792344364,None,38.175866799503055,19.756777962267652,21.180668342663864,0,-1.0
716,42.377873350447814,0.19123007153272795,0.8671717636975487,0.8928451638997696,-67.10715834614804,519.6292673711037,Partial MLI Loss,48.72615268944246,22.646248863223725,27.470793901773533,0,-1.0
717,48.426210979993066,0.17416732461186285,0.9018288886986483,1.0356118086306354,-76.97729090950968,399.6025252983907,None,45.23067665301218,21.49923836915495,24.42898809430747,0,-1.0
718,10.593375056849514,0.17048125051622925,0.7713493233460746,0.9143558621869011,68.13553485728806,473.49679503587276,None,23.67740462612759,19.546698260942705,21.35971013104072,0,-1.0
719,37.889036384163994,0.16185053898402366,0.8674401648990697,1.1121392016161165,-35.669761039278875,547.9100180457658,None,63.67737417393342,38.105765598817186,48.4958379547361,0,-1.0
720,47.225320556946706,0.16556722152333275,0.8958241304452472,1.2633700262617782,27.05345533323137,468.92601954726405,None,71.60161462899742,44.335042878668695,55.54929047213957,0,-1.0
721,13.155487977454706,0.13897628567342932,0.8627623783054615,0.917524790160263,-30.778968660798085,484.15581993387343,Heater Stuck ON,48.53271806196923,40.423062555792164,44.95651153244679,0,-1.0
722,7.992332031504987,0.13363602233155386,0.9238262522127293,1.0548734279647087,-19.53823125699519,542.7840120427055,Sensor Noise 10x,44.83144502737314,33.296239060490485,37.69237694076187,0,-1.0
723,38.35042921805266,0.14993251085178094,0.7536960882404069,0.9299037521631677,-42.81966503697663,515.3163265662729,None,68.15078156210757,38.737482730247685,49.13405573275543,0,-1.0
724,30.851290093096036,0.14659630754950143,0.8297242594688246,1.1097063351349183,-28.252078957258163,452.33623022059817,None,64.11149779341288,41.20536861503086,52.15821311917629,0,-1.0
725,42.882294954122244,0.14093543901345448,0.6972081375114739,0.8811513794971263,-16.07392789442224,573.8531777985547,None,85.00749509776134,47.96174765581223,62.12656311235624,1,1230.0
726,11.289756948183028,0.1639277489491343,0.8737622157330065,1.049232218102989,39.67489243662172,390.6417671658696,None,39.79439060336834,28.9615296726329,36.70057904536553,0,-1.0
727,40.787029033695056,0.1691061041714102,0.9296997253687407,0.9164031448279786,2.0765149622625216,598.8791121475812,None,72.61243428581642,39.34793477625933,52.69761122906501,0,-1.0
728,14.073229402148504,0.15176813772583694,0.8333737978817739,0.979514283846755,79.84173908825585,379.7131446190593,None,24.18481829455586,20.637969587380137,20.97044492777424,0,-1.0
729,12.364517428956702,0.17955060162110523,0.8983826521084475,0.9020344853863221,-82.4615291090204,353.73749277605975,Partial MLI Loss,23.51250062421301,19.56985258042468,20.774764020347618,0,-1.0
730,12.391960906894681,0.1271662177173299,0.8537628099646124,1.085710973045023,0.5522980737650727,572.5047252871911,None,54.5451548051853,39.24174964331535,52.04661034975383,0,-1.0
731,41.6558624104122,0.14612681081440562,0.9405502021268234,0.9197089336684645,15.160461989709262,411.23837709148904,Sensor Noise 10x,74.56582390747563,47.82790578712875,58.2312744231248,0,-1.0
732,34.933874931329,0.1356635535879439,0.818688009756176,1.0567481670353431,75.6354574933693,532.4249068616803,None,42.007606204952474,22.643260573315835,26.299173885544338,0,-1.0
733,28.53794411461037,0.1126692676585388,0.8492591855455703,0.9661754820542788,-81.15146574814304,552.7538437330173,None,33.855441946976114,19.522922826762937,22.897954548155102,0,-1.0
734,21.147371785557613,0.148346386283146,0.8087349330678966,0.9886180331472669,13.22992528833889,564.7465977580292,Sensor Noise 10x,59.81290670944623,38.023495700689686,50.56567770496498,0,-1.0
735,44.47402433658987,0.14756504983233432,0.9317561573212659,1.0148852894024747,63.65338713503226,597.8985589160417,None,55.86996067937564,29.465064522424065,35.59800387246064,0,-1.0
736,22.66002983401859,0.1802689948648426,0.8247866814070555,0.9266471084607697,-46.453008938537415,423.5099275099998,Sensor Noise 10x,45.72272702272118,25.11505682983599,40.53737894558207,0,-1.0
737,41.746974776220966,0.16261623369109554,0.9193420448707015,1.0212595427700404,67.73262273430873,527.5608354818148,None,48.79438981680788,25.069901208936535,30.373602967565404,0,-1.0
738,24.76107088565983,0.12951626351341589,0.7780953230222848,1.1653639672148646,-86.57218633062747,378.8499645702071,None,27.353946725456264,20.328067566994473,20.135361147789155,0,-1.0
739,21.96249932412084,0.18708185132668376,0.8633013516603167,0.9251406688649432,41.84183324407135,451.70232283921234,Sensor Noise 10x,47.92691489673974,23.050896195931237,39.25155840854321,0,-1.0
740,25.82059035513229,0.17442067391050706,0.8584291157841062,1.124322929830667,77.96037981035755,561.9929233281475,None,27.664114939268607,19.808983740556414,20.207391136412994,0,-1.0
741,18.562004337386394,0.16164195406937232,0.9003145694357393,1.16161324029472,28.295579095211195,441.9145115147771,Sensor Noise 10x,47.96573744614885,37.06755202303718,49.09106793672856,0,-1.0
742,38.6424221079313,0.14547031802300336,0.92639501732251,0.921626256884939,-10.97473608351936,497.7738451339035,Heater Stuck ON,75.00556486307404,50.20752226893921,57.44504124169722,1,-1.0
743,27.62241755416156,0.1308112152655304,0.8777399413899556,0.8645851689859195,-81.92141703491076,475.9433609311585,None,32.00607797187693,19.90158705608669,20.301251741219986,0,-1.0
744,15.44957128160678,0.14255586447857893,0.7881870915907441,1.03065661561323,75.62048639807318,511.4878827780112,None,25.127642348379485,20.653528668698538,20.38673427139935,0,-1.0
745,45.48085579735558,0.1717749723940837,0.8305688470522086,0.9467305538823299,-5.346679915516546,593.2235973469237,None,79.5215922531661,44.105873743208456,57.64220590044105,0,-1.0
746,22.275104961794515,0.18769172611869217,0.7863110341797035,1.2054588971014195,-84.78058601952935,363.9338816253505,None,25.980615847197125,20.09005502727597,19.958141455755552,0,-1.0
747,29.459878750129487,0.18086487056544379,0.9320994365774171,1.0034868189090809,34.16779283917714,493.49037937540743,None,54.397276495741366,32.51049510943462,42.02527745209538,0,-1.0
748,45.79124499340461,0.14022301156427452,0.9141489063752626,0.9229133377614294,-3.2692943562735337,565.7571948125712,None,81.9848563578361,45.07250618246487,59.45327789064006,0,1430.0
749,33.090709816129646,0.12760765133421978,0.8432006273092454,0.8916193714412599,-67.61784286036607,470.34567793710687,None,48.6648551315454,26.68603326799494,33.147481228156394,0,-1.0
750,10.260411831876382,0.15281772493822407,0.8722845667171524,1.1151517517874479,-51.43107432415328,369.6317964853932,None,34.18117702463909,24.944902871462574,31.634239549117467,0,-1.0
751,47.29244556260638,0.11463121268874296,0.8866597739649684,0.9444822384970759,-78.39167751794767,490.1348381041927,None,52.81704641294875,25.89046459739938,32.15961207103707,0,-1.0
752,33.2468623882138,0.15646335428369562,0.9024116063200074,1.0043924988119977,13.372837147543237,433.0184727059551,Radiator Degradation,72.97330400348227,45.149699311405,59.47755091025124,0,-1.0
753,20.070752659568875,0.14704794827402662,0.9077647229776421,1.100297144304361,21.96530626536166,388.735446334484,None,54.56894781962137,38.202974992125135,48.04178283871955,0,-1.0
754,11.267243269852425,0.14067926996263516,0.9139382748449023,0.9527279955735344,1.0336137039799809,562.2586283208682,Heater Stuck ON,50.406228794960946,41.55544206727312,47.526309645648176,0,-1.0
755,40.73113351716332,0.1181059386546641,0.7915810337065755,0.995417648283571,57.07838394047067,480.3998782477804,None,64.0015004944932,37.32676239099354,46.56540540412593,0,-1.0
756,32.90327401678311,0.16027200213139434,0.8416153594966808,0.9983445308210437,64.98158783544244,583.3191030947667,None,45.32834640057231,24.92796493848747,30.44398149518444,0,-1.0
757,29.00574913893447,0.13934598320676178,0.8947889246914166,1.0707212118151797,20.81239140296279,551.5041261507672,None,64.6083468449819,40.67805316373133,53.134209394363914,0,-1.0
758,45.225166237293095,0.12660166328579422,0.9150159976944173,1.0608542009467825,-87.7038336526625,523.2429484434168,None,39.51408332894064,19.524415526908083,21.641372263949744,0,-1.0
759,40.486874505103884,0.092554755734367,0.9098258383446653,0.9782291094655309,35.14133803459242,351.256375841328,Partial MLI Loss,75.32048484714295,44.06686474074916,56.77745351113813,0,-1.0
760,11.825369587973803,0.14944970189898726,0.8203322705673475,1.0063852052091486,-14.76014095433672,456.95586415956245,None,50.73668122203598,35.595415618407216,47.44949170727433,0,-1.0
761,19.02749305079967,0.18544503193339487,0.8525958229013146,0.9635047115027858,11.800346980749651,399.37157041300804,None,52.732116447747956,33.40772904010598,45.20793370100103,0,-1.0
762,16.18201129165096,0.1832251842909574,0.8486363354159983,0.8626370529821282,26.834508363399195,577.6994777622169,None,46.812804367009676,29.630333183575782,39.808436482288506,0,-1.0
763,38.47758316577046,0.14085807486827456,0.8891382165160995,1.026094744179231,-26.957409421126187,393.64599616909004,None,70.26033048570001,41.18932451604497,54.44137224991657,0,-1.0
764,6.508959563110072,0.1379557587927644,0.9213064252609295,1.2083057551854908,75.07773093092297,421.51501291482134,None,20.51117681906283,19.983037548580345,20.33370655697212,0,-1.0
765,30.645035819209244,0.15937548512150046,0.81733937632257,0.9154203556955407,-65.88452398503938,479.20919193362477,None,42.55038151847132,24.025290932889394,29.652848539931636,0,-1.0
766,39.31064085833108,0.13003229121623416,0.7261624415856027,0.9256093783585168,30.87212531058674,415.84090474951984,None,77.2440707808292,44.645008499492434,58.283631542439494,0,-1.0
767,44.45445365427872,0.15603583799638931,0.9081445133908072,0.9166103849010238,-89.21527560781553,402.4661693197803,None,40.3938797339764,20.06833925054952,21.150498188342414,0,-1.0
768,20.393678692215836,0.1653216055676938,0.9279262471579397,1.0751489153279992,76.43719897293255,499.77483127568814,Heater Stuck ON,25.090040816977638,23.081241331529434,21.578262781841683,0,-1.0
769,41.95657871024058,0.17453866447768615,0.8962852624749169,1.0458694461946978,-69.74925601714352,372.23238068875594,None,45.97591947000501,23.543053509444327,28.095429651760067,0,-1.0
770,9.978428162984326,0.14799691847040095,0.8708021441062955,0.9842712402621381,-72.92083857343657,364.54193968023117,None,22.53082003245458,20.527775507484545,20.45434884767166,0,-1.0
771,43.090353128053316,0.14592652499646067,0.8623408958919835,0.9122858498503109,-30.05862605059604,443.06132379651785,None,75.21552785097774,40.44120776612603,53.97085428899992,0,-1.0
772,10.73698980493921,0.13244034826486878,0.8706906602614919,1.0092804782085947,-22.758068512965494,530.1661136269656,None,49.86879688384923,34.80763568893939,45.8717679782548,0,-1.0
773,22.877928075216527,0.13346239291920278,0.8777609643261183,0.8551638313959122,-51.42598698188185,488.701689568487,Heater Stuck ON,48.729831810896705,35.6233499300713,38.70446834880053,0,-1.0
774,40.878291460079915,0.14547042216196945,0.8534039537236952,1.0144460060967337,15.321898966882443,455.7191171166947,None,76.81875469643886,44.999091096199066,59.08020078597562,0,-1.0
775,11.746284230694819,0.15734731013632355,0.9092808122435625,1.0910629871659874,-10.275462352446553,491.4378910561456,None,47.87019710379878,35.66303773653957,44.93063178874895,0,-1.0
776,15.316312785468867,0.16827169252466498,0.8019557210032635,0.8823910854926801,-83.84839397260427,441.3628711633184,None,23.938587235012214,19.88532060371635,21.733945977862742,0,-1.0
777,37.501365577687984,0.1339364209863931,0.8143121303764493,0.8579136481996659,-32.462628794045884,584.0365838580283,None,73.26313965943733,40.26436544162501,54.11415397663096,0,-1.0
778,37.401644144573346,0.17985377137919042,0.9022739503115718,1.1711003643334024,55.877924443170684,363.7262227276936,None,49.27101069628309,28.172111759533976,34.68318015465369,0,-1.0
779,33.85164347983838,0.1445775279791486,0.9251754261312912,0.940657703366703,34.146276275136344,518.3478697574587,None,63.22660458618859,36.7587495434078,48.07231060410699,0,-1.0
780,36.2276800010195,0.14957265411303128,0.8812540008708403,1.1202980708583272,40.476753644378476,572.8206662069376,None,61.80619321753821,38.30552922383654,47.67806201080496,0,-1.0
781,29.42259995064183,0.13505576641704353,0.877236246833864,0.9847182035378627,35.66104633503424,550.9711771838133,None,60.53154383210009,37.6254948720711,48.46124018884384,0,-1.0
782,16.330957650812874,0.10151519479454116,0.6959933708632541,0.9839349599815674,-34.02485615105401,396.0102587053617,Radiator Degradation,64.70018358436526,46.168763829892534,57.516434287223426,0,-1.0
783,20.556319707676373,0.16768090792722098,0.8530255076630542,1.044816497950241,-72.06049402618035,423.9815872450721,None,27.025544050382372,20.261038213839704,20.9916584567629,0,-1.0
784,13.171897256064154,0.16473687794184866,0.8627530888159309,0.9153947502765639,-40.95590687404272,529.2619846767761,Sensor Noise 10x,42.68812067051334,46.528319545742434,38.56103621088046,0,-1.0
785,45.88027526001328,0.14437344885763573,0.9077944877166602,1.0133378807777413,59.72135403332868,371.0676397951914,None,60.77965035582018,32.44616513978665,40.6055716175061,0,-1.0
786,31.25263076447542,0.15133981434449742,0.9111692591666443,0.9625695636763211,86.48474360095281,552.9654249581461,Radiator Degradation,32.56668442638191,19.25395970731211,21.118228748512127,0,-1.0
787,23.038313754363795,0.16031878435408198,0.9236120675710758,0.8762977536777832,-1.1075373465189529,529.7267361511975,None,57.496854955151775,34.825413612023,47.06829399167253,0,-1.0
788,25.79026116398597,0.11874908286226914,0.8916117942166277,1.034324138848531,-88.2539361138524,532.4016623088356,None,27.862806149706312,20.182513693220418,20.60233026818126,0,-1.0
789,47.62775028253169,0.1394189464530741,0.9138301370692843,0.9740128516756498,-64.79193381583877,375.0603425668979,None,59.68672484642624,29.919472600103546,37.92367691764589,0,-1.0
790,11.900813140223608,0.16588529359243653,0.7826338919044604,0.9844201583762786,-32.025496443072164,529.4401362040577,None,45.45607219132392,31.362717583118076,41.3776536883051,0,-1.0
791,31.380342440755875,0.124914211536615,0.8291864651354754,0.886019699574577,14.145362746730953,519.9545313049925,None,71.71329432070603,44.04143336580807,58.01839105926999,0,-1.0
792,27.76499054980097,0.1558711586433326,0.8276453064578667,1.1725021286029673,-76.48314375504349,557.7306227054627,None,31.306296187292105,20.41767500278022,21.496623150187414,0,-1.0
793,32.51544059455915,0.12286836390753189,0.7740163103657183,1.0916293740266225,79.8043137677787,360.39898906411736,None,37.155945578136645,21.8519884648726,24.59516097692363,0,-1.0
794,5.814958271937823,0.15932859964867052,0.9093656741049441,1.1012166217823733,-24.284938808807865,355.77766711694807,None,40.312328116490356,30.211927451263204,39.723893260515794,0,-1.0
795,44.24557590248682,0.1492871703540503,0.880712824694171,0.969917298649047,74.26515922646814,443.25177496964017,None,49.51490403180705,23.558365261211346,28.831108072411148,0,-1.0
796,46.94532271176256,0.11769736368188981,0.7487462428990458,0.8412063478901254,50.49392449626393,387.1970709622882,None,78.85630059525442,41.51859842952484,54.323807108279965,0,-1.0
797,30.430993261514402,0.17329478708914342,0.8611369205600876,1.2156655909121818,45.97870905280459,489.59611939255547,None,51.221456629172835,32.37155148999014,41.067807805621186,0,-1.0
798,36.34928707446015,0.135308168464039,0.7930947312731544,0.9939088757729553,19.209524360801765,579.3372253766872,None,74.51882912364437,45.00203183797396,58.927447923100594,0,-1.0
799,46.512472152978305,0.13379495125971239,0.9002790952765212,0.9278548411533105,22.821087069332023,447.86993258350395,None,81.36564548898534,45.44558525472381,59.48035541820047,0,-1.0
800,36.82573854410293,0.15401138394461886,0.7633713591931436,1.0425609700575165,24.840582338924662,561.237594318151,None,71.06004557027669,42.73839383438443,55.53129960696706,0,-1.0
801,11.86425693114176,0.1729727469885743,0.8940742066805247,1.1237958184652694,23.169849664604783,350.06021862946665,None,44.90619744759418,32.18002015715906,41.75448993752835,0,-1.0
802,30.93297620750659,0.12968356362043204,0.8479376070470324,0.9976975989920736,9.671081651705023,392.1286608647961,Radiator Degradation,74.62497870650262,46.54008633304275,59.86467942907569,0,1330.0
803,32.302177087228515,0.15123359699695943,0.8248341815946321,1.136391074517673,87.55452332691999,357.6058849135214,None,30.662131501771782,20.283762924164073,21.243912400186204,0,-1.0
804,24.08588020860737,0.15857633000661145,0.8565713663883353,1.1143820029956761,41.812302136625306,432.03679512876715,None,50.59727730458045,31.902190169203717,41.08521037517094,0,-1.0
805,38.13999060311253,0.16386211214526286,0.9252127238270873,0.8979524898187259,49.85034991065382,577.0473989241257,None,58.2686982181229,30.534548955889043,39.92748097839171,0,-1.0
806,47.04651566460567,0.1535288311055445,0.7838723673856199,0.9348408196356931,67.04330671506136,374.23803089974695,None,61.4084682677086,30.069670993437622,37.934125870365946,0,-1.0
807,46.650583080804935,0.14265944321833354,0.8122006841789693,1.1004879983905718,-51.18484270934715,501.6024441859501,Sensor Noise 10x,72.28660825560631,42.2956677091502,47.12040542299302,0,-1.0
808,25.287771713185943,0.1334481955870256,0.89751312951368,0.762417284002979,-74.91525136288905,462.8739847798611,Sensor Noise 10x,39.12222717146055,16.141164794669898,21.677511644031135,0,-1.0
809,10.095712062833986,0.15172287766092749,0.8787366402365546,0.9851655613785821,-3.0790014122522393,584.617053091453,None,48.24024746060168,34.38991799687951,46.83290769383455,0,-1.0
810,49.317853953305054,0.12855721976028786,0.7330094170849383,0.8666820271505655,2.534525211469173,380.62978563427345,None,92.68020874728687,52.44240287014755,66.86066389553153,1,950.0
811,42.75041389006704,0.09157299033010785,0.8618741651993798,0.9534623125115159,59.25272039098519,403.0069626255572,None,68.02352611971452,39.91449402472204,48.71642511359232,0,-1.0
812,10.609820654147008,0.15873119608315334,0.8709465878032059,0.9705600442371556,-10.118955729179575,357.3854921528733,None,47.01981863940119,33.02929264395464,44.804377222507334,0,-1.0
813,46.437884717781756,0.1680786968217239,0.8502141427693998,0.9648096627311624,12.753544597976287,458.48381240784346,None,78.66334369208217,43.638560661055465,57.305458925599176,0,-1.0
814,44.145336292795776,0.10274135128916323,0.9140668751965461,0.9462711479957523,4.8727689324225025,419.4582248911636,None,86.84411979984675,52.31980220153853,66.45480102534154,1,1090.0
815,28.347712570673245,0.12980538590580123,0.8529183365826003,0.896090053460873,-83.12349892366962,567.4764834725802,None,31.143918205270197,20.097608101379247,20.672666788962662,0,-1.0
816,31.607394608521815,0.16238308522010395,0.917064648286721,1.2575823735881726,20.738681387444515,501.23520329943875,None,61.984126225272206,39.95376945031859,50.85573022887576,0,-1.0
817,22.955121674155862,0.19114990939423399,0.8426924239460039,1.205321336173174,59.0477914393654,503.52268449392545,None,35.56498945792218,23.799492450643534,27.575556475905806,0,-1.0
818,7.4642737469914096,0.15041587415350816,0.7966879768624344,0.8902912861217833,-61.64990134635531,482.97767422032564,None,25.918906277991056,20.517655769327785,24.85341850247493,0,-1.0
819,20.08387587406554,0.1354399411754173,0.9044125759114878,1.1714141277043026,16.979712106787233,372.96258430730023,None,57.67484147393271,39.91452892020425,51.543663458679184,0,-1.0
820,41.12840518691051,0.14634207117790318,0.8833627895002352,0.9608407956357183,16.849898000354585,461.2546709313388,Radiator Degradation,83.78087452308955,49.98363487604789,64.87742765300997,1,1120.0
821,5.208441035207128,0.17749752838296368,0.8873163781574727,1.0130025548567125,-60.44670646985543,599.8762974271292,None,21.383180062873354,20.11046609425569,20.767645771992054,0,-1.0
822,20.007462726101487,0.1370807164175093,0.9049618259021548,0.9936925798264746,-67.77655672846751,558.8073227115037,None,32.599862648267056,21.405061519424198,25.00501815470958,0,-1.0
823,22.91759121159245,0.13401615986699492,0.8533303553960097,0.936154395055368,86.40934973576725,573.364763541779,Sensor Noise 10x,28.877188844480568,20.29511794522502,15.136851226155418,0,-1.0
824,29.18280213220653,0.14034512955635936,0.917465796710703,1.1033877661252,-19.130549462453246,555.8065898116249,Sensor Noise 10x,65.61791437141571,43.644161040904265,58.12816109639627,0,-1.0
825,46.39350273857422,0.13093342783482576,0.8206435298273516,1.0126682236957192,-49.06408882976473,375.76042335774565,None,72.04046549815818,39.8577470689633,50.65851278749037,0,-1.0
826,20.585569746468256,0.1524534063198959,0.8564948948183859,0.9534625392653119,-59.16158199821251,406.8620635161999,None,38.571292015820696,24.47867294017359,30.714745252588102,0,-1.0
827,20.612894085330247,0.1824935691693912,0.8713331292952249,0.8776925264198453,30.168308444982316,350.7804128391024,None,50.98817875272209,30.186647149172753,40.64458141796466,0,-1.0
828,38.18755616493868,0.15646158546232058,0.8818254769711351,0.9145167444464671,19.700153518910184,425.8775312195279,None,72.0459620532665,40.21023949338429,53.000660219124896,0,-1.0
829,25.349807340041323,0.14495292995747425,0.7269828536502835,0.8486248937522552,25.839382137735143,377.15185058662314,None,63.87155388624441,37.638446075958406,51.090139604072775,0,-1.0
830,15.107217032299188,0.1441637746216891,0.9395721536558466,1.0012231022216864,-74.15891504793859,468.19833632539576,Heater Stuck ON,23.95941444447148,22.92459404252914,21.911237608481418,0,-1.0
831,25.3597782259712,0.11873618382606685,0.8714752591712928,0.8872162214624956,70.83622502971866,519.2818721434755,None,37.97424583280132,22.957743887665252,27.148599046107428,0,-1.0
832,11.338565917090992,0.16766219554294318,0.8509673490976986,0.9737934599633239,-19.932048574371308,568.6263237595192,None,45.64638948777707,32.58806160807597,42.512550598507346,0,-1.0
833,12.937414392780049,0.14844325605974396,0.7644809739055954,1.1468398294386255,-33.593506842535575,537.3042912727245,None,47.55587507649363,34.56244266958827,44.940013461457944,0,-1.0
834,27.426549773276587,0.14639040172818749,0.8814264390387913,1.127417881412483,-6.77493949540694,584.6463989446263,None,63.82722278981233,42.04018904628282,54.08439619217081,0,-1.0
835,23.851645227704655,0.2138621513568972,0.7187928282652065,0.9967775139793887,-19.78810816542692,363.4745725984472,None,55.15451464117468,35.77350029228976,46.18211885281138,0,-1.0
836,46.168065548064504,0.15597505816731372,0.8198267870763483,0.9913293363010854,65.44386056504626,353.04495885413536,None,56.34942136004348,29.627183733192677,36.60661489718013,0,-1.0
837,21.30772546024849,0.13496417899809632,0.8282300450824156,1.206818375648245,77.26697553562059,515.3345284590532,None,27.469029600598592,19.607062638531488,20.81014168008699,0,-1.0
838,31.126475762511955,0.14147284807588914,0.8276149862103319,1.0534553934090387,-35.37842103907088,422.3381025555616,None,62.64760309033771,39.18178632487952,49.315739321303134,0,-1.0
839,33.45189295637887,0.1729689141839351,0.9035708422324387,0.9677508163330121,65.50844534279187,413.37525402644326,None,41.96962568177932,22.413795236754407,27.549952718401123,0,-1.0
840,5.5892505464750135,0.1522654082107553,0.8724951753554926,0.8670992689370061,50.674163315952086,432.72177192344856,None,29.438741614652855,23.08945517323847,28.98103691522538,0,-1.0
841,34.85918174075198,0.12123444043365267,0.8263362174933526,1.0401732874449148,77.54538102205711,417.44901447309104,Heater Stuck ON,41.246725318173894,28.985483014855532,27.641539730433166,0,-1.0
842,13.011618509138815,0.16838457869150406,0.7815041124871723,1.0864683360963898,-45.76494380654019,477.85910157539683,None,39.82208164565441,28.332377024435576,35.19889675197587,0,-1.0
843,48.24816428612548,0.13663711828922012,0.7946192593519557,0.9387884176770536,13.852647021776235,460.0371118060331,Partial MLI Loss,83.65728295514845,46.486241887115526,59.83994068800203,0,1370.0
844,11.689822748890084,0.1874659555243509,0.9021483658742553,1.0295484164933821,-40.581974746719965,478.1071378441641,None,35.86278811743538,25.667871778497243,32.08672927368059,0,-1.0
845,23.658085567716068,0.17160096131429298,0.8934114274052767,0.9642956606349767,58.33700828718736,518.178402875109,None,38.74633936149165,23.681372669098486,29.76898105187159,0,-1.0
846,8.840735063538974,0.14105356208682496,0.834581567330761,0.9817650656624382,-89.04164569720844,446.78262724278704,None,22.337301452126365,19.314855813419793,20.24209808589658,0,-1.0
847,49.85934133306763,0.17562032723470225,0.9415314357990371,0.7797497799062297,11.667449319551295,412.8269217855392,None,83.06934282989744,39.3338068682452,53.93172220787898,0,-1.0
848,27.598775464905916,0.15135711021054807,0.8860938897430835,0.9780659864930229,-28.94338237105476,391.55013420218637,Sensor Noise 10x,78.54686213325131,38.979328500077784,53.26719809823807,0,-1.0
849,31.79232577940197,0.16705547350244437,0.8542980032048384,1.1017908817440214,-31.91693272599236,437.3685298831564,Sensor Noise 10x,64.63618023245554,40.295761386993185,46.07260555215457,0,-1.0
850,8.018441482479236,0.1596946563458895,0.8263891632043396,0.938811790884401,26.08313829568506,535.451618811543,None,42.934660851043276,30.347708575755387,40.708590728797006,0,-1.0
851,38.748221167963,0.13307286690018252,0.906849967539408,1.0052664561036164,63.2672008765189,539.1762275278674,None,52.75945439755857,29.134445560171418,37.67448338776,0,-1.0
852,14.445751689301359,0.13712900335365075,0.8514230465670717,0.9271915776199334,19.65517045079872,516.7263466710526,None,51.60403833744174,35.62491315430653,46.39968772584283,0,-1.0
853,45.41244302483212,0.17059921635162323,0.804092529085315,1.036701634133198,63.571136156410034,408.50704382671864,Sensor Noise 10x,53.35530406007437,34.70777430284931,36.85781020532397,0,-1.0
854,14.231283821690322,0.14330449335786918,0.6781327423529396,0.9785804089896067,-42.3725198614146,497.0215614636744,None,46.91145720006556,32.43531967407744,43.05537265333968,0,-1.0
855,13.580947429864995,0.14192703073516005,0.9156514364318996,0.9103518061033848,3.510333857696608,492.67241539421195,None,51.312413237915926,34.71804677701624,46.70762967470467,0,-1.0
856,6.64473505316427,0.13089754841301293,0.8814138692217665,1.1425414769078446,-8.903422967926318,471.0665495274314,None,48.79448547316395,38.412432366073496,48.55918561040627,0,-1.0
857,26.243012529949965,0.1584719813118692,0.8435350281685982,1.0973445340984387,-87.90391808944268,487.49474659596603,None,26.85936996506676,20.09652247087922,20.333613847761175,0,-1.0
858,30.41785099681774,0.1912504983848629,0.9224730800301333,0.9413025453126647,10.226185765333227,472.947658155917,Sensor Noise 10x,64.25875103928334,30.57456896876419,45.711714431314896,0,-1.0
859,7.956888774275857,0.12864934171491454,0.9111660524153828,1.051038613447665,29.074378346311477,491.36409151852706,None,44.825434704024346,33.52763471464693,42.47949066534621,0,-1.0
860,39.89874275127548,0.15048438913345516,0.9235433248876601,1.0552114783814313,16.544592795432607,528.8764886552822,None,71.96124260697982,42.4426205286088,55.068813148291035,0,-1.0
861,25.397997563661242,0.17824441110830858,0.8970011514438238,1.0663377599074233,42.530381781015876,377.4070486008599,None,47.9380017011029,29.488090102309876,38.47056957671343,0,-1.0
862,28.597562119741102,0.1484071721750857,0.8327619178879784,0.8441495656506868,12.841115121553884,537.406438037256,None,66.96920805026463,38.20276322656068,51.64487900945702,0,-1.0
863,24.834323612220267,0.15904743592499468,0.920617746037204,1.1059012950141764,-77.98495412686376,383.97153753189855,None,27.247707609217777,20.358274025186166,20.712675710274212,0,-1.0
864,23.03433773938967,0.1287521294370624,0.886151907893337,0.9446225055780403,-69.03980566475194,366.65699960259366,None,36.28798784822615,22.94055105000066,27.033381283588746,0,-1.0
865,30.183814908869806,0.15856614194415297,0.8684779953985593,0.9648498425322914,17.365423957911432,594.0199215553669,Heater Stuck ON,64.60159304283869,46.433630648320275,51.74261940707347,0,-1.0
866,11.985811066882063,0.146257114699909,0.9317634698070905,1.3018524025010305,-40.503745444744766,589.2479422176103,None,41.48540068283531,31.52386999366612,37.97609485889259,0,-1.0
867,13.1867658722872,0.16971459991359725,0.8010511901030088,1.0306475954026109,-75.66387677374215,365.109136235141,None,23.9485519366669,20.456078491855983,20.406554426529507,0,-1.0
868,43.78035294560828,0.17374772103129502,0.818801691148491,0.9621044603734793,-12.671506179261584,460.8133603687405,None,76.90394311990674,42.829684069148286,56.3382232650046,0,-1.0
869,47.575195796013475,0.20179127284037227,0.8541070689387075,0.802094027051174,9.778067655057967,396.5612345749437,None,79.50088902779295,38.74852546823331,52.178821136071036,0,-1.0
870,21.798919232588883,0.1615926634642715,0.9175659063721476,1.149096996386586,-30.825722097070823,471.3362242836045,Heater Stuck ON,52.49902234399628,41.10840408461098,44.607990784133804,0,-1.0
871,17.183510291459918,0.15651592633164332,0.8032636507962094,0.874134550634622,39.678066400640034,557.5443107498968,None,46.90584707467796,29.341288384294543,39.067622000845866,0,-1.0
872,33.97997944575571,0.1538876860315467,0.827771138133198,0.9045263066767861,25.878709458224037,587.6529436857226,None,67.9018575428838,38.279036938773174,51.54421789024053,0,-1.0
873,23.39303769941434,0.14293667414378622,0.881292979796718,0.9674077282842249,-30.092695003499045,508.5631633628843,None,56.1186940951269,34.53211392665944,46.91927306487787,0,-1.0
874,6.142386004715519,0.15676967686923382,0.8507125911057778,1.152163154216996,45.87705520354092,438.47641680295425,None,33.453208142515265,26.691305788439326,32.86463650340963,0,-1.0
875,12.026866881478567,0.14409197179721941,0.8207416892924428,1.0803920652801022,26.76510765594638,500.8313914111496,None,48.684144450007366,35.85419341224473,45.559937498625466,0,-1.0
876,37.21875029813289,0.1533692195253923,0.8907716211558514,0.9843401596321854,24.740168169222372,428.0003265271126,Sensor Noise 10x,71.61244127926608,33.48837723223153,64.25678386632543,1,-1.0
877,34.65157738595681,0.1763519507121592,0.8124147470733454,1.031309347770311,9.616986141672243,577.4559102080151,None,69.04672386710266,41.522832127601305,53.939982005471485,0,-1.0
878,6.219319662656757,0.12986914869440716,0.8807558846447532,0.9417282110980331,-87.94985974406049,567.6001157764592,None,21.10748296389141,20.22489603511246,21.27108787905389,0,-1.0
879,14.988747286982726,0.1727975712225809,0.8304886819491799,1.0140633402587849,35.371293025840046,489.5579375699152,None,43.888744773887474,29.952313497092145,38.43467870032079,0,-1.0
880,15.398365846463212,0.1763423013467973,0.8861428008445312,1.007360631726757,-22.31247760035184,431.19972884509014,None,46.72905104320874,32.62780154722165,41.67885014925945,0,-1.0
881,35.23517346194278,0.14763862946017842,0.9047918986447809,1.1017248416366918,79.669747828558,423.34741889574457,None,34.06840172066426,20.16241820723871,20.352343128605014,0,-1.0
882,5.886974198946387,0.1075629020198281,0.8791231520093835,1.1015494859810433,57.237258793896956,358.3544986762649,Sensor Noise 10x,24.311807046061922,23.373513691929837,36.011198038787334,0,-1.0
883,9.684886189305823,0.13784356025811134,0.9268500594966249,1.050638146594714,15.785004515636203,553.9552127563238,None,48.11727294053015,34.18023484250373,45.70429819941234,0,-1.0
884,40.99622384179352,0.17593989093122217,0.6964799320917822,0.9644138652018098,-44.607243272531505,462.59580325975196,None,67.19292542413457,36.92880226937788,48.40622559957908,0,-1.0
885,13.034509792445013,0.14954263875402235,0.921066927135916,1.0770030492764644,-53.33086921002001,431.28323210006613,None,34.240008109034676,24.12543565124611,30.898910102962517,0,-1.0
886,34.37357485333436,0.1300139553541018,0.8625457437696242,0.9908453150231866,-28.730729218041155,467.77758874943845,Radiator Degradation,75.65683940344597,46.698543456613685,61.03101624868726,1,1380.0
887,15.718225147102693,0.13990450157543566,0.8924489592333176,0.8974557738588823,-4.217770155596668,554.684497613663,None,54.86642558630303,35.311822737741856,48.287983615284666,0,-1.0
888,9.474862674170533,0.16681240053009105,0.9117244389637156,0.9604736035006473,-36.708208192989524,381.1535519268803,Sensor Noise 10x,38.71752780249349,27.132170271060616,39.504580041678615,0,-1.0
889,15.942748594975434,0.1609346713640276,0.8472836628374565,1.0084885233013194,2.6873091706468983,564.4139970604568,None,54.066794837442444,36.035313757078114,48.366526339791456,0,-1.0
890,37.50201193350466,0.1452213580166061,0.9248884915322828,1.0952926396294438,-60.23332340762653,574.3772087770885,Heater Stuck ON,52.04548768384251,35.9878880162337,37.06090310390912,0,-1.0
891,43.50634106478286,0.14266351176370623,0.8140990071934711,0.9818145701599881,85.98830630858998,586.676978758472,None,39.72175204620923,19.253764074694462,21.564796112845148,0,-1.0
892,42.359893905514625,0.14216483701912355,0.8779304484462715,0.8861049593427176,-70.57358010630111,449.3719981056569,None,52.23316748679434,25.510349349602226,31.79522530464516,0,-1.0
893,22.873258832830466,0.13155179631002994,0.773504755589576,1.0056902969138026,77.74994513778697,404.285101009418,None,29.489493237847608,20.182749815348988,21.951421300340638,0,-1.0
894,35.063831145679075,0.18230751378938884,0.8817257177333623,1.0114102094689363,74.44404205248509,443.4102046166746,None,36.09919162728979,19.557029247597058,21.673852614720733,0,-1.0
895,14.224293293711943,0.1435535906157732,0.7322884968552632,1.0187575156697628,4.564886727509645,433.2280240578508,None,57.73928726956847,39.696436656446345,52.441844376168675,0,-1.0
896,18.191647861745597,0.17434317041650993,0.9024808686979344,1.0963507356325353,40.483848930495185,394.038478125715,None,42.186051510084425,30.111318485956637,37.802926305371415,0,-1.0
897,45.33511183345039,0.18042632103844902,0.9355276855030284,1.1072642395345242,-11.5113063649342,501.816667525372,None,72.9632405351968,42.115211292747894,53.91875623018592,0,-1.0
898,5.5850865579831215,0.1699662179629592,0.8938189306993327,0.9423098909333163,23.406223957638872,469.1560401271572,None,38.55223819139467,29.201664130826668,37.622496914923765,0,-1.0
899,8.847883888451063,0.14136759374563904,0.8601638915619798,0.940245426472269,-28.696331264198633,566.425248081001,Heater Stuck ON,44.58531003654169,38.02393117745699,42.24450440005346,0,-1.0
900,14.35488148157123,0.1580746018067322,0.7617950548806223,0.901207389265138,-35.791376438619835,358.02739512051454,None,47.429459636692826,30.909163719204624,41.17113893885476,0,-1.0
901,6.193949174321887,0.14951608787218168,0.9244987029846334,1.0723811684442681,14.081361510512465,510.96698188878156,Sensor Noise 10x,45.514571635695624,25.047330774184605,47.96319500384007,0,-1.0
902,13.164594579040878,0.13192596278539742,0.935803847516292,1.155903178169552,-0.3366586468835351,540.7372196278902,None,54.33856802788891,38.98369770354529,50.83624198848494,0,-1.0
903,31.236870243636147,0.15648718563443206,0.8358068050400616,0.9689830177459771,14.316546446996597,539.8716422970767,None,67.218984616712,39.85557535150891,53.439181184990545,0,-1.0
904,23.964104776662406,0.12641920417680394,0.7988000551335337,0.9761460557575623,-38.40109536833586,571.5184917738812,None,58.29825124600665,36.63004560791066,47.50859545849713,0,-1.0
905,45.17022699846387,0.17375358776923128,0.8691139854548421,1.1579813291827905,-23.947590272940857,532.2584357073736,None,71.50503831566661,43.02409143600305,54.36641323633832,0,-1.0
906,41.78496027822984,0.14070765405403213,0.8998761737767039,1.0518555398178064,-74.89836708679633,581.9525154119241,Partial MLI Loss,44.04981016008989,23.29779543157522,26.901787681528084,0,-1.0
907,20.38178082640442,0.15402319311745677,0.887435476820277,1.0445890667095792,-80.59025299100297,433.16414995522285,None,25.573267992721163,20.532194844818154,20.728482105561138,0,-1.0
908,16.67405450440816,0.15566575743092284,0.9210616767384776,0.8877264363752624,-44.377716658857075,475.8023541878858,Sensor Noise 10x,45.952372872983354,32.120551252501485,30.315380852531483,0,-1.0
909,22.08615836752701,0.14482190052591845,0.7796651007385531,1.070229174084824,-76.63556532050177,353.51991582072264,Heater Stuck ON,29.98407704275486,25.275536153231208,21.62066190429311,0,-1.0
910,31.56327241316635,0.16173387602950548,0.8491630222476052,0.9112721997859674,-71.32055244574667,351.7393968258228,None,39.623575480694136,21.200167398995276,25.485188876828417,0,-1.0
911,17.062863837029433,0.1405019268675495,0.9336648943377546,0.8927916691092206,56.32711297090867,410.03165511288,Heater Stuck ON,38.1239170108512,31.93827963281871,31.21804451404975,0,-1.0
912,33.08670085321103,0.16742594594914487,0.8132738027021393,0.9659172048801435,-83.00273453699593,375.2017992847713,None,33.68875927141665,20.49799979043399,20.942120008361666,0,-1.0
913,23.42352434860582,0.12308040639506503,0.8325163717178963,0.9431034754123578,28.609702908253695,415.0528419839384,Partial MLI Loss,57.879234175017395,35.69536366539221,47.135538094725526,0,-1.0
914,29.84212313833911,0.15252759159092824,0.7739862384674581,0.9780837590261116,-40.93960521322791,394.26082363209935,None,59.14467213530075,35.15078669024251,46.30194489093918,0,-1.0
915,24.62569381108925,0.1887785799811657,0.9037758162493011,0.8658027537001233,66.87822252746275,357.13000620966204,None,32.59021606395925,19.109762826557112,22.375965513884072,0,-1.0
916,18.250959179386296,0.1299933735078885,0.8600719295177786,1.1006287755667394,-2.7013887760500808,577.3260366015123,Heater Stuck ON,60.308948233405246,48.166095405545626,53.831497199430856,0,-1.0
917,47.68039881329705,0.13644510058950296,0.7117299188042548,1.119372913060244,-34.99623732099137,352.0557828472229,None,80.05826495396668,49.963659972642624,61.14696201359698,1,1270.0
918,39.36226073718924,0.1602781569931783,0.925557079083239,0.8230533575528715,3.175008424098209,534.0205360842714,None,74.62332515852206,38.24366074124633,54.28761440065539,0,-1.0
919,11.305092909490366,0.15359163563879194,0.8444849658151969,1.1027926999283448,-21.247556571851618,388.03697172987916,None,49.07544785103286,35.534174622427315,45.596948554808286,0,-1.0
920,44.081058915406075,0.15701260198547118,0.8686387643179085,0.9221449428244568,11.574191640569438,578.0574054999,None,78.74368401224314,43.37054798037399,57.7576622352105,0,-1.0
921,26.934403921228114,0.15978374260295328,0.8689078668951282,1.0894767702508596,-69.38408370125731,573.1989848974714,None,34.35949855774452,20.968562985415215,24.245344506115497,0,-1.0
922,45.25485021023411,0.1626944293712354,0.8332340395361717,0.9931787219920598,89.4582905062592,513.4752865923143,Radiator Degradation,39.91387931651535,20.436963700161535,20.36767469173858,0,-1.0
923,40.99348651762919,0.17219399683912445,0.9256839477622467,1.0028817005475859,-13.399942014590849,518.0585374501513,None,70.75188151117752,39.81959059538171,52.432089527946566,0,-1.0
924,24.134607701115506,0.15819637313857024,0.9180657436268135,0.9816604886871333,-27.31848485267364,351.33478549242216,None,55.399012417363394,34.276461482250916,44.476494275318636,0,-1.0
925,6.011118874405283,0.14517484690762913,0.856560022037893,1.1288652452464683,37.83777269692767,596.2178915284005,None,38.83961192437199,30.295419418312708,37.899444814664975,0,-1.0
926,17.090481172322573,0.16345147402405463,0.8669626794385283,0.8834162357754664,-24.498106830840157,569.4581508939536,None,49.90529684020775,31.82942296107862,42.241157259901115,0,-1.0
927,29.373539659739013,0.1879976386979043,0.8635678023507682,1.0626693888115835,59.98937490517639,573.776556432523,None,40.71818005392866,24.13610299028408,29.944506867294237,0,-1.0
928,33.50651989217663,0.14734732507234852,0.8682280775617788,1.1164265637243087,-8.231269615123452,514.811134262718,None,69.88482622955011,43.13540733727586,55.92571170101113,0,-1.0
929,16.604945844494104,0.13050941390658716,0.8560538760186126,1.0742621008295223,39.52051438777829,436.1967321636341,Heater Stuck ON,49.75351785612134,40.79675942970342,44.33939936866744,0,-1.0
930,11.271023333277085,0.17214161338573944,0.8439893852529031,1.2617124574322032,-70.65842104046042,573.4121622726202,None,24.000400354058172,20.287944019744483,21.132111670347555,0,-1.0
931,42.57186065596846,0.14759237672092804,0.8874999747779619,0.9484799046607438,62.30145339992012,422.8792320377981,None,57.09949102791345,29.560934434188724,36.954026118439984,0,-1.0
932,49.29809813165985,0.10654660907971927,0.9055733365843635,1.1004624298739292,42.42923762005978,490.6778858355507,Heater Stuck ON,79.87006885615435,54.48671105376767,59.24406396758191,1,1530.0
933,28.656058203620862,0.16694843354300842,0.877452654922238,0.9894470140948177,-51.890979876846174,374.9327430859706,None,47.43784046189553,28.056468316246725,37.05794773331615,0,-1.0
934,12.725567863173659,0.13929343628092153,0.928618444831096,1.1312696744222814,-63.8485182457584,580.4889075331876,None,27.24194189058391,21.595648225182877,24.35638128992023,0,-1.0
935,17.253829693371603,0.1481893343539168,0.8460652897733054,0.9992313959553906,-33.06737722938761,385.19261444280335,None,49.56018339203564,33.81516507781924,43.61746522918787,0,-1.0
936,5.827580444636003,0.1566396066113803,0.9156719881671549,0.9619550276764699,85.69270548574278,406.22420143260183,Heater Stuck ON,20.36340833663024,20.70331732763048,21.006597337206447,0,-1.0
937,46.143446295222454,0.1538099935955813,0.8665761951835107,1.1395201131314225,-43.77031657792945,489.53353953205374,None,67.33937306747738,39.64409347218208,49.7152122974776,0,-1.0
938,10.298798730056351,0.1641890363427808,0.8650131182246579,0.9520324164269037,-7.897102389606005,541.0232500532454,None,46.495806816578245,33.86188568714258,44.145047103069906,0,-1.0
939,30.94324139814141,0.14129027258860313,0.9078086129379525,0.8682526147109395,-84.59635937087947,504.83782648407475,None,32.25557452992801,20.097491044204272,20.601514943228555,0,-1.0
940,17.33248493092427,0.16026211596352163,0.907611266449031,0.949628248522041,-18.49904467807815,408.03347820003904,None,51.53628056460386,32.916835619904646,44.37583587876935,0,-1.0
941,29.938010113210705,0.14480906644832164,0.927990344728287,1.063859458861406,12.837602777958494,350.2357606318726,None,65.14491034246582,41.096385536116834,52.37131338744691,0,-1.0
942,34.31391747583389,0.16477620961775005,0.8949887710320078,1.1493584017452105,81.56243025143371,539.2876450768598,None,31.088538185887813,19.765650349082176,20.33478659907825,0,-1.0
943,42.33838116682407,0.16230734968026106,0.9043141117219575,1.0111749155932646,3.012488089211601,596.3018314777735,None,75.8497224489048,43.09222045294811,55.61961490034972,0,-1.0
944,14.288957229227144,0.13129122595910808,0.902624572297613,1.14090260365453,57.43931871198379,552.4782800765227,None,35.72467817048663,26.58942628417397,31.96865505820444,0,-1.0
945,5.494812289631621,0.17171964232350065,0.9362127194248775,0.8730019476606116,8.482975662402097,465.05165453915384,None,38.25331633474505,28.405116513794425,38.989218637214776,0,-1.0
946,11.159853353096327,0.13928073109771905,0.9012079830238591,0.9566417098690149,-82.65869758160675,575.9418153497767,None,22.80259828043933,19.380933489715947,20.837004329221834,0,-1.0
947,45.50083888316473,0.1661611559656229,0.8822027478757345,0.9715548897940086,-33.29851046584067,452.4619182795875,Radiator Degradation,78.49387384959358,44.62618812962476,56.89828385567686,0,-1.0
948,44.32505349031319,0.1573457462680268,0.8295402950087413,0.9886094267038426,13.598911409598585,481.2335210608669,Partial MLI Loss,75.85056911213252,42.239725105456465,55.67144934521237,0,-1.0
949,31.883589597663875,0.18676367353590245,0.8502232025474548,1.008444897481803,81.10691386760237,469.2824418489208,None,31.819088861490027,19.523996278078155,21.401995232799845,0,-1.0
950,32.0232587195144,0.14553068035256295,0.8144898457135546,1.071533816867601,64.643464755222,461.90596816638123,None,45.923510991324015,26.52547001353309,33.34378148125207,0,-1.0
951,34.9266503545815,0.14301366407763605,0.8669344772252361,0.9564940757297391,-48.89598944780742,543.7976923234764,Heater Stuck ON,59.820337090536086,41.1072763410704,44.54364852614289,0,-1.0
952,12.891707538055233,0.14961160788224534,0.7474377446791844,1.0139999630156904,-50.38023059655057,481.692226817373,None,40.200003358011884,27.978755775913072,36.39787379821639,0,-1.0
953,46.14853756662319,0.14393640434331448,0.9160053969368857,0.9954978760487421,-53.788865919497866,429.179280506304,None,65.00167596281875,34.647340044137266,44.06934681848126,0,-1.0
954,23.84467362014329,0.165998838038841,0.8352671608595916,0.9115680865561415,76.04980133445056,414.5395419146196,None,28.636568921230136,19.253655213780068,20.94190642407948,0,-1.0
955,22.241233771227385,0.11767378783126824,0.8554372146240603,0.9886976876023792,63.47990755830972,359.43682924185833,None,40.61164988836242,26.029842086648106,32.375933737844264,0,-1.0
956,28.35129673772769,0.12892635161707292,0.7431916405578587,0.9857367449402133,49.47901780553079,495.7987904707615,Sensor Noise 10x,47.986394960664576,36.942262124620555,43.06084896072297,0,-1.0
957,7.113468504877477,0.12864394156841613,0.9061059119830475,0.9836274547638612,-19.30767943963903,407.49035385025854,Radiator Degradation,48.594539393874435,35.46793387896906,47.80938056914584,0,-1.0
958,12.482751594023574,0.1690061518394715,0.8898217279300403,1.0031809943168972,0.788526773778031,387.0334805040958,None,48.28202133293286,32.91176061614248,43.97323279269033,0,-1.0
959,38.21151273918667,0.1842122674516385,0.8676861826190811,1.0075960588458224,-6.420285936872489,513.4574909569194,None,69.48435525107547,39.38425747271324,52.54404630181193,0,-1.0
960,8.72594005663069,0.14791101562925058,0.874687437270442,0.9576915574748388,-44.38834063931292,520.3023144553872,None,36.31501418798093,26.339949849500055,35.52298150778214,0,-1.0
961,32.14184492598747,0.1466235655361998,0.9072596691208366,1.1357252951391164,0.9050483067780561,538.0387230644164,None,67.98768655521977,42.175136060642316,55.62770796443504,0,-1.0
962,16.040709935659443,0.1514010432622636,0.6818406312662357,0.8896313968203182,-84.5106213865042,475.8942240846479,None,24.989434691984687,20.43049762389464,20.522505860475746,0,-1.0
963,22.518302631888943,0.1732375660521638,0.8548143853490225,0.9304406285993732,-66.27413277045736,573.5136513009717,None,33.17573624462659,20.62868191760082,24.7875065626696,0,-1.0
964,17.991218154681494,0.1314529373161885,0.9109709518040834,1.320481393846761,69.58612731041035,584.0856883495569,None,28.32076820219728,20.991747363621613,24.16932991560905,0,-1.0
965,21.00527224092271,0.1547673796546957,0.7786082975113673,0.9014063397728114,45.30235806565619,551.8427349481224,Heater Stuck ON,49.01032374159927,38.717847180004476,40.68676687590485,0,-1.0
966,37.357065733291044,0.1695039525956486,0.7864433192329356,0.8733879213630237,-13.883686369364327,508.8983705020468,None,73.49755289011107,40.860786105405786,54.07963544277007,0,-1.0
967,18.370477203042874,0.1600218833987969,0.9020039393085254,1.0762122218560706,3.087065211097908,425.93023839779715,None,53.94185045493871,36.451655224472326,48.36703887453551,0,-1.0
968,30.488208813360373,0.15379163233197488,0.8118002604771197,0.8124409979056061,-23.400200527204063,595.7362304050553,None,66.33414657565682,37.242852327205384,51.17125393167142,0,-1.0
969,26.422268098959485,0.17002092185134282,0.8836189891877004,0.9767472202220129,43.34037608892103,418.53404179798457,None,49.970301957126175,29.530681693259602,39.474400036768884,0,-1.0
970,34.86520244131917,0.09593535414001525,0.7972477515213352,1.2393443533812778,51.153692261774324,400.6642304976078,None,63.58825696501949,42.97780960757941,52.14818789285172,0,-1.0
971,47.15733826961411,0.16355750639061814,0.8829285204125161,0.8568489826282726,47.39133423656864,460.53852844664567,None,69.59164304947629,35.184243401963336,45.95199809702439,0,-1.0
972,37.965744374461266,0.13691848633745152,0.8305527760341809,0.8202087084789725,40.070110470200916,364.2101426780971,None,69.74214656469923,37.512965255337825,49.94360521012344,0,-1.0
973,14.672317036584055,0.11338734206287085,0.8806233368597549,0.8607784539109689,-53.18921903529675,594.6236161679477,Radiator Degradation,47.2063969321203,33.55339497339145,41.685959618289864,0,-1.0
974,6.40324107775781,0.1602240519904996,0.7999339462374411,1.0939948066137175,-29.16540373671382,497.1083891041062,Partial MLI Loss,39.62353138846929,30.409649133558144,38.75014629647963,0,-1.0
975,16.80188199349213,0.17747317090325915,0.9014509879830042,1.1190472705447894,-5.427821702938516,489.2380229160438,None,50.65117349977284,35.335120071276236,45.01677928892415,0,-1.0
976,31.77850688151147,0.14725102970744616,0.7901780812004112,0.9500326945177973,-30.457261543021993,513.94906997493,None,65.62616712067047,38.89439327265303,51.51141939695079,0,-1.0
977,7.314161606791266,0.16905749094405878,0.8670809931931033,1.07070920829303,45.88923602849923,474.25591194430166,None,33.65599557359712,24.207369263655373,31.929684663267004,0,-1.0
978,27.336481124055634,0.18224556515977292,0.8376205159776131,1.1491534406779198,-30.71636563500816,358.0158792736354,None,54.12007417439785,35.062044902557886,45.71940550013891,0,-1.0
979,31.857928201260016,0.17629828907168094,0.9220921797355865,1.1957034119343222,-65.11822437863931,503.07782221009916,None,37.91141158373756,22.11231247863088,26.670239482525965,0,-1.0
980,20.040975086763236,0.18279929058742786,0.8825494917485436,0.9756674011882034,-18.172718631305273,529.0434692391077,Heater Stuck ON,52.46039012022565,39.52587138491159,44.36059605516118,0,-1.0
981,39.69104916856199,0.16484254982143784,0.8433214188089675,0.7944166781933034,86.38459790082845,454.18726515601327,None,40.05236838112621,19.67887523497951,22.096935343230516,0,-1.0
982,9.796921391019731,0.15150867277803184,0.9367106303274613,0.9211909895976871,-49.34134567195634,539.3238930177982,None,33.153891018192574,22.909550578759237,30.549856537331944,0,-1.0
983,8.381200178111394,0.11796068376205662,0.8115856625689157,0.9582175687959965,20.18855860978124,406.7503248346052,None,50.19201912040467,36.95110847594296,48.120684906866984,0,-1.0
984,37.76849402916215,0.14507875023740102,0.8772815564982182,0.9744384918682826,-12.064851028852871,405.319147766546,Partial MLI Loss,70.23387429532715,40.701051443070625,53.703045928056845,0,-1.0
985,27.29710922927893,0.13313506809367615,0.8155813328194701,0.9813894158793423,-77.21557782312121,390.3542469218935,None,33.35901003324076,19.836899359205546,23.0040892007468,0,-1.0
986,35.978107839248125,0.19341885434995626,0.8109432465047259,1.1183892268353515,-2.1822109203492914,442.9986899472905,None,66.73267289829668,41.873541329914595,53.240730819531876,0,-1.0
987,24.56723023716858,0.14648228375135325,0.761406420487903,1.1359199402333355,36.38957915669624,561.7530088472708,None,56.90214206665796,37.46166862155534,47.61673894088136,0,-1.0
988,16.088091495759805,0.1524640961356897,0.9414623849299941,0.9829791541750047,2.3795956490073706,556.9780155372661,None,52.25094578651727,33.906039099181136,45.79074178814762,0,-1.0
989,41.85960429533899,0.16102970752080933,0.865350463240802,1.116108953307129,66.9790914743846,445.70605199087595,None,49.28783914365798,27.116988884611565,32.307371308592415,0,-1.0
990,40.97371455360407,0.15087204892744907,0.8103597990924611,1.036413439041668,-37.991337001635124,497.27968399505914,None,69.00743521589719,40.42131880921961,52.99578716740494,0,-1.0
991,36.26134118844921,0.18390102080861506,0.878601229913079,1.0064714471962801,-74.47514916528631,530.2040791187289,Radiator Degradation,42.927191103783024,23.662536399630497,28.505779938464663,0,-1.0
992,17.246531175348323,0.13754701276531095,0.8625571217292511,1.0948905628936496,78.58181009844111,410.3016936570057,None,24.471629352389417,20.038417929947016,20.535765793868812,0,-1.0
993,31.56038000910892,0.15389214910474486,0.9270363268559847,1.007251369593478,-21.924657084920582,392.03527147368675,Partial MLI Loss,60.34194645739945,36.13489284978951,47.78372958516301,0,-1.0
994,21.243825362301205,0.13515058828603904,0.7599008425320715,1.2284842811122036,13.752999261654011,593.0239983030777,None,62.2525531245188,45.514026179075174,55.14254848513637,0,-1.0
995,9.121193299698536,0.12359954977558588,0.8421502042674616,0.8660253341096099,52.56056270343527,504.38932830240464,Sensor Noise 10x,34.70368109457225,28.586016700186853,34.680135316662195,0,-1.0
996,46.279110895800926,0.13776461818189428,0.8420829386019604,0.9497874180427636,-31.623540502395493,595.353930458416,None,78.77285177537799,44.01529397965255,56.92747763351124,0,-1.0
997,11.156838391353263,0.14925926405903175,0.9052798666701274,0.9874278089939555,38.90961687197,434.4389967830573,None,40.12003842698759,29.136715198952853,37.50340194324391,0,-1.0
998,47.76068092193611,0.1414139555096548,0.7356898278902219,1.0449251635721195,-65.62460703279095,525.7579249935329,None,61.335617036797416,34.34904081092103,41.691079063079805,0,-1.0
999,25.070259783108007,0.13615158040252287,0.886051379898315,1.1351854716292435,-37.56712550300905,405.6509091353094,None,55.667298962426834,36.751949265661054,45.99265384008448,0,-1.0
