time,power_w,T_cpu_measured,T_cpu_real,T_cpu_estimated,T_rad_measured,T_rad_real,estimated_C,estimated_eps,residual
0,25.0,20.248357076505616,20.59813793147066,20.43034905482216,19.93086784941441,18.680912406122673,280.95409408070265,0.6106858537038696,-0.18199197831654246
5,25.0,21.06058389393934,21.16381183155454,20.842178761504954,18.563835718761005,17.531080487297004,280.01289623988265,0.5978439735564535,0.21840513243438764
10,25.0,21.52104680639863,21.697664037925392,21.238444119537803,17.91479785187346,16.525323961647246,278.835547512397,0.5812049804986615,0.2826026868608267
15,25.0,21.485832240078146,22.200506397480353,21.619578232378842,16.293615115241014,15.642400634852493,279.3744288201576,0.589089830446811,-0.13374599230069606
20,25.0,21.828510443665774,22.673277195533558,21.983542523004814,14.685760512523593,14.86436998700185,279.97051941047755,0.5982408638028187,-0.1550320793390405
25,25.0,21.90925948708767,23.117005909439683,22.330753730184085,14.357954426834638,14.176063262718344,281.51507049657573,0.6231495511314311,-0.42149424309641503
30,25.0,22.199692542813317,23.532784471606647,22.660629050609884,13.469911412050699,13.56464133702275,283.1127992759878,0.6504195347961699,-0.4609365077965677
35,25.0,22.980356375847016,23.921743945219646,22.97377241694261,13.598405439366712,13.019225171839821,283.0912345424144,0.6500296014465277,0.006583958904407439
40,25.0,23.235302873392374,24.28503569741025,23.272504714899128,13.074686466694754,12.530586480519958,283.2076019523671,0.6522350940544154,-0.03720184150675365
45,25.0,24.084113975705446,24.623816305602475,23.55710979737637,12.230267135560554,12.090888454011917,281.63622725244625,0.6209619167337831,0.5270041783290758
50,25.0,23.959187329952844,24.93923555864336,23.82964307642004,13.017027546266386,11.693468200256518,281.26394197874293,0.6132675154984285,0.12954425353280286
55,25.0,24.070782632877503,25.232427019396027,24.08931314043525,12.104740656308113,11.33265400339036,281.31479320027205,0.6143691145661503,-0.018530507557748876
60,25.0,25.02046435587812,25.504500703262522,24.336209179609625,10.352818941450472,11.003611693563528,279.5282789640987,0.5736578188662224,0.6842551762684934
65,25.0,25.308697248753692,25.75653750051498,24.5723542501039,11.372844983561233,10.702215386736668,277.6762629404996,0.5298126646475029,0.7363429986497927
70,25.0,25.425577924472936,25.989585031742138,24.79815090361285,10.551663538942023,10.424938649361764,276.1561261924082,0.49242452050905783,0.6274270208600861
75,25.0,25.376571444507242,26.204654677141946,25.013730678940135,10.19461926388187,10.168762798675232,275.3115784188306,0.47078732924827954,0.36284076556710687
80,25.0,26.142383257707504,26.40271956345424,25.219037852097358,9.287242720993865,9.93109959167208,273.25711887615904,0.4156877931928688,0.9233454056101458
85,25.0,25.9941056979806,26.584713328397356,25.415431995371705,9.592638591519101,9.709726005545008,272.01537988718405,0.3811334003921116,0.5786737026088957
90,25.0,26.901179844541034,26.751529512686886,25.602792099119824,10.175366065103107,9.50272918614246,269.3436039206573,0.3035540075577381,1.2983877454212092
95,25.0,26.41399861006436,26.90402145502162,25.782562758394192,9.668360901844242,9.308459952279122,268.0837662032116,0.2658026600862795,0.6314358516701688
100,25.0,26.49672600758315,27.043002586617092,25.954295695183703,9.215630463947214,9.125493503406403,267.0444452520681,0.23335401277548853,0.5424303123994463
105,25.0,26.291554544521105,27.169247039614845,26.11840302984166,9.531756414603503,8.952596195103638,266.7260023270831,0.22299025731942532,0.17315151467944645
110,25.0,26.993447387297977,27.283490498547337,26.27500717059911,9.45436264404965,8.788697428341038,265.4629638269184,0.17996646391208437,0.7184402166988662
115,25.0,26.833911596015177,27.386431236464546,26.425184545191087,8.969395231095245,8.63286585045131,264.7702724425243,0.15547756757623665,0.40872705082409055
120,25.0,27.253538335336167,27.478731287718063,26.569106742958752,9.415187678358313,8.48428919315802,263.6552001171948,0.11445012247743275,0.6844315923774147
125,25.0,27.786042573492214,27.561017718076414,26.70748373527732,8.527812727277105,8.342257179897842,261.95779198063536,0.1,1.0785588382148923
130,25.0,27.51393490795826,27.633883960090486,26.84106041039871,7.348472722597396,8.206147024415031,260.92849265152626,0.1,0.6728744975595475
135,25.0,27.729525525646373,27.697891187668176,26.969903837986237,8.945094046785789,8.075411118001114,259.8027660766424,0.1,0.759621687660136
140,25.0,27.220183412332744,27.75356970884974,27.094435414233942,7.8245325962088454,7.949566566123849,259.62179392015196,0.1,0.12574799809880233
145,25.0,27.85337551614438,27.801420359956126,27.214551113552716,7.68468646424033,7.828186288488325,258.73404776248293,0.1,0.6388244025916627
150,25.0,27.793748935309353,27.841915887759853,27.33089116730133,8.31250878375477,7.7108914414115475,258.1086733720012,0.1,0.46285776800802125
155,25.0,27.62973195089871,27.875502309202773,27.443604465557996,7.5148373648454685,7.5973449591382405,257.86435124203257,0.1,0.18612748534071244
160,25.0,27.98259280523247,27.902600240567722,27.55277446414709,7.7278725952281855,7.487246042501965,257.31716599857793,0.1,0.42981834108537953
165,25.0,27.751272886946378,27.9236061899706,27.65875344658309,6.779560671476759,7.380325450104806,257.2025422907656,0.1,0.09251944036328652
170,25.0,27.72472906353889,27.938893808655507,27.76156579163967,6.979186815493996,7.276341469739123,257.2468510855414,0.10221691950628915,-0.036836728100777094
175,25.0,28.119515493636158,27.94881509789417,27.86134008274462,8.219434420344388,7.1750764667822295,256.94543507485554,0.1,0.25817541089153906
180,25.0,28.06192777692291,27.95370156936974,27.95837867572118,7.137853508899146,7.076333922315484,256.82768186392195,0.1,0.10354910120173244
185,25.0,27.930170137741026,27.95386535779909,28.052762880541422,7.106449027285998,6.979935887230056,256.9633822872383,0.1073850545681166,-0.12259274280039634
190,25.0,27.8524657342418,27.94960028525287,28.144542176178163,7.1307095583968625,6.885720789975892,257.2776945132691,0.1249852621388493,-0.29207644193636284
195,25.0,27.364784232132852,27.941182877195786,28.233779351191288,7.457132197233403,6.793541545221672,258.1861023867829,0.17736546878276327,-0.868995119058436
200,25.0,28.340669037590725,27.928873330717124,28.320369551950478,6.338847817824302,6.703263918807693,258.1655782191978,0.1761415300952273,0.02029948564024764
205,25.0,27.236087665997022,27.912916435772274,28.40466807564394,6.996692465707828,6.614765111216968,259.31623629474313,0.24661970560538254,-1.1685804096469177
210,25.0,27.429696654017373,27.893542450524706,28.486321520119304,6.3316162464155825,6.5279325275718065,260.3198099749806,0.31036299317291755,-1.0566248661019308
215,25.0,27.65751580649561,27.870967932082692,28.5653570615371,5.75260081203874,6.4426627070440645,261.15142541617644,0.36514492285692496,-0.9078412550414896
220,25.0,27.35895892595515,27.84539652407517,28.641744614792515,6.679458922361655,6.358860388689152,262.2838040352749,0.44257174905714824,-1.2827856888373645
225,25.0,28.642720855955453,27.81701970261463,28.71527603707591,5.967233742521033,6.276437694199615,262.3452061150529,0.4469521270125176,-0.07255518112045678
230,25.0,28.249145286715493,27.78601748226572,28.78608804982946,5.661005535982637,6.1953134110166275,262.78280562153606,0.479376606492777,-0.5369427631139665
235,25.0,28.467773457289404,27.75255908367666,28.85393223736878,5.391571793736014,6.115412361728545,263.0838941522945,0.5027009005031685,-0.3861587800793771
240,25.0,27.91332197903664,27.716803564547092,28.91871833592171,6.5063237976172,6.036664847790803,263.8317719246804,0.5634406582919442,-1.005396356885072
245,25.0,27.08986376668762,27.6789004156023,28.98022570732553,6.297635630599252,5.959006157382873,265.16326592259,0.6776677542506381,-1.8903619406379093
250,25.0,27.83974266958897,27.638990123226336,29.038194641313453,6.132230262131361,5.882376128725809,265.95500135802325,0.7500993617905869,-1.1984519717244844
255,25.0,27.792870032401684,27.597204700376267,29.092556184543184,6.02891236537515,5.806718761461241,266.7579314241254,0.8286634547627669,-1.2996861521415006
260,25.0,28.569861197671102,27.553668187362007,29.143086806545796,6.0436352219171345,5.731981869773733,267.08617112091326,0.8633198825114254,-0.5732256088746936
265,25.0,27.923597869047278,27.508497124028793,29.18964338169195,5.244641034660073,5.658116771856044,267.75339877400546,0.9398750322710219,-1.2660455126446735
270,25.0,28.13120688388328,27.461800994830924,29.231957269701013,5.247775612680188,5.585078011094254,268.27940715043223,0.98,-1.100750385817733
275,25.0,27.713245508073502,27.413682648230463,29.269851702168864,5.996108091091498,5.512823105009659,268.9443389752905,0.98,-1.5566061940953624
280,25.0,27.337574788416422,27.364238691797482,29.303145369233675,5.135955022830914,5.441312318555333,269.6802850168905,0.98,-1.9655705808172534
285,25.0,27.004348626624953,27.313559864333172,29.33174129955995,5.4027614638482815,5.370508458840391,270.42677478427845,0.98,-2.327392672934998
290,25.0,27.50125221638543,27.26173138627695,29.35561483041863,5.784100083358402,5.3003766887620145,270.9219912422186,0.98,-1.8543626140331995
295,25.0,28.039086140077345,27.20883328960241,29.374810130569074,5.168048272143037,5.230884357368325,271.2082958725222,0.98,-1.3357239904917293
300,25.0,27.573409869433053,27.15494072834906,29.38939518785338,4.802305579160183,5.1620008450705654,271.50375637820986,0.98,-1.8159853184203278
305,25.0,27.448994669571398,27.10012427088185,29.39945057080172,5.05026945240764,5.09369742207241,271.7223086254503,0.98,-1.9504559012303204
310,25.0,27.3905601787026,27.04445017491429,29.40508358031053,5.0572829657439735,5.025947118599845,271.84866348800216,0.98,-2.0145234016079314
315,25.0,26.341772158322126,26.98798064627931,29.406416561945036,4.802689642566334,4.95872460569683,271.89412913977066,0.98,-3.0646444036229106
320,25.0,27.15063508053729,26.930774082380537,29.403581769339894,4.3358552163408355,4.892006085509365,271.82306104466704,0.98,-2.2529466888026057
325,25.0,27.17983983529078,26.872885301206566,29.396717310377994,4.450077367408799,4.825769190114329,271.6536841563642,0.98,-2.2168774750872124
330,25.0,26.959137582539462,26.814365756743825,29.385964392577307,4.254284041199018,4.759992888066392,271.363063472655,0.98,-2.426826810037845
335,25.0,27.152591753214264,26.755263741578858,29.371463994755914,5.301518509654031,4.6946573979329855,271.0043747896747,0.98,-2.21887224154165
340,25.0,26.124896931825955,26.695624577436263,29.353358962991138,4.2257448779754245,4.629744108175885,270.35192232810147,0.98,-3.228462031165183
345,25.0,27.011571072076485,26.635490794357395,29.331773475181762,4.887267951328909,4.565235502809401,269.79157476356664,0.98,-2.3202024031052773
350,25.0,26.980529700835472,26.57490229918693,29.30685687780573,5.1330183228997,4.501115092329712,269.1417525093039,0.98,-2.3263271769702563
355,25.0,26.960688997990808,26.51389653399383,29.27874250495711,4.343480470009539,4.437367349466967,268.40944439858214,0.98,-2.318053506966301
360,25.0,26.188032345897085,26.45250862502104,29.247560246516002,4.318958046096963,4.373977649356561,267.33460772911917,0.98,-3.0595279006189173
365,25.0,26.554413858786614,26.390771522722048,29.213402931953055,5.531306932693315,4.3109322137715935,266.3073620752847,0.98,-2.658989073166442
370,25.0,26.795254251095006,26.328716133411092,29.176404443273725,3.5045742781767677,4.248218059092494,265.30721543534537,0.98,-2.381150192178719
375,25.0,26.934895443143105,26.266371443024013,29.136694555370582,4.280358068640226,4.185822947722386,264.31101592568393,0.98,-2.2017991122274765
380,25.0,25.970743939211733,26.20376463345673,29.094397242897685,4.5256218221897235,4.123735342687041,262.80017550991715,0.98,-3.123653303685952
385,25.0,26.374309508440213,26.140921191922644,29.049546698843415,4.146521262638948,4.061944365178874,261.42043261459054,0.98,-2.6752371904032017
390,25.0,27.275472747448596,26.07786501374386,29.002276155676498,4.37890387633788,4.00043975483095,260.47698056785805,0.98,-1.7268034082279016
395,25.0,26.23391001564961,26.014618498966172,28.95277593959429,3.6695465224467556,3.9392118325226875,258.91606197626686,0.98,-2.71886592394468
400,25.0,25.681390309399184,25.951202643166482,28.90103578886402,3.881843611789238,3.8782514655379714,256.97268488268844,0.98,-3.2196454794648375
405,25.0,26.447304257976068,25.88763712279865,28.84707739004864,3.278103262010083,3.8175500349119034,255.45092889820793,0.98,-2.3997731320725713
410,25.0,25.71355923626435,25.823940375403197,28.791084665307608,3.4908854186250475,3.7570994048144826,253.41413082004536,0.98,-3.077525429043259
415,25.0,26.08997698910449,25.760129674988093,28.733036884437013,3.12665742764696,3.6968918938335946,251.58644935090786,0.98,-2.6430598953325237
420,25.0,26.88488600281237,25.696221202868514,28.67306976629584,4.213124524109168,3.6369202480292415,250.30000645959132,0.98,-1.7881837634834703
425,25.0,25.517897517154157,25.632230114237984,28.61140045418108,4.270375822622553,3.577177615642256,248.00003491668227,0.98,-3.0935029370269227
430,25.0,25.918032047985747,25.568170600725125,28.547862451702883,3.9644946423569243,3.5176575233480776,245.96729511695338,0.98,-2.6298304037171363
435,25.0,25.60238378928798,25.504055949177086,28.482602018751663,1.8970238533135413,3.458353853956112,243.66226682265182,0.98,-2.880218229463683
440,25.0,25.4418171325514,25.43989859689566,28.41562236433259,2.834462262973687,3.39926082546026,241.1970848957163,0.98,-2.973805231781192
445,25.0,24.788929213591505,25.37571018353799,28.346950923373186,3.1792385821117684,3.340372971356203,238.1428978981149,0.98,-3.5580217097816806
450,25.0,26.160491687587964,25.311501599882376,28.276486113828128,2.6224418957664835,3.2816851221431307,236.25564292496662,0.98,-2.1159944262401638
455,25.0,25.380794851978433,25.247283033647363,28.204638804970557,2.790930796619155,3.2231923879368765,233.667746503477,0.98,-2.8238439529921244
460,25.0,25.411010525344736,25.183064012539944,28.13126164374478,2.923083949357479,3.164890142124136,231.09413342651263,0.98,-2.720251118400043
465,25.0,25.05461554661809,25.11885344470039,28.056421026522173,3.22164881474976,3.1067740059934295,228.16597067463314,0.98,-3.001805479904082
470,25.0,25.976071302947357,25.054659656699357,27.980061104584536,2.4878662565800047,3.048839834282262,226.14637597566272,0.98,-2.0039898016371787
475,25.0,24.142817376025768,24.990490429234285,27.902543871604564,2.9729472867644704,2.991083701583875,222.26659522743677,0.98,-3.7597264955787963
480,25.0,25.195171786378168,24.926353030663677,27.82328379175226,2.6797339416735784,2.9335018895614553,219.44592622756207,0.98,-2.628112005374092
485,25.0,24.74401397425775,24.86225424850909,27.74270745496341,2.6388195110893493,2.8760908749201235,216.13290869707305,0.98,-2.9986934807056578
490,25.0,25.104892088030653,24.798200419046964,27.660684656145634,2.5296360772897963,2.8188473180906044,213.21526303461982,0.98,-2.555792568114981
495,25.0,25.01594214248585,24.734197455105345,27.5774142382416,3.2252783775100844,2.7617680525814876,210.20686633927147,0.98,-2.56147209575575
500,25.0,24.383747413115408,24.670250872173483,27.49290914966889,2.481677532483003,2.7048500749601203,206.44909592491032,0.98,-3.1091617365534816
505,25.0,25.039433028091697,24.606365812925844,27.40691257057165,2.694399277978046,2.6480905354235915,203.48507581426813,0.98,-2.367479542479952
510,25.0,25.309139302044617,24.54254707025615,27.319798142564082,2.3523048410056764,2.5914867289247923,200.89866957040977,0.98,-2.010658840519465
515,25.0,24.50533063598633,24.478799108911062,27.23177176261305,2.482646127311182,2.535036086820128,197.31023129677243,0.98,-2.726441126626721
520,25.0,24.95532121005118,24.415126085808026,27.142436180845777,2.941790904820447,2.478736169007675,194.33657431051918,0.98,-2.187114970794596
525,25.0,24.489371481498978,24.35153186911657,27.05211007231378,2.8197126546551567,2.4225846565267375,190.7607447807728,0.98,-2.562738590814803
530,25.0,24.577283891143804,24.288020056177572,26.960553089167263,2.357513129342895,2.3665793445909458,187.32787893385458,0.98,-2.3832691980234593
535,25.0,24.649188898257034,24.224593990330845,26.86787168718854,1.9574690029742094,2.310718136029152,184.03456964403043,0.98,-2.218682788931506
540,25.0,23.78509349718486,24.161256776716243,26.774172296247173,1.703623829635286,2.2549990351101883,179.47014342709133,0.98,-2.9890787990623124
545,25.0,24.620510829306944,24.098011297111725,26.678839285300512,2.567058943636266,2.199420141728808,176.1919152298484,0.98,-2.0583284559935677
550,25.0,24.155222003295144,24.034860223864655,26.582585776346775,1.7507929559858924,2.1439796459305853,172.21726038609083,0.98,-2.4273637730516313
555,25.0,23.759521951035573,23.97180603297261,26.485064396599796,2.6315395126394607,2.088675822756784,167.59271820128026,0.98,-2.7255424455642228
560,25.0,23.622205821485863,23.908851016364565,26.38593425458805,1.9279829019302872,2.0335070273895326,162.6961153556643,0.98,-2.7637284331021874
565,25.0,23.690040441721354,23.845997293430514,26.285054321448683,1.622396829606317,1.978471690580193,157.87808060253684,0.98,-2.595013879727329
570,25.0,24.03143329133129,23.78324682184575,26.182490544307996,1.725000102894628,1.9235683143434699,153.6951756385552,0.98,-2.151057252976706
575,25.0,23.96212338249016,23.720601407731863,26.078677094070827,1.1995261435948077,1.8687954679024301,149.41732225245903,0.98,-2.116553711580668
580,25.0,23.424127800145385,23.658062715194887,25.973575090927454,1.7620718920465066,1.8141517838688515,144.05310047948527,0.98,-2.5494472907820693
585,25.0,24.45838442145802,23.59563227527798,25.866433799027902,2.2429815954698613,1.759635954645887,140.92163800915108,0.98,-1.4080493775698812
590,25.0,23.64866119017927,23.53331149436508,25.758923457473884,1.2583712723269826,1.7052467290393452,136.10939142399957,0.98,-2.1102622672946154
595,25.0,23.451411074787778,23.471101662067554,25.649779741915893,1.8666060092083898,1.6509829090657036,130.842050353614,0.98,-2.198368667128115
600,0.0,23.793094285278286,22.79936620008698,24.6188795024068,2.4173523655669924,1.5967206828748317,111.46821029134668,0.98,-0.8257852171285123
605,0.0,23.367249475171814,22.157272449336972,23.497863660612097,1.9417926787303879,1.541901657297501,107.57155226822512,0.98,-0.13061418544028314
610,0.0,22.773879272634865,21.543113452883972,22.429260939805772,1.5481978576883986,1.4859855134387772,117.69040268725423,0.9596275935752138,0.3446183328290928
615,0.0,21.715968350379082,20.95529014650066,21.527382697201972,1.4982406005682485,1.4285610143158465,121.94895822272126,0.9485132082367191,0.1885856531771104
620,0.0,22.254453498301256,20.392303590375718,20.718150500439663,1.90819642735845,1.3693231010686873,151.9077611903625,0.8582191041187457,1.5363029978615934
625,0.0,20.576918860945703,19.852747882449535,20.107644424277396,1.8054834194290263,1.3080537202081928,157.43853969576494,0.8306954409415702,0.46927443666830726
630,0.0,21.501571729028466,19.335303678495336,19.548443798510903,0.903904577530617,1.2446057920008684,177.7437597263118,0.7163599397811908,1.9531279305175637
635,0.0,19.571290647735474,18.838732253857586,19.07573514879897,0.18265792984596496,1.1788898224077116,181.59508275372573,0.6873971257844409,0.4955554989365041
640,0.0,18.975293281380683,18.361870050133973,18.632215913488153,1.2540867156458153,1.110862738885885,184.03997240909644,0.667376350857751,0.34307736789252985
645,0.0,19.796450250753697,17.90362365726793,18.212288574004504,1.58607465797891,1.040518596088873,194.57158399267772,0.5750633565359755,1.5841616767491935
650,0.0,17.93178690853266,17.46296518768287,17.830460651862893,1.2864781818421258,0.9678808529735647,195.15017821870768,0.5691665643675959,0.10132625666976836
655,0.0,18.837709098872033,17.03892800438365,17.464004582047664,1.5576009133342081,0.8929959696437777,202.64675222154077,0.48932301021824065,1.3737045168243682
660,0.0,16.623886595618814,16.630602769511086,17.124043803699635,1.5699321567264841,0.8159281117791011,200.2111637915961,0.5183595412836783,-0.5001572080808216
665,0.0,17.6744364708244,16.237133783769195,16.792466806183995,0.018714282381917524,0.7367547838563269,204.44624343427563,0.467215449240866,0.8819696646404047
670,0.0,16.648952899162527,15.857715590540522,16.479583305667404,0.7602450807386979,0.6555632405251686,205.19697018491425,0.4574045602831375,0.16936959349512293
675,0.0,16.563448286095728,15.491589821447462,16.179099664973307,0.12175302583387138,0.572447549261824,206.82539357412705,0.4351639121817727,0.3843486211224203
680,0.0,15.931954386540669,15.13804226266808,15.891739697304104,0.8296669662911984,0.48750619747863766,206.98689177412652,0.43283916743410805,0.04021468923656535
685,0.0,14.942603370757464,14.796400123533601,15.61497163799072,-0.2795508878891735,0.4008401541869375,204.39077128688183,0.4716704481576873,-0.6723682672332565
690,0.0,15.316819276094796,14.46602949086747,15.34491619206824,0.026596885908660717,0.31255131058702545,204.28367153262798,0.4732916116414902,-0.028096915973444325
695,0.0,14.866183197632665,14.146332954213847,15.08462846495587,0.9021999026189387,0.22274123600055873,203.48142318347124,0.4858843097348566,-0.21844526732320446
700,0.0,15.507713379791035,13.836747388583092,14.832859714968208,1.100411657222161,0.13151019571677125,205.88608112721326,0.4470150520778957,0.6748536648228267
705,0.0,14.642828878443744,13.536741882638466,14.592995703524196,0.454198170509345,0.03895638588704742,206.0531368752315,0.44414722267054196,0.04983317491954864
710,0.0,13.364430912512464,13.245815801391984,14.361835406919795,0.38198211588626707,-0.05482465218028665,202.83606280276362,0.5015003420365745,-0.9974044944073306
715,0.0,12.666984478885693,12.963496973486258,14.135358490417218,-0.6464539085131742,-0.14974046988754708,198.1259755366179,0.5858688128967436,-1.468374011531525
720,0.0,13.120222180569476,12.689339994030775,13.911798602656575,0.20903065801043408,-0.24570202781853823,195.56195962252266,0.6313150831878993,-0.7915764220870987
725,0.0,13.009180186121151,12.422924634756896,13.69334729138518,0.5686057449671077,-0.3426239129343571,193.36977439524765,0.6705648397040176,-0.684167105264029
730,0.0,11.845837495656502,12.163854353958527,13.480063619932366,-0.37039776238266653,-0.4404244749850932,188.2031973947504,0.7642485072981269,-1.6342261242758642
735,0.0,12.414344160599256,11.911754899317486,13.268330757063097,-1.4741455250050315,-0.5390258975685924,185.45142103068474,0.8131679903877427,-0.8539865964638409
740,0.0,11.518988466729468,11.666272997277133,13.060470731652345,-0.2041896231535732,-0.638354216697735,180.50643736967197,0.9014056633213567,-1.5414822649228768
745,0.0,11.448808213965835,11.427075123134102,12.853584246872117,-0.8952876753660817,-0.7383392975746119,175.90156083183356,0.98,-1.4047760329062822
750,0.0,11.641572066495222,11.19384634647463,12.64759265437408,-0.2607681373239928,-0.8389147784537272,172.53454439275657,0.98,-1.006020587878858
755,0.0,11.685402238562142,10.966289246994052,12.443421827276609,-1.1040435876399477,-0.940017988953116,169.97273829226177,0.98,-0.7580195887144665
760,0.0,11.146318933921357,10.744122896111946,12.241529731811738,-1.457639150162803,-1.04158984889051,166.26013247435048,0.98,-1.0952107978903811
765,0.0,10.373039558710866,10.527081900133737,12.04014185837616,-0.05922728243231534,-1.1435747526516025,160.50120043381432,0.98,-1.6671022996652933
770,0.0,10.39966744857322,10.314915501017254,11.836454492232406,-1.0365847972844915,-1.245920443198088,155.30480217204178,0.98,-1.4367870436591854
775,0.0,10.421738052026772,10.107386731085796,11.630903192313042,-0.9388370931763753,-1.3485778790721952,150.74724816104612,0.98,-1.2091651402862702
780,0.0,10.054554217634326,9.90427161828461,11.424110364846797,-1.6364869993945352,-1.4515010971269362,145.400849901264,0.98,-1.3695561472124709
785,0.0,8.961077622494308,9.705358438814926,11.214804825375097,-2.209096628226212,-1.5546470731877093,136.17532749603873,0.98,-2.253727202880789
790,0.0,10.731182178589156,9.510447014194654,10.996995180358056,-1.6791650929658986,-1.6579755824130302,134.96724117622983,0.98,-0.2658130017688993
795,0.0,9.865197745288352,9.319348049995881,10.782989439404275,-0.11853517818541137,-1.7614490607618336,130.83527239721946,0.98,-0.9177916941159232
800,0.0,9.45050156326585,9.131882513690528,10.567943604310813,-2.2392192810620464,-1.8650324686711315,125.62430923722616,0.98,-1.1174420410449635
805,0.0,9.424903254281991,8.947881049206785,10.349998845460107,-2.243207841313283,-1.9686931577999758,121.07429856350088,0.98,-0.9250955911781151
810,0.0,8.81223980065632,8.767183425955466,10.130230207698958,-2.509467159607173,-2.07240074148865,114.29722389734118,0.98,-1.3179904070426378
815,0.0,9.39217471284125,8.589638020229359,9.90445899313437,-2.0763870621469587,-2.1761269694139855,111.43295414019089,0.98,-0.5122842802931196
820,0.0,8.809180581121751,8.415101327014213,9.680236416801108,-2.6067690700781174,-2.2798456067804977,106.47574176112327,0.98,-0.871055835679357
825,0.0,8.862253898998407,8.243437500375535,9.453289618393796,-2.798468683943726,-2.383532318276025,102.9156242975782,0.98,-0.5910357193953892
830,0.0,7.980309062073427,8.074517920699805,9.226564183856226,-3.074932183758193,-2.4871645569258476,100.0,0.98,-1.2462551217827986
835,0.0,9.20102637496787,7.908220787178607,9.001424715937276,-3.1864483438354183,-2.590721457907023,101.26793803452708,0.9687364215057706,0.1996016590305949
840,0.0,7.751948136394792,7.744430734023865,8.786597276161558,-2.834284149789371,-2.6941837373236694,100.0,0.98,-1.034649139766766
845,0.0,7.478854692649877,7.583038468996676,8.57594119738826,-2.669922923351256,-2.7975335958963683,100.0,0.98,-1.0970865047383835
850,0.0,7.88217268613315,7.423940432920176,8.37166730011478,-2.822652650620937,-2.900754627483252,100.0,0.98,-0.48949461398162963
855,0.0,7.131660522060904,7.267038478927645,8.17318920882775,-3.1891402927674184,-3.00383173232035,100.0,0.98,-1.0415286867668465
860,0.0,7.676699009816865,7.1122395702752215,7.979985222412154,-3.4926093547196255,-3.1067510348469796,100.0,0.98,-0.3032862125952889
865,0.0,7.644933554825842,6.959455495618329,7.791590619021633,-3.9414536754076654,-3.209499805967141,100.0,0.98,-0.14665706419579116
870,0.0,6.783035864906215,6.808602600719496,7.607590929338926,-2.9242004716705616,-3.3120663895856524,100.0,0.98,-0.8245550644327109
875,0.0,6.059034122217057,6.659601535617128,7.427616050123731,-4.125837608527234,-3.4144401332507073,100.0,0.98,-1.368581927906674
880,0.0,6.940399604943964,6.512377016342668,7.251335087660607,-3.8665984458029117,-3.5166113227299434,100.0,0.98,-0.3109354827166433
885,0.0,5.830697654078466,6.366857600330604,7.078451835890803,-3.5496512220536016,-3.618571120345848,100.0,0.98,-1.2477541818123372
890,0.0,6.188239588870695,6.222975474715497,6.908700807016999,-3.594871784687641,-3.7203115068962234,100.0,0.98,-0.7204612181463039
895,0.0,6.1762887866287235,6.080666256759116,6.7418437435258625,-3.217165102289003,-3.8218252269869595,100.0,0.98,-0.565554956897139
900,0.0,6.6424624637839464,5.93986880569679,6.5776665501557545,-4.3866786543157685,-3.9231057376083527,100.29757460612711,0.97637495805576,0.06479591362819193
905,0.0,6.8030269170530335,5.8005250453337,6.4164347287774035,-5.158927987671998,-4.024147159788981,102.03496906144431,0.9547593181017172,0.38659218827563
910,0.0,6.229919889619161,5.662579796761918,6.260063118746928,-4.125669852810478,-4.124944233167412,101.9058944908749,0.9564437824123556,-0.030143229127766347
915,0.0,5.499989218037494,5.525980620607015,6.105410054984247,-4.081649339430962,-4.225492273325187,100.0,0.98,-0.6054208369467533
920,0.0,6.247872246831113,5.390677668247861,5.9498325344569025,-4.098281851674581,-4.32578713173308,101.29413790349496,0.963363433237548,0.29803971237421045
925,0.0,5.321390959063302,5.2566235414864195,5.798152641776369,-4.569590243769326,-4.425825158165878,100.0,0.98,-0.4767616827130672
930,0.0,5.589202562994626,5.123773160175006,5.646336736735577,-4.6363173985760096,-4.525603165447933,100.0,0.98,-0.05713417374095098
935,0.0,6.295575225312961,4.992083637338453,5.496314890200949,-4.090040813732087,-4.625118396398477,103.34115075149464,0.9354578105966261,0.7992603351120113
940,0.0,5.72558619274632,4.861514161354933,5.352551053118418,-4.829156082909253,-4.724368492851056,104.7864417036689,0.9146795629928608,0.3730351396279019
945,0.0,4.489203541050938,4.732025884786481,5.211863212408957,-5.659764453363984,-4.8233514666274,102.08562553382673,0.9549117415103978,-0.7226596713580191
950,0.0,4.871845480242836,4.603581819472652,5.068720934901478,-3.985132810489759,-4.922065672352289,101.31759010808133,0.9658666289461187,-0.19687545465864176
955,0.0,4.623558790655924,4.476146737524914,4.925957266386149,-4.507362881760545,-5.020509782001568,100.13270596746453,0.98,-0.30239847573022516
960,0.0,4.722435175346918,4.349687077879935,4.783015268056431,-4.635077185058084,-5.118682761081004,100.0,0.98,-0.06058009270951281
965,0.0,5.04903450868975,4.224170858090929,4.641352957227184,-4.949434557333797,-5.216583846339063,101.6043314748463,0.9573499180487025,0.4076815514625656
970,0.0,4.667055105641749,4.099567591054097,4.503161960903071,-4.081237417436865,-5.314212524922425,102.22324637375922,0.9482488280766206,0.16389314473867778
975,0.0,4.34922617497152,3.975848206385365,4.366846276355375,-5.543892974692547,-5.411568514886767,102.15803941965233,0.949226803070044,-0.017620101383855058
980,0.0,4.515649952375481,3.852984976179812,4.231440119485001,-5.8396104278412,-5.50865174698157,103.2029577802709,0.933459896521388,0.28420983289048074
985,0.0,3.737904786759027,3.7309514449016206,4.098328575509129,-5.269161834108375,-5.605462347631715,101.91409714106629,0.9534452751233516,-0.3604237887501016
990,0.0,4.3726124496505525,3.609722363166213,3.9644986904992834,-5.860470547059088,-5.702000623042295,103.3992095572156,0.9308264271681719,0.40811375915126913
995,0.0,3.2424005624527545,3.489273625192311,3.8335126533355037,-5.924147253080351,-5.798267044358624,101.32510070152394,0.9635720878290842,-0.5911120908827492
1000,0.0,3.9890223310907853,3.3695822097126324,3.700821978537192,-6.259349706447437,-5.894262233815937,102.36997412674786,0.9476143869292909,0.2882003525535932
1005,0.0,4.167874045642846,3.2506261241447305,3.5704597876951425,-5.687544782204086,-5.989986951818196,104.47518648561038,0.9145510373006882,0.5974142579477038
1010,0.0,2.9834460206407645,3.132384351836663,3.4434740924114067,-6.612314303473904,-6.085442084888143,102.92862244064392,0.9399991898109032,-0.4600280717706422
1015,0.0,3.9993846417591983,3.014836802210766,3.315352047369572,-5.758259256711114,-6.180628634434811,105.28261567032054,0.9021769274069426,0.6840325943896262
1020,0.0,3.2730839572725965,2.8979642636400627,3.190817373183222,-6.743373158083999,-6.275547706286943,105.55152268125063,0.8976302043889911,0.08226658408937437
1025,0.0,3.080142544863988,2.7817483589026324,3.067240972699665,-6.220850308984497,-6.370200500945089,105.59324461768573,0.8969174770555032,0.012901572164323305
1030,0.0,3.1391447722578603,2.666171503065698,2.944412600330736,-6.258258488805523,-6.464588304506549,106.21864463307416,0.886164584130982,0.19473217192712422
1035,0.0,3.0181400082955987,2.5512168636627734,2.823026929154082,-5.523576056269032,-6.558712480221345,106.8339910672784,0.8753953947221516,0.19511307914151654
1040,0.0,3.463404660014886,2.43686832303257,2.7030553140024836,-6.814320318436938,-6.652574460639016,109.18936588776432,0.8334464566814466,0.7603493460124024
1045,0.0,2.488946374814055,2.323110442697782,2.5863085816407647,-6.624712004494669,-6.746175740308956,108.90232170073826,0.8388157157825984,-0.09736220682670993
1050,0.0,1.5912428239234209,2.2099284296679684,2.4699276654898767,-5.98140058057865,-6.839517868998655,106.31417802456251,0.8872523262772601,-0.8786848415664559
1055,0.0,2.1102612492506894,2.0973081045581807,2.3516373781207562,-7.3455700566287385,-6.932602445397606,105.57427227291478,0.9005522300227993,-0.24137612887006688
1060,0.0,2.622090236372247,1.985235871420116,2.2335786305088163,-6.895943461803404,-7.02543111127477,106.77068799514879,0.8791542867503678,0.3885116058634308
1065,0.0,1.450331021873895,1.8736986891904621,2.117789900127775,-7.193323460919834,-7.11800554606134,104.77820712254423,0.9159002728036005,-0.6674588782538802
1070,0.0,1.8559888728662801,1.7626840446642404,2.000751475839934,-7.869577022620393,-7.2103274618309,104.33328439588011,0.9238665806023604,-0.14476260297365373
1075,0.0,1.7378725117323262,1.6521799269084454,1.8841835644681169,-8.558770783301686,-7.302398598651223,103.88369097643576,0.9319146887894896,-0.1463110527357907
1080,0.0,1.6477398466529645,1.5421748030348112,1.7679995607158503,-6.954295416244514,-7.394220720283727,103.513928949589,0.938527000793072,-0.12025971406288583
1085,0.0,2.215973472169936,1.4326575952554208,1.6522039693570036,-7.528665065561142,-7.485795610208243,105.24699463198671,0.9075419804123316,0.5637695028129324
1090,0.0,2.8293541779506692,1.3236176591502158,1.53892855140964,-7.456186393200999,-7.5771250679510445,109.06204349260717,0.8366488538663642,1.2904256265410292
1095,0.0,1.4210834241829757,1.21504476307814,1.4299431694288955,-7.478082687567117,-7.668210905697038,109.03773350905477,0.8371353955355882,-0.008859745245919814
1100,0.0,1.0372643619679405,1.1069290686684212,1.3212200703177928,-7.941640376317234,-7.759054945166497,108.26060574636195,0.8527229294789314,-0.2839557083498523
1105,0.0,0.9437998314713575,0.9992611123325332,1.2121691207734102,-8.115477836505079,-7.849659014740041,107.51892664380651,0.8674490055465937,-0.2683692893020527
1110,0.0,0.979898055974959,0.8920317877391426,1.1029521615569138,-7.097662520448697,-7.940024946813935,107.17611735590273,0.8741985958928838,-0.12305410558195473
1115,0.0,1.5454626521734955,0.7852323291998573,0.9940297021858555,-7.31698235056512,-8.030154575371569,108.71247004263101,0.8439641856888487,0.55143294998764
1120,0.0,0.7211269806658867,0.6788542959148458,0.8872201847237307,-8.215875008369464,-8.120049733755764,108.26528012219893,0.8530673296751659,-0.166093204057844
1125,0.0,0.39675419301501574,0.5728895570312034,0.7805300349875779,-8.675337656488677,-8.209712252628549,107.22929577958136,0.8740929136363994,-0.38377584197256215
1130,0.0,1.1471152434945588,0.4673302774691592,0.6734519689792933,-7.573934705131469,-8.299143958106242,108.52446769592007,0.8481528910566594,0.4736632745152656
1135,0.0,0.008777276586379168,0.3621689044742311,0.5682477496385445,-8.561404091246128,-8.38834667005716,107.03994645579618,0.8787803465669594,-0.5594704730521654
1140,0.0,-0.14332787111136025,0.2573981548552524,0.4621921981531045,-8.031847454970967,-8.477322200551157,105.3984062998789,0.9119158812812449,-0.6055200692644648
1145,0.0,0.17515669032013367,0.15301100287149438,0.3551807469207233,-8.121842216449412,-8.566072352450703,104.89849574012041,0.9217633837091125,-0.18002405660058965
1150,0.0,0.07730596557367342,0.04900066873250353,0.24832594062695534,-7.98640745076858,-8.654598918133274,104.42221009686855,0.9311146986855074,-0.17101997505328193
1155,0.0,0.4613626620799903,-0.05463939232180337,0.1415560224284036,-8.358048289149082,-8.742903678336177,105.3158647450803,0.9136346078501703,0.31980663965158673
1160,0.0,0.21244424426408653,-0.1579155003927326,0.03611401868812436,-9.368460466528829,-8.830988401115462,105.79815138985816,0.9040004140283431,0.17633022557596217
1165,0.0,-0.14671995184634706,-0.26083376077531284,-0.06855806914370532,-9.092349911374981,-8.918854840910058,105.5869776036217,0.9082693259548367,-0.07816188270264174
1170,0.0,-0.5097231674714623,-0.36340007332040614,-0.17319021904791043,-9.623085489091837,-9.006504737704574,104.67662815211096,0.9266424640842045,-0.33653294842355186
1175,0.0,0.042529277912575436,-0.465620141332181,-0.2784604009765417,-9.646719413952717,-9.093939816283239,105.55748423626194,0.9091246745094306,0.3209896788891171
1180,0.0,-1.4040126234880737,-0.5674994800257878,-0.38263107967566157,-8.24571163213822,-9.181161785568293,102.8080908529064,0.9648445857833287,-1.021381543812412
1185,0.0,-0.5136302557211964,-0.6690434245697929,-0.48930878897601815,-9.453621328972767,-9.268172338036834,102.73927972435241,0.9661708873701299,-0.02432146674517821
1190,0.0,-0.5859759133903207,-0.7702571377344043,-0.5957633623645506,-8.716521397028574,-9.35497314921048,102.76692050186931,0.9656373652333697,0.009787448974229895
1195,0.0,-0.5935569692252116,-0.8711456171667464,-0.7020105382460429,-9.536779255317407,-9.441565877212383,103.0724066399077,0.9597277738674344,0.10845356902083125
1200,25.0,-0.6160258491154188,-0.36206597368504845,0.34796100832966204,-10.296650073540697,-9.52782943938189,129.92958105456353,0.98,-0.9639868574450808
1205,25.0,-0.1943643066118909,0.11781891619631324,1.1042022506311469,-9.44239672031792,-9.613207464703578,150.6581740843661,0.98,-1.2985665572430378
1210,25.0,-0.214871752180771,0.570209872760131,1.705520602952447,-9.439416612022743,-9.69716061201234,171.72534370425245,0.98,-1.920392355133218
1215,25.0,-0.2160917856778246,0.996700197954965,2.1964662854255153,-9.5992379844635,-9.779277891387778,190.7167153997801,0.98,-2.41255807110334
1220,25.0,0.7890067653463844,1.3987834084749693,2.6106917105134357,-10.630569693506699,-9.859254050852542,201.6274407279161,0.98,-1.8216849451670514
1225,25.0,1.2281306391885805,1.7778602916783939,2.979378834938643,-9.731239183695603,-9.93687062189764,210.46981005018324,0.98,-1.7512481957500627
1230,25.0,2.2175833170615147,2.1352453584453883,3.3125012628042896,-9.429685589388574,-10.011980049177964,215.2608729308097,0.98,-1.094917945742775
1235,25.0,1.1202572432699567,2.4721727574430474,3.620129263816409,-10.324389338025803,-10.084492418933564,225.14862933808274,0.98,-2.4998720205464524
1240,25.0,2.374938752274989,2.7898017070099286,3.8982996150255076,-10.447364325510296,-10.154364376147043,230.36297496176482,0.98,-1.5233608627505184
1245,25.0,2.0752640083485168,3.089221493793275,4.155774975532154,-10.460123277643017,-10.221589884245986,236.81137422786296,0.98,-2.080510967183637
1250,25.0,2.3094718611037743,3.371456081187034,4.3931844852525614,-10.897432187054154,-10.286192535092539,242.6091837476367,0.98,-2.083712624148787
1255,25.0,3.5980931809770498,3.637468365386553,4.6130340158410945,-10.76089197950851,-10.348219162587725,245.1638459328431,0.98,-1.0149408348640447
1260,25.0,3.601029274470286,3.888164112365871,4.8195335824455015,-10.255801100740287,-10.40773455173786,248.01674880491805,0.98,-1.2185043079752154
1265,25.0,3.971422157902352,4.124395605189818,5.013319746354227,-10.695553464856747,-10.464817067579531,250.2812192103982,0.98,-1.0418975884518753
1270,25.0,5.152873680828234,4.346965027709416,5.195654005789663,-10.512847017441857,-10.519555055857154,250.36796902184003,0.98,-0.04278032496142892
1275,25.0,3.7583100071386832,4.556627607769542,5.368702886499477,-10.537049301105634,-10.572043890573923,253.46807280952274,0.98,-1.610392879360794
1280,25.0,4.0197793848417005,4.754094540529138,5.530977487142991,-9.665819611575458,-10.622383563157484,256.1642970626463,0.98,-1.5111981023012904
1285,25.0,4.262445339185227,4.940035710288271,5.683430595814173,-10.306179693629725,-10.670676724547661,258.52234211691984,0.98,-1.4209852566289456
1290,25.0,5.052762199818915,5.115082227298217,5.826865367065693,-11.45578908449289,-10.717027105507043,259.7205257911857,0.98,-0.7741031672467784
1295,25.0,4.804710405228514,5.279828794349271,5.962415203658793,-10.754243820057066,-10.76153825226379,261.4069612035166,0.98,-1.157704798430279
1300,25.0,5.192999759143396,5.434835916461282,6.090253508529884,-11.429210431618841,-10.804312524571287,262.6322463255766,0.98,-0.897253749386488
1305,25.0,5.574785460210936,5.580631965709472,6.211010274771468,-10.524417300605768,-10.845450311681702,263.4494678986267,0.98,-0.6362248145605314
1310,25.0,5.842023353913701,5.717715112078224,6.32522201491696,-10.615860272067485,-10.885049428836226,264.0349079830559,0.98,-0.48319866100325903
1315,25.0,4.740908227600741,5.846555130231991,6.433297644492882,-10.670240319269933,-10.923204662863782,265.97167753709545,0.98,-1.6923894168921407
1320,25.0,5.844761330893051,5.967595091201474,6.5350128478618785,-11.561578950773937,-10.96000744053623,266.70996763567024,0.98,-0.6902515169688277
1325,25.0,6.364859928414871,6.081252947192468,6.631141743575768,-10.979785017464557,-10.995545597589171,266.9784864083825,0.98,-0.26628181516089633
1330,25.0,5.973927412535674,6.187923017020694,6.722103465720181,-10.980667527841298,-11.029903229910985,267.69190730018795,0.98,-0.7481760531845074
1335,25.0,5.815823256636882,6.287977379047902,6.8079831259844354,-10.981842841440494,-11.063160611429964,268.5830137530529,0.98,-0.9921598693475531
1340,25.0,5.963663386180578,6.381767177930385,6.888964270535837,-11.217746673164283,-11.095394165780078,269.3642939346262,0.98,-0.9253008843552593
1345,25.0,6.041965028081822,6.4696238509865225,6.965309885855447,-10.467516102993319,-11.126676480974254,270.09736293419,0.98,-0.9233448577736256
1350,25.0,6.282045772869362,6.551860279533912,7.037248087029241,-11.346542010111342,-11.157076358119525,270.6609368806388,0.98,-0.7552023141598783
1355,25.0,6.561948325497764,6.628771870134813,7.105023068329956,-10.641154088385207,-11.186658886731152,271.0420525774139,0.98,-0.543074742832192
1360,25.0,6.679746536623024,6.700637570318861,7.16886278253196,-10.741843488919434,-11.215485540477289,271.3649902174754,0.98,-0.489116245908936
1365,25.0,7.156169674536304,6.7677208230109045,7.228950018153171,-11.474129765527476,-11.243614288261881,271.4101745544555,0.98,-0.07278034361686636
1370,25.0,7.845024216816892,6.830270463587226,7.285501746994441,-11.42503356848171,-11.271099716452284,271.08323287723033,0.9486180070873247,0.5595224698224506
1375,25.0,7.4896150478560966,6.8885215632006975,7.338738064831944,-10.481313643586928,-11.297993158812687,271.00012469703955,0.9401541481730299,0.15087698302415298
1380,25.0,6.615628777701043,6.942696221761594,7.388763392007661,-11.438885463242942,-11.324342831338697,271.4005010718485,0.98,-0.7731346143066178
1385,25.0,6.424883230763183,6.993004313723418,7.435644419059372,-11.826413214714732,-11.350193969715235,271.8903932181609,0.98,-1.0107611882961889
1390,25.0,6.921264315170959,7.039644189609362,7.479498456429724,-11.233086603446974,-11.375588967562805,272.14307005633293,0.98,-0.5582341412587644
1395,25.0,6.48994845386746,7.082803336016127,7.520483612322494,-10.883427768324514,-11.400567514004308,272.57867105581835,0.98,-1.0305351584550335
1400,25.0,7.011232550300275,7.122658996649363,7.55868712197389,-11.063157767921005,-11.425166729393027,272.79405599512535,0.98,-0.5474545716736143
1405,25.0,7.270516573979953,7.159378756775652,7.594250039999963,-11.3419406252865,-11.449421298294965,272.9125403348781,0.98,-0.32373346602000996
1410,25.0,7.263929550785699,7.193121093321338,7.62728731493479,-10.221771228339518,-11.47336359903079,273.0360432316013,0.98,-0.36335776414909127
1415,25.0,6.890734683575655,7.22403589270283,7.6578958914799955,-11.784933862243172,-11.49702382925608,273.27754432487666,0.98,-0.7671612079043406
1420,25.0,6.871440963236438,7.25226493834009,7.686157812928684,-10.902515563702304,-11.520430127203497,273.51416759912945,0.98,-0.8147168496922461
1425,25.0,6.9358265857401555,7.277942369680034,7.7121663962587945,-11.936607913755612,-11.543608688325548,273.7215070618209,0.98,-0.776339810518639
1430,25.0,6.973459529006978,7.30119511444218,7.736013273646961,-11.227142779447792,-11.566583877175162,273.90811201544756,0.98,-0.762553744639983
1435,25.0,6.517511025296205,7.322143295689898,7.75778513102324,-10.792831276510132,-11.589378334437583,274.18504331160165,0.98,-1.2402741057270354
1440,25.0,6.992368844000167,7.340900615231931,7.777556907329483,-11.783229114405575,-11.612013079089706,274.3441066008222,0.98,-0.7851880633293167
1445,25.0,7.4870602972306575,7.357574714764382,7.795415707207894,-11.282740942753291,-11.6345076057151,274.40050024474266,0.98,-0.30835540997723676
1450,25.0,7.250229694753739,7.3722675160772155,7.811441897665304,-12.033656227984327,-11.656879977039637,274.4925916774646,0.98,-0.5612122029115652
1455,25.0,6.99002039231803,7.38507554156746,7.825703650748892,-11.673443463476536,-11.679146911786177,274.61458968976194,0.98,-0.835683258430862
1460,25.0,7.111474827410138,7.396090216224934,7.838267372757002,-11.567252935966728,-11.701323867969336,274.70802119857024,0.98,-0.7267925453468642
1465,25.0,7.977381983300621,7.4053981521864785,7.849199637067443,-10.437857655032525,-11.723425121768685,274.693687044041,0.972796172660175,0.12818234623317792
1470,25.0,7.149572028122417,7.413081416886939,7.858567545824428,-11.201344683234149,-11.745463842132835,274.76163196912023,0.98,-0.7089955177020109
1475,25.0,8.32704024600225,7.4192177857733554,7.866431136741653,-11.453499749469854,-11.767452161274889,274.724587014961,0.9541122543933027,0.46060910926059684
1480,25.0,7.706779599799949,7.423880980490708,7.872853750767263,-11.213100370983435,-11.789401241225107,274.7354978496224,0.9634463807611168,-0.16607415096731337
1485,25.0,7.6713035980259,7.427140893392561,7.877902931723156,-11.25606389643053,-11.811321336610263,274.7461683434175,0.975058416260323,-0.20659933369725625
1490,25.0,8.11348323345117,7.429063799179005,7.88163896268685,-11.486966392815441,-11.833221853829002,274.73730841104395,0.9620273011809218,0.23184427076432002
1495,25.0,7.499090611772367,7.429712554415971,7.884112765739644,-11.229967370574824,-11.855111406792446,274.7470514006745,0.98,-0.38502215396727735
1500,25.0,7.612059815922289,7.429146785645287,7.885375446053615,-12.051780812956126,-11.876997869396348,274.75058149108264,0.98,-0.273315630131326
1505,25.0,8.067660904869213,7.427423066752169,7.885467527771709,-11.781448335386397,-11.898888424887446,274.75040988664585,0.9697594398173879,0.18219337709750327
1510,25.0,6.7480009496689055,7.424595086217607,7.88442774357776,-11.525761641873835,-11.920789612283784,274.73832323924415,0.98,-1.1364267939088544
1515,25.0,8.507889414840967,7.42071380484532,7.88229797614764,-12.074678729760285,-11.94270737000187,274.7519521130146,0.944837720077962,0.625591438693327
1520,25.0,7.548179770872156,7.415827604518256,7.8791194739818025,-11.153980730120132,-11.964647076840322,274.74119286495414,0.963438458750739,-0.3309397031096468
1525,25.0,7.559168529652687,7.409982428506623,7.874946134836534,-11.660698821982052,-11.98661359046281,274.72771298267565,0.98,-0.3157776051838477
1530,25.0,7.191603290361806,7.403221913818868,7.869819288264807,-11.889568594013655,-12.008611283517666,274.6921455244664,0.98,-0.6782159979030009
1535,25.0,6.895763356022439,7.395587516057731,7.863766029430451,-11.94212644644423,-12.030644077526006,274.6322013263434,0.98,-0.9680026734080123
1540,25.0,7.999827575355271,7.387118627215557,7.856811180492116,-12.792237529917893,-12.052715474663842,274.6423787749098,0.9719622837865949,0.14301639486315487
1545,25.0,7.583317381586464,7.377852686819153,7.848983494441995,-11.269953460046672,-12.074828587558102,274.6211019530725,0.98,-0.26566611285553154
1550,25.0,7.108682302090079,7.367825286808227,7.840312212768026,-11.134250052837807,-12.096986167211071,274.55618887736046,0.98,-0.7316299106779471
1555,25.0,6.277650697812412,7.357070270510974,7.830821703291974,-11.876978942184405,-12.119190629160585,274.4053357763489,0.98,-1.5531710054795624
1560,25.0,6.856445564751357,7.345619826057089,7.820533218794196,-11.765012405510909,-12.14144407798068,274.3037726285609,0.98,-0.9640876540428396
1565,25.0,7.074301584318536,7.3335045745494085,7.80947266658967,-12.781596277316126,-12.16374833021888,274.2204856467568,0.98,-0.7351710822711341
1570,25.0,7.670023326097485,7.320753653297231,7.797664785124937,-12.213336262108571,-12.186104935862886,274.2050441542304,0.98,-0.12764145902745216
1575,25.0,6.797795812044616,7.307394794394952,7.7851363481419185,-12.948867521325255,-12.208515198425118,274.07830976375783,0.98,-0.9873405360973022
1580,25.0,7.297323486623573,7.293454398914548,7.77190565179086,-12.086845473763772,-12.230980193726964,274.0139513910944,0.98,-0.4745821651672868
1585,25.0,7.482813145115084,7.278957606963445,7.757998546715726,-12.856749905822186,-12.253500787460837,273.97471820690936,0.98,-0.2751854016006421
1590,25.0,7.251795937714405,7.263928363846162,7.743438786517629,-11.694852871666773,-12.276077651604965,273.9013285166736,0.98,-0.49164284880322384
1595,25.0,7.5067765549553185,7.248389482552341,7.728246481430233,-11.991194011488863,-12.298711279759289,273.86682507630684,0.98,-0.22146992647491448
1600,25.0,7.584756093899156,7.232362702782439,7.712445150327255,-11.634135014693072,-12.321402001469721,273.8461331179119,0.98,-0.1276890564280997
1605,25.0,7.602380587168167,7.21586874670902,7.696056429182818,-12.366269848613335,-12.344149995601128,273.8303884179686,0.98,-0.09367584201465107
1610,25.0,6.8936775765118306,7.198927371660147,7.679100871946787,-11.44367977914572,-12.366955302818667,273.69381181310996,0.98,-0.7854232954349563
1615,25.0,6.5000129985417825,7.181557419900798,7.6615905458431826,-12.302903095363272,-12.3898178372325,273.4851262073971,0.98,-1.1615775473014
1620,25.0,7.618800759245165,7.163776865678415,7.643539632341572,-12.716129826883694,-12.412737397256478,273.4805412796331,0.98,-0.024738873096406877
1625,25.0,6.236357559741844,7.145602859687472,7.624979915621054,-12.638890556881016,-12.435713675731336,273.21594272342304,0.98,-1.3886223558792103
1630,25.0,6.371413980708178,7.1270517711008665,7.605911465994609,-12.055506347659186,-12.458746269356993,272.97404684699677,0.98,-1.2344974852864308
1635,25.0,7.357937362668436,7.1081392273058555,7.586352883236884,-12.9422343409216,-12.481834687477544,272.92810163203876,0.98,-0.22841552056844794
1640,25.0,7.12487263499562,7.088880151475337,7.5663347901282805,-13.061017032073815,-12.504978360259827,272.837207548654,0.98,-0.4414621551326601
1645,25.0,7.546458173295957,7.069288798096466,7.545870000811988,-12.615460447174659,-12.52817664630362,272.83733138393904,0.9799669804825804,0.0005881724839689184
1650,25.0,7.1927243170260695,7.049378786573641,7.524980924116903,-13.549044080515767,-12.551428839718994,272.7659322771001,0.98,-0.3322566070908337
1655,25.0,6.727963725814068,7.029163133012844,7.503677157891673,-13.052238844666451,-12.574734176705363,272.5958972836474,0.98,-0.7757134320776045
1660,25.0,7.947902754837667,7.008654280291864,7.481965524687098,-12.254312746071857,-12.598091841663006,272.70004211712444,0.9538486238583435,0.4659372301505691
1665,25.0,7.315148276530464,6.987864126511454,7.459885562243926,-11.898414123370005,-12.621500972867807,272.6671572178517,0.9619715664944724,-0.1447372857134619
1670,25.0,7.038175691142007,6.966804051920121,7.437455419416551,-12.944969361720593,-12.64496066773637,272.5749967394233,0.98,-0.3992797282745446
1675,25.0,7.184324971761895,6.945484944396981,7.414692098980311,-12.197364057722504,-12.668469987708477,272.52102043844326,0.98,-0.23036712721841557
1680,25.0,7.491309969383668,6.923917223574392,7.391607552017376,-12.936087593488761,-12.692027962771192,272.544713671095,0.9744058647110476,0.09970241736629148
1685,25.0,7.044025219995396,6.902110863676512,7.36821571872531,-11.65439752645856,-12.71563359564766,272.4666609860149,0.98,-0.324190498729914
1690,25.0,7.791650042245479,6.880075415145257,7.344517801760048,-12.616678203916337,-12.739285865673082,272.57574400955866,0.9549163715622837,0.44713224048543054
1695,25.0,6.659928860876895,6.8578200251216686,7.3205410071614665,-12.899459519770243,-12.762983732377052,272.4127627298857,0.98,-0.6606121462845715
1700,25.0,7.1412636455306115,6.835353456846747,7.296281025133055,-13.049833734346342,-12.786726138792858,272.3740464963656,0.98,-0.15501737960244366
1705,25.0,7.928734858485736,6.812684108041253,7.271756053759077,-11.922954553742501,-12.81051201451072,272.5399310121923,0.9431537699776901,0.6569788047266591
1710,25.0,6.854143632694629,6.789820028321515,7.246993581256675,-12.75049635115159,-12.83434027849188,272.4398471818444,0.9651845588787599,-0.3928499485620458
1715,25.0,6.301084678366819,6.766768935705272,7.221994708477098,-12.963028547203551,-12.85820984165997,272.2029272314909,0.98,-0.9209100301102788
1720,25.0,6.989236509638287,6.743538232256697,7.196759476832881,-12.5346118718086,-12.882119609284075,272.1489915446912,0.98,-0.20752296719459373
1725,25.0,7.553574971941188,6.720135018919223,7.17130546834818,-13.495002440785246,-12.906068483167417,272.24921634849807,0.9585683427424141,0.38226950359300815
1730,25.0,6.855584213887683,6.696566109580544,7.145649726940519,-12.382519331861339,-12.93005536365473,272.1725984235681,0.9748291630313187,-0.290065513052836
1735,25.0,6.49052007565965,6.67283804441206,7.1197880440273025,-12.390714946939083,-12.954079151470467,272.0050176103597,0.98,-0.6292679683676523
1740,25.0,6.610086475782681,6.648957102522559,7.093716435682609,-12.51224918272713,-12.978138749399761,271.875108386414,0.98,-0.4836299598999281
1745,25.0,5.8844825356457,6.6249293139634915,7.0674386584018976,-12.239868574536814,-13.002233063822302,271.5547154185054,0.98,-1.182956122756198
1750,25.0,6.336022613295893,6.6007604711221575,7.040937105972034,-12.804331297103598,-13.026361006109425,271.3619609344282,0.98,-0.7049144926761413
1755,25.0,6.75511910049836,6.576456139534969,7.014226172684175,-13.301513583032136,-13.050521493893882,271.29050603032954,0.98,-0.25910707218581486
1760,25.0,6.587842143064965,6.5520216681533725,6.987320370141788,-12.4641569842642,-13.074713452221147,271.1795181802377,0.98,-0.39947822707682246
1765,25.0,6.391013257313977,6.527462199091531,6.960218974152781,-12.688864096896975,-13.098935814590448,271.0201751824571,0.98,-0.5692057168388036
1770,25.0,7.126274161410333,6.502782676884067,6.93292100039497,-13.968792703979497,-13.12318752389325,271.07472165792706,0.9691690163756315,0.19335316101536293
1775,25.0,5.967502046741102,6.477987857280368,6.905453598305996,-13.770528261753704,-13.147467533256531,270.80855539624264,0.98,-0.9379515515648942
1780,25.0,6.268811825011325,6.453082315600284,6.87779425273186,-12.974215592391174,-13.171774806797544,270.6343805560954,0.98,-0.6089824277205347
1785,25.0,6.716392784245338,6.428070454675094,6.84995729308298,-13.133363861267416,-13.196108320296617,270.5959135957955,0.98,-0.13356450883764204
1790,25.0,6.951104822378006,6.402956512395463,6.821960110765019,-13.442986611877274,-13.220467061793329,270.63332329844974,0.9727686203903545,0.12914471161298646
1795,25.0,6.213906382041992,6.377744568888033,6.7938151129321795,-12.470087166476173,-13.244850032112765,270.46449296692384,0.98,-0.5799087308901871
1800,0.0,6.228528198502562,5.742793520338296,6.311773321757585,-13.41947888427198,-13.26937898643257,270.0498678142245,0.98,-0.08324512325502287
1805,0.0,7.111197884802814,5.137267156386031,5.845239323726048,-13.078411260316795,-13.294611157109046,276.15163469841326,0.9093607176556936,1.2659585610767659
1810,0.0,6.120187251720133,4.559462589744669,5.404020240354953,-13.175216577595789,-13.321087022546976,279.3389895217817,0.8694624776198354,0.7161670113651804
1815,0.0,4.984079132681952,4.0077846349084325,4.981794787290994,-13.356887652254008,-13.34921887380159,279.3485929271314,0.8693354078031351,0.002284345390958009
1820,0.0,4.908834117884926,3.4807380512169175,4.572914069287833,-13.32324593089794,-13.37931333288418,280.7141120310853,0.8506768688449988,0.33592004859709323
1825,0.0,3.9725204085873855,2.9769204658879858,4.178742069275245,-13.339995737726134,-13.411590241989302,279.91104705302416,0.862115107594199,-0.2062216606878593
1830,0.0,3.953063419616072,2.495015902658224,3.795694082607099,-13.238346004040306,-13.446198491031282,280.5074611191646,0.8533985555411451,0.15736933700897282
1835,0.0,1.546830053364683,2.033788851312181,3.425219859817446,-12.402011138640919,-13.48322926310584,273.6460638192989,0.9573017702815676,-1.8783898064527629
1840,0.0,3.0684647052556127,1.5920788216463961,3.05717669270598,-14.003182226668606,-13.522727103272928,273.6879974046013,0.9566782042662064,0.011288012549632853
1845,0.0,1.5265182776797972,1.1687953325102853,2.700536218860691,-13.83461158362083,-13.564699153290121,269.467890598255,0.98,-1.1740179411808938
1850,0.0,1.515669495506782,0.7629132926675197,2.3493962358176077,-13.455982716700259,-13.609122841841156,266.474815294811,0.98,-0.8337267403108257
1855,0.0,1.43480293826429,0.37346873546965753,2.0051611141291232,-13.533913389269367,-13.655952274897231,264.44748577860423,0.98,-0.5703581758648333
1860,0.0,1.98192315749296,-0.0004451261349913693,1.668819079348907,-13.684761673414023,-13.705123532867901,265.541887829523,0.9627906213991047,0.31310407814405306
1865,0.0,0.9152123173732216,-0.35968155382721534,1.3438826704697249,-13.152360566388909,-13.756559049069665,264.10202388437807,0.98,-0.42867035309650325
1870,0.0,0.33446689378569244,-0.7050436735636936,1.0267973179491037,-14.328061505434906,-13.810171216865513,261.8230016232958,0.98,-0.6923304241634112
1875,0.0,-0.9181436419056408,-1.0372876238980666,0.7162953447827931,-13.658853484245997,-13.865865349844796,256.51459885441653,0.98,-1.634438986688434
1880,0.0,-0.723198457943678,-1.357125483686275,0.408638079161733,-13.701484144693056,-13.923542099976544,252.80104923460402,0.98,-1.131836537105411
1885,0.0,-0.8131670070490858,-1.6652279976663067,0.1056411744115735,-13.11668646544722,-13.983099422234034,249.79183359700843,0.98,-0.9188081814606593
1890,0.0,-1.4667560085618419,-1.9622271164735707,-0.19198917008560556,-13.501055838089854,-14.044434160293065,245.64586915552476,0.98,-1.2747668384762363
1895,0.0,-2.2672563112635404,-2.24871836596094,-0.4857299642135331,-13.745734125368136,-14.107443316160754,239.8372181971962,0.98,-1.7815263470500073
1900,0.0,-2.099867136507988,-2.5252630592125342,-0.777639342309044,-13.419589909504944,-14.172025056664893,235.45392232610604,0.98,-1.3222277941989442
1905,0.0,-2.175385995284492,-2.792390363340189,-1.0660461924228457,-14.258560968806828,-14.238079501346306,231.75677150587006,0.98,-1.1093398028616464
1910,0.0,-3.063419836127827,-3.050599232005368,-1.3502006632185157,-14.958104942643454,-14.305509329211247,226.04745500743724,0.98,-1.7132191729093114
1915,0.0,-3.2064214365019605,-3.300360213596605,-1.632642522669812,-14.801205503939402,-14.374220235817177,220.70832174757626,0.98,-1.5737789138321485
1920,0.0,-3.361131361814452,-3.5421171440985404,-1.9129537709659417,-15.035765132520925,-14.444121267113246,215.71956134743175,0.98,-1.4481775908485104
1925,0.0,-2.7869752713628033,-3.7762887328914303,-2.1907379702478806,-14.788196439702109,-14.51512505219398,213.6391886113728,0.98,-0.5962373011149227
1930,0.0,-3.0432035309669785,-4.003270049012201,-2.4623842737237283,-14.677540743948292,-14.587147953526937,211.64009894805898,0.98,-0.5808192572432502
1935,0.0,-2.6232068754421176,-4.2234339147761375,-2.7280045935341377,-15.281934186908735,-14.660110150182845,211.99577709168258,0.9743320783919023,0.1047977180920201
1940,0.0,-3.484770822251993,-4.437132213090877,-2.9849904903111337,-13.440233947013208,-14.733935667038963,210.35899697020432,0.98,-0.49978033194085913
1945,0.0,-3.9346395656476654,-4.644697114287226,-3.2361026882857686,-14.43655849620632,-14.808552360774001,208.10827783838664,0.98,-0.6985368773618967
1950,0.0,-4.051181325087153,-4.846442227832142,-3.4822674217734857,-14.667956648789314,-14.883891871657795,206.29354787549886,0.98,-0.5689139033136676
1955,0.0,-4.669840487856099,-5.042663683877379,-3.723148730221112,-15.260874166091133,-14.959889548614797,203.31525825371716,0.98,-0.9466917576349871
1960,0.0,-5.687082210989551,-5.233641149221967,-3.960254126361633,-15.009059362012172,-15.03648435375527,197.89426232363382,0.98,-1.7268280846279183
1965,0.0,-5.588917135164799,-5.419638781927972,-4.196495951424708,-14.94653727817853,-15.113618751492083,193.42360466315048,0.98,-1.3924211837400904
1970,0.0,-4.7692223262412865,-5.600906128520364,-4.430771991374797,-15.898869053303672,-15.191238586455938,192.3220346803932,0.98,-0.3384503348664891
1975,0.0,-4.944257784887295,-5.777678967419149,-4.659155085373868,-15.682482283225093,-15.269292953661534,191.41303083949634,0.98,-0.2851026995134269
1980,0.0,-5.321135123638001,-5.95018010199658,-4.881685945982838,-15.753465181093352,-15.347734063743872,190.0424748446133,0.98,-0.4394491776551632
1985,0.0,-6.4401833850325305,-6.118620106414085,-5.099144646892057,-15.648417885719478,-15.426517105551113,185.92922933203224,0.98,-1.3410387381404734
1990,0.0,-6.742392238759591,-6.283198027179878,-5.314793741077835,-15.206279736570913,-15.505600107937141,181.49443264216518,0.98,-1.427598497681756
1995,0.0,-5.838301722378244,-6.4441020431670495,-5.529038117831874,-15.393643040904811,-15.584943802226178,180.5174315144357,0.98,-0.3092636045463699
2000,0.0,-6.21671212005298,-6.6015100866496255,-5.737939279888394,-15.799646572788804,-15.664511486514186,179.03582729276016,0.98,-0.4787728401645861
2005,0.0,-6.168768214495086,-6.755590427745858,-5.942305186329122,-15.640081451351334,-15.74426889271615,178.34508703375073,0.98,-0.22646302816596364
2010,0.0,-6.948999672282946,-6.906502224499718,-6.1414624576742085,-16.075719351491625,-15.824184057056073,175.9372742780178,0.98,-0.8075372146087378
2015,0.0,-5.8774646548461735,-7.054396040688459,-6.337511024113553,-16.446115674751717,-15.904227194521695,177.305045851096,0.9554507766342901,0.4600463692673795
2020,0.0,-7.26252816634865,-7.199414333309505,-6.526550242383394,-15.456765006049475,-15.984370577661707,175.21289040870565,0.98,-0.7359779239652564
2025,0.0,-6.427498397099911,-7.341691911574628,-6.712558164720349,-16.32111588978364,-16.06458841998642,176.01919024147904,0.9648098809490102,0.28505976762043783
2030,0.0,-7.614204199135583,-7.481356369125024,-6.892705840615577,-14.992013856099728,-16.144856764134374,174.05309067956588,0.98,-0.7214983585200061
2035,0.0,-7.18403316570185,-7.618528491072311,-7.07006747582534,-15.827968323668324,-16.225153374891875,173.74408661633453,0.98,-0.11396568987651001
2040,0.0,-7.571379835382691,-7.75332263736982,-7.243125533723344,-16.29006372475859,-16.305457637086704,172.8746823146588,0.98,-0.32825430165934755
2045,0.0,-7.6895303224710725,-7.885847103926096,-7.412644977993068,-15.823518078689249,-16.385750458329994,172.15317506017308,0.98,-0.2768853444780044
2050,0.0,-8.02968410529538,-8.016204462785083,-7.578656551422455,-17.070651948119533,-16.46601417653841,170.99810689688601,0.98,-0.45102755387292426
2055,0.0,-6.593716668961114,-8.144491882614602,-7.741733203312549,-16.867851460523273,-16.54623247213806,173.9038891900217,0.9190613842727692,1.1480165343514352
2060,0.0,-7.175181203163216,-8.270801430671042,-7.8983553406047236,-16.823026592992054,-16.626390284829313,175.63149566494903,0.8806967584064693,0.7231741374415073
2065,0.0,-7.32821820887197,-8.395220357334892,-8.04999945290939,-16.815954155323055,-16.70647373477243,177.28360381819533,0.8424279167686294,0.7217812440374196
2070,0.0,-8.559658895859888,-8.517831364246717,-8.196987592790492,-17.213852100118864,-16.786470048040997,176.48690205766337,0.8616460876210063,-0.362671303069396
2075,0.0,-9.00529503494727,-8.638712857009011,-8.341457911836244,-16.769428313911384,-16.866367486183663,175.04790575619555,0.8968040357720126,-0.6638371231110263
2080,0.0,-8.399125923392203,-8.757939183363533,-8.483945287653228,-17.644315309285478,-16.946155279725645,175.23063696425544,0.8923142744715776,0.08481936426102443
2085,0.0,-8.220214550521094,-8.875580857696775,-8.623219633651956,-17.943023101011374,-17.025823565442295,176.07794486918326,0.8709931470492017,0.4030050831308625
2090,0.0,-8.14244544827452,-8.991704772675973,-8.758926266689514,-17.6306440747879,-17.10536332723308,177.33415552130555,0.8383947419458557,0.6164808184149937
2095,0.0,-8.664482853910545,-9.106374398769844,-8.890940192173446,-17.457869255112282,-17.184766340428183,177.77965134585162,0.8264260612866683,0.22645733826290027
2100,0.0,-8.711019922420846,-9.219649972363584,-9.02000296459488,-17.14676364472198,-17.26402511936044,178.37212809419665,0.8101037232839846,0.3089830421740345
2105,0.0,-9.565253472062329,-9.331588673134206,-9.146103113050629,-17.179344707342402,-17.343132868039277,177.58983628337037,0.8322351889161151,-0.4191503590117005
2110,0.0,-9.273865705002775,-9.442244791313726,-9.270266396514216,-17.795086688771672,-17.422083433768393,177.58319579241345,0.8324251458291386,-0.0035993084885586057
2115,0.0,-8.712202145215857,-9.551669885430158,-9.392008119587047,-16.876428373471256,-17.500871263552256,178.81241172735534,0.7965642940954482,0.67980597437119
2120,0.0,-9.987115691461906,-9.659912931080385,-9.510608705108893,-17.659075488399658,-17.579491363143433,177.97917434657916,0.8216894964614224,-0.47650698635301225
2125,0.0,-9.479577663283049,-9.76702046125763,-9.627518974424333,-16.419826593152585,-17.657939258586936,178.23526315964432,0.8138923241897968,0.14794131114128461
2130,0.0,-9.562703732435299,-9.873036698724036,-9.742088646511775,-17.812497490688187,-17.736210960124794,178.5389953135973,0.804442043080755,0.1793849140764756
2135,0.0,-9.842117412892447,-9.978003680890595,-9.854383679805892,-17.3821566217805,-17.814302928328857,178.5593087547751,0.8037961122193703,0.012266266913444568
2140,0.0,-10.26493781805036,-10.081961377638663,-9.964663770945435,-18.479919405107747,-17.892212042336354,178.07122527753046,0.819601657429004,-0.30027404710492434
2145,0.0,-9.722956569261253,-10.184947802492843,-10.07330592445146,-18.44389534542329,-17.96993557006877,178.6335514750962,0.801167907402016,0.3503493551902075
2150,0.0,-9.886660715339701,-10.286999117529547,-10.179758331972039,-16.723435811352374,-18.0474711403196,179.09286723557074,0.7857527171863903,0.2930976166323376
2155,0.0,-9.764729180341543,-10.388149732384022,-10.284180049129532,-18.006556461045818,-18.124816716602822,179.8890103388034,0.758443541476761,0.5194508687879882
2160,0.0,-9.826523908481809,-10.488432397696215,-10.386457643569429,-18.269953988697146,-18.201970572659377,180.7255328147651,0.7290175071334629,0.5599337350876201
2165,0.0,-10.226398370737947,-10.587878293317203,-10.486635016026412,-18.5360157994809,-18.278931269524122,181.10442712022945,0.7153465805447411,0.26023664528846524
2170,0.0,-10.575042661924282,-10.686517111578098,-10.58499868963628,-18.656803849270545,-18.355697634060704,181.11862516712145,0.7148237596588918,0.009956027711996995
2175,0.0,-11.036273938472856,-10.784377135905345,-10.68175529539127,-18.34160705537614,-18.432268738877383,180.62153707783608,0.7334337368518286,-0.35451864308158676
2180,0.0,-10.142760758825553,-10.881485315050611,-10.777181813790037,-18.194919622437407,-18.508643883540685,181.5009563386331,0.7001427688302886,0.6344210549644842
2185,0.0,-10.374713778795833,-10.977867333187646,-10.870596171763395,-17.81354010903203,-18.58482257700922,182.17034382868135,0.6741308211509982,0.4958823929675624
2190,0.0,-10.87555582087012,-11.07354767611264,-10.96215788276038,-19.2407406931843,-18.660804521213862,182.28446783338853,0.6695896196050161,0.08660206189025921
2195,0.0,-11.12975225562956,-11.16854969377215,-11.052161621599168,-18.965560622293502,-18.73658959571452,182.1840562938184,0.6736568870965711,-0.07759063403039157
2200,0.0,-11.044519836163634,-11.26289565932899,-11.140717843684342,-18.471743218536155,-18.812177843368033,182.30657191535096,0.6686159329174973,0.09619800752070873
2205,0.0,-10.924619407057488,-11.356606824963933,-11.227737308117355,-18.779940635962973,-18.887569456945585,182.68553602397841,0.6527372676158945,0.303117901059867
2210,0.0,-11.731906223876639,-11.4497034745998,-11.313130798610928,-18.959613234806394,-18.96276476664073,182.17299032930245,0.6746674368659052,-0.41877542526571077
2215,0.0,-11.056006635785428,-11.54220497372421,-11.397336041029405,-18.19738935046888,-19.03776422841375,182.5859617118267,0.6567986606438768,0.34132940524397704
2220,0.0,-11.555809422718974,-11.63412981647565,-11.4799659226249,-18.292401159988774,-19.112568413120215,182.4961481117282,0.6607678548947097,-0.07584350009407537
2225,0.0,-11.710151887423779,-11.725495670149314,-11.561292198512717,-19.419269744890684,-19.187177996375254,182.32261862481892,0.6685558576279048,-0.14885968891106138
2230,0.0,-11.827640695277651,-11.81631941726937,-11.641390796241922,-19.10196988518751,-19.261593749107845,182.10864196681612,0.6782970480401396,-0.18624989903572953
2235,0.0,-11.723412841561496,-11.90661719536564,-11.720327892243859,-19.04312466423467,-19.335816528761654,182.10514611108923,0.6784583474978554,-0.0030849493176372533
2240,0.0,-11.34099945578126,-11.996404434585372,-11.798073078396158,-20.078265512986604,-19.409847271102194,182.61513786581887,0.6545669330947671,0.4570736226148977
2245,0.0,-11.43893052342401,-12.085695893262596,-11.874476352008458,-20.093286620309904,-19.483686982592246,183.09124838509499,0.6318074402075472,0.4355458285844467
2250,0.0,-12.580949699182801,-12.174505691560228,-11.949605243326175,-20.384677201382257,-19.55733673329945,182.4145742225464,0.6647889244269848,-0.6313444558566257
2255,0.0,-11.705621858705351,-12.26284734329488,-12.023954026234264,-19.84559193366281,-19.630797650302554,182.7533755074019,0.6481639603843681,0.31833216752891325
2260,0.0,-12.44714561520202,-12.350733786045566,-12.097150191070057,-19.43489564760128,-19.7040709115646,182.3874322713686,0.666437420962315,-0.34999542413196316
2265,0.0,-12.170698628671094,-12.438177409644254,-12.169519162617632,-19.711725836151096,-19.77715774024344,182.38621089091797,0.6664989844858676,-0.0011794660534611978
2270,0.0,-12.290487814895387,-12.525190083138227,-12.240964687898895,-20.263692210684216,-19.850059399411492,182.3355957779003,0.6690831907439263,-0.049523126996492195
2275,0.0,-12.51699882763383,-12.611783180311136,-12.311560691550596,-19.86371166916646,-19.9227771871586,182.12812290745546,0.6798004233020039,-0.20543813608323447
2280,0.0,-12.746399736311496,-12.697967603842756,-12.38142017114626,-20.365178544172053,-19.995312432053197,181.76305626990953,0.6988354638769421,-0.36497956516523544
2285,0.0,-11.755508867208075,-12.78375380818386,-12.450659807117688,-20.681263003518875,-20.067666488938983,182.45340448393432,0.6625903856031624,0.6951509399096132
2290,0.0,-11.961973293984748,-12.869151821218509,-12.518950238640514,-20.172328327514915,-20.139840735045027,182.99674395704938,0.6335572884474611,0.5569769446557657
2295,0.0,-12.263402795776992,-12.954171264780655,-12.586394759813686,-20.44264850491346,-20.211836566389024,183.30692038141157,0.6167252983248591,0.32299196403669406
2300,0.0,-12.529800266458208,-13.038821374089821,-12.653089553557436,-20.455792270461878,-20.283655394454826,183.4237736838895,0.6103020026487604,0.1232892870992277
2305,0.0,-13.256649749610501,-13.123111016165012,-12.719096350793961,-19.91260770845017,-20.355298643125707,182.9199864404834,0.6383011061314592,-0.5375533988165397
2310,0.0,-12.387581007437523,-13.207048707274168,-12.784626311524107,-19.57454304476228,-20.426767745857347,183.29032764732568,0.6176257363375076,0.3970453040865838
2315,0.0,-13.499459114878636,-13.290642629472586,-12.84938121309915,-20.19678167438779,-20.49806414307392,182.69250315489242,0.6514688723560857,-0.6500779017794862
2320,0.0,-12.200002780825754,-13.373900646280617,-12.913716145024466,-20.42979647753255,-20.569189279772957,183.34656346665548,0.6143220496287446,0.7137133641987123
2325,0.0,-13.197958372502388,-13.456830317547599,-12.977224532012315,-21.242752424537805,-20.6401446033249,183.14763859903059,0.6258078368127467,-0.22073384049007316
2330,0.0,-12.773357467519007,-13.539438913547997,-13.040220305403977,-20.968591742810595,-20.710931561454515,183.3863949154851,0.6119251100185598,0.26686283788497
2335,0.0,-13.188175291255966,-13.621733428350922,-13.102567742248425,-20.118079484123015,-20.781551600391538,183.3107088160639,0.6163775146788179,-0.0856075490075412
2340,0.0,-13.041093705032358,-13.703720592503487,-13.164385179143949,-21.15994914467627,-20.852006163179624,183.41880379505443,0.6099667127390035,0.12329147411159092
2345,0.0,-12.870752244241633,-13.785406885065186,-13.225623407253465,-21.01334608260069,-20.922296688132207,183.7267653333018,0.5915187795756848,0.35487116301183264
2350,0.0,-13.039315906717752,-13.866798545029155,-13.28622836198167,-20.644181683431878,-20.99242460742613,183.93841833773175,0.5786860591978277,0.24691245526391903
2355,0.0,-12.702604588885176,-13.947901582163126,-13.346232153664346,-21.314183722616203,-21.06239134582259,184.483907752566,0.5452426859139498,0.6436275647791696
2360,0.0,-13.83799710930088,-14.028721787302459,-13.405516728841235,-20.92809520639096,-21.13219831950724,184.12291709247154,0.5677095645034307,-0.4324803804596442
2365,0.0,-13.693694851381128,-14.109264742124083,-13.464344657220295,-20.863050279982424,-21.201846935041118,183.9326241065541,0.5796213555981606,-0.22935019416083335
2370,0.0,-14.210915100596454,-14.189535828430223,-13.522648978804625,-21.62145176871062,-21.271338588414295,183.36619075743332,0.6153598975978494,-0.6882661217918287
2375,0.0,-15.092165576815619,-14.269540236967714,-13.58056128500482,-20.243235023444136,-21.340674664195376,182.1269854319454,0.6938331531147508,-1.5116042918107997
2380,0.0,-14.299890571340551,-14.349282975808478,-13.63834214822299,-21.479081314139837,-21.409856534769915,181.58232197622095,0.7281690587212443,-0.6615484231175621
2385,0.0,-13.861404761408423,-14.428768878314202,-13.695882522547038,-20.979619790590043,-21.478885559661137,181.44623516534355,0.7367581440025789,-0.16552223886138506
2390,0.0,-14.432581979889342,-14.508002610708104,-13.753192287031709,-21.337595584416988,-21.547763084927766,180.88960819787494,0.7720044475066516,-0.6793896928576331
2395,0.0,-13.624839078842124,-14.586988679274157,-13.810534881718752,-21.30227560910864,-21.616490442632227,181.0422714187836,0.7623727974681047,0.18569580287662824
2400,25.0,-14.176309638729432,-14.056078738262727,-13.196067704676693,-21.029753513889563,-21.68494616895964,189.69092233457042,0.8133363465396611,-0.9802419340527386
2405,25.0,-14.930330479640856,-13.554430848352808,-12.643209131647154,-21.48510219308332,-21.752572881194396,207.0559610860673,0.9324984750781293,-2.2871213479937023
2410,25.0,-14.182481017882749,-13.080344596648843,-12.164076412991449,-21.45939087181685,-21.81882926926278,219.24567190489742,0.98,-2.0184046048913
2415,25.0,-13.488622848460325,-12.63222700570634,-11.734588507919,-21.664412762963295,-21.883301735277712,228.2280056680487,0.98,-1.7540343405413257
2420,25.0,-12.945366231523066,-12.208584806027886,-11.3422221659186,-20.582460178187514,-21.945682069328427,235.44369632913597,0.98,-1.6031440656044662
2425,25.0,-13.517545193225526,-11.808017384755885,-10.980059647503765,-21.56901125877616,-22.00574870787554,245.67669473580324,0.98,-2.5374855457217613
2430,25.0,-11.57771422216038,-11.429210336816425,-10.649148092495238,-21.66915803224056,-22.063351016827852,248.95985080002697,0.98,-0.9285661296651408
2435,25.0,-12.43804958615377,-11.07092955429647,-10.337528289452507,-22.167862645470866,-22.11839612724171,255.8697035650819,0.98,-2.100521296701263
2440,25.0,-11.73867673605514,-10.73201579801048,-10.048017155238483,-21.824106925031405,-22.17083792432095,260.9027008471048,0.98,-1.6906595808166571
2445,25.0,-10.892879639670138,-10.411379702234228,-9.776720730965394,-22.768779455338542,-22.220667851996637,263.95947418027026,0.98,-1.1161589087047439
2450,25.0,-10.152481810085103,-10.107997169621513,-9.520389839577831,-22.525559304156328,-22.267907247524334,265.5776963776652,0.98,-0.6320919705072718
2455,25.0,-10.422053264150122,-9.820905118522944,-9.276815060965646,-22.660356404065453,-22.31260096469242,268.3493043565286,0.98,-1.1452382031844763
2460,25.0,-10.185625314322722,-9.549197549411986,-9.046313986854386,-22.102834742738906,-22.354812081608856,270.93388065629574,0.98,-1.1393113274683362
2465,25.0,-10.055903544877113,-9.292021901002272,-8.82796259278848,-21.99362140269497,-22.3946175206639,273.54967446854005,0.98,-1.2279409520886322
2470,25.0,-8.701116222242138,-9.048575669994932,-8.621081106491033,-22.5944356134712,-22.432104435031306,273.7097921009454,0.98,-0.08003511575110522
2475,25.0,-8.84029149299034,-8.818103271307677,-8.423279413031366,-23.141287301497822,-22.46736723871578,274.5075775044672,0.98,-0.41701207995897427
2480,25.0,-9.82517324740233,-8.599893118164005,-8.234610218118632,-21.83607518700219,-22.50050517631189,277.4036186725345,0.98,-1.5905630292836967
2485,25.0,-7.552019461306518,-8.393274903625354,-8.055990014540782,-22.782628975640584,-22.531620344845123,276.54337094484987,0.9532800850257077,0.5039705532342644
2490,25.0,-7.841142027599061,-8.197617067069018,-7.884561739697006,-21.52857390076556,-22.560816093770796,276.47197281921973,0.9509765352339482,0.04341971209794426
2495,25.0,-7.800723920179436,-8.012324430796752,-7.720517521475813,-22.048784830865067,-22.588195740797005,276.5982916199254,0.955234363813822,-0.08020639870362345
2500,25.0,-7.819435195053061,-7.836835993431237,-7.5636522511405815,-22.86378859896127,-22.613861550996802,276.9835522558125,0.9688208553918554,-0.2557829439124797
2505,25.0,-8.024413091989285,-7.670622868054068,-7.4137929111813605,-22.698953862259266,-22.63791393495984,277.8614657412678,0.98,-0.6106201808079241
2510,25.0,-7.4984806419405805,-7.5131863541787425,-7.2708831422079925,-22.160261330674587,-22.66045082873515,278.1726985049514,0.98,-0.22759749973258803
2515,25.0,-6.94116531939621,-7.364056133660995,-7.134332098719199,-23.231295385801904,-22.681567224233874,277.9204548937908,0.9697229220364111,0.19316677932298898
2520,25.0,-7.88040440709382,-7.22278858154084,-7.003611708139601,-23.614835532770403,-22.7013548237596,279.0180453615623,0.98,-0.876792698954219
2525,25.0,-7.43326466835827,-7.0889651836045005,-6.879087482925172,-21.944629952138534,-22.719901796555803,279.6766032033936,0.98,-0.5541771854330984
2530,25.0,-7.742771461050167,-6.9621910531604385,-6.760283528763978,-21.79285551338871,-22.737292618824853,280.7883846943566,0.98,-0.9824879322861895
2535,25.0,-6.805385699288694,-6.842093540153826,-6.647126538429859,-22.850534668249768,-22.753607981681995,280.95835497991357,0.98,-0.15825916085883485
2540,25.0,-7.15536743362394,-6.728320926309038,-6.538995734113769,-22.209233671829903,-22.768924754046196,281.59080795932556,0.98,-0.6163716995101716
2545,25.0,-6.077170721812632,-6.6205412004968025,-6.4358514860542755,-23.013349464939335,-22.783315989610685,281.24039457892667,0.9608669530753917,0.35868076424164386
2550,25.0,-6.664223719767162,-6.51844090897913,-6.337134460824132,-23.66753567239211,-22.796850968841227,281.54672308375325,0.9783212775685268,-0.32708925894303054
2555,25.0,-6.700355169250282,-6.421724075596956,-6.242885641217526,-23.02986921977535,-22.809595268469536,281.9554636702976,0.98,-0.45746952803275587
2560,25.0,-6.267338922564093,-6.330111187339412,-6.152948754257352,-23.075945688300493,-22.82161085223018,282.05288465170634,0.98,-0.1143901683067412
2565,25.0,-7.863256188235007,-6.24333824107066,-6.06704911616265,-22.835368304755498,-22.832956177665608,283.5139288573385,0.98,-1.7962070720723569
2570,25.0,-5.504602054058486,-6.1611558474996855,-5.985412443494056,-23.061504305958742,-22.843686314729126,283.14404648808335,0.9543088981227126,0.48081038943557
2575,25.0,-6.013806626378542,-6.0833283887578204,-5.907335285710417,-23.34287903432327,-22.85385307267609,283.22250771179216,0.9599996350818831,-0.1064713406681248
2580,25.0,-5.782720932394592,-6.009633226205722,-5.832788905165614,-22.240386460733934,-22.863505132371046,283.187279895163,0.9573228289126188,0.05006797277102226
2585,25.0,-6.1895340239848124,-5.939859955327108,-5.761593095395426,-23.302496425749325,-22.872688181673027,283.4749581864278,0.98,-0.42794092858938626
2590,25.0,-6.127017998062482,-5.873809704780911,-5.69368550960138,-22.689005428264938,-22.881445052008132,283.7525954131949,0.98,-0.43333248846110184
2595,25.0,-6.345383603786487,-5.811294476881642,-5.628932359893838,-22.13510076752837,-22.88981585461255,284.18998222658473,0.98,-0.7164512438926485
2600,25.0,-5.888227949838196,-5.752136526962943,-5.567243963883811,-23.263421694186462,-22.897838115239864,284.37642098476977,0.98,-0.3209839859543848
2605,25.0,-5.372817716632936,-5.696167779242899,-5.508445600840332,-22.529416166693647,-22.90554690638669,284.30136692623364,0.9727400684501726,0.13562788420739658
2610,25.0,-5.722008738415743,-5.643229276970715,-5.452373512292809,-22.64757729753464,-22.91297497630518,284.44372723948635,0.98,-0.26963522612293467
2615,25.0,-5.963893025672594,-5.593170664773936,-5.398963209281135,-22.515842636494266,-22.92015287424914,284.72775078150556,0.98,-0.5649298163914596
2620,25.0,-5.499489709803377,-5.545849701262057,-5.348136344701572,-23.598443776560842,-22.927109071548216,284.8001058899022,0.98,-0.1513533651018042
2625,25.0,-5.613879929723116,-5.501131800064741,-5.299755794352848,-23.73467497950097,-22.933870078224857,284.94303609297987,0.98,-0.3141241353702684
2630,25.0,-5.915891282718582,-5.4588895975985,-5.253739590934913,-23.33899629673205,-22.940460554967814,285.2295045976192,0.98,-0.6621516917836692
2635,25.0,-4.929423871244671,-5.419002545962542,-5.210018165791496,-23.44837146445701,-22.946903420357046,285.11426115539496,0.9649635139632682,0.28059429454682494
2640,25.0,-5.2469642957954985,-5.381356529465677,-5.168441672908898,-22.600350616725475,-22.95321995329894,285.1449463313238,0.9691720369322845,-0.0785226228866005
2645,25.0,-5.604878457254892,-5.345843503376216,-5.1289433103766555,-23.367015063623302,-22.95942989068479,285.32164370952313,0.98,-0.47593514687823646
2650,25.0,-5.919673526537527,-5.3123611535771715,-5.091458603702449,-24.42010513243209,-22.96555152032508,285.6133139374079,0.98,-0.8282149228350777
2655,25.0,-4.8960151665178495,-5.280812575887467,-5.055924886854655,-24.147017738095997,-22.971601769246632,285.5599774674339,0.9714258302849405,0.15990972033680517
2660,25.0,-5.004820450971608,-5.251105973886808,-5.022226522462972,-21.942854034390784,-22.977596287463513,285.55446997324077,0.9704924200461464,0.017406071491364195
2665,25.0,-5.646753248295075,-5.223154374152159,-4.9902978226700725,-23.06904450801593,-22.983549527352494,285.75129985308877,0.98,-0.6564554256250021
2670,25.0,-5.575935165478601,-5.196875357880174,-4.960091164369942,-23.38314553067762,-22.989474818777637,285.9258931701829,0.98,-0.615844001108659
2675,25.0,-5.70157852102761,-5.172190807932282,-4.9315398704730455,-22.92813966078024,-22.995384440118784,286.13213345379006,0.98,-0.7700386505545644
2680,25.0,-5.037012875857253,-5.14902667039604,-4.9045860158234404,-23.12156119118193,-23.001289685364355,286.1655962814343,0.98,-0.13242686003381277
2685,25.0,-5.955384995753983,-5.1273127298130134,-4.879155295320913,-22.559734796790774,-23.007200927433587,286.42217444604603,0.98,-1.0762297004330694
2690,25.0,-5.240791117404647,-5.106982397271281,-4.855211181536106,-21.410647143511156,-23.013127677894033,286.50865506599183,0.98,-0.3855799358685408
2695,25.0,-5.5046623039878995,-5.087972510611564,-4.832684725323077,-23.226306475996804,-23.01907864324005,286.65041666777245,0.98,-0.6719775786648228
2700,25.0,-5.051734439507054,-5.070223146039211,-4.811528256011684,-23.738217632398733,-23.025061777896184,286.6979893611344,0.98,-0.2402061834953697
2705,25.0,-5.423368438177071,-5.053677440476292,-4.7916849102306855,-22.08841288978741,-23.031084334106367,286.8153182240348,0.98,-0.631683527946385
2710,25.0,-5.295147865771308,-5.0382814240285825,-4.773111577340728,-22.39057615323881,-23.03715290886612,286.9060445463955,0.98,-0.5220362884305798
2715,25.0,-4.628497333424148,-5.023983861978309,-4.755760125709571,-22.794786500218883,-23.043273488050318,286.8853873796684,0.9731686799200548,0.12726279228542303
2720,25.0,-5.361208932640514,-5.010736105749174,-4.739579071273795,-22.528293079259736,-23.04945148788414,286.97949604903016,0.98,-0.6216298613667188
2725,25.0,-5.226909292736477,-4.998491952322468,-4.724529751298235,-23.527012777558816,-23.05569179389971,287.05021269843155,0.98,-0.5023795414382421
2730,25.0,-3.980526047097401,-4.98720751161369,-4.710569795658216,-23.589458251026848,-23.061998797515088,286.95490645321894,0.9408054944224186,0.7300437485608153
2735,25.0,-4.293387731458617,-4.976841081348709,-4.697648633139977,-23.101819493137945,-23.068376430367124,286.90603931721853,0.9191005364980089,0.40426090168135964
2740,25.0,-5.51936630933096,-4.967353029005324,-4.685709181111122,-22.8542228817633,-23.074828196522986,286.99917555697385,0.963861970440739,-0.833657128219838
2745,25.0,-4.48489628929149,-4.958705680410731,-4.674695195370873,-22.48113517074061,-23.081357202690896,286.9796203728334,0.9536707066084895,0.18979890607938277
2750,25.0,-4.678416897164288,-4.950863214611161,-4.664563085352313,-22.918459044399814,-23.087966186543383,286.98093359697486,0.9544146159519438,-0.013853811811975092
2755,25.0,-5.136131495596462,-4.943791564651349,-4.655277620704908,-22.91872426481254,-23.09465754326223,287.02270696290043,0.98,-0.4808538748915545
2760,25.0,-4.867439468786427,-4.937458323922385,-4.646808472731777,-22.43585877545825,-23.101433350407945,287.0401868829859,0.98,-0.2206309960546493
2765,25.0,-4.3746248598572866,-4.931832657758207,-4.639136022575087,-22.442875816738013,-23.108295391211442,287.0212024671474,0.965795175833394,0.26451116271780073
2770,25.0,-5.999125848594305,-4.926885219977521,-4.632240771164561,-23.412206384758658,-23.115245176381137,287.10937658894005,0.98,-1.3668850774297443
2775,25.0,-4.943975840683206,-4.922588074087571,-4.62610127773587,-23.61489629252859,-23.12228396451306,287.12762915306445,0.98,-0.3178745629473356
2780,25.0,-4.507254928558392,-4.918914618881388,-4.620697051946252,-22.848917180412368,-23.129412781186915,287.1218955908132,0.9739074931363422,0.11344212338785997
2785,25.0,-5.106651986253373,-4.9158395181767105,-4.616009199662642,-23.325291855708826,-23.13663243682717,287.14340716983503,0.98,-0.4906427865907306
2790,25.0,-4.111851804526649,-4.9133386344590235,-4.612017337324744,-23.29779267143284,-23.1439435434028,287.1247349397961,0.9531373113649995,0.5001655327980954
2795,25.0,-4.1557811158989715,-4.911388966204981,-4.608699207914469,-22.644788094328817,-23.151346530036648,287.11067920772683,0.9288118686485772,0.4529180920154978
2800,25.0,-4.712049008864285,-4.909968588676236,-4.6060199731265925,-23.163444333232107,-23.158841657589477,287.11333626955326,0.9345065604996595,-0.10602903573769229
2805,25.0,-4.74976168049361,-4.90905659798409,-4.603935602552326,-23.748361553169378,-23.166429032282196,287.1161792610139,0.942338764363189,-0.1458260779412841
2810,25.0,-5.1428076083184475,-4.908633058239957,-4.602408258130424,-23.065849204345774,-23.174108618414408,287.12389922718535,0.971363353177562,-0.5403993501880233
2815,25.0,-5.039018495806642,-4.908678951613922,-4.601411912153708,-22.88076171767677,-23.18188025023511,287.1279772302594,0.98,-0.4376065836529346
2820,25.0,-4.473473831555641,-4.909176131137258,-4.600937159789908,-23.854870090358485,-23.18974364301738,287.12741125099575,0.9731539685312387,0.12746332823426698
2825,25.0,-3.9396848061816185,-4.910107276091878,-4.600979588223595,-23.689909305320167,-23.197698403386852,287.12767367346186,0.9376359553470803,0.6612947820419763
2830,25.0,-4.652674366071862,-4.911455849839626,-4.601526746207526,-23.107907512417054,-23.20574403894969,287.12741192399557,0.9403830783921069,-0.051147619864336136
2835,25.0,-4.665948505296642,-4.913206059953723,-4.602550215106419,-22.888383304668803,-23.213879967264035,287.12680504993995,0.9437881682223683,-0.06339829019022325
2840,25.0,-4.7069647366978415,-4.915342820521346,-4.604022643063729,-23.334508794573306,-23.22210552419574,287.12538739033573,0.9493171052515967,-0.10294209363411255
2845,25.0,-3.9636674753941143,-4.917851716494113,-4.605922156135705,-23.288422397387027,-23.230419971697216,287.1367975980351,0.9148223670554656,0.6422546807415905
2850,25.0,-4.362189745024431,-4.92071896997146,-4.6082277320371645,-23.290610553674014,-23.238822505045164,287.1421028325644,0.9016080716399373,0.24603798701273316
2855,25.0,-4.494513686244478,-4.923931408307112,-4.61090476150531,-23.506486598022125,-23.247312259572055,287.1450167918338,0.8953569608310614,0.11639107526083237
2860,25.0,-4.7550878012788935,-4.927476433936022,-4.6139137783645765,-23.152062419682522,-23.255888316922693,287.1410441374566,0.9029390247489762,-0.14117402291431702
2865,25.0,-5.142020385534633,-4.931341995825335,-4.617218545589026,-22.99933541783465,-23.264549710866333,287.12482460770036,0.9311243243075735,-0.5248018399456074
2870,25.0,-4.558404357593772,-4.9355165624572805,-4.620794758722582,-22.956865968859805,-23.27329543269289,287.12691131701774,0.9277735953416127,0.06239040112880989
2875,25.0,-4.388672022159886,-4.9399890962585005,-4.62463412713123,-23.541277155249915,-23.282124436219163,287.1353838538726,0.9151012332277002,0.2359621049713443
2880,25.0,-4.7521824315522805,-4.944749029394757,-4.628729080981941,-22.3630325978216,-23.291035642430955,287.1306562195936,0.9217312033465719,-0.12345335057033946
2885,25.0,-5.114945956882953,-4.94978624085428,-4.633067798329478,-23.300745445374822,-23.300027943783675,287.1111042409782,0.9476096923125258,-0.48187815855347527
2890,25.0,-4.545065948868042,-4.955091034747852,-4.637644528937699,-24.108183248001968,-23.309100208184077,287.11506684020475,0.9426379937923918,0.0925785800696568
2895,25.0,-5.4839654280830565,-4.960654119757862,-4.642464524635329,-22.83394641219729,-23.31825128267363,287.077135190423,0.98,-0.8415009034477272
2900,25.0,-5.007583652794397,-4.966466589672336,-4.647536818924266,-23.402662144268636,-23.32747999683272,287.0600541976221,0.98,-0.3600468338701308
2905,25.0,-4.379973665294903,-4.972519904943283,-4.65288229485742,-23.79115656392801,-23.33678516592431,287.07369910250463,0.9653449639131207,0.27290862956251694
2910,25.0,-4.479117545879926,-4.978805875212856,-4.658518257897185,-23.086238080954388,-23.34616559379387,287.0831555802525,0.9557114513141003,0.1794007120172596
2915,25.0,-4.4722380717084285,-4.98531664275373,-4.664450244136617,-24.69778174029349,-23.355620075541623,287.0938189440776,0.9453902131572701,0.19221217242818867
2920,25.0,-5.306076721936576,-4.992044666772529,-4.6706742735663624,-24.27093652396985,-23.365147399982476,287.05683548507807,0.9795086973379421,-0.6354024483702139
2925,25.0,-4.298712500991218,-4.998982708529525,-4.677185191981266,-23.433871657296322,-23.374746351907163,287.0798822103502,0.9591867716023293,0.37847269099004777
2930,25.0,-4.186123112056788,-5.006123817228911,-4.683986522503915,-22.71728912511514,-23.384415714158564,287.1115480235123,0.9324548905905192,0.4978634104471267
2935,25.0,-4.628129283604065,-5.0134613166375175,-4.691072081705784,-23.346698894707767,-23.39415426953505,287.1157181321313,0.9290753793708062,0.06294279810171854
2940,25.0,-5.129358416953739,-5.020988792392416,-4.69842230462632,-23.815777567193148,-23.403960802532765,287.086102405531,0.9522124752188474,-0.43093611232741935
2945,25.0,-5.101600888856758,-5.0287000799589805,-4.7060189562840264,-23.342358399140522,-23.413834100937606,287.058002803969,0.9734507929806057,-0.3955819325727319
2950,25.0,-4.999377808113558,-5.036589253204056,-4.713857498694949,-22.56630858072223,-23.423772957277436,287.0370740367104,0.98,-0.28552030941860895
2955,25.0,-4.931580414633299,-5.0446506135510845,-4.72194514371165,-23.79500825012646,-23.43377617014363,287.021218668031,0.98,-0.20963527092164824
2960,25.0,-5.342651923354145,-5.0528786796850795,-4.730291348104458,-23.45229456866784,-23.443842545391533,286.97342210867356,0.98,-0.6123605752496868
2965,25.0,-5.391033518730218,-5.061268177777663,-4.738903997173793,-24.14700127722745,-23.453970897227492,286.92088944751146,0.98,-0.6521295215564251
2970,25.0,-5.805405790300978,-5.069814032204306,-4.747787331681479,-23.07394291538269,-23.464160049191207,286.8330015730547,0.98,-1.0576184586194985
2975,25.0,-5.790205567477356,-5.078511356726779,-4.756944202175305,-23.61876458771614,-23.474408835039924,286.74446974734576,0.98,-1.0332613653020513
2980,25.0,-4.910383332026244,-5.087355446116135,-4.766374472092025,-22.80418361202835,-23.48471609954234,286.7317589059298,0.98,-0.1440088599342193
2985,25.0,-5.021149977102276,-5.096341768191905,-4.776073896766604,-23.56478249732566,-23.495080699187497,286.7095098585313,0.98,-0.24507608033567152
2990,25.0,-4.980904078315101,-5.105465956256012,-4.786039762215239,-23.871065365056907,-23.505501502815946,286.6913325561913,0.98,-0.19486431609986177
2995,25.0,-5.494497102746723,-5.114723801899515,-4.79626788802824,-22.967497933516647,-23.515977392177803,286.6244847507848,0.98,-0.6982292147184834
3000,0.0,-4.1550086452457435,-5.733760700641312,-5.235354241915104,-23.546307799085113,-23.526630051787578,291.058486034772,0.9221119184344042,1.0803455966693605
3005,0.0,-6.176539540688194,-6.323416547496265,-5.653741016849494,-24.42819988991555,-23.53801716750266,289.0482375312787,0.9500812483001573,-0.5227985238386994
3010,0.0,-5.7379861204332805,-6.885393262819662,-6.061576776179379,-23.28365465588769,-23.550680467091553,290.2676931892617,0.9327957846975198,0.3235906557460986
3015,0.0,-5.930952197341284,-7.421285154238092,-6.454834868496903,-23.792210992933274,-23.56503402570405,292.1605952426458,0.9048523895988436,0.5238826711556186
3020,0.0,-6.093767940181005,-7.93258666684892,-6.833357154497094,-23.116614367771284,-23.5813865460116,294.7124660877548,0.8654594062705628,0.7395892143160889
3025,0.0,-7.861828573286462,-8.420699454507428,-7.197087708647928,-24.65729424667625,-23.599960071475664,292.5305481847631,0.9008173600445007,-0.6647408646385342
3030,0.0,-8.024031076956971,-8.886938846237797,-7.552377088416847,-24.093549835051256,-23.620905686592522,291.00909464119576,0.9258713956831056,-0.4716539885401243
3035,0.0,-8.364276460411077,-9.332539772252971,-7.898676961505203,-23.73333367749656,-23.644316672884486,289.53943816212967,0.9505715723012743,-0.46559949890587404
3040,0.0,-8.783293751088351,-9.758662205871929,-8.236221105376387,-23.42334634809978,-23.670239517375393,287.84988291203877,0.9795569886823615,-0.5470726457119639
3045,0.0,-8.607675456598686,-10.166396170580754,-8.565560494901149,-23.719533583517524,-23.69868310928939,287.7223922640955,0.98,-0.04211496169753737
3050,0.0,-9.385661696898008,-10.556766355420109,-8.885268248610487,-23.58207504365764,-23.72962640905348,286.25302510745723,0.98,-0.5003934482875216
3055,0.0,-10.004705549372286,-10.930736376661855,-9.197190105704863,-24.0358450963737,-23.763024829932675,283.93043351594554,0.98,-0.8075154436674232
3060,0.0,-11.111365107977857,-11.289212719227805,-9.502501536781438,-23.708744977044415,-23.79881553557078,279.3692873203993,0.98,-1.6088635711964194
3065,0.0,-11.018415790408936,-11.633048387411236,-9.80375908082982,-23.863084291290246,-23.836921825325277,275.9199159983246,0.98,-1.2146567095791152
3070,0.0,-11.548065328462432,-11.963046291084993,-10.099875406121043,-23.79049937475472,-23.877256752706273,271.8316105563914,0.98,-1.4481899223413883
3075,0.0,-12.13221215330145,-12.27996239065834,-10.39165104885501,-23.244402832273924,-23.919726099720208,266.9225897279349,0.98,-1.7405611044464404
3080,0.0,-11.464439886485037,-12.584508621498458,-10.680050213814127,-23.706128918784366,-23.96423081086047,264.6981526574641,0.98,-0.7843896726709101
3085,0.0,-11.379183107818676,-12.877355616321154,-10.962302585726945,-24.56104922673871,-24.010668974350637,263.53265715103373,0.98,-0.41688052209173065
3090,0.0,-12.071805926200803,-13.159135242120954,-11.237506268568268,-24.34597907888896,-24.05893742458585,261.2507494110163,0.98,-0.8342996576325348
3095,0.0,-12.9906394209711,-13.43044296652198,-11.507043855315999,-23.914590609945922,-24.108933028156514,257.24589839423436,0.98,-1.4835955656551008
3100,0.0,-13.215183935832076,-13.691840066947805,-11.77281819309195,-23.703528891576624,-24.160553706055083,253.35089665618185,0.98,-1.442365742740126
3105,0.0,-14.294200802641393,-13.943855694707963,-12.03479656388788,-23.508383584616006,-24.21369923638943,247.25034526670945,0.98,-2.259404238753513
3110,0.0,-13.165622153194306,-14.186988804948953,-12.29531711560071,-23.65034666797564,-24.26827187492492,244.85826792431155,0.98,-0.8703050375935959
3115,0.0,-14.139849174134335,-14.421709962407078,-12.550569093297781,-24.821124209167888,-24.324176824858284,240.5408086880514,0.98,-1.589280080836554
3120,0.0,-14.332093138374931,-14.648463031999313,-12.80266843312711,-23.934346558723615,-24.38132258222032,236.36765697477844,0.98,-1.5294247052478216
3125,0.0,-13.71542760874571,-14.86766676249465,-13.051526716874548,-24.662406595509474,-24.43962117907745,234.5496099741284,0.98,-0.6639008918711617
3130,0.0,-15.482187234428144,-15.079716270796155,-13.294792812403045,-24.842556212325544,-24.49898834312765,228.65431698540377,0.98,-2.1873944220250987
3135,0.0,-14.052300792782797,-15.284984433730415,-13.536804238874822,-25.11616277906761,-24.559343589271577,227.23784171796723,0.98,-0.5154965539079743
3140,0.0,-15.085741197623127,-15.483823193675732,-13.772946862755703,-24.419263009861773,-24.62061025619252,223.69931911130044,0.98,-1.3127943348674247
3145,0.0,-15.066150234177654,-15.676564783847084,-14.00557613922524,-24.857529929727978,-24.68271549883167,220.84118507941042,0.98,-1.060574094952413
3150,0.0,-15.20423064612654,-15.863522878601316,-14.23408116198641,-24.6795043639262,-24.745590245834364,218.2421443123126,0.98,-0.9701494841401299
3155,0.0,-15.725252726327769,-16.044993673709257,-14.458312689860406,-24.78977172543703,-24.809169129517414,214.87472971632312,0.98,-1.2669400364673624
3160,0.0,-15.987118780370606,-16.221256901167862,-14.679162791553438,-24.009845544265055,-24.87339039462259,211.40003270719495,0.98,-1.3079559888171683
3165,0.0,-16.18722898411704,-16.392576782786364,-14.896819214015068,-24.524913192367222,-24.938195791041608,207.96888228355337,0.98,-1.2904097701019737
3170,0.0,-15.62947048515109,-16.559202926469595,-15.11131162868628,-24.75337469494256,-25.00353045478846,206.58989160061978,0.98,-0.5181588564648099
3175,0.0,-16.163759402301867,-16.721371168841927,-15.320664278246227,-25.78896853082271,-25.069342780732967,204.3870752002968,0.98,-0.8430951240556404
3180,0.0,-17.151457020223994,-16.87930436759592,-15.525882503702462,-24.997871233351113,-25.13558428996882,200.18217300706866,0.98,-1.6255745165215316
3185,0.0,-15.601249369213878,-17.033213146716207,-15.729063344149097,-24.81655873924844,-25.202209494154516,200.51612155599577,0.9734196013708937,0.1278139749352185
3190,0.0,-17.77558516158957,-17.183296597510633,-15.925802241268173,-25.473546394021525,-25.269175758716017,195.84766283306772,0.98,-1.849782920321399
3195,0.0,-17.339600245137476,-17.32974293818387,-16.12119521639795,-25.35324766800841,-25.336443166425994,192.72328151751861,0.98,-1.2184050287395252
3200,0.0,-18.169109597285786,-17.47273013450436,-16.313750669889828,-24.962488038367226,-25.403974382562637,187.9621969163383,0.98,-1.855358927395958
3205,0.0,-17.20647148124555,-17.61242648394696,-16.505151559556737,-24.366933047687652,-25.471734522590765,186.1293669935459,0.98,-0.701319921688814
3210,0.0,-18.734404459997208,-17.748991165537547,-16.692505641956245,-25.61473663353082,-25.53969102309307,180.85830804805067,0.98,-2.0418988180409627
3215,0.0,-16.629952204970497,-17.882574757481564,-16.879358046194966,-26.154465820319277,-25.607813516500357,181.51864515722426,0.9672169209924752,0.24940584122446907
3220,0.0,-17.978505573171205,-18.01331972452394,-17.05979796900482,-25.660787693652424,-25.67607371002333,179.17990665672045,0.98,-0.9187076041663857
3225,0.0,-18.631070198850132,-18.141360876864468,-17.2370585706376,-25.549203879276046,-25.744445269067143,175.65066368909282,0.98,-1.3940116282125317
3230,0.0,-17.467579793288838,-18.266825802336427,-17.412392947017167,-25.695453692331697,-25.8129037053111,175.5097843026629,0.98,-0.055186846271670476
3235,0.0,-18.334473662758366,-18.389835273449506,-17.58259247528744,-25.678340234688548,-25.88142626955613,173.64636021246102,0.98,-0.751881187470925
3240,0.0,-17.953456381320464,-18.5105036307975,-17.749538934632,-26.066231437577947,-25.949991849376943,173.14564868512136,0.98,-0.20391744668846457
3245,0.0,-18.402004385365487,-18.628939144238387,-17.91210485906916,-25.38696672399086,-26.018580871563813,171.97164324263457,0.98,-0.4898995262963268
3250,0.0,-19.39467229548413,-18.74524435316755,-18.071122193002196,-25.38762012120682,-26.087175209298607,168.84986168642314,0.98,-1.323550102481935
3255,0.0,-18.95358337659853,-18.85951638712322,-18.22849428088216,-26.385005856320355,-26.155758093975493,167.12710142059368,0.98,-0.7250890957163705
3260,0.0,-19.81094540418802,-18.97184726788788,-18.38299708378588,-24.586883827145495,-26.22431403155352,163.76395984744903,0.98,-1.4279483204021375
3265,0.0,-18.745858325478697,-19.08232419417837,-18.53621954631339,-26.251761031861662,-26.292828723308048,163.26454938785565,0.98,-0.2096387791653065
3270,0.0,-18.709339774171156,-19.19102980995052,-18.685605439623544,-25.97022093033302,-26.36128899083525,163.20928800133777,0.98,-0.02373433454761198
3275,0.0,-19.035675058528046,-19.29804245728303,-18.830978061560074,-26.45995820098891,-26.429682705153226,162.74559763902786,0.98,-0.2046969969679715
3280,0.0,-19.28670806839569,-19.40343641474618,-18.972918368059112,-25.862797656719692,-26.49799871973815,162.0499784357776,0.98,-0.31378970033657794
3285,0.0,-20.766539488814907,-19.507282122107227,-19.11180378652236,-26.170048331473268,-26.566226807329173,158.44721844020418,0.98,-1.6547357022925482
3290,0.0,-19.411168025017947,-19.60964639217272,-19.250207664676623,-26.760486033873615,-26.634357600335534,158.09023758859303,0.98,-0.1609603603413241
3295,0.0,-19.03196678842243,-19.710592610520393,-19.385392060060042,-27.020796434247337,-26.70238253467923,158.85715776425283,0.9620626349013629,0.3534252716376116
3300,0.0,-20.09398968227277,-19.810180923828227,-19.516627666881874,-27.392191617073696,-26.770293796908987,157.64739698578066,0.98,-0.5773620153908965
3305,0.0,-19.2779743832238,-19.908468417466025,-19.645723077268258,-26.293731274220946,-26.838084274423863,158.41081152733346,0.9613548266453962,0.3677486940444581
3310,0.0,-19.446271875016603,-20.00550928297585,-19.771235335646594,-26.579995130866383,-26.905747508649313,159.06319968746323,0.9448870586023,0.3249634606299914
3315,0.0,-19.691203253371256,-20.101354976029228,-19.893474611097446,-26.50554274603547,-26.973277651012438,159.4568731014115,0.934641750353614,0.20227135772618965
3320,0.0,-19.409803065131406,-20.19605436541582,-20.01281371319891,-26.619125727411905,-27.040669421569106,160.5992790397979,0.9041128666030563,0.603010648067503
3325,0.0,-19.565081938984058,-20.289653873584257,-20.12886484793924,-27.053930051193635,-27.107918070139704,161.63007926779952,0.875583068282422,0.5637829089551829
3330,0.0,-20.276438947835146,-20.382197609225273,-20.241873157797414,-27.48036939254293,-27.175019339817368,161.5689572804892,0.8773314621246747,-0.03456579003773186
3335,0.0,-20.36081087290203,-20.473727492358705,-20.352691888941308,-27.57122930031735,-27.24196943271724,161.55487965589975,0.8777419535826482,-0.008118983960720527
3340,0.0,-21.32794684842838,-20.564283372358545,-20.46134223326567,-27.13532257903077,-27.30876497784118,160.0821678342923,0.9215381849866328,-0.8666046151627107
3345,0.0,-20.88125575918911,-20.653903139324484,-20.568837665978464,-26.979142143624976,-27.375403000938746,159.55227970521383,0.9373203700100975,-0.3124180932106455
3350,0.0,-21.367087223674236,-20.742622829184597,-20.674603749166067,-27.756765390221855,-27.44188089624987,158.39331053353524,0.9722873779348183,-0.6924834745081689
3355,0.0,-21.122916610891608,-20.83047672289132,-20.779147254789365,-27.027143475283996,-27.508196400021433,157.82069044608366,0.98,-0.3437693561022428
3360,0.0,-20.873978312269553,-20.917497440050994,-20.88219186472159,-28.51012758222481,-27.574347565694325,157.83421908823254,0.9795855970251841,0.008213552452037476
3365,0.0,-21.449238363259358,-21.003716027308258,-20.983494980647464,-27.54438125056116,-27.640332740663496,157.0804197875154,0.98,-0.46574338261189396
3370,0.0,-20.236333298651115,-21.089162041787034,-21.083669039212424,-28.294742940223053,-27.706150544518607,158.4425028158268,0.9372830377569538,0.8473357405613093
3375,0.0,-20.91098754680189,-21.173863629872187,-21.18150874877412,-26.80589495376318,-27.771799848677176,158.8634145223666,0.9236504739344716,0.2705212019722296
3380,0.0,-20.983558266888146,-21.257847601600105,-21.277722892109097,-28.0176179414932,-27.83727975732768,159.31214527984747,0.9088320911346736,0.2941646252209509
3385,0.0,-21.659890887915015,-21.341139500909577,-21.372363524578986,-27.59910087264957,-27.902589589604162,158.8820892094074,0.9233106831272245,-0.2875273633360287
3390,0.0,-20.72702369073674,-21.42376367199074,-21.465989222393944,-26.522759570148622,-27.96772886291825,159.9780624070409,0.8861135213604463,0.7389655316572039
3395,0.0,-21.59492797109221,-21.505743321955435,-21.5577617196451,-27.980516019014246,-28.03269727737853,159.92442125250807,0.8879836694384602,-0.037166251447111165
3400,0.0,-21.77045130564148,-21.587100580039362,-21.64838716894579,-28.237338496435083,-28.097494701231653,159.75045530638982,0.8941235348880195,-0.12206413669569116
3405,0.0,-21.428920224051296,-21.667856553534307,-21.737946515528392,-28.508704667422755,-28.162121157262618,160.18601766121603,0.87858494798383,0.30902629147709604
3410,0.0,-21.586373574342133,-21.74803138063703,-21.826131605107435,-28.166771317831927,-28.226576810095764,160.51774208963852,0.8665335648296946,0.23975803076530156
3415,0.0,-21.589658901789644,-21.827644280390814,-21.913036776658856,-27.814027677761946,-28.290861954341267,160.95760406176643,0.8502846697785429,0.32337787486921243
3420,0.0,-22.0765075065926,-21.90671359988488,-21.99863113198697,-28.4427249687296,-28.354977003534657,160.85359410839794,0.8541964213954794,-0.0778763746056299
3425,0.0,-22.236710360830674,-21.98525685886807,-22.0832151029347,-28.593087440306988,-28.418922479821134,160.65094648032553,0.8619039335748568,-0.15349525789597251
3430,0.0,-21.774888480418035,-22.06329079192335,-22.166846956537228,-28.32212752413736,-28.48269900433766,161.16306804702475,0.8422289387351557,0.39195847611919277
3435,0.0,-22.053415862620874,-22.140831388341894,-22.249184974780093,-28.287466579373216,-28.546307288249977,161.41401453776493,0.8324052127756534,0.1957691121592191
3440,0.0,-21.93009950368172,-22.217893929826715,-22.3303923664821,-28.83768661705577,-28.60974812440338,161.9191334781036,0.8123249530184355,0.4002928628003808
3445,0.0,-22.207476885197277,-22.294493026148984,-22.41036238695446,-27.89837405635341,-28.67302237954908,162.17038172690278,0.8021506655809281,0.20288550175718356
3450,0.0,-21.734716422830967,-22.37064264887286,-22.489231150801317,-28.054957018645972,-28.736130987109874,163.09016939795322,0.7643252172167098,0.7545147279703492
3455,0.0,-22.19537105329691,-22.446356163257462,-22.56668653708877,-29.04495693482705,-28.799074940450907,163.5320643572771,0.7457161243629801,0.37131548379186086
3460,0.0,-22.062306960243014,-22.52164635843897,-22.642951978193622,-28.1971327218665,-28.86185528662415,164.21041699908096,0.7166249904839049,0.5806450179506086
3465,0.0,-22.67101407920948,-22.59652547598978,-22.717898680229467,-28.86159130719585,-28.924473120555973,164.26400555389682,0.71427670865331,0.04688460101998615
3470,0.0,-23.24314986945355,-22.671005236945803,-22.79177948039029,-30.072563597124592,-28.98692957965008,163.7557476950527,0.7368775661335344,-0.45137038906326055
3475,0.0,-23.20647006212337,-22.74509686738773,-22.86480875229165,-29.240999678473734,-29.04922583877891,163.37439100088457,0.7539801193881692,-0.34166130983171783
3480,0.0,-22.897229562788514,-22.818811122657706,-22.936919583320957,-28.32299207154354,-29.11136310563907,163.4182246727306,0.7519939269283245,0.039690020532443526
3485,0.0,-22.59447106066194,-22.89215831028733,-23.007949895532192,-28.80025953361737,-29.17334261644686,163.86778007837853,0.7313082382424743,0.4134788348702507
3490,0.0,-22.29887738166721,-22.965148311709157,-23.07776692954468,-29.21122475971459,-29.235165631952412,164.6976483736849,0.692352508531883,0.7788895478774691
3495,0.0,-23.42771941006333,-23.037790602819683,-23.14624931016033,-30.012045014960446,-29.296833433751743,164.40505112209766,0.7064262246684418,-0.2814700999030002
3500,0.0,-22.776585935132708,-23.110094273457577,-23.213868374451835,-29.7478592109305,-29.358347320877016,164.85456704595362,0.6845676884062006,0.4372824393191266
3505,0.0,-22.474725093612136,-23.182068045857335,-23.280326080182704,-29.95305326731068,-29.419708606647447,165.66604719577765,0.6443086372414265,0.8056009865705676
3510,0.0,-23.560065633162363,-23.253720292135625,-23.345493716123883,-29.100512643843256,-29.480918615763272,165.45519816633424,0.655028843601063,-0.2145719170384801
3515,0.0,-22.880144063445858,-23.325059050863473,-23.409760016691962,-29.75297561682037,-29.541978681627114,165.96894891533083,0.6285755605485288,0.529615953246104
3520,0.0,-23.23293882722739,-23.396092042775052,-23.47283561076921,-30.04307240951785,-29.602890143877488,166.19658324270154,0.6165962108163651,0.23989678354181976
3525,0.0,-23.581352012085944,-23.46682668566055,-23.53482360335525,-29.717190101547498,-29.66365434612078,166.15326461721875,0.6189190502069185,-0.04652840873069408
3530,0.0,-24.676952786653004,-23.537270108488286,-23.595811683849547,-29.759168227420865,-29.724272633848017,165.16292688125333,0.6728797082799874,-1.081141102803457
3535,0.0,-23.074225888922804,-23.607429164798162,-23.656139480513275,-29.733902823715216,-29.784746352524365,165.6932288721646,0.6438429345890542,0.581913591590471
3540,0.0,-23.52574565242897,-23.67731044540676,-23.715296375167668,-29.511186794936762,-29.845076845839685,165.86203294784934,0.6343868289194142,0.18955072273869789
3545,0.0,-23.04998367478644,-23.746920290461247,-23.77346054814197,-29.487386188119064,-29.905265454109184,166.49471981561723,0.5983031971092438,0.7234768733555299
3550,0.0,-23.457794536886198,-23.816264800878287,-23.830504018429906,-29.89545712526219,-29.965313512813964,166.81308982834264,0.579718449092038,0.3727094815437084
3555,0.0,-23.450741536713984,-23.88534984920085,-23.886546730187234,-30.142333868284474,-30.025222351272078,167.17804542123812,0.5579923875964257,0.4358051934732501
3560,0.0,-23.765071078761768,-23.95418108990509,-23.9415682104665,-29.250712275524485,-30.084993291431033,167.32280703346024,0.5491954729149283,0.1764971317047319
3565,0.0,-24.618852791025148,-24.022763969186855,-23.995626964927425,-30.002612870812776,-30.144627646773188,166.82112927258072,0.580251360907057,-0.6232258260977233
3570,0.0,-23.867256231482685,-24.091103734255967,-24.04891599560267,-30.022651047818936,-30.204126721326446,166.96568028145973,0.5712010320746027,0.18165976411998486
3575,0.0,-23.27758367966089,-24.15920544216499,-24.101244260446663,-31.004578710564704,-30.26349180877267,167.60857784663835,0.5301747035153197,0.8236605807857735
3580,0.0,-24.142487800637983,-24.227073968197516,-24.152485547618454,-31.085086214349754,-30.322724191647154,167.61618848249597,0.5296768206856675,0.009997746980470623
3585,0.0,-23.328232111516478,-24.294714013839638,-24.202838375719892,-30.312280947499172,-30.381825140622425,168.2702636631788,0.4861306712832164,0.8746062642034147
3590,0.0,-24.856922986696354,-24.362130114356802,-24.252109221446517,-30.690005844642165,-30.440795913870517,167.82947996436332,0.5162380453801203,-0.6048137652498369
3595,0.0,-24.45334290761155,-24.42932664599749,-24.300601128429236,-29.799974016368633,-30.499637756498117,167.71965642001703,0.5238399853665389,-0.15274177918231402
3600,25.0,-24.917634981083978,-23.886651875766347,-23.624677956860296,-30.376385367282115,-30.55822907941902,180.72171401504963,0.5883650889380097,-1.292957024223682
