Time_s,Pressure_mbar,Heater_Power_W,T_Real_CPU,T_Real_Battery,T_Meas_CPU,T_Meas_Battery,T_Meas_Payload,T_Meas_Structure,T_Meas_Radiator,T_Meas_Panels,T_Pred_CPU,T_Pred_Battery,T_Pred_Payload,T_Pred_Structure,T_Pred_Radiator,T_Pred_Panels
0.0,5.049671415301124e-06,40.0,21.979179208170763,20.00334336653657,20.764018823034064,20.130875054234764,20.365720426793814,19.919856058128516,18.70400265975826,21.468168592417953,21.979179208170763,20.00334336653657,20.15278613878047,19.916716832682937,17.3453490417686,19.722389442276437
10.0,5.126414888216415e-06,40.0,22.688125312319187,20.00433390136908,21.456358257701652,20.111047977233568,20.027652160745106,19.826658805809814,18.23648342923252,17.865629534327468,23.75154101122837,20.005819703610086,20.29373969067467,19.748629205898055,15.428928691905071,19.4510168913734
20.0,4.953923104965111e-06,40.0,23.365941100444445,20.005051443341245,22.16407081526279,19.800975934379437,20.24027982944142,19.680379015185338,15.741806338435026,21.135353684900224,25.329336542079147,20.006589835062698,20.419214276996797,19.536787839338217,14.016847611212484,19.183427922559815
30.0,4.931345474916458e-06,40.0,24.01359510209909,20.00546913214214,22.98486067444378,19.719363310681956,20.123345813627736,19.81763750616767,15.25290754416011,19.93691208620794,26.727696362010533,20.005233675513864,20.527799081175488,19.30664523395427,12.953533055307446,18.918337722344972
40.0,4.8712816059245775e-06,40.0,24.632082181272438,20.005566729137513,23.577307142654035,19.88447313796388,20.655039351380594,19.71939862577716,14.674923127630052,20.275880356262462,27.962781294839544,20.001589961469676,20.619426734025183,19.07362077922852,12.134717025933014,18.655179435254183
50.0,4.749197240927475e-06,40.0,25.222412198275947,20.00532956269899,24.312125133878965,19.61308647654954,20.06878953563364,19.682883305475286,15.869016748105594,19.51735689495422,29.050675253123245,19.995653272802315,20.694804227946463,18.84670863087007,11.489955583894186,18.393814717210432
60.0,4.737632412688651e-06,40.0,25.785600608093716,20.004747625989182,24.816230953046443,19.709206953117473,20.237728524628096,19.46890464233644,15.646306673493882,19.58272939913934,30.006749959319393,19.987508186322543,20.755052787005923,18.63082029065555,10.97122820846431,18.134349339605194
70.0,4.561328397152377e-06,40.0,26.322660708637386,20.00381480568535,25.519752092632473,19.927456276905446,20.2909849871113,19.59812258029814,15.132186866495488,20.06393564522,30.845327717525322,19.97728752866817,20.801482941148493,18.428304944165404,10.545459540521165,17.877016890385107
80.0,4.477406644830113e-06,40.0,26.834597293421325,20.002528223174124,25.944957621450385,20.069947615343608,20.663548674277422,19.292882204714772,13.474512914316051,17.92025206612317,31.57953011744945,19.96514625959037,20.8354569068062,18.23993386778392,10.189591629057304,17.622106564436763
90.0,4.357785982422046e-06,40.0,27.322401498322847,20.000887672356157,26.695545821780343,20.273820032094363,20.49352185589197,19.50131214059229,13.62221843850972,18.275761539641735,32.22124042135977,19.951245466455077,20.8583070955155,18.065535037807877,9.887323982517444,17.369919404992174
100.0,4.393925542972888e-06,40.0,27.78704666219346,19.99889514043025,27.34225037255152,19.993936064178286,20.857781905239165,18.688153560989633,13.719484169925693,18.902569660248048,32.781133241866314,19.935742868556588,20.87129044354083,17.90439941514012,9.626948795103885,17.120742799524294
110.0,4.364024807926301e-06,40.0,28.22948504688685,19.99655439994268,27.530932009616834,19.601768740257114,20.535336616391646,19.19516587119216,14.044847766032603,18.192232142145997,33.26874191856774,19.918787481411528,20.87556534834448,17.75553836804545,9.399907718588565,16.874836584560512
120.0,4.283175447636982e-06,40.0,28.650645284394216,19.993870662026495,27.867454617626606,20.180198202257372,20.676980857754188,18.930013558265898,12.778287788094133,18.702895391232914,33.69254491677151,19.900516909861267,20.872182634078797,17.617844278088512,9.199825376818524,16.63242643588046
130.0,4.380039946690271e-06,40.0,29.05143043776127,19.990850282165695,28.260845172135134,19.929078350776877,20.56237144945817,18.656421065386837,12.28468926216101,18.762526255257853,34.06005965060183,19.8810562749249,20.86208500106079,17.49018842826166,9.02185872569288,16.393701740463598
140.0,4.380551292354517e-06,40.0,29.432716578757606,19.987500511030362,28.766922679374375,19.708692524059927,20.58389611344819,18.79496010431683,10.932513272594122,18.23618178103669,34.3779367073476,19.860518130511707,20.84611139745948,17.371478503389994,8.862256246267577,16.158816141426996
150.0,4.420956378035971e-06,40.0,29.795351799261482,19.9838292839691,29.58368196357634,20.02350727963602,20.744508202640247,18.7644378212093,9.582454643515575,18.267302168665935,34.652050388625184,19.83900295599102,20.825004046709637,17.260690306446406,8.718056973747423,15.92788959782905
160.0,4.4269793990300735e-06,40.0,30.14015558534038,19.979845043639102,30.072577526633722,19.946620854741184,20.77609564469674,18.689827707273878,10.117041355911226,19.333350416630537,34.88758335508521,19.816599960886833,20.799416708114677,17.156883219546614,8.58688305443917,15.701011225937918
170.0,4.502172702298751e-06,40.0,30.467918493328796,19.975556591026702,30.09333124922216,19.799400974070238,21.017024441673755,18.335593341696892,11.673236346378758,20.278070481933185,35.089104337195295,19.793388035951637,20.769923295949127,17.059205605495265,8.466795134148185,15.478242464989364
180.0,4.403119069785682e-06,40.0,30.779402076075144,19.97097296077135,30.159576200397623,19.997086536343545,20.654418546584736,18.22687029622614,10.970105620357458,16.922788030713605,35.26063859903769,19.76943674852737,20.737026336072574,16.966894158353,8.356190185971741,15.25962028957315
190.0,4.450478312849201e-06,40.0,31.075339015142617,19.966103317277486,30.409952207001197,20.282721965910127,20.615157511950713,18.395541455913815,11.543263232578681,16.652108740011954,35.40573127491405,19.744807321229814,20.70116496564583,16.87926977774532,8.253728196914551,15.045160306108414
200.0,4.473224306309614e-06,40.0,31.356433421295264,19.960956868590984,31.160304151683306,19.64652715146815,20.82355327902866,18.436832727034982,11.35152207021963,16.544323390542445,35.52750394448287,19.71955355936541,20.66272232505844,16.795731603790102,8.158278641747245,14.834859644443668
210.0,4.341178645001186e-06,40.0,31.623361271215913,19.955542795437452,31.293058182105824,20.02242833184988,20.849743957823875,18.381019242743264,9.74023834171993,17.9122641314151,35.62870493953403,19.69372270921025,20.622032280595533,16.715750237888813,8.068880661908736,14.628699601943083
220.0,4.370485892331054e-06,40.0,31.87677095322988,19.949870193187166,31.32104001907618,20.330921817825754,20.905706943539826,18.002315475375894,10.936983753711047,16.60451595946836,35.71175392885635,19.66735623971738,20.57938547072399,16.63886077743706,7.984712852592224,14.426648026029739
230.0,4.449194352705299e-06,40.0,32.11728389894665,19.943948024822703,31.956978856988997,19.788102895616817,21.01326072127398,18.25394000667876,10.971368031084353,19.375644080598647,35.77878133587228,19.64049054657488,20.53503470063879,16.564656036116958,7.905069882386215,14.228661438304982
240.0,4.424655541105012e-06,40.0,32.345495281286446,19.93778508325761,31.822606724355637,19.76855476295026,20.66549108377228,18.088708573068914,10.36725599555615,17.65567673474243,35.831663125412376,19.613157581264716,20.489199727058406,16.492780157321874,7.829344051330395,14.034686913156008
250.0,4.5073738660086144e-06,40.0,32.561974762404816,19.931389961585808,32.21140265767377,20.231137389390994,20.782282348615126,18.582812344380955,10.5357814643275,16.422459248930295,35.8720514630881,19.585385409820844,20.442071483529162,16.422922724481396,7.7570104832008155,13.844663728885962
260.0,4.400284616202503e-06,40.0,32.767267277639064,19.924771030044212,32.52868276168317,19.88947419932822,20.983135664946985,18.06993976991265,9.727881571273315,16.33396412569732,35.90140171069578,19.557198706974873,20.39381579916477,16.3548134075682,7.687615044239806,13.658524811602547
270.0,4.248799893733916e-06,40.0,32.96189384383956,19.91793641864217,32.55476751430314,20.09895438015758,20.88690360993479,17.66447618612267,9.87051367911431,17.467739966521606,35.92099617860333,19.528619191712153,20.344576663055363,16.288217146052943,7.620764348232626,13.476197992517655
280.0,4.160414150113803e-06,40.0,33.14635238236053,19.910894004561214,32.87572827696323,19.93260411828942,20.617931456463452,17.92528044938024,10.160264136071248,18.06767515921058,35.9319650139289,19.49966601020151,20.294479083972476,16.22292984595134,7.556117389733629,13.297607098678725
290.0,4.265794355317293e-06,40.0,33.32111854862541,19.90365140355607,32.75990349932323,19.726472978199467,20.950726204456032,17.898292615048263,10.02174930824691,20.74010550979341,35.93530456313022,19.47035607177878,20.243631591387214,16.158774556433627,7.493378471827384,13.122672895936319
300.0,4.32288340638661e-06,40.0,33.486646561577004,19.89621596470039,33.44303417641572,20.09770953028834,20.97800332078765,17.675951171384042,10.177564225435333,16.017859148513196,35.93189351023534,19.440704343259142,20.19212841978384,16.095598085855897,7.432291180960192,12.951313901451897
310.0,4.299201545712609e-06,40.0,33.64337002751989,19.888594767913105,33.289827930469926,19.915958241596286,21.3095319764372,17.31062093078299,10.021056381522214,15.081849806701257,35.922507057738585,19.41072410639947,20.140051414135883,16.03326801550446,7.372633221650233,12.783447081445786
320.0,4.252008359133666e-06,40.0,33.79170275387628,19.880794623784425,33.76661160496542,19.904923901564246,20.62885046165593,17.48762287897756,9.93457485077198,15.868661317906401,35.90782938624699,19.38042718286431,20.087471690426412,15.971670070179528,7.314211966638311,12.61898844829102
330.0,4.273654218091863e-06,40.0,33.932039549243484,19.872822075292675,33.711223079021295,19.754049499242967,21.26996376831329,17.70555883047831,7.153698438420008,16.690534734767027,35.888464601205214,19.349824130596403,20.03445108134997,15.910705806943554,7.256860608853117,12.457853569534564
340.0,4.207475571615024e-06,40.0,34.06475700687645,19.864683401060176,34.01765469633409,19.717990953996036,20.81402976057143,17.629286854717293,9.971874213567673,15.209435185385416,35.86494635027151,19.318924415066135,19.981043393886125,15.85029058625156,7.200434824168042,12.299958000009553
350.0,4.17402544803093e-06,40.0,34.190214269340345,19.856384619851497,33.88939746312889,19.73778506243542,21.184944563385272,17.560164836028775,7.775682818963162,17.233851189847883,35.83774627293059,19.28773655848056,19.927295502307743,15.790351792857905,7.1448098708258385,12.145217646907383
360.0,4.386241067732193e-06,40.0,34.30875377260679,19.847931496061562,34.32062647636957,19.556369150603928,20.72900400943638,17.68473714122871,8.262292394549377,16.666679862069145,35.807281424464634,19.25626826967499,19.87324829737213,15.730827277099877,7.089878064296897,11.993549076504678
370.0,4.4637044730751265e-06,40.0,34.42070196831088,19.839329545978444,34.05137474756435,19.839972633455886,20.17075871205526,17.179914815908717,8.653533184953972,14.882568351467853,35.773920799209236,19.224526557089177,19.818937509932994,15.671663990249328,7.035546576362663,11.844869770191679
380.0,4.62694560346829e-06,40.0,34.5263700232598,19.83058404463992,34.06657623883979,19.7553513433175,20.83752769849781,17.627680428820668,7.408937485952038,17.201631985913366,35.73799106286174,19.1925178269409,19.764394424980082,15.612816790516831,6.98173551516436,11.699098336512122
390.0,4.627968909570248e-06,40.0,34.626054495598,19.82170003313138,34.26568277668878,19.927116852499353,20.842804831933734,17.17515823228797,8.85568881659583,15.561901977232026,35.69978159025658,19.160247968455792,19.709646500138604,15.554247398951134,6.9283762493693075,11.55615468509643
400.0,4.639320644095373e-06,40.0,34.72003798729435,19.81268232619567,34.697632033960986,20.14309398829539,20.5463269975765,17.67867449614573,6.777118702925122,15.704812868616273,35.659548893276565,19.127722427784192,19.65471790091931,15.495923486887477,6.875409944862383,11.415960167636229
410.0,4.698152364743831e-06,40.0,34.80858977283367,19.803535520048115,34.71875782211458,19.692408679094967,20.742482931122254,17.11137382564732,8.085250564449609,16.61622130287674,35.61752051323987,19.09494627203634,19.599629963474626,15.43781787876469,6.8227862867356635,11.278437690401972
420.0,4.733853913340336e-06,40.0,34.891966404175434,19.79426400030576,34.6157403117586,19.987794725044353,20.835139098670254,17.33144389799662,9.251609636912463,14.848287512195668,35.57389844302884,19.061924244691,19.54440159426872,15.379907856065074,6.770462363015383,11.143511802238038
430.0,4.6778358093206385e-06,40.0,34.97041229218746,19.78487194995739,34.99021697638608,19.920747683044283,20.75845800275806,17.152178701991033,9.848845554413288,14.997019193087908,35.52886213625305,19.028660813476506,19.489049614883527,15.322174549849422,6.718401689677137,11.011108761468392
440.0,4.732545547437643e-06,40.0,35.044160264882805,19.775363357312415,34.881680528683205,19.745813280254083,20.970771319228618,17.25453729893661,9.335611435823068,16.806024325140243,35.48257115373963,18.99516021168745,19.43358905914505,15.264602410881025,6.6665733591552225,10.881156584709174
450.0,4.7346459316009184e-06,40.0,35.113432102884246,19.76574202387752,35.135034870914694,19.71785317077206,20.80367500242886,17.025021784509534,8.571635359226946,16.0083059867099,35.435167491497566,18.961426473780193,19.37803342884183,15.207178747676494,6.614951296837887,10.753585080198832
460.0,4.6528238632775714e-06,40.0,35.178439052615204,19.756011572121338,35.48903964217658,19.569145065803013,20.483306138679097,17.245082745014372,9.220358834012814,15.950521877809763,35.38677762890734,18.92746346598466,19.32239491351072,15.149893324005632,6.563513612012343,10.628325867920012
470.0,4.715658414203999e-06,40.0,35.23938231777652,19.7461754530932,35.13564088476494,19.581228432201897,20.72811003771011,16.84121217442555,9.359301311795434,15.093248127252537,35.33751433115157,18.893274912577965,19.26668457906635,15.092738008405377,6.512242031432663,10.505312388493337
480.0,4.633108694524748e-06,40.0,35.29645352971295,19.73623695387147,35.13715838715518,19.83348865630319,20.58653806659612,16.776119806743452,8.584698700312856,15.399826135857154,35.287478235746505,18.858864418384655,19.210912529438133,15.035706469189222,6.46112140516999,10.384479902562987
490.0,4.582414376987635e-06,40.0,35.34983519730571,19.726199204818784,35.16658775109005,19.78743108866786,20.39555271895773,16.62368922791154,7.580663129632796,14.856616926916388,35.23675924938573,18.824235487996873,19.155088044844774,14.97879390923896,6.4101392756996916,10.265765482170593
500.0,4.6135051335474355e-06,40.0,35.39970113705027,19.716065186631738,35.61142894553825,19.902570660010895,20.638644203920023,16.8666604852026,7.255866498449336,14.96740537727834,35.18543777810737,18.789391542145722,19.099219699868286,14.921996835572997,6.359285502307671,10.149107995414397
510.0,4.5846392696554215e-06,40.0,35.44621688399383,19.70583773717175,35.43284508695416,19.55551214738051,20.75956103905139,17.142923390300894,8.11004836423848,15.304133688521858,35.13358581098578,18.75433593160102,19.043315464079683,14.865312859305845,6.308551933886406,10.034448085519443
520.0,4.653653668826533e-06,40.0,35.489540084212194,19.69551955807043,35.33655276423957,19.755601321244853,20.64288822965426,16.822420859182955,7.407271406101756,14.844083366111988,35.08126787508371,18.71907194892856,18.987382787612148,14.80874052215762,6.257932124052445,9.921728145292946
530.0,4.703453497951078e-06,40.0,35.5298208695105,19.68511322110419,35.752235184533276,19.89236914858833,21.055322069679733,16.61649379894169,9.015074478186818,14.92071262548501,35.02854187723756,18.68360283839195,18.931428673764742,14.752279146150158,6.207421083272038,9.810892287807576
540.0,4.922433791272845e-06,40.0,35.56720221502479,19.67462117433587,35.342425106723454,19.522213091320964,20.488779317235696,16.312800393894804,7.580415136330373,13.896679714782124,34.97545984634911,18.647931804250504,18.875459740446274,14.695928703544439,6.157015063342101,9.70188631404011
550.0,4.937473169920466e-06,40.0,35.601820280397305,19.664045748023227,35.61153016559109,20.054946942906724,20.782388990034576,16.5903258796871,7.172062621506086,15.06681547426166,34.92206858819043,18.612062017671406,18.819482272032758,14.63968970444165,6.106711370152482,9.59465767809337
560.0,4.805449849218401e-06,40.0,35.633804735187994,19.653389160294864,35.94572102950741,19.905071353300286,20.48180633548992,16.331691235138578,9.389497981064153,14.38008012787418,34.86841026326738,18.575996622447292,18.763502263001328,14.58356309979132,6.05650820116108,9.489155450540636
570.0,4.9292314804157475e-06,40.0,35.6632790691682,19.642653522597243,35.29408366171032,19.538696401941763,20.55973421210132,16.65278513377035,7.551502966180749,15.037830644227029,34.81452289700172,18.53973873968556,18.707525454525125,14.527550197831943,6.006404504457919,9.385330280356527
580.0,4.822469437477488e-06,40.0,35.690360888132886,19.631840844915132,35.615449974330375,19.671938308227936,20.644339081823375,16.75521831646728,6.843619797510598,12.80186143957718,34.760440830366576,18.503291471613807,18.651557365052895,14.471652592236808,5.956399856682992,9.283134355831123
590.0,4.9502371196673384e-06,40.0,35.71516219584589,19.620953040771383,35.73888320353507,19.487411418128602,20.834183682964124,16.605949325239465,9.114961825767637,14.32512002382964,34.70619511812049,18.466657904628278,18.59560331576148,14.41587210045384,5.906494357403062,9.18252136480669
600.0,5.156311912155537e-06,40.0,35.73778966271942,19.609991932010416,36.04963627425997,19.576469178372292,20.70051913290439,16.682199780514395,9.272369333054371,13.214931719403637,34.6518138809173,18.42984111169409,18.539668451647515,14.360210710917954,5.856688537851198,9.083446454525756
610.0,5.224917058155381e-06,40.0,35.75834488180709,19.598959253371277,35.93416371355556,19.263593008904763,20.25156742502287,16.115958960037005,7.6030377786239,14.820275262767723,34.597322616807105,18.39284415419337,18.483757758921,14.304670537980371,5.806983282194551,8.985866191335788
620.0,5.375152763364984e-06,40.0,35.77692461267321,19.587856656856957,35.759076090864596,19.930070315570674,20.193987730334868,16.154160831926788,7.7862028728971495,14.410296782176033,34.542744476974576,18.35567008330372,18.427876079272608,14.249253783545328,5.757379759724984,8.8897385204574
630.0,5.3718832885555745e-06,40.0,35.79362101368008,19.57668571590574,35.350514266332425,19.575458602333526,20.190689271063434,16.6001363623339,8.178221276059276,13.01046652123108,34.48810050997395,18.31832194097882,18.37202812150639,14.193962704531373,5.707879366567283,8.795022725989725
640.0,5.320496596821905e-06,40.0,35.808521863216015,19.565447929371544,35.569967652712876,19.569612918435666,20.623983982391564,16.24073621280644,8.28607771848965,13.344816311667046,34.43340987820392,18.280802760593872,18.31621847096193,14.138799585386096,5.6584836756770756,8.701679391299137
650.0,5.241209313595671e-06,40.0,35.82171077036713,19.554144725319986,35.77636445041037,19.363898668378283,20.303405574317765,16.170283774158577,9.717671162201952,13.835673615852897,34.378690049913416,18.24311556730936,18.26045159708906,14.08376671498138,5.609194394053077,8.609670359911092
660.0,5.1712367627964124e-06,40.0,35.83326737551687,19.542777464646974,35.85476524579434,19.537213655637913,20.350938832818713,16.504953163753726,8.48184777508095,13.195849298950804,34.32395696963107,18.205263378200186,18.20473185948714,14.028866367300907,5.560013326224407,8.518958697005019
670.0,5.1136549387319445e-06,40.0,35.84326754133724,19.531347444526432,35.76947823529309,19.0879623042091,20.0729185743607,16.628022683444215,9.34115509994183,13.403854660881962,34.2692252095631,18.167249202190305,18.149063512675752,13.974100785407359,5.510942343191232,8.429508651591846
680.0,5.1713106350375215e-06,40.0,35.851783534618164,19.519855901694086,35.89765658959004,20.15272644466239,20.58053134923705,16.30184562477774,6.712923058742149,11.973580022544184,34.21450810419685,18.129076039827794,18.093450709824083,13.919472168241441,5.461983356101257,8.3412856194401
690.0,5.191656998624244e-06,40.0,35.85888419936077,19.50830401557397,35.69352746589624,19.241041034092802,20.207805283829316,16.08414067449843,9.328286890208744,14.389392552344475,34.1598178700782,18.090746882930148,18.037897505632884,13.86498265986296,5.413138294034638,8.254256106800426
700.0,5.190859734492582e-06,40.0,35.86463512154552,19.49669291125349,36.14872144536804,19.529445891638375,20.145218357466717,16.578323259050194,8.153120816262174,12.398819239103432,34.10516571249502,18.052264714125613,17.982407858534316,13.810634340793285,5.364409085349848,8.168387694967862
710.0,5.171825866684221e-06,40.0,35.86909878596509,19.48502366231503,35.68415543426312,19.225832856798434,20.482925402504634,16.629044864735988,6.189071791094875,13.927928630806775,34.050561920590326,18.01363250631266,17.926985632347794,13.756429221164069,5.3157976421119315,8.083649005711266
720.0,5.106761609772038e-06,40.0,35.87233472549781,19.473297293528105,35.767076264410264,19.37227581435826,20.10497291431426,16.23053240721282,6.730461355476507,13.564886810507687,33.996015952246694,17.974853222056538,17.87163459751065,13.702369235413187,5.267305847186151,8.000009667589609
730.0,5.101737798827124e-06,40.0,35.87439966317885,19.46151478341011,35.82067106059617,19.29754594047938,20.142371206708447,16.34576545875342,8.036425783822324,12.246917045426017,33.94153650992348,17.93592981293881,17.81635843198137,13.648456238304675,5.218935543632767,7.917440283168048
740.0,5.111671029370047e-06,40.0,35.87534764741173,19.449677066660627,36.02149288562072,19.133424974172556,20.346231541716463,16.036203893875665,8.080511912651673,12.391822223909003,33.8871316084863,17.896865218873984,17.76116072189882,13.594692002076897,5.170688526085826,7.835912397141044
750.0,4.931182819303595e-06,40.0,35.87523018064752,19.437785036474395,35.54731286125019,19.465114622160172,20.26922372221378,15.962079315653398,8.123201328291486,11.424732214665767,33.83280863594541,17.85766236740426,17.70604496206539,13.541078214550168,5.122566533838608,7.75539846536293
760.0,4.924574839438863e-06,40.0,35.87409634184223,19.42583954673995,35.631128106080496,19.313267176832255,20.20637010887708,15.945237310944606,7.075024277995567,14.024272768506307,33.778574407910924,17.818324172982955,17.651014556311395,13.487616478046448,5.074571245395703,7.675871824783485
770.0,4.866885652486548e-06,40.0,35.871992902991906,19.413841414127717,36.039934391229565,19.205775833755183,20.28235924330687,16.380165681822803,4.963166798325403,12.153364115806255,33.7244352164754,17.778853536254246,17.596072817787217,13.434308308993991,5.02670427428086,7.597306664281234
780.0,4.924592865204603e-06,40.0,35.86896444002798,19.401791420073664,35.83065428009252,19.49397606551571,20.035011446401825,16.08384827322061,7.25461205960687,14.05086748813369,33.67039687415263,17.73925334333626,17.541222969220712,13.381155138106237,4.978967165919414,7.519677996384587
790.0,4.950034949534724e-06,40.0,35.86505343834489,19.389690312662708,35.93629992213363,19.32534886634545,20.03760425183816,15.954835622875692,7.7804527082725485,12.395468532841676,33.616464753425305,17.699526465113536,17.486468143170782,13.328158311039715,4.93136139543526,7.442961629868307
800.0,4.979012435224365e-06,40.0,35.860300393217415,19.37753880841734,36.280467950847196,19.569875019795234,20.049149379777816,16.25653820446007,6.953857208603722,10.712232466682451,33.562643822390385,17.659675756543038,17.431811382300907,13.275319089448146,4.88388836622579,7.367134143210478
810.0,4.878203804132625e-06,40.0,35.85474390535501,19.365337593995037,35.486971852607724,19.3132223882551,20.097182327433813,16.32665528956238,7.665000864494118,12.46569171626669,33.50893867693327,17.619704055977934,17.37725563969184,13.22263865236215,4.8365494091942764,7.2921728588935935
820.0,4.961144362250974e-06,40.0,35.84842077182651,19.35308732779953,35.41381938901674,19.41847289377955,20.226736403087557,15.670840649136892,8.458166126802041,12.95824999425622,33.45535356981162,17.57961418451208,17.322803779207277,13.170118097832471,4.789345782536657,7.21805581853215
830.0,4.919615570860894e-06,40.0,35.841366072579945,19.340788641509903,35.976730672744225,19.813264017459517,20.08792543144989,15.991503531992862,6.831576858767676,11.705391494545893,33.40189243698535,17.53940894534759,17.268458575923432,13.117758444784613,4.7422786719927785,7.1447617588081584
840.0,5.0026491525153185e-06,40.0,35.83361325276985,19.328442141531355,35.67233311563996,19.361165371595575,19.934937362906965,16.013062468729686,7.601302593712603,13.528773855739985,33.348558921489996,17.49909112318744,17.21422271662965,13.065560635039276,4.695349191483956,7.0722700881945
850.0,4.951647512629844e-06,40.0,35.82519420109543,19.316048410371366,35.78223262187254,19.138777895483145,19.920458287248152,15.96823371896022,8.001499409184476,11.505577240914022,33.295356395116926,17.458663483654618,17.16009880040508,13.013525535460019,4.648558384070554,7.000560864446413
860.0,5.03860810464041e-06,40.0,35.81613932434203,19.303608007945115,36.09930786685652,19.404848567006525,20.36345898109346,15.713617692309754,5.976885002203858,10.586036416560603,33.242287978132765,17.418128772738385,17.106089339273353,12.96165394019522,4.601907223171111,6.929614772840694
870.0,5.188212535789329e-06,40.0,35.80647761831119,19.291121472813472,35.950372355652576,19.29862860676036,20.022814420151576,15.618969492134113,9.644470730930436,12.43149224314675,33.189356557244594,17.37748971626894,17.052196758936873,12.90994657298586,4.555396613993025,6.859413105141414
880.0,5.199152015249818e-06,40.0,35.796236735313414,19.278589323356698,35.95534755353418,19.393484900255487,19.990259414621278,15.661749380715605,7.647508274415884,14.122305108225703,33.13656480199302,17.336749019420267,16.998423399589228,12.858404089515489,4.509027395132819,6.789937739271977
890.0,5.333694019865316e-06,40.0,35.78544304839056,19.266012058887554,36.11893108193675,19.18253152061368,19.72616748654366,15.770544667733361,7.209220542115759,13.272971709008687,33.083915179735754,17.295909366241688,16.944771516804565,12.80702707978213,4.4628003403080925,6.721171119672249
900.0,5.164447556893834e-06,40.0,35.7741217124277,19.253390160706317,36.09573500282846,19.240619278106692,19.817264744977194,15.569215627551557,5.476222059555312,12.940935271265232,33.03140996936463,17.25497341921806,16.891243282500625,12.755816070475191,4.416716160190504,6.653096238320302
910.0,5.171779353612674e-06,40.0,35.762296722303915,19.24072409310031,35.52082147233517,19.000606397520926,19.81398579879078,16.081448029673993,6.849191107429419,10.55408605759618,32.97905127388418,17.213943818857842,16.83784078597256,12.704771527342984,4.370775504312519,6.585696616398252
920.0,5.14720504720408e-06,40.0,35.74999096822762,19.22801430429172,35.71273986471152,18.707601684288534,19.848737289836777,15.6775331386728,7.7828067871221265,13.846124185571227,32.92684103196467,17.172823183309447,16.78456603499285,12.653893857539344,4.324978963025501,6.518956286582352
930.0,5.259861550158856e-06,40.0,35.73722628839181,19.21526122733536,35.70148352444238,19.01298671691194,20.352675843467694,15.711705691470002,7.078455878339923,11.913451793104343,32.87478102857074,17.131614108004726,16.731420956973523,12.603183411939426,4.2793270694891135,6.452859775936929
940.0,5.279670026235641e-06,40.0,35.72402351908062,19.202465280969193,35.71389408277946,19.10682885020782,19.70699604345583,15.669515695810276,6.499130480051974,11.165604575280724,32.822872904755,17.09031916532939,16.67840740018579,12.552640487416795,4.233820301676246,6.387392089393018
950.0,5.290313049004831e-06,40.0,35.71040254235078,19.189626870419772,35.67882527255466,19.509586096834767,19.264496272198585,15.870631388973663,8.266766227156154,9.746393297066504,32.77111816669685,17.048940904319466,16.6255271350322,12.502265329075442,4.188459084379417,6.322538693792808
960.0,5.256044289596796e-06,40.0,35.69638233140569,19.17674638816544,35.64215718898646,18.91446871579359,19.617409772018448,15.4065349628886,8.751169299749733,12.697249822372441,32.7195181940574,17.00748185038327,16.57278185536643,12.452058132431318,4.14324379120734,6.258285502480646
970.0,5.383199799096212e-06,40.0,35.681980993774914,19.16382421465886,35.84699402762993,18.957301964462374,19.646314327488085,15.702898896538613,5.755076112421875,12.416807552258206,32.66807424771423,16.9659445050479,16.5201731798561,12.4020190455401,4.098174746561995,6.194618860423134
980.0,5.359167259280399e-06,40.0,35.667215812405175,19.15086071901061,35.61351793234496,19.312403672468463,19.818280539154443,15.5092558006192,8.114921508811676,10.565428377203148,32.61678747693287,16.924331345729684,16.46770265338347,12.352148171067313,4.053252227588189,6.131525529839905
990.0,5.420760819974825e-06,40.0,35.6521032847657,19.137856259637147,35.79255082181288,19.095360223288708,19.772829944119565,15.307700178735843,7.858084960288409,11.404712170886967,32.56565892602583,16.882644825527677,16.415371748479117,12.302445568299277,4.008476466089633,6.068992676328321
1000.0,5.368488517922921e-06,40.0,35.63665916006261,19.124811184873238,35.86882385132395,19.003417442531656,19.404054169009385,15.223117490879531,7.518608555006779,10.25274274156061,32.51468954054428,16.840887373039266,16.363181866784373,12.252911255093295,3.9638476504059668,6.007007855464963
1010.0,5.543967936121358e-06,40.0,35.6208984746566,19.11172583355193,35.227386711979875,19.47055331546295,19.706062217129215,15.491665605920161,6.346290812166444,11.876296379290409,32.463880173043776,16.79906139219736,16.311134340537876,12.203545209765764,3.919365927246872,5.945558999867899
1020.0,5.540204465878873e-06,40.0,35.60483558576988,19.098600535553203,35.848858166845275,19.141042969036675,19.672002085436418,15.414893191242584,6.812942627346331,11.729375825415502,32.41323158846012,16.75716926212783,16.259230434081758,12.154347372918494,3.875031403479852,5.884634406703867
1030.0,5.36918762661321e-06,40.0,35.58848420356588,19.085435612322783,35.342675271270366,19.25374552731614,19.654169981896587,15.427467030701507,6.86706422383088,11.713990448256936,32.36274446912847,16.715213337026967,16.207471345383397,12.105317649202505,3.8308441478697546,5.824222725624622
1040.0,5.315211658582274e-06,40.0,35.571857421681386,19.07223137736287,35.44046943700704,19.131117227071684,19.402351023430867,15.522601246467332,5.124849240565197,12.340815273848705,32.31241941947525,16.67319594605749,16.155858207569338,12.056455909020372,3.7868041927678178,5.764312947118299
1050.0,5.362471406823578e-06,40.0,35.554967746285854,19.058988136696485,35.63087127462961,19.275302357099008,19.909123985909503,15.620549024496142,4.965418694164384,9.977745122298472,32.26225697040945,16.63111939326302,16.10439209046706,12.007761990167353,3.7429115357493288,5.70489439126095
1060.0,5.29998954905401e-06,40.0,35.537827123740215,19.045706189305577,35.56814825619841,19.169072776001997,19.408859937072066,15.431788490649183,6.029824788596443,10.591873688915996,32.21225758343758,16.588985957499517,16.05307400215139,11.959235699412204,3.6991661411993846,5.645956696854398
1070.0,5.1593234393691885e-06,40.0,35.52044696692252,19.032385827546136,35.36129016524052,18.781941993040107,19.336790932362533,15.58195802448995,5.814775696934191,13.78224534193555,32.16242165452354,16.54679789238321,16.001904890492312,11.910876814018934,3.6555679418461295,5.587489810937143
1080.0,5.208655229457277e-06,40.0,35.50283818028572,19.019027337539796,35.56566458553095,18.867306727477683,19.649962866421845,15.232929713879344,6.8652008468723125,13.656817455855276,32.11274951771378,16.504557426254564,15.950885644701373,11.86268508321075,3.61211684024164,5.529483978654866
1090.0,5.199049239484812e-06,40.0,35.48501118370979,19.005630999543826,35.74107755521618,18.885004084900743,19.48081801885172,15.679076881303217,6.095287664140187,12.856444485868792,32.0632414485446,16.462266762157014,15.900017096873341,11.814660229577214,3.568812710191253,5.471929733478703
1100.0,5.269824433030359e-06,40.0,35.46697593520531,18.992197088300998,35.38103075287876,19.138744005087062,19.660222000135605,15.426168941552248,5.131138737949868,10.264510688574433,32.01389766724884,16.41992807782998,15.849300023521096,11.766801950426611,3.525655398131107,5.414817887758318
1110.0,5.245072569475209e-06,40.0,35.44874195252646,18.978725873369285,35.46072456002514,19.12298224322342,19.479128274658308,15.011657930563103,7.060713027784004,11.550270071214925,31.964718341775608,16.377543525715453,15.798735147100786,11.719109919084588,3.482644724455554,5.358139523598652
1120.0,5.301051614268313e-06,40.0,35.430318333744026,18.965217619433872,35.673650226115626,19.1521801729113,19.51328358834263,15.24164218502085,4.998747008734313,11.317719172997897,31.91570359063718,16.33511523297767,15.748323137525801,11.671583786140616,3.439780484794653,5.3018859840485675
1130.0,5.321820382984624e-06,40.0,35.411713776831505,18.951672586600978,35.49349772677448,18.71655676467725,19.183079219908052,15.44328217931951,6.599384783822529,11.518394129875048,31.866853485594618,16.29264530153489,15.698064613666475,11.624223180644549,3.397062451243187,5.246048864590989
1140.0,5.324652220597671e-06,40.0,35.39293659830997,18.93809103067548,35.426635042824444,19.14603706137018,19.27390888215558,15.228878953232766,6.155934171259389,10.35156126183341,31.81816805419396,16.250135808102755,15.64796014483494,11.577027711253777,3.3544903735424327,5.190620004923346
1150.0,5.293735008250807e-06,40.0,35.373994750999316,18.924473203422565,35.44643494368165,18.849067737141354,19.60608154911432,15.00776264918602,6.410643269215086,10.295857836601783,31.769647282162282,16.207588804248815,15.598010252252323,11.529996967333773,3.3120639802154983,5.135591481018594
1160.0,5.43843279668618e-06,40.0,35.35489584091761,18.910819352814542,35.4224742052823,19.137587125903963,19.03561676124673,15.217148871571624,7.466485599386374,10.767767452760268,31.72129111567358,16.165006316457436,15.548215410497619,11.483130520012537,3.2697829796578617,5.080955597456864
1170.0,5.544980834192715e-06,40.0,35.33564714337166,18.897129723263504,35.26069911731656,19.199452308148636,19.770293776389053,15.068250542701946,6.1107252116502195,12.08912152988654,31.673099463492747,16.12239034620444,15.498576048936286,11.436427923191673,3.2276470611844843,5.026704880018201
1180.0,5.702938048765786e-06,40.0,35.31625561827639,18.8834045558404,35.24042432628187,18.819874150983935,19.231930108749737,14.849031700277521,5.6169804475469505,9.582204797234056,31.6250721990055,16.079742870041287,15.449092553128025,11.389888714514598,3.1856558960344046,4.972832068527168
1190.0,5.626158292255373e-06,40.0,35.296727924741674,18.869644088481948,35.31875199144679,18.937047490541943,19.576148302509637,14.895378086996857,7.499389963885619,10.3233160977735,31.577209162141514,16.03706583968801,15.399765266212,11.343512416294175,3.1438091383346887,4.919330109940688
1200.0,5.62121192129013e-06,40.0,35.27707043496156,18.85584855618464,35.441205453772454,18.651917744582192,19.320280326686714,15.105489455170868,6.986983371118413,10.777779819171428,31.529510161197322,15.994361182134412,15.350594490268975,11.297298536401058,3.1021064260246476,4.866192151670532
1210.0,5.8667419352812194e-06,40.0,35.2572892474401,18.84201819118806,35.15911263532928,18.756485174811644,19.096910126706803,14.938276258913675,5.836637828519997,11.629276826897126,31.481974974565105,15.951630799749069,15.301580487659692,11.25124656911396,3.06054738174214,4.813411535132104
1220.0,6.008792360080205e-06,40.0,35.23739019958538,18.828153223147126,35.152803200391986,18.682400914125253,19.293551536641587,14.9161218608063,7.086476938545843,10.595171399922776,31.43460335237313,15.908876570395876,15.25272348233824,11.205355995933985,3.0191316136729256,4.760981789511959
1230.0,5.857217948580482e-06,40.0,35.217378879703006,18.81425387929403,35.556624067632356,19.194200303584353,19.054431855393773,14.926242668449447,6.718957070492422,10.679028333980227,31.38739501804298,15.866100347557335,15.204023661140582,11.159626286363618,2.9778587163643806,4.708896625745808
1240.0,5.923072375847765e-06,40.0,35.19726063841813,18.80032038459052,35.629218979540326,18.78575356971652,18.99504290274234,14.705157012583186,5.681733735313287,10.26409897983433,31.340349669768557,15.823303960464443,15.155481175047044,11.11405689865245,2.93672827150516,4.657149930700484
1250.0,6.102528162199544e-06,40.0,35.17704059955287,18.78635296187116,35.1036008230862,18.851984584205468,19.129122716417157,15.195958435467503,8.919193036749846,9.719339037575594,31.29346698192103,15.78048921423283,15.10709614041889,11.068647280510277,2.895739848672008,4.605735761551955
1260.0,6.053584217947722e-06,40.0,35.156723670486656,18.7723518319778,35.39579549334451,18.929655227042986,19.47944646796833,15.05234509579958,6.0125893571724305,10.79416819629023,31.24674660638442,15.737657890004357,15.058868640208402,11.023396869789565,2.8548930060446196,4.554648340353026
1270.0,6.164454576006013e-06,40.0,35.13631455202358,18.758317213885448,35.33080024780725,18.88074784924629,19.301130971140196,15.146718751338312,7.733684593334203,10.805848796622172,31.20018817382521,15.694811745094398,15.010798725142479,10.978305095138012,2.8141872910902634,4.5038820487839075
1280.0,6.147742767974327e-06,40.0,35.115817747791425,18.74424932482134,35.175692123343936,19.006577349045074,18.902093796223596,14.96391473608361,5.9378536287399015,10.139825597326706,31.15379129489986,15.651952513143726,14.962886414879279,10.933371376622631,2.773622241219016,4.453431423079564
1290.0,6.2755879542350565e-06,40.0,35.09523757319431,18.73014838037517,35.164124474516086,18.760511995227375,18.771188994293084,15.016771292119643,6.9563655610630235,12.228590060927047,31.10755556140373,15.609081904275513,14.915131699138044,10.88859512632638,2.7331973844108006,4.403291149127313
1300.0,6.244810130739756e-06,40.0,35.07457816394066,18.716014594603962,35.14920412765633,18.787017385941397,19.336325078789912,14.82582186291728,6.569613405988491,10.62779552650062,31.06148054736417,15.566201605256367,14.86753453880226,10.843975748918751,2.692912239815314,4.3534560577290335
1310.0,6.263471043055392e-06,40.0,35.05384348416777,18.701848180129105,34.99547510803109,18.76184166015082,19.213230380987454,14.616958031932825,6.40329312054547,9.274647456868195,31.015565810081284,15.52331327966158,14.82009486699559,10.799512642200796,2.6527663183263144,4.303921120022153
1320.0,6.3829757059478764e-06,40.0,35.03303733418136,18.687649348227637,34.759434651280515,18.59708956677946,19.05161190847923,15.112765620312132,6.1843253624337535,9.374740077526951,30.96981089111847,15.480418568044115,14.77281259013148,10.755205197626367,2.6127591231305587,4.2546814430539825
1330.0,6.571091412891935e-06,40.0,35.01216335782965,18.67341830891786,34.753705782390966,18.25493049398341,19.041834294242904,14.67666918156175,5.208615177700494,10.593766004173574,30.92421531724591,15.43751908810691,14.725687588935784,10.711052800799962,2.572890150232979,4.205732265504082
1340.0,6.595471484269055e-06,40.0,34.99122504952862,18.659155271038685,34.90965943114861,18.424416239865707,19.10598157127697,14.884558871839943,6.110464315894035,11.687811709703055,30.87877860133915,15.394616434878628,14.678719719443166,10.667054831952498,2.533158888959065,4.1570689535494125
1350.0,6.48846300763644e-06,40.0,34.970225760956566,18.644860442324557,34.69647036457525,18.527848834713495,18.9000288855583,14.780644460476537,5.9482157733756935,10.149287095698014,30.833500243234937,15.35171218089215,14.631908813967243,10.623210666395664,2.493564822434905,4.108686996867505
1360.0,6.363309065217396e-06,40.0,34.949168707432875,18.630534029474802,35.269365643043955,18.63552164532524,19.11025896084834,14.777998842454792,6.626035853751887,10.323344458736244,30.78837973054698,15.308807876365847,14.585254682044706,10.579519674956089,2.4541074280462567,4.060582004772755
1370.0,6.4080799212191274e-06,40.0,34.92805697399615,18.61617623821826,35.08813497490951,18.903472129915997,18.903755887364525,14.828750954936481,6.0593966105685695,11.150325072216845,30.743416539442933,15.26590504938747,14.538757111353789,10.535981224389616,2.4147861778773176,4.012749702481301
1380.0,6.340440691013201e-06,40.0,34.906893521197276,18.6017872733741,35.29869974882274,18.615268293554436,18.555947066328656,14.690086718513157,5.447948927807772,10.507764027893586,30.698610135385024,15.223005206100026,14.492415868607338,10.492594677777106,2.3756005391301187,3.965185927500272
1390.0,6.275178293082961e-06,40.0,34.885681190620176,18.587367338907484,34.828142786949456,18.231018719583915,18.72929024293478,14.157224792099441,4.52498442215915,10.384726485437682,30.65395997383598,15.180109830889933,14.44623070042087,10.449359394902274,2.3365499745250986,3.9178866261365215
1400.0,6.353758308948044e-06,40.0,34.864422710143174,18.572916637982132,34.981288280569686,18.401127546030807,18.78785804604422,14.618834161935467,4.930427391390481,11.085177033182845,30.609465500931776,15.137220386576928,14.400201334156066,10.406274732612076,2.2976339426840013,3.870847850121436
1410.0,6.441494538005611e-06,40.0,34.84312069895475,18.558435373008535,34.83077350574359,18.585464981796292,18.816725475464978,14.188780911312847,5.821537525561894,8.857533799515863,30.56512615412322,15.094338314605523,14.354327478739663,10.363340045160783,2.258851898495436,3.8240657533474405
1420.0,6.341332537016119e-06,40.0,34.821777672334065,18.543923745689085,34.79747081466212,18.925159492043974,18.880866256812396,14.460484528649602,6.621238349382281,10.896882114822688,30.52094136278714,15.051465035238152,14.308608825458634,10.320554684538138,2.2202032934642943,3.777536588712451
1430.0,6.433795905307396e-06,40.0,34.800396046208334,18.529381957059627,34.84429901641096,18.421738739287207,18.86999167269221,14.631029105264133,6.92380714085084,10.09097336396735,30.47691054880943,15.008601947749526,14.263045048732067,10.277918000782563,2.1816875760449648,3.7312567050685175
1440.0,6.538751176839329e-06,40.0,34.77897814149742,18.51481020752766,34.70396797974303,18.80007855303495,18.74751718472237,14.9450152072273,5.319402028021841,11.150303479216234,30.433033127140845,14.965750430621995,14.217635806859448,10.235429342279417,2.1433041919599987,3.685222544271255
1450.0,6.558542255185594e-06,40.0,34.75752618825635,18.500208696908317,34.6593358878128,18.425266155897305,18.62157935139834,14.59244658109435,6.511418729565207,8.799438029312455,30.389308506326813,14.922911841742007,14.172380742746896,10.19308805604578,2.10505258450371,3.6394306383263597
1460.0,6.556106795959495e-06,40.0,34.73604232962464,18.485577624456596,35.19664269669363,18.852965677427676,18.750566752363795,14.492883860760173,6.088625348272899,9.94571165729269,30.34573608901252,14.88008751859752,14.127279484610654,10.150893488001714,2.066932194832475,3.593877606630315
1470.0,6.453827539439655e-06,40.0,34.71452862559249,18.470917188897715,34.69524931773503,18.159124286828103,18.7208018591312,14.592411607517022,5.46543565410235,10.8654904805407,30.30231527242455,14.83727877847582,14.08233164665927,10.108844983228664,2.028942462241332,3.54856015330148
1480.0,6.3312509731394205e-06,40.0,34.69298705659236,18.456227588454567,34.4323546217268,18.523086060056016,18.828034470973307,14.777466767106773,5.4697832081157,10.329746088230365,30.25904544883008,14.794486918662017,14.037536829754174,10.066941886215716,1.9910828244278491,3.503475064598888
1490.0,6.3274001261893496e-06,40.0,34.67141952692384,18.44150902087307,34.66918010944261,18.640253013652966,18.726739664973536,14.103131241237122,7.385270393657038,10.590966810680811,30.215926005974495,14.751713216638109,13.992894622049562,10.025183541094066,1.9533527177441101,3.458619206425908
1500.0,6.264843856038396e-06,40.0,34.64982786802034,18.426761683445136,34.76131519555412,18.547623326327994,18.626073162337946,14.286096805653074,5.217186438714691,9.145377446255566,30.172956327498696,14.708958930282108,13.948404599611877,9.983569291860306,1.9157515774366516,3.413989521915255
1510.0,6.3821167579643326e-06,40.0,34.628213841565184,18.411985773029926,34.76929826086496,18.359961816237615,18.705944845192334,13.804217286530331,7.017672442836783,7.391516888046681,30.13013579333682,14.666225298067445,13.904066327019166,9.942098482588904,1.8782788378751434,3.3695830290934055
1520.0,6.345872663824019e-06,40.0,34.6065791424636,18.397181486072554,34.41504461602784,18.16038710887773,18.76144085652544,14.258173450157244,6.195524727485179,9.044849590986132,30.087463780095163,14.62351353926266,13.859879357941452,9.900770457634167,1.8409339327707812,3.325396818620902
1530.0,6.393576746546331e-06,40.0,34.58492540167862,18.38234901862154,34.63272169585531,18.147935205024055,18.70620328442959,14.23077025831617,4.27257022253599,8.624432164337918,30.044939661413594,14.58082485413064,13.815843235701493,9.859584561822714,1.8037162953836514,3.2814280516066674
1540.0,6.543652725609762e-06,40.0,34.56325418893596,18.367488566344377,34.76576041458304,18.31998518957323,18.41477714556862,14.243022556963297,7.886048566566615,9.39549491826591,30.00256280830962,14.53816042412808,13.771957493817467,9.81854014063606,1.766625358720944,3.237673957493257
1550.0,6.586656890328869e-06,40.0,34.541567015305816,18.352600324541243,34.78011313662489,18.42262733149471,18.410503682118133,14.245927803668053,5.7178649948297675,8.937581722022571,29.960332589506606,14.495521412104608,13.728221656527353,9.777636540384322,1.7296605557251041,3.1941318320111804
1560.0,6.659419844692567e-06,40.0,34.51986533566554,18.33768448815772,34.56276917891881,18.506523510519855,18.423857189435807,14.278793341086441,3.77144848161646,9.852605877180451,29.91824837174596,14.452908962501624,13.684635239295744,9.736873108371185,1.6928213194532304,3.150799035199441
1570.0,6.694068692282366e-06,40.0,34.49815055105063,18.32274125179555,34.730290243446575,17.765842722125512,18.83536911623611,14.213037342025416,6.858032174250013,7.858073703253751,29.87630952008493,14.410324201550623,13.641197749303444,9.696249193050562,1.6561070832477185,3.107672989490368
1580.0,6.755346082788624e-06,40.0,34.47642401089797,18.30777080972223,34.29829942460924,18.205410810408296,18.778199693932436,14.18072830132951,5.947499747271422,9.72997343788603,29.834515398179803,14.367768237471296,13.597908685920288,9.655764144175066,1.6195172808984921,3.0647511778566923
1590.0,6.804914271585884e-06,40.0,34.45468701518763,18.292773355879774,34.51734810945021,18.38820030437364,18.85378166476346,14.18527120114129,5.911400814763283,9.872708325979374,29.792865368555965,14.325242160668836,13.554767541161766,9.61541731293704,1.5830513467973333,3.0220311420182497
1600.0,6.915466864881682e-06,40.0,34.43294081648662,18.277749083891763,34.70294098475961,18.4279705402908,18.12220886135168,14.501432229018121,4.544208704406628,9.087057292687291,29.751358792864664,14.28274704393084,13.511773800129788,9.575208052102255,1.5467087160843676,2.9795104807068356
1610.0,6.840039279879746e-06,40.0,34.41118662190081,18.26269818706936,34.43096793363026,18.350966454419392,18.392799046175753,14.23710193744489,7.284535194708894,9.200541261220849,29.709995032127438,14.24028394262325,13.468926941437815,9.535135716136267,1.5104888247875579,2.9371868479869363
1620.0,6.815623616350681e-06,40.0,34.389425594938245,18.247620858416894,34.61486503340228,18.508070824566914,18.060730550165772,14.250190686847702,6.352284063379329,8.412243414432567,29.66877344696877,14.197853894885952,13.426226437621267,9.49519966132442,1.4743911099548086,2.895057951630804
1630.0,6.953194297681843e-06,40.0,34.36765885728829,18.232517290635826,34.37028098535558,18.28022824301786,18.249369293901736,14.111840512006324,4.535141269606754,7.232768440753034,29.627693397837334,14.155457921827065,13.383671755533044,9.455399245885246,1.4384150097793622,2.853121551545371
1640.0,7.11264480400434e-06,40.0,34.34588749052102,18.217387676127885,34.20913798820203,18.041744371954053,17.831044498309495,13.95896764764609,4.2886493154276195,10.278056988381195,29.58675424521641,14.113097027716833,13.341262356725167,9.415733830077443,1.4025599637190567,2.8113754582501542
1650.0,7.2136265129386034e-06,40.0,34.32411253771011,18.20223220699802,34.21913310076792,18.67539374897524,18.43582207544449,13.999850402452694,3.092673943749844,10.890414686817053,29.545955349823885,14.070772200180386,13.298997697816333,9.37620277630134,1.3668254126089892,2.769817531403703
1660.0,7.074669266262244e-06,40.0,34.30233500498275,18.187051075055706,34.00591215448378,18.41427846916804,18.70517378597475,14.319749434546168,6.1363472097779095,9.157862234205027,29.50529607280231,14.028484410389467,13.256877230846271,9.336805449194458,1.3312107987684954,2.7284456783773408
1670.0,7.160010822140275e-06,40.0,34.280555863000984,18.171844471816314,34.465003205482844,18.25083470318009,18.215825993634326,14.008476069179665,4.798849900090943,8.246271826713723,29.464775775899454,13.986234613253316,13.214900403617037,9.29754121572148,1.2957155661023876,2.687257852874609
1680.0,6.990715140720736e-06,40.0,34.258776048376376,18.15661258850116,34.2717729865069,17.98168466500198,17.952038787839058,14.035095103530068,6.9252112321116215,9.409303522537527,29.424393821639853,13.944023747608298,13.173066660021846,9.258409445259474,1.2603391601966791,2.646252053594594
1690.0,6.8336650803584185e-06,40.0,34.236996465021946,18.14135561603763,34.07173750581421,18.352338215871953,17.95403872719089,13.932333098594086,6.063673650950875,7.486881274164148,29.384149573487548,13.901852736406681,13.13137544036124,9.219409509677575,1.225081028409079,2.605426322938172
1700.0,6.844202630973015e-06,40.0,34.21521798544438,18.126073745057965,33.981079975071054,18.02866635619756,18.192281086504067,13.636826435648118,5.934527139206523,8.400023367841584,29.344042396000532,13.859722486904104,13.089826181647936,9.180540783412255,1.189940619954541,2.5647787457550635
1710.0,6.89945162641473e-06,40.0,34.193441451978515,18.11076716589821,34.27089045203718,18.40649888334673,18.131167293280782,13.84773164751357,5.596799092336312,8.92758911224098,29.304071654977236,13.817633890845855,13.048418317899632,9.141802643537915,1.1549173859861526,2.5243074481310828
1720.0,6.9043376334473e-06,40.0,34.17166767796817,18.0954360685962,34.21244998456257,17.977978568288336,17.951349358954758,13.631301514857569,7.204545956378638,7.105250123785595,29.26423671759528,13.77558782465212,13.007151280421112,9.10319446983317,1.1200107796710768,2.484010596213807
1730.0,6.835047113667709e-06,40.0,34.149897448894194,18.0800806428893,34.038876514236904,18.282043276054424,18.002756467741676,14.139603156992848,4.7619647470324935,8.593120064798939,29.22453695254319,13.733585149601765,12.966024498075058,9.064715644842636,1.0852202562624598,2.4438863950751397
1740.0,6.7515124083417335e-06,40.0,34.12813152345359,18.064701078211726,34.58981721534656,17.850195787878135,18.1015373694687,13.995064770398926,5.829759260429512,8.094038989121543,29.184971730144696,13.69162671201508,12.925037397542667,9.026365553935193,1.050545273166847,2.403933087610426
1750.0,6.738530338368391e-06,40.0,34.1063706345912,18.049297563691653,34.14778298210746,18.042947908161352,18.21018608707965,14.2886912425339,4.838991903552483,6.87491057684349,29.14554042247687,13.649713343434883,12.884189403574112,8.988143585357875,1.0159852900076771,2.3641489534717266
1760.0,6.729702133533266e-06,40.0,34.0846154904865,18.03387028814734,34.63320047635244,17.8962221867572,18.323081119919834,14.160426765905981,4.823437807226583,8.77926769404371,29.106242403481417,13.60784586080689,12.843479939228871,8.950049130286459,0.9815397686849678,2.324532308035259
1770.0,6.89254179584612e-06,40.0,34.06286677549724,18.01841944008396,34.01967632729435,18.000825964223793,17.856779773887638,13.60025804612394,4.708309800410859,6.95209756926738,29.067077049069894,13.566025066658085,12.802908426106853,8.912081582872474,0.9472081734312496,2.2850815014010095
1780.0,6.895950142672042e-06,40.0,34.0411251510626,18.00294520768921,33.9197565395084,18.072860487180378,17.6398059693542,13.847731170320003,6.171696641465644,6.148235615469957,29.028043737223356,13.524251749274129,12.762474284570033,8.874240340286576,0.9129899708638618,2.24579491742395
1790.0,6.933355799656799e-06,40.0,34.01939125656702,17.987447778828994,34.29754101255355,17.768712890686686,18.26337990072534,13.843727712602174,4.613755298118633,8.052313866399288,28.989141848086206,13.482526682875402,12.722176933955268,8.836524802758959,0.8788846300339515,2.206670972775555
1800.0,6.989188490908972e-06,40.0,33.99766571016676,17.971927341043227,34.045471690784495,18.10290679156151,17.722622448587458,13.772188029000574,3.8856713724198926,7.963144920628679,28.95037076405447,13.440850627791292,12.682015792778316,8.798934373616703,0.8448916224721188,2.1677081160348166
1810.0,6.898797726762493e-06,40.0,33.97594910958122,17.956384081540648,33.861436022815724,18.22686562350168,18.102922587973467,13.838558718346974,4.187711163159406,7.724425034428577,28.911729869859244,13.399224330633558,12.641990278929768,8.761468459317939,0.8110104222311065,2.128904826807684
1820.0,7.020107496760411e-06,40.0,33.954242032850345,17.94081818719434,34.015165402668345,18.427981375949855,17.94123941242026,13.733579532302883,4.951564966542946,8.141009491703699,28.873218552645028,13.357648524467834,12.602099809862466,8.724126469483338,0.7772405059254766,2.0902596148737302
1830.0,7.004860513122357e-06,40.0,33.93254503905945,17.925229844536318,34.10673296292572,18.13990168194556,17.683305345917802,13.407385224772781,3.40515310590348,8.482265777505006,28.83483620204356,13.31612392898387,12.562343802771522,8.686907816924872,0.7435813527682171,2.051771019359819
1840.0,6.89452385250497e-06,40.0,33.91085866903376,17.90961923975243,33.51283208557578,18.01070014795914,18.3170428740749,13.650903336437182,6.060545947491505,8.023078617392287,28.79658221024272,13.27465125066442,12.522721674766274,8.649811917671968,0.7100324446047921,2.0134376079391245
1850.0,6.884634887185856e-06,40.0,33.88918344600302,17.893986558676943,34.105534797498535,17.859330370864825,17.849873728923058,13.694966483495023,4.53468115900381,8.900433568105257,28.75845597205165,13.233231182952466,12.483232843035466,8.612838190995319,0.6765932659447458,1.9752579760552749
1860.0,6.867138911516315e-06,40.0,33.867519876238475,17.878331986787146,33.7488906191374,18.00906593125046,17.5946667496587,13.614796359249112,5.174388900267331,8.961594125368379,28.72045688496121,13.191864406416983,12.443876725004714,8.575986059428146,0.6432633039903521,1.9372307461702007
1870.0,6.91460873480431e-06,40.0,33.84586844966299,17.862655709197497,33.873365778737764,18.049673921040892,18.0303799391437,13.6992792965911,5.174616743953436,6.531333301754671,28.682584349201022,13.150551588917324,12.404652738487755,8.539254948785185,0.610042048663388,1.8993545670356866
1880.0,6.808097368496773e-06,40.0,33.824229640435306,17.84695791065434,33.79566961759525,17.748553120550355,17.692935472112993,13.577628328118408,5.674733145985272,7.740303638859302,28.644837767792296,13.109293385766193,12.365560301830612,8.502644288179795,0.5769289926291776,1.8616281129870913
1890.0,6.856747532879393e-06,40.0,33.80260390751039,17.831238775529755,33.847965181045936,17.459675533530458,17.520467391610907,13.51608603653716,3.9161420530457463,8.3785242346176,28.607216546597158,13.068090439890739,12.326598834049491,8.466153510038794,0.5439236313186484,1.8240500832587827
1900.0,7.0098226161137625e-06,40.0,33.78099169517628,17.81549848781617,34.05719122726032,17.796372129021165,17.984498081581194,13.553266435022806,4.76956746115053,7.133144452027409,28.56972009436464,13.026943381992567,12.287767754962715,8.429782050115193,0.5110254629485098,1.786619201320832
1910.0,6.9795756474649494e-06,40.0,33.75939343356873,17.79973723112022,33.71418532387179,17.857414558847495,17.696499889946836,13.502795827671207,5.524428564802747,8.905301864326361,28.532347822773318,12.985852830706051,12.249066485316348,8.393529347499395,0.4782339885388751,1.7493342142360575
1920.0,7.0745310610090816e-06,40.0,33.73780953916469,17.78395518865699,33.473236634523914,17.2967966371059,17.829295378367704,13.207488939120708,4.843582375480878,6.512806261402943,28.495099146470693,12.944819392755107,12.210494446904363,8.357394844628459,0.4455487119295185,1.7121938920365096
1930.0,6.894333017251079e-06,40.0,33.71624041525553,17.768152543244184,33.85691844867148,17.94364056780995,17.505189886043638,12.941358739727605,4.502981222877054,8.043140596530975,28.457973483109527,12.903843663108432,12.172051062682954,8.321377987293374,0.412969139794086,1.6751970271192818
1940.0,6.746441860373666e-06,40.0,33.6946864524009,17.75232947729603,33.76372210673452,17.772955542533452,17.714425306364262,13.462210342592584,4.0570552260896875,8.816477404588795,28.420970253381483,12.862926225133435,12.133735756879844,8.28547822464526,0.38049478165243045,1.6383424336606254
1950.0,6.730588903070969e-06,40.0,33.67314802886443,17.73648617281782,33.700028377311014,17.57355138473332,17.488000266826305,13.240085433587751,4.8380972943145935,9.300334125699862,28.384088881047717,12.822067650748295,12.095547955098084,8.249695009199456,0.34812514988152543,1.6016289470477432
1960.0,6.593398788777833e-06,40.0,33.65162551103106,17.720622811399437,33.36123149596489,18.038606175987297,17.512896560488855,13.262007856318291,6.031888008317765,6.951878722052243,28.34732879296712,12.781268500572935,12.057487084415072,8.21402779683848,0.31585975972467395,1.5650554233282037
1970.0,6.775999760132527e-06,40.0,33.630119253808346,17.704739574209896,33.797999141115326,17.63093681434799,17.964342581227072,13.253480648834568,5.715039525639099,7.825802794575452,28.310689419121786,12.740529324078068,12.019552573476517,8.178476046813444,0.2836981292990117,1.52862073867567
1980.0,6.906173889072407e-06,40.0,33.60862960101133,17.68883664199143,33.953202459858346,17.71904694419601,17.36033226423166,13.44544417279974,4.276210567801002,9.509059232300956,28.274170192640156,12.699850659732988,11.981743852586192,8.143039221744175,0.2516397796020442,1.4923237888719996
1990.0,6.9198274221806806e-06,40.0,33.587156885731986,17.67291419505358,33.5463385763382,17.7336894078241,17.21974092818067,13.137978006452215,6.135342664381085,6.80808379597994,28.23777054981798,12.659233035151772,11.944060353790576,8.10771678761796,0.2196842345163077,1.4561634888048616
2000.0,6.8151363239124865e-06,0.0,31.565701430693935,17.656972413267454,32.90525285474342,17.917981804230294,17.611122832772878,13.510386456310869,4.159157603984511,6.012616338318139,26.201489930136745,12.618676967237946,11.9065015109598,8.07250821378716,0.1878310208128937,1.4201387719805894
2010.0,6.965269689108035e-06,0.0,30.82452437322337,17.641011476060157,31.944027164063698,17.614742571111663,17.71115280676969,13.39492413508242,5.352885598765852,9.569019659123398,24.365942297998913,12.578182962327617,11.869066759863983,7.997412972965606,0.1560796681537795,1.3842485900514703
2020.0,6.900917866070021e-06,0.0,30.111606597264654,17.624967562408756,31.435348543621387,17.660335154584516,17.477302249316892,13.556008657337088,5.385259994382523,7.911975372456254,22.706993161436856,12.537351516331285,11.82975553824582,7.890403161637153,0.11442970909286032,1.3474252456907152
2030.0,7.008168599801001e-06,0.0,29.425609534128853,17.608820616982257,30.447121578546046,17.465045831088105,17.19246473756118,12.818280203377128,6.912922133586164,6.240141150180875,21.203729252839025,12.495866925691018,11.787066266853628,7.757638226818358,0.05766888470373033,1.3088454422534141
2040.0,6.986043237442424e-06,0.0,28.76526418131158,17.592552244217188,29.762810287219622,17.678234895982257,17.542086320696058,13.339905194587686,4.251380281209379,7.145848552761663,19.837953350847158,12.45347830501629,11.739880679957764,7.603958119926176,-0.01641884981563635,1.267874659685333
2050.0,7.014301232491254e-06,0.0,28.12936695208822,17.576145566416244,29.092912323917062,17.921979475622777,17.454222771620948,13.266453242950092,5.4732098776249245,8.455962889286923,18.59377929135195,12.409985730128824,11.68737861736929,7.433225657626849,-0.10822108514275897,1.2240263395087254
2060.0,7.032403388361624e-06,0.0,27.516775832804512,17.5595850964624,28.23293427302292,17.66407784518674,17.202338570163192,12.96118250842153,5.370442876396737,8.490141114739856,17.45730198658913,12.365229946238628,11.628974209860871,7.24856682966697,-0.21705264825124004,1.1769314161170996
2070.0,7.0345305460352304e-06,0.0,26.926406818653845,17.54285662341198,27.927709727549768,17.908069791193554,17.35676140824239,13.53075475364352,5.32103252629264,5.460271109383484,16.41632468552831,12.31908458430928,11.56426728190786,7.052541679674675,-0.34163987956821984,1.126315164497612
2080.0,7.1098647081456835e-06,0.0,26.357230602067546,17.525947109450442,27.338689792821526,17.808905475956635,17.41859987390029,12.922619923214313,3.5002300120472114,6.980953785677684,15.460130763541258,12.27145016572598,11.493005736866849,6.847267645925115,-0.48042670680627,1.0719792949018938
2090.0,7.024812662724753e-06,0.0,25.808269490757596,17.508844596889617,26.564677975849122,17.651826474724032,17.592589965167804,12.96579177626893,3.4951239863773367,7.603254407031386,14.579290800306183,12.222249401601744,11.41505599654721,6.634510084477654,-0.6317642233244669,1.013787870355202
2100.0,7.144475811389318e-06,0.0,25.27859453500281,17.49153812405109,25.997950832623303,17.490278292589835,17.235432059805305,12.663328609546852,5.303188919632987,7.006077317638358,13.765498109264058,12.171423445324024,11.33037945017037,6.41574991189475,-0.7940245618184463,0.9516560579497764
2110.0,7.18642905578002e-06,0.0,24.767322846002514,17.47401764902827,25.401375150932836,17.412364435101267,17.3500492918007,12.676328496999531,6.343176400991695,6.695432617581503,13.011427565219151,12.118928859801485,11.239013467177983,6.1922351045572555,-0.965665970819714,0.8855410193431794
2120.0,7.208897528355209e-06,0.0,24.27361508908018,17.456273980442006,25.2432883539027,17.198750102689814,16.82564201543795,12.373700727532764,5.837508704978234,6.51089700471266,12.310613770101213,12.0647351306784,11.141055937731267,5.965020647828567,-1.1452667935747058,0.8154344462349741
2130.0,7.464717456922035e-06,0.0,23.796673137237974,17.438298714419943,24.439881847680567,17.501683695973213,17.45757270334957,13.005535379271521,6.592574331618039,8.238426740860405,11.657345455533857,12.008822604439217,11.036652586393075,5.7350000891068476,-1.3315399484691284,0.7413563838080677
2140.0,7.567123709503181e-06,0.0,23.335737872072855,17.420084177120145,24.18443935911654,17.602569947281665,17.00934538218678,12.36389316239945,4.481319482843162,6.826778660230218,11.04657364891392,11.95118076310257,10.925986500043223,5.502930879803671,-1.523335474361886,0.6633500798623686
2150.0,7.521800904570453e-06,0.0,22.890087120394924,17.40162337220619,23.734872719215105,17.61984902982556,17.10675358896816,12.744156527249686,3.2941614418070913,6.769784623981138,10.473831597484605,11.891806769956816,10.809269448372618,5.26945503641565,-1.719636039260024,0.5814776634488794
2160.0,7.450118672510173e-06,0.0,22.459033716057377,17.382909932752,22.76766330084257,17.393900628799145,17.03324721013672,12.67051745746653,5.015419311621827,5.905298749109079,9.935164799969812,11.830704236759686,10.686734672966338,5.035116206110558,-1.9195485553213985,0.4958165034573767
2170.0,7.635527929143592e-06,0.0,22.041923677540638,17.3639380771167,22.945558584675666,17.508256831121003,16.979839768859563,12.093322989808598,3.9588336223515626,7.983820927267061,9.427069770113803,11.767882174185445,10.558630891511712,4.800373918324226,-2.1222938904999182,0.40645613100889477
2180.0,7.823986559737053e-06,0.0,21.638134492744996,17.344702568386822,22.584713610094752,17.27521351725386,16.767752246570694,12.229114486272124,2.506790936315724,7.183358305716524,8.94644037313418,11.703354095508416,10.425217315459577,4.565615594536041,-2.327195913449657,0.31349563380183554
2190.0,7.809226301107186e-06,0.0,21.24707350325332,17.32519867702905,21.771261043591892,17.034928898324893,17.059921116106523,12.008593945028792,3.047346409157285,3.952566140118847,8.490520749968823,11.637137249539137,10.286759518193662,4.3311667428150145,-2.533670618255826,0.21704144855362983
2200.0,7.806474810602122e-06,0.0,20.8681763810406,17.30542214643907,21.820401878129474,17.666742408552125,16.830283181189202,11.907477866837041,4.6260024304798435,5.790589585119733,8.05686398597976,11.569251963341117,10.143526020268098,4.097299661299189,-2.7412157593766437,0.11720549125340085
2210.0,7.836654000584068e-06,0.0,20.50090569124069,17.285369161108974,21.23314926745053,17.56022864860597,16.86514127202173,11.898671877750019,3.2172332905328744,5.925741074734333,7.643295798024553,11.499721078696155,9.995785481177052,3.8642409017009527,-2.9494012253435926,0.014103575382648614
2220.0,7.814006111393916e-06,0.0,20.14474953514798,17.265036317166505,20.77933284248661,17.47763665441073,16.68696898156213,12.148234451794053,3.7601943814897822,6.694392389124346,7.247882611928276,11.428569468961086,9.843804405220794,3.6321776909762775,-3.157860252868886,-0.09214592356016738
2230.0,7.739284943479134e-06,0.0,19.799220268130966,17.244420595067993,19.85835589987181,17.451529154797868,16.956366155160936,11.7026219102043,4.03261685395637,7.194322321387119,6.868903485333988,11.355823625076312,9.687845283577474,3.4012634702411333,-3.3662815049930828,-0.20142319236930462
2240.0,7.58303035779048e-06,0.0,19.46385328758788,17.22351933425091,19.885653150721737,17.413092714940092,16.518490903491,11.725780808096033,2.5416495225353515,7.106916099148634,6.504825401596179,11.281511301192438,9.528165106553445,3.1716226806729537,-3.5744019905711752,-0.3136079231244935
2250.0,7.579466209560731e-06,0.0,19.13820588647286,17.20233020957278,19.327134203122625,17.466423822130025,16.581741415237047,11.412276376613988,4.029792528047153,7.7507015311092005,6.1542815210172535,11.205661211775862,9.365014189783665,2.94335490365296,-3.782000776418556,-0.42858010036599126
2260.0,7.477884027662892e-06,0.0,18.821856168283148,17.18085120938315,19.331174777065087,17.29818935456251,16.825553726297528,11.516027980255956,3.3916624316535717,5.735523494398535,5.816052028015122,11.128302773209839,9.198635266339295,2.716538444852347,-3.9888934303801307,-0.5462206543307389
2270.0,7.486498415967529e-06,0.0,18.514402019720762,17.159080615089465,18.782636289748496,16.60681778203474,16.731483311491445,11.567168896326734,1.323785827874758,5.5139013167732855,5.489047258080916,11.049465883876167,9.029262803594861,2.491233438004258,-4.194927128584425,-0.6664119990824133
2280.0,7.548413842068049e-06,0.0,18.21546013753249,17.137016982095076,19.095921604242676,17.173618261613285,16.454780726219667,11.254743957535311,4.988267562661065,5.8376530504128255,5.172292827709555,10.969180737521015,8.857122509559815,2.267484532816809,-4.3999763600336905,-0.789038471787876
2290.0,7.468494641403024e-06,0.0,17.924665106296175,17.114659121997192,18.283970844262228,16.9568736391941,16.580103190562113,11.520564548017774,3.8618695270136527,6.190714729636227,4.864916524726993,10.88747766540655,8.68243099837315,2.045323222215302,-4.603939164419671,-0.9139866871867639
2300.0,7.43931351451147e-06,0.0,17.64166852415707,17.09200608594631,17.772340977142676,17.301948006315456,16.494175152523383,11.063263929793607,6.656101858669729,6.700737537283715,4.566136746311088,10.804387003347472,8.505395588939734,1.8247698563994277,-4.806733843331415,-1.0411458194105307
2310.0,7.364134409501951e-06,0.0,17.36613817373444,17.06905714907606,17.7121712335819,17.332507632001352,16.485564659159536,10.714918156126089,4.305308130006722,5.692222592390408,4.275252298104135,10.719938980246582,8.326214214367383,1.605835384726106,-5.008296090018348,-1.1704078216777134
2320.0,7.551464187123705e-06,0.0,17.097757235612676,17.045811795924124,17.733578159081844,16.9905514333351,16.67128619260052,10.918895243966688,4.160891759156868,6.80294806060931,3.9916333906460295,10.634163625187682,8.145075423035507,1.3885228609382239,-5.208576488073959,-1.3016675929829944
2330.0,7.466828521624618e-06,0.0,16.83622354201094,17.02226970676952,17.11632057790422,17.262909533704146,16.299315270396164,10.726931814725276,2.274058631424225,6.699130817406797,3.714713689346354,10.547090690530013,7.962158454863811,1.1728287425726762,-5.407538334511571,-1.4348230996787947
2340.0,7.673081013548933e-06,0.0,16.581248868385444,16.998430744819586,16.766011291123903,17.038366611375125,16.598928446406603,10.693704861419178,3.6017077533217616,5.169924621830148,3.4439832917265107,10.458749588782666,7.777633378716757,0.9587440113533603,-5.6051557475422555,-1.5697754587890245
2350.0,7.715911723269697e-06,0.0,16.33255826086821,16.974294944187477,16.683305175731277,17.206977608835302,16.503214349366317,11.129196119570622,3.648280016415697,6.514373181093333,3.1789825210137224,10.36916934132745,7.591661278924221,0.7462551379014712,-5.80141202384101,-1.7064289889747215
2360.0,7.73535015342743e-06,0.0,16.08988939758143,16.949862498603693,16.39776291770977,17.05354073395341,16.15496133083775,10.546346051058492,4.304773093527672,5.137768199884704,2.919296438633012,10.278378537313017,7.404394480670305,0.5353449110895667,-5.996298214172896,-1.8446912342730002
2370.0,7.849338009540336e-06,0.0,15.85299198199067,16.925133750811767,16.48565751202733,16.93794617408315,15.737040215345417,10.292219139343956,4.201975549300641,6.076655067690865,2.6645499899522065,10.186405301262425,7.215976805531454,0.3259931497552202,-6.189811889930468,-1.9844729650338877
2380.0,7.749407786310844e-06,0.0,15.621627166577355,16.900109182602193,15.88103658152096,17.105103606030582,16.217206548126114,10.266922582787629,2.4552949361151377,5.662459463769778,2.414403708001146,10.093277268128759,7.0265438497696096,0.11817731222254224,-6.381956076432232,-2.1256881598758923
2390.0,7.657166767860993e-06,0.0,15.395567005212683,16.87478940544247,16.070496879438906,16.84763942877254,16.296833634902214,10.519727743308579,3.736954995895019,5.5767779000426,2.1685499089813334,9.999021564700797,6.836223279128546,-0.08812698289790433,-6.572738331762878,-2.268253971953868
2400.0,7.697539776894654e-06,0.0,15.174593932716505,16.849175151663758,15.5134514967354,16.70619180208837,16.06292413652966,9.880274295814445,3.842285551273733,5.497451948400226,1.926709321370879,9.903664796406701,6.645135134870088,-0.29294551288171533,-6.762169952537761,-2.4120906823753216
2410.0,7.717655742481938e-06,0.0,14.958500270173658,16.82326726616901,15.351032053186827,16.80968521626744,16.059164784818563,9.9216115348421,3.4413512353110036,4.569255637229048,1.688628097440187,9.807233038690867,6.453392146637043,-0.4963050737903245,-6.95026529027092,-2.55712164320272
2420.0,7.73029370043658e-06,0.0,14.747087754663141,16.797066698629806,15.463245589003463,16.635640141135696,15.749189609291534,10.019804331981902,2.66461516526482,6.218531398108496,1.454075162154652,9.709751832249765,6.261100048464925,-0.6982331611651489,-7.137041164051595,-2.703273212132615
2430.0,7.779212413451345e-06,0.0,14.540167092134766,16.770574496140796,14.988287004081371,17.031593610481707,15.908769441658876,9.769148607370425,3.0721618108455573,7.719954236791068,1.2228398598484205,9.611246181509614,6.068357894894689,-0.8987577007284813,-7.3225163570174345,-2.8504746806429466
2440.0,7.765949038813088e-06,0.0,14.337557532239998,16.74379179630415,14.456922778183298,17.004725037633364,15.743967018638102,9.283215190406281,3.161181140145686,5.236425472153826,0.9947298638071516,9.511740555812423,5.8752583746814935,-1.0979068223053332,-7.506711185679251,-2.9986581971361943
2450.0,7.756895710582672e-06,0.0,14.139086463990054,16.716719820717344,14.513127835180228,16.794773206508296,15.850357671264987,9.530995482547723,2.7406924100314427,5.463404219995255,0.7695693180712624,9.41125889285098,5.681888120059398,-1.2957086710546264,-7.689647132528876,-3.1477586863815645
2460.0,7.830776758671421e-06,0.0,13.94458903117868,16.689359868840768,14.368948170713907,16.542660169458884,15.865290523018928,9.411260028930144,2.9491644317525356,6.0409570431014,0.5471971844420978,9.309824603956201,5.488328009920281,-1.492191250862561,-7.871346533567873,-3.2977137663612552
2470.0,8.014595126350933e-06,0.0,13.75390776656468,16.661713312221764,14.00439471449829,16.632670711585774,15.583056032851175,9.358213219593551,2.854296501688907,4.007605416540912,0.32746577089631046,9.207460580896566,5.294653465603801,-1.6873822954174216,-8.051832313454213,-3.4484636634553
2480.0,7.909226884436297e-06,0.0,13.566892243865084,16.633781589054536,13.642649059813834,16.86509459650216,15.867143947869351,9.298411145627767,1.7985419388359105,5.643747961123665,0.110239420449318,9.10418920389742,5.100934738286469,-1.8813091630696022,-8.23112776189106,-3.5999511267533535
2490.0,8.025414714697117e-06,0.0,13.383398746660077,16.605566199056454,13.48161465830367,16.694920123034024,15.657394034299443,9.320044591298029,2.0697467509951366,6.524061284103084,-0.10460665800036395,9.00003235062951,4.907237187201588,-2.0739987520887553,-8.409256345694814,-3.7521213421524067
2500.0,7.755091485397192e-06,0.0,13.203289953361093,16.577068698641824,13.617142216335708,16.48836013872352,15.032829551896668,9.222680413547153,3.1664471203623066,5.334431946854011,-0.31718743312274,8.895011405953426,4.713621548131414,-2.2654774333748833,-8.586241551689909,-3.9049218467906144
2510.0,7.850378940117486e-06,0.0,13.02643463743658,16.548290696376796,13.62196979803008,16.853804334476877,15.662835517795372,9.169584191604315,1.780695505406868,3.818332151069569,-0.5276089832543676,8.789147272237017,4.5201441917867555,-2.4557709980688287,-8.762106756202002,-4.058302444271931
2520.0,7.82577269130449e-06,0.0,12.852707382134383,16.51923384869849,12.9521421216499,16.99637494923502,15.234853232814942,8.946637358351836,2.169096667411168,5.411876583565004,-0.7359693297986496,8.682460380091413,4.32685737183732,-2.6449046178455546,-8.936875117464467,-4.212215121054385
2530.0,7.995277795347566e-06,0.0,12.681988308978077,16.489899855884516,12.820740315672197,16.57219327684254,15.05604176388158,8.55896174827501,0.9180925178323491,5.278778702125521,-0.9423591830931173,8.574970699394498,4.133809462477586,-2.8329028159702716,-9.110569487730857,-4.366613964304577
2540.0,7.95234757289584e-06,0.0,12.514162819354283,16.460290458257134,12.634343044578372,16.222815762045514,15.121754289805608,8.423136487663271,2.20209208957084,5.345368379194383,-1.1468626105973385,8.466697750490823,3.9410451855164865,-3.0197894474541727,-9.283212342301681,-4.521455081461056
2550.0,7.806592422949347e-06,0.0,12.349121348541416,16.430407432610593,12.5415030683385,16.32417924479404,15.135400120748727,8.893440846626163,-0.5210157013045773,5.324646226546065,-1.3495576361002577,8.357660615475936,3.748605827060885,-3.205587686872036,-9.45482572303905,-4.676696521697238
2560.0,7.790579143392683e-06,0.0,12.186759131565509,16.400252588847934,12.570978598165425,16.48750667673403,14.853727613254819,8.462976639505769,0.47021829050009956,6.231903871702286,-1.5505167776296958,8.247877949486849,3.5565294439329023,-3.3903200225998944,-9.625431194260386,-4.832298199430113
2570.0,7.792710308259877e-06,0.0,12.026975980299426,16.36982776681606,12.65305487899559,16.402719354615442,14.794378876791313,8.125657497348982,-0.6248220518334051,3.517629143075226,-1.7498075308527632,8.13736799193498,3.3648510600151553,-3.574008256400816,-9.795049809181023,-4.988221819984631
2580.0,7.819422973361025e-06,0.0,11.869676071252059,16.339134833328103,12.213305478253801,16.06832670335183,15.046405050220926,8.233586460161689,1.237188386074365,6.659452560732404,-1.9474928039667816,8.026148577628135,3.173602852762315,-3.7566735074363464,-9.96370208531738,-5.144430807490437
2590.0,7.909106904947578e-06,0.0,11.714767743522259,16.308175679362535,11.8991372519925,16.175770732916874,14.367785649785958,8.088360014328373,0.7913642043434379,4.005124486566331,-2.14363130938807,7.914237147738959,2.982814330151257,-3.9383362199095586,-10.131407987475882,-5.3008902350619
2600.0,7.895981208238347e-06,0.0,11.562163306418427,16.27695221742954,11.811941728103307,16.278215197410134,14.598329371246393,8.16811504353285,1.3565714578365373,3.8465890014513207,-2.338277916932782,7.801650760584778,2.792512498368353,-4.1190161736591335,-10.29818691713615,-5.457566757288703
2610.0,8.037074446212974e-06,0.0,11.411778856270985,16.245466379094864,11.622936726958471,16.295868312489972,14.799599213835563,8.083429280529856,1.7799560644235157,5.168415042878223,-2.5314839726464697,7.688406102191152,2.602722020551198,-4.298732497120227,-10.464057707199629,-5.614428545045996
2620.0,7.97583070874893e-06,0.0,11.263534101987887,16.213720112653277,11.563306957885573,16.03200183633777,14.608755297447885,7.932757023005195,0.5309574507177786,4.6966816422743705,-2.723297586962758,7.574519496617995,2.413465366915659,-4.477503682153724,-10.62903862121442,-5.771445222617103
2630.0,7.787645804199165e-06,0.0,11.117352198925687,16.181715380942933,11.231799649728657,16.247703379286577,14.547577371000727,7.636705939748822,1.9171163667122073,3.902604790284272,-2.9137638954539966,7.460006916031716,2.224762956607151,-4.655347600318919,-10.793147356310612,-5.928587807108613
2640.0,7.884591524251838e-06,0.0,10.973159590671685,16.149454159292475,11.279629487409125,16.068016841183237,14.798721656011594,7.506577969396858,1.4829884777186066,5.712561363716418,-3.102925295065461,7.344883990511846,2.036633291619353,-4.832281520227923,-10.95640104918607,-6.085828650126587
2650.0,7.817529503344174e-06,0.0,10.830885858350825,16.116938433594555,11.327361772374104,16.115123452409193,14.42895698506993,7.700665446663038,0.3420543018636977,5.465632338898274,-3.2908216583998637,7.22916601758368,1.8490930831247852,-5.008322125676273,-11.118816284576383,-6.24314138167523
2660.0,7.896878375399395e-06,0.0,10.690463577091805,16.084170198498498,10.555800263605818,16.393615781172457,13.965798591403939,7.758641934633886,1.515710504978074,3.5063549309416544,-3.4774905283304065,7.112867971472099,1.662157370558873,-5.1834855342909805,-11.280409105723038,-6.400500856230622
2670.0,7.855796946603936e-06,0.0,10.551828179304493,16.051151455715,10.542894332976687,16.057125015786426,14.163303159059353,7.611836352330442,1.6120799148583274,5.93516137261031,-3.662967294966677,6.996004512074478,1.4758396337957151,-5.357787316479573,-11.44119502642394,-6.557883100937886
2680.0,7.799580143946106e-06,0.0,10.414917824438078,16.017884212427134,10.58254391503067,15.73053157963318,13.989897468810852,7.552889722338875,1.8302524639067315,3.246950388981304,-3.847285356772545,6.87858999365227,1.2901518987471263,-5.531242514498672,-11.601189044311866,-6.715265265876042
2690.0,7.740333718030817e-06,0.0,10.279673274905349,15.98437047980218,10.481221132438066,16.09011195453121,13.914874615183123,7.348993631895723,-0.34613002609194155,4.408340739909875,-4.0304762674369385,6.760638473243034,1.1051048367091312,-5.703865661491818,-11.760405655058719,-6.872625576330222
2700.0,7.794962142831187e-06,0.0,10.146037777874938,15.950612271598402,10.351600935410033,15.913415564194452,13.98017328369184,7.151020657815536,-0.32911290279037075,4.105169257260627,-4.2125698699234135,6.6421637187959846,0.9207078577711627,-5.875670800372291,-11.918858867249867,-7.029943287010951
2710.0,7.954826859881658e-06,0.0,10.013956952647504,15.91661160286111,10.327956559515997,15.907964222918508,14.066375639386706,7.006693563616182,1.1273680253675025,4.674464841352574,-4.393594418967723,6.52317921703559,0.7369691985939539,-6.046671502449669,-12.076562217712137,-7.18719863815636
2720.0,7.944096645481235e-06,0.0,9.883378683345427,15.882370488703714,10.172358460456906,15.619009136982356,13.62612364852788,6.7396913278532224,0.010694971883992821,5.977886408376321,-4.57357669315661,6.403698181058417,0.5538960048514241,-6.216880885718638,-12.233528787113585,-7.34437281345447
2730.0,8.167226660100499e-06,0.0,9.754253016660357,15.847890943168977,10.079000472129223,15.999235892694117,13.415373909011294,6.775217066747814,-1.0063539069373064,3.5647703581141172,-4.752542097598564,6.283733557669507,0.371494408621345,-6.386311632744253,-12.389771215682572,-7.501447899720915
2740.0,8.150412278242019e-06,0.0,9.626532064413425,15.81317497816616,9.727028861330552,15.468850227814414,13.848904587484242,6.574737045760003,-0.06547008964230372,6.199651262853763,-4.930514758088918,6.163298034464731,0.18976960099820417,-6.554976008093433,-12.54530171892003,-7.658406848268669
2750.0,8.058473819083376e-06,0.0,9.500169910697139,15.778224602478701,9.186878645851607,15.772915110549206,13.842892923956526,7.086748728955797,-1.6202328257376735,4.5619287858930875,-5.1075176075773925,6.04240404666632,0.008725900191279834,-6.722885875273278,-12.700132103199621,-7.815233437906329
2760.0,8.011942773405371e-06,0.0,9.375122523377854,15.743041820840745,9.54462102873083,16.324154970694792,13.245139161139718,6.651881713042883,-0.008770968835278836,5.09039337346934,-5.2835724656602565,5.921063783719433,-0.17163318464122312,-6.890052713147952,-12.854273781170434,-7.971912239502615
2770.0,8.02174108875246e-06,0.0,9.25134766974844,15.707628633076126,9.501635595555229,15.68189352052093,13.52225677811316,6.438811787760017,0.059516639503044644,3.574096836277647,-5.458700111744065,5.799289195656513,-0.35130489358198247,-7.056487631814264,-13.007737786892847,-8.12842858205596
2780.0,8.059451128142679e-06,0.0,9.128804836132929,15.671987033298535,9.309684664308804,15.950138803877053,13.380528680470263,6.059422881152614,0.6144689796340117,2.9768036911781337,-5.632920352461895,5.677091999238314,-0.5302871599387231,-7.222201387922951,-13.16053479065198,-8.284768520209184
2790.0,7.994074494277797e-06,0.0,9.007455151251918,15.636119009167828,9.073172137919528,15.964292474534886,12.88573820440962,6.948421433753538,0.3234045264383667,4.0443384147391725,-5.806252083862148,5.554483683878516,-0.7085785578053674,-7.387204399439668,-13.312675113405362,-8.440918803150623
2800.0,7.988585094216168e-06,0.0,8.887261313168835,15.600026541200407,9.127397978275951,15.757878015696463,13.363682863356303,6.339098556447823,-0.7280705314770444,3.562065204219209,-5.97871334883888,5.4314755173602975,-0.8861782529920674,-7.551506759844131,-13.464168740830814,-8.596866844845408
2810.0,7.973457765850817e-06,0.0,8.768187519645721,15.5637116021299,8.910465649770458,15.844430778237722,13.27483013337843,5.547269645842675,-0.2465455401767258,3.8921904174019346,-6.15032139022378,5.30807855135231,-1.0630859571272708,-7.715118251770036,-13.615025336950453,-8.752600695540934
2820.0,7.971586890206229e-06,0.0,8.650199401744146,15.527176156315761,8.75204445358446,15.806299061842083,13.266826512348985,5.888405348629192,-0.5799826210527499,2.663600350792592,-6.3210926999193475,5.1843036267318325,-1.2393018847442931,-7.878048360092237,-13.765254257312904,-8.908109014493903
2830.0,7.833625073727336e-06,0.0,8.533263960516877,15.49042215919684,8.58581102581013,15.7175334688622,13.188882871510827,6.053495150424396,-0.3463188039773968,4.088996220311174,-6.491043064414498,5.0601613787226825,-1.4148267131756143,-8.040306284470091,-13.914864561722254,-9.063381043866855
2840.0,7.76947691420504e-06,0.0,8.417349506641756,15.453451556787684,8.680016994028335,15.66849539239206,13.069797585901199,6.096821333339278,-0.4472793938764994,3.861590624223993,-6.6601876069913715,4.9356622418548,-1.5896615450861304,-8.201900951358539,-14.063865026507699,-9.21840658374424
2850.0,7.876491938036683e-06,0.0,8.302425602857681,15.416266285214192,8.47184548034943,15.29517967624804,12.8067625849352,5.618481733354713,-1.9147172666804977,3.3027174445346645,-6.828540826901531,4.810816454753308,-1.763807873486769,-8.362841025499733,-14.212264156331912,-9.373175968220437
2860.0,7.797249945936688e-06,0.0,8.188463009068357,15.378868270287683,8.300082737019068,15.055757138620436,12.802236746118524,5.6763894513469495,-2.140368847358843,4.043350205298964,-6.996116635763428,4.685634064763406,-1.9372675490778875,-8.52313492090974,-14.360070195539777,-9.527680042513225
2870.0,7.891006959699343e-06,0.0,8.07543362998689,15.341259427114437,7.9256665048890795,15.244646858339195,12.525726885057509,5.397115687362827,-0.5773306725691327,3.1269269788037946,-7.16292839140948,4.560124932418148,-2.1100427497801775,-8.682790811375867,-14.507291139051858,-9.68191014105821
2880.0,7.864555475568282e-06,0.0,7.963310465200038,15.303441659738382,7.732858799856388,15.486775358368675,12.351466091687996,5.506291903839156,-1.2127367602009258,4.617845817009311,-7.328988929389368,4.434298735755419,-2.2821359523192655,-8.841816640480715,-14.653934742809895,-9.835858066541618
2890.0,7.733673435656371e-06,0.0,7.852067561536671,15.26541686081572,7.41710335709314,15.358751704673182,12.878977019368563,5.651564001675581,-1.36354436276946,2.701775953311767,-7.494310592317163,4.3081649744905235,-2.453549905736452,-9.000220131169726,-14.800008533782886,-9.989516069830756
2900.0,7.814385695320102e-06,0.0,7.741679967631114,15.227186911318825,7.714566220065933,15.3793353958323,12.539329747509441,5.525545423219626,1.103585087511135,3.521849056719361,-7.6589052572328455,4.181732974050419,-2.624287606707128,-9.158008794879152,-14.945519819544302,-10.142876830762134
2910.0,7.763489332749352e-06,0.0,7.632123690576407,15.188753680268576,7.793299889796231,14.89212459630619,12.21846706003322,5.141634013239866,-2.2628149880486603,3.2176100909144907,-7.822784361133699,4.0550118894752245,-2.794352276553525,-9.31518994024151,-15.090475697432112,-10.295933439750627
2920.0,7.681247339511133e-06,0.0,7.523375654568952,15.15011902449254,7.912605246633291,15.207652889151063,12.274545545120702,5.0681558798750075,-1.6659675456727996,3.82598186482619,-7.985958924815975,3.9280107091927334,-2.9637473398456677,-9.471770681385578,-15.234883063303812,-10.448679380182739
2930.0,7.594534317940043e-06,0.0,7.415413661449691,15.11128478840834,7.44758163466588,15.10833559530846,11.92605801417568,4.880383681018259,-2.3795904314187055,3.810712414624902,-8.148439575156601,3.8007382586714016,-3.1324764044909443,-9.627757945847861,-15.378748619899795,-10.601108511559971
2940.0,7.620790450840235e-06,0.0,7.308216353051648,15.07225280382977,7.509527482982719,15.300529194603769,12.086423613005024,5.0330835399326475,-2.088582159162513,3.1369413975574503,-8.310236565951868,3.673203203956689,-3.3005432432179873,-9.783158482112071,-15.522078884828488,-10.753215053359156
2950.0,7.562514585079077e-06,0.0,7.201763175268468,15.033024889795058,6.875427538877602,15.064563884782842,12.316960872532206,5.05124257519833,-1.1017332545021077,4.042786620389506,-8.471359797420916,3.545414055095762,-3.4679517763659646,-9.937978866793173,-15.664880198187177,-10.904993569578153
2960.0,7.5713803441752205e-06,0.0,7.096034343762767,14.993602852415563,7.29579146130601,14.928762592211456,11.887565579459192,4.900414923973585,-0.9447962082467711,2.6021122931169316,-8.631818834472142,3.41737916945533,-3.634706055896743,-10.092225511481558,-15.807158729832508,-11.056438953936834
2970.0,7.526361417690079e-06,0.0,6.991010811236322,14.953988484743661,7.150306908160815,15.133212526462273,11.580241661608,4.229536594637011,-2.780547179643065,1.4555793447193537,-8.791622923822615,3.289106754936995,-3.8008102505506827,-10.245904669263268,-15.948920486314421,-11.207546415704428
2980.0,7.4755473979253485e-06,0.0,6.886674236188526,14.914183566658721,7.015234420545596,14.882806450864734,12.077609925818535,4.665883294324885,-2.0106457466573033,3.233067288536745,-8.950781010053106,3.1606048730945417,-3.9662686320733656,-10.399022440930878,-16.09017131748749,-11.358311466125883
2990.0,7.361664086147272e-06,0.0,6.783006953092865,14.874189864770187,7.147899429306676,14.918596768202576,11.839195223356057,4.298172448435366,-3.9457691532139734,3.363157917770536,-9.10930175067466,3.031881442156987,-4.131085562443502,-10.551584780900214,-16.230916922813265,-11.508729905420637
3000.0,7.399305038757023e-06,0.0,6.679991943924676,14.834009132336064,6.655632709791973,14.719920811985332,11.848055010405517,4.186917563915699,-0.8300087264536273,1.5788998805082883,-9.267193530276188,2.9029442399616414,-4.295265482037166,-10.70359750284615,-16.371162857367267,-11.658797810328792
3010.0,7.463144231317862e-06,0.0,6.5776128109764045,14.793643109197035,6.666947241638809,14.974406786839438,11.4319076867597,4.30474236631386,-2.512215401781816,1.4114341835796722,-9.424464473817125,2.7738009068007727,-4.458812898667361,-10.855066285071587,-16.510914537563337,-11.808511522180822
3020.0,7.537226665859874e-06,0.0,6.475853750899603,14.753093521723486,6.527301349138668,14.76777900599518,11.259523557986824,3.737578613211724,-2.8243975158284798,4.760191112984444,-9.581122459124344,2.6444589481852745,-4.621732377441958,-11.005996675622441,-16.65017724660845,-11.957867635467835
3030.0,7.6156870946496766e-06,0.0,6.374699529916768,14.712362082776508,6.523994173479593,14.720466060706826,11.380456928832757,4.272455367012185,-3.8942007710535336,3.395708755779367,-9.737175128647664,2.514925737528813,-4.7840285313856725,-11.156394097161012,-16.78895613970036,-12.106862986890462
3040.0,7.6872252261938e-06,0.0,6.274135460147249,14.671450491680446,6.569999078856426,14.820101880363211,11.29737146087541,4.210830178372987,-2.2013758674681867,1.8610192590385282,-9.8926299005239,2.3852085187560306,-4.945706012776043,-11.306263851609629,-16.92725624897986,-12.255494644865507
3050.0,7.62986504890411e-06,0.0,6.17414737699545,14.630360434207034,6.345847370079525,15.001392243542625,10.963031678497146,3.6962178204577185,-2.708015928134273,2.1994862733068885,-10.047493978996158,2.255314408837137,-5.10676950514636,-11.455611124576365,-17.06508248824946,-12.403759899470401
3060.0,7.647199215341151e-06,0.0,6.074721617551518,14.589093582570229,6.273964953218581,14.60594991004723,11.426157690788898,3.5832439257373494,-3.780646222991777,1.978752191534113,-10.201774364231085,2.1252504002526393,-5.267223715910347,-11.60444098957322,-17.20243965746957,-12.551656252806822
3070.0,7.482880334225735e-06,0.0,5.975844999957019,14.547651595430523,6.090271707278532,14.941708887902337,11.049627354593383,3.863501991673388,-4.2914730443819735,1.3989277221203906,-10.355477861573377,1.9950233633904304,-5.427073369568063,-11.752758412037338,-17.339332447043176,-12.699181409764549
3080.0,7.445360696193342e-06,0.0,5.877504803690897,14.506036117908991,5.962724455024102,14.824392119018398,11.074192508937244,3.509240873498868,-2.8637502744373933,2.4466708088430096,-10.508611090274883,1.864640048877959,-5.586323201453183,-11.900568253165545,-17.475765441898773,-12.846333269169065
3090.0,7.559375600045468e-06,0.0,5.7796887507324755,14.464248781609513,6.243744122231874,14.323518690288836,10.717632107187853,3.3944194270642924,-3.4230104636237684,2.3478490048104845,-10.661180491731727,1.7341070898523867,-5.744977951985618,-12.047875273571094,-17.611743125381935,-12.993109915295975
3100.0,7.658109051704379e-06,0.0,5.6823849875601695,14.422291204649241,5.814345381246483,14.420869494401359,10.82725532821945,3.3935391388885137,-1.1779773386408579,0.20675663656516008,-10.813192337261341,1.6034310041708864,-5.90304236139508,-12.194684136771968,-17.747269882964815,-13.139509609736251
3110.0,7.676583109593951e-06,0.0,5.585582067948337,14.38016499169612,6.136675422610267,14.444329365021872,10.675952436767261,3.4039398426470484,-3.5262242654028455,3.120082394501196,-10.96465273544851,1.4726181965631326,-6.06052116488371,-12.340999412519295,-17.882350005782627,-13.285530783597608
3120.0,7.455396918461001e-06,0.0,5.4892689365235015,14.33787173401356,5.941566822127243,14.116138900781266,10.577648125445592,3.3046680362407415,-2.8353881015976867,0.08181874319461713,-11.115567639087885,1.3416749607285965,-6.217419088197289,-12.486825579973981,-18.01698769400565,-13.431172030027653
3130.0,7.501614185069195e-06,0.0,5.393434913046292,14.295413009511435,5.94316393899669,14.086088601648726,10.585905302506376,3.173433558352997,-3.075956444587632,1.6316966006460234,-11.265942851747866,1.2106074813806345,-6.373740843577764,-12.63216703073897,-18.151187060055207,-13.57643209704463
3140.0,7.437465494164765e-06,0.0,5.298069677384092,14.2527903828028,5.539783536531388,14.677219816618845,10.426741074743461,3.3653180314412907,-4.872813634232784,0.5886182994810838,-11.415784033979719,1.079421836239078,-6.529491126069729,-12.777028071755012,-18.284952131671247,-13.72130988066317
3150.0,7.484706121952802e-06,0.0,5.2031632551434654,14.210005405266088,5.643413955498886,14.344934948660466,10.31924529616333,3.1369828446712518,-4.9074414608753045,2.0819794916365026,-11.56509670919371,0.948123997973596,-6.684674610157344,-12.921412928066673,-18.41828685483918,-13.865804418302105
3160.0,7.572939428185143e-06,0.0,5.108706003931161,14.16705961511235,5.161018784880866,14.137102783835076,10.351949806311893,2.9657587068119255,-3.8004567174065755,3.5095025300678913,-11.713886269222769,0.8167198360994234,-6.8392959467076935,-13.065325745464918,-18.551195096582916,-14.009914882462738
3170.0,7.548236858110543e-06,0.0,5.014688600215152,14.12395453745711,5.085069520550292,14.05874018188797,10.364516753542603,2.9330541817219,-4.460786161682449,2.663311826643394,-11.862157979592268,0.6852151188271591,-6.993359760199496,-13.208770593013014,-18.683680647631036,-14.153640574666099
3180.0,7.690197158561908e-06,0.0,4.921102026757524,14.080691684396243,4.9423986281279895,13.77191780929536,10.334076859309164,2.748785992377236,-3.0976765254543466,-0.6959551595666085,-12.009916984514405,0.5536155148682838,-7.146870646217337,-13.351751465461405,-18.815747224962422,-14.296980919637747
3190.0,7.779456892391838e-06,0.0,4.827937560593568,14.037272555085963,4.726430643146728,14.248197325588194,10.052320556108214,2.6115519064853174,-4.3720287697840945,1.8925250636506803,-12.157168311623082,0.4219265951981015,-7.299833169191629,-13.494272285557201,-18.947398474237502,-14.439935459730748
3200.0,7.790046337703362e-06,0.0,4.735186761531395,13.99369863582632,4.992156318108812,14.453994272298587,9.65350987239185,3.0426233496790474,-3.9371295450879416,0.23940080893930826,-12.303916876465053,0.2901538347775272,-7.452251860367824,-13.636336906253689,-19.07863797212093,-14.5825038495758
3210.0,7.657014975129463e-06,0.0,4.642841461148521,13.949971400147547,4.744476739512606,14.19954227568121,9.857745304400567,2.9384644042482932,-5.568958264698779,1.0579976227961083,-12.450167486761643,0.1583026142348558,-7.604131215987422,-13.777949112825013,-19.209469228501092,-14.724685850949697
3220.0,7.531775630688151e-06,0.0,4.550893752262425,13.906092308899929,4.762464368030749,14.14894175355721,9.71600851684019,2.0326531060421758,-3.9949369673217916,1.4386534036726175,-12.595924846454807,0.02637822150950342,-7.755475695666007,-13.919112624890602,-19.33989568861179,-14.866481327852739
3230.0,7.572205106184321e-06,0.0,4.459335978853574,13.862062810345606,4.844733624809294,13.71355295353112,9.853122672748327,2.709468060696963,-6.048382072833363,1.2533245772612531,-12.741193559549629,-0.1056141465417113,-7.90628972095368,-14.059831098353982,-19.469920735061066,-15.00789024178664
3240.0,7.5217871230835536e-06,0.0,4.368160726420342,13.817884340253613,4.489506067814773,13.953347246485635,9.536569045859665,2.2535022011510932,-4.311359674116147,-0.22188267397166328,-12.885978133765832,-0.23766938257392667,-8.0565776740645,-14.200108127260364,-19.59954768977164,-15.148912647224222
3250.0,7.413204610195035e-06,0.0,4.277360812745769,13.773558321996006,4.550305343150626,13.609951691633455,9.684233087616178,2.3990442795068816,-6.146846047587587,0.11942468290578745,-13.03028298400858,-0.36978246721861296,-8.206343896762519,-14.339947245576809,-19.728779815837868,-15.289548687263448
3260.0,7.532615550499773e-06,0.0,4.186929279057665,13.72908616664688,4.127197017330673,13.702579913395994,9.560362798625704,2.381289650685403,-4.747916454900178,0.13104365773739346,-13.174112435669429,-0.5019484675809736,-8.355592689392324,-14.479351928899348,-19.85762031930281,-15.429798589458017
3270.0,7.674852536669623e-06,0.0,4.096859381564343,13.684469273082357,4.580581759520442,13.946835778904017,9.402022060569266,1.9812456472035365,-5.401972647574894,1.1825737598963428,-13.317470727766988,-0.6341625357704288,-8.504328310043775,-14.618325596089903,-19.98607235086004,-15.569662661816949
3280.0,7.716692358758492e-06,0.0,4.0071445833486905,13.63970902808245,4.422858647985322,13.83661213098884,9.001381435141582,2.2717756760623047,-5.644553361399971,0.20753825696834838,-13.460362015936482,-0.7664199074621934,-8.652554973839983,-14.756871610847213,-20.114139007483573,-15.709141288966862
3290.0,7.741712379383662e-06,0.0,3.917778546604154,13.594806806434178,4.451768274236088,14.283819701263724,9.340415792335534,1.9434327245738245,-4.186766796800271,1.4105616378997752,-13.6027903752763,-0.8987159004894352,-8.800276852339891,-14.894993283214717,-20.2418233339896,-15.848234928469651
3300.0,7.709645616827944e-06,0.0,3.828755125198029,13.549763971035304,4.3221251870293145,13.663021334289965,9.235731375845148,2.032139759341078,-4.374282158577216,1.2931928915432422,-13.744759803060276,-1.0310459134649932,-8.947498073045608,-15.032693871028357,-20.369128324533506,-15.98694410728973
3310.0,7.647920298173251e-06,0.0,3.7400683575461358,13.50458187299995,3.7622167417373475,13.352006212076674,9.141235648067664,1.9738204788898202,-4.412510230635064,2.060043137683863,-13.886274221322651,-1.1634054244316872,-9.094222719007064,-15.169976581307424,-20.496056924045263,-16.125269418404514
3320.0,7.647360696290347e-06,0.0,3.6517124597859265,13.459261851764097,3.9187595705487865,13.308586800680416,8.893112250851004,1.8764128655975014,-4.095414703763254,0.02283679430678376,-14.027337479322853,-1.295789989540424,-9.240454828515794,-15.306844571591284,-20.622612029606444,-16.26321151755218
3330.0,7.640200771104541e-06,0.0,3.5636818192339774,13.413805235192228,3.392904722015544,13.410272439460527,9.065852745404243,1.7718107922895001,-4.517905582036292,0.2977877339336601,-14.16795335589677,-1.4281952417551906,-9.386198394880978,-15.443300951224273,-20.748796491771458,-16.400771120111585
3340.0,7.640907086967359e-06,0.0,3.4759709881151934,13.368213339684132,3.4762118501623718,13.576057987687307,8.889264650879113,1.6748288598925,-5.618482781104547,-1.9741588050684982,-14.30812556170099,-1.5606168895843666,-9.531457366280563,-15.579348782591751,-20.874613115835984,-16.537948998108618
3350.0,7.750622358142728e-06,0.0,3.3885746775517873,13.322487470282681,3.424628026653295,13.218215217492514,8.861112629264198,1.4178671918630812,-4.106211703565691,0.7273223458864209,-14.447857741355392,-1.693050715837046,-9.676235645681743,-15.714991082308927,-21.000064663055127,-16.67474597734406
3360.0,7.818979290462777e-06,0.0,3.301487751800437,13.276628920781093,3.1596412691930595,13.587502587570384,8.69206929493106,1.3424467670856757,-5.0962846441179295,-1.734821936653077,-14.587153475489686,-1.8254925764045424,-9.820537090824757,-15.850230822365688,-21.12515385181362,-16.81116293463805
3370.0,7.859844571610844e-06,0.0,3.214705222725968,13.230638973830708,3.139707234313846,13.028789806659404,8.252807887255187,1.559058723049361,-5.942287756051371,1.5062048849889607,-14.726016282699561,-1.9579383990654264,-9.964365514264614,-15.98507093122862,-21.249883358750594,-16.947200795186347
3380.0,7.806264425305614e-06,0.0,3.1282222445022967,13.184518901049216,2.9171662278524764,13.030096990726804,8.721963333157817,1.2257451915244815,-5.9344904804798375,0.06352857530021083,-14.864449621416554,-2.0903841823140965,-10.10772468346579,-16.119514294902558,-21.374255819840926,-17.08286053002422
3390.0,7.856442698922368e-06,0.0,3.0420341085289238,13.138269963127868,3.395476098214715,13.497048958459686,8.320431788033261,0.9123025583488129,-5.872676071950821,0.09479559949687655,-15.002456891696681,-2.222825994211803,-10.250618320945023,-16.253563757953827,-21.49827383143537,-17.21814315359333
3400.0,7.760066806301307e-06,0.0,2.9561362385550183,13.091893409939473,2.8942221134635133,13.229924407774433,8.300305174447715,1.1048408315643883,-6.290544202377873,-0.4649070776147255,-15.140041436932052,-2.3552599712599545,-10.393050104458155,-16.38722212449653,-21.62193995126148,-17.35304972140773
3410.0,7.667643491874477e-06,0.0,2.870524186000466,13.045390480645551,3.1776407344906374,13.321906158081674,7.858516139090511,0.8333292605816496,-7.101247624339749,-0.9535757645547278,-15.277206545489491,-2.4876823172946274,-10.53502366722671,-16.520492159143885,-21.745256699386914,-17.487581327814922
3420.0,7.65929969489544e-06,0.0,2.7851936254669454,12.99876240380354,2.623909037606495,12.884046773578518,7.944750488133479,0.9818141723501981,-5.6078763827382545,-1.09435671233922,-15.413955452279879,-2.62008930240205,-10.67654259820074,-16.65337658792606,-21.868226559147246,-17.621739103848228
3430.0,7.67698178210938e-06,0.0,2.7001403504283985,12.952010397473543,2.7190229721816763,12.967524378646374,8.398092988059148,1.1297600906418666,-7.049138449587133,0.38802617580029164,-15.55029134026205,-2.7524772618544375,-10.817610442354066,-16.78587809917593,-21.990851978039757,-17.755524215166844
3440.0,7.75812143755854e-06,0.0,2.6153602690953335,12.905135669324409,2.513506843347045,13.13892303690767,8.288924018722469,0.5586426348310738,-6.73923195119005,0.5068504556053881,-15.686217341884344,-2.8848425950655496,-10.9582307010092,-16.91799934438467,-22.113135368584807,-17.888937860080176
3450.0,7.785270968641104e-06,0.0,2.530849400443742,12.858139416739505,2.768530715883969,12.996474114869898,7.977488373701476,0.4395160859778571,-4.846420036558754,0.5896585549861584,-15.8217365404671,-3.017181764565578,-11.098406832188402,-17.04974293902802,-22.23507910915629,-18.021981267653075
3460.0,7.762331894234302e-06,0.0,2.446603870402555,12.81102282692217,2.5648874346998696,12.575201393211614,7.9202901488737325,0.7410547888268866,-6.027775327866664,0.47528782975712147,-15.956851971529318,-3.149491294994675,-11.238142250988574,-17.1811114633648,-22.35668554478275,-18.154655695888664
3470.0,7.728924171136307e-06,0.0,2.362619908191334,12.763787076999904,2.6021188432528675,12.630435699295163,7.730899127641067,0.5137778002532514,-5.8119621585098,-1.0877382653400218,-16.091566624061954,-3.2817677721151313,-11.377440329977105,-17.31210746320872,-22.47795698792018,-18.286962429986033
3480.0,7.71577691156914e-06,0.0,2.278893842803427,12.716433334128567,2.5702855662541992,12.69984162642396,7.33254668382574,0.8207420514045793,-4.727342208780726,-2.079629636184677,-16.225883441750852,-3.4140078418410553,-11.516304399606213,-17.442733450675007,-22.59889571919817,-18.41890278066944
3490.0,7.78474769209366e-06,0.0,2.195422099626967,12.668962755595373,2.220619564920014,12.792599229627285,7.631043433277455,0.3462903170739082,-6.963929820216833,-1.5470715171922507,-16.359805324151523,-3.546208209285737,-11.654737748644095,-17.57299190490255,-22.719503988140247,-18.55047808258655
3500.0,7.693128500545537e-06,0.0,2.1122011971981465,12.621376488921612,2.0712447486513383,12.679056009495412,7.347468780710756,0.45209762067821657,-4.764128737312831,-1.5057533062924904,-16.49333512781857,-3.678365637825948,-11.792743624620357,-17.702885272752866,-22.839784013859884,-18.681689692772835
3510.0,7.717068950599075e-06,0.0,2.029227744081595,12.573675671964224,2.2541936338716937,12.739365723472702,7.424321321362697,0.3869064968451994,-5.840180746963711,-2.2325363559499465,-16.62647566739139,-3.8104769481827248,-11.930325234283714,-17.832415969486817,-22.959737985733113,-18.812538989179586
3520.0,7.803984557038002e-06,0.0,1.946498435871149,12.525861433016416,2.248611508888416,12.444666513944128,7.335316234858794,0.29788485936660436,-6.602643580713789,0.008927749597830825,-16.75922971663914,-3.942539017518527,-12.06748574407095,-17.961586379420055,-23.07936806404865,-18.943027369263035
3530.0,8.040371806499938e-06,0.0,1.8640100523072078,12.477934890908102,1.8310988192569653,12.273359276600331,7.307181233573942,0.2285456334472542,-6.6949426237997045,0.32003324336704964,-16.891600009465947,-4.074548778550195,-12.2042282805848,-18.090398856557954,-23.198676380636755,-19.073156248632273
3540.0,7.906511226527613e-06,0.0,1.7817594545052202,12.429897155104982,2.044265121878823,12.380527616228846,7.509073869859151,0.4059140957816112,-7.301326913982052,-1.7519607299115592,-17.023589240879062,-4.206503218677312,-12.34055593107945,-18.218855725211142,-23.31766503947773,-19.202927059753534
3550.0,7.992470015225593e-06,0.0,1.6997435822899547,12.381749325806538,1.7458801413215497,12.444637354964584,7.089150101405778,-0.45318308012377884,-6.618950883265313,-1.9613049224626593,-17.15520006792164,-4.338399379125576,-12.476471743952743,-18.346959280592188,-23.436336117290693,-19.332341250708794
3560.0,7.943157732985615e-06,0.0,1.6179594516319185,12.333492494043696,2.029893944114235,12.154327377892287,7.165682312500849,-0.20153904871949635,-6.955165985856411,-0.5503745476732433,-17.286435110571205,-4.470234354105344,-12.611978729243106,-18.474711789394405,-23.55469166410367,-19.461400284006487
3570.0,7.977162862442504e-06,0.0,1.5364041521811487,12.285127741775057,1.7733847863686947,12.551065282865466,6.855844509177189,-0.34453152128025977,-7.830700014982597,-2.2353204024959723,-17.417296952606222,-4.602005289983936,-12.747079859130565,-18.60211549035347,-23.672733703805932,-19.590105635442313
3580.0,8.272072304973378e-06,0.0,1.4550748448946251,12.236656141982508,1.826523166260074,12.038904594006738,6.576776831864663,-0.2018895153144058,-6.268280461811855,-0.9301820233986291,-17.547788142441817,-4.7337093844728315,-12.881778068440894,-18.729172594792317,-23.790464234682958,-19.71845879300824
3590.0,8.246576725618007e-06,0.0,1.3739687597526427,12.188078758765641,1.4710490019681401,12.326279088687158,6.777707814121072,-0.8181433261548818,-7.115193856237852,-2.3996192913957657,-17.677911193936183,-4.865343885827997,-13.016076255151233,-18.855885287150443,-23.90788522993509,-19.84646125584777
3600.0,8.264097867508859e-06,0.0,1.2930831935611877,12.13939664743532,2.011968990326352,12.285676902382136,6.617183795884785,-0.26578656060092953,-6.472409583845661,-1.1972548624818842,-17.80766858716899,-4.99690609206408,-13.14997728089702,-18.982255725497765,-24.024998638180335,-19.974114533255715
3610.0,8.324782926830426e-06,0.0,1.2124155078365106,12.090610854606098,1.7452252299839301,11.93737499634966,6.6940775317831935,-0.7111308824133289,-6.46914341947587,-2.6051603725811106,-17.937062769193147,-5.128393350181852,-13.2834839714792,-19.108286042034052,-24.141806383942168,-20.101420143720674
3620.0,8.283046245469919e-06,0.0,1.1319631267680847,12.041722418288202,1.194117178070428,12.30998392123314,6.702605339277454,-0.8505511997049098,-7.039136956688935,-2.4651647806675214,-18.06609615476114,-5.259803055408213,-13.416599117370595,-19.23397834357408,-24.25831036812275,-20.22837961400876
3630.0,8.157195754402385e-06,0.0,1.0517235352571674,11.992732367977453,1.12916710056885,12.004288735918351,6.923924076776586,-0.5902151725858857,-8.540961022497186,-2.3894551246851847,-18.19477112702694,-5.391132650449322,-13.549325474221462,-19.35933471201946,-24.374512468462314,-20.354994478286756
3640.0,8.259334083945324e-06,0.0,0.9716942770274954,11.943641724745248,1.5099085717772027,11.69985120361622,5.98236622824686,-0.3778609200110168,-6.8428602830884415,-2.7620537781853614,-18.323090038224848,-5.522379624755786,-13.681665763363014,-19.48435720481737,-24.490414539985096,-20.481266277283254
3650.0,8.312796992557568e-06,0.0,0.8918729528054428,11.894451501326841,0.4849316436407207,11.968684421488433,6.34379062289662,-0.6422951941669339,-8.31536085608343,-1.8771361711536656,-18.451055210325933,-5.653541513800178,-13.813622672308554,-19.609047855406914,-24.606018415432573,-20.607196557486304
3660.0,8.220254529951609e-06,0.0,0.8122572185666286,11.845162702209052,0.9832283534279895,11.739801408512392,6.116587381211616,-1.1012570495583418,-6.719179617419286,-1.1734155192039566,-18.57866893567342,-5.784615898366212,-13.945198855251931,-19.73340867365326,-24.721325905684324,-20.73278687037626
3670.0,8.196792472955868e-06,0.0,0.7328447838459056,11.795776323716495,0.860076473906247,11.57991465035093,6.058360139109368,-0.9869301428074664,-4.818235230928906,-3.21285666547152,-18.705933477597682,-5.915600403849851,-14.076396933562364,-19.857441646270416,-24.836338800167113,-20.85803877169218
3680.0,8.343210196831111e-06,0.0,0.653633410109137,11.746293354097304,0.9722824436854012,11.876424382503501,6.390215087419108,-0.9771148796136799,-7.118444079143217,-2.2230117069725566,-18.832851071011874,-6.046492699571559,-14.207219496275854,-19.981148737232758,-24.95105886725247,-20.9829538207309
3690.0,8.465567085072974e-06,0.0,0.5746209091827836,11.696714773607368,0.9128886238306677,11.645728712906987,5.694945481970137,-1.1666313550446716,-8.376080252896543,-2.302394189089057,-18.95942392298892,-6.177290498099978,-14.337669100582275,-20.104531888175813,-25.06548785464352,-21.107533579677096
3700.0,8.589310898541388e-06,0.0,0.49580514174033397,11.64704155459384,0.5230185919198789,11.712770447818968,5.890812576827443,-1.0307017832680572,-9.89123385563471,-2.914524377361033,-19.085654213320765,-6.307991554586181,-14.467748272308086,-20.227593018786706,-25.179627489751255,-21.231779612963436
3710.0,8.610439267769335e-06,0.0,0.41718401584256526,11.597274661577558,0.7755767513847331,11.57333044957852,5.424420511490609,-1.1506528488199592,-8.347875109753886,-3.5664199038128572,-19.211544095060475,-6.4385936661091705,-14.597459506394273,-20.350334027184715,-25.293479480060512,-21.355693486659447
3720.0,8.548004728798013e-06,0.0,0.33875548552953205,11.547415051334326,0.4199336987402944,11.501043651073928,5.279251479080926,-1.1692444781450035,-6.505672179864973,-1.7941339205387408,-19.33709569504819,-6.5690946710315075,-14.726805267369514,-20.472756790292067,-25.407045513486423,-21.479276767888223
3730.0,8.434236161755532e-06,0.0,0.2605175494622358,11.49746367297547,0.33801197515822423,11.570876756533266,5.760868489146503,-1.2889085433036485,-8.582622744147102,-2.432535362868009,-19.462311114421226,-6.699492448365447,-14.855787989817713,-20.594863164195544,-25.520327258721437,-21.60253102426961
3740.0,8.479964202217056e-06,0.0,0.1824682496120431,11.447421468027187,0.5911379334428375,11.663178506923316,5.719777788099236,-1.4795875137464236,-6.5057596598516625,-2.173614329963982,-19.58719242910925,-6.829784917149084,-14.98441007884054,-20.716654984499172,-25.633326365573197,-21.725457823389036
3750.0,8.3938554111997e-06,0.0,0.10460566999626053,11.397289370508702,0.5025003434316204,11.6118627220863,5.394327008820142,-1.6658858247043895,-7.687282155016362,-2.189008618884884,-19.71174169031508,-6.959970035832498,-15.112673910514104,-20.838134066668147,-25.746044465293807,-21.84805873229095
3760.0,8.41358463776282e-06,0.0,0.026927935457024432,11.34706830700992,0.2061287185154015,11.762188038266288,5.61832690283876,-1.6053536055885047,-7.110055938486255,-3.753502592793893,-19.835960924981606,-7.090045801673796,-15.240581832339899,-20.959302206364526,-25.858483170900712,-21.970335316995943
3770.0,8.453377342757501e-06,0.0,-0.050566789516778954,11.29675919676771,0.4279547444360219,11.328412437639201,5.155687587194109,-1.8472519904568685,-9.208379177018742,-3.574493787238964,-19.959852136245416,-7.220010250144412,-15.368136163690053,-21.08016117977482,-25.970644077489425,-22.09228914204047
3780.0,8.416326532898499e-06,0.0,-0.12788030192751876,11.246362951741446,-0.29260943991306476,11.32488181751711,5.426980064827092,-1.9715998181039254,-6.66671350399514,-2.3476598451591144,-20.083417303877724,-7.349861454343909,-15.495339196246448,-21.200712743929756,-26.082528762538402,-22.21392177003858
3790.0,8.519384591460904e-06,0.0,-0.2050143613676596,11.195880476687194,-0.22047027696385157,11.442312126524541,4.949562751209442,-1.6850752046130424,-8.081281898564555,-2.3738866047726788,-20.20665838471311,-7.4795975244240935,-15.622193194433748,-21.32095863701656,-26.194138786206594,-22.335234761264502
3800.0,8.40182513089842e-06,0.0,-0.2819706910809714,11.145312669231487,-0.345144264603789,11.34041496000998,4.899819935952792,-1.8434221843012324,-9.68725622266544,-2.1476143328054604,-20.329577313066295,-7.60921660702212,-15.7487003958463,-21.44090057868388,-26.30547569162343,-22.45622967325542
3810.0,8.27857279942157e-06,0.0,-0.3587509789878709,11.094660419943636,-0.13271858174829276,11.29557194452218,4.871790716684359,-1.892460333444376,-8.126547531485983,-3.6032449661806254,-20.452176001137815,-7.738716884702285,-15.87486301166905,-21.56054027033977,-26.41654100517195,-22.576908060433766
3820.0,8.17771733101395e-06,0.0,-0.43535687867620254,11.043924612407523,-0.7125750313755361,11.189767309098727,4.619956015805542,-2.062463317539766,-8.717184413334223,-2.4538377776633524,-20.574456339408613,-7.86809657540681,-16.000683227091827,-21.679879395442782,-26.527336236765223,-22.697271473747946
3830.0,8.147512781064963e-06,0.0,-0.5117900103584248,10.99310612329208,-0.4626354972374429,11.215518969957714,4.921815994838198,-2.090832612635154,-8.05109084628981,-4.737092053093988,-20.69642019702431,-7.997353931914972,-16.126163201717645,-21.79891961978646,-26.637862880115932,-22.8173214603311
3840.0,8.223191649063661e-06,0.0,-0.588051961797305,10.942205822420988,-0.35077458989701427,10.81503260071321,4.727992801307778,-2.2343228635524497,-8.721354098036386,-2.9361603487694765,-20.81806942216923,-8.126487241310656,-16.2513050699647,-21.917662591777486,-26.748122412999862,-22.93705956317706
3850.0,8.36632832724678e-06,0.0,-0.6641442892000669,10.891224572841793,-0.33326537936528666,10.705067526307516,4.823344424481775,-2.032939108363962,-8.26642510126419,-2.2475003788328536,-20.939405842430915,-8.255494824458367,-16.37611094146206,-22.036109942707554,-26.85811629751319,-23.05648732083273
3860.0,8.567555371816856e-06,0.0,-0.7400685180838309,10.84016323089321,-0.4210567329520245,10.96643383048189,4.830186987365835,-2.3418801350622402,-8.695585099814423,-3.758314745432415,-21.06043126515499,-8.384375035486926,-16.50058290143886,-22.154263287019376,-26.9678459803238,-23.175606267106502
3870.0,8.723896707700068e-06,0.0,-0.8158261441117247,10.789022646272656,-0.8654953761371758,11.172025870256846,4.643498609344874,-2.7227192181529176,-8.417972356214989,-5.5753050727650475,-21.18114747779134,-8.51312626128157,-16.62472301110762,-22.27212422256673,-27.077312892916922,-23.29441793079178
3880.0,8.786447509383171e-06,0.0,-0.8914186339022194,10.73780366210218,-0.6006069427323837,10.695981668903187,4.490709710345641,-2.1238959091977563,-9.357381606895103,-4.6025217084889505,-21.301556248231293,-8.641746920983508,-16.74853330804109,-22.389694330868934,-27.18651845183507,-23.412923835405223
3890.0,8.934613849629432e-06,0.0,-0.9668474258117499,10.686507114993617,-0.4608134758166784,10.764013696387167,4.590885306943221,-2.318171526348351,-9.660012888637937,-4.097212183499323,-21.421659325136602,-8.770235465497422,-16.872015806542834,-22.50697517735989,-27.295464058912813,-23.53112549893902
3900.0,9.057701300944905e-06,0.0,-1.0421139306919827,10.635133835112867,-0.5918412648887852,10.824594443290607,4.135340727319601,-2.260664461393958,-9.514274550633957,-4.015292213742555,-21.541458438260236,-8.898590377006371,-16.99517249801181,-22.623968311631813,-27.404151101506187,-23.649024433626778
3910.0,9.091935084393868e-06,0.0,-1.1172195326227552,10.58368464624374,-0.693362201284458,10.831480016561386,4.31710617326479,-2.6369003634461023,-9.005445958005623,-3.1902180651817957,-21.660955298759433,-9.026810168494137,-17.118005351300724,-22.74067526767371,-27.512580952717116,-23.766622145722266
3920.0,8.838979076624437e-06,0.0,-1.192165589621311,10.532160365850189,-1.1387042989188672,10.657539426073981,3.9268784970606134,-2.723646944594691,-9.318971523182142,-2.0610393134305127,-21.780151599501096,-9.154893383274782,-17.240516313068326,-22.85709756410506,-27.620754971612854,-23.88392013529068
3930.0,8.996281049145923e-06,0.0,-1.2669534343292526,10.48056180513845,-1.2475721718182626,10.527622203196415,4.065358976491439,-2.9624699274784803,-8.984898410950336,-4.64290803679495,-21.89904901536005,-9.282838594529608,-17.362707308125778,-22.973236704404428,-27.7286745034408,-24.00091989601188
3940.0,8.88321951565217e-06,0.0,-1.3415843746770975,10.428889769117859,-1.1047381398875586,10.632135671797357,3.8424716005285404,-2.7641669791366326,-9.876808340711364,-3.69952446601809,-22.017649203510103,-9.41064440485087,-17.484580239776932,-23.089094177133546,-27.836340879838644,-24.117622914995138
3950.0,8.965253916913415e-06,0.0,-1.4160596945282578,10.377145056660993,-1.31071462155262,10.545544058064422,3.823354307836439,-3.053505738763306,-9.516282080494761,-4.767283838981257,-22.135953803708418,-9.53830944579255,-17.60613699015272,-23.204671456156717,-27.943755419040087,-24.234030672604888
3960.0,8.947576500601837e-06,0.0,-1.4903806543026121,10.325328460563242,-1.688271186660927,10.304658160178576,3.793089960717623,-3.136297759285867,-9.616997644067453,-4.150436821258836,-22.253964438573263,-9.66583237742799,-17.727379420539876,-23.319970000855818,-28.05091942607612,-24.350144642296954
3970.0,8.995520652410443e-06,0.0,-1.5645484915805241,10.273440767601187,-1.2780444979385948,10.221156607435034,3.5329691505779692,-3.3641958055601435,-9.927666858928944,-4.508511712884683,-22.37168271385542,-9.793211887914083,-17.848309371703692,-23.434991256340936,-28.157834192972246,-24.46596629046519
3980.0,8.918521045790698e-06,0.0,-1.6385644216881587,10.221482758590525,-1.7864178491843177,10.20803472962416,3.7335584323354283,-3.1073825612360224,-10.062737593333111,-4.637455955254836,-22.48911021870333,-9.920446693062047,-17.968928664205237,-23.54973665365688,-28.264500998941543,-24.581497076297637
3990.0,8.825851214905966e-06,0.0,-1.7124296382644388,10.169455208443082,-1.6075763991813687,10.077651693610449,3.735682051447043,-3.654040382190658,-9.929682341805119,-3.9911678312460026,-22.60624852592244,-10.047535535914847,-18.08923909871291,-23.664207609985482,-28.37092111057376,-24.696738451642148
4000.0,8.844234666538216e-06,20.0,-0.7861453138107208,10.117358886222917,-0.7366245317920175,10.265306011671896,3.344148598187928,-3.386316333796799,-11.410925314080146,-4.440640606230772,-21.72309919222863,-10.174477186330762,-18.209242456308516,-23.778405528844104,-28.477095782020598,-24.811691860880927
4010.0,8.76092906083814e-06,20.0,-0.49980355409718413,10.065194555202197,-0.7819821252796828,10.033377371216773,3.445629051335743,-3.5613698895286348,-7.960342769588635,-4.748997323316644,-20.93984292484646,-10.301270440573376,-18.328940498787773,-23.872331800280108,-28.583026255177145,-24.926358740813782
4020.0,8.94418476518606e-06,20.0,-0.22742386705351691,10.012994972915635,-0.5071753026327883,10.187582590314832,3.4669352949052836,-3.4194676623055216,-11.69095131067968,-4.7742649110984985,-20.24444674556827,-10.427714120907524,-18.4473349689556,-23.949965435183515,-28.68371375985987,-25.04020718721614
4030.0,9.028700562304493e-06,20.0,0.031660746372836,9.96077101187359,-0.3991185311795675,9.757971982297363,3.3071555509685595,-3.2185411335610183,-8.579782594997369,-4.624894128190874,-19.62648058429599,-10.553648884444726,-18.563676597538574,-24.014381826738457,-28.776509540245172,-25.15282681216894
4040.0,9.123845490010302e-06,20.0,0.27808265145449695,9.908532709859344,-0.19567180018265162,9.64604473757322,3.0574841912106194,-3.305297598708819,-10.163167245584305,-4.873635577293726,-19.07686645263911,-10.678947761555094,-18.677407441153377,-24.067996432242495,-28.860251353110215,-25.263901120198057
4050.0,9.093861670382814e-06,20.0,0.5124416427902929,9.856289340912952,0.512381737365331,10.259798952400672,3.6112141092547745,-3.705768741257657,-9.654991110240019,-6.214082336893227,-18.587677086142207,-10.803509227316283,-18.788118294886686,-24.112735071497582,-28.934695307479927,-25.373187184906158
4060.0,9.241555112994642e-06,20.0,0.7353068548603119,9.804049479029572,0.1394994833609644,9.925739205961293,2.87345971200142,-3.8455653578671445,-10.84813564263527,-5.372306151840121,-18.151971767593693,-10.92725204640709,-18.895516754646764,-24.15015414110283,-29.000144485960078,-25.480500457198076
4070.0,9.187642842679745e-06,20.0,0.9472185344342847,9.751821055432458,0.4930668909574365,9.996825660454306,2.79782867835047,-3.735425856167467,-8.851893954397383,-5.344399643313864,-17.763660603113806,-11.050111372569518,-18.99940289122202,-24.18152648196363,-29.05720838385247,-25.585703220486323
4080.0,9.115850953604984e-06,20.0,1.1486896876072592,9.699611410170974,0.7750033399723293,10.013884932599467,2.9839560421314673,-3.935577614182762,-9.643611281542178,-6.0000294525005415,-17.417390969653837,-11.172035746413314,-19.09965043713953,-24.20790355061257,-29.10664905926336,-25.68869567103073
4090.0,9.183986904649279e-06,20.0,1.3402076128064095,9.647427338699401,1.1104694656679044,9.664173175808344,2.704232647703634,-4.05466665592968,-9.648915279202015,-3.735034629623385,-17.108451545979506,-11.292984745465844,-19.19619202516151,-24.230161120940323,-29.14928453389524,-25.78940891525366
4100.0,9.1202561299464e-06,20.0,1.5222353298632925,9.59527513401099,1.317820275132192,9.256145571905677,2.6823499884828266,-3.9298589182449746,-11.14824411515724,-5.966526979107584,-16.83269052082852,-11.412927115137563,-19.28900745183384,-24.249033435854813,-29.185929793481563,-25.88779938914672
4110.0,9.053478174299511e-06,20.0,1.6952129141467935,9.54316062482792,1.4722094719771235,9.58392903162553,2.279482827334675,-4.392540851018396,-10.898826381091283,-4.638052503260553,-16.58644540462882,-11.531839260211996,-19.37811423693836,-24.265139171799433,-29.217362302939534,-25.98384435044474
4120.0,8.778727690026988e-06,20.0,1.8595587437906715,9.49108921028727,1.4921400180730302,9.46402301399553,2.9332045669600575,-4.088703149550952,-9.960946962009302,-5.0199002276462465,-16.36648246490023,-11.649704011321944,-19.46355995439916,-24.27900152699968,-29.24430334384172,-26.077538194068268
4130.0,8.565671042046267e-06,20.0,2.015670667202869,9.439065891508449,1.915161342189549,9.560269208874047,2.6861691023487424,-3.2683927225132265,-12.478610180948408,-3.5015668700696096,-16.169944234601928,-11.766509604852558,-19.545415952026673,-24.291064031661506,-29.267409417988688,-26.168889410207697
4140.0,8.536926290106232e-06,20.0,2.163927097299279,9.387095300379428,1.9799485591182133,9.456049615761174,2.4292325781942736,-4.208283778081068,-10.11415720045818,-6.808220521218743,-15.994303857638272,-11.882248831320169,-19.623772176575898,-24.301703194245817,-29.28726992152741,-26.257918052289767
4150.0,8.611984206858408e-06,20.0,2.3046880382498784,9.335181725859343,1.9921260012654898,9.187150061428497,2.35424137930454,-3.8823850301309903,-11.026804831138975,-4.997044049329929,-15.837325270775636,-11.996918318873838,-19.698732890513583,-24.311238767922077,-29.304408601491758,-26.344653615636105
4160.0,8.53888857928686e-06,20.0,2.438296049946757,9.283329138057638,2.37212171930895,9.49833156052307,2.7447410100263596,-4.207325333055792,-9.869287018125078,-5.321539917673533,-15.697028399753037,-12.110517926747491,-19.77041311680324,-24.319942195311455,-29.319287176835132,-26.429133251416033
4170.0,8.668475757473162e-06,20.0,2.5650771548934017,9.231541210320472,2.21458679403014,9.45835555436264,2.2674759975061534,-4.222421529752808,-10.49136708216713,-5.231128151490168,-15.571658685445755,-12.223050229326759,-19.838935684128018,-24.328043634007628,-29.33231008372644,-26.511400257571694
4180.0,8.656852853160967e-06,20.0,2.685341691763199,9.179821339525631,2.532091276270478,9.573164842394988,2.4355305935530964,-4.072166613415845,-11.082583111480915,-6.436014997807035,-15.45966036464705,-12.334520075717137,-19.90442877149158,-24.335737857459407,-29.34382968707635,-26.591502800821786
4190.0,8.752382908984742e-06,20.0,2.7993851194756303,9.128172664766282,2.788452590078009,9.500327939586214,2.0503052488396634,-4.327427127492797,-12.309241005781416,-6.002289469164339,-15.359653017073981,-12.444934212799012,-19.96702387093265,-24.34318925034907,-29.354151551923394,-26.669492833041346
4200.0,8.852039960042686e-06,20.0,2.9074887752844347,9.07659808457953,2.6376423732113494,9.282211475533586,2.0663021101573236,-4.251391728162787,-11.858995322086344,-5.587286471347852,-15.270410960996855,-12.55430096206834,-20.02685410211953,-24.35053606430961,-29.363539532951393,-26.745425172225822
4210.0,8.552926362952613e-06,20.0,3.0099205900556854,9.025100272861039,2.8051538738241106,8.776414770297436,2.279547457937781,-4.1946289625851705,-10.28505948339307,-4.213796105430163,-15.19084513827272,-12.66262994232028,-20.08405282420304,-24.35789406173319,-29.37222054716011,-26.8193567235366
4220.0,8.45803471087013e-06,20.0,3.1069357636350787,8.973681693588844,3.297766808310996,9.237416641711945,1.9256304221751748,-4.156167301317737,-11.897376081374773,-6.6212478952580796,-15.119987178295958,-12.769931831589588,-20.13875249943257,-24.36535964782462,-29.38038896305582,-26.891345820044734
4230.0,8.39717573854616e-06,20.0,3.1987774029533966,8.922344614466454,2.9426919208052595,8.788213314550433,2.1527996619993814,-4.467565365574615,-10.476901494110791,-6.428638226436419,-15.056975371476767,-12.876218162831606,-20.19108377032768,-24.373012570746823,-29.388210582691414,-26.961451666053136
4240.0,8.215115408491308e-06,20.0,3.2856771252944554,8.871091119582843,3.1973747992469157,8.565700358610684,1.8303469905170004,-4.7213284360475996,-8.879472112258725,-5.00809628160124,-15.001042317811937,-12.981501148681104,-20.241174718106095,-24.380918254514796,-29.395826219162444,-27.029733868504508
4250.0,8.225690787618456e-06,20.0,3.367855628951645,8.819923121176885,3.485901583652776,8.727596865194414,1.8893092257072226,-4.438984702062555,-10.639132863019313,-4.707894473934573,-14.951504046051923,-13.085793531321315,-20.28915027492016,-24.38912981773018,-29.40335488754849,-27.096252044127738
4260.0,8.298939997896437e-06,20.0,3.4455232333189088,8.76884237058323,3.3758501747657306,8.514675497400162,1.5257912123136634,-4.534220288765198,-10.845293248211647,-7.170855784229843,-14.907750424752123,-13.189108454065831,-20.335131766484636,-24.39768982228742,-29.41089663563335,-27.161065491750236
4270.0,8.540107665454278e-06,20.0,3.5188803903016606,8.717850468429447,3.701694232491775,8.914955642237771,1.6700405342742783,-4.582339790567346,-11.92524831678628,-6.023189475809659,-14.86923670880526,-13.291459351732499,-20.379236565059273,-24.406631789115494,-29.418535044594876,-27.22423292068757
4280.0,8.565882919468553e-06,20.0,3.5881181687872186,8.66694887414701,3.225944405283201,8.810334020003381,1.5630569019232325,-4.951201878409336,-11.867573273649498,-6.573906459065654,-14.835476084420975,-13.392859857288613,-20.421577835606627,-24.415981512355472,-29.426339430911298,-27.285812227374237
4290.0,8.754651685202572e-06,20.0,3.653418713784504,8.616138914851263,3.657256022648312,8.425458494053146,1.6304310206064656,-4.908399328537371,-9.957591195935152,-6.690669036101838,-14.806033092382052,-13.49332372258607,-20.462264360377162,-24.425758198762367,-29.434366780094564,-27.34586031346427
4300.0,8.745288066328654e-06,20.0,3.7149556817230973,8.565421793640667,3.8787088408425916,8.384268888463282,1.1935507295272032,-4.744543239906363,-10.0342730854681,-7.797746332259976,-14.780517824120636,-13.592864751295906,-20.501400429252385,-24.435975455317504,-29.44266344124904,-27.40443293954104
4310.0,8.462072506517598e-06,20.0,3.772894653295566,8.514798597361619,3.587055796436971,8.701288560234957,1.6534083861184854,-4.748956158691499,-11.515762698853678,-5.182968025304888,-14.758580798018727,-13.691496742399977,-20.539085784960463,-24.446642144862608,-29.451266609333345,-27.461584609359164
4320.0,8.275098336548056e-06,20.0,3.827393525129253,8.464270303877925,3.6596257958863134,8.578357139687853,1.4442075391896196,-4.7864286162105145,-11.100931082758791,-8.883277768189942,-14.739908434592621,-13.789233442812758,-20.575415613815892,-24.457763126891678,-29.460205619666425,-27.517368480216362
4330.0,8.209273495314671e-06,20.0,3.878602881484426,8.413837788883313,3.884540865658437,8.29323972572405,1.3077890661845117,-4.622904597617833,-11.508345111072629,-6.282182256790065,-14.724219059082259,-13.886088507892168,-20.610480573959222,-24.46933989836279,-29.469503076848554,-27.571836295638178
4340.0,8.11300023878621e-06,20.0,3.926666347095818,8.363501832290183,3.8056477567876072,8.561263086378915,1.2696300860476413,-4.857089592051295,-10.971425677377624,-5.795346875429175,-14.71125936861148,-13.98207546875932,-20.6443668542189,-24.481371147447277,-29.479175837973628,-27.625038337065263
4350.0,7.908006110928462e-06,20.0,3.971720922199438,8.31326312422442,4.128685189507053,8.32158621343018,1.2661854115006008,-4.527553144091712,-12.596617427811566,-7.276324641933229,-14.700801308672112,-14.07720770548724,-20.67715625770728,-24.49385323146052,-29.489235867850567,-27.677023391673174
4360.0,7.879151241340891e-06,20.0,4.013897300720032,8.26312227065472,3.786930441972686,8.685538520129114,0.9531870836322582,-4.905067184713744,-11.049343537550612,-7.825578008050172,-14.692639310342713,-14.171498425341099,-20.708926305120514,-24.50678058877395,-29.49969098196115,-27.727838733837842
4370.0,7.839583170165265e-06,20.0,4.053320172531642,8.213079798681463,4.051027408981213,8.22179056157313,1.0499135497924499,-4.926535531943898,-12.796509228269315,-6.357999722714851,-14.686587845500071,-14.264960645357974,-20.739750353454127,-24.52014609325599,-29.51054549106931,-27.77753011809304
4380.0,8.01507647732999e-06,20.0,4.090108510646246,8.163136161508078,4.032245784453892,8.283324873522474,1.1517731676502763,-5.101021131403172,-9.60737707872056,-6.533050130455649,-14.682479262418497,-14.357607178647868,-20.76969772648812,-24.533941358701213,-29.521800759763153,-27.82614178171636
4390.0,8.1782621672389e-06,20.0,4.124375844133738,8.11329174311652,3.920283013527012,8.551892311801964,1.1134783892151745,-4.762825103331068,-11.103294189509313,-7.039317185058621,-14.680161868664868,-14.449450623877567,-20.798833853951493,-24.54815699976092,-29.533455689748166,-27.87371645533318
4400.0,8.298315333086288e-06,20.0,4.156230517527263,8.063546862665987,4.1306979485596,7.744972760723215,0.6808021494117611,-4.936688978800362,-11.05434697740776,-6.902412611018292,-14.679498232163496,-14.54050335747013,-20.827220416756177,-24.562782855061755,-29.545507137406815,-27.920295380148417
4410.0,8.420212412065654e-06,20.0,4.185775937422363,8.013901778632317,3.7456655869152087,8.117310319618412,0.4870015459034107,-4.773488143229542,-11.48545745791381,-6.480878035908745,-14.680363674791863,-14.630777528114663,-20.854915496106173,-24.577808177479056,-29.557950273983295,-27.96591833060714
4420.0,8.333824116006678e-06,20.0,4.213110806937891,7.964356692705962,4.422668884940492,8.247243249284566,0.9142221642155732,-4.977083390337555,-10.837443538996297,-7.661675343495233,-14.682644935933297,-14.720285053234079,-20.881973724645007,-24.593221795901627,-29.570778895729347,-28.01062364145318
4430.0,8.41937968190875e-06,20.0,4.238329348667094,7.914911753461922,4.525293457496957,8.203425803264281,0.5990587184786023,-4.904497986486604,-12.73641639450733,-6.436320788478156,-14.686238986108037,-14.8090376171059,-20.908446438114566,-24.60901225227451,-29.583985690443114,-28.05444823829913
4440.0,8.464440023195004e-06,20.0,4.261521516711468,7.865567059817408,3.847883705957429,7.707452269905559,0.6363592586898221,-5.06241984313823,-12.678419263692604,-6.67329703858627,-14.691051973173956,-14.897046670372276,-20.934381826263433,-24.6251679172251,-29.597562466037346,-28.097427670948605
4450.0,8.489587384089055e-06,20.0,4.282773198355983,7.8163226642889185,4.2073636372650185,7.739256188896718,0.8512700331298788,-4.6965098213804595,-11.977885146123583,-7.7276465875509075,-14.696998285673203,-14.984323430710958,-20.9598250819717,-24.641677087157063,-29.611500346072148,-28.13959614882117
4460.0,8.538708150630255e-06,20.0,4.3021664059145905,7.7671785760615535,4.196991164612882,7.813240683649042,0.7385263042291967,-5.434693942810384,-10.201135875720865,-7.095645265546636,-14.703999719734725,-15.070878884469778,-20.984818547755168,-24.65852806532814,-29.62578993657158,-28.180986577926177
4470.0,8.497558836174037e-06,20.0,4.319779459243307,7.718134763881892,4.271223177190393,7.7844118508258475,0.1939396685204997,-4.778965212178832,-11.502978643381084,-6.777815062541947,-14.711984737555383,-15.156723789095224,-21.009401858979572,-24.67570922910585,-29.640421467901973,-28.22163059891463
4480.0,8.592713813231442e-06,20.0,4.335687159393217,7.669191158784031,4.1034843770660245,7.837526431213689,0.4367448050089706,-4.933637341771259,-13.696166666881766,-7.372051321861477,-14.72088780690234,-15.241868676208412,-21.033612083258674,-24.693209085313384,-29.655384915014594,-28.261558625810608
4490.0,8.532431747653046e-06,20.0,4.349960953848324,7.620347656659817,4.411067092813028,7.787847130981561,0.29934139669325077,-5.270382644824849,-11.704024908550196,-8.221390712279856,-14.7306488123279,-15.32632385520293,-21.05748385563217,-24.71101631533125,-29.6706700989387,-28.300799885085638
4500.0,8.616630117198259e-06,20.0,4.362669093770705,7.571604120681229,4.265994899030488,7.0635469805129105,0.31698777871736183,-5.360539385703021,-13.248856506495201,-8.6136214902902,-14.741212529887491,-15.410099417256845,-21.08104950922271,-24.729119811404416,-29.686266772045087,-28.339382454794247
4510.0,8.627570964381556e-06,20.0,4.373876783651667,7.522960383583836,4.619180682582282,7.658787822832835,0.2222207878584186,-5.086466987363224,-12.100707692602157,-8.121899813990524,-14.752528158118366,-15.493205239666736,-21.10433920115898,-24.74750870541658,-29.70216468928004,-28.37733330353487
4520.0,8.512134697558257e-06,20.0,4.383646323747314,7.474416249819512,4.015164278308134,7.469472315451867,0.32717670614925964,-5.22173177572364,-12.08145041094599,-8.423811692136837,-14.764548898889586,-15.575650990425231,-21.127381033625596,-24.766172391227855,-29.718353667288596,-28.414678329041465
4530.0,8.572959316726754e-06,20.0,4.392037245656638,7.425971497585522,4.112706538068437,7.654068415861104,0.04763403771698904,-5.377602374086166,-13.155977276077465,-8.02989896714405,-14.777231582481932,-15.657446132974883,-21.150201169962287,-24.785100541528408,-29.734823633100206,-28.45144239624534
4540.0,8.670490562574552e-06,20.0,4.399106441381889,7.3776258807369,4.4884479474762315,7.646052474555859,0.30547592508241905,-5.4725132379559795,-12.04354476653225,-8.358795583157985,-14.790536331918474,-15.73859993108232,-21.172823945786092,-24.804283120034114,-29.751564663834785,-28.487649374677204
4550.0,8.803548052978456e-06,20.0,4.404908286192665,7.3293791305892455,4.153798983064291,7.580712021403656,0.33305839147993765,-4.910480988007919,-12.145872093166588,-6.916045844986172,-14.80442626214733,-15.819121453784419,-21.195271975153673,-24.823710389741024,-29.768567018698178,-28.52332217510471
4560.0,9.031713236632341e-06,20.0,4.40949475559961,7.281230957616913,4.276163594262755,7.04666782365581,-0.26767223063779966,-5.158455922450969,-13.642643144504518,-8.050134020537882,-14.818867210189808,-15.899019580366485,-21.21756625181476,-24.843372917858886,-29.78582116437161,-28.558482785323406
4570.0,9.075444555336237e-06,20.0,4.412915536727041,7.233181053054011,4.4420164798464725,7.390566917955823,0.1070836443547023,-5.069791349706804,-12.735004567894975,-8.403935996637017,-14.833827492820262,-15.978303005339058,-21.2397262456372,-24.863261577960145,-29.803317794755344,-28.59315230503728
4580.0,8.998178610809154e-06,20.0,4.41521813435952,7.185229090401947,4.575114439604704,7.437458120911174,0.10759221183019463,-5.1134098174271685,-12.9838218498262,-6.10852509465667,-14.849277688739903,-16.05698024338534,-21.26176999430612,-24.883367549808042,-29.82104784590055,-28.62735097978168
4590.0,9.150502472980381e-06,20.0,4.416447971922537,7.137374726849885,4.559149234557424,7.565736714433456,-0.35883853736351057,-5.479524691389372,-12.564083935433473,-7.102764228591639,-14.865190442558799,-16.135059634256493,-21.283714190418237,-24.903682317263474,-29.83900250685332,-28.661098233854972
4600.0,9.045488399020166e-06,20.0,4.416648487646057,7.089617604612442,4.565373325990947,7.435580430251832,0.06707509559231539,-5.342398138751207,-12.83956860889333,-8.719278410302593,-14.881540288208669,-16.212549347595996,-21.305574264105957,-24.92419766461461,-29.857173227038572,-28.694412702236463
4610.0,9.170450289549832e-06,20.0,4.4158612261454095,7.041957352189115,4.5705388689133315,7.105862957871636,-0.19959747797668115,-5.828813943926491,-12.945385863958904,-6.008885345459134,-14.898303489681837,-16.289457387678112,-21.327364461336657,-24.944905671625293,-29.875551720727174,-28.72731226147866
4620.0,9.042404732449585e-06,20.0,4.414125925642566,6.994393585549631,4.452347775380588,7.26744634590716,-0.41065655368845455,-5.411208734241541,-10.959387057843742,-7.95537874660414,-14.915457897232443,-16.36579159804853,-21.349097918039575,-24.965798707555564,-29.894129969056536,-28.75981405956952
4630.0,9.329245038016262e-06,20.0,4.411480601040978,6.946925909249785,4.079543475322566,7.23009060043762,-0.23750297257038255,-5.318263103763911,-11.478702686282816,-8.748308096802134,-14.932982817387654,-16.4415596660578,-21.370786730218327,-24.98686942437149,-29.912900220010926,-28.791934544767457
4640.0,9.352144677262196e-06,20.0,4.407961623054064,6.899553917481114,4.0395623552008715,7.091478003783209,-0.18620338948755943,-5.369412403625063,-10.884543523028867,-7.69450962769389,-14.95085889530435,-16.51676912728084,-21.392442020209643,-25.008110749329717,-29.9318549867117,-28.82368949341756
4650.0,9.366953619242023e-06,20.0,4.403603793580203,6.852277195057923,4.23191343738813,6.780963827494702,-0.051010076233581,-5.234378562304357,-12.203375315366145,-8.062811558948965,-14.969068008171519,-16.59142736981687,-21.41407399925029,-25.029515877093985,-29.950987044319135,-28.85509403676201
4660.0,9.276492181742647e-06,20.0,4.398440417505412,6.805095318345366,4.638803798887864,7.009166280211218,0.05772759657509141,-5.7218180439878665,-12.365832683528481,-7.923764013913512,-14.987593168505043,-16.66554163846706,-21.43569202651355,-25.05107826151749,-29.970289425805134,-28.886162686761764
4670.0,9.341141135515224e-06,20.0,4.39250337110667,6.75800785613211,4.356419278833755,6.654260673645808,-0.19603766388286203,-5.426443178336569,-12.926621140238069,-6.8458770658361345,-15.006418436310184,-16.73911903878701,-21.457304664776018,-25.072791607204095,-29.989755416819406,-28.916909360949262
4680.0,9.458161006434884e-06,20.0,4.385823167220678,6.711014370449504,4.4209202501438085,6.797637055696953,-0.3029625988958742,-5.767538977913091,-12.002805282124541,-10.399531134976314,-15.025528839201229,-16.812166541013823,-21.478919732872043,-25.09464986094295,-30.009378549839283,-28.947347406334615
4690.0,9.545806570985178e-06,20.0,4.3784290173339855,6.664114417341295,4.075509532861815,7.035360222555369,-0.5209120741371862,-5.6620732249293155,-12.68303263286333,-8.580735455637921,-15.044910299668345,-16.884690983867415,-21.500544355090852,-25.116647203096363,-30.029152597765716,-28.97748962238944
4700.0,9.687659705499983e-06,20.0,4.370348890743344,6.617307547585995,3.883262731400407,6.943121850373814,-0.42806329085493644,-5.885700854205936,-13.153049785523365,-6.661577269288273,-15.064549568770815,-16.95669907822679,-21.522185007667133,-25.138778039006667,-30.04907156710391,-29.007348283134036
4710.0,9.593109017505709e-06,20.0,4.361609570927101,6.570593307374963,4.14246840387608,6.868337495316609,-0.468410378704732,-5.856455276769623,-11.883531935548604,-9.408724852674993,-15.084434165614482,-17.028197410683106,-21.543847562511672,-25.16103699047659,-30.069129690845784,-29.036935158354424
4720.0,9.70319115734797e-06,20.0,4.352236709262456,6.523971238947581,4.577051980276792,6.700514487449595,-0.5039216430197371,-5.34122466315597,-12.122874820161314,-9.609579736337253,-15.104552322041684,-17.09919244697113,-21.565537328324154,-25.18341888736788,-30.089321421153358,-29.06626153397667
4730.0,9.7481385486312e-06,20.0,4.342254876216089,6.477440881187363,4.772978032775143,6.34449240244885,-0.6883660361481816,-5.6347850955395415,-12.198858545058613,-9.454477589935038,-15.124892932022817,-17.169690535281973,-21.5872590892252,-25.205918759353807,-30.10964142192657,-29.095338231626044
4740.0,9.860324334254248e-06,20.0,4.331687610129393,6.431001770179876,4.81014436217589,6.540093580528321,-0.8364001780343528,-6.052499568631049,-11.90936191241758,-7.4125033835779846,-15.145445505293765,-17.239697909459125,-21.609017141039743,-25.228531827854738,-30.130084561325276,-29.124175627398955
4750.0,9.907841108903786e-06,20.0,4.320557463714579,6.3846534397349615,4.335423947965523,6.336527418770231,-0.9132322681874143,-5.600412628484037,-11.275945213675357,-10.106058884874471,-15.166200124832528,-17.309220692081738,-21.630815325358412,-25.251253498178755,-30.150645904303644,-29.15278366987536
4760.0,1.0066825006721854e-05,20.0,4.308886048370482,6.338395421875759,4.439911493216528,6.687906147256342,-1.0021445622849683,-6.0652064241972425,-12.36106269590465,-8.101238004018626,-15.187147407810585,-17.37826489743759,-21.652657061498928,-25.27407935188498,-30.171320705204465,-29.181171897399253
4770.0,1.024646108901455e-05,20.0,4.2966940764239325,6.292227247295443,4.454951762755229,6.313146974492042,-0.9776251298308694,-5.570744329787544,-13.19917562231251,-7.018995449037618,-15.20827846969297,-17.44683643438944,-21.674545376483508,-25.297005139381753,-30.19210440045319,-29.209349454654387
4780.0,1.0218022624053899e-05,20.0,4.284001401394619,6.246148445784058,4.61995856307675,6.451255574238189,-0.8381017121729428,-5.945351494725173,-12.597757589418109,-8.262340373561756,-15.229584891195373,-17.514941109138164,-21.696482933143727,-25.320026772768983,-30.21299260138298,-29.237325108562146
4790.0,1.0225738273675671e-05,20.0,4.270827056379517,6.200158546627051,4.170673830069973,6.236218726323102,-0.8330637202604407,-6.29197241028487,-11.821066071213238,-9.713326060605993,-15.251058687836178,-17.582584627886092,-21.71847205645875,-25.3431403189297,-30.23398108721645,-29.26510726352751
4800.0,1.0110405033355096e-05,20.0,4.257189290645499,6.154257078976741,3.93906851384628,5.864531337049073,-1.1576763506300267,-6.032809322950413,-10.348366552721075,-9.302190176957879,-15.272692281848663,-17.6497725994042,-21.7405147582281,-25.366341992874226,-30.255065798223768,-29.292703976058988
4810.0,1.0128180043981899e-05,20.0,4.243105604517268,6.10844357219861,4.343260949069247,6.203576368096208,-0.939620394361043,-6.1548700770441656,-10.87309857739507,-7.011580573368406,-15.294478476241636,-17.716510537506423,-21.762612760174903,-25.38962815133732,-30.2762428290724,-29.320122968787132
4820.0,9.95991417456963e-06,20.0,4.228592782640419,6.062717556193661,4.04453019793965,6.0755429525138425,-1.1543270492985016,-5.839451459065458,-13.074709434395345,-6.695952039039241,-15.316410430818962,-17.782803863434907,-21.784767515571048,-25.41299528662705,-30.297508422379906,-29.347371643906285
4830.0,1.007896903400399e-05,20.0,4.213666925698533,6.017078561698099,4.277583126076024,6.291131689936719,-0.7772758283944086,-6.078294686251866,-13.185077841646944,-8.824863197806678,-15.338481639986924,-17.848657908159225,-21.806980229470867,-25.43644002072267,-30.318858962477435,-29.374457096062457
4840.0,1.0165132646453785e-05,20.0,4.198343480657343,5.971526120561748,4.24819046396334,5.72465181415015,-1.1958114508827862,-6.005188001080398,-12.466963270350902,-6.972232558829717,-15.36068591219481,-17.914077914593264,-21.829251877635556,-25.459959099617635,-30.340290969389088,-29.401386124710598
4850.0,1.0026533852213885e-05,20.0,4.182637269606175,5.926059766006404,4.306399786749239,6.292277194421217,-0.6175069715082486,-6.096188952326486,-11.922320296539226,-8.416556197242812,-15.38301735086975,-17.97906903973285,-21.851583224226232,-25.483549387902514,-30.36180109302998,-29.428165245962845
4860.0,1.0046082025369214e-05,20.0,4.166562517263799,5.880679032864805,4.1700251296869055,6.036139434699237,-1.614561583153602,-5.903839523407214,-12.310040127146067,-9.250109603005512,-15.405470336720327,-18.043636356717542,-21.873974838339365,-25.507207863582096,-30.383386107623494,-29.454800703949104
4870.0,1.025076824494117e-05,20.0,4.150132877211888,5.835383457802436,4.038942849087505,5.822904799387516,-0.7458875099490001,-6.231637605727087,-13.008818858661584,-9.21575756903934,-15.428039511294912,-18.107784856819393,-21.896427109454123,-25.530931613120202,-30.40504290633683,-29.48129848171027
4880.0,1.0334841693154125e-05,20.0,4.133361456916873,5.790172579521709,4.1992628759447825,5.599655960698556,-1.2864932131369073,-6.211696124100058,-12.558428382508396,-8.683768134010904,-15.450719761691914,-18.171519451362002,-21.918940261857898,-25.554717826705456,-30.42676849613281,-29.50766431164368
4890.0,1.0376662268742923e-05,20.0,4.116260841597352,5.745045938950568,3.7859234105137602,6.025715191169752,-1.1651876506749659,-5.838346638216478,-12.059531836483472,-8.048953574892096,-15.47350620632858,-18.23484497357265,-21.941514368111996,-25.57856379373061,-30.448559992834134,-29.53390368551993
4900.0,1.0423316799887936e-05,20.0,4.098843116992384,5.700003079416092,4.393457854831581,5.87220755516455,-1.270711938538966,-5.685821731861267,-11.63723568263697,-8.616984794984944,-15.496394181683627,-18.297766180370274,-21.964149361616336,-25.602466898478127,-30.470414616396198,-29.560021864088895
4910.0,1.0295686358234103e-05,20.0,4.08111989108221,5.655043546803938,3.849314055094794,5.781214971926545,-1.2572425283323696,-6.288216491092328,-12.407853218356138,-7.642345730125271,-15.519379229936987,-18.360287754092155,-21.986845048328746,-25.62642461600427,-30.49232968638333,-29.58602388629248
4920.0,1.0365226605689133e-05,20.0,4.063102314811772,5.610166889704374,3.8612245711266837,5.655368115752083,-1.4823531108220322,-6.2680427523335425,-12.98503573910591,-9.74865522218471,-15.542457087436162,-18.42241430416172,-22.00960111769095,-25.65043450821443,-30.51430261764284,-29.61191457810085
4930.0,1.0239713068491794e-05,20.0,4.044801101863072,5.565372659545687,4.046045268287912,5.520629465157185,-1.9420624272340774,-5.805046420835197,-11.505256106521927,-9.687143630516573,-15.56562367392587,-18.4841503687002,-22.032417152810865,-25.67449422012146,-30.53633091617118,-29.637698560988156
4940.0,1.0241594973465854e-05,20.0,4.026226547523038,5.5206604107160615,3.8191054723006346,5.927059335364561,-1.0113322144111976,-6.209467144317955,-11.593122748779535,-9.175188387601509,-15.58887508248273,-18.54550041608445,-22.05529263994734,-25.698601476280203,-30.558412175165756,-29.66338026006298
4950.0,1.0107922429578262e-05,20.0,4.007388546687764,5.476029700674303,3.952652549940865,5.569546329505556,-1.516125615840906,-6.309728326734557,-12.730702869671177,-9.470787595624927,-15.612207570101873,-18.606468846453055,-22.07822697734119,-25.72275407739008,-30.580544071256128,-29.688963911868342
4960.0,1.011314827862801e-05,20.0,3.988296611045598,5.431480090049888,3.804207965379078,5.355085247885029,-1.7163722682015532,-6.095652739407058,-14.7676227355945,-8.27555699638134,-15.635617548887012,-18.66705999316332,-22.10121948343391,-25.74694989705884,-30.6027243609081,-29.71445357186525
4970.0,1.0251783218354293e-05,20.0,3.9689598854768064,5.387011142733229,3.9369452239892553,4.933270126154241,-1.565774370239808,-6.329296908992376,-13.695269270880999,-9.983410891783137,-15.659101577799674,-18.72727812420092,-22.12426940451246,-25.77118687872013,-30.62495087699378,-29.739853121613322
4980.0,1.0404802738240628e-05,20.0,3.949387163706774,5.342622425957018,4.111169102774568,5.224474673738996,-1.8469106172041734,-6.407133444425597,-12.920846018235068,-9.010847956163332,-15.682656354926792,-18.787127443544335,-22.147375921816888,-25.79546303269808,-30.64722152552139,-29.765166275661244
4990.0,1.0351271066983863e-05,20.0,3.9295869032484347,5.29831351036853,4.061044878560267,5.751988710128273,-1.3979948783542113,-6.376642867975818,-12.913280929556436,-9.90238694693329,-15.706278710229697,-18.846612092486055,-22.170538158144865,-25.819776433411903,-30.66953428251813,-29.790396588159666
5000.0,1.0469335158229077e-05,20.0,3.909567239667126,5.254083970093973,3.813611184769343,5.329652871107328,-1.5843895776127965,-6.492702055982136,-14.125360308156132,-9.261220504070081,-15.729965598739852,-18.90573615091239,-22.193755183985417,-25.844125216714303,-30.691887191059436,-29.81554745920795
5010.0,1.046323476104354e-05,20.0,3.889336000199364,5.209933382795157,4.0192268183428155,5.169618289414643,-1.3838326618229644,-6.593044454868334,-11.063641863636917,-11.370129706012222,-15.753714094170391,-18.96450363854356,-22.217026023212213,-25.868507577356922,-30.714278358438747,-29.84062214094635
5020.0,1.0506711767499229e-05,20.0,3.868900716756457,5.165861329718894,3.9941536578811565,5.073036128720901,-1.5763234117171692,-6.187154424093649,-15.015311419761417,-9.157866004634627,-15.777521382914415,-19.022918516135803,-22.24034965836475,-25.892921766577274,-30.736705953471017,-29.8656237434042
5030.0,1.0257384685466221e-05,20.0,3.8482686383413807,5.121867395740082,3.685615007457443,5.513868756661623,-1.8106051376378787,-6.703226121096748,-13.019263706672007,-7.6306439174856,-15.801384758403003,-19.08098468664707,-22.263725035544155,-25.91736608980085,-30.75916820392439,-29.890555240114566
5040.0,1.0074216460745618e-05,20.0,3.827446742906659,5.077951169397863,3.6479654957320236,5.443488094603936,-1.3555997033636231,-6.514551372735696,-14.0832349235165,-7.640470391575093,-15.825301615799049,-19.13870599636789,-22.287151068948702,-25.94183890445305,-30.781663394073973,-29.915419473505125
5050.0,1.0233660699920537e-05,20.0,3.806441748679106,5.034112242926369,3.9733025838600042,4.937565482163848,-1.7696859633011854,-6.551374679687797,-12.53620985230259,-8.322902620574439,-15.849269447003849,-19.19608623601883,-22.31062664507266,-25.966338617875437,-30.804189862372027,-29.940219160074577
5060.0,1.0321602404034277e-05,20.0,3.7852601249770146,4.990350212279907,3.6011367463783586,5.331466946086664,-1.7298455631053002,-6.407349071393412,-11.423421740518677,-10.922903301514339,-15.873285835955528,-19.25312914181586,-22.334150626590457,-25.990863685341225,-30.826745999229075,-29.964956895363883
5070.0,1.0318019846163631e-05,20.0,3.763908102542814,4.9466646771526825,3.6892395078104414,4.698794579437617,-1.755577275305427,-6.067932004782676,-14.752964078645505,-9.88085375199529,-15.897348454200369,-19.309838396505114,-22.357721855946977,-26.015412608165065,-30.849330244900727,-29.98963515873058
5080.0,1.0382074139671109e-05,20.0,3.7423916834139277,4.903055240994036,3.798890564546241,4.946016364600894,-2.117068539096863,-6.549188046104064,-13.692596093986253,-12.075578265774084,-15.921455056718628,-19.366217630368027,-22.38133915867334,-26.039983931902356,-30.87194108747508,-30.014256317934638
5090.0,1.0501533361722482e-05,20.0,3.7207166503537223,4.859521511019182,3.944528778638869,4.935325984840347,-1.8435782950284647,-6.4064043372112565,-12.734460023239762,-9.018557959919406,-15.945603477988698,-19.422270422198437,-22.40500134644651,-26.0645762446336,-30.894577060955783,-30.038822633543532
5100.0,1.0471785141635097e-05,20.0,3.6988885758627816,4.816063098215466,3.9936631468621613,4.945578658154773,-1.8826159598149275,-6.900822632322388,-12.694832877477666,-10.791287091409174,-15.969791628273867,-19.478000300252347,-22.428707219909768,-26.089188175329696,-30.917236743436206,-30.06333626316419
5110.0,1.0407956868982248e-05,20.0,3.676912830789945,4.7726796173448065,3.546449846141172,4.6246777683390405,-1.5283734378343183,-6.406104465957355,-11.084431457321898,-11.218823697863684,-15.994017490117983,-19.53341074317177,-22.452455571270093,-26.11381839229378,-30.939918755360054,-30.08779926550889
5120.0,1.0415082243973338e-05,20.0,3.654794592562041,4.729370686942957,3.4289312950666613,4.6553641521690565,-2.1687257703872547,-6.450036184815076,-13.42405970893634,-8.963987802796055,-16.018279115035966,-19.588505180883573,-22.476245186687407,-26.138465601676103,-30.96262175786424,-30.112213604301985
5130.0,1.047549433293219e-05,20.0,3.6325388530493115,4.68613592931473,4.126322983705165,4.455267403663015,-1.764900625989469,-6.494263815489376,-14.02426043393774,-9.061516289762608,-16.04257462038794,-19.643286995474284,-22.500074848469836,-26.163128546057862,-30.98534445119998,-30.136581152033955
5140.0,1.0509108829234812e-05,20.0,3.610150426084317,4.642974970526325,3.5979220584135305,4.54309663979069,-2.1920931987241374,-6.339206318885317,-13.073270469654233,-9.322648193268321,-16.0669021864245,-19.697759522041764,-22.523943337088213,-26.18780600310083,-31.0080855732281,-30.160903693569168
5150.0,1.0430018891068057e-05,20.0,3.587633954649732,4.599887440395207,3.465133378858127,4.881082180319083,-2.349590539763028,-6.857845432706256,-13.063017317199694,-10.029382257413602,-16.091260053493386,-19.75192604952477,-22.547849433021952,-26.212496784259258,-31.03084389798485,-30.185182929613262
5160.0,1.0412109562566442e-05,20.0,3.564993917750428,4.556872972476242,3.6778239041808547,4.760131471235525,-1.96403448456482,-6.997614021183608,-13.404310619005514,-8.981818744950886,-16.115646519396876,-19.805789821511098,-22.5717919184481,-26.23719973355088,-31.053618234314797,-30.20942048004588
5170.0,1.050157428132383e-05,20.0,3.542234636984631,4.513931204046514,3.3015179332746243,4.648804653732213,-2.5377791332821857,-6.816732944934074,-11.24551824466397,-11.160153112525961,-16.14005993689136,-19.85935403702527,-22.595769578784314,-26.26191372638411,-31.076407424567208,-30.23361788712421
5180.0,1.0418141976774671e-05,20.0,3.5193602828276767,4.4710617760869695,3.706203963588166,4.2269696115899364,-2.2997451940723295,-6.73251389594293,-13.800719380809198,-10.483763140339533,-16.164498711319936,-19.91262185129642,-22.619781204095773,-26.28663766843846,-31.099210343352837,-30.257776618562644
5190.0,1.0492560547806174e-05,20.0,3.496374880642179,4.4282643332625184,3.6148979733283113,4.54598736134318,-2.271969321306017,-6.803487078274031,-13.313332590806283,-9.82537617030755,-16.188961298370543,-19.965596376507136,-22.643825590375656,-26.31137049459568,-31.12202589635814,-30.281898070493412
5200.0,1.0442867345294376e-05,20.0,3.473282316426321,4.385538523899527,3.47115238566721,4.251798060299848,-2.2419901328449896,-7.065411080642889,-14.326830410599143,-10.059767000063005,-16.2134462019514,-20.018280682524022,-22.667901540707987,-26.336111167918773,-31.144853019213855,-30.30598357031323
5210.0,1.0464141322880143e-05,20.0,3.4500863423132273,4.342883999962339,3.641208992240877,4.320802257356036,-2.1841172891845986,-6.818776879659936,-12.791211433558885,-11.179187782242934,-16.23795197217777,-20.0706777976105,-22.69200786632115,-26.360858678676664,-31.167690676415305,-30.33003437942037
5220.0,1.0479077671107262e-05,20.0,3.4267905818320514,4.300300417027415,3.534324839094438,4.36577228295522,-2.713660514711137,-6.922577288393143,-11.046672267039469,-10.748540719079983,-16.26247720346248,-20.122790709122768,-22.71614338753983,-26.385612043412152,-31.1905378602917,-30.354051695846408
5230.0,1.040626996132173e-05,20.0,3.4033985349420277,4.257787434256443,3.5129271938492366,4.384192569540062,-2.08835526710277,-7.2320004523891726,-12.551057450579151,-9.832909927457422,-16.28702053270473,-20.174622364189133,-22.74030693464266,-26.410370304051014,-31.213393590022093,-30.378036656787287
5240.0,1.0392055307627676e-05,20.0,3.379913582850236,4.215344714367802,3.482657385868606,4.48505953853487,-2.1828789925392016,-7.234794539852089,-12.485529787932535,-10.52271608075148,-16.311580637571296,-20.226175670373635,-22.764497348632347,-26.435132527049973,-31.236256910695488,-30.401990341037163
5250.0,1.0399342717429228e-05,20.0,3.356338992621943,4.172971923606838,3.406126948619658,4.206640997012187,-2.149344991109899,-7.048709836664102,-14.448499788936147,-10.886119501776818,-16.336156234864745,-20.277453496324398,-22.788713481924532,-26.459897802581906,-31.25912689241298,-30.42591377132939
5260.0,1.0417212189110275e-05,20.0,3.3326779215940405,4.130668731715161,3.61380665574859,4.314900186538921,-2.588044769382634,-6.560715006341411,-13.087458986405466,-9.25162946911621,-16.360746078973705,-20.328458672407095,-22.812954198961535,-26.484665243756183,-31.282002629429797,-30.4498079165879
5270.0,1.0402040745752553e-05,20.0,3.308933421599818,4.088434811898708,3.451023436914454,4.31983637539264,-2.2044588892368893,-6.872076722194379,-12.503332419561104,-10.876407573022675,-16.385348960400336,-20.379193991324286,-22.83721837675614,-26.509433985872477,-31.304883239335112,-30.473673694092895
5280.0,1.0344866141556946e-05,20.0,3.285108443014053,4.046269840795333,3.387175832054538,4.296299155479687,-2.52271302569892,-6.8963235076753335,-11.946221814747048,-11.511814125602143,-16.40996370436079,-20.429662208720913,-22.86150490537105,-26.534203185706303,-31.327767862267848,-30.497511971563767
5290.0,1.0261174071177318e-05,20.0,3.2612058386262675,4.00417349844065,3.2687999216632306,4.128996057621009,-2.6130662679589136,-6.864734486607119,-12.998094389673781,-10.590091884305764,-16.43458916945457,-20.479866043776497,-22.885812688338433,-26.558972020824882,-31.35065566016675,-30.52132356916303
5300.0,1.0117583118790465e-05,20.0,3.237228367349985,3.9621454682342687,3.0098531437211022,4.08154415173999,-2.9645708351914095,-6.958473751029771,-13.603650868544946,-7.420366656717647,-16.45922424639855,-20.529808179784396,-22.910140643024306,-26.58373968893156,-31.373545816052626,-30.545109261423903
5310.0,1.0348374743852076e-05,20.0,3.2131786977757884,3.92018543690466,3.21279144946476,3.962012155265768,-2.3687510071857787,-6.846201500720724,-15.106874468450144,-12.483632335060406,-16.4838678568226,-20.579491264718712,-22.934487700941787,-26.608505407237658,-31.396437533341697,-30.568869779104745
5320.0,1.0286171263296638e-05,20.0,3.1890594115743625,3.8782930944735767,3.3416200392531437,4.040659689354129,-2.383647216344741,-7.452618392780437,-15.808349807193224,-9.872918025099636,-16.508518952122813,-20.628917911789046,-22.95885280801744,-26.633268411860143,-31.419330035188096,-30.592605810973055
5330.0,1.0203351636000115e-05,20.0,3.1648730067575457,3.8364681342204676,2.7972951433962976,3.9283709856316023,-2.468620959394684,-7.262940753587827,-13.973426543617052,-10.923849444362304,-16.53317651236955,-20.678090699983557,-22.983234924813928,-26.658027957244144,-31.44222256385416,-30.616318005522004
5340.0,1.0166293359760036e-05,20.0,3.1406219008021026,3.7947102526455296,2.9072349676972067,3.714562907523998,-2.5525768470934054,-7.2000511412500146,-13.370901779854307,-11.79307183730242,-16.55783954526703,-20.727012174600844,-23.007633026712796,-26.682783315608788,-31.46511438010728,-30.64000697262179
5350.0,1.014814304354647e-05,20.0,3.1163084336441784,3.753019149433669,2.7172169982202377,3.851402418303792,-2.4005618630145023,-7.585077393043434,-14.148283439813838,-10.502135358512135,-16.582507085161865,-20.77568484777069,-23.0320461040603,-26.707533776415488,-31.488004762641793,-30.66367328510856
5360.0,1.0273427306989219e-05,20.0,3.091934870548698,3.711394527416701,3.0387070294647174,3.6355319964295063,-3.1095441150881697,-7.29543357098197,-11.543684198723952,-10.587086559854981,-16.60717819209782,-20.82411119896426,-23.05647316227939,-26.732278645857406,-31.510893007524913,-30.687317480313283
5370.0,1.0271199409070848e-05,20.0,3.067503404860247,3.6698360925369684,3.16842899573237,3.7301052735946882,-2.9077155658154084,-7.177341081377506,-13.38341302186194,-10.879920199086541,-16.631851950913983,-20.872293675494006,-23.08091322195051,-26.75701724636926,-31.53377842766531,-30.710940061532682
5380.0,1.0173662806343023e-05,20.0,3.043016160640434,3.628343553809316,3.3403155707904943,3.82367217522102,-2.8849787615522473,-7.16751312937015,-14.130169068172961,-11.71251233694096,-16.656527470384503,-20.92023469300355,-23.105365318863903,-26.78174891615629,-31.55666035230334,-30.73454149944473
5390.0,1.0097692494594994e-05,20.0,3.0184751951964017,3.5869166232837983,2.7009447581030486,3.743514101089829,-3.169835704651632,-7.639452606517182,-15.73161885057965,-11.049442292601782,-16.68120388239737,-20.967936635947865,-23.129828504045747,-26.806473008741676,-31.579538126521925,-30.758122233470516
