Time_s,Time_Min,Solar_Flux_W_m2,Albedo_Flux_W_m2,Earth_IR_Flux_W_m2,Total_Flux_W_m2,Is_Eclipse,T_CPU_C,T_Battery_C,T_Payload_C,T_Structure_C,T_Radiator_C,T_Panels_C
0.0,0.0,1314.63,349.17,240.0,1903.79,0,20.0,20.0,20.0,20.0,20.0,20.0
5.0,0.08,1314.6,349.16,240.0,1903.76,0,20.29,20.01,20.07,19.96,18.77,24.37
10.0,0.17,1314.54,349.14,240.0,1903.68,0,20.56,20.03,20.15,19.91,17.72,28.72
15.0,0.25,1314.44,349.12,240.0,1903.55,0,20.82,20.04,20.22,19.84,16.83,33.04
20.0,0.33,1314.29,349.08,240.0,1903.36,0,21.06,20.05,20.28,19.76,16.06,37.35
25.0,0.42,1314.1,349.03,240.0,1903.12,0,21.3,20.07,20.34,19.68,15.4,41.63
30.0,0.5,1313.87,348.96,240.0,1902.83,0,21.52,20.08,20.4,19.59,14.83,45.9
35.0,0.58,1313.59,348.89,240.0,1902.48,0,21.72,20.09,20.45,19.49,14.34,50.14
40.0,0.67,1313.27,348.81,240.0,1902.08,0,21.92,20.1,20.5,19.4,13.91,54.36
45.0,0.75,1312.92,348.71,240.0,1901.63,0,22.11,20.11,20.55,19.3,13.53,58.55
50.0,0.83,1312.52,348.61,240.0,1901.12,0,22.28,20.12,20.59,19.2,13.2,62.73
55.0,0.92,1312.07,348.49,240.0,1900.56,0,22.44,20.14,20.63,19.11,12.9,66.87
60.0,1.0,1311.59,348.36,240.0,1899.95,0,22.6,20.15,20.67,19.01,12.64,71.0
65.0,1.08,1311.06,348.22,240.0,1899.28,0,22.74,20.16,20.7,18.92,12.4,75.1
70.0,1.17,1310.49,348.07,240.0,1898.56,0,22.87,20.17,20.73,18.82,12.19,79.17
75.0,1.25,1309.88,347.91,240.0,1897.79,0,23.0,20.18,20.76,18.73,11.99,83.22
80.0,1.33,1309.23,347.73,240.0,1896.96,0,23.11,20.19,20.79,18.64,11.82,87.24
85.0,1.42,1308.53,347.55,240.0,1896.08,0,23.22,20.2,20.81,18.56,11.66,91.23
90.0,1.5,1307.79,347.35,240.0,1895.15,0,23.32,20.21,20.83,18.48,11.51,95.2
95.0,1.58,1307.02,347.15,240.0,1894.16,0,23.42,20.22,20.84,18.4,11.37,99.14
100.0,1.67,1306.19,346.93,240.0,1893.12,0,23.5,20.22,20.86,18.32,11.25,103.05
105.0,1.75,1305.33,346.7,240.0,1892.03,0,23.58,20.23,20.87,18.24,11.13,106.94
110.0,1.83,1304.43,346.46,240.0,1890.88,0,23.66,20.24,20.88,18.17,11.02,110.79
115.0,1.92,1303.48,346.21,240.0,1889.68,0,23.73,20.25,20.88,18.1,10.92,114.62
120.0,2.0,1302.49,345.94,240.0,1888.43,0,23.79,20.26,20.89,18.03,10.82,118.41
125.0,2.08,1301.46,345.67,240.0,1887.13,0,23.85,20.27,20.89,17.97,10.73,122.18
130.0,2.17,1300.39,345.38,240.0,1885.77,0,23.9,20.27,20.9,17.91,10.64,125.91
135.0,2.25,1299.27,345.09,240.0,1884.36,0,23.95,20.28,20.9,17.85,10.56,129.62
140.0,2.33,1298.12,344.78,240.0,1882.9,0,24.0,20.29,20.9,17.79,10.49,133.29
145.0,2.42,1296.92,344.46,240.0,1881.38,0,24.04,20.29,20.9,17.74,10.42,136.93
150.0,2.5,1295.68,344.13,240.0,1879.82,0,24.08,20.3,20.89,17.69,10.35,140.54
155.0,2.58,1294.4,343.79,240.0,1878.19,0,24.11,20.31,20.89,17.64,10.28,144.12
160.0,2.67,1293.08,343.44,240.0,1876.52,0,24.14,20.32,20.88,17.59,10.22,147.66
165.0,2.75,1291.71,343.08,240.0,1874.79,0,24.17,20.32,20.88,17.55,10.16,151.17
170.0,2.83,1290.31,342.71,240.0,1873.02,0,24.19,20.33,20.87,17.5,10.11,154.64
175.0,2.92,1288.86,342.32,240.0,1871.19,0,24.22,20.33,20.86,17.46,10.05,158.09
180.0,3.0,1287.37,341.93,240.0,1869.3,0,24.24,20.34,20.85,17.43,10.0,161.49
185.0,3.08,1285.84,341.52,240.0,1867.37,0,24.25,20.35,20.84,17.39,9.96,164.87
190.0,3.17,1284.27,341.11,240.0,1865.38,0,24.27,20.35,20.83,17.36,9.91,168.2
195.0,3.25,1282.66,340.68,240.0,1863.34,0,24.28,20.36,20.82,17.32,9.87,171.51
200.0,3.33,1281.01,340.24,240.0,1861.25,0,24.29,20.37,20.81,17.29,9.83,174.77
205.0,3.42,1279.31,339.79,240.0,1859.1,0,24.3,20.37,20.8,17.27,9.79,178.0
210.0,3.5,1277.58,339.33,240.0,1856.91,0,24.31,20.38,20.78,17.24,9.76,181.2
215.0,3.58,1275.8,338.86,240.0,1854.66,0,24.32,20.38,20.77,17.21,9.72,184.36
220.0,3.67,1273.99,338.37,240.0,1852.36,0,24.33,20.39,20.76,17.19,9.69,187.48
225.0,3.75,1272.13,337.88,240.0,1850.01,0,24.33,20.39,20.75,17.17,9.66,190.56
230.0,3.83,1270.23,337.37,240.0,1847.6,0,24.34,20.4,20.73,17.15,9.63,193.61
235.0,3.92,1268.29,336.86,240.0,1845.15,0,24.34,20.4,20.72,17.13,9.6,196.62
240.0,4.0,1266.31,336.33,240.0,1842.64,0,24.34,20.41,20.71,17.12,9.58,199.59
245.0,4.08,1264.29,335.8,240.0,1840.08,0,24.34,20.41,20.69,17.1,9.56,202.53
250.0,4.17,1262.23,335.25,240.0,1837.48,0,24.34,20.42,20.68,17.09,9.53,205.42
255.0,4.25,1260.12,334.69,240.0,1834.81,0,24.35,20.42,20.67,17.08,9.51,208.28
260.0,4.33,1257.98,334.12,240.0,1832.1,0,24.35,20.43,20.65,17.06,9.49,211.1
265.0,4.42,1255.8,333.54,240.0,1829.34,0,24.35,20.44,20.64,17.05,9.48,213.88
270.0,4.5,1253.57,332.95,240.0,1826.53,0,24.34,20.44,20.63,17.05,9.46,216.63
275.0,4.58,1251.31,332.35,240.0,1823.66,0,24.34,20.45,20.61,17.04,9.45,219.33
280.0,4.67,1249.01,331.74,240.0,1820.75,0,24.34,20.45,20.6,17.03,9.43,222.0
285.0,4.75,1246.66,331.12,240.0,1817.78,0,24.34,20.45,20.59,17.03,9.42,224.63
290.0,4.83,1244.28,330.48,240.0,1814.76,0,24.34,20.46,20.57,17.03,9.41,227.21
295.0,4.92,1241.86,329.84,240.0,1811.7,0,24.34,20.46,20.56,17.02,9.4,229.76
300.0,5.0,1239.39,329.18,240.0,1808.58,0,24.34,20.47,20.55,17.02,9.39,232.28
305.0,5.08,1236.89,328.52,240.0,1805.41,0,24.34,20.47,20.54,17.02,9.39,234.75
310.0,5.17,1234.35,327.84,240.0,1802.19,0,24.33,20.48,20.53,17.02,9.38,237.18
315.0,5.25,1231.76,327.16,240.0,1798.92,0,24.33,20.48,20.52,17.02,9.38,239.57
320.0,5.33,1229.14,326.46,240.0,1795.6,0,24.33,20.49,20.5,17.03,9.37,241.93
325.0,5.42,1226.48,325.75,240.0,1792.23,0,24.33,20.49,20.49,17.03,9.37,244.25
330.0,5.5,1223.78,325.04,240.0,1788.82,0,24.33,20.5,20.48,17.04,9.37,246.52
335.0,5.58,1221.04,324.31,240.0,1785.35,0,24.33,20.5,20.47,17.04,9.37,248.76
340.0,5.67,1218.26,323.57,240.0,1781.83,0,24.33,20.51,20.47,17.05,9.37,250.96
345.0,5.75,1215.44,322.82,240.0,1778.26,0,24.33,20.51,20.46,17.05,9.37,253.12
350.0,5.83,1212.58,322.06,240.0,1774.64,0,24.33,20.52,20.45,17.06,9.37,255.25
355.0,5.92,1209.68,321.29,240.0,1770.98,0,24.33,20.52,20.44,17.07,9.37,257.33
360.0,6.0,1206.75,320.51,240.0,1767.26,0,24.33,20.53,20.43,17.08,9.38,259.38
365.0,6.08,1203.77,319.72,240.0,1763.5,0,24.33,20.53,20.42,17.09,9.38,261.38
370.0,6.17,1200.76,318.92,240.0,1759.69,0,24.33,20.54,20.42,17.1,9.39,263.35
375.0,6.25,1197.71,318.11,240.0,1755.82,0,24.34,20.54,20.41,17.11,9.39,265.29
380.0,6.33,1194.62,317.29,240.0,1751.91,0,24.34,20.55,20.41,17.13,9.4,267.18
385.0,6.42,1191.49,316.46,240.0,1747.95,0,24.34,20.55,20.4,17.14,9.41,269.04
390.0,6.5,1188.33,315.62,240.0,1743.95,0,24.34,20.56,20.4,17.15,9.42,270.86
395.0,6.58,1185.12,314.77,240.0,1739.89,0,24.35,20.56,20.39,17.17,9.42,272.64
400.0,6.67,1181.88,313.91,240.0,1735.79,0,24.35,20.57,20.39,17.18,9.43,274.39
405.0,6.75,1178.6,313.04,240.0,1731.64,0,24.36,20.57,20.38,17.2,9.44,276.09
410.0,6.83,1175.28,312.16,240.0,1727.44,0,24.36,20.58,20.38,17.21,9.45,277.77
415.0,6.92,1171.92,311.26,240.0,1723.19,0,24.37,20.58,20.38,17.23,9.47,279.4
420.0,7.0,1168.53,310.36,240.0,1718.89,0,24.37,20.59,20.38,17.25,9.48,281.0
425.0,7.08,1165.1,309.45,240.0,1714.55,0,24.38,20.59,20.37,17.26,9.49,282.57
430.0,7.17,1161.63,308.53,240.0,1710.16,0,24.39,20.6,20.37,17.28,9.5,284.09
435.0,7.25,1158.12,307.6,240.0,1705.72,0,24.39,20.6,20.37,17.3,9.52,285.59
440.0,7.33,1154.58,306.66,240.0,1701.24,0,24.4,20.61,20.37,17.32,9.53,287.05
445.0,7.42,1151.0,305.71,240.0,1696.71,0,24.41,20.61,20.37,17.34,9.55,288.47
450.0,7.5,1147.38,304.75,240.0,1692.13,0,24.42,20.62,20.37,17.36,9.56,289.86
455.0,7.58,1143.73,303.78,240.0,1687.51,0,24.43,20.62,20.37,17.38,9.58,291.21
460.0,7.67,1140.04,302.8,240.0,1682.83,0,24.44,20.63,20.38,17.4,9.59,292.54
465.0,7.75,1136.31,301.81,240.0,1678.12,0,24.45,20.63,20.38,17.42,9.61,293.82
470.0,7.83,1132.55,300.81,240.0,1673.35,0,24.46,20.64,20.38,17.44,9.62,295.08
475.0,7.92,1128.75,299.8,240.0,1668.54,0,24.47,20.65,20.38,17.46,9.64,296.3
480.0,8.0,1124.91,298.78,240.0,1663.69,0,24.48,20.65,20.39,17.48,9.66,297.49
485.0,8.08,1121.04,297.75,240.0,1658.79,0,24.49,20.66,20.39,17.51,9.68,298.64
490.0,8.17,1117.13,296.71,240.0,1653.84,0,24.5,20.66,20.4,17.53,9.69,299.77
495.0,8.25,1113.19,295.66,240.0,1648.85,0,24.51,20.67,20.4,17.55,9.71,300.86
500.0,8.33,1109.21,294.61,240.0,1643.81,0,24.53,20.67,20.41,17.57,9.73,301.92
505.0,8.42,1105.19,293.54,240.0,1638.73,0,24.54,20.68,20.41,17.6,9.75,302.95
510.0,8.5,1101.14,292.46,240.0,1633.6,0,24.55,20.69,20.42,17.62,9.77,303.95
515.0,8.58,1097.05,291.38,240.0,1628.43,0,24.57,20.69,20.42,17.64,9.79,304.92
520.0,8.67,1092.93,290.28,240.0,1623.21,0,24.58,20.7,20.43,17.67,9.81,305.86
525.0,8.75,1088.77,289.18,240.0,1617.95,0,24.6,20.7,20.44,17.69,9.83,306.77
530.0,8.83,1084.58,288.07,240.0,1612.65,0,24.61,20.71,20.45,17.72,9.85,307.65
535.0,8.92,1080.36,286.94,240.0,1607.3,0,24.63,20.71,20.45,17.74,9.87,308.5
540.0,9.0,1076.09,285.81,240.0,1601.91,0,24.64,20.72,20.46,17.76,9.89,309.32
545.0,9.08,1071.8,284.67,240.0,1596.47,0,24.66,20.73,20.47,17.79,9.91,310.11
550.0,9.17,1067.47,283.52,240.0,1590.99,0,24.67,20.73,20.48,17.81,9.93,310.88
555.0,9.25,1063.1,282.36,240.0,1585.47,0,24.69,20.74,20.49,17.84,9.96,311.62
560.0,9.33,1058.71,281.19,240.0,1579.9,0,24.71,20.75,20.5,17.86,9.98,312.33
565.0,9.42,1054.27,280.02,240.0,1574.29,0,24.73,20.75,20.51,17.89,10.0,313.01
570.0,9.5,1049.81,278.83,240.0,1568.64,0,24.74,20.76,20.52,17.91,10.02,313.66
575.0,9.58,1045.31,277.64,240.0,1562.94,0,24.76,20.76,20.53,17.94,10.04,314.29
580.0,9.67,1040.77,276.43,240.0,1557.2,0,24.78,20.77,20.55,17.96,10.06,314.9
585.0,9.75,1036.21,275.22,240.0,1551.42,0,24.8,20.78,20.56,17.99,10.09,315.47
590.0,9.83,1031.6,274.0,240.0,1545.6,0,24.82,20.78,20.57,18.02,10.11,316.03
595.0,9.92,1026.97,272.77,240.0,1539.74,0,24.84,20.79,20.58,18.04,10.13,316.55
600.0,10.0,1022.3,271.53,240.0,1533.83,0,24.86,20.8,20.6,18.07,10.15,317.05
605.0,10.08,1017.61,270.28,240.0,1527.88,0,24.88,20.8,20.61,18.09,10.18,317.53
610.0,10.17,1012.87,269.02,240.0,1521.89,0,24.9,20.81,20.62,18.12,10.2,317.98
615.0,10.25,1008.11,267.76,240.0,1515.86,0,24.92,20.82,20.64,18.14,10.22,318.41
620.0,10.33,1003.31,266.48,240.0,1509.79,0,24.94,20.82,20.65,18.17,10.25,318.82
625.0,10.42,998.48,265.2,240.0,1503.68,0,24.96,20.83,20.66,18.19,10.27,319.2
630.0,10.5,993.62,263.91,240.0,1497.53,0,24.98,20.84,20.68,18.22,10.29,319.56
635.0,10.58,988.73,262.61,240.0,1491.34,0,25.0,20.84,20.69,18.25,10.31,319.9
640.0,10.67,983.8,261.3,240.0,1485.11,0,25.02,20.85,20.71,18.27,10.34,320.21
645.0,10.75,978.85,259.98,240.0,1478.83,0,25.04,20.86,20.72,18.3,10.36,320.5
650.0,10.83,973.86,258.66,240.0,1472.52,0,25.06,20.87,20.74,18.32,10.38,320.77
655.0,10.92,968.84,257.33,240.0,1466.17,0,25.08,20.87,20.76,18.35,10.41,321.02
660.0,11.0,963.79,255.98,240.0,1459.78,0,25.1,20.88,20.77,18.37,10.43,321.25
665.0,11.08,958.71,254.64,240.0,1453.35,0,25.13,20.89,20.79,18.4,10.45,321.45
670.0,11.17,953.6,253.28,240.0,1446.88,0,25.15,20.89,20.81,18.42,10.47,321.64
675.0,11.25,948.46,251.91,240.0,1440.37,0,25.17,20.9,20.82,18.45,10.5,321.8
680.0,11.33,943.28,250.54,240.0,1433.82,0,25.19,20.91,20.84,18.48,10.52,321.95
685.0,11.42,938.08,249.16,240.0,1427.24,0,25.22,20.92,20.86,18.5,10.54,322.07
690.0,11.5,932.85,247.77,240.0,1420.61,0,25.24,20.92,20.87,18.53,10.57,322.18
695.0,11.58,927.58,246.37,240.0,1413.95,0,25.26,20.93,20.89,18.55,10.59,322.26
700.0,11.67,922.29,244.96,240.0,1407.25,0,25.28,20.94,20.91,18.58,10.61,322.33
705.0,11.75,916.97,243.55,240.0,1400.52,0,25.31,20.95,20.93,18.6,10.63,322.37
710.0,11.83,911.62,242.13,240.0,1393.74,0,25.33,20.95,20.95,18.62,10.66,322.4
715.0,11.92,906.24,240.7,240.0,1386.93,0,25.35,20.96,20.96,18.65,10.68,322.41
720.0,12.0,900.83,239.26,240.0,1380.09,0,25.37,20.97,20.98,18.67,10.7,322.41
725.0,12.08,895.39,237.82,240.0,1373.2,0,25.4,20.98,21.0,18.7,10.72,322.38
730.0,12.17,889.92,236.36,240.0,1366.28,0,25.42,20.98,21.02,18.72,10.75,322.34
735.0,12.25,884.42,234.9,240.0,1359.33,0,25.44,20.99,21.04,18.75,10.77,322.28
740.0,12.33,878.9,233.44,240.0,1352.33,0,25.47,21.0,21.06,18.77,10.79,322.2
745.0,12.42,873.34,231.96,240.0,1345.3,0,25.49,21.01,21.08,18.79,10.81,322.1
750.0,12.5,867.76,230.48,240.0,1338.24,0,25.51,21.02,21.1,18.82,10.83,321.99
755.0,12.58,862.15,228.99,240.0,1331.14,0,25.54,21.02,21.12,18.84,10.86,321.86
760.0,12.67,856.52,227.49,240.0,1324.01,0,25.56,21.03,21.13,18.86,10.88,321.72
765.0,12.75,850.85,225.99,240.0,1316.84,0,25.58,21.04,21.15,18.89,10.9,321.56
770.0,12.83,845.16,224.48,240.0,1309.64,0,25.61,21.05,21.17,18.91,10.92,321.38
775.0,12.92,839.44,222.96,240.0,1302.4,0,25.63,21.06,21.19,18.93,10.94,321.19
780.0,13.0,833.7,221.43,240.0,1295.13,0,25.65,21.06,21.21,18.95,10.96,320.98
785.0,13.08,827.92,219.9,240.0,1287.82,0,25.67,21.07,21.23,18.98,10.98,320.75
790.0,13.17,822.13,218.36,240.0,1280.48,0,25.7,21.08,21.25,19.0,11.01,320.51
795.0,13.25,816.3,216.81,240.0,1273.11,0,25.72,21.09,21.27,19.02,11.03,320.26
800.0,13.33,810.45,215.26,240.0,1265.7,0,25.74,21.1,21.29,19.04,11.05,319.99
805.0,13.42,804.57,213.7,240.0,1258.27,0,25.77,21.11,21.31,19.06,11.07,319.71
810.0,13.5,798.67,212.13,240.0,1250.79,0,25.79,21.11,21.33,19.09,11.09,319.41
815.0,13.58,792.74,210.55,240.0,1243.29,0,25.81,21.12,21.35,19.11,11.11,319.1
820.0,13.67,786.78,208.97,240.0,1235.75,0,25.83,21.13,21.37,19.13,11.13,318.77
825.0,13.75,780.8,207.38,240.0,1228.19,0,25.86,21.14,21.39,19.15,11.15,318.43
830.0,13.83,774.8,205.79,240.0,1220.59,0,25.88,21.15,21.41,19.17,11.17,318.07
835.0,13.92,768.77,204.19,240.0,1212.96,0,25.9,21.16,21.43,19.19,11.19,317.71
840.0,14.0,762.72,202.58,240.0,1205.29,0,25.92,21.17,21.45,19.21,11.2,317.32
845.0,14.08,756.64,200.96,240.0,1197.6,0,25.95,21.17,21.47,19.23,11.22,316.93
850.0,14.17,750.53,199.34,240.0,1189.88,0,25.97,21.18,21.49,19.25,11.24,316.52
855.0,14.25,744.41,197.72,240.0,1182.12,0,25.99,21.19,21.51,19.27,11.26,316.1
860.0,14.33,738.25,196.08,240.0,1174.34,0,26.01,21.2,21.53,19.29,11.28,315.66
865.0,14.42,732.08,194.44,240.0,1166.52,0,26.03,21.21,21.55,19.31,11.3,315.22
870.0,14.5,725.88,192.8,240.0,1158.68,0,26.06,21.22,21.57,19.32,11.32,314.75
875.0,14.58,719.66,191.14,240.0,1150.8,0,26.08,21.23,21.59,19.34,11.33,314.28
880.0,14.67,713.42,189.48,240.0,1142.9,0,26.1,21.23,21.61,19.36,11.35,313.8
885.0,14.75,707.15,187.82,240.0,1134.97,0,26.12,21.24,21.63,19.38,11.37,313.3
890.0,14.83,700.86,186.15,240.0,1127.01,0,26.14,21.25,21.65,19.4,11.39,312.79
895.0,14.92,694.54,184.47,240.0,1119.02,0,26.16,21.26,21.67,19.41,11.4,312.27
900.0,15.0,688.21,182.79,240.0,1111.0,0,26.18,21.27,21.69,19.43,11.42,311.73
905.0,15.08,681.85,181.1,240.0,1102.95,0,26.2,21.28,21.71,19.45,11.44,311.19
910.0,15.17,675.47,179.41,240.0,1094.88,0,26.23,21.29,21.73,19.46,11.45,310.63
915.0,15.25,669.07,177.71,240.0,1086.78,0,26.25,21.3,21.75,19.48,11.47,310.06
920.0,15.33,662.65,176.0,240.0,1078.65,0,26.27,21.3,21.77,19.5,11.48,309.48
925.0,15.42,656.21,174.29,240.0,1070.5,0,26.29,21.31,21.79,19.51,11.5,308.89
930.0,15.5,649.74,172.57,240.0,1062.31,0,26.31,21.32,21.81,19.53,11.51,308.28
935.0,15.58,643.26,170.85,240.0,1054.11,0,26.33,21.33,21.83,19.54,11.53,307.67
940.0,15.67,636.75,169.12,240.0,1045.87,0,26.34,21.34,21.85,19.56,11.54,307.04
945.0,15.75,630.22,167.39,240.0,1037.61,0,26.36,21.35,21.87,19.57,11.56,306.41
950.0,15.83,623.68,165.65,240.0,1029.33,0,26.38,21.36,21.89,19.59,11.57,305.76
955.0,15.92,617.11,163.91,240.0,1021.02,0,26.4,21.37,21.9,19.6,11.59,305.1
960.0,16.0,610.52,162.16,240.0,1012.68,0,26.42,21.38,21.92,19.62,11.6,304.43
965.0,16.08,603.92,160.4,240.0,1004.32,0,26.44,21.39,21.94,19.63,11.62,303.75
970.0,16.17,597.29,158.64,240.0,995.93,0,26.46,21.39,21.96,19.64,11.63,303.06
975.0,16.25,590.65,156.88,240.0,987.52,0,26.48,21.4,21.98,19.65,11.64,302.36
980.0,16.33,583.98,155.11,240.0,979.09,0,26.49,21.41,22.0,19.67,11.66,301.65
985.0,16.42,577.3,153.33,240.0,970.63,0,26.51,21.42,22.01,19.68,11.67,300.92
990.0,16.5,570.6,151.55,240.0,962.15,0,26.53,21.43,22.03,19.69,11.68,300.19
995.0,16.58,563.88,149.77,240.0,953.65,0,26.55,21.44,22.05,19.7,11.69,299.45
1000.0,16.67,557.14,147.98,240.0,945.12,0,26.56,21.45,22.07,19.71,11.7,298.7
1005.0,16.75,550.39,146.18,240.0,936.57,0,26.58,21.46,22.08,19.73,11.72,297.93
1010.0,16.83,543.62,144.39,240.0,928.0,0,26.6,21.47,22.1,19.74,11.73,297.16
1015.0,16.92,536.82,142.58,240.0,919.41,0,26.61,21.48,22.12,19.75,11.74,296.38
1020.0,17.0,530.02,140.77,240.0,910.79,0,26.63,21.49,22.13,19.76,11.75,295.58
1025.0,17.08,523.19,138.96,240.0,902.15,0,26.64,21.49,22.15,19.77,11.76,294.78
1030.0,17.17,516.35,137.14,240.0,893.49,0,26.66,21.5,22.17,19.78,11.77,293.97
1035.0,17.25,509.49,135.32,240.0,884.82,0,26.68,21.51,22.18,19.79,11.78,293.14
1040.0,17.33,502.62,133.5,240.0,876.11,0,26.69,21.52,22.2,19.79,11.79,292.31
1045.0,17.42,495.73,131.67,240.0,867.39,0,26.71,21.53,22.22,19.8,11.8,291.47
1050.0,17.5,488.82,129.83,240.0,858.65,0,26.72,21.54,22.23,19.81,11.81,290.62
1055.0,17.58,481.9,127.99,240.0,849.89,0,26.73,21.55,22.25,19.82,11.82,289.76
1060.0,17.67,474.96,126.15,240.0,841.11,0,26.75,21.56,22.26,19.83,11.82,288.89
1065.0,17.75,468.01,124.3,240.0,832.31,0,26.76,21.57,22.28,19.83,11.83,288.0
1070.0,17.83,461.04,122.45,240.0,823.49,0,26.78,21.58,22.29,19.84,11.84,287.12
1075.0,17.92,454.06,120.6,240.0,814.66,0,26.79,21.59,22.31,19.85,11.85,286.22
1080.0,18.0,447.06,118.74,240.0,805.8,0,26.8,21.59,22.32,19.85,11.86,285.31
1085.0,18.08,440.05,116.88,240.0,796.93,0,26.81,21.6,22.34,19.86,11.86,284.39
1090.0,18.17,433.02,115.01,240.0,788.04,0,26.83,21.61,22.35,19.86,11.87,283.46
1095.0,18.25,425.98,113.14,240.0,779.13,0,26.84,21.62,22.36,19.87,11.87,282.53
1100.0,18.33,418.93,111.27,240.0,770.2,0,26.85,21.63,22.38,19.87,11.88,281.58
1105.0,18.42,411.86,109.39,240.0,761.26,0,26.86,21.64,22.39,19.88,11.89,280.63
1110.0,18.5,404.78,107.51,240.0,752.3,0,26.87,21.65,22.4,19.88,11.89,279.66
1115.0,18.58,397.69,105.63,240.0,743.32,0,26.88,21.66,22.42,19.89,11.9,278.69
1120.0,18.67,390.59,103.74,240.0,734.33,0,26.9,21.67,22.43,19.89,11.9,277.71
1125.0,18.75,383.47,101.85,240.0,725.32,0,26.91,21.68,22.44,19.89,11.91,276.72
1130.0,18.83,376.34,99.96,240.0,716.29,0,26.92,21.68,22.45,19.89,11.91,275.72
1135.0,18.92,369.19,98.06,240.0,707.25,0,26.93,21.69,22.47,19.9,11.91,274.71
1140.0,19.0,362.04,96.16,240.0,698.2,0,26.94,21.7,22.48,19.9,11.92,273.69
1145.0,19.08,354.87,94.25,240.0,689.13,0,26.94,21.71,22.49,19.9,11.92,272.66
1150.0,19.17,347.7,92.35,240.0,680.04,0,26.95,21.72,22.5,19.9,11.92,271.63
1155.0,19.25,340.51,90.44,240.0,670.95,0,26.96,21.73,22.51,19.9,11.93,270.58
1160.0,19.33,333.31,88.53,240.0,661.83,0,26.97,21.74,22.52,19.9,11.93,269.53
1165.0,19.42,326.1,86.61,240.0,652.71,0,26.98,21.75,22.53,19.9,11.93,268.46
1170.0,19.5,318.88,84.69,240.0,643.57,0,26.99,21.75,22.54,19.9,11.93,267.39
1175.0,19.58,311.65,82.77,240.0,634.42,0,26.99,21.76,22.55,19.9,11.93,266.31
1180.0,19.67,304.4,80.85,240.0,625.25,0,27.0,21.77,22.56,19.9,11.94,265.22
1185.0,19.75,297.15,78.92,240.0,616.08,0,27.01,21.78,22.57,19.9,11.94,264.12
1190.0,19.83,289.89,77.0,240.0,606.89,0,27.01,21.79,22.58,19.9,11.94,263.02
1195.0,19.92,282.62,75.07,240.0,597.69,0,27.02,21.8,22.59,19.89,11.94,261.9
1200.0,20.0,275.35,73.13,240.0,588.48,0,27.02,21.81,22.6,19.89,11.94,260.78
1205.0,20.08,268.06,71.2,240.0,579.25,0,27.03,21.82,22.61,19.89,11.93,259.64
1210.0,20.17,260.76,69.26,240.0,570.02,0,27.03,21.82,22.61,19.88,11.93,258.5
1215.0,20.25,253.46,67.32,240.0,560.78,0,27.04,21.83,22.62,19.88,11.93,257.35
1220.0,20.33,246.14,65.38,240.0,551.52,0,27.04,21.84,22.63,19.88,11.93,256.19
1225.0,20.42,238.82,63.43,240.0,542.26,0,27.05,21.85,22.64,19.87,11.93,255.02
1230.0,20.5,231.5,61.49,240.0,532.98,0,27.05,21.86,22.64,19.87,11.93,253.85
1235.0,20.58,224.16,59.54,240.0,523.7,0,27.05,21.87,22.65,19.86,11.92,252.66
1240.0,20.67,216.82,57.59,240.0,514.4,0,27.06,21.87,22.66,19.86,11.92,251.47
1245.0,20.75,209.47,55.63,240.0,505.1,0,27.06,21.88,22.66,19.85,11.92,250.26
1250.0,20.83,202.11,53.68,240.0,495.79,0,27.06,21.89,22.67,19.84,11.91,249.05
1255.0,20.92,194.75,51.73,240.0,486.47,0,27.06,21.9,22.67,19.84,11.91,247.83
1260.0,21.0,187.38,49.77,240.0,477.15,0,27.07,21.91,22.68,19.83,11.9,246.6
1265.0,21.08,180.0,47.81,240.0,467.81,0,27.07,21.92,22.68,19.82,11.9,245.36
1270.0,21.17,172.62,45.85,240.0,458.47,0,27.07,21.92,22.69,19.81,11.89,244.11
1275.0,21.25,165.24,43.89,240.0,449.12,0,27.07,21.93,22.69,19.8,11.89,242.86
1280.0,21.33,157.84,41.92,240.0,439.77,0,27.07,21.94,22.7,19.79,11.88,241.59
1285.0,21.42,150.45,39.96,240.0,430.41,0,27.07,21.95,22.7,19.78,11.88,240.32
1290.0,21.5,143.04,37.99,240.0,421.04,0,27.07,21.96,22.7,19.77,11.87,239.04
1295.0,21.58,135.64,36.03,240.0,411.66,0,27.07,21.96,22.7,19.76,11.86,237.75
1300.0,21.67,128.23,34.06,240.0,402.28,0,27.06,21.97,22.71,19.75,11.85,236.45
1305.0,21.75,120.81,32.09,240.0,392.9,0,27.06,21.98,22.71,19.74,11.85,235.14
1310.0,21.83,113.39,30.12,240.0,383.51,0,27.06,21.99,22.71,19.73,11.84,233.83
1315.0,21.92,105.97,28.15,240.0,374.12,0,27.06,21.99,22.71,19.72,11.83,232.5
1320.0,22.0,98.55,26.17,240.0,364.72,0,27.05,22.0,22.71,19.71,11.82,231.17
1325.0,22.08,91.12,24.2,240.0,355.32,0,27.05,22.01,22.71,19.69,11.81,229.82
1330.0,22.17,83.68,22.23,240.0,345.91,0,27.05,22.02,22.71,19.68,11.8,228.47
1335.0,22.25,76.25,20.25,240.0,336.5,0,27.04,22.03,22.71,19.67,11.79,227.11
1340.0,22.33,68.81,18.28,240.0,327.09,0,27.04,22.03,22.71,19.65,11.78,225.74
1345.0,22.42,61.37,16.3,240.0,317.67,0,27.03,22.04,22.71,19.64,11.77,224.36
1350.0,22.5,53.93,14.32,240.0,308.26,0,27.03,22.05,22.71,19.62,11.76,222.98
1355.0,22.58,46.49,12.35,240.0,298.84,0,27.02,22.05,22.71,19.61,11.75,221.58
1360.0,22.67,39.05,10.37,240.0,289.42,0,27.02,22.06,22.71,19.59,11.74,220.18
1365.0,22.75,31.6,8.39,240.0,279.99,0,27.01,22.07,22.71,19.57,11.72,218.76
1370.0,22.83,24.15,6.42,240.0,270.57,0,27.0,22.08,22.7,19.56,11.71,217.34
1375.0,22.92,16.71,4.44,240.0,261.14,0,27.0,22.08,22.7,19.54,11.7,215.91
1380.0,23.0,9.26,2.46,240.0,251.72,0,26.99,22.09,22.7,19.52,11.68,214.47
1385.0,23.08,1.81,0.48,240.0,242.29,0,26.98,22.1,22.7,19.5,11.67,213.02
1390.0,23.17,0.0,0.0,240.0,240.0,0,26.97,22.1,22.69,19.49,11.65,211.57
1395.0,23.25,0.0,0.0,240.0,240.0,0,26.96,22.11,22.69,19.47,11.64,210.14
1400.0,23.33,0.0,0.0,240.0,240.0,0,26.95,22.12,22.68,19.45,11.62,208.72
1405.0,23.42,0.0,0.0,240.0,240.0,0,26.94,22.12,22.68,19.43,11.61,207.32
1410.0,23.5,0.0,0.0,240.0,240.0,0,26.93,22.13,22.67,19.41,11.59,205.93
1415.0,23.58,0.0,0.0,240.0,240.0,0,26.92,22.14,22.67,19.39,11.58,204.55
1420.0,23.67,0.0,0.0,240.0,240.0,0,26.91,22.14,22.66,19.36,11.56,203.19
1425.0,23.75,0.0,0.0,240.0,240.0,0,26.9,22.15,22.65,19.34,11.54,201.85
1430.0,23.83,0.0,0.0,240.0,240.0,0,26.89,22.16,22.65,19.32,11.53,200.52
1435.0,23.92,0.0,0.0,240.0,240.0,0,26.88,22.16,22.64,19.3,11.51,199.2
1440.0,24.0,0.0,0.0,240.0,240.0,0,26.87,22.17,22.63,19.28,11.49,197.89
1445.0,24.08,0.0,0.0,240.0,240.0,0,26.85,22.17,22.62,19.25,11.47,196.6
1450.0,24.17,0.0,0.0,240.0,240.0,0,26.84,22.18,22.62,19.23,11.45,195.33
1455.0,24.25,0.0,0.0,240.0,240.0,0,26.83,22.19,22.61,19.21,11.43,194.06
1460.0,24.33,0.0,0.0,240.0,240.0,0,26.81,22.19,22.6,19.18,11.41,192.81
1465.0,24.42,0.0,0.0,240.0,240.0,0,26.8,22.2,22.59,19.16,11.39,191.57
1470.0,24.5,0.0,0.0,240.0,240.0,0,26.78,22.2,22.58,19.13,11.37,190.35
1475.0,24.58,0.0,0.0,240.0,240.0,0,26.77,22.21,22.57,19.11,11.35,189.13
1480.0,24.67,0.0,0.0,240.0,240.0,0,26.75,22.22,22.56,19.08,11.33,187.93
1485.0,24.75,0.0,0.0,240.0,240.0,0,26.73,22.22,22.55,19.06,11.31,186.74
1490.0,24.83,0.0,0.0,240.0,240.0,0,26.72,22.23,22.54,19.03,11.29,185.56
1495.0,24.92,0.0,0.0,240.0,240.0,0,26.7,22.23,22.52,19.01,11.27,184.39
1500.0,25.0,0.0,0.0,240.0,240.0,0,26.68,22.24,22.51,18.98,11.25,183.24
1505.0,25.08,0.0,0.0,240.0,240.0,0,26.67,22.24,22.5,18.95,11.22,182.09
1510.0,25.17,0.0,0.0,240.0,240.0,0,26.65,22.25,22.49,18.92,11.2,180.96
1515.0,25.25,0.0,0.0,240.0,240.0,0,26.63,22.25,22.47,18.9,11.18,179.83
1520.0,25.33,0.0,0.0,240.0,240.0,0,26.61,22.26,22.46,18.87,11.15,178.72
1525.0,25.42,0.0,0.0,240.0,240.0,0,26.59,22.26,22.45,18.84,11.13,177.62
1530.0,25.5,0.0,0.0,240.0,240.0,0,26.57,22.27,22.43,18.81,11.11,176.53
1535.0,25.58,0.0,0.0,240.0,240.0,0,26.55,22.27,22.42,18.78,11.08,175.44
1540.0,25.67,0.0,0.0,240.0,240.0,0,26.53,22.28,22.4,18.76,11.06,174.37
1545.0,25.75,0.0,0.0,240.0,240.0,0,26.51,22.28,22.39,18.73,11.03,173.31
1550.0,25.83,0.0,0.0,240.0,240.0,0,26.49,22.28,22.37,18.7,11.01,172.26
1555.0,25.92,0.0,0.0,240.0,240.0,0,26.47,22.29,22.36,18.67,10.98,171.21
1560.0,26.0,0.0,0.0,240.0,240.0,0,26.45,22.29,22.34,18.64,10.96,170.18
1565.0,26.08,0.0,0.0,240.0,240.0,0,26.43,22.3,22.32,18.61,10.93,169.16
1570.0,26.17,0.0,0.0,240.0,240.0,0,26.41,22.3,22.31,18.58,10.91,168.14
1575.0,26.25,0.0,0.0,240.0,240.0,0,26.38,22.31,22.29,18.55,10.88,167.14
1580.0,26.33,0.0,0.0,240.0,240.0,0,26.36,22.31,22.27,18.52,10.85,166.14
1585.0,26.42,0.0,0.0,240.0,240.0,0,26.34,22.31,22.25,18.49,10.83,165.15
1590.0,26.5,0.0,0.0,240.0,240.0,0,26.31,22.32,22.24,18.46,10.8,164.17
1595.0,26.58,0.0,0.0,240.0,240.0,0,26.29,22.32,22.22,18.42,10.77,163.2
1600.0,26.67,0.0,0.0,240.0,240.0,0,26.27,22.32,22.2,18.39,10.75,162.24
1605.0,26.75,0.0,0.0,240.0,240.0,0,26.24,22.33,22.18,18.36,10.72,161.28
1610.0,26.83,0.0,0.0,240.0,240.0,0,26.22,22.33,22.16,18.33,10.69,160.33
1615.0,26.92,0.0,0.0,240.0,240.0,0,26.19,22.33,22.14,18.3,10.67,159.4
1620.0,27.0,0.0,0.0,240.0,240.0,0,26.17,22.34,22.12,18.27,10.64,158.47
1625.0,27.08,0.0,0.0,240.0,240.0,0,26.14,22.34,22.1,18.23,10.61,157.54
1630.0,27.17,0.0,0.0,240.0,240.0,0,26.12,22.34,22.08,18.2,10.58,156.63
1635.0,27.25,0.0,0.0,240.0,240.0,0,26.09,22.35,22.06,18.17,10.55,155.72
1640.0,27.33,0.0,0.0,240.0,240.0,0,26.07,22.35,22.04,18.13,10.52,154.82
1645.0,27.42,0.0,0.0,240.0,240.0,0,26.04,22.35,22.02,18.1,10.5,153.93
1650.0,27.5,0.0,0.0,240.0,240.0,0,26.01,22.36,21.99,18.07,10.47,153.05
1655.0,27.58,0.0,0.0,240.0,240.0,0,25.99,22.36,21.97,18.03,10.44,152.17
1660.0,27.67,0.0,0.0,240.0,240.0,0,25.96,22.36,21.95,18.0,10.41,151.3
1665.0,27.75,0.0,0.0,240.0,240.0,0,25.93,22.36,21.93,17.97,10.38,150.43
1670.0,27.83,0.0,0.0,240.0,240.0,0,25.9,22.36,21.9,17.93,10.35,149.58
1675.0,27.92,0.0,0.0,240.0,240.0,0,25.87,22.37,21.88,17.9,10.32,148.73
1680.0,28.0,0.0,0.0,240.0,240.0,0,25.85,22.37,21.86,17.86,10.29,147.89
1685.0,28.08,0.0,0.0,240.0,240.0,0,25.82,22.37,21.83,17.83,10.26,147.05
1690.0,28.17,0.0,0.0,240.0,240.0,0,25.79,22.37,21.81,17.8,10.23,146.22
1695.0,28.25,0.0,0.0,240.0,240.0,1,25.76,22.38,21.78,17.76,10.2,145.4
1700.0,28.33,0.0,0.0,240.0,240.0,1,25.73,22.38,21.76,17.73,10.17,144.58
1705.0,28.42,0.0,0.0,240.0,240.0,1,25.7,22.38,21.74,17.69,10.14,143.77
1710.0,28.5,0.0,0.0,240.0,240.0,1,25.67,22.38,21.71,17.66,10.11,142.97
1715.0,28.58,0.0,0.0,240.0,240.0,1,25.64,22.38,21.68,17.62,10.07,142.17
1720.0,28.67,0.0,0.0,240.0,240.0,1,25.61,22.38,21.66,17.58,10.04,141.38
1725.0,28.75,0.0,0.0,240.0,240.0,1,25.58,22.38,21.63,17.55,10.01,140.6
1730.0,28.83,0.0,0.0,240.0,240.0,1,25.55,22.39,21.61,17.51,9.98,139.82
1735.0,28.92,0.0,0.0,240.0,240.0,1,25.52,22.39,21.58,17.48,9.95,139.05
1740.0,29.0,0.0,0.0,240.0,240.0,1,25.49,22.39,21.55,17.44,9.92,138.28
1745.0,29.08,0.0,0.0,240.0,240.0,1,25.46,22.39,21.53,17.4,9.89,137.52
1750.0,29.17,0.0,0.0,240.0,240.0,1,25.43,22.39,21.5,17.37,9.85,136.77
1755.0,29.25,0.0,0.0,240.0,240.0,1,25.4,22.39,21.47,17.33,9.82,136.02
1760.0,29.33,0.0,0.0,240.0,240.0,1,25.36,22.39,21.45,17.29,9.79,135.27
1765.0,29.42,0.0,0.0,240.0,240.0,1,25.33,22.39,21.42,17.26,9.76,134.53
1770.0,29.5,0.0,0.0,240.0,240.0,1,25.3,22.39,21.39,17.22,9.72,133.8
1775.0,29.58,0.0,0.0,240.0,240.0,1,25.27,22.39,21.36,17.18,9.69,133.08
1780.0,29.67,0.0,0.0,240.0,240.0,1,25.24,22.39,21.33,17.15,9.66,132.35
1785.0,29.75,0.0,0.0,240.0,240.0,1,25.2,22.39,21.31,17.11,9.63,131.64
1790.0,29.83,0.0,0.0,240.0,240.0,1,25.17,22.39,21.28,17.07,9.59,130.93
1795.0,29.92,0.0,0.0,240.0,240.0,1,25.14,22.39,21.25,17.04,9.56,130.22
1800.0,30.0,0.0,0.0,240.0,240.0,1,25.1,22.39,21.22,17.0,9.53,129.52
1805.0,30.08,0.0,0.0,240.0,240.0,1,25.07,22.39,21.19,16.96,9.49,128.82
1810.0,30.17,0.0,0.0,240.0,240.0,1,25.04,22.39,21.16,16.92,9.46,128.13
1815.0,30.25,0.0,0.0,240.0,240.0,1,25.0,22.39,21.13,16.88,9.43,127.45
1820.0,30.33,0.0,0.0,240.0,240.0,1,24.97,22.39,21.1,16.85,9.39,126.77
1825.0,30.42,0.0,0.0,240.0,240.0,1,24.94,22.39,21.07,16.81,9.36,126.09
1830.0,30.5,0.0,0.0,240.0,240.0,1,24.9,22.39,21.04,16.77,9.33,125.42
1835.0,30.58,0.0,0.0,240.0,240.0,1,24.87,22.39,21.01,16.73,9.29,124.75
1840.0,30.67,0.0,0.0,240.0,240.0,1,24.83,22.39,20.98,16.69,9.26,124.09
1845.0,30.75,0.0,0.0,240.0,240.0,1,24.8,22.39,20.95,16.65,9.22,123.44
1850.0,30.83,0.0,0.0,240.0,240.0,1,24.76,22.39,20.92,16.62,9.19,122.78
1855.0,30.92,0.0,0.0,240.0,240.0,1,24.73,22.39,20.88,16.58,9.15,122.14
1860.0,31.0,0.0,0.0,240.0,240.0,1,24.69,22.38,20.85,16.54,9.12,121.49
1865.0,31.08,0.0,0.0,240.0,240.0,1,24.66,22.38,20.82,16.5,9.09,120.85
1870.0,31.17,0.0,0.0,240.0,240.0,1,24.62,22.38,20.79,16.46,9.05,120.22
1875.0,31.25,0.0,0.0,240.0,240.0,1,24.59,22.38,20.76,16.42,9.02,119.59
1880.0,31.33,0.0,0.0,240.0,240.0,1,24.55,22.38,20.73,16.38,8.98,118.96
1885.0,31.42,0.0,0.0,240.0,240.0,1,24.52,22.38,20.69,16.34,8.95,118.34
1890.0,31.5,0.0,0.0,240.0,240.0,1,24.48,22.37,20.66,16.3,8.91,117.73
1895.0,31.58,0.0,0.0,240.0,240.0,1,24.44,22.37,20.63,16.27,8.88,117.11
1900.0,31.67,0.0,0.0,240.0,240.0,1,24.41,22.37,20.59,16.23,8.84,116.51
1905.0,31.75,0.0,0.0,240.0,240.0,1,24.37,22.37,20.56,16.19,8.81,115.9
1910.0,31.83,0.0,0.0,240.0,240.0,1,24.34,22.37,20.53,16.15,8.77,115.3
1915.0,31.92,0.0,0.0,240.0,240.0,1,24.3,22.36,20.5,16.11,8.74,114.7
1920.0,32.0,0.0,0.0,240.0,240.0,1,24.26,22.36,20.46,16.07,8.7,114.11
1925.0,32.08,0.0,0.0,240.0,240.0,1,24.23,22.36,20.43,16.03,8.66,113.52
1930.0,32.17,0.0,0.0,240.0,240.0,1,24.19,22.36,20.39,15.99,8.63,112.94
1935.0,32.25,0.0,0.0,240.0,240.0,1,24.15,22.35,20.36,15.95,8.59,112.36
1940.0,32.33,0.0,0.0,240.0,240.0,1,24.11,22.35,20.33,15.91,8.56,111.78
1945.0,32.42,0.0,0.0,240.0,240.0,1,24.08,22.35,20.29,15.87,8.52,111.21
1950.0,32.5,0.0,0.0,240.0,240.0,1,24.04,22.35,20.26,15.83,8.49,110.64
1955.0,32.58,0.0,0.0,240.0,240.0,1,24.0,22.34,20.22,15.79,8.45,110.08
1960.0,32.67,0.0,0.0,240.0,240.0,1,23.97,22.34,20.19,15.75,8.41,109.51
1965.0,32.75,0.0,0.0,240.0,240.0,1,23.93,22.34,20.15,15.71,8.38,108.96
1970.0,32.83,0.0,0.0,240.0,240.0,1,23.89,22.33,20.12,15.67,8.34,108.4
1975.0,32.92,0.0,0.0,240.0,240.0,1,23.85,22.33,20.08,15.63,8.31,107.85
1980.0,33.0,0.0,0.0,240.0,240.0,1,23.81,22.33,20.05,15.59,8.27,107.31
1985.0,33.08,0.0,0.0,240.0,240.0,1,23.78,22.32,20.01,15.54,8.23,106.76
1990.0,33.17,0.0,0.0,240.0,240.0,1,23.74,22.32,19.98,15.5,8.2,106.22
1995.0,33.25,0.0,0.0,240.0,240.0,1,23.7,22.32,19.94,15.46,8.16,105.68
2000.0,33.33,0.0,0.0,240.0,240.0,1,23.66,22.31,19.91,15.42,8.12,105.15
2005.0,33.42,0.0,0.0,240.0,240.0,1,23.62,22.31,19.87,15.38,8.09,104.62
2010.0,33.5,0.0,0.0,240.0,240.0,1,23.58,22.3,19.84,15.34,8.05,104.1
2015.0,33.58,0.0,0.0,240.0,240.0,1,23.55,22.3,19.8,15.3,8.01,103.57
2020.0,33.67,0.0,0.0,240.0,240.0,1,23.51,22.3,19.76,15.26,7.98,103.05
2025.0,33.75,0.0,0.0,240.0,240.0,1,23.47,22.29,19.73,15.22,7.94,102.54
2030.0,33.83,0.0,0.0,240.0,240.0,1,23.43,22.29,19.69,15.18,7.9,102.02
2035.0,33.92,0.0,0.0,240.0,240.0,1,23.39,22.28,19.65,15.14,7.87,101.51
2040.0,34.0,0.0,0.0,240.0,240.0,1,23.35,22.28,19.62,15.09,7.83,101.01
2045.0,34.08,0.0,0.0,240.0,240.0,1,23.31,22.27,19.58,15.05,7.79,100.5
2050.0,34.17,0.0,0.0,240.0,240.0,1,23.27,22.27,19.54,15.01,7.76,100.0
2055.0,34.25,0.0,0.0,240.0,240.0,1,23.23,22.26,19.51,14.97,7.72,99.51
2060.0,34.33,0.0,0.0,240.0,240.0,1,23.2,22.26,19.47,14.93,7.68,99.01
2065.0,34.42,0.0,0.0,240.0,240.0,1,23.16,22.25,19.43,14.89,7.65,98.52
2070.0,34.5,0.0,0.0,240.0,240.0,1,23.12,22.25,19.4,14.85,7.61,98.03
2075.0,34.58,0.0,0.0,240.0,240.0,1,23.08,22.24,19.36,14.81,7.57,97.55
2080.0,34.67,0.0,0.0,240.0,240.0,1,23.04,22.24,19.32,14.76,7.53,97.06
2085.0,34.75,0.0,0.0,240.0,240.0,1,23.0,22.23,19.28,14.72,7.5,96.58
2090.0,34.83,0.0,0.0,240.0,240.0,1,22.96,22.23,19.25,14.68,7.46,96.11
2095.0,34.92,0.0,0.0,240.0,240.0,1,22.92,22.22,19.21,14.64,7.42,95.63
2100.0,35.0,0.0,0.0,240.0,240.0,1,22.88,22.22,19.17,14.6,7.39,95.16
2105.0,35.08,0.0,0.0,240.0,240.0,1,22.84,22.21,19.13,14.56,7.35,94.7
2110.0,35.17,0.0,0.0,240.0,240.0,1,22.8,22.2,19.09,14.51,7.31,94.23
2115.0,35.25,0.0,0.0,240.0,240.0,1,22.76,22.2,19.06,14.47,7.27,93.77
2120.0,35.33,0.0,0.0,240.0,240.0,1,22.72,22.19,19.02,14.43,7.23,93.31
2125.0,35.42,0.0,0.0,240.0,240.0,1,22.68,22.19,18.98,14.39,7.2,92.85
2130.0,35.5,0.0,0.0,240.0,240.0,1,22.64,22.18,18.94,14.35,7.16,92.4
2135.0,35.58,0.0,0.0,240.0,240.0,1,22.6,22.17,18.9,14.3,7.12,91.95
2140.0,35.67,0.0,0.0,240.0,240.0,1,22.56,22.17,18.86,14.26,7.08,91.5
2145.0,35.75,0.0,0.0,240.0,240.0,1,22.52,22.16,18.83,14.22,7.05,91.05
2150.0,35.83,0.0,0.0,240.0,240.0,1,22.48,22.15,18.79,14.18,7.01,90.61
2155.0,35.92,0.0,0.0,240.0,240.0,1,22.44,22.15,18.75,14.14,6.97,90.17
2160.0,36.0,0.0,0.0,240.0,240.0,1,22.39,22.14,18.71,14.1,6.93,89.73
2165.0,36.08,0.0,0.0,240.0,240.0,1,22.35,22.13,18.67,14.05,6.89,89.3
2170.0,36.17,0.0,0.0,240.0,240.0,1,22.31,22.13,18.63,14.01,6.86,88.86
2175.0,36.25,0.0,0.0,240.0,240.0,1,22.27,22.12,18.59,13.97,6.82,88.43
2180.0,36.33,0.0,0.0,240.0,240.0,1,22.23,22.11,18.55,13.93,6.78,88.0
2185.0,36.42,0.0,0.0,240.0,240.0,1,22.19,22.11,18.51,13.88,6.74,87.58
2190.0,36.5,0.0,0.0,240.0,240.0,1,22.15,22.1,18.47,13.84,6.71,87.16
2195.0,36.58,0.0,0.0,240.0,240.0,1,22.11,22.09,18.44,13.8,6.67,86.74
2200.0,36.67,0.0,0.0,240.0,240.0,1,22.07,22.08,18.4,13.76,6.63,86.32
2205.0,36.75,0.0,0.0,240.0,240.0,1,22.03,22.08,18.36,13.72,6.59,85.9
2210.0,36.83,0.0,0.0,240.0,240.0,1,21.99,22.07,18.32,13.67,6.55,85.49
2215.0,36.92,0.0,0.0,240.0,240.0,1,21.94,22.06,18.28,13.63,6.51,85.08
2220.0,37.0,0.0,0.0,240.0,240.0,1,21.9,22.05,18.24,13.59,6.48,84.67
2225.0,37.08,0.0,0.0,240.0,240.0,1,21.86,22.05,18.2,13.55,6.44,84.26
2230.0,37.17,0.0,0.0,240.0,240.0,1,21.82,22.04,18.16,13.5,6.4,83.86
2235.0,37.25,0.0,0.0,240.0,240.0,1,21.78,22.03,18.12,13.46,6.36,83.46
2240.0,37.33,0.0,0.0,240.0,240.0,1,21.74,22.02,18.08,13.42,6.32,83.06
2245.0,37.42,0.0,0.0,240.0,240.0,1,21.7,22.01,18.04,13.38,6.29,82.66
2250.0,37.5,0.0,0.0,240.0,240.0,1,21.66,22.01,18.0,13.33,6.25,82.26
2255.0,37.58,0.0,0.0,240.0,240.0,1,21.61,22.0,17.96,13.29,6.21,81.87
2260.0,37.67,0.0,0.0,240.0,240.0,1,21.57,21.99,17.92,13.25,6.17,81.48
2265.0,37.75,0.0,0.0,240.0,240.0,1,21.53,21.98,17.88,13.21,6.13,81.09
2270.0,37.83,0.0,0.0,240.0,240.0,1,21.49,21.97,17.84,13.17,6.09,80.71
2275.0,37.92,0.0,0.0,240.0,240.0,1,21.45,21.96,17.8,13.12,6.06,80.32
2280.0,38.0,0.0,0.0,240.0,240.0,1,21.41,21.95,17.76,13.08,6.02,79.94
2285.0,38.08,0.0,0.0,240.0,240.0,1,21.37,21.95,17.72,13.04,5.98,79.56
2290.0,38.17,0.0,0.0,240.0,240.0,1,21.32,21.94,17.68,13.0,5.94,79.18
2295.0,38.25,0.0,0.0,240.0,240.0,1,21.28,21.93,17.64,12.95,5.9,78.81
2300.0,38.33,0.0,0.0,240.0,240.0,1,21.24,21.92,17.6,12.91,5.86,78.43
2305.0,38.42,0.0,0.0,240.0,240.0,1,21.2,21.91,17.55,12.87,5.83,78.06
2310.0,38.5,0.0,0.0,240.0,240.0,1,21.16,21.9,17.51,12.83,5.79,77.69
2315.0,38.58,0.0,0.0,240.0,240.0,1,21.11,21.89,17.47,12.78,5.75,77.32
2320.0,38.67,0.0,0.0,240.0,240.0,1,21.07,21.88,17.43,12.74,5.71,76.96
2325.0,38.75,0.0,0.0,240.0,240.0,1,21.03,21.87,17.39,12.7,5.67,76.6
2330.0,38.83,0.0,0.0,240.0,240.0,1,20.99,21.86,17.35,12.66,5.63,76.23
2335.0,38.92,0.0,0.0,240.0,240.0,1,20.95,21.85,17.31,12.61,5.6,75.87
2340.0,39.0,0.0,0.0,240.0,240.0,1,20.91,21.84,17.27,12.57,5.56,75.52
2345.0,39.08,0.0,0.0,240.0,240.0,1,20.86,21.83,17.23,12.53,5.52,75.16
2350.0,39.17,0.0,0.0,240.0,240.0,1,20.82,21.82,17.19,12.49,5.48,74.81
2355.0,39.25,0.0,0.0,240.0,240.0,1,20.78,21.81,17.15,12.44,5.44,74.46
2360.0,39.33,0.0,0.0,240.0,240.0,1,20.74,21.8,17.11,12.4,5.4,74.11
2365.0,39.42,0.0,0.0,240.0,240.0,1,20.7,21.79,17.06,12.36,5.36,73.76
2370.0,39.5,0.0,0.0,240.0,240.0,1,20.65,21.78,17.02,12.31,5.33,73.41
2375.0,39.58,0.0,0.0,240.0,240.0,1,20.61,21.77,16.98,12.27,5.29,73.07
2380.0,39.67,0.0,0.0,240.0,240.0,1,20.57,21.76,16.94,12.23,5.25,72.72
2385.0,39.75,0.0,0.0,240.0,240.0,1,20.53,21.75,16.9,12.19,5.21,72.38
2390.0,39.83,0.0,0.0,240.0,240.0,1,20.49,21.74,16.86,12.14,5.17,72.04
2395.0,39.92,0.0,0.0,240.0,240.0,1,20.44,21.73,16.82,12.1,5.13,71.71
2400.0,40.0,0.0,0.0,240.0,240.0,1,20.4,21.72,16.78,12.06,5.09,71.37
2405.0,40.08,0.0,0.0,240.0,240.0,1,20.36,21.71,16.74,12.02,5.06,71.04
2410.0,40.17,0.0,0.0,240.0,240.0,1,20.32,21.7,16.69,11.97,5.02,70.71
2415.0,40.25,0.0,0.0,240.0,240.0,1,20.28,21.69,16.65,11.93,4.98,70.38
2420.0,40.33,0.0,0.0,240.0,240.0,1,20.23,21.68,16.61,11.89,4.94,70.05
2425.0,40.42,0.0,0.0,240.0,240.0,1,20.19,21.66,16.57,11.85,4.9,69.72
2430.0,40.5,0.0,0.0,240.0,240.0,1,20.15,21.65,16.53,11.8,4.86,69.4
2435.0,40.58,0.0,0.0,240.0,240.0,1,20.11,21.64,16.49,11.76,4.82,69.07
2440.0,40.67,0.0,0.0,240.0,240.0,1,20.06,21.63,16.45,11.72,4.79,68.75
2445.0,40.75,0.0,0.0,240.0,240.0,1,20.02,21.62,16.4,11.68,4.75,68.43
2450.0,40.83,0.0,0.0,240.0,240.0,1,19.98,21.61,16.36,11.63,4.71,68.11
2455.0,40.92,0.0,0.0,240.0,240.0,1,19.94,21.6,16.32,11.59,4.67,67.79
2460.0,41.0,0.0,0.0,240.0,240.0,1,19.9,21.58,16.28,11.55,4.63,67.48
2465.0,41.08,0.0,0.0,240.0,240.0,1,19.85,21.57,16.24,11.51,4.59,67.17
2470.0,41.17,0.0,0.0,240.0,240.0,1,19.81,21.56,16.2,11.46,4.56,66.85
2475.0,41.25,0.0,0.0,240.0,240.0,1,19.77,21.55,16.15,11.42,4.52,66.54
2480.0,41.33,0.0,0.0,240.0,240.0,1,19.73,21.54,16.11,11.38,4.48,66.24
2485.0,41.42,0.0,0.0,240.0,240.0,1,19.68,21.53,16.07,11.34,4.44,65.93
2490.0,41.5,0.0,0.0,240.0,240.0,1,19.64,21.51,16.03,11.29,4.4,65.62
2495.0,41.58,0.0,0.0,240.0,240.0,1,19.6,21.5,15.99,11.25,4.36,65.32
2500.0,41.67,0.0,0.0,240.0,240.0,1,19.56,21.49,15.95,11.21,4.32,65.02
2505.0,41.75,0.0,0.0,240.0,240.0,1,19.52,21.48,15.9,11.17,4.28,64.72
2510.0,41.83,0.0,0.0,240.0,240.0,1,19.47,21.46,15.86,11.12,4.25,64.42
2515.0,41.92,0.0,0.0,240.0,240.0,1,19.43,21.45,15.82,11.08,4.21,64.12
2520.0,42.0,0.0,0.0,240.0,240.0,1,19.39,21.44,15.78,11.04,4.17,63.82
2525.0,42.08,0.0,0.0,240.0,240.0,1,19.35,21.43,15.74,11.0,4.13,63.53
2530.0,42.17,0.0,0.0,240.0,240.0,1,19.3,21.41,15.7,10.95,4.09,63.23
2535.0,42.25,0.0,0.0,240.0,240.0,1,19.26,21.4,15.65,10.91,4.05,62.94
2540.0,42.33,0.0,0.0,240.0,240.0,1,19.22,21.39,15.61,10.87,4.02,62.65
2545.0,42.42,0.0,0.0,240.0,240.0,1,19.18,21.38,15.57,10.83,3.98,62.36
2550.0,42.5,0.0,0.0,240.0,240.0,1,19.13,21.36,15.53,10.78,3.94,62.07
2555.0,42.58,0.0,0.0,240.0,240.0,1,19.09,21.35,15.49,10.74,3.9,61.79
2560.0,42.67,0.0,0.0,240.0,240.0,1,19.05,21.34,15.44,10.7,3.86,61.5
2565.0,42.75,0.0,0.0,240.0,240.0,1,19.01,21.32,15.4,10.66,3.82,61.22
2570.0,42.83,0.0,0.0,240.0,240.0,1,18.97,21.31,15.36,10.62,3.78,60.94
2575.0,42.92,0.0,0.0,240.0,240.0,1,18.92,21.3,15.32,10.57,3.75,60.66
2580.0,43.0,0.0,0.0,240.0,240.0,1,18.88,21.28,15.28,10.53,3.71,60.38
2585.0,43.08,0.0,0.0,240.0,240.0,1,18.84,21.27,15.24,10.49,3.67,60.1
2590.0,43.17,0.0,0.0,240.0,240.0,1,18.8,21.26,15.19,10.45,3.63,59.82
2595.0,43.25,0.0,0.0,240.0,240.0,1,18.75,21.24,15.15,10.4,3.59,59.55
2600.0,43.33,0.0,0.0,240.0,240.0,1,18.71,21.23,15.11,10.36,3.55,59.28
2605.0,43.42,0.0,0.0,240.0,240.0,1,18.67,21.21,15.07,10.32,3.52,59.0
2610.0,43.5,0.0,0.0,240.0,240.0,1,18.63,21.2,15.03,10.28,3.48,58.73
2615.0,43.58,0.0,0.0,240.0,240.0,1,18.59,21.19,14.98,10.24,3.44,58.46
2620.0,43.67,0.0,0.0,240.0,240.0,1,18.54,21.17,14.94,10.19,3.4,58.19
2625.0,43.75,0.0,0.0,240.0,240.0,1,18.5,21.16,14.9,10.15,3.36,57.93
2630.0,43.83,0.0,0.0,240.0,240.0,1,18.46,21.14,14.86,10.11,3.32,57.66
2635.0,43.92,0.0,0.0,240.0,240.0,1,18.42,21.13,14.82,10.07,3.29,57.4
2640.0,44.0,0.0,0.0,240.0,240.0,1,18.37,21.12,14.77,10.02,3.25,57.13
2645.0,44.08,0.0,0.0,240.0,240.0,1,18.33,21.1,14.73,9.98,3.21,56.87
2650.0,44.17,0.0,0.0,240.0,240.0,1,18.29,21.09,14.69,9.94,3.17,56.61
2655.0,44.25,0.0,0.0,240.0,240.0,1,18.25,21.07,14.65,9.9,3.13,56.35
2660.0,44.33,0.0,0.0,240.0,240.0,1,18.21,21.06,14.61,9.86,3.09,56.09
2665.0,44.42,0.0,0.0,240.0,240.0,1,18.16,21.04,14.57,9.81,3.06,55.83
2670.0,44.5,0.0,0.0,240.0,240.0,1,18.12,21.03,14.52,9.77,3.02,55.58
2675.0,44.58,0.0,0.0,240.0,240.0,1,18.08,21.01,14.48,9.73,2.98,55.32
2680.0,44.67,0.0,0.0,240.0,240.0,1,18.04,21.0,14.44,9.69,2.94,55.07
2685.0,44.75,0.0,0.0,240.0,240.0,1,18.0,20.98,14.4,9.65,2.9,54.82
2690.0,44.83,0.0,0.0,240.0,240.0,1,17.95,20.97,14.36,9.6,2.87,54.57
2695.0,44.92,0.0,0.0,240.0,240.0,1,17.91,20.95,14.31,9.56,2.83,54.32
2700.0,45.0,0.0,0.0,240.0,240.0,1,17.87,20.94,14.27,9.52,2.79,54.07
2705.0,45.08,0.0,0.0,240.0,240.0,1,17.83,20.92,14.23,9.48,2.75,53.82
2710.0,45.17,0.0,0.0,240.0,240.0,1,17.78,20.91,14.19,9.44,2.71,53.58
2715.0,45.25,0.0,0.0,240.0,240.0,1,17.74,20.89,14.15,9.4,2.68,53.33
2720.0,45.33,0.0,0.0,240.0,240.0,1,17.7,20.88,14.1,9.35,2.64,53.09
2725.0,45.42,0.0,0.0,240.0,240.0,1,17.66,20.86,14.06,9.31,2.6,52.84
2730.0,45.5,0.0,0.0,240.0,240.0,1,17.62,20.85,14.02,9.27,2.56,52.6
2735.0,45.58,0.0,0.0,240.0,240.0,1,17.57,20.83,13.98,9.23,2.52,52.36
2740.0,45.67,0.0,0.0,240.0,240.0,1,17.53,20.82,13.94,9.19,2.49,52.12
2745.0,45.75,0.0,0.0,240.0,240.0,1,17.49,20.8,13.89,9.14,2.45,51.88
2750.0,45.83,0.0,0.0,240.0,240.0,1,17.45,20.79,13.85,9.1,2.41,51.65
2755.0,45.92,0.0,0.0,240.0,240.0,1,17.41,20.77,13.81,9.06,2.37,51.41
2760.0,46.0,0.0,0.0,240.0,240.0,1,17.37,20.75,13.77,9.02,2.33,51.18
2765.0,46.08,0.0,0.0,240.0,240.0,1,17.32,20.74,13.73,8.98,2.3,50.94
2770.0,46.17,0.0,0.0,240.0,240.0,1,17.28,20.72,13.69,8.94,2.26,50.71
2775.0,46.25,0.0,0.0,240.0,240.0,1,17.24,20.71,13.64,8.9,2.22,50.48
2780.0,46.33,0.0,0.0,240.0,240.0,1,17.2,20.69,13.6,8.85,2.18,50.25
2785.0,46.42,0.0,0.0,240.0,240.0,1,17.16,20.67,13.56,8.81,2.14,50.02
2790.0,46.5,0.0,0.0,240.0,240.0,1,17.11,20.66,13.52,8.77,2.11,49.79
2795.0,46.58,0.0,0.0,240.0,240.0,1,17.07,20.64,13.48,8.73,2.07,49.56
2800.0,46.67,0.0,0.0,240.0,240.0,1,17.03,20.63,13.44,8.69,2.03,49.33
2805.0,46.75,0.0,0.0,240.0,240.0,1,16.99,20.61,13.39,8.65,1.99,49.11
2810.0,46.83,0.0,0.0,240.0,240.0,1,16.95,20.59,13.35,8.61,1.96,48.88
2815.0,46.92,0.0,0.0,240.0,240.0,1,16.91,20.58,13.31,8.56,1.92,48.66
2820.0,47.0,0.0,0.0,240.0,240.0,1,16.86,20.56,13.27,8.52,1.88,48.44
2825.0,47.08,0.0,0.0,240.0,240.0,1,16.82,20.54,13.23,8.48,1.84,48.22
2830.0,47.17,0.0,0.0,240.0,240.0,1,16.78,20.53,13.19,8.44,1.81,48.0
2835.0,47.25,0.0,0.0,240.0,240.0,1,16.74,20.51,13.14,8.4,1.77,47.78
2840.0,47.33,0.0,0.0,240.0,240.0,1,16.7,20.49,13.1,8.36,1.73,47.56
2845.0,47.42,0.0,0.0,240.0,240.0,1,16.66,20.48,13.06,8.32,1.69,47.34
2850.0,47.5,0.0,0.0,240.0,240.0,1,16.61,20.46,13.02,8.28,1.66,47.12
2855.0,47.58,0.0,0.0,240.0,240.0,1,16.57,20.44,12.98,8.23,1.62,46.91
2860.0,47.67,0.0,0.0,240.0,240.0,1,16.53,20.42,12.94,8.19,1.58,46.69
2865.0,47.75,0.0,0.0,240.0,240.0,1,16.49,20.41,12.89,8.15,1.54,46.48
2870.0,47.83,0.0,0.0,240.0,240.0,1,16.45,20.39,12.85,8.11,1.5,46.27
2875.0,47.92,0.0,0.0,240.0,240.0,1,16.41,20.37,12.81,8.07,1.47,46.06
2880.0,48.0,0.0,0.0,240.0,240.0,1,16.37,20.36,12.77,8.03,1.43,45.85
2885.0,48.08,0.0,0.0,240.0,240.0,1,16.32,20.34,12.73,7.99,1.39,45.64
2890.0,48.17,0.0,0.0,240.0,240.0,1,16.28,20.32,12.69,7.95,1.35,45.43
2895.0,48.25,0.0,0.0,240.0,240.0,1,16.24,20.3,12.65,7.91,1.32,45.22
2900.0,48.33,0.0,0.0,240.0,240.0,1,16.2,20.29,12.6,7.87,1.28,45.01
2905.0,48.42,0.0,0.0,240.0,240.0,1,16.16,20.27,12.56,7.82,1.24,44.81
2910.0,48.5,0.0,0.0,240.0,240.0,1,16.12,20.25,12.52,7.78,1.21,44.6
2915.0,48.58,0.0,0.0,240.0,240.0,1,16.08,20.23,12.48,7.74,1.17,44.4
2920.0,48.67,0.0,0.0,240.0,240.0,1,16.03,20.21,12.44,7.7,1.13,44.19
2925.0,48.75,0.0,0.0,240.0,240.0,1,15.99,20.2,12.4,7.66,1.09,43.99
2930.0,48.83,0.0,0.0,240.0,240.0,1,15.95,20.18,12.36,7.62,1.06,43.79
2935.0,48.92,0.0,0.0,240.0,240.0,1,15.91,20.16,12.31,7.58,1.02,43.59
2940.0,49.0,0.0,0.0,240.0,240.0,1,15.87,20.14,12.27,7.54,0.98,43.39
2945.0,49.08,0.0,0.0,240.0,240.0,1,15.83,20.13,12.23,7.5,0.95,43.19
2950.0,49.17,0.0,0.0,240.0,240.0,1,15.79,20.11,12.19,7.46,0.91,42.99
2955.0,49.25,0.0,0.0,240.0,240.0,1,15.75,20.09,12.15,7.42,0.87,42.79
2960.0,49.33,0.0,0.0,240.0,240.0,1,15.71,20.07,12.11,7.38,0.83,42.6
2965.0,49.42,0.0,0.0,240.0,240.0,1,15.66,20.05,12.07,7.34,0.8,42.4
2970.0,49.5,0.0,0.0,240.0,240.0,1,15.62,20.03,12.03,7.3,0.76,42.21
2975.0,49.58,0.0,0.0,240.0,240.0,1,15.58,20.02,11.98,7.26,0.72,42.01
2980.0,49.67,0.0,0.0,240.0,240.0,1,15.54,20.0,11.94,7.21,0.69,41.82
2985.0,49.75,0.0,0.0,240.0,240.0,1,15.5,19.98,11.9,7.17,0.65,41.63
2990.0,49.83,0.0,0.0,240.0,240.0,1,15.46,19.96,11.86,7.13,0.61,41.44
2995.0,49.92,0.0,0.0,240.0,240.0,1,15.42,19.94,11.82,7.09,0.58,41.25
3000.0,50.0,0.0,0.0,240.0,240.0,1,15.38,19.92,11.78,7.05,0.54,41.06
3005.0,50.08,0.0,0.0,240.0,240.0,1,15.34,19.9,11.74,7.01,0.5,40.87
3010.0,50.17,0.0,0.0,240.0,240.0,1,15.3,19.89,11.7,6.97,0.46,40.68
3015.0,50.25,0.0,0.0,240.0,240.0,1,15.26,19.87,11.66,6.93,0.43,40.49
3020.0,50.33,0.0,0.0,240.0,240.0,1,15.21,19.85,11.61,6.89,0.39,40.31
3025.0,50.42,0.0,0.0,240.0,240.0,1,15.17,19.83,11.57,6.85,0.35,40.12
3030.0,50.5,0.0,0.0,240.0,240.0,1,15.13,19.81,11.53,6.81,0.32,39.94
3035.0,50.58,0.0,0.0,240.0,240.0,1,15.09,19.79,11.49,6.77,0.28,39.75
3040.0,50.67,0.0,0.0,240.0,240.0,1,15.05,19.77,11.45,6.73,0.24,39.57
3045.0,50.75,0.0,0.0,240.0,240.0,1,15.01,19.75,11.41,6.69,0.21,39.39
3050.0,50.83,0.0,0.0,240.0,240.0,1,14.97,19.73,11.37,6.65,0.17,39.21
3055.0,50.92,0.0,0.0,240.0,240.0,1,14.93,19.72,11.33,6.61,0.13,39.02
3060.0,51.0,0.0,0.0,240.0,240.0,1,14.89,19.7,11.29,6.57,0.1,38.84
3065.0,51.08,0.0,0.0,240.0,240.0,1,14.85,19.68,11.25,6.53,0.06,38.66
3070.0,51.17,0.0,0.0,240.0,240.0,1,14.81,19.66,11.21,6.49,0.03,38.49
3075.0,51.25,0.0,0.0,240.0,240.0,1,14.77,19.64,11.17,6.45,-0.01,38.31
3080.0,51.33,0.0,0.0,240.0,240.0,1,14.73,19.62,11.13,6.41,-0.05,38.13
3085.0,51.42,0.0,0.0,240.0,240.0,1,14.69,19.6,11.08,6.37,-0.08,37.95
3090.0,51.5,0.0,0.0,240.0,240.0,1,14.65,19.58,11.04,6.33,-0.12,37.78
3095.0,51.58,0.0,0.0,240.0,240.0,1,14.61,19.56,11.0,6.29,-0.16,37.6
3100.0,51.67,0.0,0.0,240.0,240.0,1,14.57,19.54,10.96,6.25,-0.19,37.43
3105.0,51.75,0.0,0.0,240.0,240.0,1,14.53,19.52,10.92,6.21,-0.23,37.26
3110.0,51.83,0.0,0.0,240.0,240.0,1,14.49,19.5,10.88,6.17,-0.27,37.08
3115.0,51.92,0.0,0.0,240.0,240.0,1,14.45,19.48,10.84,6.13,-0.3,36.91
3120.0,52.0,0.0,0.0,240.0,240.0,1,14.41,19.46,10.8,6.09,-0.34,36.74
3125.0,52.08,0.0,0.0,240.0,240.0,1,14.37,19.44,10.76,6.06,-0.37,36.57
3130.0,52.17,0.0,0.0,240.0,240.0,1,14.32,19.42,10.72,6.02,-0.41,36.4
3135.0,52.25,0.0,0.0,240.0,240.0,1,14.28,19.4,10.68,5.98,-0.45,36.23
3140.0,52.33,0.0,0.0,240.0,240.0,1,14.24,19.38,10.64,5.94,-0.48,36.06
3145.0,52.42,0.0,0.0,240.0,240.0,1,14.2,19.36,10.6,5.9,-0.52,35.89
3150.0,52.5,0.0,0.0,240.0,240.0,1,14.16,19.34,10.56,5.86,-0.56,35.73
3155.0,52.58,0.0,0.0,240.0,240.0,1,14.12,19.32,10.52,5.82,-0.59,35.56
3160.0,52.67,0.0,0.0,240.0,240.0,1,14.08,19.3,10.48,5.78,-0.63,35.4
3165.0,52.75,0.0,0.0,240.0,240.0,1,14.04,19.28,10.44,5.74,-0.66,35.23
3170.0,52.83,0.0,0.0,240.0,240.0,1,14.0,19.26,10.4,5.7,-0.7,35.07
3175.0,52.92,0.0,0.0,240.0,240.0,1,13.97,19.24,10.36,5.66,-0.73,34.9
3180.0,53.0,0.0,0.0,240.0,240.0,1,13.93,19.22,10.32,5.62,-0.77,34.74
3185.0,53.08,0.0,0.0,240.0,240.0,1,13.89,19.2,10.28,5.58,-0.81,34.58
3190.0,53.17,0.0,0.0,240.0,240.0,1,13.85,19.18,10.24,5.54,-0.84,34.42
3195.0,53.25,0.0,0.0,240.0,240.0,1,13.81,19.16,10.2,5.5,-0.88,34.26
3200.0,53.33,0.0,0.0,240.0,240.0,1,13.77,19.14,10.16,5.47,-0.91,34.09
3205.0,53.42,0.0,0.0,240.0,240.0,1,13.73,19.12,10.12,5.43,-0.95,33.94
3210.0,53.5,0.0,0.0,240.0,240.0,1,13.69,19.1,10.08,5.39,-0.98,33.78
3215.0,53.58,0.0,0.0,240.0,240.0,1,13.65,19.08,10.04,5.35,-1.02,33.62
3220.0,53.67,0.0,0.0,240.0,240.0,1,13.61,19.05,10.0,5.31,-1.06,33.46
3225.0,53.75,0.0,0.0,240.0,240.0,1,13.57,19.03,9.96,5.27,-1.09,33.3
3230.0,53.83,0.0,0.0,240.0,240.0,1,13.53,19.01,9.92,5.23,-1.13,33.15
3235.0,53.92,0.0,0.0,240.0,240.0,1,13.49,18.99,9.88,5.19,-1.16,32.99
3240.0,54.0,0.0,0.0,240.0,240.0,1,13.45,18.97,9.84,5.15,-1.2,32.84
3245.0,54.08,0.0,0.0,240.0,240.0,1,13.41,18.95,9.8,5.12,-1.23,32.68
3250.0,54.17,0.0,0.0,240.0,240.0,1,13.37,18.93,9.76,5.08,-1.27,32.53
3255.0,54.25,0.0,0.0,240.0,240.0,1,13.33,18.91,9.72,5.04,-1.31,32.37
3260.0,54.33,0.0,0.0,240.0,240.0,1,13.29,18.89,9.68,5.0,-1.34,32.22
3265.0,54.42,0.0,0.0,240.0,240.0,1,13.25,18.87,9.64,4.96,-1.38,32.07
3270.0,54.5,0.0,0.0,240.0,240.0,1,13.21,18.84,9.6,4.92,-1.41,31.92
3275.0,54.58,0.0,0.0,240.0,240.0,1,13.17,18.82,9.56,4.88,-1.45,31.77
3280.0,54.67,0.0,0.0,240.0,240.0,1,13.14,18.8,9.52,4.85,-1.48,31.62
3285.0,54.75,0.0,0.0,240.0,240.0,1,13.1,18.78,9.48,4.81,-1.52,31.47
3290.0,54.83,0.0,0.0,240.0,240.0,1,13.06,18.76,9.44,4.77,-1.55,31.32
3295.0,54.92,0.0,0.0,240.0,240.0,1,13.02,18.74,9.4,4.73,-1.59,31.17
3300.0,55.0,0.0,0.0,240.0,240.0,1,12.98,18.72,9.36,4.69,-1.62,31.02
3305.0,55.08,0.0,0.0,240.0,240.0,1,12.94,18.7,9.32,4.65,-1.66,30.87
3310.0,55.17,0.0,0.0,240.0,240.0,1,12.9,18.67,9.28,4.62,-1.69,30.73
3315.0,55.25,0.0,0.0,240.0,240.0,1,12.86,18.65,9.24,4.58,-1.73,30.58
3320.0,55.33,0.0,0.0,240.0,240.0,1,12.82,18.63,9.2,4.54,-1.76,30.44
3325.0,55.42,0.0,0.0,240.0,240.0,1,12.78,18.61,9.17,4.5,-1.8,30.29
3330.0,55.5,0.0,0.0,240.0,240.0,1,12.74,18.59,9.13,4.46,-1.83,30.15
3335.0,55.58,0.0,0.0,240.0,240.0,1,12.71,18.57,9.09,4.42,-1.87,30.0
3340.0,55.67,0.0,0.0,240.0,240.0,1,12.67,18.54,9.05,4.39,-1.9,29.86
3345.0,55.75,0.0,0.0,240.0,240.0,1,12.63,18.52,9.01,4.35,-1.94,29.72
3350.0,55.83,0.0,0.0,240.0,240.0,1,12.59,18.5,8.97,4.31,-1.97,29.57
3355.0,55.92,0.0,0.0,240.0,240.0,1,12.55,18.48,8.93,4.27,-2.01,29.43
3360.0,56.0,0.0,0.0,240.0,240.0,1,12.51,18.46,8.89,4.23,-2.04,29.29
3365.0,56.08,0.0,0.0,240.0,240.0,1,12.47,18.43,8.85,4.2,-2.08,29.15
3370.0,56.17,0.0,0.0,240.0,240.0,1,12.43,18.41,8.81,4.16,-2.11,29.01
3375.0,56.25,0.0,0.0,240.0,240.0,1,12.4,18.39,8.77,4.12,-2.15,28.87
3380.0,56.33,0.0,0.0,240.0,240.0,1,12.36,18.37,8.73,4.08,-2.18,28.73
3385.0,56.42,0.0,0.0,240.0,240.0,1,12.32,18.35,8.7,4.04,-2.22,28.59
3390.0,56.5,0.0,0.0,240.0,240.0,1,12.28,18.32,8.66,4.01,-2.25,28.46
3395.0,56.58,0.0,0.0,240.0,240.0,1,12.24,18.3,8.62,3.97,-2.29,28.32
3400.0,56.67,0.0,0.0,240.0,240.0,1,12.2,18.28,8.58,3.93,-2.32,28.18
3405.0,56.75,0.0,0.0,240.0,240.0,1,12.17,18.26,8.54,3.89,-2.36,28.05
3410.0,56.83,0.0,0.0,240.0,240.0,1,12.13,18.23,8.5,3.86,-2.39,27.91
3415.0,56.92,0.0,0.0,240.0,240.0,1,12.09,18.21,8.46,3.82,-2.42,27.78
3420.0,57.0,0.0,0.0,240.0,240.0,1,12.05,18.19,8.42,3.78,-2.46,27.64
3425.0,57.08,0.0,0.0,240.0,240.0,1,12.01,18.17,8.39,3.74,-2.49,27.51
3430.0,57.17,0.0,0.0,240.0,240.0,1,11.97,18.15,8.35,3.71,-2.53,27.37
3435.0,57.25,0.0,0.0,240.0,240.0,1,11.94,18.12,8.31,3.67,-2.56,27.24
3440.0,57.33,0.0,0.0,240.0,240.0,1,11.9,18.1,8.27,3.63,-2.6,27.11
3445.0,57.42,0.0,0.0,240.0,240.0,1,11.86,18.08,8.23,3.59,-2.63,26.98
3450.0,57.5,0.0,0.0,240.0,240.0,1,11.82,18.06,8.19,3.56,-2.66,26.84
3455.0,57.58,0.0,0.0,240.0,240.0,1,11.78,18.03,8.15,3.52,-2.7,26.71
3460.0,57.67,0.0,0.0,240.0,240.0,1,11.75,18.01,8.12,3.48,-2.73,26.58
3465.0,57.75,0.0,0.0,240.0,240.0,1,11.71,17.99,8.08,3.44,-2.77,26.45
3470.0,57.83,0.0,0.0,240.0,240.0,1,11.67,17.96,8.04,3.41,-2.8,26.32
3475.0,57.92,0.0,0.0,240.0,240.0,1,11.63,17.94,8.0,3.37,-2.84,26.19
3480.0,58.0,0.0,0.0,240.0,240.0,1,11.59,17.92,7.96,3.33,-2.87,26.06
3485.0,58.08,0.0,0.0,240.0,240.0,1,11.56,17.9,7.92,3.3,-2.9,25.94
3490.0,58.17,0.0,0.0,240.0,240.0,1,11.52,17.87,7.89,3.26,-2.94,25.81
3495.0,58.25,0.0,0.0,240.0,240.0,1,11.48,17.85,7.85,3.22,-2.97,25.68
3500.0,58.33,0.0,0.0,240.0,240.0,1,11.44,17.83,7.81,3.18,-3.01,25.56
3505.0,58.42,0.0,0.0,240.0,240.0,1,11.4,17.8,7.77,3.15,-3.04,25.43
3510.0,58.5,0.0,0.0,240.0,240.0,1,11.37,17.78,7.73,3.11,-3.07,25.3
3515.0,58.58,0.0,0.0,240.0,240.0,1,11.33,17.76,7.7,3.07,-3.11,25.18
3520.0,58.67,0.0,0.0,240.0,240.0,1,11.29,17.74,7.66,3.04,-3.14,25.05
3525.0,58.75,0.0,0.0,240.0,240.0,1,11.25,17.71,7.62,3.0,-3.18,24.93
3530.0,58.83,0.0,0.0,240.0,240.0,1,11.22,17.69,7.58,2.96,-3.21,24.81
3535.0,58.92,0.0,0.0,240.0,240.0,1,11.18,17.67,7.54,2.93,-3.24,24.68
3540.0,59.0,0.0,0.0,240.0,240.0,1,11.14,17.64,7.51,2.89,-3.28,24.56
3545.0,59.08,0.0,0.0,240.0,240.0,1,11.1,17.62,7.47,2.85,-3.31,24.44
3550.0,59.17,0.0,0.0,240.0,240.0,1,11.07,17.6,7.43,2.82,-3.34,24.32
3555.0,59.25,0.0,0.0,240.0,240.0,1,11.03,17.57,7.39,2.78,-3.38,24.19
3560.0,59.33,0.0,0.0,240.0,240.0,1,10.99,17.55,7.35,2.74,-3.41,24.07
3565.0,59.42,0.0,0.0,240.0,240.0,1,10.95,17.53,7.32,2.71,-3.44,23.95
3570.0,59.5,0.0,0.0,240.0,240.0,1,10.92,17.5,7.28,2.67,-3.48,23.83
3575.0,59.58,0.0,0.0,240.0,240.0,1,10.88,17.48,7.24,2.63,-3.51,23.71
3580.0,59.67,0.0,0.0,240.0,240.0,1,10.84,17.46,7.2,2.6,-3.54,23.59
3585.0,59.75,0.0,0.0,240.0,240.0,1,10.81,17.43,7.17,2.56,-3.58,23.47
3590.0,59.83,0.0,0.0,240.0,240.0,1,10.77,17.41,7.13,2.53,-3.61,23.36
3595.0,59.92,0.0,0.0,240.0,240.0,1,10.73,17.39,7.09,2.49,-3.64,23.24
3600.0,60.0,0.0,0.0,240.0,240.0,1,10.69,17.36,7.05,2.45,-3.68,23.12
3605.0,60.08,0.0,0.0,240.0,240.0,1,10.66,17.34,7.02,2.42,-3.71,23.0
3610.0,60.17,0.0,0.0,240.0,240.0,1,10.62,17.32,6.98,2.38,-3.74,22.89
3615.0,60.25,0.0,0.0,240.0,240.0,1,10.58,17.29,6.94,2.34,-3.78,22.77
3620.0,60.33,0.0,0.0,240.0,240.0,1,10.55,17.27,6.9,2.31,-3.81,22.65
3625.0,60.42,0.0,0.0,240.0,240.0,1,10.51,17.24,6.87,2.27,-3.84,22.54
3630.0,60.5,0.0,0.0,240.0,240.0,1,10.47,17.22,6.83,2.24,-3.88,22.42
3635.0,60.58,0.0,0.0,240.0,240.0,1,10.44,17.2,6.79,2.2,-3.91,22.31
3640.0,60.67,0.0,0.0,240.0,240.0,1,10.4,17.17,6.75,2.16,-3.94,22.2
3645.0,60.75,0.0,0.0,240.0,240.0,1,10.36,17.15,6.72,2.13,-3.98,22.08
3650.0,60.83,0.0,0.0,240.0,240.0,1,10.33,17.13,6.68,2.09,-4.01,21.97
3655.0,60.92,0.0,0.0,240.0,240.0,1,10.29,17.1,6.64,2.06,-4.04,21.86
3660.0,61.0,0.0,0.0,240.0,240.0,1,10.25,17.08,6.61,2.02,-4.08,21.74
3665.0,61.08,0.0,0.0,240.0,240.0,1,10.22,17.05,6.57,1.98,-4.11,21.63
3670.0,61.17,0.0,0.0,240.0,240.0,1,10.18,17.03,6.53,1.95,-4.14,21.52
3675.0,61.25,0.0,0.0,240.0,240.0,1,10.14,17.01,6.49,1.91,-4.17,21.41
3680.0,61.33,0.0,0.0,240.0,240.0,1,10.11,16.98,6.46,1.88,-4.21,21.3
3685.0,61.42,0.0,0.0,240.0,240.0,1,10.07,16.96,6.42,1.84,-4.24,21.19
3690.0,61.5,0.0,0.0,240.0,240.0,1,10.03,16.93,6.38,1.81,-4.27,21.08
3695.0,61.58,0.0,0.0,240.0,240.0,1,10.0,16.91,6.35,1.77,-4.31,20.97
3700.0,61.67,0.0,0.0,240.0,240.0,1,9.96,16.89,6.31,1.73,-4.34,20.86
3705.0,61.75,0.0,0.0,240.0,240.0,1,9.92,16.86,6.27,1.7,-4.37,20.75
3710.0,61.83,0.0,0.0,240.0,240.0,1,9.89,16.84,6.24,1.66,-4.4,20.64
3715.0,61.92,0.0,0.0,240.0,240.0,1,9.85,16.81,6.2,1.63,-4.44,20.53
3720.0,62.0,0.0,0.0,240.0,240.0,1,9.82,16.79,6.16,1.59,-4.47,20.43
3725.0,62.08,0.0,0.0,240.0,240.0,1,9.78,16.76,6.13,1.56,-4.5,20.32
3730.0,62.17,0.0,0.0,240.0,240.0,1,9.74,16.74,6.09,1.52,-4.53,20.21
3735.0,62.25,0.0,0.0,240.0,240.0,1,9.71,16.72,6.05,1.49,-4.57,20.1
3740.0,62.33,0.0,0.0,240.0,240.0,1,9.67,16.69,6.02,1.45,-4.6,20.0
3745.0,62.42,0.0,0.0,240.0,240.0,1,9.64,16.67,5.98,1.42,-4.63,19.89
3750.0,62.5,0.0,0.0,240.0,240.0,1,9.6,16.64,5.94,1.38,-4.66,19.79
3755.0,62.58,0.0,0.0,240.0,240.0,1,9.56,16.62,5.91,1.35,-4.7,19.68
3760.0,62.67,0.0,0.0,240.0,240.0,1,9.53,16.59,5.87,1.31,-4.73,19.58
3765.0,62.75,0.0,0.0,240.0,240.0,1,9.49,16.57,5.83,1.27,-4.76,19.47
3770.0,62.83,0.0,0.0,240.0,240.0,1,9.46,16.54,5.8,1.24,-4.79,19.37
3775.0,62.92,0.0,0.0,240.0,240.0,1,9.42,16.52,5.76,1.2,-4.83,19.27
3780.0,63.0,0.0,0.0,240.0,240.0,1,9.38,16.5,5.72,1.17,-4.86,19.16
3785.0,63.08,0.0,0.0,240.0,240.0,1,9.35,16.47,5.69,1.13,-4.89,19.06
3790.0,63.17,0.0,0.0,240.0,240.0,1,9.31,16.45,5.65,1.1,-4.92,18.96
3795.0,63.25,0.0,0.0,240.0,240.0,1,9.28,16.42,5.62,1.06,-4.95,18.86
3800.0,63.33,0.0,0.0,240.0,240.0,1,9.24,16.4,5.58,1.03,-4.99,18.75
3805.0,63.42,0.0,0.0,240.0,240.0,1,9.21,16.37,5.54,1.0,-5.02,18.65
3810.0,63.5,0.0,0.0,240.0,240.0,1,9.17,16.35,5.51,0.96,-5.05,18.55
3815.0,63.58,0.0,0.0,240.0,240.0,1,9.13,16.32,5.47,0.93,-5.08,18.45
3820.0,63.67,0.0,0.0,240.0,240.0,1,9.1,16.3,5.44,0.89,-5.11,18.35
3825.0,63.75,0.0,0.0,240.0,240.0,1,9.06,16.27,5.4,0.86,-5.15,18.25
3830.0,63.83,0.0,0.0,240.0,240.0,1,9.03,16.25,5.36,0.82,-5.18,18.15
3835.0,63.92,0.0,0.0,240.0,240.0,1,8.99,16.22,5.33,0.79,-5.21,18.05
3840.0,64.0,0.0,0.0,240.0,240.0,1,8.96,16.2,5.29,0.75,-5.24,17.95
3845.0,64.08,0.0,0.0,240.0,240.0,1,8.92,16.17,5.26,0.72,-5.27,17.85
3850.0,64.17,0.0,0.0,240.0,240.0,1,8.89,16.15,5.22,0.68,-5.31,17.76
3855.0,64.25,0.0,0.0,240.0,240.0,0,8.85,16.12,5.18,0.65,-5.34,17.66
3860.0,64.33,0.0,0.0,240.0,240.0,0,8.82,16.1,5.15,0.61,-5.37,17.56
3865.0,64.42,0.0,0.0,240.0,240.0,0,8.78,16.07,5.11,0.58,-5.4,17.46
3870.0,64.5,0.0,0.0,240.0,240.0,0,8.75,16.05,5.08,0.55,-5.43,17.37
3875.0,64.58,0.0,0.0,240.0,240.0,0,8.71,16.02,5.04,0.51,-5.46,17.27
3880.0,64.67,0.0,0.0,240.0,240.0,0,8.68,16.0,5.01,0.48,-5.5,17.17
3885.0,64.75,0.0,0.0,240.0,240.0,0,8.64,15.97,4.97,0.44,-5.53,17.08
3890.0,64.83,0.0,0.0,240.0,240.0,0,8.6,15.95,4.94,0.41,-5.56,16.98
3895.0,64.92,0.0,0.0,240.0,240.0,0,8.57,15.92,4.9,0.37,-5.59,16.89
3900.0,65.0,0.0,0.0,240.0,240.0,0,8.53,15.9,4.86,0.34,-5.62,16.79
3905.0,65.08,0.0,0.0,240.0,240.0,0,8.5,15.87,4.83,0.31,-5.65,16.7
3910.0,65.17,0.0,0.0,240.0,240.0,0,8.47,15.85,4.79,0.27,-5.69,16.6
3915.0,65.25,0.0,0.0,240.0,240.0,0,8.43,15.82,4.76,0.24,-5.72,16.51
3920.0,65.33,0.0,0.0,240.0,240.0,0,8.4,15.8,4.72,0.2,-5.75,16.42
3925.0,65.42,0.0,0.0,240.0,240.0,0,8.36,15.77,4.69,0.17,-5.78,16.32
3930.0,65.5,0.0,0.0,240.0,240.0,0,8.33,15.75,4.65,0.14,-5.81,16.23
3935.0,65.58,0.0,0.0,240.0,240.0,0,8.29,15.72,4.62,0.1,-5.84,16.14
3940.0,65.67,0.0,0.0,240.0,240.0,0,8.26,15.7,4.58,0.07,-5.87,16.05
3945.0,65.75,0.0,0.0,240.0,240.0,0,8.22,15.67,4.55,0.03,-5.9,15.95
3950.0,65.83,0.0,0.0,240.0,240.0,0,8.19,15.65,4.51,-0.0,-5.93,15.86
3955.0,65.92,0.0,0.0,240.0,240.0,0,8.15,15.62,4.48,-0.03,-5.97,15.77
3960.0,66.0,0.0,0.0,240.0,240.0,0,8.12,15.6,4.44,-0.07,-6.0,15.68
3965.0,66.08,0.0,0.0,240.0,240.0,0,8.08,15.57,4.41,-0.1,-6.03,15.59
3970.0,66.17,0.0,0.0,240.0,240.0,0,8.05,15.55,4.37,-0.13,-6.06,15.5
3975.0,66.25,0.0,0.0,240.0,240.0,0,8.01,15.52,4.34,-0.17,-6.09,15.41
3980.0,66.33,0.0,0.0,240.0,240.0,0,7.98,15.5,4.3,-0.2,-6.12,15.32
3985.0,66.42,0.0,0.0,240.0,240.0,0,7.95,15.47,4.27,-0.24,-6.15,15.23
3990.0,66.5,0.0,0.0,240.0,240.0,0,7.91,15.44,4.23,-0.27,-6.18,15.14
3995.0,66.58,0.0,0.0,240.0,240.0,0,7.88,15.42,4.2,-0.3,-6.21,15.05
4000.0,66.67,0.0,0.0,240.0,240.0,0,7.84,15.39,4.16,-0.34,-6.25,14.96
4005.0,66.75,0.0,0.0,240.0,240.0,0,7.81,15.37,4.13,-0.37,-6.28,14.87
4010.0,66.83,0.0,0.0,240.0,240.0,0,7.77,15.34,4.09,-0.4,-6.31,14.79
4015.0,66.92,0.0,0.0,240.0,240.0,0,7.74,15.32,4.06,-0.44,-6.34,14.7
4020.0,67.0,0.0,0.0,240.0,240.0,0,7.71,15.29,4.02,-0.47,-6.37,14.61
4025.0,67.08,0.0,0.0,240.0,240.0,0,7.67,15.27,3.99,-0.5,-6.4,14.52
4030.0,67.17,0.0,0.0,240.0,240.0,0,7.64,15.24,3.96,-0.54,-6.43,14.44
4035.0,67.25,0.0,0.0,240.0,240.0,0,7.6,15.21,3.92,-0.57,-6.46,14.35
4040.0,67.33,0.0,0.0,240.0,240.0,0,7.57,15.19,3.89,-0.6,-6.49,14.26
4045.0,67.42,0.0,0.0,240.0,240.0,0,7.54,15.16,3.85,-0.64,-6.52,14.18
4050.0,67.5,0.0,0.0,240.0,240.0,0,7.5,15.14,3.82,-0.67,-6.55,14.09
4055.0,67.58,0.0,0.0,240.0,240.0,0,7.47,15.11,3.78,-0.7,-6.58,14.01
4060.0,67.67,0.0,0.0,240.0,240.0,0,7.43,15.09,3.75,-0.74,-6.61,13.92
4065.0,67.75,0.0,0.0,240.0,240.0,0,7.4,15.06,3.71,-0.77,-6.64,13.84
4070.0,67.83,0.0,0.0,240.0,240.0,0,7.37,15.04,3.68,-0.8,-6.67,13.75
4075.0,67.92,0.0,0.0,240.0,240.0,0,7.33,15.01,3.65,-0.83,-6.7,13.67
4080.0,68.0,0.0,0.0,240.0,240.0,0,7.3,14.98,3.61,-0.87,-6.74,13.58
4085.0,68.08,0.0,0.0,240.0,240.0,0,7.27,14.96,3.58,-0.9,-6.77,13.5
4090.0,68.17,0.0,0.0,240.0,240.0,0,7.23,14.93,3.54,-0.93,-6.8,13.42
4095.0,68.25,0.0,0.0,240.0,240.0,0,7.2,14.91,3.51,-0.97,-6.83,13.33
4100.0,68.33,0.0,0.0,240.0,240.0,0,7.17,14.88,3.48,-1.0,-6.86,13.25
4105.0,68.42,0.0,0.0,240.0,240.0,0,7.13,14.85,3.44,-1.03,-6.89,13.17
4110.0,68.5,0.0,0.0,240.0,240.0,0,7.1,14.83,3.41,-1.06,-6.92,13.09
4115.0,68.58,0.0,0.0,240.0,240.0,0,7.06,14.8,3.37,-1.1,-6.95,13.0
4120.0,68.67,0.0,0.0,240.0,240.0,0,7.03,14.78,3.34,-1.13,-6.98,12.92
4125.0,68.75,0.0,0.0,240.0,240.0,0,7.0,14.75,3.31,-1.16,-7.01,12.84
4130.0,68.83,0.0,0.0,240.0,240.0,0,6.96,14.73,3.27,-1.2,-7.04,12.76
4135.0,68.92,0.0,0.0,240.0,240.0,0,6.93,14.7,3.24,-1.23,-7.07,12.67
4140.0,69.0,0.0,0.0,240.0,240.0,0,6.9,14.67,3.2,-1.26,-7.1,12.58
4145.0,69.08,0.0,0.0,240.0,240.0,0,6.86,14.65,3.17,-1.29,-7.13,12.49
4150.0,69.17,0.0,0.0,240.0,240.0,0,6.83,14.62,3.14,-1.33,-7.16,12.41
4155.0,69.25,0.0,0.0,240.0,240.0,0,6.8,14.6,3.1,-1.36,-7.19,12.34
4160.0,69.33,2.02,0.54,240.0,242.56,0,6.76,14.57,3.07,-1.39,-7.22,12.29
4165.0,69.42,9.47,2.51,240.0,251.98,0,6.73,14.54,3.04,-1.42,-7.25,12.25
4170.0,69.5,16.92,4.49,240.0,261.41,0,6.7,14.52,3.0,-1.45,-7.28,12.22
4175.0,69.58,24.36,6.47,240.0,270.84,0,6.67,14.49,2.97,-1.49,-7.31,12.22
4180.0,69.67,31.81,8.45,240.0,280.26,0,6.63,14.47,2.93,-1.52,-7.34,12.23
4185.0,69.75,39.26,10.43,240.0,289.68,0,6.6,14.44,2.9,-1.55,-7.37,12.27
4190.0,69.83,46.7,12.4,240.0,299.1,0,6.57,14.41,2.87,-1.58,-7.4,12.34
4195.0,69.92,54.14,14.38,240.0,308.52,0,6.53,14.39,2.83,-1.61,-7.42,12.42
4200.0,70.0,61.58,16.36,240.0,317.94,0,6.5,14.36,2.8,-1.65,-7.45,12.54
4205.0,70.08,69.02,18.33,240.0,327.36,0,6.47,14.33,2.77,-1.68,-7.48,12.68
4210.0,70.17,76.46,20.31,240.0,336.77,0,6.44,14.31,2.73,-1.71,-7.51,12.84
4215.0,70.25,83.9,22.28,240.0,346.18,0,6.4,14.28,2.7,-1.74,-7.54,13.03
4220.0,70.33,91.33,24.26,240.0,355.58,0,6.37,14.26,2.67,-1.77,-7.57,13.24
4225.0,70.42,98.76,26.23,240.0,364.99,0,6.34,14.23,2.63,-1.8,-7.6,13.47
4230.0,70.5,106.18,28.2,240.0,374.38,0,6.3,14.2,2.6,-1.83,-7.63,13.73
4235.0,70.58,113.6,30.17,240.0,383.78,0,6.27,14.18,2.57,-1.87,-7.66,14.02
4240.0,70.67,121.02,32.14,240.0,393.17,0,6.24,14.15,2.54,-1.9,-7.69,14.32
4245.0,70.75,128.44,34.11,240.0,402.55,0,6.21,14.13,2.5,-1.93,-7.72,14.65
4250.0,70.83,135.85,36.08,240.0,411.93,0,6.18,14.1,2.47,-1.96,-7.74,15.01
4255.0,70.92,143.25,38.05,240.0,421.3,0,6.14,14.07,2.44,-1.99,-7.77,15.39
4260.0,71.0,150.66,40.01,240.0,430.67,0,6.11,14.05,2.4,-2.02,-7.8,15.79
4265.0,71.08,158.05,41.98,240.0,440.03,0,6.08,14.02,2.37,-2.04,-7.83,16.21
4270.0,71.17,165.44,43.94,240.0,449.39,0,6.05,13.99,2.34,-2.07,-7.86,16.66
4275.0,71.25,172.83,45.9,240.0,458.74,0,6.02,13.97,2.31,-2.1,-7.88,17.13
4280.0,71.33,180.21,47.86,240.0,468.08,0,5.98,13.94,2.27,-2.13,-7.91,17.62
4285.0,71.42,187.59,49.82,240.0,477.41,0,5.95,13.92,2.24,-2.16,-7.94,18.13
4290.0,71.5,194.96,51.78,240.0,486.74,0,5.92,13.89,2.21,-2.19,-7.97,18.67
4295.0,71.58,202.32,53.74,240.0,496.06,0,5.89,13.86,2.18,-2.22,-7.99,19.23
4300.0,71.67,209.68,55.69,240.0,505.37,0,5.86,13.84,2.15,-2.24,-8.02,19.81
4305.0,71.75,217.03,57.64,240.0,514.67,0,5.83,13.81,2.11,-2.27,-8.05,20.42
4310.0,71.83,224.37,59.59,240.0,523.96,0,5.8,13.78,2.08,-2.3,-8.07,21.04
4315.0,71.92,231.7,61.54,240.0,533.24,0,5.77,13.76,2.05,-2.32,-8.1,21.69
4320.0,72.0,239.03,63.49,240.0,542.52,0,5.74,13.73,2.02,-2.35,-8.12,22.36
4325.0,72.08,246.35,65.43,240.0,551.78,0,5.71,13.71,1.99,-2.38,-8.15,23.05
4330.0,72.17,253.66,67.37,240.0,561.04,0,5.68,13.68,1.96,-2.4,-8.18,23.77
4335.0,72.25,260.97,69.31,240.0,570.28,0,5.65,13.65,1.93,-2.43,-8.2,24.5
4340.0,72.33,268.26,71.25,240.0,579.52,0,5.62,13.63,1.9,-2.45,-8.22,25.26
4345.0,72.42,275.55,73.19,240.0,588.74,0,5.59,13.6,1.87,-2.48,-8.25,26.03
4350.0,72.5,282.83,75.12,240.0,597.95,0,5.56,13.57,1.83,-2.5,-8.27,26.83
4355.0,72.58,290.1,77.05,240.0,607.15,0,5.53,13.55,1.8,-2.53,-8.3,27.65
4360.0,72.67,297.36,78.98,240.0,616.34,0,5.5,13.52,1.77,-2.55,-8.32,28.49
4365.0,72.75,304.61,80.9,240.0,625.52,0,5.47,13.5,1.74,-2.57,-8.34,29.35
4370.0,72.83,311.85,82.83,240.0,634.68,0,5.44,13.47,1.71,-2.6,-8.37,30.23
4375.0,72.92,319.08,84.75,240.0,643.83,0,5.41,13.44,1.68,-2.62,-8.39,31.13
4380.0,73.0,326.3,86.67,240.0,652.97,0,5.39,13.42,1.65,-2.64,-8.41,32.05
4385.0,73.08,333.51,88.58,240.0,662.09,0,5.36,13.39,1.63,-2.66,-8.43,32.99
4390.0,73.17,340.71,90.49,240.0,671.2,0,5.33,13.36,1.6,-2.68,-8.46,33.95
4395.0,73.25,347.9,92.4,240.0,680.3,0,5.3,13.34,1.57,-2.7,-8.48,34.93
4400.0,73.33,355.08,94.31,240.0,689.39,0,5.28,13.31,1.54,-2.73,-8.5,35.93
4405.0,73.42,362.24,96.21,240.0,698.45,0,5.25,13.29,1.51,-2.75,-8.52,36.95
4410.0,73.5,369.4,98.11,240.0,707.51,0,5.22,13.26,1.48,-2.77,-8.54,37.99
4415.0,73.58,376.54,100.01,240.0,716.55,0,5.2,13.23,1.45,-2.78,-8.56,39.05
4420.0,73.67,383.67,101.9,240.0,725.57,0,5.17,13.21,1.43,-2.8,-8.58,40.12
4425.0,73.75,390.79,103.79,240.0,734.58,0,5.15,13.18,1.4,-2.82,-8.6,41.22
4430.0,73.83,397.89,105.68,240.0,743.57,0,5.12,13.16,1.37,-2.84,-8.62,42.33
4435.0,73.92,404.99,107.56,240.0,752.55,0,5.1,13.13,1.34,-2.86,-8.63,43.46
4440.0,74.0,412.06,109.45,240.0,761.51,0,5.07,13.1,1.32,-2.87,-8.65,44.61
4445.0,74.08,419.13,111.32,240.0,770.45,0,5.05,13.08,1.29,-2.89,-8.67,45.78
4450.0,74.17,426.18,113.2,240.0,779.38,0,5.02,13.05,1.26,-2.91,-8.69,46.97
4455.0,74.25,433.22,115.06,240.0,788.29,0,5.0,13.03,1.24,-2.92,-8.7,48.17
4460.0,74.33,440.25,116.93,240.0,797.18,0,4.97,13.0,1.21,-2.94,-8.72,49.39
4465.0,74.42,447.26,118.79,240.0,806.05,0,4.95,12.97,1.19,-2.95,-8.74,50.63
4470.0,74.5,454.26,120.65,240.0,814.91,0,4.93,12.95,1.16,-2.97,-8.75,51.89
4475.0,74.58,461.24,122.51,240.0,823.74,0,4.91,12.92,1.14,-2.98,-8.77,53.16
4480.0,74.67,468.21,124.36,240.0,832.56,0,4.88,12.9,1.11,-2.99,-8.78,54.45
4485.0,74.75,475.16,126.2,240.0,841.36,0,4.86,12.87,1.09,-3.01,-8.8,55.76
4490.0,74.83,482.1,128.05,240.0,850.14,0,4.84,12.85,1.06,-3.02,-8.81,57.08
4495.0,74.92,489.02,129.88,240.0,858.9,0,4.82,12.82,1.04,-3.03,-8.82,58.42
4500.0,75.0,495.92,131.72,240.0,867.64,0,4.8,12.79,1.01,-3.04,-8.84,59.78
4505.0,75.08,502.81,133.55,240.0,876.36,0,4.78,12.77,0.99,-3.05,-8.85,61.15
4510.0,75.17,509.69,135.37,240.0,885.06,0,4.76,12.74,0.97,-3.06,-8.86,62.54
4515.0,75.25,516.55,137.2,240.0,893.74,0,4.74,12.72,0.95,-3.07,-8.87,63.94
4520.0,75.33,523.39,139.01,240.0,902.4,0,4.72,12.69,0.92,-3.08,-8.88,65.36
4525.0,75.42,530.21,140.82,240.0,911.04,0,4.7,12.67,0.9,-3.09,-8.89,66.8
4530.0,75.5,537.02,142.63,240.0,919.65,0,4.68,12.64,0.88,-3.1,-8.9,68.25
4535.0,75.58,543.81,144.44,240.0,928.24,0,4.67,12.62,0.86,-3.1,-8.91,69.71
4540.0,75.67,550.58,146.23,240.0,936.81,0,4.65,12.59,0.84,-3.11,-8.92,71.19
4545.0,75.75,557.33,148.03,240.0,945.36,0,4.63,12.57,0.82,-3.12,-8.93,72.69
4550.0,75.83,564.07,149.82,240.0,953.89,0,4.62,12.54,0.8,-3.12,-8.94,74.19
4555.0,75.92,570.79,151.6,240.0,962.39,0,4.6,12.52,0.78,-3.13,-8.95,75.72
4560.0,76.0,577.49,153.38,240.0,970.87,0,4.58,12.49,0.76,-3.13,-8.96,77.25
4565.0,76.08,584.17,155.16,240.0,979.33,0,4.57,12.47,0.74,-3.14,-8.96,78.8
4570.0,76.17,590.84,156.93,240.0,987.76,0,4.55,12.44,0.72,-3.14,-8.97,80.37
4575.0,76.25,597.48,158.69,240.0,996.17,0,4.54,12.42,0.7,-3.15,-8.98,81.94
4580.0,76.33,604.11,160.45,240.0,1004.56,0,4.53,12.39,0.68,-3.15,-8.98,83.53
4585.0,76.42,610.71,162.21,240.0,1012.92,0,4.51,12.37,0.67,-3.15,-8.99,85.14
4590.0,76.5,617.3,163.96,240.0,1021.25,0,4.5,12.34,0.65,-3.15,-8.99,86.75
4595.0,76.58,623.86,165.7,240.0,1029.56,0,4.49,12.32,0.63,-3.15,-8.99,88.38
4600.0,76.67,630.41,167.44,240.0,1037.85,0,4.47,12.29,0.62,-3.15,-9.0,90.02
4605.0,76.75,636.94,169.17,240.0,1046.11,0,4.46,12.27,0.6,-3.15,-9.0,91.67
4610.0,76.83,643.44,170.9,240.0,1054.34,0,4.45,12.24,0.58,-3.15,-9.0,93.33
4615.0,76.92,649.93,172.62,240.0,1062.55,0,4.44,12.22,0.57,-3.15,-9.01,95.01
4620.0,77.0,656.39,174.34,240.0,1070.73,0,4.43,12.19,0.55,-3.15,-9.01,96.7
4625.0,77.08,662.83,176.05,240.0,1078.88,0,4.42,12.17,0.54,-3.15,-9.01,98.39
4630.0,77.17,669.25,177.76,240.0,1087.01,0,4.41,12.15,0.53,-3.14,-9.01,100.1
4635.0,77.25,675.65,179.45,240.0,1095.11,0,4.4,12.12,0.51,-3.14,-9.01,101.82
4640.0,77.33,682.03,181.15,240.0,1103.18,0,4.39,12.1,0.5,-3.14,-9.01,103.55
4645.0,77.42,688.39,182.84,240.0,1111.23,0,4.39,12.07,0.49,-3.13,-9.01,105.29
4650.0,77.5,694.72,184.52,240.0,1119.24,0,4.38,12.05,0.47,-3.13,-9.0,107.04
4655.0,77.58,701.04,186.2,240.0,1127.23,0,4.37,12.03,0.46,-3.12,-9.0,108.8
4660.0,77.67,707.33,187.87,240.0,1135.19,0,4.37,12.0,0.45,-3.11,-9.0,110.57
4665.0,77.75,713.59,189.53,240.0,1143.12,0,4.36,11.98,0.44,-3.11,-9.0,112.34
4670.0,77.83,719.84,191.19,240.0,1151.03,0,4.36,11.96,0.43,-3.1,-8.99,114.13
4675.0,77.92,726.06,192.84,240.0,1158.9,0,4.35,11.93,0.42,-3.09,-8.99,115.93
4680.0,78.0,732.26,194.49,240.0,1166.74,0,4.35,11.91,0.41,-3.08,-8.98,117.73
4685.0,78.08,738.43,196.13,240.0,1174.56,0,4.34,11.88,0.4,-3.07,-8.98,119.54
4690.0,78.17,744.58,197.76,240.0,1182.34,0,4.34,11.86,0.39,-3.06,-8.97,121.36
4695.0,78.25,750.71,199.39,240.0,1190.1,0,4.34,11.84,0.39,-3.05,-8.97,123.19
4700.0,78.33,756.81,201.01,240.0,1197.82,0,4.34,11.82,0.38,-3.04,-8.96,125.03
4705.0,78.42,762.89,202.62,240.0,1205.51,0,4.33,11.79,0.37,-3.03,-8.95,126.87
4710.0,78.5,768.94,204.23,240.0,1213.17,0,4.33,11.77,0.36,-3.01,-8.94,128.72
4715.0,78.58,774.97,205.83,240.0,1220.8,0,4.33,11.75,0.36,-3.0,-8.93,130.57
4720.0,78.67,780.97,207.43,240.0,1228.4,0,4.33,11.72,0.35,-2.99,-8.92,132.44
4725.0,78.75,786.95,209.02,240.0,1235.97,0,4.33,11.7,0.35,-2.97,-8.91,134.31
4730.0,78.83,792.91,210.6,240.0,1243.5,0,4.34,11.68,0.34,-2.96,-8.9,136.18
4735.0,78.92,798.84,212.17,240.0,1251.01,0,4.34,11.66,0.34,-2.94,-8.89,138.06
4740.0,79.0,804.74,213.74,240.0,1258.48,0,4.34,11.63,0.33,-2.93,-8.88,139.95
4745.0,79.08,810.61,215.3,240.0,1265.92,0,4.34,11.61,0.33,-2.91,-8.87,141.84
4750.0,79.17,816.47,216.85,240.0,1273.32,0,4.35,11.59,0.33,-2.89,-8.86,143.73
4755.0,79.25,822.29,218.4,240.0,1280.69,0,4.35,11.57,0.33,-2.88,-8.84,145.63
4760.0,79.33,828.09,219.94,240.0,1288.03,0,4.35,11.55,0.32,-2.86,-8.83,147.54
4765.0,79.42,833.86,221.47,240.0,1295.33,0,4.36,11.52,0.32,-2.84,-8.82,149.45
4770.0,79.5,839.6,223.0,240.0,1302.61,0,4.37,11.5,0.32,-2.82,-8.8,151.36
4775.0,79.58,845.32,224.52,240.0,1309.84,0,4.37,11.48,0.32,-2.8,-8.79,153.28
4780.0,79.67,851.01,226.03,240.0,1317.04,0,4.38,11.46,0.32,-2.78,-8.77,155.19
4785.0,79.75,856.68,227.53,240.0,1324.21,0,4.39,11.44,0.32,-2.76,-8.76,157.12
4790.0,79.83,862.31,229.03,240.0,1331.34,0,4.39,11.42,0.32,-2.73,-8.74,159.04
4795.0,79.92,867.92,230.52,240.0,1338.44,0,4.4,11.39,0.33,-2.71,-8.72,160.97
4800.0,80.0,873.5,232.0,240.0,1345.5,0,4.41,11.37,0.33,-2.69,-8.7,162.9
4805.0,80.08,879.05,233.48,240.0,1352.53,0,4.42,11.35,0.33,-2.66,-8.68,164.83
4810.0,80.17,884.58,234.95,240.0,1359.52,0,4.43,11.33,0.33,-2.64,-8.67,166.76
4815.0,80.25,890.07,236.41,240.0,1366.48,0,4.44,11.31,0.34,-2.62,-8.65,168.7
4820.0,80.33,895.54,237.86,240.0,1373.4,0,4.45,11.29,0.34,-2.59,-8.63,170.63
4825.0,80.42,900.98,239.3,240.0,1380.28,0,4.46,11.27,0.35,-2.56,-8.6,172.57
4830.0,80.5,906.39,240.74,240.0,1387.13,0,4.48,11.25,0.35,-2.54,-8.58,174.51
4835.0,80.58,911.77,242.17,240.0,1393.94,0,4.49,11.23,0.36,-2.51,-8.56,176.45
4840.0,80.67,917.12,243.59,240.0,1400.71,0,4.5,11.21,0.37,-2.48,-8.54,178.38
4845.0,80.75,922.44,245.0,240.0,1407.44,0,4.52,11.19,0.37,-2.45,-8.52,180.32
4850.0,80.83,927.73,246.41,240.0,1414.14,0,4.53,11.17,0.38,-2.43,-8.49,182.26
4855.0,80.92,933.0,247.81,240.0,1420.8,0,4.55,11.15,0.39,-2.4,-8.47,184.19
4860.0,81.0,938.23,249.2,240.0,1427.42,0,4.56,11.13,0.4,-2.37,-8.44,186.13
4865.0,81.08,943.43,250.58,240.0,1434.01,0,4.58,11.11,0.41,-2.33,-8.42,188.06
4870.0,81.17,948.6,251.95,240.0,1440.55,0,4.6,11.09,0.42,-2.3,-8.39,189.99
4875.0,81.25,953.74,253.32,240.0,1447.06,0,4.61,11.07,0.43,-2.27,-8.37,191.92
4880.0,81.33,958.86,254.67,240.0,1453.53,0,4.63,11.05,0.44,-2.24,-8.34,193.85
4885.0,81.42,963.94,256.02,240.0,1459.96,0,4.65,11.03,0.45,-2.21,-8.32,195.78
4890.0,81.5,968.98,257.36,240.0,1466.35,0,4.67,11.01,0.46,-2.17,-8.29,197.7
4895.0,81.58,974.0,258.7,240.0,1472.7,0,4.69,11.0,0.47,-2.14,-8.26,199.62
4900.0,81.67,978.99,260.02,240.0,1479.01,0,4.71,10.98,0.49,-2.11,-8.23,201.54
4905.0,81.75,983.94,261.34,240.0,1485.28,0,4.73,10.96,0.5,-2.07,-8.2,203.45
4910.0,81.83,988.87,262.65,240.0,1491.51,0,4.75,10.94,0.51,-2.03,-8.17,205.36
4915.0,81.92,993.76,263.94,240.0,1497.71,0,4.77,10.92,0.53,-2.0,-8.14,207.27
4920.0,82.0,998.62,265.24,240.0,1503.86,0,4.8,10.9,0.54,-1.96,-8.11,209.17
4925.0,82.08,1003.45,266.52,240.0,1509.97,0,4.82,10.89,0.56,-1.92,-8.08,211.07
4930.0,82.17,1008.24,267.79,240.0,1516.04,0,4.84,10.87,0.58,-1.89,-8.05,212.96
4935.0,82.25,1013.01,269.06,240.0,1522.07,0,4.87,10.85,0.59,-1.85,-8.02,214.85
4940.0,82.33,1017.74,270.31,240.0,1528.05,0,4.89,10.83,0.61,-1.81,-7.98,216.73
4945.0,82.42,1022.44,271.56,240.0,1534.0,0,4.92,10.81,0.63,-1.77,-7.95,218.61
4950.0,82.5,1027.1,272.8,240.0,1539.9,0,4.94,10.8,0.65,-1.73,-7.92,220.48
4955.0,82.58,1031.74,274.03,240.0,1545.77,0,4.97,10.78,0.66,-1.69,-7.88,222.34
4960.0,82.67,1036.34,275.25,240.0,1551.59,0,5.0,10.76,0.68,-1.65,-7.85,224.2
4965.0,82.75,1040.9,276.47,240.0,1557.37,0,5.03,10.75,0.7,-1.61,-7.82,226.06
4970.0,82.83,1045.43,277.67,240.0,1563.1,0,5.05,10.73,0.72,-1.57,-7.78,227.9
4975.0,82.92,1049.93,278.86,240.0,1568.8,0,5.08,10.71,0.75,-1.53,-7.74,229.74
4980.0,83.0,1054.4,280.05,240.0,1574.45,0,5.11,10.7,0.77,-1.48,-7.71,231.58
4985.0,83.08,1058.83,281.23,240.0,1580.06,0,5.14,10.68,0.79,-1.44,-7.67,233.4
4990.0,83.17,1063.23,282.4,240.0,1585.62,0,5.17,10.66,0.81,-1.4,-7.63,235.22
4995.0,83.25,1067.59,283.55,240.0,1591.15,0,5.2,10.65,0.83,-1.35,-7.6,237.03
5000.0,83.33,1071.92,284.7,240.0,1596.62,0,5.23,10.63,0.86,-1.31,-7.56,238.83
5005.0,83.42,1076.22,285.84,240.0,1602.06,0,5.27,10.62,0.88,-1.26,-7.52,240.63
5010.0,83.5,1080.48,286.98,240.0,1607.45,0,5.3,10.6,0.91,-1.22,-7.48,242.41
5015.0,83.58,1084.7,288.1,240.0,1612.8,0,5.33,10.59,0.93,-1.17,-7.44,244.19
5020.0,83.67,1088.89,289.21,240.0,1618.1,0,5.36,10.57,0.96,-1.12,-7.4,245.96
5025.0,83.75,1093.05,290.32,240.0,1623.36,0,5.4,10.56,0.98,-1.08,-7.36,247.72
5030.0,83.83,1097.17,291.41,240.0,1628.58,0,5.43,10.54,1.01,-1.03,-7.32,249.47
5035.0,83.92,1101.25,292.49,240.0,1633.75,0,5.47,10.53,1.04,-0.98,-7.28,251.22
5040.0,84.0,1105.3,293.57,240.0,1638.87,0,5.5,10.51,1.07,-0.94,-7.24,252.95
5045.0,84.08,1109.32,294.64,240.0,1643.96,0,5.54,10.5,1.09,-0.89,-7.2,254.67
5050.0,84.17,1113.3,295.69,240.0,1648.99,0,5.57,10.48,1.12,-0.84,-7.15,256.38
5055.0,84.25,1117.24,296.74,240.0,1653.98,0,5.61,10.47,1.15,-0.79,-7.11,258.09
5060.0,84.33,1121.15,297.78,240.0,1658.93,0,5.65,10.46,1.18,-0.74,-7.07,259.78
5065.0,84.42,1125.02,298.81,240.0,1663.83,0,5.69,10.44,1.21,-0.69,-7.02,261.46
5070.0,84.5,1128.86,299.83,240.0,1668.68,0,5.73,10.43,1.24,-0.64,-6.98,263.14
5075.0,84.58,1132.65,300.83,240.0,1673.49,0,5.76,10.42,1.27,-0.59,-6.94,264.8
5080.0,84.67,1136.42,301.83,240.0,1678.25,0,5.8,10.4,1.31,-0.54,-6.89,266.45
5085.0,84.75,1140.14,302.82,240.0,1682.97,0,5.84,10.39,1.34,-0.48,-6.85,268.09
5090.0,84.83,1143.83,303.8,240.0,1687.64,0,5.88,10.38,1.37,-0.43,-6.8,269.72
5095.0,84.92,1147.49,304.77,240.0,1692.26,0,5.92,10.36,1.4,-0.38,-6.75,271.34
5100.0,85.0,1151.1,305.73,240.0,1696.84,0,5.97,10.35,1.44,-0.33,-6.71,272.94
5105.0,85.08,1154.68,306.69,240.0,1701.37,0,6.01,10.34,1.47,-0.27,-6.66,274.54
5110.0,85.17,1158.22,307.63,240.0,1705.85,0,6.05,10.33,1.51,-0.22,-6.61,276.12
5115.0,85.25,1161.73,308.56,240.0,1710.29,0,6.09,10.31,1.54,-0.17,-6.57,277.69
5120.0,85.33,1165.2,309.48,240.0,1714.67,0,6.13,10.3,1.58,-0.11,-6.52,279.25
5125.0,85.42,1168.63,310.39,240.0,1719.02,0,6.18,10.29,1.61,-0.06,-6.47,280.8
5130.0,85.5,1172.02,311.29,240.0,1723.31,0,6.22,10.28,1.65,-0.0,-6.42,282.34
5135.0,85.58,1175.37,312.18,240.0,1727.56,0,6.27,10.27,1.69,0.05,-6.37,283.86
5140.0,85.67,1178.69,313.06,240.0,1731.75,0,6.31,10.26,1.72,0.11,-6.33,285.37
5145.0,85.75,1181.97,313.93,240.0,1735.9,0,6.36,10.24,1.76,0.17,-6.28,286.87
5150.0,85.83,1185.21,314.79,240.0,1740.01,0,6.4,10.23,1.8,0.22,-6.23,288.36
5155.0,85.92,1188.42,315.65,240.0,1744.06,0,6.45,10.22,1.84,0.28,-6.18,289.83
5160.0,86.0,1191.58,316.49,240.0,1748.07,0,6.49,10.21,1.88,0.34,-6.13,291.3
5165.0,86.08,1194.71,317.32,240.0,1752.03,0,6.54,10.2,1.92,0.39,-6.08,292.75
5170.0,86.17,1197.8,318.14,240.0,1755.93,0,6.59,10.19,1.96,0.45,-6.02,294.18
5175.0,86.25,1200.85,318.95,240.0,1759.8,0,6.64,10.18,2.0,0.51,-5.97,295.61
5180.0,86.33,1203.86,319.75,240.0,1763.61,0,6.68,10.17,2.04,0.57,-5.92,297.02
5185.0,86.42,1206.83,320.54,240.0,1767.37,0,6.73,10.16,2.08,0.62,-5.87,298.41
5190.0,86.5,1209.77,321.32,240.0,1771.08,0,6.78,10.15,2.12,0.68,-5.82,299.8
5195.0,86.58,1212.66,322.09,240.0,1774.75,0,6.83,10.14,2.16,0.74,-5.77,301.17
5200.0,86.67,1215.52,322.84,240.0,1778.36,0,6.88,10.13,2.21,0.8,-5.71,302.53
5205.0,86.75,1218.34,323.59,240.0,1781.93,0,6.93,10.12,2.25,0.86,-5.66,303.88
5210.0,86.83,1221.12,324.33,240.0,1785.45,0,6.98,10.12,2.29,0.92,-5.61,305.21
5215.0,86.92,1223.85,325.06,240.0,1788.91,0,7.03,10.11,2.34,0.98,-5.55,306.53
5220.0,87.0,1226.55,325.78,240.0,1792.33,0,7.08,10.1,2.38,1.04,-5.5,307.83
5225.0,87.08,1229.22,326.48,240.0,1795.7,0,7.13,10.09,2.42,1.1,-5.45,309.13
5230.0,87.17,1231.84,327.18,240.0,1799.01,0,7.19,10.08,2.47,1.16,-5.39,310.4
5235.0,87.25,1234.42,327.86,240.0,1802.28,0,7.24,10.07,2.52,1.22,-5.34,311.67
5240.0,87.33,1236.96,328.54,240.0,1805.5,0,7.29,10.07,2.56,1.28,-5.28,312.92
5245.0,87.42,1239.46,329.2,240.0,1808.67,0,7.34,10.06,2.61,1.34,-5.23,314.16
5250.0,87.5,1241.93,329.86,240.0,1811.78,0,7.4,10.05,2.65,1.41,-5.17,315.39
5255.0,87.58,1244.35,330.5,240.0,1814.85,0,7.45,10.04,2.7,1.47,-5.12,316.6
5260.0,87.67,1246.73,331.13,240.0,1817.86,0,7.5,10.04,2.75,1.53,-5.06,317.8
5265.0,87.75,1249.07,331.76,240.0,1820.83,0,7.56,10.03,2.8,1.59,-5.01,318.98
5270.0,87.83,1251.38,332.37,240.0,1823.74,0,7.61,10.02,2.84,1.65,-4.95,320.16
5275.0,87.92,1253.64,332.97,240.0,1826.61,0,7.67,10.02,2.89,1.72,-4.9,321.31
5280.0,88.0,1255.86,333.56,240.0,1829.42,0,7.72,10.01,2.94,1.78,-4.84,322.46
5285.0,88.08,1258.04,334.14,240.0,1832.18,0,7.78,10.0,2.99,1.84,-4.78,323.59
5290.0,88.17,1260.18,334.71,240.0,1834.89,0,7.83,10.0,3.04,1.9,-4.73,324.71
5295.0,88.25,1262.28,335.27,240.0,1837.55,0,7.89,9.99,3.09,1.97,-4.67,325.81
5300.0,88.33,1264.35,335.81,240.0,1840.16,0,7.95,9.99,3.14,2.03,-4.61,326.9
5305.0,88.42,1266.37,336.35,240.0,1842.71,0,8.0,9.98,3.19,2.09,-4.56,327.98
5310.0,88.5,1268.34,336.87,240.0,1845.22,0,8.06,9.97,3.24,2.16,-4.5,329.05
5315.0,88.58,1270.28,337.39,240.0,1847.67,0,8.12,9.97,3.29,2.22,-4.44,330.1
5320.0,88.67,1272.18,337.89,240.0,1850.07,0,8.17,9.96,3.34,2.29,-4.39,331.14
5325.0,88.75,1274.04,338.39,240.0,1852.42,0,8.23,9.96,3.39,2.35,-4.33,332.16
5330.0,88.83,1275.85,338.87,240.0,1854.72,0,8.29,9.95,3.44,2.41,-4.27,333.17
5335.0,88.92,1277.63,339.34,240.0,1856.97,0,8.35,9.95,3.5,2.48,-4.21,334.17
5340.0,89.0,1279.36,339.8,240.0,1859.16,0,8.4,9.95,3.55,2.54,-4.15,335.15
5345.0,89.08,1281.06,340.25,240.0,1861.31,0,8.46,9.94,3.6,2.61,-4.09,336.13
5350.0,89.17,1282.71,340.69,240.0,1863.4,0,8.52,9.94,3.66,2.67,-4.04,337.09
5355.0,89.25,1284.32,341.12,240.0,1865.44,0,8.58,9.93,3.71,2.74,-3.98,338.03
5360.0,89.33,1285.89,341.53,240.0,1867.42,0,8.64,9.93,3.76,2.8,-3.92,338.96
5365.0,89.42,1287.42,341.94,240.0,1869.36,0,8.7,9.93,3.82,2.87,-3.86,339.88
5370.0,89.5,1288.9,342.33,240.0,1871.24,0,8.76,9.92,3.87,2.93,-3.8,340.79
5375.0,89.58,1290.35,342.72,240.0,1873.07,0,8.82,9.92,3.92,3.0,-3.74,341.68
5380.0,89.67,1291.75,343.09,240.0,1874.84,0,8.88,9.92,3.98,3.06,-3.68,342.56
5385.0,89.75,1293.12,343.45,240.0,1876.57,0,8.94,9.91,4.03,3.13,-3.63,343.43
5390.0,89.83,1294.44,343.8,240.0,1878.24,0,9.0,9.91,4.09,3.19,-3.57,344.29
5395.0,89.92,1295.72,344.14,240.0,1879.86,0,9.06,9.91,4.15,3.26,-3.51,345.13
5400.0,90.0,1296.95,344.47,240.0,1881.43,0,9.12,9.91,4.2,3.32,-3.45,345.96
5405.0,90.08,1298.15,344.79,240.0,1882.94,0,9.18,9.9,4.26,3.39,-3.39,346.78
5410.0,90.17,1299.31,345.1,240.0,1884.4,0,9.24,9.9,4.31,3.46,-3.33,347.58
5415.0,90.25,1300.42,345.39,240.0,1885.81,0,9.31,9.9,4.37,3.52,-3.27,348.38
5420.0,90.33,1301.49,345.68,240.0,1887.17,0,9.37,9.9,4.43,3.59,-3.21,349.16
5425.0,90.42,1302.52,345.95,240.0,1888.47,0,9.43,9.9,4.48,3.65,-3.15,349.92
5430.0,90.5,1303.51,346.21,240.0,1889.72,0,9.49,9.9,4.54,3.72,-3.09,350.68
5435.0,90.58,1304.45,346.46,240.0,1890.92,0,9.55,9.89,4.6,3.79,-3.03,351.42
5440.0,90.67,1305.36,346.7,240.0,1892.06,0,9.61,9.89,4.65,3.85,-2.97,352.15
5445.0,90.75,1306.22,346.93,240.0,1893.15,0,9.68,9.89,4.71,3.92,-2.91,352.87
5450.0,90.83,1307.04,347.15,240.0,1894.19,0,9.74,9.89,4.77,3.98,-2.85,353.58
5455.0,90.92,1307.82,347.36,240.0,1895.17,0,9.8,9.89,4.83,4.05,-2.79,354.28
5460.0,91.0,1308.55,347.55,240.0,1896.11,0,9.86,9.89,4.89,4.12,-2.73,354.96
5465.0,91.08,1309.25,347.74,240.0,1896.98,0,9.93,9.89,4.95,4.18,-2.67,355.63
5470.0,91.17,1309.9,347.91,240.0,1897.81,0,9.99,9.89,5.0,4.25,-2.61,356.29
5475.0,91.25,1310.51,348.07,240.0,1898.58,0,10.05,9.89,5.06,4.31,-2.55,356.94
5480.0,91.33,1311.08,348.22,240.0,1899.3,0,10.12,9.89,5.12,4.38,-2.49,357.58
5485.0,91.42,1311.6,348.36,240.0,1899.97,0,10.18,9.89,5.18,4.45,-2.43,358.2
5490.0,91.5,1312.09,348.49,240.0,1900.58,0,10.24,9.89,5.24,4.51,-2.37,358.81
5495.0,91.58,1312.53,348.61,240.0,1901.14,0,10.31,9.89,5.3,4.58,-2.31,359.42
5500.0,91.67,1312.93,348.72,240.0,1901.64,0,10.37,9.89,5.36,4.64,-2.25,360.01
5505.0,91.75,1313.28,348.81,240.0,1902.09,0,10.43,9.9,5.42,4.71,-2.19,360.59
5510.0,91.83,1313.6,348.89,240.0,1902.49,0,10.5,9.9,5.48,4.78,-2.13,361.15
5515.0,91.92,1313.87,348.97,240.0,1902.84,0,10.56,9.9,5.54,4.84,-2.07,361.71
5520.0,92.0,1314.1,349.03,240.0,1903.13,0,10.63,9.9,5.6,4.91,-2.01,362.26
5525.0,92.08,1314.29,349.08,240.0,1903.37,0,10.69,9.9,5.66,4.97,-1.95,362.79
5530.0,92.17,1314.44,349.12,240.0,1903.56,0,10.75,9.9,5.72,5.04,-1.89,363.32
5535.0,92.25,1314.54,349.14,240.0,1903.69,0,10.82,9.91,5.78,5.11,-1.82,363.83
5540.0,92.33,1314.61,349.16,240.0,1903.77,0,10.88,9.91,5.84,5.17,-1.76,364.33
5545.0,92.42,1314.63,349.17,240.0,1903.79,0,10.95,9.91,5.9,5.24,-1.7,364.83
5550.0,92.5,1314.6,349.16,240.0,1903.76,0,11.01,9.91,5.96,5.3,-1.64,365.31
5555.0,92.58,1314.54,349.14,240.0,1903.68,0,11.07,9.92,6.03,5.37,-1.58,365.78
5560.0,92.67,1314.43,349.12,240.0,1903.55,0,11.14,9.92,6.09,5.44,-1.52,366.24
5565.0,92.75,1314.28,349.08,240.0,1903.36,0,11.2,9.92,6.15,5.5,-1.46,366.69
5570.0,92.83,1314.09,349.02,240.0,1903.12,0,11.27,9.93,6.21,5.57,-1.4,367.13
5575.0,92.92,1313.86,348.96,240.0,1902.82,0,11.33,9.93,6.27,5.63,-1.34,367.56
5580.0,93.0,1313.58,348.89,240.0,1902.47,0,11.4,9.93,6.33,5.7,-1.28,367.98
5585.0,93.08,1313.27,348.81,240.0,1902.07,0,11.46,9.94,6.39,5.76,-1.22,368.39
5590.0,93.17,1312.91,348.71,240.0,1901.62,0,11.53,9.94,6.46,5.83,-1.16,368.79
5595.0,93.25,1312.5,348.6,240.0,1901.11,0,11.59,9.94,6.52,5.89,-1.1,369.18
5600.0,93.33,1312.06,348.49,240.0,1900.54,0,11.66,9.95,6.58,5.96,-1.04,369.56
5605.0,93.42,1311.57,348.36,240.0,1899.93,0,11.72,9.95,6.64,6.02,-0.98,369.92
5610.0,93.5,1311.05,348.22,240.0,1899.26,0,11.79,9.96,6.7,6.09,-0.92,370.28
5615.0,93.58,1310.47,348.06,240.0,1898.54,0,11.85,9.96,6.77,6.15,-0.87,370.63
5620.0,93.67,1309.86,347.9,240.0,1897.76,0,11.91,9.97,6.83,6.22,-0.81,370.97
5625.0,93.75,1309.21,347.73,240.0,1896.94,0,11.98,9.97,6.89,6.28,-0.75,371.3
5630.0,93.83,1308.51,347.54,240.0,1896.05,0,12.04,9.98,6.95,6.35,-0.69,371.63
5635.0,93.92,1307.77,347.35,240.0,1895.12,0,12.11,9.98,7.02,6.41,-0.63,371.94
5640.0,94.0,1306.99,347.14,240.0,1894.13,0,12.17,9.99,7.08,6.48,-0.57,372.24
5645.0,94.08,1306.17,346.92,240.0,1893.09,0,12.24,9.99,7.14,6.54,-0.51,372.53
5650.0,94.17,1305.31,346.69,240.0,1892.0,0,12.3,10.0,7.2,6.61,-0.45,372.82
5655.0,94.25,1304.4,346.45,240.0,1890.85,0,12.37,10.0,7.27,6.67,-0.39,373.09
5660.0,94.33,1303.45,346.2,240.0,1889.65,0,12.43,10.01,7.33,6.74,-0.33,373.36
5665.0,94.42,1302.46,345.94,240.0,1888.4,0,12.5,10.02,7.39,6.8,-0.27,373.61
5670.0,94.5,1301.43,345.66,240.0,1887.09,0,12.56,10.02,7.45,6.86,-0.21,373.86
5675.0,94.58,1300.36,345.38,240.0,1885.73,0,12.63,10.03,7.52,6.93,-0.16,374.1
5680.0,94.67,1299.24,345.08,240.0,1884.32,0,12.69,10.03,7.58,6.99,-0.1,374.33
5685.0,94.75,1298.08,344.77,240.0,1882.86,0,12.75,10.04,7.64,7.05,-0.04,374.55
5690.0,94.83,1296.88,344.45,240.0,1881.34,0,12.82,10.05,7.71,7.12,0.02,374.76
5695.0,94.92,1295.64,344.13,240.0,1879.77,0,12.88,10.05,7.77,7.18,0.08,374.96
5700.0,95.0,1294.36,343.78,240.0,1878.15,0,12.95,10.06,7.83,7.24,0.14,375.16
5705.0,95.08,1293.04,343.43,240.0,1876.47,0,13.01,10.07,7.89,7.31,0.19,375.34
5710.0,95.17,1291.67,343.07,240.0,1874.75,0,13.08,10.08,7.96,7.37,0.25,375.52
5715.0,95.25,1290.27,342.7,240.0,1872.97,0,13.14,10.08,8.02,7.43,0.31,375.69
5720.0,95.33,1288.82,342.31,240.0,1871.13,0,13.2,10.09,8.08,7.5,0.37,375.85
5725.0,95.42,1287.33,341.92,240.0,1869.25,0,13.27,10.1,8.14,7.56,0.42,376.0
5730.0,95.5,1285.8,341.51,240.0,1867.31,0,13.33,10.11,8.21,7.62,0.48,376.14
5735.0,95.58,1284.23,341.09,240.0,1865.32,0,13.4,10.12,8.27,7.68,0.54,376.28
5740.0,95.67,1282.62,340.66,240.0,1863.28,0,13.46,10.12,8.33,7.75,0.6,376.4
5745.0,95.75,1280.96,340.23,240.0,1861.19,0,13.52,10.13,8.4,7.81,0.65,376.52
5750.0,95.83,1279.27,339.78,240.0,1859.04,0,13.59,10.14,8.46,7.87,0.71,376.63
5755.0,95.92,1277.53,339.31,240.0,1856.84,0,13.65,10.15,8.52,7.93,0.77,376.73
5760.0,96.0,1275.75,338.84,240.0,1854.59,0,13.71,10.16,8.58,7.99,0.83,376.83
5765.0,96.08,1273.93,338.36,240.0,1852.29,0,13.78,10.17,8.65,8.05,0.88,376.91
5770.0,96.17,1272.07,337.87,240.0,1849.94,0,13.84,10.18,8.71,8.11,0.94,376.99
5775.0,96.25,1270.17,337.36,240.0,1847.53,0,13.9,10.18,8.77,8.18,1.0,377.06
5780.0,96.33,1268.23,336.84,240.0,1845.08,0,13.97,10.19,8.83,8.24,1.05,377.13
5785.0,96.42,1266.25,336.32,240.0,1842.57,0,14.03,10.2,8.9,8.3,1.11,377.18
5790.0,96.5,1264.23,335.78,240.0,1840.01,0,14.09,10.21,8.96,8.36,1.16,377.23
5795.0,96.58,1262.17,335.23,240.0,1837.4,0,14.16,10.22,9.02,8.42,1.22,377.27
5800.0,96.67,1260.06,334.67,240.0,1834.74,0,14.22,10.23,9.08,8.48,1.27,377.3
5805.0,96.75,1257.92,334.11,240.0,1832.03,0,14.28,10.24,9.14,8.54,1.33,377.32
5810.0,96.83,1255.74,333.53,240.0,1829.26,0,14.34,10.25,9.21,8.6,1.39,377.34
5815.0,96.92,1253.51,332.93,240.0,1826.45,0,14.41,10.26,9.27,8.66,1.44,377.35
5820.0,97.0,1251.25,332.33,240.0,1823.58,0,14.47,10.27,9.33,8.72,1.5,377.35
5825.0,97.08,1248.94,331.72,240.0,1820.66,0,14.53,10.28,9.39,8.78,1.55,377.34
5830.0,97.17,1246.6,331.1,240.0,1817.69,0,14.59,10.29,9.46,8.84,1.61,377.33
5835.0,97.25,1244.21,330.46,240.0,1814.68,0,14.65,10.3,9.52,8.9,1.66,377.3
5840.0,97.33,1241.79,329.82,240.0,1811.61,0,14.72,10.31,9.58,8.95,1.71,377.28
5845.0,97.42,1239.32,329.17,240.0,1808.49,0,14.78,10.32,9.64,9.01,1.77,377.24
5850.0,97.5,1236.82,328.5,240.0,1805.32,0,14.84,10.34,9.7,9.07,1.82,377.2
5855.0,97.58,1234.27,327.83,240.0,1802.1,0,14.9,10.35,9.76,9.13,1.88,377.15
5860.0,97.67,1231.69,327.14,240.0,1798.83,0,14.96,10.36,9.82,9.19,1.93,377.09
5865.0,97.75,1229.07,326.44,240.0,1795.51,0,15.02,10.37,9.89,9.25,1.98,377.02
5870.0,97.83,1226.4,325.73,240.0,1792.14,0,15.08,10.38,9.95,9.3,2.04,376.95
5875.0,97.92,1223.7,325.02,240.0,1788.72,0,15.15,10.39,10.01,9.36,2.09,376.87
5880.0,98.0,1220.96,324.29,240.0,1785.25,0,15.21,10.4,10.07,9.42,2.14,376.78
5885.0,98.08,1218.18,323.55,240.0,1781.73,0,15.27,10.42,10.13,9.48,2.2,376.69
5890.0,98.17,1215.36,322.8,240.0,1778.16,0,15.33,10.43,10.19,9.53,2.25,376.59
5895.0,98.25,1212.5,322.04,240.0,1774.54,0,15.39,10.44,10.25,9.59,2.3,376.48
5900.0,98.33,1209.6,321.27,240.0,1770.87,0,15.45,10.45,10.31,9.65,2.35,376.37
5905.0,98.42,1206.67,320.49,240.0,1767.16,0,15.51,10.46,10.37,9.7,2.41,376.25
5910.0,98.5,1203.69,319.7,240.0,1763.39,0,15.57,10.48,10.43,9.76,2.46,376.12
5915.0,98.58,1200.68,318.9,240.0,1759.58,0,15.63,10.49,10.49,9.81,2.51,375.98
5920.0,98.67,1197.62,318.09,240.0,1755.71,0,15.69,10.5,10.55,9.87,2.56,375.84
5925.0,98.75,1194.53,317.27,240.0,1751.8,0,15.75,10.51,10.61,9.93,2.61,375.69
5930.0,98.83,1191.4,316.44,240.0,1747.84,0,15.81,10.53,10.67,9.98,2.67,375.53
5935.0,98.92,1188.24,315.6,240.0,1743.83,0,15.86,10.54,10.73,10.04,2.72,375.37
5940.0,99.0,1185.03,314.75,240.0,1739.78,0,15.92,10.55,10.79,10.09,2.77,375.2
5945.0,99.08,1181.79,313.88,240.0,1735.67,0,15.98,10.57,10.85,10.15,2.82,375.02
5950.0,99.17,1178.5,313.01,240.0,1731.52,0,16.04,10.58,10.91,10.2,2.87,374.84
5955.0,99.25,1175.18,312.13,240.0,1727.32,0,16.1,10.59,10.97,10.25,2.92,374.65
5960.0,99.33,1171.83,311.24,240.0,1723.07,0,16.16,10.61,11.03,10.31,2.97,374.46
5965.0,99.42,1168.43,310.34,240.0,1718.77,0,16.21,10.62,11.09,10.36,3.02,374.25
5970.0,99.5,1165.0,309.43,240.0,1714.43,0,16.27,10.63,11.15,10.42,3.07,374.04
5975.0,99.58,1161.53,308.5,240.0,1710.04,0,16.33,10.65,11.21,10.47,3.12,373.83
5980.0,99.67,1158.02,307.57,240.0,1705.6,0,16.39,10.66,11.27,10.52,3.17,373.6
5985.0,99.75,1154.48,306.63,240.0,1701.11,0,16.45,10.67,11.32,10.58,3.22,373.37
5990.0,99.83,1150.9,305.68,240.0,1696.58,0,16.5,10.69,11.38,10.63,3.27,373.14
5995.0,99.92,1147.28,304.72,240.0,1692.0,0,16.56,10.7,11.44,10.68,3.32,372.89
6000.0,100.0,1143.63,303.75,240.0,1687.37,0,16.62,10.72,11.5,10.73,3.36,372.65
6005.0,100.08,1139.93,302.77,240.0,1682.7,0,16.67,10.73,11.56,10.78,3.41,372.39
6010.0,100.17,1136.2,301.78,240.0,1677.98,0,16.73,10.74,11.61,10.84,3.46,372.13
6015.0,100.25,1132.44,300.78,240.0,1673.22,0,16.79,10.76,11.67,10.89,3.51,371.86
6020.0,100.33,1128.64,299.77,240.0,1668.41,0,16.84,10.77,11.73,10.94,3.56,371.58
6025.0,100.42,1124.8,298.75,240.0,1663.55,0,16.9,10.79,11.79,10.99,3.61,371.3
6030.0,100.5,1120.93,297.72,240.0,1658.65,0,16.95,10.8,11.84,11.04,3.65,371.01
6035.0,100.58,1117.02,296.68,240.0,1653.7,0,17.01,10.82,11.9,11.09,3.7,370.72
6040.0,100.67,1113.07,295.63,240.0,1648.71,0,17.06,10.83,11.96,11.14,3.75,370.42
6045.0,100.75,1109.09,294.58,240.0,1643.67,0,17.12,10.85,12.01,11.19,3.79,370.11
6050.0,100.83,1105.08,293.51,240.0,1638.59,0,17.17,10.86,12.07,11.24,3.84,369.8
6055.0,100.92,1101.02,292.43,240.0,1633.46,0,17.23,10.88,12.13,11.29,3.89,369.48
6060.0,101.0,1096.94,291.35,240.0,1628.28,0,17.28,10.89,12.18,11.34,3.93,369.15
6065.0,101.08,1092.81,290.25,240.0,1623.07,0,17.34,10.91,12.24,11.39,3.98,368.82
6070.0,101.17,1088.66,289.15,240.0,1617.8,0,17.39,10.92,12.29,11.44,4.02,368.48
6075.0,101.25,1084.46,288.04,240.0,1612.5,0,17.44,10.94,12.35,11.49,4.07,368.14
6080.0,101.33,1080.23,286.91,240.0,1607.15,0,17.5,10.95,12.41,11.54,4.11,367.79
6085.0,101.42,1075.97,285.78,240.0,1601.75,0,17.55,10.97,12.46,11.58,4.16,367.43
6090.0,101.5,1071.68,284.64,240.0,1596.31,0,17.6,10.99,12.52,11.63,4.2,367.06
6095.0,101.58,1067.34,283.49,240.0,1590.83,0,17.66,11.0,12.57,11.68,4.25,366.69
6100.0,101.67,1062.98,282.33,240.0,1585.31,0,17.71,11.02,12.63,11.73,4.29,366.32
6105.0,101.75,1058.58,281.16,240.0,1579.74,0,17.76,11.03,12.68,11.77,4.34,365.94
6110.0,101.83,1054.15,279.98,240.0,1574.13,0,17.81,11.05,12.73,11.82,4.38,365.55
6115.0,101.92,1049.68,278.8,240.0,1568.48,0,17.87,11.07,12.79,11.87,4.42,365.15
6120.0,102.0,1045.18,277.6,240.0,1562.78,0,17.92,11.08,12.84,11.91,4.47,364.75
6125.0,102.08,1040.64,276.4,240.0,1557.04,0,17.97,11.1,12.9,11.96,4.51,364.34
6130.0,102.17,1036.08,275.18,240.0,1551.26,0,18.02,11.11,12.95,12.0,4.55,363.93
6135.0,102.25,1031.47,273.96,240.0,1545.43,0,18.07,11.13,13.0,12.05,4.6,363.51
6140.0,102.33,1026.84,272.73,240.0,1539.57,0,18.12,11.15,13.06,12.1,4.64,363.08
6145.0,102.42,1022.17,271.49,240.0,1533.66,0,18.17,11.16,13.11,12.14,4.68,362.65
6150.0,102.5,1017.47,270.24,240.0,1527.71,0,18.22,11.18,13.16,12.18,4.72,362.21
6155.0,102.58,1012.74,268.99,240.0,1521.72,0,18.27,11.2,13.21,12.23,4.76,361.77
6160.0,102.67,1007.97,267.72,240.0,1515.69,0,18.32,11.21,13.27,12.27,4.81,361.32
6165.0,102.75,1003.18,266.45,240.0,1509.62,0,18.37,11.23,13.32,12.32,4.85,360.86
6170.0,102.83,998.35,265.16,240.0,1503.51,0,18.42,11.25,13.37,12.36,4.89,360.4
6175.0,102.92,993.48,263.87,240.0,1497.36,0,18.47,11.26,13.42,12.4,4.93,359.93
6180.0,103.0,988.59,262.57,240.0,1491.16,0,18.52,11.28,13.47,12.45,4.97,359.46
6185.0,103.08,983.66,261.26,240.0,1484.93,0,18.57,11.3,13.52,12.49,5.01,358.98
6190.0,103.17,978.71,259.95,240.0,1478.65,0,18.62,11.32,13.58,12.53,5.05,358.49
6195.0,103.25,973.72,258.62,240.0,1472.34,0,18.67,11.33,13.63,12.57,5.09,358.0
6200.0,103.33,968.7,257.29,240.0,1465.99,0,18.71,11.35,13.68,12.62,5.13,357.5
6205.0,103.42,963.65,255.95,240.0,1459.59,0,18.76,11.37,13.73,12.66,5.17,356.99
6210.0,103.5,958.57,254.6,240.0,1453.16,0,18.81,11.38,13.78,12.7,5.21,356.48
6215.0,103.58,953.45,253.24,240.0,1446.69,0,18.86,11.4,13.83,12.74,5.25,355.96
6220.0,103.67,948.31,251.87,240.0,1440.18,0,18.9,11.42,13.88,12.78,5.28,355.44
6225.0,103.75,943.14,250.5,240.0,1433.64,0,18.95,11.44,13.93,12.82,5.32,354.91
6230.0,103.83,937.93,249.12,240.0,1427.05,0,19.0,11.45,13.97,12.86,5.36,354.37
6235.0,103.92,932.7,247.73,240.0,1420.43,0,19.04,11.47,14.02,12.9,5.4,353.83
6240.0,104.0,927.43,246.33,240.0,1413.76,0,19.09,11.49,14.07,12.94,5.43,353.28
6245.0,104.08,922.14,244.92,240.0,1407.06,0,19.13,11.51,14.12,12.98,5.47,352.73
6250.0,104.17,916.82,243.51,240.0,1400.33,0,19.18,11.53,14.17,13.02,5.51,352.17
6255.0,104.25,911.46,242.09,240.0,1393.55,0,19.23,11.54,14.22,13.06,5.55,351.6
6260.0,104.33,906.08,240.66,240.0,1386.74,0,19.27,11.56,14.27,13.1,5.58,351.03
6265.0,104.42,900.67,239.22,240.0,1379.89,0,19.31,11.58,14.31,13.13,5.62,350.45
6270.0,104.5,895.23,237.77,240.0,1373.01,0,19.36,11.6,14.36,13.17,5.65,349.86
6275.0,104.58,889.76,236.32,240.0,1366.09,0,19.4,11.61,14.41,13.21,5.69,349.27
6280.0,104.67,884.27,234.86,240.0,1359.13,0,19.45,11.63,14.45,13.25,5.73,348.68
6285.0,104.75,878.74,233.39,240.0,1352.13,0,19.49,11.65,14.5,13.28,5.76,348.07
6290.0,104.83,873.19,231.92,240.0,1345.11,0,19.53,11.67,14.55,13.32,5.8,347.46
6295.0,104.92,867.6,230.44,240.0,1338.04,0,19.58,11.69,14.59,13.36,5.83,346.85
6300.0,105.0,861.99,228.95,240.0,1330.94,0,19.62,11.71,14.64,13.39,5.86,346.23
6305.0,105.08,856.36,227.45,240.0,1323.81,0,19.66,11.72,14.68,13.43,5.9,345.6
6310.0,105.17,850.69,225.95,240.0,1316.64,0,19.7,11.74,14.73,13.46,5.93,344.97
6315.0,105.25,845.0,224.43,240.0,1309.43,0,19.75,11.76,14.77,13.5,5.96,344.33
6320.0,105.33,839.28,222.91,240.0,1302.19,0,19.79,11.78,14.82,13.53,6.0,343.68
6325.0,105.42,833.53,221.39,240.0,1294.92,0,19.83,11.8,14.86,13.57,6.03,343.03
6330.0,105.5,827.76,219.85,240.0,1287.61,0,19.87,11.82,14.91,13.6,6.06,342.37
6335.0,105.58,821.96,218.31,240.0,1280.27,0,19.91,11.83,14.95,13.64,6.09,341.71
6340.0,105.67,816.13,216.77,240.0,1272.9,0,19.95,11.85,15.0,13.67,6.13,341.04
6345.0,105.75,810.28,215.21,240.0,1265.49,0,19.99,11.87,15.04,13.7,6.16,340.36
6350.0,105.83,804.4,213.65,240.0,1258.05,0,20.03,11.89,15.08,13.74,6.19,339.68
6355.0,105.92,798.5,212.08,240.0,1250.58,0,20.07,11.91,15.13,13.77,6.22,338.99
6360.0,106.0,792.57,210.51,240.0,1243.08,0,20.11,11.93,15.17,13.8,6.25,338.29
6365.0,106.08,786.61,208.93,240.0,1235.54,0,20.15,11.95,15.21,13.83,6.28,337.59
6370.0,106.17,780.63,207.34,240.0,1227.97,0,20.19,11.97,15.25,13.86,6.31,336.88
6375.0,106.25,774.63,205.74,240.0,1220.37,0,20.23,11.98,15.3,13.9,6.34,336.17
6380.0,106.33,768.6,204.14,240.0,1212.74,0,20.27,12.0,15.34,13.93,6.37,335.45
6385.0,106.42,762.54,202.53,240.0,1205.08,0,20.3,12.02,15.38,13.96,6.4,334.73
6390.0,106.5,756.46,200.92,240.0,1197.38,0,20.34,12.04,15.42,13.99,6.43,333.99
6395.0,106.58,750.36,199.3,240.0,1189.66,0,20.38,12.06,15.46,14.02,6.46,333.26
6400.0,106.67,744.23,197.67,240.0,1181.9,0,20.41,12.08,15.5,14.05,6.49,332.51
6405.0,106.75,738.08,196.04,240.0,1174.12,0,20.45,12.1,15.54,14.08,6.52,331.76
6410.0,106.83,731.9,194.4,240.0,1166.3,0,20.49,12.12,15.58,14.1,6.55,331.0
6415.0,106.92,725.71,192.75,240.0,1158.45,0,20.52,12.14,15.62,14.13,6.57,330.24
6420.0,107.0,719.48,191.1,240.0,1150.58,0,20.56,12.16,15.66,14.16,6.6,329.47
6425.0,107.08,713.24,189.44,240.0,1142.68,0,20.6,12.17,15.7,14.19,6.63,328.69
6430.0,107.17,706.97,187.77,240.0,1134.74,0,20.63,12.19,15.74,14.22,6.65,327.91
6435.0,107.25,700.68,186.1,240.0,1126.78,0,20.67,12.21,15.78,14.24,6.68,327.12
6440.0,107.33,694.37,184.42,240.0,1118.79,0,20.7,12.23,15.82,14.27,6.71,326.33
6445.0,107.42,688.03,182.74,240.0,1110.77,0,20.73,12.25,15.85,14.3,6.73,325.53
6450.0,107.5,681.67,181.05,240.0,1102.72,0,20.77,12.27,15.89,14.32,6.76,324.72
6455.0,107.58,675.29,179.36,240.0,1094.65,0,20.8,12.29,15.93,14.35,6.78,323.91
6460.0,107.67,668.89,177.66,240.0,1086.55,0,20.84,12.31,15.97,14.38,6.81,323.09
6465.0,107.75,662.47,175.95,240.0,1078.42,0,20.87,12.33,16.0,14.4,6.83,322.26
6470.0,107.83,656.02,174.24,240.0,1070.26,0,20.9,12.35,16.04,14.43,6.86,321.43
6475.0,107.92,649.56,172.52,240.0,1062.08,0,20.93,12.37,16.08,14.45,6.88,320.59
6480.0,108.0,643.07,170.8,240.0,1053.87,0,20.97,12.39,16.11,14.48,6.91,319.75
6485.0,108.08,636.57,169.07,240.0,1045.64,0,21.0,12.4,16.15,14.5,6.93,318.89
6490.0,108.17,630.04,167.34,240.0,1037.38,0,21.03,12.42,16.18,14.52,6.95,318.04
6495.0,108.25,623.49,165.6,240.0,1029.09,0,21.06,12.44,16.22,14.55,6.98,317.17
6500.0,108.33,616.92,163.86,240.0,1020.78,0,21.09,12.46,16.25,14.57,7.0,316.3
6505.0,108.42,610.34,162.11,240.0,1012.44,0,21.12,12.48,16.29,14.59,7.02,315.42
6510.0,108.5,603.73,160.35,240.0,1004.08,0,21.15,12.5,16.32,14.61,7.04,314.54
6515.0,108.58,597.1,158.59,240.0,995.7,0,21.18,12.52,16.35,14.63,7.06,313.65
6520.0,108.67,590.46,156.83,240.0,987.29,0,21.21,12.54,16.39,14.66,7.08,312.75
6525.0,108.75,583.79,155.06,240.0,978.85,0,21.24,12.56,16.42,14.68,7.11,311.85
6530.0,108.83,577.11,153.28,240.0,970.39,0,21.27,12.58,16.45,14.7,7.13,310.94
6535.0,108.92,570.41,151.5,240.0,961.91,0,21.3,12.6,16.49,14.72,7.15,310.03
6540.0,109.0,563.69,149.72,240.0,953.41,0,21.32,12.62,16.52,14.74,7.17,309.1
6545.0,109.08,556.95,147.93,240.0,944.88,0,21.35,12.64,16.55,14.76,7.19,308.17
6550.0,109.17,550.2,146.13,240.0,936.33,0,21.38,12.66,16.58,14.78,7.21,307.24
6555.0,109.25,543.42,144.33,240.0,927.76,0,21.41,12.68,16.61,14.8,7.22,306.3
6560.0,109.33,536.63,142.53,240.0,919.16,0,21.43,12.69,16.65,14.81,7.24,305.35
6565.0,109.42,529.82,140.72,240.0,910.55,0,21.46,12.71,16.68,14.83,7.26,304.39
6570.0,109.5,523.0,138.91,240.0,901.91,0,21.49,12.73,16.71,14.85,7.28,303.43
6575.0,109.58,516.16,137.09,240.0,893.25,0,21.51,12.75,16.74,14.87,7.3,302.46
6580.0,109.67,509.3,135.27,240.0,884.57,0,21.54,12.77,16.77,14.88,7.31,301.49
6585.0,109.75,502.42,133.44,240.0,875.87,0,21.56,12.79,16.8,14.9,7.33,300.51
6590.0,109.83,495.53,131.61,240.0,867.15,0,21.59,12.81,16.82,14.92,7.35,299.52
6595.0,109.92,488.63,129.78,240.0,858.41,0,21.61,12.83,16.85,14.93,7.36,298.52
6600.0,110.0,481.7,127.94,240.0,849.64,0,21.64,12.85,16.88,14.95,7.38,297.52
6605.0,110.08,474.76,126.1,240.0,840.86,0,21.66,12.87,16.91,14.96,7.4,296.51
6610.0,110.17,467.81,124.25,240.0,832.06,0,21.68,12.89,16.94,14.98,7.41,295.5
6615.0,110.25,460.84,122.4,240.0,823.24,0,21.71,12.91,16.97,14.99,7.43,294.47
6620.0,110.33,453.86,120.55,240.0,814.41,0,21.73,12.93,16.99,15.01,7.44,293.45
6625.0,110.42,446.86,118.69,240.0,805.55,0,21.75,12.94,17.02,15.02,7.46,292.41
6630.0,110.5,439.85,116.83,240.0,796.68,0,21.77,12.96,17.05,15.03,7.47,291.37
6635.0,110.58,432.82,114.96,240.0,787.78,0,21.8,12.98,17.07,15.05,7.48,290.32
6640.0,110.67,425.78,113.09,240.0,778.87,0,21.82,13.0,17.1,15.06,7.5,289.26
6645.0,110.75,418.73,111.22,240.0,769.95,0,21.84,13.02,17.12,15.07,7.51,288.2
6650.0,110.83,411.66,109.34,240.0,761.0,0,21.86,13.04,17.15,15.08,7.52,287.13
6655.0,110.92,404.58,107.46,240.0,752.04,0,21.88,13.06,17.17,15.09,7.54,286.05
6660.0,111.0,397.49,105.57,240.0,743.06,0,21.9,13.08,17.2,15.11,7.55,284.97
6665.0,111.08,390.38,103.69,240.0,734.07,0,21.92,13.1,17.22,15.12,7.56,283.88
6670.0,111.17,383.27,101.8,240.0,725.06,0,21.94,13.12,17.25,15.13,7.57,282.78
6675.0,111.25,376.13,99.9,240.0,716.04,0,21.96,13.14,17.27,15.14,7.58,281.68
6680.0,111.33,368.99,98.0,240.0,707.0,0,21.97,13.15,17.29,15.15,7.59,280.57
6685.0,111.42,361.84,96.1,240.0,697.94,0,21.99,13.17,17.32,15.15,7.6,279.45
6690.0,111.5,354.67,94.2,240.0,688.87,0,22.01,13.19,17.34,15.16,7.61,278.32
6695.0,111.58,347.49,92.29,240.0,679.79,0,22.03,13.21,17.36,15.17,7.62,277.19
6700.0,111.67,340.3,90.39,240.0,670.69,0,22.04,13.23,17.38,15.18,7.63,276.05
6705.0,111.75,333.1,88.47,240.0,661.58,0,22.06,13.25,17.4,15.19,7.64,274.9
6710.0,111.83,325.89,86.56,240.0,652.45,0,22.08,13.27,17.42,15.19,7.65,273.75
6715.0,111.92,318.67,84.64,240.0,643.31,0,22.09,13.29,17.44,15.2,7.66,272.59
6720.0,112.0,311.44,82.72,240.0,634.16,0,22.11,13.31,17.46,15.21,7.66,271.42
6725.0,112.08,304.2,80.8,240.0,624.99,0,22.12,13.32,17.48,15.21,7.67,270.25
6730.0,112.17,296.95,78.87,240.0,615.82,0,22.14,13.34,17.5,15.22,7.68,269.06
6735.0,112.25,289.69,76.94,240.0,606.63,0,22.15,13.36,17.52,15.22,7.68,267.87
6740.0,112.33,282.42,75.01,240.0,597.43,0,22.17,13.38,17.54,15.23,7.69,266.68
6745.0,112.42,275.14,73.08,240.0,588.22,0,22.18,13.4,17.56,15.23,7.7,265.47
6750.0,112.5,267.85,71.14,240.0,578.99,0,22.19,13.42,17.58,15.23,7.7,264.26
6755.0,112.58,260.55,69.2,240.0,569.76,0,22.21,13.44,17.6,15.24,7.71,263.04
6760.0,112.67,253.25,67.26,240.0,560.51,0,22.22,13.45,17.61,15.24,7.71,261.82
6765.0,112.75,245.94,65.32,240.0,551.26,0,22.23,13.47,17.63,15.24,7.72,260.58
6770.0,112.83,238.62,63.38,240.0,541.99,0,22.24,13.49,17.65,15.24,7.72,259.34
6775.0,112.92,231.29,61.43,240.0,532.72,0,22.25,13.51,17.66,15.25,7.72,258.09
6780.0,113.0,223.95,59.48,240.0,523.43,0,22.26,13.53,17.68,15.25,7.73,256.84
6785.0,113.08,216.61,57.53,240.0,514.14,0,22.27,13.55,17.7,15.25,7.73,255.57
6790.0,113.17,209.26,55.58,240.0,504.84,0,22.28,13.56,17.71,15.25,7.73,254.3
6795.0,113.25,201.9,53.63,240.0,495.53,0,22.29,13.58,17.73,15.25,7.73,253.03
6800.0,113.33,194.54,51.67,240.0,486.21,0,22.3,13.6,17.74,15.25,7.74,251.74
6805.0,113.42,187.17,49.71,240.0,476.88,0,22.31,13.62,17.75,15.25,7.74,250.45
6810.0,113.5,179.79,47.75,240.0,467.55,0,22.32,13.64,17.77,15.24,7.74,249.15
6815.0,113.58,172.41,45.79,240.0,458.21,0,22.33,13.65,17.78,15.24,7.74,247.84
6820.0,113.67,165.03,43.83,240.0,448.86,0,22.34,13.67,17.79,15.24,7.74,246.52
6825.0,113.75,157.63,41.87,240.0,439.5,0,22.34,13.69,17.81,15.24,7.74,245.2
6830.0,113.83,150.24,39.9,240.0,430.14,0,22.35,13.71,17.82,15.23,7.74,243.87
6835.0,113.92,142.83,37.94,240.0,420.77,0,22.36,13.73,17.83,15.23,7.74,242.53
6840.0,114.0,135.43,35.97,240.0,411.4,0,22.36,13.74,17.84,15.23,7.74,241.18
6845.0,114.08,128.02,34.0,240.0,402.02,0,22.37,13.76,17.85,15.22,7.73,239.83
6850.0,114.17,120.6,32.03,240.0,392.63,0,22.37,13.78,17.86,15.22,7.73,238.47
6855.0,114.25,113.18,30.06,240.0,383.24,0,22.38,13.8,17.87,15.21,7.73,237.1
6860.0,114.33,105.76,28.09,240.0,373.85,0,22.38,13.81,17.88,15.21,7.73,235.72
6865.0,114.42,98.33,26.12,240.0,364.45,0,22.39,13.83,17.89,15.2,7.72,234.33
6870.0,114.5,90.91,24.14,240.0,355.05,0,22.39,13.85,17.9,15.19,7.72,232.94
6875.0,114.58,83.47,22.17,240.0,345.64,0,22.39,13.87,17.91,15.19,7.72,231.54
6880.0,114.67,76.04,20.2,240.0,336.24,0,22.4,13.88,17.92,15.18,7.71,230.13
6885.0,114.75,68.6,18.22,240.0,326.82,0,22.4,13.9,17.93,15.17,7.71,228.71
6890.0,114.83,61.16,16.24,240.0,317.41,0,22.4,13.92,17.93,15.16,7.7,227.29
6895.0,114.92,53.72,14.27,240.0,307.99,0,22.4,13.93,17.94,15.15,7.7,225.85
6900.0,115.0,46.28,12.29,240.0,298.57,0,22.4,13.95,17.95,15.14,7.69,224.41
6905.0,115.08,38.83,10.31,240.0,289.15,0,22.41,13.97,17.95,15.13,7.68,222.96
6910.0,115.17,31.39,8.34,240.0,279.73,0,22.41,13.98,17.96,15.12,7.68,221.5
6915.0,115.25,23.94,6.36,240.0,270.3,0,22.41,14.0,17.97,15.11,7.67,220.04
6920.0,115.33,16.49,4.38,240.0,260.88,0,22.4,14.02,17.97,15.1,7.66,218.55
6925.0,115.42,9.05,2.4,240.0,251.45,0,22.4,14.03,17.97,15.09,7.65,217.06
6930.0,115.5,1.6,0.42,240.0,242.02,0,22.4,14.05,17.98,15.08,7.64,215.57
6935.0,115.58,0.0,0.0,240.0,240.0,0,22.4,14.07,17.98,15.06,7.64,214.08
6940.0,115.67,0.0,0.0,240.0,240.0,0,22.4,14.08,17.99,15.05,7.63,212.61
6945.0,115.75,0.0,0.0,240.0,240.0,0,22.4,14.1,17.99,15.04,7.62,211.15
6950.0,115.83,0.0,0.0,240.0,240.0,0,22.39,14.12,17.99,15.02,7.61,209.7
6955.0,115.92,0.0,0.0,240.0,240.0,0,22.39,14.13,17.99,15.01,7.6,208.28
6960.0,116.0,0.0,0.0,240.0,240.0,0,22.38,14.15,18.0,14.99,7.58,206.87
6965.0,116.08,0.0,0.0,240.0,240.0,0,22.38,14.16,18.0,14.98,7.57,205.47
6970.0,116.17,0.0,0.0,240.0,240.0,0,22.37,14.18,18.0,14.96,7.56,204.09
6975.0,116.25,0.0,0.0,240.0,240.0,0,22.37,14.2,18.0,14.95,7.55,202.73
6980.0,116.33,0.0,0.0,240.0,240.0,0,22.36,14.21,18.0,14.93,7.54,201.38
6985.0,116.42,0.0,0.0,240.0,240.0,0,22.36,14.23,18.0,14.91,7.52,200.04
6990.0,116.5,0.0,0.0,240.0,240.0,0,22.35,14.24,18.0,14.9,7.51,198.71
6995.0,116.58,0.0,0.0,240.0,240.0,0,22.34,14.26,18.0,14.88,7.5,197.4
7000.0,116.67,0.0,0.0,240.0,240.0,0,22.34,14.27,17.99,14.86,7.48,196.11
7005.0,116.75,0.0,0.0,240.0,240.0,0,22.33,14.29,17.99,14.84,7.47,194.83
7010.0,116.83,0.0,0.0,240.0,240.0,0,22.32,14.3,17.99,14.82,7.45,193.56
7015.0,116.92,0.0,0.0,240.0,240.0,0,22.31,14.32,17.99,14.8,7.44,192.3
7020.0,117.0,0.0,0.0,240.0,240.0,0,22.3,14.34,17.98,14.78,7.42,191.05
7025.0,117.08,0.0,0.0,240.0,240.0,0,22.29,14.35,17.98,14.76,7.41,189.82
7030.0,117.17,0.0,0.0,240.0,240.0,0,22.28,14.37,17.98,14.74,7.39,188.6
7035.0,117.25,0.0,0.0,240.0,240.0,0,22.27,14.38,17.97,14.72,7.37,187.39
7040.0,117.33,0.0,0.0,240.0,240.0,0,22.26,14.39,17.97,14.7,7.36,186.2
7045.0,117.42,0.0,0.0,240.0,240.0,0,22.25,14.41,17.96,14.68,7.34,185.01
7050.0,117.5,0.0,0.0,240.0,240.0,0,22.24,14.42,17.96,14.66,7.32,183.84
7055.0,117.58,0.0,0.0,240.0,240.0,0,22.23,14.44,17.95,14.64,7.3,182.68
7060.0,117.67,0.0,0.0,240.0,240.0,0,22.21,14.45,17.94,14.62,7.29,181.53
7065.0,117.75,0.0,0.0,240.0,240.0,0,22.2,14.47,17.94,14.6,7.27,180.39
7070.0,117.83,0.0,0.0,240.0,240.0,0,22.19,14.48,17.93,14.57,7.25,179.26
7075.0,117.92,0.0,0.0,240.0,240.0,0,22.18,14.5,17.92,14.55,7.23,178.14
7080.0,118.0,0.0,0.0,240.0,240.0,0,22.16,14.51,17.91,14.53,7.21,177.03
7085.0,118.08,0.0,0.0,240.0,240.0,0,22.15,14.52,17.91,14.5,7.19,175.94
7090.0,118.17,0.0,0.0,240.0,240.0,0,22.13,14.54,17.9,14.48,7.17,174.85
7095.0,118.25,0.0,0.0,240.0,240.0,0,22.12,14.55,17.89,14.46,7.15,173.77
7100.0,118.33,0.0,0.0,240.0,240.0,0,22.1,14.56,17.88,14.43,7.13,172.7
7105.0,118.42,0.0,0.0,240.0,240.0,0,22.09,14.58,17.87,14.41,7.11,171.65
7110.0,118.5,0.0,0.0,240.0,240.0,0,22.07,14.59,17.86,14.38,7.09,170.6
7115.0,118.58,0.0,0.0,240.0,240.0,0,22.05,14.6,17.85,14.36,7.07,169.56
7120.0,118.67,0.0,0.0,240.0,240.0,0,22.04,14.62,17.84,14.33,7.05,168.53
7125.0,118.75,0.0,0.0,240.0,240.0,0,22.02,14.63,17.83,14.31,7.03,167.51
7130.0,118.83,0.0,0.0,240.0,240.0,0,22.0,14.64,17.81,14.28,7.01,166.5
7135.0,118.92,0.0,0.0,240.0,240.0,0,21.99,14.66,17.8,14.26,6.98,165.5
7140.0,119.0,0.0,0.0,240.0,240.0,0,21.97,14.67,17.79,14.23,6.96,164.5
7145.0,119.08,0.0,0.0,240.0,240.0,0,21.95,14.68,17.78,14.21,6.94,163.52
7150.0,119.17,0.0,0.0,240.0,240.0,0,21.93,14.69,17.76,14.18,6.92,162.54
7155.0,119.25,0.0,0.0,240.0,240.0,0,21.91,14.71,17.75,14.15,6.89,161.58
7160.0,119.33,0.0,0.0,240.0,240.0,0,21.89,14.72,17.74,14.13,6.87,160.62
7165.0,119.42,0.0,0.0,240.0,240.0,0,21.87,14.73,17.72,14.1,6.85,159.66
7170.0,119.5,0.0,0.0,240.0,240.0,0,21.85,14.74,17.71,14.07,6.82,158.72
7175.0,119.58,0.0,0.0,240.0,240.0,0,21.83,14.76,17.7,14.04,6.8,157.79
7180.0,119.67,0.0,0.0,240.0,240.0,0,21.81,14.77,17.68,14.02,6.78,156.86
7185.0,119.75,0.0,0.0,240.0,240.0,0,21.79,14.78,17.67,13.99,6.75,155.94
7190.0,119.83,0.0,0.0,240.0,240.0,0,21.77,14.79,17.65,13.96,6.73,155.03
7195.0,119.92,0.0,0.0,240.0,240.0,0,21.75,14.8,17.63,13.93,6.7,154.12
7200.0,120.0,0.0,0.0,240.0,240.0,0,21.73,14.82,17.62,13.9,6.68,153.23
7205.0,120.08,0.0,0.0,240.0,240.0,0,21.71,14.83,17.6,13.87,6.65,152.34
7210.0,120.17,0.0,0.0,240.0,240.0,0,21.69,14.84,17.58,13.85,6.63,151.46
7215.0,120.25,0.0,0.0,240.0,240.0,0,21.66,14.85,17.57,13.82,6.61,150.58
7220.0,120.33,0.0,0.0,240.0,240.0,0,21.64,14.86,17.55,13.79,6.58,149.71
7225.0,120.42,0.0,0.0,240.0,240.0,0,21.62,14.87,17.53,13.76,6.55,148.85
7230.0,120.5,0.0,0.0,240.0,240.0,0,21.59,14.88,17.51,13.73,6.53,148.0
7235.0,120.58,0.0,0.0,240.0,240.0,0,21.57,14.89,17.5,13.7,6.5,147.15
7240.0,120.67,0.0,0.0,240.0,240.0,1,21.55,14.91,17.48,13.67,6.48,146.31
7245.0,120.75,0.0,0.0,240.0,240.0,1,21.52,14.92,17.46,13.64,6.45,145.48
7250.0,120.83,0.0,0.0,240.0,240.0,1,21.5,14.93,17.44,13.61,6.42,144.65
7255.0,120.92,0.0,0.0,240.0,240.0,1,21.48,14.94,17.42,13.58,6.4,143.83
7260.0,121.0,0.0,0.0,240.0,240.0,1,21.45,14.95,17.4,13.55,6.37,143.02
7265.0,121.08,0.0,0.0,240.0,240.0,1,21.43,14.96,17.38,13.52,6.34,142.21
7270.0,121.17,0.0,0.0,240.0,240.0,1,21.4,14.97,17.36,13.49,6.32,141.41
7275.0,121.25,0.0,0.0,240.0,240.0,1,21.38,14.98,17.34,13.46,6.29,140.61
7280.0,121.33,0.0,0.0,240.0,240.0,1,21.35,14.99,17.32,13.43,6.26,139.83
7285.0,121.42,0.0,0.0,240.0,240.0,1,21.33,15.0,17.3,13.39,6.24,139.04
7290.0,121.5,0.0,0.0,240.0,240.0,1,21.3,15.01,17.28,13.36,6.21,138.27
7295.0,121.58,0.0,0.0,240.0,240.0,1,21.27,15.02,17.26,13.33,6.18,137.5
7300.0,121.67,0.0,0.0,240.0,240.0,1,21.25,15.03,17.24,13.3,6.15,136.73
7305.0,121.75,0.0,0.0,240.0,240.0,1,21.22,15.04,17.21,13.27,6.12,135.97
7310.0,121.83,0.0,0.0,240.0,240.0,1,21.19,15.05,17.19,13.24,6.1,135.22
7315.0,121.92,0.0,0.0,240.0,240.0,1,21.17,15.06,17.17,13.2,6.07,134.47
7320.0,122.0,0.0,0.0,240.0,240.0,1,21.14,15.06,17.15,13.17,6.04,133.73
7325.0,122.08,0.0,0.0,240.0,240.0,1,21.11,15.07,17.12,13.14,6.01,132.99
7330.0,122.17,0.0,0.0,240.0,240.0,1,21.08,15.08,17.1,13.11,5.98,132.26
7335.0,122.25,0.0,0.0,240.0,240.0,1,21.06,15.09,17.08,13.07,5.95,131.53
7340.0,122.33,0.0,0.0,240.0,240.0,1,21.03,15.1,17.05,13.04,5.93,130.81
7345.0,122.42,0.0,0.0,240.0,240.0,1,21.0,15.11,17.03,13.01,5.9,130.1
7350.0,122.5,0.0,0.0,240.0,240.0,1,20.97,15.12,17.01,12.98,5.87,129.39
7355.0,122.58,0.0,0.0,240.0,240.0,1,20.94,15.13,16.98,12.94,5.84,128.68
7360.0,122.67,0.0,0.0,240.0,240.0,1,20.92,15.13,16.96,12.91,5.81,127.98
7365.0,122.75,0.0,0.0,240.0,240.0,1,20.89,15.14,16.93,12.88,5.78,127.29
7370.0,122.83,0.0,0.0,240.0,240.0,1,20.86,15.15,16.91,12.84,5.75,126.6
7375.0,122.92,0.0,0.0,240.0,240.0,1,20.83,15.16,16.88,12.81,5.72,125.92
7380.0,123.0,0.0,0.0,240.0,240.0,1,20.8,15.17,16.86,12.78,5.69,125.24
7385.0,123.08,0.0,0.0,240.0,240.0,1,20.77,15.17,16.83,12.74,5.66,124.56
7390.0,123.17,0.0,0.0,240.0,240.0,1,20.74,15.18,16.81,12.71,5.63,123.89
7395.0,123.25,0.0,0.0,240.0,240.0,1,20.71,15.19,16.78,12.67,5.6,123.23
7400.0,123.33,0.0,0.0,240.0,240.0,1,20.68,15.2,16.75,12.64,5.57,122.57
7405.0,123.42,0.0,0.0,240.0,240.0,1,20.65,15.2,16.73,12.61,5.54,121.91
7410.0,123.5,0.0,0.0,240.0,240.0,1,20.62,15.21,16.7,12.57,5.51,121.26
7415.0,123.58,0.0,0.0,240.0,240.0,1,20.59,15.22,16.67,12.54,5.48,120.61
7420.0,123.67,0.0,0.0,240.0,240.0,1,20.56,15.23,16.65,12.5,5.45,119.97
7425.0,123.75,0.0,0.0,240.0,240.0,1,20.53,15.23,16.62,12.47,5.42,119.33
7430.0,123.83,0.0,0.0,240.0,240.0,1,20.5,15.24,16.59,12.43,5.39,118.7
7435.0,123.92,0.0,0.0,240.0,240.0,1,20.47,15.25,16.57,12.4,5.36,118.07
7440.0,124.0,0.0,0.0,240.0,240.0,1,20.44,15.25,16.54,12.36,5.33,117.44
7445.0,124.08,0.0,0.0,240.0,240.0,1,20.4,15.26,16.51,12.33,5.29,116.82
7450.0,124.17,0.0,0.0,240.0,240.0,1,20.37,15.27,16.48,12.3,5.26,116.21
7455.0,124.25,0.0,0.0,240.0,240.0,1,20.34,15.27,16.45,12.26,5.23,115.6
7460.0,124.33,0.0,0.0,240.0,240.0,1,20.31,15.28,16.43,12.22,5.2,114.99
7465.0,124.42,0.0,0.0,240.0,240.0,1,20.28,15.29,16.4,12.19,5.17,114.38
7470.0,124.5,0.0,0.0,240.0,240.0,1,20.25,15.29,16.37,12.15,5.14,113.78
7475.0,124.58,0.0,0.0,240.0,240.0,1,20.21,15.3,16.34,12.12,5.11,113.19
7480.0,124.67,0.0,0.0,240.0,240.0,1,20.18,15.3,16.31,12.08,5.07,112.6
7485.0,124.75,0.0,0.0,240.0,240.0,1,20.15,15.31,16.28,12.05,5.04,112.01
7490.0,124.83,0.0,0.0,240.0,240.0,1,20.12,15.31,16.25,12.01,5.01,111.42
7495.0,124.92,0.0,0.0,240.0,240.0,1,20.08,15.32,16.22,11.98,4.98,110.84
7500.0,125.0,0.0,0.0,240.0,240.0,1,20.05,15.33,16.19,11.94,4.95,110.27
7505.0,125.08,0.0,0.0,240.0,240.0,1,20.02,15.33,16.16,11.9,4.92,109.7
7510.0,125.17,0.0,0.0,240.0,240.0,1,19.99,15.34,16.13,11.87,4.88,109.13
7515.0,125.25,0.0,0.0,240.0,240.0,1,19.95,15.34,16.1,11.83,4.85,108.56
7520.0,125.33,0.0,0.0,240.0,240.0,1,19.92,15.35,16.07,11.8,4.82,108.0
7525.0,125.42,0.0,0.0,240.0,240.0,1,19.89,15.35,16.04,11.76,4.79,107.44
7530.0,125.5,0.0,0.0,240.0,240.0,1,19.85,15.36,16.01,11.72,4.75,106.89
7535.0,125.58,0.0,0.0,240.0,240.0,1,19.82,15.36,15.98,11.69,4.72,106.34
7540.0,125.67,0.0,0.0,240.0,240.0,1,19.78,15.37,15.95,11.65,4.69,105.79
7545.0,125.75,0.0,0.0,240.0,240.0,1,19.75,15.37,15.92,11.62,4.66,105.25
7550.0,125.83,0.0,0.0,240.0,240.0,1,19.72,15.37,15.89,11.58,4.62,104.71
7555.0,125.92,0.0,0.0,240.0,240.0,1,19.68,15.38,15.86,11.54,4.59,104.17
7560.0,126.0,0.0,0.0,240.0,240.0,1,19.65,15.38,15.83,11.51,4.56,103.64
7565.0,126.08,0.0,0.0,240.0,240.0,1,19.62,15.39,15.8,11.47,4.53,103.11
7570.0,126.17,0.0,0.0,240.0,240.0,1,19.58,15.39,15.77,11.43,4.49,102.58
7575.0,126.25,0.0,0.0,240.0,240.0,1,19.55,15.39,15.73,11.4,4.46,102.06
7580.0,126.33,0.0,0.0,240.0,240.0,1,19.51,15.4,15.7,11.36,4.43,101.54
7585.0,126.42,0.0,0.0,240.0,240.0,1,19.48,15.4,15.67,11.32,4.39,101.03
7590.0,126.5,0.0,0.0,240.0,240.0,1,19.44,15.41,15.64,11.29,4.36,100.51
7595.0,126.58,0.0,0.0,240.0,240.0,1,19.41,15.41,15.61,11.25,4.33,100.0
7600.0,126.67,0.0,0.0,240.0,240.0,1,19.37,15.41,15.57,11.21,4.29,99.5
7605.0,126.75,0.0,0.0,240.0,240.0,1,19.34,15.42,15.54,11.17,4.26,98.99
7610.0,126.83,0.0,0.0,240.0,240.0,1,19.3,15.42,15.51,11.14,4.23,98.49
7615.0,126.92,0.0,0.0,240.0,240.0,1,19.27,15.42,15.48,11.1,4.19,97.99
7620.0,127.0,0.0,0.0,240.0,240.0,1,19.23,15.43,15.44,11.06,4.16,97.5
7625.0,127.08,0.0,0.0,240.0,240.0,1,19.2,15.43,15.41,11.02,4.13,97.01
7630.0,127.17,0.0,0.0,240.0,240.0,1,19.16,15.43,15.38,10.99,4.09,96.52
7635.0,127.25,0.0,0.0,240.0,240.0,1,19.13,15.43,15.34,10.95,4.06,96.04
7640.0,127.33,0.0,0.0,240.0,240.0,1,19.09,15.44,15.31,10.91,4.03,95.55
7645.0,127.42,0.0,0.0,240.0,240.0,1,19.06,15.44,15.28,10.88,3.99,95.07
7650.0,127.5,0.0,0.0,240.0,240.0,1,19.02,15.44,15.25,10.84,3.96,94.6
7655.0,127.58,0.0,0.0,240.0,240.0,1,18.99,15.44,15.21,10.8,3.92,94.12
7660.0,127.67,0.0,0.0,240.0,240.0,1,18.95,15.45,15.18,10.76,3.89,93.65
7665.0,127.75,0.0,0.0,240.0,240.0,1,18.91,15.45,15.14,10.72,3.86,93.18
7670.0,127.83,0.0,0.0,240.0,240.0,1,18.88,15.45,15.11,10.69,3.82,92.72
7675.0,127.92,0.0,0.0,240.0,240.0,1,18.84,15.45,15.08,10.65,3.79,92.26
7680.0,128.0,0.0,0.0,240.0,240.0,1,18.81,15.45,15.04,10.61,3.75,91.8
7685.0,128.08,0.0,0.0,240.0,240.0,1,18.77,15.45,15.01,10.57,3.72,91.34
7690.0,128.17,0.0,0.0,240.0,240.0,1,18.73,15.46,14.97,10.54,3.69,90.89
7695.0,128.25,0.0,0.0,240.0,240.0,1,18.7,15.46,14.94,10.5,3.65,90.43
7700.0,128.33,0.0,0.0,240.0,240.0,1,18.66,15.46,14.91,10.46,3.62,89.99
7705.0,128.42,0.0,0.0,240.0,240.0,1,18.63,15.46,14.87,10.42,3.58,89.54
7710.0,128.5,0.0,0.0,240.0,240.0,1,18.59,15.46,14.84,10.38,3.55,89.1
7715.0,128.58,0.0,0.0,240.0,240.0,1,18.55,15.46,14.8,10.35,3.52,88.66
7720.0,128.67,0.0,0.0,240.0,240.0,1,18.52,15.46,14.77,10.31,3.48,88.22
7725.0,128.75,0.0,0.0,240.0,240.0,1,18.48,15.46,14.73,10.27,3.45,87.78
7730.0,128.83,0.0,0.0,240.0,240.0,1,18.44,15.47,14.7,10.23,3.41,87.35
7735.0,128.92,0.0,0.0,240.0,240.0,1,18.41,15.47,14.66,10.19,3.38,86.92
7740.0,129.0,0.0,0.0,240.0,240.0,1,18.37,15.47,14.63,10.16,3.34,86.49
7745.0,129.08,0.0,0.0,240.0,240.0,1,18.33,15.47,14.59,10.12,3.31,86.06
7750.0,129.17,0.0,0.0,240.0,240.0,1,18.3,15.47,14.56,10.08,3.27,85.64
7755.0,129.25,0.0,0.0,240.0,240.0,1,18.26,15.47,14.52,10.04,3.24,85.22
7760.0,129.33,0.0,0.0,240.0,240.0,1,18.22,15.47,14.49,10.0,3.2,84.8
7765.0,129.42,0.0,0.0,240.0,240.0,1,18.19,15.47,14.45,9.96,3.17,84.38
7770.0,129.5,0.0,0.0,240.0,240.0,1,18.15,15.47,14.42,9.93,3.14,83.97
7775.0,129.58,0.0,0.0,240.0,240.0,1,18.11,15.47,14.38,9.89,3.1,83.56
7780.0,129.67,0.0,0.0,240.0,240.0,1,18.07,15.47,14.35,9.85,3.07,83.15
7785.0,129.75,0.0,0.0,240.0,240.0,1,18.04,15.47,14.31,9.81,3.03,82.74
7790.0,129.83,0.0,0.0,240.0,240.0,1,18.0,15.47,14.28,9.77,3.0,82.34
7795.0,129.92,0.0,0.0,240.0,240.0,1,17.96,15.47,14.24,9.73,2.96,81.94
7800.0,130.0,0.0,0.0,240.0,240.0,1,17.92,15.47,14.2,9.69,2.93,81.54
7805.0,130.08,0.0,0.0,240.0,240.0,1,17.89,15.47,14.17,9.66,2.89,81.14
7810.0,130.17,0.0,0.0,240.0,240.0,1,17.85,15.47,14.13,9.62,2.86,80.74
7815.0,130.25,0.0,0.0,240.0,240.0,1,17.81,15.46,14.1,9.58,2.82,80.35
7820.0,130.33,0.0,0.0,240.0,240.0,1,17.78,15.46,14.06,9.54,2.79,79.96
7825.0,130.42,0.0,0.0,240.0,240.0,1,17.74,15.46,14.02,9.5,2.75,79.57
7830.0,130.5,0.0,0.0,240.0,240.0,1,17.7,15.46,13.99,9.46,2.72,79.18
7835.0,130.58,0.0,0.0,240.0,240.0,1,17.66,15.46,13.95,9.42,2.68,78.8
7840.0,130.67,0.0,0.0,240.0,240.0,1,17.62,15.46,13.92,9.39,2.65,78.42
7845.0,130.75,0.0,0.0,240.0,240.0,1,17.59,15.46,13.88,9.35,2.61,78.04
7850.0,130.83,0.0,0.0,240.0,240.0,1,17.55,15.46,13.84,9.31,2.58,77.66
7855.0,130.92,0.0,0.0,240.0,240.0,1,17.51,15.45,13.81,9.27,2.54,77.28
7860.0,131.0,0.0,0.0,240.0,240.0,1,17.47,15.45,13.77,9.23,2.51,76.91
7865.0,131.08,0.0,0.0,240.0,240.0,1,17.44,15.45,13.73,9.19,2.47,76.54
7870.0,131.17,0.0,0.0,240.0,240.0,1,17.4,15.45,13.7,9.15,2.44,76.17
7875.0,131.25,0.0,0.0,240.0,240.0,1,17.36,15.45,13.66,9.12,2.4,75.8
7880.0,131.33,0.0,0.0,240.0,240.0,1,17.32,15.45,13.62,9.08,2.37,75.43
7885.0,131.42,0.0,0.0,240.0,240.0,1,17.28,15.44,13.59,9.04,2.33,75.07
7890.0,131.5,0.0,0.0,240.0,240.0,1,17.25,15.44,13.55,9.0,2.3,74.71
7895.0,131.58,0.0,0.0,240.0,240.0,1,17.21,15.44,13.51,8.96,2.26,74.35
7900.0,131.67,0.0,0.0,240.0,240.0,1,17.17,15.44,13.48,8.92,2.23,73.99
7905.0,131.75,0.0,0.0,240.0,240.0,1,17.13,15.43,13.44,8.88,2.19,73.63
7910.0,131.83,0.0,0.0,240.0,240.0,1,17.09,15.43,13.4,8.84,2.16,73.28
7915.0,131.92,0.0,0.0,240.0,240.0,1,17.06,15.43,13.37,8.8,2.12,72.93
7920.0,132.0,0.0,0.0,240.0,240.0,1,17.02,15.43,13.33,8.77,2.09,72.58
7925.0,132.08,0.0,0.0,240.0,240.0,1,16.98,15.42,13.29,8.73,2.05,72.23
7930.0,132.17,0.0,0.0,240.0,240.0,1,16.94,15.42,13.25,8.69,2.02,71.88
7935.0,132.25,0.0,0.0,240.0,240.0,1,16.9,15.42,13.22,8.65,1.98,71.54
7940.0,132.33,0.0,0.0,240.0,240.0,1,16.87,15.41,13.18,8.61,1.95,71.19
7945.0,132.42,0.0,0.0,240.0,240.0,1,16.83,15.41,13.14,8.57,1.91,70.85
7950.0,132.5,0.0,0.0,240.0,240.0,1,16.79,15.41,13.1,8.53,1.87,70.51
7955.0,132.58,0.0,0.0,240.0,240.0,1,16.75,15.4,13.07,8.49,1.84,70.17
7960.0,132.67,0.0,0.0,240.0,240.0,1,16.71,15.4,13.03,8.45,1.8,69.84
7965.0,132.75,0.0,0.0,240.0,240.0,1,16.67,15.4,12.99,8.42,1.77,69.5
7970.0,132.83,0.0,0.0,240.0,240.0,1,16.64,15.39,12.96,8.38,1.73,69.17
7975.0,132.92,0.0,0.0,240.0,240.0,1,16.6,15.39,12.92,8.34,1.7,68.84
7980.0,133.0,0.0,0.0,240.0,240.0,1,16.56,15.39,12.88,8.3,1.66,68.51
7985.0,133.08,0.0,0.0,240.0,240.0,1,16.52,15.38,12.84,8.26,1.63,68.19
7990.0,133.17,0.0,0.0,240.0,240.0,1,16.48,15.38,12.81,8.22,1.59,67.86
7995.0,133.25,0.0,0.0,240.0,240.0,1,16.44,15.37,12.77,8.18,1.56,67.54
8000.0,133.33,0.0,0.0,240.0,240.0,1,16.41,15.37,12.73,8.14,1.52,67.21
8005.0,133.42,0.0,0.0,240.0,240.0,1,16.37,15.36,12.69,8.1,1.49,66.89
8010.0,133.5,0.0,0.0,240.0,240.0,1,16.33,15.36,12.65,8.07,1.45,66.57
8015.0,133.58,0.0,0.0,240.0,240.0,1,16.29,15.36,12.62,8.03,1.42,66.26
8020.0,133.67,0.0,0.0,240.0,240.0,1,16.25,15.35,12.58,7.99,1.38,65.94
8025.0,133.75,0.0,0.0,240.0,240.0,1,16.21,15.35,12.54,7.95,1.34,65.63
8030.0,133.83,0.0,0.0,240.0,240.0,1,16.17,15.34,12.5,7.91,1.31,65.32
8035.0,133.92,0.0,0.0,240.0,240.0,1,16.14,15.34,12.47,7.87,1.27,65.0
8040.0,134.0,0.0,0.0,240.0,240.0,1,16.1,15.33,12.43,7.83,1.24,64.7
8045.0,134.08,0.0,0.0,240.0,240.0,1,16.06,15.33,12.39,7.79,1.2,64.39
8050.0,134.17,0.0,0.0,240.0,240.0,1,16.02,15.32,12.35,7.75,1.17,64.08
8055.0,134.25,0.0,0.0,240.0,240.0,1,15.98,15.32,12.31,7.72,1.13,63.78
8060.0,134.33,0.0,0.0,240.0,240.0,1,15.94,15.31,12.28,7.68,1.1,63.47
8065.0,134.42,0.0,0.0,240.0,240.0,1,15.9,15.31,12.24,7.64,1.06,63.17
8070.0,134.5,0.0,0.0,240.0,240.0,1,15.87,15.3,12.2,7.6,1.03,62.87
8075.0,134.58,0.0,0.0,240.0,240.0,1,15.83,15.3,12.16,7.56,0.99,62.57
8080.0,134.67,0.0,0.0,240.0,240.0,1,15.79,15.29,12.12,7.52,0.96,62.28
8085.0,134.75,0.0,0.0,240.0,240.0,1,15.75,15.28,12.09,7.48,0.92,61.98
8090.0,134.83,0.0,0.0,240.0,240.0,1,15.71,15.28,12.05,7.44,0.88,61.69
8095.0,134.92,0.0,0.0,240.0,240.0,1,15.67,15.27,12.01,7.4,0.85,61.4
8100.0,135.0,0.0,0.0,240.0,240.0,1,15.63,15.27,11.97,7.37,0.81,61.1
8105.0,135.08,0.0,0.0,240.0,240.0,1,15.6,15.26,11.93,7.33,0.78,60.82
8110.0,135.17,0.0,0.0,240.0,240.0,1,15.56,15.26,11.9,7.29,0.74,60.53
8115.0,135.25,0.0,0.0,240.0,240.0,1,15.52,15.25,11.86,7.25,0.71,60.24
8120.0,135.33,0.0,0.0,240.0,240.0,1,15.48,15.24,11.82,7.21,0.67,59.96
8125.0,135.42,0.0,0.0,240.0,240.0,1,15.44,15.24,11.78,7.17,0.64,59.67
8130.0,135.5,0.0,0.0,240.0,240.0,1,15.4,15.23,11.74,7.13,0.6,59.39
8135.0,135.58,0.0,0.0,240.0,240.0,1,15.36,15.22,11.71,7.09,0.57,59.11
8140.0,135.67,0.0,0.0,240.0,240.0,1,15.32,15.22,11.67,7.05,0.53,58.83
8145.0,135.75,0.0,0.0,240.0,240.0,1,15.29,15.21,11.63,7.02,0.5,58.55
8150.0,135.83,0.0,0.0,240.0,240.0,1,15.25,15.2,11.59,6.98,0.46,58.27
8155.0,135.92,0.0,0.0,240.0,240.0,1,15.21,15.2,11.55,6.94,0.42,58.0
8160.0,136.0,0.0,0.0,240.0,240.0,1,15.17,15.19,11.51,6.9,0.39,57.72
8165.0,136.08,0.0,0.0,240.0,240.0,1,15.13,15.18,11.48,6.86,0.35,57.45
8170.0,136.17,0.0,0.0,240.0,240.0,1,15.09,15.18,11.44,6.82,0.32,57.18
8175.0,136.25,0.0,0.0,240.0,240.0,1,15.05,15.17,11.4,6.78,0.28,56.91
8180.0,136.33,0.0,0.0,240.0,240.0,1,15.02,15.16,11.36,6.74,0.25,56.64
8185.0,136.42,0.0,0.0,240.0,240.0,1,14.98,15.16,11.32,6.71,0.21,56.37
8190.0,136.5,0.0,0.0,240.0,240.0,1,14.94,15.15,11.28,6.67,0.18,56.11
8195.0,136.58,0.0,0.0,240.0,240.0,1,14.9,15.14,11.25,6.63,0.14,55.84
8200.0,136.67,0.0,0.0,240.0,240.0,1,14.86,15.13,11.21,6.59,0.11,55.58
8205.0,136.75,0.0,0.0,240.0,240.0,1,14.82,15.13,11.17,6.55,0.07,55.31
8210.0,136.83,0.0,0.0,240.0,240.0,1,14.78,15.12,11.13,6.51,0.04,55.05
8215.0,136.92,0.0,0.0,240.0,240.0,1,14.74,15.11,11.09,6.47,0.0,54.79
8220.0,137.0,0.0,0.0,240.0,240.0,1,14.71,15.1,11.05,6.43,-0.03,54.53
8225.0,137.08,0.0,0.0,240.0,240.0,1,14.67,15.09,11.02,6.4,-0.07,54.28
8230.0,137.17,0.0,0.0,240.0,240.0,1,14.63,15.09,10.98,6.36,-0.1,54.02
8235.0,137.25,0.0,0.0,240.0,240.0,1,14.59,15.08,10.94,6.32,-0.14,53.76
8240.0,137.33,0.0,0.0,240.0,240.0,1,14.55,15.07,10.9,6.28,-0.17,53.51
8245.0,137.42,0.0,0.0,240.0,240.0,1,14.51,15.06,10.86,6.24,-0.21,53.26
8250.0,137.5,0.0,0.0,240.0,240.0,1,14.47,15.05,10.82,6.2,-0.24,53.01
8255.0,137.58,0.0,0.0,240.0,240.0,1,14.44,15.05,10.79,6.16,-0.28,52.76
8260.0,137.67,0.0,0.0,240.0,240.0,1,14.4,15.04,10.75,6.13,-0.31,52.51
8265.0,137.75,0.0,0.0,240.0,240.0,1,14.36,15.03,10.71,6.09,-0.35,52.26
8270.0,137.83,0.0,0.0,240.0,240.0,1,14.32,15.02,10.67,6.05,-0.39,52.01
8275.0,137.92,0.0,0.0,240.0,240.0,1,14.28,15.01,10.63,6.01,-0.42,51.77
8280.0,138.0,0.0,0.0,240.0,240.0,1,14.24,15.0,10.59,5.97,-0.46,51.52
8285.0,138.08,0.0,0.0,240.0,240.0,1,14.2,14.99,10.56,5.93,-0.49,51.28
8290.0,138.17,0.0,0.0,240.0,240.0,1,14.17,14.99,10.52,5.9,-0.53,51.04
8295.0,138.25,0.0,0.0,240.0,240.0,1,14.13,14.98,10.48,5.86,-0.56,50.8
8300.0,138.33,0.0,0.0,240.0,240.0,1,14.09,14.97,10.44,5.82,-0.6,50.56
8305.0,138.42,0.0,0.0,240.0,240.0,1,14.05,14.96,10.4,5.78,-0.63,50.32
8310.0,138.5,0.0,0.0,240.0,240.0,1,14.01,14.95,10.36,5.74,-0.67,50.08
8315.0,138.58,0.0,0.0,240.0,240.0,1,13.97,14.94,10.33,5.7,-0.7,49.84
8320.0,138.67,0.0,0.0,240.0,240.0,1,13.93,14.93,10.29,5.67,-0.74,49.61
8325.0,138.75,0.0,0.0,240.0,240.0,1,13.9,14.92,10.25,5.63,-0.77,49.37
8330.0,138.83,0.0,0.0,240.0,240.0,1,13.86,14.91,10.21,5.59,-0.81,49.14
8335.0,138.92,0.0,0.0,240.0,240.0,1,13.82,14.9,10.17,5.55,-0.84,48.91
8340.0,139.0,0.0,0.0,240.0,240.0,1,13.78,14.89,10.13,5.51,-0.88,48.68
8345.0,139.08,0.0,0.0,240.0,240.0,1,13.74,14.88,10.1,5.47,-0.91,48.45
8350.0,139.17,0.0,0.0,240.0,240.0,1,13.7,14.87,10.06,5.44,-0.95,48.22
8355.0,139.25,0.0,0.0,240.0,240.0,1,13.67,14.86,10.02,5.4,-0.98,47.99
8360.0,139.33,0.0,0.0,240.0,240.0,1,13.63,14.85,9.98,5.36,-1.02,47.76
8365.0,139.42,0.0,0.0,240.0,240.0,1,13.59,14.84,9.94,5.32,-1.05,47.54
8370.0,139.5,0.0,0.0,240.0,240.0,1,13.55,14.83,9.9,5.28,-1.09,47.31
8375.0,139.58,0.0,0.0,240.0,240.0,1,13.51,14.82,9.87,5.24,-1.12,47.09
8380.0,139.67,0.0,0.0,240.0,240.0,1,13.47,14.81,9.83,5.21,-1.16,46.86
8385.0,139.75,0.0,0.0,240.0,240.0,1,13.44,14.8,9.79,5.17,-1.19,46.64
8390.0,139.83,0.0,0.0,240.0,240.0,1,13.4,14.79,9.75,5.13,-1.23,46.42
8395.0,139.92,0.0,0.0,240.0,240.0,1,13.36,14.78,9.71,5.09,-1.26,46.2
8400.0,140.0,0.0,0.0,240.0,240.0,1,13.32,14.77,9.68,5.05,-1.29,45.98
8405.0,140.08,0.0,0.0,240.0,240.0,1,13.28,14.76,9.64,5.02,-1.33,45.77
8410.0,140.17,0.0,0.0,240.0,240.0,1,13.24,14.75,9.6,4.98,-1.36,45.55
8415.0,140.25,0.0,0.0,240.0,240.0,1,13.21,14.74,9.56,4.94,-1.4,45.33
8420.0,140.33,0.0,0.0,240.0,240.0,1,13.17,14.73,9.52,4.9,-1.43,45.12
8425.0,140.42,0.0,0.0,240.0,240.0,1,13.13,14.72,9.48,4.86,-1.47,44.9
8430.0,140.5,0.0,0.0,240.0,240.0,1,13.09,14.71,9.45,4.83,-1.5,44.69
8435.0,140.58,0.0,0.0,240.0,240.0,1,13.05,14.7,9.41,4.79,-1.54,44.48
8440.0,140.67,0.0,0.0,240.0,240.0,1,13.01,14.69,9.37,4.75,-1.57,44.27
8445.0,140.75,0.0,0.0,240.0,240.0,1,12.98,14.68,9.33,4.71,-1.61,44.06
8450.0,140.83,0.0,0.0,240.0,240.0,1,12.94,14.67,9.29,4.68,-1.64,43.85
8455.0,140.92,0.0,0.0,240.0,240.0,1,12.9,14.65,9.26,4.64,-1.68,43.64
8460.0,141.0,0.0,0.0,240.0,240.0,1,12.86,14.64,9.22,4.6,-1.71,43.43
8465.0,141.08,0.0,0.0,240.0,240.0,1,12.82,14.63,9.18,4.56,-1.74,43.23
8470.0,141.17,0.0,0.0,240.0,240.0,1,12.79,14.62,9.14,4.52,-1.78,43.02
8475.0,141.25,0.0,0.0,240.0,240.0,1,12.75,14.61,9.1,4.49,-1.81,42.82
8480.0,141.33,0.0,0.0,240.0,240.0,1,12.71,14.6,9.07,4.45,-1.85,42.61
8485.0,141.42,0.0,0.0,240.0,240.0,1,12.67,14.59,9.03,4.41,-1.88,42.41
8490.0,141.5,0.0,0.0,240.0,240.0,1,12.63,14.58,8.99,4.37,-1.92,42.21
8495.0,141.58,0.0,0.0,240.0,240.0,1,12.6,14.56,8.95,4.34,-1.95,42.01
8500.0,141.67,0.0,0.0,240.0,240.0,1,12.56,14.55,8.91,4.3,-1.99,41.81
8505.0,141.75,0.0,0.0,240.0,240.0,1,12.52,14.54,8.87,4.26,-2.02,41.61
8510.0,141.83,0.0,0.0,240.0,240.0,1,12.48,14.53,8.84,4.22,-2.05,41.41
8515.0,141.92,0.0,0.0,240.0,240.0,1,12.44,14.52,8.8,4.19,-2.09,41.21
8520.0,142.0,0.0,0.0,240.0,240.0,1,12.41,14.5,8.76,4.15,-2.12,41.01
8525.0,142.08,0.0,0.0,240.0,240.0,1,12.37,14.49,8.72,4.11,-2.16,40.82
8530.0,142.17,0.0,0.0,240.0,240.0,1,12.33,14.48,8.69,4.07,-2.19,40.62
8535.0,142.25,0.0,0.0,240.0,240.0,1,12.29,14.47,8.65,4.04,-2.23,40.43
8540.0,142.33,0.0,0.0,240.0,240.0,1,12.26,14.46,8.61,4.0,-2.26,40.24
8545.0,142.42,0.0,0.0,240.0,240.0,1,12.22,14.44,8.57,3.96,-2.29,40.04
8550.0,142.5,0.0,0.0,240.0,240.0,1,12.18,14.43,8.53,3.92,-2.33,39.85
8555.0,142.58,0.0,0.0,240.0,240.0,1,12.14,14.42,8.5,3.89,-2.36,39.66
8560.0,142.67,0.0,0.0,240.0,240.0,1,12.1,14.41,8.46,3.85,-2.4,39.47
8565.0,142.75,0.0,0.0,240.0,240.0,1,12.07,14.39,8.42,3.81,-2.43,39.28
8570.0,142.83,0.0,0.0,240.0,240.0,1,12.03,14.38,8.38,3.78,-2.47,39.09
8575.0,142.92,0.0,0.0,240.0,240.0,1,11.99,14.37,8.34,3.74,-2.5,38.91
8580.0,143.0,0.0,0.0,240.0,240.0,1,11.95,14.36,8.31,3.7,-2.53,38.72
8585.0,143.08,0.0,0.0,240.0,240.0,1,11.92,14.34,8.27,3.66,-2.57,38.53
8590.0,143.17,0.0,0.0,240.0,240.0,1,11.88,14.33,8.23,3.63,-2.6,38.35
8595.0,143.25,0.0,0.0,240.0,240.0,1,11.84,14.32,8.19,3.59,-2.64,38.16
8600.0,143.33,0.0,0.0,240.0,240.0,1,11.8,14.3,8.16,3.55,-2.67,37.98
8605.0,143.42,0.0,0.0,240.0,240.0,1,11.77,14.29,8.12,3.52,-2.7,37.8
8610.0,143.5,0.0,0.0,240.0,240.0,1,11.73,14.28,8.08,3.48,-2.74,37.62
8615.0,143.58,0.0,0.0,240.0,240.0,1,11.69,14.27,8.04,3.44,-2.77,37.43
8620.0,143.67,0.0,0.0,240.0,240.0,1,11.65,14.25,8.01,3.41,-2.8,37.25
8625.0,143.75,0.0,0.0,240.0,240.0,1,11.62,14.24,7.97,3.37,-2.84,37.07
8630.0,143.83,0.0,0.0,240.0,240.0,1,11.58,14.23,7.93,3.33,-2.87,36.89
8635.0,143.92,0.0,0.0,240.0,240.0,1,11.54,14.21,7.89,3.29,-2.91,36.72
8640.0,144.0,0.0,0.0,240.0,240.0,1,11.5,14.2,7.86,3.26,-2.94,36.54
8645.0,144.08,0.0,0.0,240.0,240.0,1,11.47,14.19,7.82,3.22,-2.97,36.36
8650.0,144.17,0.0,0.0,240.0,240.0,1,11.43,14.17,7.78,3.18,-3.01,36.19
8655.0,144.25,0.0,0.0,240.0,240.0,1,11.39,14.16,7.74,3.15,-3.04,36.01
8660.0,144.33,0.0,0.0,240.0,240.0,1,11.36,14.14,7.71,3.11,-3.08,35.84
8665.0,144.42,0.0,0.0,240.0,240.0,1,11.32,14.13,7.67,3.07,-3.11,35.66
8670.0,144.5,0.0,0.0,240.0,240.0,1,11.28,14.12,7.63,3.04,-3.14,35.49
8675.0,144.58,0.0,0.0,240.0,240.0,1,11.24,14.1,7.59,3.0,-3.18,35.32
8680.0,144.67,0.0,0.0,240.0,240.0,1,11.21,14.09,7.56,2.96,-3.21,35.15
8685.0,144.75,0.0,0.0,240.0,240.0,1,11.17,14.08,7.52,2.93,-3.24,34.98
8690.0,144.83,0.0,0.0,240.0,240.0,1,11.13,14.06,7.48,2.89,-3.28,34.81
8695.0,144.92,0.0,0.0,240.0,240.0,1,11.1,14.05,7.44,2.85,-3.31,34.64
8700.0,145.0,0.0,0.0,240.0,240.0,1,11.06,14.03,7.41,2.82,-3.34,34.47
8705.0,145.08,0.0,0.0,240.0,240.0,1,11.02,14.02,7.37,2.78,-3.38,34.3
8710.0,145.17,0.0,0.0,240.0,240.0,1,10.98,14.01,7.33,2.74,-3.41,34.13
8715.0,145.25,0.0,0.0,240.0,240.0,1,10.95,13.99,7.3,2.71,-3.44,33.97
8720.0,145.33,0.0,0.0,240.0,240.0,1,10.91,13.98,7.26,2.67,-3.48,33.8
8725.0,145.42,0.0,0.0,240.0,240.0,1,10.87,13.96,7.22,2.64,-3.51,33.63
8730.0,145.5,0.0,0.0,240.0,240.0,1,10.84,13.95,7.18,2.6,-3.54,33.47
8735.0,145.58,0.0,0.0,240.0,240.0,1,10.8,13.93,7.15,2.56,-3.58,33.31
8740.0,145.67,0.0,0.0,240.0,240.0,1,10.76,13.92,7.11,2.53,-3.61,33.14
8745.0,145.75,0.0,0.0,240.0,240.0,1,10.73,13.9,7.07,2.49,-3.64,32.98
8750.0,145.83,0.0,0.0,240.0,240.0,1,10.69,13.89,7.04,2.45,-3.68,32.82
8755.0,145.92,0.0,0.0,240.0,240.0,1,10.65,13.88,7.0,2.42,-3.71,32.66
8760.0,146.0,0.0,0.0,240.0,240.0,1,10.62,13.86,6.96,2.38,-3.74,32.5
8765.0,146.08,0.0,0.0,240.0,240.0,1,10.58,13.85,6.92,2.35,-3.78,32.34
8770.0,146.17,0.0,0.0,240.0,240.0,1,10.54,13.83,6.89,2.31,-3.81,32.18
8775.0,146.25,0.0,0.0,240.0,240.0,1,10.51,13.82,6.85,2.27,-3.84,32.02
8780.0,146.33,0.0,0.0,240.0,240.0,1,10.47,13.8,6.81,2.24,-3.88,31.86
8785.0,146.42,0.0,0.0,240.0,240.0,1,10.43,13.79,6.78,2.2,-3.91,31.7
8790.0,146.5,0.0,0.0,240.0,240.0,1,10.4,13.77,6.74,2.17,-3.94,31.55
8795.0,146.58,0.0,0.0,240.0,240.0,1,10.36,13.76,6.7,2.13,-3.98,31.39
8800.0,146.67,0.0,0.0,240.0,240.0,1,10.32,13.74,6.67,2.09,-4.01,31.24
8805.0,146.75,0.0,0.0,240.0,240.0,1,10.29,13.73,6.63,2.06,-4.04,31.08
8810.0,146.83,0.0,0.0,240.0,240.0,1,10.25,13.71,6.59,2.02,-4.07,30.93
8815.0,146.92,0.0,0.0,240.0,240.0,1,10.21,13.7,6.56,1.99,-4.11,30.77
8820.0,147.0,0.0,0.0,240.0,240.0,1,10.18,13.68,6.52,1.95,-4.14,30.62
8825.0,147.08,0.0,0.0,240.0,240.0,1,10.14,13.66,6.48,1.91,-4.17,30.47
8830.0,147.17,0.0,0.0,240.0,240.0,1,10.1,13.65,6.45,1.88,-4.21,30.32
8835.0,147.25,0.0,0.0,240.0,240.0,1,10.07,13.63,6.41,1.84,-4.24,30.16
8840.0,147.33,0.0,0.0,240.0,240.0,1,10.03,13.62,6.37,1.81,-4.27,30.01
8845.0,147.42,0.0,0.0,240.0,240.0,1,10.0,13.6,6.34,1.77,-4.3,29.86
8850.0,147.5,0.0,0.0,240.0,240.0,1,9.96,13.59,6.3,1.74,-4.34,29.71
8855.0,147.58,0.0,0.0,240.0,240.0,1,9.92,13.57,6.26,1.7,-4.37,29.57
8860.0,147.67,0.0,0.0,240.0,240.0,1,9.89,13.56,6.23,1.66,-4.4,29.42
8865.0,147.75,0.0,0.0,240.0,240.0,1,9.85,13.54,6.19,1.63,-4.44,29.27
8870.0,147.83,0.0,0.0,240.0,240.0,1,9.81,13.52,6.15,1.59,-4.47,29.12
8875.0,147.92,0.0,0.0,240.0,240.0,1,9.78,13.51,6.12,1.56,-4.5,28.98
8880.0,148.0,0.0,0.0,240.0,240.0,1,9.74,13.49,6.08,1.52,-4.53,28.83
8885.0,148.08,0.0,0.0,240.0,240.0,1,9.71,13.48,6.04,1.49,-4.57,28.69
8890.0,148.17,0.0,0.0,240.0,240.0,1,9.67,13.46,6.01,1.45,-4.6,28.54
8895.0,148.25,0.0,0.0,240.0,240.0,1,9.63,13.44,5.97,1.42,-4.63,28.4
8900.0,148.33,0.0,0.0,240.0,240.0,1,9.6,13.43,5.94,1.38,-4.66,28.25
8905.0,148.42,0.0,0.0,240.0,240.0,1,9.56,13.41,5.9,1.35,-4.7,28.11
8910.0,148.5,0.0,0.0,240.0,240.0,1,9.53,13.4,5.86,1.31,-4.73,27.97
8915.0,148.58,0.0,0.0,240.0,240.0,1,9.49,13.38,5.83,1.28,-4.76,27.83
8920.0,148.67,0.0,0.0,240.0,240.0,1,9.46,13.36,5.79,1.24,-4.79,27.69
8925.0,148.75,0.0,0.0,240.0,240.0,1,9.42,13.35,5.76,1.21,-4.83,27.55
8930.0,148.83,0.0,0.0,240.0,240.0,1,9.38,13.33,5.72,1.17,-4.86,27.41
8935.0,148.92,0.0,0.0,240.0,240.0,1,9.35,13.31,5.68,1.14,-4.89,27.27
8940.0,149.0,0.0,0.0,240.0,240.0,1,9.31,13.3,5.65,1.1,-4.92,27.13
8945.0,149.08,0.0,0.0,240.0,240.0,1,9.28,13.28,5.61,1.06,-4.95,26.99
8950.0,149.17,0.0,0.0,240.0,240.0,1,9.24,13.26,5.57,1.03,-4.99,26.85
8955.0,149.25,0.0,0.0,240.0,240.0,1,9.21,13.25,5.54,0.99,-5.02,26.71
8960.0,149.33,0.0,0.0,240.0,240.0,1,9.17,13.23,5.5,0.96,-5.05,26.58
8965.0,149.42,0.0,0.0,240.0,240.0,1,9.13,13.21,5.47,0.93,-5.08,26.44
8970.0,149.5,0.0,0.0,240.0,240.0,1,9.1,13.2,5.43,0.89,-5.11,26.3
8975.0,149.58,0.0,0.0,240.0,240.0,1,9.06,13.18,5.4,0.86,-5.15,26.17
8980.0,149.67,0.0,0.0,240.0,240.0,1,9.03,13.16,5.36,0.82,-5.18,26.03
8985.0,149.75,0.0,0.0,240.0,240.0,1,8.99,13.15,5.32,0.79,-5.21,25.9
8990.0,149.83,0.0,0.0,240.0,240.0,1,8.96,13.13,5.29,0.75,-5.24,25.77
8995.0,149.92,0.0,0.0,240.0,240.0,1,8.92,13.11,5.25,0.72,-5.27,25.63
9000.0,150.0,0.0,0.0,240.0,240.0,1,8.89,13.1,5.22,0.68,-5.31,25.5
9005.0,150.08,0.0,0.0,240.0,240.0,1,8.85,13.08,5.18,0.65,-5.34,25.37
9010.0,150.17,0.0,0.0,240.0,240.0,1,8.82,13.06,5.14,0.61,-5.37,25.24
9015.0,150.25,0.0,0.0,240.0,240.0,1,8.78,13.04,5.11,0.58,-5.4,25.11
9020.0,150.33,0.0,0.0,240.0,240.0,1,8.74,13.03,5.07,0.54,-5.43,24.98
9025.0,150.42,0.0,0.0,240.0,240.0,1,8.71,13.01,5.04,0.51,-5.47,24.85
9030.0,150.5,0.0,0.0,240.0,240.0,1,8.67,12.99,5.0,0.47,-5.5,24.72
9035.0,150.58,0.0,0.0,240.0,240.0,1,8.64,12.98,4.97,0.44,-5.53,24.59
9040.0,150.67,0.0,0.0,240.0,240.0,1,8.6,12.96,4.93,0.41,-5.56,24.46
9045.0,150.75,0.0,0.0,240.0,240.0,1,8.57,12.94,4.9,0.37,-5.59,24.33
9050.0,150.83,0.0,0.0,240.0,240.0,1,8.53,12.92,4.86,0.34,-5.62,24.2
9055.0,150.92,0.0,0.0,240.0,240.0,1,8.5,12.91,4.83,0.3,-5.66,24.07
9060.0,151.0,0.0,0.0,240.0,240.0,1,8.46,12.89,4.79,0.27,-5.69,23.95
9065.0,151.08,0.0,0.0,240.0,240.0,1,8.43,12.87,4.75,0.23,-5.72,23.82
9070.0,151.17,0.0,0.0,240.0,240.0,1,8.39,12.85,4.72,0.2,-5.75,23.7
9075.0,151.25,0.0,0.0,240.0,240.0,1,8.36,12.84,4.68,0.16,-5.78,23.57
9080.0,151.33,0.0,0.0,240.0,240.0,1,8.32,12.82,4.65,0.13,-5.81,23.45
9085.0,151.42,0.0,0.0,240.0,240.0,1,8.29,12.8,4.61,0.1,-5.84,23.32
9090.0,151.5,0.0,0.0,240.0,240.0,1,8.25,12.78,4.58,0.06,-5.88,23.2
9095.0,151.58,0.0,0.0,240.0,240.0,1,8.22,12.76,4.54,0.03,-5.91,23.07
9100.0,151.67,0.0,0.0,240.0,240.0,1,8.18,12.75,4.51,-0.01,-5.94,22.95
9105.0,151.75,0.0,0.0,240.0,240.0,1,8.15,12.73,4.47,-0.04,-5.97,22.83
9110.0,151.83,0.0,0.0,240.0,240.0,1,8.12,12.71,4.44,-0.07,-6.0,22.71
9115.0,151.92,0.0,0.0,240.0,240.0,1,8.08,12.69,4.4,-0.11,-6.03,22.59
9120.0,152.0,0.0,0.0,240.0,240.0,1,8.05,12.67,4.37,-0.14,-6.06,22.46
9125.0,152.08,0.0,0.0,240.0,240.0,1,8.01,12.66,4.33,-0.18,-6.1,22.34
9130.0,152.17,0.0,0.0,240.0,240.0,1,7.98,12.64,4.3,-0.21,-6.13,22.22
9135.0,152.25,0.0,0.0,240.0,240.0,1,7.94,12.62,4.26,-0.24,-6.16,22.1
9140.0,152.33,0.0,0.0,240.0,240.0,1,7.91,12.6,4.23,-0.28,-6.19,21.98
9145.0,152.42,0.0,0.0,240.0,240.0,1,7.87,12.58,4.19,-0.31,-6.22,21.87
9150.0,152.5,0.0,0.0,240.0,240.0,1,7.84,12.57,4.16,-0.34,-6.25,21.75
9155.0,152.58,0.0,0.0,240.0,240.0,1,7.8,12.55,4.12,-0.38,-6.28,21.63
9160.0,152.67,0.0,0.0,240.0,240.0,1,7.77,12.53,4.09,-0.41,-6.31,21.51
9165.0,152.75,0.0,0.0,240.0,240.0,1,7.74,12.51,4.05,-0.45,-6.34,21.39
9170.0,152.83,0.0,0.0,240.0,240.0,1,7.7,12.49,4.02,-0.48,-6.38,21.28
9175.0,152.92,0.0,0.0,240.0,240.0,1,7.67,12.47,3.98,-0.51,-6.41,21.16
9180.0,153.0,0.0,0.0,240.0,240.0,1,7.63,12.46,3.95,-0.55,-6.44,21.05
9185.0,153.08,0.0,0.0,240.0,240.0,1,7.6,12.44,3.91,-0.58,-6.47,20.93
9190.0,153.17,0.0,0.0,240.0,240.0,1,7.56,12.42,3.88,-0.61,-6.5,20.82
9195.0,153.25,0.0,0.0,240.0,240.0,1,7.53,12.4,3.85,-0.65,-6.53,20.7
9200.0,153.33,0.0,0.0,240.0,240.0,1,7.5,12.38,3.81,-0.68,-6.56,20.59
9205.0,153.42,0.0,0.0,240.0,240.0,1,7.46,12.36,3.78,-0.71,-6.59,20.47
9210.0,153.5,0.0,0.0,240.0,240.0,1,7.43,12.34,3.74,-0.75,-6.62,20.36
9215.0,153.58,0.0,0.0,240.0,240.0,1,7.39,12.33,3.71,-0.78,-6.65,20.25
9220.0,153.67,0.0,0.0,240.0,240.0,1,7.36,12.31,3.67,-0.81,-6.68,20.14
9225.0,153.75,0.0,0.0,240.0,240.0,1,7.33,12.29,3.64,-0.85,-6.71,20.02
9230.0,153.83,0.0,0.0,240.0,240.0,1,7.29,12.27,3.6,-0.88,-6.75,19.91
9235.0,153.92,0.0,0.0,240.0,240.0,1,7.26,12.25,3.57,-0.91,-6.78,19.8
9240.0,154.0,0.0,0.0,240.0,240.0,1,7.22,12.23,3.54,-0.95,-6.81,19.69
9245.0,154.08,0.0,0.0,240.0,240.0,1,7.19,12.21,3.5,-0.98,-6.84,19.58
9250.0,154.17,0.0,0.0,240.0,240.0,1,7.16,12.19,3.47,-1.01,-6.87,19.47
9255.0,154.25,0.0,0.0,240.0,240.0,1,7.12,12.17,3.43,-1.05,-6.9,19.36
9260.0,154.33,0.0,0.0,240.0,240.0,1,7.09,12.16,3.4,-1.08,-6.93,19.25
9265.0,154.42,0.0,0.0,240.0,240.0,1,7.06,12.14,3.37,-1.11,-6.96,19.14
9270.0,154.5,0.0,0.0,240.0,240.0,1,7.02,12.12,3.33,-1.15,-6.99,19.03
9275.0,154.58,0.0,0.0,240.0,240.0,1,6.99,12.1,3.3,-1.18,-7.02,18.93
9280.0,154.67,0.0,0.0,240.0,240.0,1,6.95,12.08,3.26,-1.21,-7.05,18.82
9285.0,154.75,0.0,0.0,240.0,240.0,1,6.92,12.06,3.23,-1.24,-7.08,18.71
9290.0,154.83,0.0,0.0,240.0,240.0,1,6.89,12.04,3.19,-1.28,-7.11,18.6
9295.0,154.92,0.0,0.0,240.0,240.0,1,6.85,12.02,3.16,-1.31,-7.14,18.5
9300.0,155.0,0.0,0.0,240.0,240.0,1,6.82,12.0,3.13,-1.34,-7.17,18.39
9305.0,155.08,0.0,0.0,240.0,240.0,1,6.79,11.98,3.09,-1.38,-7.2,18.29
9310.0,155.17,0.0,0.0,240.0,240.0,1,6.75,11.96,3.06,-1.41,-7.23,18.18
9315.0,155.25,0.0,0.0,240.0,240.0,1,6.72,11.94,3.03,-1.44,-7.26,18.08
9320.0,155.33,0.0,0.0,240.0,240.0,1,6.69,11.92,2.99,-1.47,-7.29,17.97
9325.0,155.42,0.0,0.0,240.0,240.0,1,6.65,11.91,2.96,-1.51,-7.32,17.87
9330.0,155.5,0.0,0.0,240.0,240.0,1,6.62,11.89,2.92,-1.54,-7.35,17.76
9335.0,155.58,0.0,0.0,240.0,240.0,1,6.59,11.87,2.89,-1.57,-7.38,17.66
9340.0,155.67,0.0,0.0,240.0,240.0,1,6.55,11.85,2.86,-1.6,-7.41,17.56
9345.0,155.75,0.0,0.0,240.0,240.0,1,6.52,11.83,2.82,-1.64,-7.44,17.45
9350.0,155.83,0.0,0.0,240.0,240.0,1,6.49,11.81,2.79,-1.67,-7.47,17.35
9355.0,155.92,0.0,0.0,240.0,240.0,1,6.45,11.79,2.76,-1.7,-7.5,17.25
9360.0,156.0,0.0,0.0,240.0,240.0,1,6.42,11.77,2.72,-1.73,-7.53,17.15
9365.0,156.08,0.0,0.0,240.0,240.0,1,6.39,11.75,2.69,-1.77,-7.56,17.05
9370.0,156.17,0.0,0.0,240.0,240.0,1,6.35,11.73,2.66,-1.8,-7.59,16.95
9375.0,156.25,0.0,0.0,240.0,240.0,1,6.32,11.71,2.62,-1.83,-7.62,16.85
9380.0,156.33,0.0,0.0,240.0,240.0,1,6.29,11.69,2.59,-1.86,-7.65,16.74
9385.0,156.42,0.0,0.0,240.0,240.0,1,6.26,11.67,2.55,-1.9,-7.68,16.65
9390.0,156.5,0.0,0.0,240.0,240.0,1,6.22,11.65,2.52,-1.93,-7.71,16.55
9395.0,156.58,0.0,0.0,240.0,240.0,1,6.19,11.63,2.49,-1.96,-7.74,16.45
9400.0,156.67,0.0,0.0,240.0,240.0,0,6.16,11.61,2.45,-1.99,-7.77,16.35
9405.0,156.75,0.0,0.0,240.0,240.0,0,6.12,11.59,2.42,-2.02,-7.8,16.25
9410.0,156.83,0.0,0.0,240.0,240.0,0,6.09,11.57,2.39,-2.06,-7.83,16.15
9415.0,156.92,0.0,0.0,240.0,240.0,0,6.06,11.55,2.36,-2.09,-7.86,16.05
9420.0,157.0,0.0,0.0,240.0,240.0,0,6.03,11.53,2.32,-2.12,-7.89,15.96
9425.0,157.08,0.0,0.0,240.0,240.0,0,5.99,11.51,2.29,-2.15,-7.92,15.86
9430.0,157.17,0.0,0.0,240.0,240.0,0,5.96,11.49,2.26,-2.18,-7.95,15.76
9435.0,157.25,0.0,0.0,240.0,240.0,0,5.93,11.47,2.22,-2.22,-7.98,15.67
9440.0,157.33,0.0,0.0,240.0,240.0,0,5.9,11.45,2.19,-2.25,-8.01,15.57
9445.0,157.42,0.0,0.0,240.0,240.0,0,5.86,11.43,2.16,-2.28,-8.04,15.47
9450.0,157.5,0.0,0.0,240.0,240.0,0,5.83,11.41,2.12,-2.31,-8.06,15.38
9455.0,157.58,0.0,0.0,240.0,240.0,0,5.8,11.39,2.09,-2.34,-8.09,15.28
9460.0,157.67,0.0,0.0,240.0,240.0,0,5.77,11.37,2.06,-2.38,-8.12,15.19
9465.0,157.75,0.0,0.0,240.0,240.0,0,5.73,11.35,2.02,-2.41,-8.15,15.09
9470.0,157.83,0.0,0.0,240.0,240.0,0,5.7,11.33,1.99,-2.44,-8.18,15.0
9475.0,157.92,0.0,0.0,240.0,240.0,0,5.67,11.31,1.96,-2.47,-8.21,14.91
9480.0,158.0,0.0,0.0,240.0,240.0,0,5.64,11.29,1.93,-2.5,-8.24,14.81
9485.0,158.08,0.0,0.0,240.0,240.0,0,5.6,11.27,1.89,-2.53,-8.27,14.72
9490.0,158.17,0.0,0.0,240.0,240.0,0,5.57,11.25,1.86,-2.57,-8.3,14.63
9495.0,158.25,0.0,0.0,240.0,240.0,0,5.54,11.23,1.83,-2.6,-8.33,14.54
9500.0,158.33,0.0,0.0,240.0,240.0,0,5.51,11.21,1.8,-2.63,-8.36,14.44
9505.0,158.42,0.0,0.0,240.0,240.0,0,5.47,11.19,1.76,-2.66,-8.39,14.35
9510.0,158.5,0.0,0.0,240.0,240.0,0,5.44,11.16,1.73,-2.69,-8.42,14.26
9515.0,158.58,0.0,0.0,240.0,240.0,0,5.41,11.14,1.7,-2.72,-8.44,14.17
9520.0,158.67,0.0,0.0,240.0,240.0,0,5.38,11.12,1.67,-2.75,-8.47,14.08
9525.0,158.75,0.0,0.0,240.0,240.0,0,5.35,11.1,1.63,-2.79,-8.5,13.99
9530.0,158.83,0.0,0.0,240.0,240.0,0,5.31,11.08,1.6,-2.82,-8.53,13.9
9535.0,158.92,0.0,0.0,240.0,240.0,0,5.28,11.06,1.57,-2.85,-8.56,13.81
9540.0,159.0,0.0,0.0,240.0,240.0,0,5.25,11.04,1.54,-2.88,-8.59,13.72
9545.0,159.08,0.0,0.0,240.0,240.0,0,5.22,11.02,1.5,-2.91,-8.62,13.63
9550.0,159.17,0.0,0.0,240.0,240.0,0,5.19,11.0,1.47,-2.94,-8.65,13.54
9555.0,159.25,0.0,0.0,240.0,240.0,0,5.15,10.98,1.44,-2.97,-8.68,13.45
9560.0,159.33,0.0,0.0,240.0,240.0,0,5.12,10.96,1.41,-3.0,-8.7,13.36
9565.0,159.42,0.0,0.0,240.0,240.0,0,5.09,10.94,1.37,-3.04,-8.73,13.27
9570.0,159.5,0.0,0.0,240.0,240.0,0,5.06,10.92,1.34,-3.07,-8.76,13.19
9575.0,159.58,0.0,0.0,240.0,240.0,0,5.03,10.9,1.31,-3.1,-8.79,13.1
9580.0,159.67,0.0,0.0,240.0,240.0,0,4.99,10.88,1.28,-3.13,-8.82,13.01
9585.0,159.75,0.0,0.0,240.0,240.0,0,4.96,10.85,1.24,-3.16,-8.85,12.92
9590.0,159.83,0.0,0.0,240.0,240.0,0,4.93,10.83,1.21,-3.19,-8.88,12.84
9595.0,159.92,0.0,0.0,240.0,240.0,0,4.9,10.81,1.18,-3.22,-8.91,12.75
9600.0,160.0,0.0,0.0,240.0,240.0,0,4.87,10.79,1.15,-3.25,-8.93,12.66
9605.0,160.08,0.0,0.0,240.0,240.0,0,4.84,10.77,1.12,-3.28,-8.96,12.58
9610.0,160.17,0.0,0.0,240.0,240.0,0,4.81,10.75,1.08,-3.31,-8.99,12.49
9615.0,160.25,0.0,0.0,240.0,240.0,0,4.77,10.73,1.05,-3.34,-9.02,12.41
9620.0,160.33,0.0,0.0,240.0,240.0,0,4.74,10.71,1.02,-3.38,-9.05,12.32
9625.0,160.42,0.0,0.0,240.0,240.0,0,4.71,10.69,0.99,-3.41,-9.08,12.24
9630.0,160.5,0.0,0.0,240.0,240.0,0,4.68,10.67,0.96,-3.44,-9.1,12.15
9635.0,160.58,0.0,0.0,240.0,240.0,0,4.65,10.64,0.93,-3.47,-9.13,12.07
9640.0,160.67,0.0,0.0,240.0,240.0,0,4.62,10.62,0.89,-3.5,-9.16,11.99
9645.0,160.75,0.0,0.0,240.0,240.0,0,4.59,10.6,0.86,-3.53,-9.19,11.9
9650.0,160.83,0.0,0.0,240.0,240.0,0,4.55,10.58,0.83,-3.56,-9.22,11.82
9655.0,160.92,0.0,0.0,240.0,240.0,0,4.52,10.56,0.8,-3.59,-9.25,11.74
9660.0,161.0,0.0,0.0,240.0,240.0,0,4.49,10.54,0.77,-3.62,-9.27,11.65
9665.0,161.08,0.0,0.0,240.0,240.0,0,4.46,10.52,0.73,-3.65,-9.3,11.57
9670.0,161.17,0.0,0.0,240.0,240.0,0,4.43,10.5,0.7,-3.68,-9.33,11.49
9675.0,161.25,0.0,0.0,240.0,240.0,0,4.4,10.47,0.67,-3.71,-9.36,11.41
9680.0,161.33,0.0,0.0,240.0,240.0,0,4.37,10.45,0.64,-3.74,-9.39,11.33
9685.0,161.42,0.0,0.0,240.0,240.0,0,4.34,10.43,0.61,-3.77,-9.41,11.25
9690.0,161.5,0.0,0.0,240.0,240.0,0,4.3,10.41,0.58,-3.8,-9.44,11.16
9695.0,161.58,0.0,0.0,240.0,240.0,0,4.27,10.39,0.55,-3.83,-9.47,11.07
9700.0,161.67,0.0,0.0,240.0,240.0,0,4.24,10.37,0.51,-3.86,-9.5,10.98
9705.0,161.75,2.23,0.59,240.0,242.82,0,4.21,10.35,0.48,-3.89,-9.53,10.9
9710.0,161.83,9.68,2.57,240.0,252.25,0,4.18,10.32,0.45,-3.92,-9.55,10.84
9715.0,161.92,17.13,4.55,240.0,261.68,0,4.15,10.3,0.42,-3.95,-9.58,10.81
9720.0,162.0,24.58,6.53,240.0,271.1,0,4.12,10.28,0.39,-3.98,-9.61,10.8
9725.0,162.08,32.02,8.51,240.0,280.53,0,4.09,10.26,0.36,-4.01,-9.64,10.81
9730.0,162.17,39.47,10.48,240.0,289.95,0,4.06,10.24,0.33,-4.04,-9.67,10.85
9735.0,162.25,46.91,12.46,240.0,299.37,0,4.03,10.22,0.3,-4.07,-9.69,10.92
9740.0,162.33,54.35,14.44,240.0,308.79,0,4.0,10.2,0.26,-4.1,-9.72,11.01
9745.0,162.42,61.8,16.41,240.0,318.21,0,3.97,10.17,0.23,-4.13,-9.75,11.12
9750.0,162.5,69.24,18.39,240.0,327.62,0,3.93,10.15,0.2,-4.16,-9.78,11.26
9755.0,162.58,76.67,20.36,240.0,337.04,0,3.9,10.13,0.17,-4.19,-9.8,11.43
9760.0,162.67,84.11,22.34,240.0,346.45,0,3.87,10.11,0.14,-4.22,-9.83,11.61
9765.0,162.75,91.54,24.31,240.0,355.85,0,3.84,10.09,0.11,-4.25,-9.86,11.83
9770.0,162.83,98.97,26.29,240.0,365.25,0,3.81,10.07,0.08,-4.28,-9.89,12.06
9775.0,162.92,106.39,28.26,240.0,374.65,0,3.78,10.04,0.05,-4.31,-9.91,12.32
9780.0,163.0,113.81,30.23,240.0,384.04,0,3.75,10.02,0.02,-4.34,-9.94,12.61
9785.0,163.08,121.23,32.2,240.0,393.43,0,3.72,10.0,-0.01,-4.37,-9.97,12.91
9790.0,163.17,128.65,34.17,240.0,402.82,0,3.69,9.98,-0.05,-4.39,-9.99,13.25
9795.0,163.25,136.06,36.14,240.0,412.2,0,3.66,9.96,-0.08,-4.42,-10.02,13.6
9800.0,163.33,143.46,38.1,240.0,421.57,0,3.63,9.94,-0.11,-4.45,-10.05,13.98
9805.0,163.42,150.87,40.07,240.0,430.94,0,3.6,9.91,-0.14,-4.48,-10.07,14.38
9810.0,163.5,158.26,42.03,240.0,440.3,0,3.57,9.89,-0.17,-4.5,-10.1,14.8
9815.0,163.58,165.65,44.0,240.0,449.65,0,3.54,9.87,-0.2,-4.53,-10.13,15.25
9820.0,163.67,173.04,45.96,240.0,459.0,0,3.51,9.85,-0.23,-4.56,-10.15,15.72
9825.0,163.75,180.42,47.92,240.0,468.34,0,3.48,9.83,-0.26,-4.58,-10.18,16.21
9830.0,163.83,187.8,49.88,240.0,477.68,0,3.45,9.8,-0.29,-4.61,-10.2,16.73
9835.0,163.92,195.17,51.84,240.0,487.0,0,3.43,9.78,-0.32,-4.64,-10.23,17.27
9840.0,164.0,202.53,53.79,240.0,496.32,0,3.4,9.76,-0.35,-4.66,-10.25,17.83
9845.0,164.08,209.88,55.75,240.0,505.63,0,3.37,9.74,-0.38,-4.69,-10.28,18.41
9850.0,164.17,217.23,57.7,240.0,514.93,0,3.34,9.72,-0.41,-4.71,-10.3,19.02
9855.0,164.25,224.58,59.65,240.0,524.22,0,3.31,9.7,-0.44,-4.74,-10.33,19.64
9860.0,164.33,231.91,61.6,240.0,533.51,0,3.28,9.67,-0.47,-4.76,-10.35,20.29
9865.0,164.42,239.24,63.54,240.0,542.78,0,3.25,9.65,-0.49,-4.79,-10.37,20.96
9870.0,164.5,246.56,65.49,240.0,552.05,0,3.23,9.63,-0.52,-4.81,-10.4,21.66
9875.0,164.58,253.87,67.43,240.0,561.3,0,3.2,9.61,-0.55,-4.83,-10.42,22.37
9880.0,164.67,261.18,69.37,240.0,570.54,0,3.17,9.59,-0.58,-4.86,-10.44,23.11
9885.0,164.75,268.47,71.31,240.0,579.78,0,3.14,9.56,-0.61,-4.88,-10.47,23.86
9890.0,164.83,275.76,73.24,240.0,589.0,0,3.11,9.54,-0.64,-4.9,-10.49,24.64
9895.0,164.92,283.04,75.17,240.0,598.21,0,3.09,9.52,-0.67,-4.93,-10.51,25.44
9900.0,165.0,290.31,77.11,240.0,607.41,0,3.06,9.5,-0.7,-4.95,-10.53,26.26
9905.0,165.08,297.57,79.03,240.0,616.6,0,3.03,9.48,-0.72,-4.97,-10.56,27.1
9910.0,165.17,304.82,80.96,240.0,625.78,0,3.01,9.45,-0.75,-4.99,-10.58,27.96
9915.0,165.25,312.06,82.88,240.0,634.94,0,2.98,9.43,-0.78,-5.01,-10.6,28.84
9920.0,165.33,319.29,84.8,240.0,644.09,0,2.95,9.41,-0.81,-5.03,-10.62,29.74
9925.0,165.42,326.51,86.72,240.0,653.23,0,2.93,9.39,-0.83,-5.05,-10.64,30.66
9930.0,165.5,333.72,88.64,240.0,662.35,0,2.9,9.37,-0.86,-5.07,-10.66,31.6
9935.0,165.58,340.92,90.55,240.0,671.46,0,2.88,9.35,-0.89,-5.09,-10.68,32.57
9940.0,165.67,348.1,92.46,240.0,680.56,0,2.85,9.32,-0.92,-5.11,-10.7,33.55
9945.0,165.75,355.28,94.36,240.0,689.64,0,2.83,9.3,-0.94,-5.13,-10.72,34.55
9950.0,165.83,362.45,96.27,240.0,698.71,0,2.8,9.28,-0.97,-5.15,-10.74,35.57
9955.0,165.92,369.6,98.17,240.0,707.77,0,2.78,9.26,-0.99,-5.16,-10.75,36.61
9960.0,166.0,376.74,100.06,240.0,716.8,0,2.75,9.24,-1.02,-5.18,-10.77,37.67
9965.0,166.08,383.87,101.96,240.0,725.83,0,2.73,9.21,-1.05,-5.2,-10.79,38.74
9970.0,166.17,390.99,103.85,240.0,734.84,0,2.71,9.19,-1.07,-5.21,-10.81,39.84
9975.0,166.25,398.09,105.73,240.0,743.83,0,2.68,9.17,-1.1,-5.23,-10.82,40.95
9980.0,166.33,405.19,107.62,240.0,752.8,0,2.66,9.15,-1.12,-5.25,-10.84,42.09
9985.0,166.42,412.27,109.5,240.0,761.76,0,2.64,9.13,-1.15,-5.26,-10.86,43.24
9990.0,166.5,419.33,111.38,240.0,770.71,0,2.62,9.11,-1.17,-5.28,-10.87,44.41
9995.0,166.58,426.38,113.25,240.0,779.63,0,2.59,9.08,-1.2,-5.29,-10.89,45.6
10000.0,166.67,433.42,115.12,240.0,788.54,0,2.57,9.06,-1.22,-5.3,-10.9,46.8
10005.0,166.75,440.45,116.98,240.0,797.43,0,2.55,9.04,-1.24,-5.32,-10.92,48.03
10010.0,166.83,447.46,118.85,240.0,806.3,0,2.53,9.02,-1.27,-5.33,-10.93,49.27
10015.0,166.92,454.45,120.7,240.0,815.16,0,2.51,9.0,-1.29,-5.34,-10.95,50.52
10020.0,167.0,461.44,122.56,240.0,824.0,0,2.49,8.98,-1.31,-5.35,-10.96,51.8
10025.0,167.08,468.4,124.41,240.0,832.81,0,2.47,8.95,-1.34,-5.36,-10.97,53.09
10030.0,167.17,475.36,126.26,240.0,841.61,0,2.45,8.93,-1.36,-5.37,-10.98,54.4
10035.0,167.25,482.29,128.1,240.0,850.39,0,2.43,8.91,-1.38,-5.38,-11.0,55.73
10040.0,167.33,489.21,129.94,240.0,859.15,0,2.41,8.89,-1.4,-5.39,-11.01,57.07
10045.0,167.42,496.12,131.77,240.0,867.89,0,2.39,8.87,-1.42,-5.4,-11.02,58.43
10050.0,167.5,503.01,133.6,240.0,876.61,0,2.37,8.85,-1.44,-5.41,-11.03,59.8
10055.0,167.58,509.88,135.43,240.0,885.31,0,2.36,8.83,-1.47,-5.42,-11.04,61.19
10060.0,167.67,516.74,137.25,240.0,893.99,0,2.34,8.8,-1.49,-5.43,-11.05,62.6
10065.0,167.75,523.58,139.06,240.0,902.64,0,2.32,8.78,-1.51,-5.43,-11.06,64.02
10070.0,167.83,530.4,140.88,240.0,911.28,0,2.3,8.76,-1.53,-5.44,-11.07,65.46
10075.0,167.92,537.21,142.68,240.0,919.89,0,2.29,8.74,-1.55,-5.45,-11.08,66.91
10080.0,168.0,544.0,144.49,240.0,928.49,0,2.27,8.72,-1.57,-5.45,-11.08,68.37
10085.0,168.08,550.77,146.29,240.0,937.06,0,2.26,8.7,-1.58,-5.46,-11.09,69.86
10090.0,168.17,557.53,148.08,240.0,945.61,0,2.24,8.68,-1.6,-5.46,-11.1,71.35
10095.0,168.25,564.26,149.87,240.0,954.13,0,2.23,8.66,-1.62,-5.47,-11.11,72.86
10100.0,168.33,570.98,151.65,240.0,962.63,0,2.21,8.64,-1.64,-5.47,-11.11,74.39
10105.0,168.42,577.68,153.43,240.0,971.11,0,2.2,8.61,-1.66,-5.47,-11.12,75.93
10110.0,168.5,584.36,155.21,240.0,979.57,0,2.19,8.59,-1.67,-5.48,-11.12,77.48
10115.0,168.58,591.02,156.98,240.0,988.0,0,2.17,8.57,-1.69,-5.48,-11.13,79.04
10120.0,168.67,597.67,158.74,240.0,996.41,0,2.16,8.55,-1.71,-5.48,-11.13,80.62
10125.0,168.75,604.29,160.5,240.0,1004.79,0,2.15,8.53,-1.72,-5.48,-11.13,82.22
10130.0,168.83,610.9,162.26,240.0,1013.15,0,2.14,8.51,-1.74,-5.48,-11.14,83.82
10135.0,168.92,617.48,164.0,240.0,1021.49,0,2.13,8.49,-1.75,-5.48,-11.14,85.44
10140.0,169.0,624.05,165.75,240.0,1029.8,0,2.12,8.47,-1.77,-5.48,-11.14,87.07
10145.0,169.08,630.59,167.49,240.0,1038.08,0,2.11,8.45,-1.78,-5.48,-11.14,88.71
10150.0,169.17,637.12,169.22,240.0,1046.34,0,2.1,8.43,-1.8,-5.47,-11.15,90.37
10155.0,169.25,643.63,170.95,240.0,1054.57,0,2.09,8.41,-1.81,-5.47,-11.15,92.03
10160.0,169.33,650.11,172.67,240.0,1062.78,0,2.08,8.39,-1.82,-5.47,-11.15,93.71
10165.0,169.42,656.57,174.39,240.0,1070.96,0,2.07,8.37,-1.83,-5.46,-11.15,95.4
10170.0,169.5,663.02,176.1,240.0,1079.11,0,2.06,8.35,-1.85,-5.46,-11.14,97.1
10175.0,169.58,669.44,177.8,240.0,1087.24,0,2.06,8.33,-1.86,-5.45,-11.14,98.81
10180.0,169.67,675.84,179.5,240.0,1095.34,0,2.05,8.31,-1.87,-5.45,-11.14,100.53
10185.0,169.75,682.21,181.2,240.0,1103.41,0,2.04,8.29,-1.88,-5.44,-11.14,102.27
10190.0,169.83,688.57,182.89,240.0,1111.45,0,2.04,8.27,-1.89,-5.44,-11.14,104.01
10195.0,169.92,694.9,184.57,240.0,1119.47,0,2.03,8.25,-1.9,-5.43,-11.13,105.76
10200.0,170.0,701.21,186.24,240.0,1127.46,0,2.03,8.23,-1.91,-5.42,-11.13,107.53
10205.0,170.08,707.5,187.91,240.0,1135.42,0,2.02,8.21,-1.92,-5.41,-11.12,109.3
10210.0,170.17,713.77,189.58,240.0,1143.35,0,2.02,8.19,-1.93,-5.4,-11.12,111.08
10215.0,170.25,720.01,191.24,240.0,1151.25,0,2.02,8.17,-1.94,-5.39,-11.11,112.87
10220.0,170.33,726.23,192.89,240.0,1159.12,0,2.01,8.15,-1.95,-5.38,-11.11,114.67
10225.0,170.42,732.43,194.53,240.0,1166.97,0,2.01,8.13,-1.95,-5.37,-11.1,116.48
10230.0,170.5,738.6,196.17,240.0,1174.78,0,2.01,8.11,-1.96,-5.36,-11.09,118.29
10235.0,170.58,744.75,197.81,240.0,1182.56,0,2.01,8.09,-1.97,-5.35,-11.08,120.12
10240.0,170.67,750.88,199.44,240.0,1190.32,0,2.01,8.07,-1.97,-5.33,-11.08,121.95
10245.0,170.75,756.98,201.06,240.0,1198.04,0,2.01,8.05,-1.98,-5.32,-11.07,123.79
10250.0,170.83,763.06,202.67,240.0,1205.73,0,2.01,8.03,-1.98,-5.31,-11.06,125.63
10255.0,170.92,769.11,204.28,240.0,1213.39,0,2.01,8.01,-1.99,-5.29,-11.05,127.49
10260.0,171.0,775.14,205.88,240.0,1221.02,0,2.01,7.99,-1.99,-5.28,-11.04,129.35
10265.0,171.08,781.14,207.47,240.0,1228.62,0,2.01,7.98,-2.0,-5.26,-11.03,131.21
10270.0,171.17,787.12,209.06,240.0,1236.18,0,2.02,7.96,-2.0,-5.25,-11.01,133.09
10275.0,171.25,793.08,210.64,240.0,1243.72,0,2.02,7.94,-2.0,-5.23,-11.0,134.96
10280.0,171.33,799.0,212.22,240.0,1251.22,0,2.02,7.92,-2.0,-5.21,-10.99,136.85
10285.0,171.42,804.9,213.78,240.0,1258.69,0,2.03,7.9,-2.01,-5.19,-10.98,138.74
10290.0,171.5,810.78,215.34,240.0,1266.13,0,2.03,7.88,-2.01,-5.17,-10.96,140.63
10295.0,171.58,816.63,216.9,240.0,1273.53,0,2.04,7.86,-2.01,-5.16,-10.95,142.53
10300.0,171.67,822.45,218.45,240.0,1280.9,0,2.05,7.85,-2.01,-5.14,-10.93,144.44
10305.0,171.75,828.25,219.99,240.0,1288.24,0,2.05,7.83,-2.01,-5.12,-10.92,146.35
10310.0,171.83,834.02,221.52,240.0,1295.54,0,2.06,7.81,-2.01,-5.09,-10.9,148.26
10315.0,171.92,839.77,223.04,240.0,1302.81,0,2.07,7.79,-2.01,-5.07,-10.89,150.18
10320.0,172.0,845.48,224.56,240.0,1310.05,0,2.07,7.77,-2.0,-5.05,-10.87,152.1
10325.0,172.08,851.17,226.07,240.0,1317.25,0,2.08,7.76,-2.0,-5.03,-10.85,154.02
10330.0,172.17,856.84,227.58,240.0,1324.41,0,2.09,7.74,-2.0,-5.0,-10.83,155.95
10335.0,172.25,862.47,229.07,240.0,1331.55,0,2.1,7.72,-2.0,-4.98,-10.81,157.88
10340.0,172.33,868.08,230.56,240.0,1338.64,0,2.11,7.7,-1.99,-4.96,-10.79,159.81
10345.0,172.42,873.66,232.05,240.0,1345.7,0,2.12,7.69,-1.99,-4.93,-10.77,161.75
10350.0,172.5,879.21,233.52,240.0,1352.73,0,2.14,7.67,-1.98,-4.9,-10.75,163.69
10355.0,172.58,884.73,234.99,240.0,1359.72,0,2.15,7.65,-1.98,-4.88,-10.73,165.62
10360.0,172.67,890.23,236.45,240.0,1366.68,0,2.16,7.64,-1.97,-4.85,-10.71,167.56
10365.0,172.75,895.7,237.9,240.0,1373.59,0,2.17,7.62,-1.96,-4.82,-10.69,169.5
10370.0,172.83,901.13,239.34,240.0,1380.48,0,2.19,7.6,-1.96,-4.8,-10.67,171.45
10375.0,172.92,906.54,240.78,240.0,1387.32,0,2.2,7.59,-1.95,-4.77,-10.64,173.39
10380.0,173.0,911.92,242.21,240.0,1394.13,0,2.22,7.57,-1.94,-4.74,-10.62,175.33
10385.0,173.08,917.27,243.63,240.0,1400.9,0,2.23,7.55,-1.93,-4.71,-10.6,177.27
10390.0,173.17,922.59,245.04,240.0,1407.63,0,2.25,7.54,-1.92,-4.68,-10.57,179.22
10395.0,173.25,927.88,246.45,240.0,1414.33,0,2.27,7.52,-1.91,-4.65,-10.55,181.16
10400.0,173.33,933.15,247.84,240.0,1420.99,0,2.28,7.5,-1.9,-4.62,-10.52,183.1
10405.0,173.42,938.38,249.23,240.0,1427.61,0,2.3,7.49,-1.89,-4.58,-10.49,185.04
10410.0,173.5,943.58,250.62,240.0,1434.19,0,2.32,7.47,-1.88,-4.55,-10.47,186.98
10415.0,173.58,948.75,251.99,240.0,1440.74,0,2.34,7.46,-1.87,-4.52,-10.44,188.92
10420.0,173.67,953.89,253.35,240.0,1447.24,0,2.36,7.44,-1.86,-4.48,-10.41,190.85
10425.0,173.75,959.0,254.71,240.0,1453.71,0,2.38,7.43,-1.85,-4.45,-10.38,192.79
10430.0,173.83,964.08,256.06,240.0,1460.14,0,2.4,7.41,-1.83,-4.41,-10.35,194.72
10435.0,173.92,969.13,257.4,240.0,1466.53,0,2.42,7.4,-1.82,-4.38,-10.33,196.65
10440.0,174.0,974.14,258.73,240.0,1472.88,0,2.44,7.38,-1.8,-4.34,-10.3,198.57
10445.0,174.08,979.13,260.06,240.0,1479.19,0,2.46,7.37,-1.79,-4.31,-10.27,200.5
10450.0,174.17,984.09,261.37,240.0,1485.46,0,2.49,7.35,-1.77,-4.27,-10.23,202.42
10455.0,174.25,989.01,262.68,240.0,1491.69,0,2.51,7.34,-1.76,-4.23,-10.2,204.33
10460.0,174.33,993.9,263.98,240.0,1497.88,0,2.53,7.32,-1.74,-4.19,-10.17,206.24
10465.0,174.42,998.76,265.27,240.0,1504.03,0,2.56,7.31,-1.72,-4.16,-10.14,208.15
10470.0,174.5,1003.59,266.55,240.0,1510.14,0,2.58,7.29,-1.71,-4.12,-10.11,210.06
10475.0,174.58,1008.38,267.83,240.0,1516.21,0,2.61,7.28,-1.69,-4.08,-10.07,211.95
10480.0,174.67,1013.14,269.09,240.0,1522.24,0,2.64,7.27,-1.67,-4.04,-10.04,213.85
10485.0,174.75,1017.87,270.35,240.0,1528.22,0,2.66,7.25,-1.65,-4.0,-10.0,215.74
10490.0,174.83,1022.57,271.6,240.0,1534.17,0,2.69,7.24,-1.63,-3.95,-9.97,217.62
10495.0,174.92,1027.24,272.84,240.0,1540.07,0,2.72,7.22,-1.61,-3.91,-9.93,219.5
10500.0,175.0,1031.87,274.07,240.0,1545.93,0,2.75,7.21,-1.59,-3.87,-9.9,221.37
10505.0,175.08,1036.47,275.29,240.0,1551.75,0,2.78,7.2,-1.57,-3.83,-9.86,223.24
10510.0,175.17,1041.03,276.5,240.0,1557.53,0,2.81,7.19,-1.55,-3.78,-9.82,225.1
10515.0,175.25,1045.56,277.7,240.0,1563.27,0,2.84,7.17,-1.52,-3.74,-9.79,226.95
10520.0,175.33,1050.06,278.9,240.0,1568.96,0,2.87,7.16,-1.5,-3.7,-9.75,228.8
10525.0,175.42,1054.52,280.08,240.0,1574.61,0,2.9,7.15,-1.48,-3.65,-9.71,230.64
10530.0,175.5,1058.96,281.26,240.0,1580.22,0,2.93,7.13,-1.45,-3.61,-9.67,232.47
10535.0,175.58,1063.35,282.43,240.0,1585.78,0,2.96,7.12,-1.43,-3.56,-9.63,234.29
10540.0,175.67,1067.71,283.59,240.0,1591.3,0,2.99,7.11,-1.4,-3.51,-9.59,236.11
10545.0,175.75,1072.04,284.74,240.0,1596.78,0,3.03,7.1,-1.38,-3.47,-9.55,237.92
10550.0,175.83,1076.34,285.88,240.0,1602.21,0,3.06,7.09,-1.35,-3.42,-9.51,239.72
10555.0,175.92,1080.6,287.01,240.0,1607.6,0,3.1,7.07,-1.32,-3.37,-9.47,241.51
10560.0,176.0,1084.82,288.13,240.0,1612.95,0,3.13,7.06,-1.3,-3.33,-9.43,243.3
10565.0,176.08,1089.01,289.24,240.0,1618.25,0,3.17,7.05,-1.27,-3.28,-9.39,245.07
10570.0,176.17,1093.17,290.35,240.0,1623.51,0,3.2,7.04,-1.24,-3.23,-9.35,246.84
10575.0,176.25,1097.28,291.44,240.0,1628.73,0,3.24,7.03,-1.21,-3.18,-9.3,248.6
10580.0,176.33,1101.37,292.53,240.0,1633.9,0,3.28,7.02,-1.18,-3.13,-9.26,250.35
10585.0,176.42,1105.42,293.6,240.0,1639.02,0,3.31,7.01,-1.15,-3.08,-9.22,252.09
10590.0,176.5,1109.43,294.67,240.0,1644.1,0,3.35,6.99,-1.12,-3.03,-9.17,253.82
10595.0,176.58,1113.41,295.72,240.0,1649.13,0,3.39,6.98,-1.09,-2.98,-9.13,255.54
10600.0,176.67,1117.35,296.77,240.0,1654.12,0,3.43,6.97,-1.06,-2.93,-9.08,257.24
10605.0,176.75,1121.26,297.81,240.0,1659.07,0,3.47,6.96,-1.03,-2.87,-9.04,258.94
10610.0,176.83,1125.13,298.84,240.0,1663.97,0,3.51,6.95,-1.0,-2.82,-8.99,260.63
10615.0,176.92,1128.96,299.85,240.0,1668.82,0,3.55,6.94,-0.96,-2.77,-8.95,262.31
10620.0,177.0,1132.76,300.86,240.0,1673.63,0,3.59,6.93,-0.93,-2.72,-8.9,263.98
10625.0,177.08,1136.52,301.86,240.0,1678.39,0,3.63,6.92,-0.9,-2.66,-8.85,265.64
10630.0,177.17,1140.25,302.85,240.0,1683.1,0,3.67,6.91,-0.86,-2.61,-8.81,267.29
10635.0,177.25,1143.94,303.83,240.0,1687.77,0,3.71,6.91,-0.83,-2.55,-8.76,268.92
10640.0,177.33,1147.59,304.8,240.0,1692.39,0,3.76,6.9,-0.79,-2.5,-8.71,270.55
10645.0,177.42,1151.2,305.76,240.0,1696.97,0,3.8,6.89,-0.76,-2.45,-8.66,272.16
10650.0,177.5,1154.78,306.71,240.0,1701.49,0,3.84,6.88,-0.72,-2.39,-8.61,273.76
10655.0,177.58,1158.32,307.65,240.0,1705.98,0,3.89,6.87,-0.68,-2.33,-8.57,275.35
10660.0,177.67,1161.83,308.58,240.0,1710.41,0,3.93,6.86,-0.65,-2.28,-8.52,276.93
10665.0,177.75,1165.29,309.5,240.0,1714.8,0,3.98,6.85,-0.61,-2.22,-8.47,278.5
10670.0,177.83,1168.72,310.41,240.0,1719.14,0,4.02,6.84,-0.57,-2.16,-8.42,280.05
10675.0,177.92,1172.11,311.32,240.0,1723.43,0,4.07,6.84,-0.53,-2.11,-8.37,281.59
10680.0,178.0,1175.47,312.21,240.0,1727.68,0,4.12,6.83,-0.49,-2.05,-8.32,283.12
10685.0,178.08,1178.79,313.09,240.0,1731.87,0,4.16,6.82,-0.45,-1.99,-8.27,284.64
10690.0,178.17,1182.06,313.96,240.0,1736.02,0,4.21,6.81,-0.41,-1.93,-8.21,286.15
10695.0,178.25,1185.3,314.82,240.0,1740.12,0,4.26,6.81,-0.37,-1.88,-8.16,287.64
10700.0,178.33,1188.51,315.67,240.0,1744.18,0,4.31,6.8,-0.33,-1.82,-8.11,289.12
10705.0,178.42,1191.67,316.51,240.0,1748.18,0,4.35,6.79,-0.29,-1.76,-8.06,290.59
10710.0,178.5,1194.8,317.34,240.0,1752.14,0,4.4,6.78,-0.25,-1.7,-8.01,292.05
10715.0,178.58,1197.88,318.16,240.0,1756.04,0,4.45,6.78,-0.21,-1.64,-7.95,293.49
10720.0,178.67,1200.93,318.97,240.0,1759.9,0,4.5,6.77,-0.17,-1.58,-7.9,294.92
10725.0,178.75,1203.94,319.77,240.0,1763.71,0,4.55,6.76,-0.12,-1.52,-7.85,296.34
10730.0,178.83,1206.92,320.56,240.0,1767.48,0,4.6,6.76,-0.08,-1.46,-7.79,297.74
10735.0,178.92,1209.85,321.34,240.0,1771.19,0,4.65,6.75,-0.04,-1.4,-7.74,299.13
10740.0,179.0,1212.74,322.11,240.0,1774.85,0,4.71,6.75,0.01,-1.34,-7.68,300.51
10745.0,179.08,1215.6,322.87,240.0,1778.47,0,4.76,6.74,0.05,-1.28,-7.63,301.88
10750.0,179.17,1218.42,323.61,240.0,1782.03,0,4.81,6.74,0.1,-1.21,-7.57,303.23
10755.0,179.25,1221.19,324.35,240.0,1785.54,0,4.86,6.73,0.14,-1.15,-7.52,304.57
10760.0,179.33,1223.93,325.08,240.0,1789.01,0,4.91,6.72,0.19,-1.09,-7.46,305.89
10765.0,179.42,1226.63,325.8,240.0,1792.43,0,4.97,6.72,0.24,-1.03,-7.41,307.2
10770.0,179.5,1229.29,326.5,240.0,1795.79,0,5.02,6.71,0.28,-0.97,-7.35,308.5
10775.0,179.58,1231.91,327.2,240.0,1799.11,0,5.08,6.71,0.33,-0.9,-7.3,309.79
10780.0,179.67,1234.49,327.88,240.0,1802.37,0,5.13,6.71,0.38,-0.84,-7.24,311.06
10785.0,179.75,1237.03,328.56,240.0,1805.59,0,5.18,6.7,0.42,-0.78,-7.18,312.32
10790.0,179.83,1239.53,329.22,240.0,1808.76,0,5.24,6.7,0.47,-0.71,-7.13,313.56
10795.0,179.92,1241.99,329.88,240.0,1811.87,0,5.29,6.69,0.52,-0.65,-7.07,314.79
10800.0,180.0,1244.42,330.52,240.0,1814.94,0,5.35,6.69,0.57,-0.59,-7.01,316.01
10805.0,180.08,1246.8,331.15,240.0,1817.95,0,5.41,6.69,0.62,-0.52,-6.95,317.22
10810.0,180.17,1249.14,331.77,240.0,1820.91,0,5.46,6.68,0.67,-0.46,-6.9,318.41
10815.0,180.25,1251.44,332.38,240.0,1823.83,0,5.52,6.68,0.72,-0.39,-6.84,319.58
10820.0,180.33,1253.7,332.99,240.0,1826.69,0,5.58,6.68,0.77,-0.33,-6.78,320.75
10825.0,180.42,1255.92,333.58,240.0,1829.5,0,5.63,6.67,0.82,-0.26,-6.72,321.9
10830.0,180.5,1258.1,334.15,240.0,1832.26,0,5.69,6.67,0.87,-0.2,-6.66,323.03
10835.0,180.58,1260.24,334.72,240.0,1834.97,0,5.75,6.67,0.92,-0.13,-6.61,324.16
10840.0,180.67,1262.34,335.28,240.0,1837.62,0,5.81,6.66,0.97,-0.07,-6.55,325.27
10845.0,180.75,1264.4,335.83,240.0,1840.23,0,5.86,6.66,1.03,-0.0,-6.49,326.36
10850.0,180.83,1266.42,336.36,240.0,1842.79,0,5.92,6.66,1.08,0.06,-6.43,327.45
10855.0,180.92,1268.4,336.89,240.0,1845.29,0,5.98,6.66,1.13,0.13,-6.37,328.52
10860.0,181.0,1270.34,337.4,240.0,1847.74,0,6.04,6.66,1.19,0.19,-6.31,329.57
10865.0,181.08,1272.23,337.91,240.0,1850.14,0,6.1,6.65,1.24,0.26,-6.25,330.62
10870.0,181.17,1274.09,338.4,240.0,1852.49,0,6.16,6.65,1.29,0.33,-6.19,331.65
10875.0,181.25,1275.9,338.88,240.0,1854.79,0,6.22,6.65,1.35,0.39,-6.13,332.66
10880.0,181.33,1277.68,339.35,240.0,1857.03,0,6.28,6.65,1.4,0.46,-6.07,333.67
10885.0,181.42,1279.41,339.81,240.0,1859.23,0,6.34,6.65,1.46,0.53,-6.01,334.66
10890.0,181.5,1281.1,340.26,240.0,1861.37,0,6.4,6.65,1.51,0.59,-5.95,335.63
10895.0,181.58,1282.75,340.7,240.0,1863.46,0,6.46,6.65,1.57,0.66,-5.89,336.6
10900.0,181.67,1284.36,341.13,240.0,1865.49,0,6.52,6.65,1.62,0.73,-5.83,337.55
10905.0,181.75,1285.93,341.55,240.0,1867.48,0,6.58,6.65,1.68,0.79,-5.77,338.48
10910.0,181.83,1287.46,341.95,240.0,1869.41,0,6.65,6.65,1.73,0.86,-5.71,339.41
10915.0,181.92,1288.94,342.35,240.0,1871.29,0,6.71,6.65,1.79,0.93,-5.65,340.32
10920.0,182.0,1290.39,342.73,240.0,1873.12,0,6.77,6.65,1.85,1.0,-5.59,341.22
10925.0,182.08,1291.79,343.1,240.0,1874.89,0,6.83,6.65,1.9,1.06,-5.53,342.1
10930.0,182.17,1293.15,343.46,240.0,1876.62,0,6.89,6.65,1.96,1.13,-5.46,342.97
10935.0,182.25,1294.47,343.81,240.0,1878.29,0,6.96,6.65,2.02,1.2,-5.4,343.83
10940.0,182.33,1295.75,344.15,240.0,1879.91,0,7.02,6.65,2.07,1.27,-5.34,344.68
10945.0,182.42,1296.99,344.48,240.0,1881.47,0,7.08,6.65,2.13,1.33,-5.28,345.52
10950.0,182.5,1298.18,344.8,240.0,1882.98,0,7.15,6.65,2.19,1.4,-5.22,346.34
10955.0,182.58,1299.34,345.11,240.0,1884.44,0,7.21,6.65,2.25,1.47,-5.16,347.15
10960.0,182.67,1300.45,345.4,240.0,1885.85,0,7.27,6.65,2.31,1.54,-5.09,347.94
10965.0,182.75,1301.52,345.69,240.0,1887.2,0,7.34,6.66,2.37,1.61,-5.03,348.73
10970.0,182.83,1302.55,345.96,240.0,1888.51,0,7.4,6.66,2.42,1.67,-4.97,349.5
10975.0,182.92,1303.53,346.22,240.0,1889.75,0,7.46,6.66,2.48,1.74,-4.91,350.26
10980.0,183.0,1304.48,346.47,240.0,1890.95,0,7.53,6.66,2.54,1.81,-4.85,351.01
10985.0,183.08,1305.38,346.71,240.0,1892.09,0,7.59,6.66,2.6,1.88,-4.79,351.74
10990.0,183.17,1306.24,346.94,240.0,1893.18,0,7.66,6.67,2.66,1.95,-4.72,352.46
10995.0,183.25,1307.06,347.16,240.0,1894.22,0,7.72,6.67,2.72,2.01,-4.66,353.18
11000.0,183.33,1307.84,347.36,240.0,1895.2,0,7.79,6.67,2.78,2.08,-4.6,353.87
11005.0,183.42,1308.57,347.56,240.0,1896.13,0,7.85,6.68,2.84,2.15,-4.54,354.56
11010.0,183.5,1309.27,347.74,240.0,1897.01,0,7.92,6.68,2.9,2.22,-4.47,355.24
11015.0,183.58,1309.92,347.92,240.0,1897.83,0,7.98,6.68,2.96,2.29,-4.41,355.9
11020.0,183.67,1310.52,348.08,240.0,1898.6,0,8.05,6.69,3.03,2.36,-4.35,356.55
11025.0,183.75,1311.09,348.23,240.0,1899.32,0,8.11,6.69,3.09,2.42,-4.29,357.19
11030.0,183.83,1311.62,348.37,240.0,1899.98,0,8.18,6.69,3.15,2.49,-4.23,357.82
11035.0,183.92,1312.1,348.5,240.0,1900.59,0,8.24,6.7,3.21,2.56,-4.16,358.44
11040.0,184.0,1312.54,348.61,240.0,1901.15,0,8.31,6.7,3.27,2.63,-4.1,359.04
11045.0,184.08,1312.94,348.72,240.0,1901.66,0,8.37,6.71,3.33,2.7,-4.04,359.64
11050.0,184.17,1313.29,348.81,240.0,1902.11,0,8.44,6.71,3.4,2.76,-3.98,360.22
11055.0,184.25,1313.61,348.9,240.0,1902.5,0,8.51,6.71,3.46,2.83,-3.91,360.79
11060.0,184.33,1313.88,348.97,240.0,1902.85,0,8.57,6.72,3.52,2.9,-3.85,361.35
11065.0,184.42,1314.11,349.03,240.0,1903.14,0,8.64,6.72,3.58,2.97,-3.79,361.9
11070.0,184.5,1314.3,349.08,240.0,1903.38,0,8.7,6.73,3.64,3.04,-3.73,362.44
11075.0,184.58,1314.44,349.12,240.0,1903.56,0,8.77,6.73,3.71,3.11,-3.66,362.97
11080.0,184.67,1314.55,349.15,240.0,1903.69,0,8.84,6.74,3.77,3.17,-3.6,363.48
11085.0,184.75,1314.61,349.16,240.0,1903.77,0,8.9,6.75,3.83,3.24,-3.54,363.99
11090.0,184.83,1314.62,349.17,240.0,1903.79,0,8.97,6.75,3.9,3.31,-3.48,364.48
11095.0,184.92,1314.6,349.16,240.0,1903.76,0,9.04,6.76,3.96,3.38,-3.42,364.97
11100.0,185.0,1314.54,349.14,240.0,1903.68,0,9.1,6.76,4.02,3.45,-3.35,365.44
11105.0,185.08,1314.43,349.11,240.0,1903.54,0,9.17,6.77,4.09,3.51,-3.29,365.9
11110.0,185.17,1314.28,349.07,240.0,1903.35,0,9.24,6.78,4.15,3.58,-3.23,366.36
11115.0,185.25,1314.09,349.02,240.0,1903.11,0,9.3,6.78,4.21,3.65,-3.17,366.8
11120.0,185.33,1313.85,348.96,240.0,1902.81,0,9.37,6.79,4.28,3.72,-3.1,367.23
11125.0,185.42,1313.57,348.89,240.0,1902.46,0,9.44,6.8,4.34,3.78,-3.04,367.65
11130.0,185.5,1313.26,348.8,240.0,1902.06,0,9.5,6.8,4.4,3.85,-2.98,368.06
11135.0,185.58,1312.89,348.71,240.0,1901.6,0,9.57,6.81,4.47,3.92,-2.92,368.47
11140.0,185.67,1312.49,348.6,240.0,1901.09,0,9.64,6.82,4.53,3.99,-2.86,368.86
11145.0,185.75,1312.05,348.48,240.0,1900.53,0,9.7,6.82,4.6,4.05,-2.79,369.24
11150.0,185.83,1311.56,348.35,240.0,1899.91,0,9.77,6.83,4.66,4.12,-2.73,369.61
11155.0,185.92,1311.03,348.21,240.0,1899.24,0,9.84,6.84,4.73,4.19,-2.67,369.97
11160.0,186.0,1310.46,348.06,240.0,1898.52,0,9.9,6.85,4.79,4.26,-2.61,370.32
11165.0,186.08,1309.84,347.9,240.0,1897.74,0,9.97,6.86,4.85,4.32,-2.55,370.67
11170.0,186.17,1309.19,347.72,240.0,1896.91,0,10.04,6.86,4.92,4.39,-2.49,371.0
11175.0,186.25,1308.49,347.54,240.0,1896.03,0,10.1,6.87,4.98,4.46,-2.43,371.32
11180.0,186.33,1307.75,347.34,240.0,1895.09,0,10.17,6.88,5.05,4.52,-2.36,371.64
11185.0,186.42,1306.97,347.13,240.0,1894.1,0,10.24,6.89,5.11,4.59,-2.3,371.94
11190.0,186.5,1306.15,346.91,240.0,1893.06,0,10.3,6.9,5.18,4.66,-2.24,372.24
11195.0,186.58,1305.28,346.68,240.0,1891.97,0,10.37,6.91,5.24,4.72,-2.18,372.52
11200.0,186.67,1304.37,346.44,240.0,1890.82,0,10.44,6.92,5.31,4.79,-2.12,372.8
11205.0,186.75,1303.42,346.19,240.0,1889.62,0,10.5,6.92,5.37,4.86,-2.06,373.07
11210.0,186.83,1302.43,345.93,240.0,1888.36,0,10.57,6.93,5.44,4.92,-2.0,373.32
11215.0,186.92,1301.4,345.65,240.0,1887.05,0,10.64,6.94,5.5,4.99,-1.94,373.57
11220.0,187.0,1300.32,345.37,240.0,1885.69,0,10.7,6.95,5.57,5.05,-1.87,373.81
11225.0,187.08,1299.21,345.07,240.0,1884.28,0,10.77,6.96,5.63,5.12,-1.81,374.04
11230.0,187.17,1298.05,344.76,240.0,1882.81,0,10.84,6.97,5.7,5.19,-1.75,374.27
11235.0,187.25,1296.85,344.45,240.0,1881.3,0,10.9,6.98,5.76,5.25,-1.69,374.48
11240.0,187.33,1295.61,344.12,240.0,1879.72,0,10.97,6.99,5.82,5.32,-1.63,374.68
11245.0,187.42,1294.33,343.78,240.0,1878.1,0,11.04,7.0,5.89,5.38,-1.57,374.88
11250.0,187.5,1293.0,343.42,240.0,1876.42,0,11.1,7.01,5.95,5.45,-1.51,375.07
11255.0,187.58,1291.63,343.06,240.0,1874.7,0,11.17,7.02,6.02,5.51,-1.45,375.24
11260.0,187.67,1290.23,342.69,240.0,1872.91,0,11.24,7.03,6.08,5.58,-1.39,375.41
11265.0,187.75,1288.78,342.3,240.0,1871.08,0,11.3,7.05,6.15,5.64,-1.33,375.58
11270.0,187.83,1287.29,341.91,240.0,1869.19,0,11.37,7.06,6.21,5.71,-1.27,375.73
11275.0,187.92,1285.76,341.5,240.0,1867.26,0,11.43,7.07,6.28,5.77,-1.21,375.87
11280.0,188.0,1284.18,341.08,240.0,1865.26,0,11.5,7.08,6.34,5.84,-1.15,376.01
11285.0,188.08,1282.57,340.65,240.0,1863.22,0,11.57,7.09,6.41,5.9,-1.09,376.14
11290.0,188.17,1280.91,340.21,240.0,1861.13,0,11.63,7.1,6.47,5.96,-1.04,376.26
11295.0,188.25,1279.22,339.76,240.0,1858.98,0,11.7,7.11,6.54,6.03,-0.98,376.37
11300.0,188.33,1277.48,339.3,240.0,1856.78,0,11.76,7.12,6.6,6.09,-0.92,376.47
11305.0,188.42,1275.7,338.83,240.0,1854.53,0,11.83,7.14,6.67,6.16,-0.86,376.57
11310.0,188.5,1273.88,338.35,240.0,1852.23,0,11.9,7.15,6.73,6.22,-0.8,376.66
11315.0,188.58,1272.02,337.85,240.0,1849.87,0,11.96,7.16,6.8,6.28,-0.74,376.74
11320.0,188.67,1270.12,337.35,240.0,1847.47,0,12.03,7.17,6.86,6.35,-0.68,376.81
11325.0,188.75,1268.18,336.83,240.0,1845.01,0,12.09,7.19,6.93,6.41,-0.62,376.87
11330.0,188.83,1266.2,336.3,240.0,1842.5,0,12.16,7.2,6.99,6.47,-0.57,376.93
11335.0,188.92,1264.17,335.77,240.0,1839.94,0,12.22,7.21,7.06,6.54,-0.51,376.97
11340.0,189.0,1262.11,335.22,240.0,1837.33,0,12.29,7.22,7.12,6.6,-0.45,377.01
11345.0,189.08,1260.0,334.66,240.0,1834.66,0,12.35,7.24,7.18,6.66,-0.39,377.05
11350.0,189.17,1257.86,334.09,240.0,1831.95,0,12.42,7.25,7.25,6.72,-0.34,377.07
11355.0,189.25,1255.67,333.51,240.0,1829.18,0,12.48,7.26,7.31,6.78,-0.28,377.09
11360.0,189.33,1253.45,332.92,240.0,1826.37,0,12.55,7.28,7.38,6.85,-0.22,377.1
11365.0,189.42,1251.18,332.32,240.0,1823.5,0,12.61,7.29,7.44,6.91,-0.16,377.1
11370.0,189.5,1248.88,331.7,240.0,1820.58,0,12.67,7.3,7.51,6.97,-0.11,377.1
11375.0,189.58,1246.53,331.08,240.0,1817.61,0,12.74,7.32,7.57,7.03,-0.05,377.08
11380.0,189.67,1244.14,330.45,240.0,1814.59,0,12.8,7.33,7.63,7.09,0.01,377.06
11385.0,189.75,1241.72,329.8,240.0,1811.52,0,12.87,7.34,7.7,7.15,0.06,377.03
11390.0,189.83,1239.25,329.15,240.0,1808.4,0,12.93,7.36,7.76,7.21,0.12,377.0
11395.0,189.92,1236.75,328.48,240.0,1805.23,0,12.99,7.37,7.83,7.27,0.18,376.96
11400.0,190.0,1234.2,327.81,240.0,1802.01,0,13.06,7.39,7.89,7.33,0.23,376.91
11405.0,190.08,1231.62,327.12,240.0,1798.73,0,13.12,7.4,7.95,7.39,0.29,376.85
11410.0,190.17,1228.99,326.42,240.0,1795.41,0,13.18,7.41,8.02,7.45,0.34,376.78
11415.0,190.25,1226.33,325.71,240.0,1792.04,0,13.25,7.43,8.08,7.51,0.4,376.71
11420.0,190.33,1223.62,325.0,240.0,1788.62,0,13.31,7.44,8.14,7.57,0.45,376.63
11425.0,190.42,1220.88,324.27,240.0,1785.15,0,13.37,7.46,8.21,7.63,0.51,376.55
11430.0,190.5,1218.1,323.53,240.0,1781.63,0,13.44,7.47,8.27,7.69,0.56,376.46
11435.0,190.58,1215.28,322.78,240.0,1778.06,0,13.5,7.49,8.33,7.75,0.62,376.36
11440.0,190.67,1212.42,322.02,240.0,1774.44,0,13.56,7.5,8.39,7.81,0.67,376.25
11445.0,190.75,1209.52,321.25,240.0,1770.77,0,13.62,7.52,8.46,7.87,0.73,376.13
11450.0,190.83,1206.58,320.47,240.0,1767.05,0,13.69,7.53,8.52,7.93,0.78,376.01
11455.0,190.92,1203.6,319.68,240.0,1763.28,0,13.75,7.55,8.58,7.99,0.84,375.89
11460.0,191.0,1200.59,318.88,240.0,1759.47,0,13.81,7.56,8.64,8.04,0.89,375.75
11465.0,191.08,1197.54,318.07,240.0,1755.6,0,13.87,7.58,8.71,8.1,0.94,375.61
11470.0,191.17,1194.44,317.25,240.0,1751.69,0,13.93,7.6,8.77,8.16,1.0,375.46
11475.0,191.25,1191.31,316.41,240.0,1747.73,0,13.99,7.61,8.83,8.22,1.05,375.3
11480.0,191.33,1188.15,315.57,240.0,1743.72,0,14.05,7.63,8.89,8.27,1.1,375.14
11485.0,191.42,1184.94,314.72,240.0,1739.66,0,14.12,7.64,8.96,8.33,1.16,374.97
11490.0,191.5,1181.69,313.86,240.0,1735.55,0,14.18,7.66,9.02,8.39,1.21,374.8
11495.0,191.58,1178.41,312.99,240.0,1731.4,0,14.24,7.68,9.08,8.44,1.26,374.61
11500.0,191.67,1175.09,312.11,240.0,1727.2,0,14.3,7.69,9.14,8.5,1.31,374.43
11505.0,191.75,1171.73,311.21,240.0,1722.95,0,14.36,7.71,9.2,8.56,1.37,374.23
11510.0,191.83,1168.34,310.31,240.0,1718.65,0,14.42,7.73,9.26,8.61,1.42,374.03
11515.0,191.92,1164.9,309.4,240.0,1714.3,0,14.48,7.74,9.32,8.67,1.47,373.82
11520.0,192.0,1161.43,308.48,240.0,1709.91,0,14.54,7.76,9.38,8.72,1.52,373.6
11525.0,192.08,1157.92,307.55,240.0,1705.47,0,14.6,7.78,9.44,8.78,1.57,373.38
11530.0,192.17,1154.38,306.6,240.0,1700.98,0,14.66,7.79,9.51,8.83,1.63,373.15
11535.0,192.25,1150.8,305.65,240.0,1696.45,0,14.72,7.81,9.57,8.89,1.68,372.91
11540.0,192.33,1147.18,304.69,240.0,1691.87,0,14.77,7.83,9.63,8.94,1.73,372.67
11545.0,192.42,1143.52,303.72,240.0,1687.24,0,14.83,7.84,9.69,9.0,1.78,372.42
11550.0,192.5,1139.83,302.74,240.0,1682.57,0,14.89,7.86,9.75,9.05,1.83,372.17
11555.0,192.58,1136.1,301.75,240.0,1677.85,0,14.95,7.88,9.81,9.11,1.88,371.91
11560.0,192.67,1132.33,300.75,240.0,1673.08,0,15.01,7.9,9.87,9.16,1.93,371.64
11565.0,192.75,1128.53,299.74,240.0,1668.27,0,15.07,7.91,9.93,9.21,1.98,371.36
11570.0,192.83,1124.69,298.72,240.0,1663.41,0,15.13,7.93,9.98,9.27,2.03,371.08
11575.0,192.92,1120.82,297.69,240.0,1658.51,0,15.18,7.95,10.04,9.32,2.08,370.79
11580.0,193.0,1116.91,296.65,240.0,1653.56,0,15.24,7.97,10.1,9.37,2.13,370.5
11585.0,193.08,1112.96,295.6,240.0,1648.56,0,15.3,7.98,10.16,9.42,2.17,370.2
11590.0,193.17,1108.98,294.55,240.0,1643.53,0,15.35,8.0,10.22,9.48,2.22,369.89
11595.0,193.25,1104.96,293.48,240.0,1638.44,0,15.41,8.02,10.28,9.53,2.27,369.58
11600.0,193.33,1100.91,292.4,240.0,1633.31,0,15.47,8.04,10.34,9.58,2.32,369.26
11605.0,193.42,1096.82,291.32,240.0,1628.14,0,15.52,8.06,10.4,9.63,2.37,368.93
11610.0,193.5,1092.7,290.22,240.0,1622.92,0,15.58,8.07,10.45,9.68,2.42,368.6
11615.0,193.58,1088.54,289.12,240.0,1617.65,0,15.64,8.09,10.51,9.73,2.46,368.26
11620.0,193.67,1084.34,288.0,240.0,1612.35,0,15.69,8.11,10.57,9.78,2.51,367.92
11625.0,193.75,1080.11,286.88,240.0,1606.99,0,15.75,8.13,10.63,9.83,2.56,367.57
11630.0,193.83,1075.85,285.75,240.0,1601.6,0,15.8,8.15,10.68,9.88,2.61,367.21
11635.0,193.92,1071.55,284.61,240.0,1596.16,0,15.86,8.17,10.74,9.93,2.65,366.85
11640.0,194.0,1067.22,283.46,240.0,1590.68,0,15.91,8.19,10.8,9.98,2.7,366.48
11645.0,194.08,1062.85,282.3,240.0,1585.15,0,15.97,8.2,10.85,10.03,2.74,366.1
11650.0,194.17,1058.45,281.13,240.0,1579.58,0,16.02,8.22,10.91,10.08,2.79,365.72
11655.0,194.25,1054.02,279.95,240.0,1573.97,0,16.08,8.24,10.97,10.13,2.84,365.33
11660.0,194.33,1049.55,278.76,240.0,1568.31,0,16.13,8.26,11.02,10.18,2.88,364.94
11665.0,194.42,1045.05,277.57,240.0,1562.62,0,16.19,8.28,11.08,10.23,2.93,364.54
11670.0,194.5,1040.51,276.36,240.0,1556.88,0,16.24,8.3,11.14,10.28,2.97,364.13
11675.0,194.58,1035.95,275.15,240.0,1551.09,0,16.29,8.32,11.19,10.32,3.02,363.71
11680.0,194.67,1031.34,273.93,240.0,1545.27,0,16.35,8.34,11.25,10.37,3.06,363.29
11685.0,194.75,1026.71,272.7,240.0,1539.4,0,16.4,8.36,11.3,10.42,3.1,362.87
11690.0,194.83,1022.04,271.46,240.0,1533.49,0,16.45,8.38,11.36,10.46,3.15,362.44
11695.0,194.92,1017.34,270.21,240.0,1527.54,0,16.5,8.4,11.41,10.51,3.19,362.0
11700.0,195.0,1012.6,268.95,240.0,1521.55,0,16.56,8.42,11.47,10.56,3.24,361.56
11705.0,195.08,1007.84,267.68,240.0,1515.52,0,16.61,8.44,11.52,10.6,3.28,361.1
11710.0,195.17,1003.04,266.41,240.0,1509.45,0,16.66,8.46,11.57,10.65,3.32,360.65
11715.0,195.25,998.21,265.13,240.0,1503.33,0,16.71,8.48,11.63,10.7,3.37,360.19
11720.0,195.33,993.35,263.83,240.0,1497.18,0,16.76,8.5,11.68,10.74,3.41,359.72
11725.0,195.42,988.45,262.53,240.0,1490.99,0,16.81,8.52,11.74,10.79,3.45,359.24
11730.0,195.5,983.52,261.23,240.0,1484.75,0,16.86,8.54,11.79,10.83,3.49,358.76
11735.0,195.58,978.57,259.91,240.0,1478.48,0,16.91,8.56,11.84,10.87,3.54,358.27
11740.0,195.67,973.58,258.58,240.0,1472.16,0,16.96,8.58,11.89,10.92,3.58,357.78
11745.0,195.75,968.56,257.25,240.0,1465.81,0,17.01,8.6,11.95,10.96,3.62,357.28
11750.0,195.83,963.5,255.91,240.0,1459.41,0,17.06,8.62,12.0,11.01,3.66,356.78
11755.0,195.92,958.42,254.56,240.0,1452.98,0,17.11,8.64,12.05,11.05,3.7,356.26
11760.0,196.0,953.31,253.2,240.0,1446.51,0,17.16,8.66,12.1,11.09,3.74,355.75
11765.0,196.08,948.16,251.83,240.0,1440.0,0,17.21,8.68,12.16,11.14,3.78,355.22
11770.0,196.17,942.99,250.46,240.0,1433.45,0,17.26,8.7,12.21,11.18,3.82,354.69
11775.0,196.25,937.78,249.08,240.0,1426.86,0,17.31,8.72,12.26,11.22,3.86,354.16
11780.0,196.33,932.55,247.69,240.0,1420.24,0,17.36,8.74,12.31,11.26,3.9,353.61
11785.0,196.42,927.28,246.29,240.0,1413.57,0,17.41,8.76,12.36,11.3,3.94,353.07
11790.0,196.5,921.99,244.88,240.0,1406.87,0,17.45,8.78,12.41,11.34,3.98,352.51
11795.0,196.58,916.67,243.47,240.0,1400.13,0,17.5,8.8,12.46,11.39,4.02,351.95
11800.0,196.67,911.31,242.05,240.0,1393.36,0,17.55,8.82,12.51,11.43,4.06,351.38
11805.0,196.75,905.93,240.62,240.0,1386.55,0,17.59,8.84,12.56,11.47,4.09,350.81
11810.0,196.83,900.52,239.18,240.0,1379.7,0,17.64,8.86,12.61,11.51,4.13,350.23
11815.0,196.92,895.08,237.73,240.0,1372.81,0,17.69,8.88,12.66,11.55,4.17,349.65
11820.0,197.0,889.61,236.28,240.0,1365.89,0,17.73,8.91,12.71,11.59,4.21,349.06
11825.0,197.08,884.11,234.82,240.0,1358.93,0,17.78,8.93,12.76,11.63,4.24,348.46
11830.0,197.17,878.58,233.35,240.0,1351.94,0,17.83,8.95,12.81,11.66,4.28,347.86
11835.0,197.25,873.03,231.88,240.0,1344.91,0,17.87,8.97,12.85,11.7,4.32,347.25
11840.0,197.33,867.44,230.39,240.0,1337.84,0,17.92,8.99,12.9,11.74,4.35,346.63
11845.0,197.42,861.83,228.9,240.0,1330.74,0,17.96,9.01,12.95,11.78,4.39,346.01
11850.0,197.5,856.2,227.41,240.0,1323.6,0,18.0,9.03,13.0,11.82,4.43,345.38
11855.0,197.58,850.53,225.9,240.0,1316.43,0,18.05,9.05,13.05,11.85,4.46,344.75
11860.0,197.67,844.84,224.39,240.0,1309.23,0,18.09,9.07,13.09,11.89,4.5,344.11
11865.0,197.75,839.12,222.87,240.0,1301.99,0,18.14,9.1,13.14,11.93,4.53,343.46
11870.0,197.83,833.37,221.34,240.0,1294.71,0,18.18,9.12,13.19,11.96,4.57,342.81
11875.0,197.92,827.6,219.81,240.0,1287.41,0,18.22,9.14,13.23,12.0,4.6,342.15
11880.0,198.0,821.8,218.27,240.0,1280.07,0,18.27,9.16,13.28,12.04,4.64,341.49
11885.0,198.08,815.97,216.72,240.0,1272.69,0,18.31,9.18,13.32,12.07,4.67,340.82
11890.0,198.17,810.12,215.17,240.0,1265.28,0,18.35,9.2,13.37,12.11,4.7,340.14
11895.0,198.25,804.24,213.61,240.0,1257.84,0,18.39,9.22,13.41,12.14,4.74,339.46
11900.0,198.33,798.33,212.04,240.0,1250.37,0,18.43,9.25,13.46,12.18,4.77,338.77
11905.0,198.42,792.4,210.46,240.0,1242.86,0,18.48,9.27,13.5,12.21,4.8,338.07
11910.0,198.5,786.45,208.88,240.0,1235.33,0,18.52,9.29,13.55,12.24,4.83,337.37
11915.0,198.58,780.46,207.29,240.0,1227.76,0,18.56,9.31,13.59,12.28,4.87,336.67
11920.0,198.67,774.46,205.7,240.0,1220.16,0,18.6,9.33,13.64,12.31,4.9,335.95
11925.0,198.75,768.43,204.1,240.0,1212.52,0,18.64,9.35,13.68,12.34,4.93,335.23
11930.0,198.83,762.37,202.49,240.0,1204.86,0,18.68,9.38,13.72,12.38,4.96,334.51
11935.0,198.92,756.29,200.87,240.0,1197.16,0,18.72,9.4,13.77,12.41,4.99,333.77
11940.0,199.0,750.19,199.25,240.0,1189.44,0,18.76,9.42,13.81,12.44,5.02,333.03
11945.0,199.08,744.06,197.62,240.0,1181.68,0,18.8,9.44,13.85,12.47,5.05,332.29
11950.0,199.17,737.91,195.99,240.0,1173.89,0,18.83,9.46,13.89,12.5,5.08,331.54
11955.0,199.25,731.73,194.35,240.0,1166.08,0,18.87,9.48,13.94,12.53,5.11,330.78
11960.0,199.33,725.53,192.7,240.0,1158.23,0,18.91,9.51,13.98,12.56,5.14,330.02
11965.0,199.42,719.31,191.05,240.0,1150.36,0,18.95,9.53,14.02,12.59,5.17,329.25
11970.0,199.5,713.06,189.39,240.0,1142.45,0,18.99,9.55,14.06,12.62,5.2,328.47
11975.0,199.58,706.79,187.73,240.0,1134.52,0,19.02,9.57,14.1,12.65,5.23,327.69
11980.0,199.67,700.5,186.05,240.0,1126.55,0,19.06,9.59,14.14,12.68,5.26,326.9
11985.0,199.75,694.19,184.38,240.0,1118.56,0,19.1,9.62,14.18,12.71,5.29,326.11
11990.0,199.83,687.85,182.69,240.0,1110.54,0,19.13,9.64,14.22,12.74,5.31,325.31
11995.0,199.92,681.49,181.01,240.0,1102.5,0,19.17,9.66,14.26,12.77,5.34,324.5
12000.0,200.0,675.11,179.31,240.0,1094.42,0,19.2,9.68,14.3,12.8,5.37,323.68
12005.0,200.08,668.71,177.61,240.0,1086.32,0,19.24,9.7,14.34,12.82,5.39,322.86
12010.0,200.17,662.29,175.9,240.0,1078.19,0,19.27,9.73,14.38,12.85,5.42,322.04
12015.0,200.25,655.84,174.19,240.0,1070.03,0,19.31,9.75,14.42,12.88,5.45,321.21
12020.0,200.33,649.37,172.48,240.0,1061.85,0,19.34,9.77,14.46,12.9,5.47,320.37
12025.0,200.42,642.89,170.75,240.0,1053.64,0,19.38,9.79,14.49,12.93,5.5,319.52
12030.0,200.5,636.38,169.02,240.0,1045.4,0,19.41,9.81,14.53,12.96,5.52,318.67
12035.0,200.58,629.85,167.29,240.0,1037.14,0,19.44,9.84,14.57,12.98,5.55,317.81
12040.0,200.67,623.31,165.55,240.0,1028.86,0,19.48,9.86,14.61,13.01,5.57,316.95
12045.0,200.75,616.74,163.81,240.0,1020.54,0,19.51,9.88,14.64,13.03,5.6,316.07
12050.0,200.83,610.15,162.06,240.0,1012.21,0,19.54,9.9,14.68,13.06,5.62,315.2
12055.0,200.92,603.54,160.3,240.0,1003.84,0,19.57,9.92,14.72,13.08,5.64,314.31
12060.0,201.0,596.92,158.54,240.0,995.46,0,19.61,9.95,14.75,13.1,5.67,313.42
12065.0,201.08,590.27,156.78,240.0,987.05,0,19.64,9.97,14.79,13.13,5.69,312.53
12070.0,201.17,583.6,155.01,240.0,978.61,0,19.67,9.99,14.82,13.15,5.71,311.62
12075.0,201.25,576.92,153.23,240.0,970.15,0,19.7,10.01,14.86,13.17,5.74,310.71
12080.0,201.33,570.22,151.45,240.0,961.67,0,19.73,10.04,14.89,13.19,5.76,309.8
12085.0,201.42,563.5,149.67,240.0,953.17,0,19.76,10.06,14.93,13.22,5.78,308.87
12090.0,201.5,556.76,147.88,240.0,944.64,0,19.79,10.08,14.96,13.24,5.8,307.94
12095.0,201.58,550.0,146.08,240.0,936.09,0,19.82,10.1,14.99,13.26,5.82,307.01
12100.0,201.67,543.23,144.28,240.0,927.51,0,19.85,10.12,15.03,13.28,5.84,306.07
12105.0,201.75,536.44,142.48,240.0,918.92,0,19.88,10.15,15.06,13.3,5.86,305.12
12110.0,201.83,529.63,140.67,240.0,910.3,0,19.91,10.17,15.09,13.32,5.88,304.16
12115.0,201.92,522.8,138.86,240.0,901.66,0,19.93,10.19,15.12,13.34,5.9,303.2
12120.0,202.0,515.96,137.04,240.0,893.0,0,19.96,10.21,15.16,13.36,5.92,302.23
12125.0,202.08,509.1,135.22,240.0,884.32,0,19.99,10.23,15.19,13.38,5.94,301.25
12130.0,202.17,502.23,133.39,240.0,875.62,0,20.02,10.26,15.22,13.4,5.96,300.27
12135.0,202.25,495.34,131.56,240.0,866.9,0,20.04,10.28,15.25,13.41,5.98,299.28
12140.0,202.33,488.43,129.73,240.0,858.16,0,20.07,10.3,15.28,13.43,6.0,298.29
12145.0,202.42,481.51,127.89,240.0,849.4,0,20.09,10.32,15.31,13.45,6.01,297.28
12150.0,202.5,474.57,126.05,240.0,840.61,0,20.12,10.34,15.34,13.47,6.03,296.28
12155.0,202.58,467.61,124.2,240.0,831.81,0,20.15,10.37,15.37,13.48,6.05,295.26
12160.0,202.67,460.65,122.35,240.0,822.99,0,20.17,10.39,15.4,13.5,6.07,294.24
12165.0,202.75,453.66,120.49,240.0,814.16,0,20.19,10.41,15.43,13.51,6.08,293.21
12170.0,202.83,446.66,118.63,240.0,805.3,0,20.22,10.43,15.46,13.53,6.1,292.17
12175.0,202.92,439.65,116.77,240.0,796.42,0,20.24,10.45,15.49,13.55,6.11,291.13
12180.0,203.0,432.62,114.91,240.0,787.53,0,20.27,10.48,15.52,13.56,6.13,290.08
12185.0,203.08,425.58,113.04,240.0,778.62,0,20.29,10.5,15.54,13.57,6.14,289.02
12190.0,203.17,418.53,111.16,240.0,769.69,0,20.31,10.52,15.57,13.59,6.16,287.96
12195.0,203.25,411.46,109.29,240.0,760.75,0,20.33,10.54,15.6,13.6,6.17,286.89
12200.0,203.33,404.38,107.4,240.0,751.79,0,20.36,10.56,15.62,13.61,6.19,285.81
12205.0,203.42,397.29,105.52,240.0,742.81,0,20.38,10.58,15.65,13.63,6.2,284.73
12210.0,203.5,390.18,103.63,240.0,733.82,0,20.4,10.61,15.68,13.64,6.21,283.64
12215.0,203.58,383.06,101.74,240.0,724.81,0,20.42,10.63,15.7,13.65,6.23,282.54
12220.0,203.67,375.93,99.85,240.0,715.78,0,20.44,10.65,15.73,13.66,6.24,281.43
12225.0,203.75,368.79,97.95,240.0,706.74,0,20.46,10.67,15.75,13.67,6.25,280.32
12230.0,203.83,361.63,96.05,240.0,697.68,0,20.48,10.69,15.78,13.68,6.26,279.2
12235.0,203.92,354.47,94.15,240.0,688.61,0,20.5,10.71,15.8,13.7,6.27,278.08
12240.0,204.0,347.29,92.24,240.0,679.53,0,20.52,10.74,15.83,13.71,6.29,276.94
12245.0,204.08,340.1,90.33,240.0,670.43,0,20.54,10.76,15.85,13.71,6.3,275.8
12250.0,204.17,332.9,88.42,240.0,661.32,0,20.56,10.78,15.87,13.72,6.31,274.65
12255.0,204.25,325.69,86.5,240.0,652.19,0,20.58,10.8,15.89,13.73,6.32,273.5
12260.0,204.33,318.47,84.59,240.0,643.05,0,20.59,10.82,15.92,13.74,6.33,272.34
12265.0,204.42,311.24,82.66,240.0,633.9,0,20.61,10.84,15.94,13.75,6.34,271.17
12270.0,204.5,303.99,80.74,240.0,624.73,0,20.63,10.86,15.96,13.76,6.35,269.99
12275.0,204.58,296.74,78.82,240.0,615.56,0,20.64,10.89,15.98,13.76,6.35,268.81
12280.0,204.67,289.48,76.89,240.0,606.37,0,20.66,10.91,16.0,13.77,6.36,267.62
12285.0,204.75,282.21,74.96,240.0,597.17,0,20.68,10.93,16.02,13.78,6.37,266.42
12290.0,204.83,274.93,73.02,240.0,587.95,0,20.69,10.95,16.04,13.78,6.38,265.22
12295.0,204.92,267.64,71.09,240.0,578.73,0,20.71,10.97,16.06,13.79,6.38,264.01
12300.0,205.0,260.35,69.15,240.0,569.5,0,20.72,10.99,16.08,13.79,6.39,262.79
12305.0,205.08,253.04,67.21,240.0,560.25,0,20.73,11.01,16.1,13.8,6.4,261.56
12310.0,205.17,245.73,65.27,240.0,551.0,0,20.75,11.03,16.12,13.8,6.4,260.33
12315.0,205.25,238.41,63.32,240.0,541.73,0,20.76,11.06,16.14,13.8,6.41,259.08
12320.0,205.33,231.08,61.38,240.0,532.45,0,20.78,11.08,16.16,13.81,6.41,257.84
12325.0,205.42,223.74,59.43,240.0,523.17,0,20.79,11.1,16.18,13.81,6.42,256.58
12330.0,205.5,216.4,57.48,240.0,513.88,0,20.8,11.12,16.19,13.81,6.42,255.32
12335.0,205.58,209.05,55.52,240.0,504.57,0,20.81,11.14,16.21,13.82,6.43,254.04
12340.0,205.67,201.69,53.57,240.0,495.26,0,20.82,11.16,16.23,13.82,6.43,252.77
12345.0,205.75,194.33,51.61,240.0,485.94,0,20.83,11.18,16.24,13.82,6.44,251.48
12350.0,205.83,186.96,49.66,240.0,476.62,0,20.85,11.2,16.26,13.82,6.44,250.19
12355.0,205.92,179.58,47.7,240.0,467.28,0,20.86,11.22,16.28,13.82,6.44,248.88
12360.0,206.0,172.2,45.74,240.0,457.94,0,20.87,11.24,16.29,13.82,6.44,247.58
12365.0,206.08,164.82,43.78,240.0,448.59,0,20.87,11.26,16.31,13.82,6.44,246.26
12370.0,206.17,157.42,41.81,240.0,439.24,0,20.88,11.28,16.32,13.82,6.45,244.93
12375.0,206.25,150.03,39.85,240.0,429.87,0,20.89,11.3,16.33,13.82,6.45,243.6
12380.0,206.33,142.62,37.88,240.0,420.51,0,20.9,11.32,16.35,13.81,6.45,242.26
12385.0,206.42,135.22,35.91,240.0,411.13,0,20.91,11.34,16.36,13.81,6.45,240.92
12390.0,206.5,127.81,33.95,240.0,401.75,0,20.92,11.37,16.37,13.81,6.45,239.56
12395.0,206.58,120.39,31.98,240.0,392.37,0,20.92,11.39,16.39,13.81,6.45,238.2
12400.0,206.67,112.97,30.01,240.0,382.98,0,20.93,11.41,16.4,13.8,6.45,236.83
12405.0,206.75,105.55,28.03,240.0,373.58,0,20.94,11.43,16.41,13.8,6.44,235.45
12410.0,206.83,98.12,26.06,240.0,364.19,0,20.94,11.45,16.42,13.79,6.44,234.06
12415.0,206.92,90.7,24.09,240.0,354.78,0,20.95,11.47,16.43,13.79,6.44,232.67
12420.0,207.0,83.26,22.11,240.0,345.38,0,20.95,11.49,16.44,13.78,6.44,231.26
12425.0,207.08,75.83,20.14,240.0,335.97,0,20.96,11.51,16.45,13.78,6.44,229.85
12430.0,207.17,68.39,18.16,240.0,326.56,0,20.96,11.52,16.46,13.77,6.43,228.44
12435.0,207.25,60.95,16.19,240.0,317.14,0,20.96,11.54,16.47,13.76,6.43,227.01
12440.0,207.33,53.51,14.21,240.0,307.72,0,20.97,11.56,16.48,13.76,6.42,225.58
12445.0,207.42,46.07,12.24,240.0,298.3,0,20.97,11.58,16.49,13.75,6.42,224.13
12450.0,207.5,38.62,10.26,240.0,288.88,0,20.97,11.6,16.5,13.74,6.41,222.68
12455.0,207.58,31.18,8.28,240.0,279.46,0,20.97,11.62,16.5,13.73,6.41,221.22
12460.0,207.67,23.73,6.3,240.0,270.03,0,20.98,11.64,16.51,13.72,6.4,219.76
12465.0,207.75,16.28,4.32,240.0,260.61,0,20.98,11.66,16.52,13.71,6.4,218.28
12470.0,207.83,8.84,2.35,240.0,251.18,0,20.98,11.68,16.52,13.7,6.39,216.8
12475.0,207.92,1.39,0.37,240.0,241.76,0,20.98,11.7,16.53,13.69,6.38,215.31
12480.0,208.0,0.0,0.0,240.0,240.0,0,20.98,11.72,16.53,13.68,6.38,213.83
12485.0,208.08,0.0,0.0,240.0,240.0,0,20.98,11.74,16.54,13.67,6.37,212.36
12490.0,208.17,0.0,0.0,240.0,240.0,0,20.98,11.76,16.54,13.66,6.36,210.91
12495.0,208.25,0.0,0.0,240.0,240.0,0,20.97,11.77,16.55,13.64,6.35,209.46
12500.0,208.33,0.0,0.0,240.0,240.0,0,20.97,11.79,16.55,13.63,6.34,208.04
12505.0,208.42,0.0,0.0,240.0,240.0,0,20.97,11.81,16.56,13.62,6.33,206.62
12510.0,208.5,0.0,0.0,240.0,240.0,0,20.97,11.83,16.56,13.6,6.32,205.23
12515.0,208.58,0.0,0.0,240.0,240.0,0,20.96,11.85,16.56,13.59,6.31,203.84
12520.0,208.67,0.0,0.0,240.0,240.0,0,20.96,11.87,16.56,13.58,6.3,202.47
12525.0,208.75,0.0,0.0,240.0,240.0,0,20.96,11.89,16.57,13.56,6.29,201.12
12530.0,208.83,0.0,0.0,240.0,240.0,0,20.95,11.9,16.57,13.55,6.28,199.78
12535.0,208.92,0.0,0.0,240.0,240.0,0,20.95,11.92,16.57,13.53,6.27,198.46
12540.0,209.0,0.0,0.0,240.0,240.0,0,20.94,11.94,16.57,13.51,6.25,197.15
12545.0,209.08,0.0,0.0,240.0,240.0,0,20.94,11.96,16.57,13.5,6.24,195.85
12550.0,209.17,0.0,0.0,240.0,240.0,0,20.93,11.98,16.57,13.48,6.23,194.57
12555.0,209.25,0.0,0.0,240.0,240.0,0,20.92,11.99,16.57,13.46,6.22,193.3
12560.0,209.33,0.0,0.0,240.0,240.0,0,20.92,12.01,16.57,13.45,6.2,192.04
12565.0,209.42,0.0,0.0,240.0,240.0,0,20.91,12.03,16.56,13.43,6.19,190.8
12570.0,209.5,0.0,0.0,240.0,240.0,0,20.9,12.05,16.56,13.41,6.17,189.56
12575.0,209.58,0.0,0.0,240.0,240.0,0,20.89,12.06,16.56,13.39,6.16,188.34
12580.0,209.67,0.0,0.0,240.0,240.0,0,20.88,12.08,16.56,13.37,6.14,187.13
12585.0,209.75,0.0,0.0,240.0,240.0,0,20.87,12.1,16.55,13.35,6.13,185.94
12590.0,209.83,0.0,0.0,240.0,240.0,0,20.87,12.12,16.55,13.33,6.11,184.75
12595.0,209.92,0.0,0.0,240.0,240.0,0,20.86,12.13,16.55,13.32,6.1,183.58
12600.0,210.0,0.0,0.0,240.0,240.0,0,20.85,12.15,16.54,13.3,6.08,182.41
12605.0,210.08,0.0,0.0,240.0,240.0,0,20.83,12.17,16.54,13.27,6.06,181.26
12610.0,210.17,0.0,0.0,240.0,240.0,0,20.82,12.18,16.53,13.25,6.05,180.12
12615.0,210.25,0.0,0.0,240.0,240.0,0,20.81,12.2,16.53,13.23,6.03,178.99
12620.0,210.33,0.0,0.0,240.0,240.0,0,20.8,12.22,16.52,13.21,6.01,177.87
12625.0,210.42,0.0,0.0,240.0,240.0,0,20.79,12.23,16.52,13.19,5.99,176.77
12630.0,210.5,0.0,0.0,240.0,240.0,0,20.78,12.25,16.51,13.17,5.98,175.67
12635.0,210.58,0.0,0.0,240.0,240.0,0,20.76,12.27,16.5,13.15,5.96,174.58
12640.0,210.67,0.0,0.0,240.0,240.0,0,20.75,12.28,16.49,13.12,5.94,173.5
12645.0,210.75,0.0,0.0,240.0,240.0,0,20.74,12.3,16.49,13.1,5.92,172.43
12650.0,210.83,0.0,0.0,240.0,240.0,0,20.72,12.31,16.48,13.08,5.9,171.37
12655.0,210.92,0.0,0.0,240.0,240.0,0,20.71,12.33,16.47,13.06,5.88,170.33
12660.0,211.0,0.0,0.0,240.0,240.0,0,20.69,12.35,16.46,13.03,5.86,169.29
12665.0,211.08,0.0,0.0,240.0,240.0,0,20.68,12.36,16.45,13.01,5.84,168.26
12670.0,211.17,0.0,0.0,240.0,240.0,0,20.66,12.38,16.44,12.99,5.82,167.24
12675.0,211.25,0.0,0.0,240.0,240.0,0,20.65,12.39,16.43,12.96,5.8,166.22
12680.0,211.33,0.0,0.0,240.0,240.0,0,20.63,12.41,16.42,12.94,5.78,165.22
12685.0,211.42,0.0,0.0,240.0,240.0,0,20.61,12.42,16.41,12.91,5.76,164.23
12690.0,211.5,0.0,0.0,240.0,240.0,0,20.6,12.44,16.4,12.89,5.74,163.24
12695.0,211.58,0.0,0.0,240.0,240.0,0,20.58,12.45,16.39,12.86,5.72,162.26
12700.0,211.67,0.0,0.0,240.0,240.0,0,20.56,12.47,16.38,12.84,5.7,161.29
12705.0,211.75,0.0,0.0,240.0,240.0,0,20.55,12.48,16.37,12.81,5.68,160.33
12710.0,211.83,0.0,0.0,240.0,240.0,0,20.53,12.5,16.35,12.79,5.65,159.38
12715.0,211.92,0.0,0.0,240.0,240.0,0,20.51,12.51,16.34,12.76,5.63,158.44
12720.0,212.0,0.0,0.0,240.0,240.0,0,20.49,12.53,16.33,12.74,5.61,157.5
12725.0,212.08,0.0,0.0,240.0,240.0,0,20.47,12.54,16.32,12.71,5.59,156.57
12730.0,212.17,0.0,0.0,240.0,240.0,0,20.45,12.56,16.3,12.68,5.57,155.65
12735.0,212.25,0.0,0.0,240.0,240.0,0,20.43,12.57,16.29,12.66,5.54,154.74
12740.0,212.33,0.0,0.0,240.0,240.0,0,20.41,12.59,16.27,12.63,5.52,153.84
12745.0,212.42,0.0,0.0,240.0,240.0,0,20.39,12.6,16.26,12.6,5.5,152.94
12750.0,212.5,0.0,0.0,240.0,240.0,0,20.37,12.61,16.24,12.58,5.47,152.05
12755.0,212.58,0.0,0.0,240.0,240.0,0,20.35,12.63,16.23,12.55,5.45,151.17
12760.0,212.67,0.0,0.0,240.0,240.0,0,20.33,12.64,16.21,12.52,5.42,150.29
12765.0,212.75,0.0,0.0,240.0,240.0,0,20.31,12.65,16.2,12.49,5.4,149.42
12770.0,212.83,0.0,0.0,240.0,240.0,0,20.29,12.67,16.18,12.47,5.38,148.56
12775.0,212.92,0.0,0.0,240.0,240.0,0,20.27,12.68,16.17,12.44,5.35,147.71
12780.0,213.0,0.0,0.0,240.0,240.0,0,20.25,12.7,16.15,12.41,5.33,146.86
12785.0,213.08,0.0,0.0,240.0,240.0,1,20.23,12.71,16.13,12.38,5.3,146.02
12790.0,213.17,0.0,0.0,240.0,240.0,1,20.2,12.72,16.11,12.35,5.28,145.18
12795.0,213.25,0.0,0.0,240.0,240.0,1,20.18,12.73,16.1,12.33,5.25,144.36
12800.0,213.33,0.0,0.0,240.0,240.0,1,20.16,12.75,16.08,12.3,5.23,143.53
12805.0,213.42,0.0,0.0,240.0,240.0,1,20.14,12.76,16.06,12.27,5.2,142.72
12810.0,213.5,0.0,0.0,240.0,240.0,1,20.11,12.77,16.04,12.24,5.18,141.91
12815.0,213.58,0.0,0.0,240.0,240.0,1,20.09,12.79,16.02,12.21,5.15,141.11
12820.0,213.67,0.0,0.0,240.0,240.0,1,20.07,12.8,16.01,12.18,5.13,140.31
12825.0,213.75,0.0,0.0,240.0,240.0,1,20.04,12.81,15.99,12.15,5.1,139.52
12830.0,213.83,0.0,0.0,240.0,240.0,1,20.02,12.82,15.97,12.12,5.08,138.74
12835.0,213.92,0.0,0.0,240.0,240.0,1,19.99,12.84,15.95,12.09,5.05,137.96
12840.0,214.0,0.0,0.0,240.0,240.0,1,19.97,12.85,15.93,12.06,5.02,137.19
12845.0,214.08,0.0,0.0,240.0,240.0,1,19.94,12.86,15.91,12.03,5.0,136.43
12850.0,214.17,0.0,0.0,240.0,240.0,1,19.92,12.87,15.89,12.0,4.97,135.67
12855.0,214.25,0.0,0.0,240.0,240.0,1,19.89,12.88,15.87,11.97,4.94,134.91
12860.0,214.33,0.0,0.0,240.0,240.0,1,19.87,12.89,15.85,11.94,4.92,134.16
12865.0,214.42,0.0,0.0,240.0,240.0,1,19.84,12.91,15.83,11.91,4.89,133.42
12870.0,214.5,0.0,0.0,240.0,240.0,1,19.82,12.92,15.8,11.88,4.86,132.68
12875.0,214.58,0.0,0.0,240.0,240.0,1,19.79,12.93,15.78,11.85,4.83,131.95
12880.0,214.67,0.0,0.0,240.0,240.0,1,19.76,12.94,15.76,11.82,4.81,131.22
12885.0,214.75,0.0,0.0,240.0,240.0,1,19.74,12.95,15.74,11.78,4.78,130.5
12890.0,214.83,0.0,0.0,240.0,240.0,1,19.71,12.96,15.72,11.75,4.75,129.79
12895.0,214.92,0.0,0.0,240.0,240.0,1,19.68,12.97,15.69,11.72,4.72,129.08
12900.0,215.0,0.0,0.0,240.0,240.0,1,19.66,12.98,15.67,11.69,4.7,128.37
12905.0,215.08,0.0,0.0,240.0,240.0,1,19.63,12.99,15.65,11.66,4.67,127.67
12910.0,215.17,0.0,0.0,240.0,240.0,1,19.6,13.01,15.63,11.63,4.64,126.97
12915.0,215.25,0.0,0.0,240.0,240.0,1,19.58,13.02,15.6,11.59,4.61,126.28
12920.0,215.33,0.0,0.0,240.0,240.0,1,19.55,13.03,15.58,11.56,4.58,125.6
12925.0,215.42,0.0,0.0,240.0,240.0,1,19.52,13.04,15.55,11.53,4.55,124.92
12930.0,215.5,0.0,0.0,240.0,240.0,1,19.49,13.05,15.53,11.5,4.53,124.24
12935.0,215.58,0.0,0.0,240.0,240.0,1,19.46,13.06,15.51,11.46,4.5,123.57
12940.0,215.67,0.0,0.0,240.0,240.0,1,19.44,13.07,15.48,11.43,4.47,122.91
12945.0,215.75,0.0,0.0,240.0,240.0,1,19.41,13.08,15.46,11.4,4.44,122.24
12950.0,215.83,0.0,0.0,240.0,240.0,1,19.38,13.09,15.43,11.37,4.41,121.59
12955.0,215.92,0.0,0.0,240.0,240.0,1,19.35,13.1,15.41,11.33,4.38,120.94
12960.0,216.0,0.0,0.0,240.0,240.0,1,19.32,13.11,15.38,11.3,4.35,120.29
12965.0,216.08,0.0,0.0,240.0,240.0,1,19.29,13.12,15.36,11.27,4.32,119.65
12970.0,216.17,0.0,0.0,240.0,240.0,1,19.26,13.12,15.33,11.24,4.29,119.01
12975.0,216.25,0.0,0.0,240.0,240.0,1,19.23,13.13,15.31,11.2,4.26,118.37
12980.0,216.33,0.0,0.0,240.0,240.0,1,19.2,13.14,15.28,11.17,4.23,117.74
12985.0,216.42,0.0,0.0,240.0,240.0,1,19.17,13.15,15.25,11.14,4.2,117.12
12990.0,216.5,0.0,0.0,240.0,240.0,1,19.14,13.16,15.23,11.1,4.17,116.5
12995.0,216.58,0.0,0.0,240.0,240.0,1,19.11,13.17,15.2,11.07,4.14,115.88
13000.0,216.67,0.0,0.0,240.0,240.0,1,19.08,13.18,15.17,11.03,4.11,115.27
13005.0,216.75,0.0,0.0,240.0,240.0,1,19.05,13.19,15.15,11.0,4.08,114.66
13010.0,216.83,0.0,0.0,240.0,240.0,1,19.02,13.2,15.12,10.97,4.05,114.05
13015.0,216.92,0.0,0.0,240.0,240.0,1,18.99,13.2,15.09,10.93,4.02,113.45
13020.0,217.0,0.0,0.0,240.0,240.0,1,18.96,13.21,15.07,10.9,3.99,112.86
13025.0,217.08,0.0,0.0,240.0,240.0,1,18.93,13.22,15.04,10.86,3.96,112.26
13030.0,217.17,0.0,0.0,240.0,240.0,1,18.9,13.23,15.01,10.83,3.93,111.67
13035.0,217.25,0.0,0.0,240.0,240.0,1,18.87,13.24,14.98,10.8,3.9,111.09
13040.0,217.33,0.0,0.0,240.0,240.0,1,18.84,13.24,14.96,10.76,3.87,110.51
13045.0,217.42,0.0,0.0,240.0,240.0,1,18.81,13.25,14.93,10.73,3.84,109.93
13050.0,217.5,0.0,0.0,240.0,240.0,1,18.77,13.26,14.9,10.69,3.81,109.36
13055.0,217.58,0.0,0.0,240.0,240.0,1,18.74,13.27,14.87,10.66,3.78,108.79
13060.0,217.67,0.0,0.0,240.0,240.0,1,18.71,13.27,14.84,10.62,3.75,108.22
13065.0,217.75,0.0,0.0,240.0,240.0,1,18.68,13.28,14.81,10.59,3.72,107.66
13070.0,217.83,0.0,0.0,240.0,240.0,1,18.65,13.29,14.78,10.55,3.69,107.1
13075.0,217.92,0.0,0.0,240.0,240.0,1,18.62,13.3,14.76,10.52,3.65,106.55
13080.0,218.0,0.0,0.0,240.0,240.0,1,18.58,13.3,14.73,10.48,3.62,106.0
13085.0,218.08,0.0,0.0,240.0,240.0,1,18.55,13.31,14.7,10.45,3.59,105.45
13090.0,218.17,0.0,0.0,240.0,240.0,1,18.52,13.32,14.67,10.41,3.56,104.91
13095.0,218.25,0.0,0.0,240.0,240.0,1,18.49,13.32,14.64,10.38,3.53,104.37
13100.0,218.33,0.0,0.0,240.0,240.0,1,18.45,13.33,14.61,10.34,3.5,103.83
13105.0,218.42,0.0,0.0,240.0,240.0,1,18.42,13.34,14.58,10.31,3.47,103.29
13110.0,218.5,0.0,0.0,240.0,240.0,1,18.39,13.34,14.55,10.27,3.43,102.76
13115.0,218.58,0.0,0.0,240.0,240.0,1,18.36,13.35,14.52,10.24,3.4,102.24
13120.0,218.67,0.0,0.0,240.0,240.0,1,18.32,13.35,14.49,10.2,3.37,101.71
13125.0,218.75,0.0,0.0,240.0,240.0,1,18.29,13.36,14.46,10.17,3.34,101.19
13130.0,218.83,0.0,0.0,240.0,240.0,1,18.26,13.37,14.43,10.13,3.31,100.68
13135.0,218.92,0.0,0.0,240.0,240.0,1,18.22,13.37,14.4,10.1,3.27,100.16
13140.0,219.0,0.0,0.0,240.0,240.0,1,18.19,13.38,14.37,10.06,3.24,99.65
13145.0,219.08,0.0,0.0,240.0,240.0,1,18.16,13.38,14.34,10.02,3.21,99.14
13150.0,219.17,0.0,0.0,240.0,240.0,1,18.12,13.39,14.3,9.99,3.18,98.64
13155.0,219.25,0.0,0.0,240.0,240.0,1,18.09,13.39,14.27,9.95,3.15,98.14
13160.0,219.33,0.0,0.0,240.0,240.0,1,18.06,13.4,14.24,9.92,3.11,97.64
13165.0,219.42,0.0,0.0,240.0,240.0,1,18.02,13.41,14.21,9.88,3.08,97.15
13170.0,219.5,0.0,0.0,240.0,240.0,1,17.99,13.41,14.18,9.84,3.05,96.65
13175.0,219.58,0.0,0.0,240.0,240.0,1,17.95,13.42,14.15,9.81,3.02,96.16
13180.0,219.67,0.0,0.0,240.0,240.0,1,17.92,13.42,14.12,9.77,2.98,95.68
13185.0,219.75,0.0,0.0,240.0,240.0,1,17.89,13.43,14.08,9.74,2.95,95.2
13190.0,219.83,0.0,0.0,240.0,240.0,1,17.85,13.43,14.05,9.7,2.92,94.72
13195.0,219.92,0.0,0.0,240.0,240.0,1,17.82,13.43,14.02,9.66,2.89,94.24
13200.0,220.0,0.0,0.0,240.0,240.0,1,17.78,13.44,13.99,9.63,2.85,93.76
13205.0,220.08,0.0,0.0,240.0,240.0,1,17.75,13.44,13.96,9.59,2.82,93.29
13210.0,220.17,0.0,0.0,240.0,240.0,1,17.71,13.45,13.92,9.55,2.79,92.82
13215.0,220.25,0.0,0.0,240.0,240.0,1,17.68,13.45,13.89,9.52,2.76,92.36
13220.0,220.33,0.0,0.0,240.0,240.0,1,17.65,13.46,13.86,9.48,2.72,91.9
13225.0,220.42,0.0,0.0,240.0,240.0,1,17.61,13.46,13.83,9.45,2.69,91.43
13230.0,220.5,0.0,0.0,240.0,240.0,1,17.58,13.46,13.79,9.41,2.66,90.98
13235.0,220.58,0.0,0.0,240.0,240.0,1,17.54,13.47,13.76,9.37,2.62,90.52
13240.0,220.67,0.0,0.0,240.0,240.0,1,17.51,13.47,13.73,9.34,2.59,90.07
13245.0,220.75,0.0,0.0,240.0,240.0,1,17.47,13.47,13.7,9.3,2.56,89.62
13250.0,220.83,0.0,0.0,240.0,240.0,1,17.44,13.48,13.66,9.26,2.52,89.17
13255.0,220.92,0.0,0.0,240.0,240.0,1,17.4,13.48,13.63,9.23,2.49,88.73
13260.0,221.0,0.0,0.0,240.0,240.0,1,17.37,13.48,13.6,9.19,2.46,88.29
13265.0,221.08,0.0,0.0,240.0,240.0,1,17.33,13.49,13.56,9.15,2.43,87.85
13270.0,221.17,0.0,0.0,240.0,240.0,1,17.3,13.49,13.53,9.12,2.39,87.41
13275.0,221.25,0.0,0.0,240.0,240.0,1,17.26,13.49,13.5,9.08,2.36,86.98
13280.0,221.33,0.0,0.0,240.0,240.0,1,17.23,13.5,13.46,9.04,2.33,86.55
13285.0,221.42,0.0,0.0,240.0,240.0,1,17.19,13.5,13.43,9.0,2.29,86.12
13290.0,221.5,0.0,0.0,240.0,240.0,1,17.15,13.5,13.4,8.97,2.26,85.69
13295.0,221.58,0.0,0.0,240.0,240.0,1,17.12,13.5,13.36,8.93,2.23,85.27
13300.0,221.67,0.0,0.0,240.0,240.0,1,17.08,13.51,13.33,8.89,2.19,84.85
13305.0,221.75,0.0,0.0,240.0,240.0,1,17.05,13.51,13.29,8.86,2.16,84.43
13310.0,221.83,0.0,0.0,240.0,240.0,1,17.01,13.51,13.26,8.82,2.12,84.01
13315.0,221.92,0.0,0.0,240.0,240.0,1,16.98,13.51,13.23,8.78,2.09,83.6
13320.0,222.0,0.0,0.0,240.0,240.0,1,16.94,13.52,13.19,8.74,2.06,83.18
13325.0,222.08,0.0,0.0,240.0,240.0,1,16.9,13.52,13.16,8.71,2.02,82.77
13330.0,222.17,0.0,0.0,240.0,240.0,1,16.87,13.52,13.12,8.67,1.99,82.37
13335.0,222.25,0.0,0.0,240.0,240.0,1,16.83,13.52,13.09,8.63,1.96,81.96
13340.0,222.33,0.0,0.0,240.0,240.0,1,16.8,13.52,13.05,8.6,1.92,81.56
13345.0,222.42,0.0,0.0,240.0,240.0,1,16.76,13.53,13.02,8.56,1.89,81.16
13350.0,222.5,0.0,0.0,240.0,240.0,1,16.72,13.53,12.99,8.52,1.86,80.76
13355.0,222.58,0.0,0.0,240.0,240.0,1,16.69,13.53,12.95,8.48,1.82,80.36
13360.0,222.67,0.0,0.0,240.0,240.0,1,16.65,13.53,12.92,8.45,1.79,79.97
13365.0,222.75,0.0,0.0,240.0,240.0,1,16.62,13.53,12.88,8.41,1.75,79.58
13370.0,222.83,0.0,0.0,240.0,240.0,1,16.58,13.53,12.85,8.37,1.72,79.19
13375.0,222.92,0.0,0.0,240.0,240.0,1,16.54,13.53,12.81,8.33,1.69,78.8
13380.0,223.0,0.0,0.0,240.0,240.0,1,16.51,13.53,12.78,8.3,1.65,78.42
13385.0,223.08,0.0,0.0,240.0,240.0,1,16.47,13.53,12.74,8.26,1.62,78.03
13390.0,223.17,0.0,0.0,240.0,240.0,1,16.43,13.54,12.71,8.22,1.58,77.65
13395.0,223.25,0.0,0.0,240.0,240.0,1,16.4,13.54,12.67,8.18,1.55,77.28
13400.0,223.33,0.0,0.0,240.0,240.0,1,16.36,13.54,12.64,8.15,1.52,76.9
13405.0,223.42,0.0,0.0,240.0,240.0,1,16.32,13.54,12.6,8.11,1.48,76.52
13410.0,223.5,0.0,0.0,240.0,240.0,1,16.29,13.54,12.57,8.07,1.45,76.15
13415.0,223.58,0.0,0.0,240.0,240.0,1,16.25,13.54,12.53,8.03,1.41,75.78
13420.0,223.67,0.0,0.0,240.0,240.0,1,16.21,13.54,12.5,8.0,1.38,75.41
13425.0,223.75,0.0,0.0,240.0,240.0,1,16.18,13.54,12.46,7.96,1.35,75.05
13430.0,223.83,0.0,0.0,240.0,240.0,1,16.14,13.54,12.42,7.92,1.31,74.68
13435.0,223.92,0.0,0.0,240.0,240.0,1,16.1,13.54,12.39,7.88,1.28,74.32
13440.0,224.0,0.0,0.0,240.0,240.0,1,16.07,13.54,12.35,7.85,1.24,73.96
13445.0,224.08,0.0,0.0,240.0,240.0,1,16.03,13.54,12.32,7.81,1.21,73.6
13450.0,224.17,0.0,0.0,240.0,240.0,1,15.99,13.54,12.28,7.77,1.18,73.24
13455.0,224.25,0.0,0.0,240.0,240.0,1,15.96,13.54,12.25,7.73,1.14,72.89
13460.0,224.33,0.0,0.0,240.0,240.0,1,15.92,13.54,12.21,7.7,1.11,72.53
13465.0,224.42,0.0,0.0,240.0,240.0,1,15.88,13.53,12.17,7.66,1.07,72.18
13470.0,224.5,0.0,0.0,240.0,240.0,1,15.85,13.53,12.14,7.62,1.04,71.83
13475.0,224.58,0.0,0.0,240.0,240.0,1,15.81,13.53,12.1,7.58,1.0,71.49
13480.0,224.67,0.0,0.0,240.0,240.0,1,15.77,13.53,12.07,7.55,0.97,71.14
13485.0,224.75,0.0,0.0,240.0,240.0,1,15.74,13.53,12.03,7.51,0.94,70.8
13490.0,224.83,0.0,0.0,240.0,240.0,1,15.7,13.53,11.99,7.47,0.9,70.46
13495.0,224.92,0.0,0.0,240.0,240.0,1,15.66,13.53,11.96,7.43,0.87,70.12
13500.0,225.0,0.0,0.0,240.0,240.0,1,15.62,13.53,11.92,7.39,0.83,69.78
13505.0,225.08,0.0,0.0,240.0,240.0,1,15.59,13.53,11.89,7.36,0.8,69.44
13510.0,225.17,0.0,0.0,240.0,240.0,1,15.55,13.52,11.85,7.32,0.76,69.11
13515.0,225.25,0.0,0.0,240.0,240.0,1,15.51,13.52,11.81,7.28,0.73,68.77
13520.0,225.33,0.0,0.0,240.0,240.0,1,15.48,13.52,11.78,7.24,0.7,68.44
13525.0,225.42,0.0,0.0,240.0,240.0,1,15.44,13.52,11.74,7.21,0.66,68.11
13530.0,225.5,0.0,0.0,240.0,240.0,1,15.4,13.52,11.71,7.17,0.63,67.79
13535.0,225.58,0.0,0.0,240.0,240.0,1,15.36,13.52,11.67,7.13,0.59,67.46
13540.0,225.67,0.0,0.0,240.0,240.0,1,15.33,13.51,11.63,7.09,0.56,67.14
13545.0,225.75,0.0,0.0,240.0,240.0,1,15.29,13.51,11.6,7.05,0.52,66.81
13550.0,225.83,0.0,0.0,240.0,240.0,1,15.25,13.51,11.56,7.02,0.49,66.49
13555.0,225.92,0.0,0.0,240.0,240.0,1,15.22,13.51,11.52,6.98,0.46,66.17
13560.0,226.0,0.0,0.0,240.0,240.0,1,15.18,13.5,11.49,6.94,0.42,65.85
13565.0,226.08,0.0,0.0,240.0,240.0,1,15.14,13.5,11.45,6.9,0.39,65.54
13570.0,226.17,0.0,0.0,240.0,240.0,1,15.1,13.5,11.41,6.87,0.35,65.22
13575.0,226.25,0.0,0.0,240.0,240.0,1,15.07,13.5,11.38,6.83,0.32,64.91
13580.0,226.33,0.0,0.0,240.0,240.0,1,15.03,13.49,11.34,6.79,0.28,64.6
13585.0,226.42,0.0,0.0,240.0,240.0,1,14.99,13.49,11.3,6.75,0.25,64.29
13590.0,226.5,0.0,0.0,240.0,240.0,1,14.95,13.49,11.27,6.71,0.21,63.98
13595.0,226.58,0.0,0.0,240.0,240.0,1,14.92,13.49,11.23,6.68,0.18,63.68
13600.0,226.67,0.0,0.0,240.0,240.0,1,14.88,13.48,11.19,6.64,0.15,63.37
13605.0,226.75,0.0,0.0,240.0,240.0,1,14.84,13.48,11.16,6.6,0.11,63.07
13610.0,226.83,0.0,0.0,240.0,240.0,1,14.8,13.48,11.12,6.56,0.08,62.77
13615.0,226.92,0.0,0.0,240.0,240.0,1,14.77,13.47,11.08,6.52,0.04,62.46
13620.0,227.0,0.0,0.0,240.0,240.0,1,14.73,13.47,11.05,6.49,0.01,62.17
13625.0,227.08,0.0,0.0,240.0,240.0,1,14.69,13.47,11.01,6.45,-0.03,61.87
13630.0,227.17,0.0,0.0,240.0,240.0,1,14.65,13.46,10.97,6.41,-0.06,61.57
13635.0,227.25,0.0,0.0,240.0,240.0,1,14.62,13.46,10.94,6.37,-0.09,61.28
13640.0,227.33,0.0,0.0,240.0,240.0,1,14.58,13.45,10.9,6.34,-0.13,60.99
13645.0,227.42,0.0,0.0,240.0,240.0,1,14.54,13.45,10.86,6.3,-0.16,60.69
13650.0,227.5,0.0,0.0,240.0,240.0,1,14.5,13.45,10.83,6.26,-0.2,60.4
13655.0,227.58,0.0,0.0,240.0,240.0,1,14.47,13.44,10.79,6.22,-0.23,60.12
13660.0,227.67,0.0,0.0,240.0,240.0,1,14.43,13.44,10.75,6.18,-0.27,59.83
13665.0,227.75,0.0,0.0,240.0,240.0,1,14.39,13.43,10.71,6.15,-0.3,59.54
13670.0,227.83,0.0,0.0,240.0,240.0,1,14.35,13.43,10.68,6.11,-0.34,59.26
13675.0,227.92,0.0,0.0,240.0,240.0,1,14.32,13.43,10.64,6.07,-0.37,58.97
13680.0,228.0,0.0,0.0,240.0,240.0,1,14.28,13.42,10.6,6.03,-0.4,58.69
13685.0,228.08,0.0,0.0,240.0,240.0,1,14.24,13.42,10.57,6.0,-0.44,58.41
13690.0,228.17,0.0,0.0,240.0,240.0,1,14.2,13.41,10.53,5.96,-0.47,58.13
13695.0,228.25,0.0,0.0,240.0,240.0,1,14.17,13.41,10.49,5.92,-0.51,57.86
13700.0,228.33,0.0,0.0,240.0,240.0,1,14.13,13.4,10.46,5.88,-0.54,57.58
13705.0,228.42,0.0,0.0,240.0,240.0,1,14.09,13.4,10.42,5.85,-0.58,57.31
13710.0,228.5,0.0,0.0,240.0,240.0,1,14.05,13.39,10.38,5.81,-0.61,57.03
13715.0,228.58,0.0,0.0,240.0,240.0,1,14.02,13.39,10.34,5.77,-0.65,56.76
13720.0,228.67,0.0,0.0,240.0,240.0,1,13.98,13.38,10.31,5.73,-0.68,56.49
13725.0,228.75,0.0,0.0,240.0,240.0,1,13.94,13.38,10.27,5.69,-0.71,56.22
13730.0,228.83,0.0,0.0,240.0,240.0,1,13.9,13.37,10.23,5.66,-0.75,55.95
13735.0,228.92,0.0,0.0,240.0,240.0,1,13.87,13.37,10.2,5.62,-0.78,55.69
13740.0,229.0,0.0,0.0,240.0,240.0,1,13.83,13.36,10.16,5.58,-0.82,55.42
13745.0,229.08,0.0,0.0,240.0,240.0,1,13.79,13.36,10.12,5.54,-0.85,55.16
13750.0,229.17,0.0,0.0,240.0,240.0,1,13.75,13.35,10.08,5.51,-0.89,54.89
13755.0,229.25,0.0,0.0,240.0,240.0,1,13.72,13.34,10.05,5.47,-0.92,54.63
13760.0,229.33,0.0,0.0,240.0,240.0,1,13.68,13.34,10.01,5.43,-0.95,54.37
13765.0,229.42,0.0,0.0,240.0,240.0,1,13.64,13.33,9.97,5.39,-0.99,54.11
13770.0,229.5,0.0,0.0,240.0,240.0,1,13.6,13.33,9.93,5.36,-1.02,53.85
13775.0,229.58,0.0,0.0,240.0,240.0,1,13.57,13.32,9.9,5.32,-1.06,53.6
13780.0,229.67,0.0,0.0,240.0,240.0,1,13.53,13.31,9.86,5.28,-1.09,53.34
13785.0,229.75,0.0,0.0,240.0,240.0,1,13.49,13.31,9.82,5.24,-1.13,53.09
13790.0,229.83,0.0,0.0,240.0,240.0,1,13.45,13.3,9.79,5.21,-1.16,52.83
13795.0,229.92,0.0,0.0,240.0,240.0,1,13.42,13.3,9.75,5.17,-1.19,52.58
13800.0,230.0,0.0,0.0,240.0,240.0,1,13.38,13.29,9.71,5.13,-1.23,52.33
13805.0,230.08,0.0,0.0,240.0,240.0,1,13.34,13.28,9.67,5.09,-1.26,52.08
13810.0,230.17,0.0,0.0,240.0,240.0,1,13.3,13.28,9.64,5.06,-1.3,51.83
13815.0,230.25,0.0,0.0,240.0,240.0,1,13.27,13.27,9.6,5.02,-1.33,51.59
13820.0,230.33,0.0,0.0,240.0,240.0,1,13.23,13.26,9.56,4.98,-1.37,51.34
13825.0,230.42,0.0,0.0,240.0,240.0,1,13.19,13.26,9.53,4.94,-1.4,51.1
13830.0,230.5,0.0,0.0,240.0,240.0,1,13.15,13.25,9.49,4.91,-1.43,50.85
13835.0,230.58,0.0,0.0,240.0,240.0,1,13.12,13.24,9.45,4.87,-1.47,50.61
13840.0,230.67,0.0,0.0,240.0,240.0,1,13.08,13.24,9.41,4.83,-1.5,50.37
13845.0,230.75,0.0,0.0,240.0,240.0,1,13.04,13.23,9.38,4.79,-1.54,50.13
13850.0,230.83,0.0,0.0,240.0,240.0,1,13.0,13.22,9.34,4.76,-1.57,49.89
13855.0,230.92,0.0,0.0,240.0,240.0,1,12.97,13.21,9.3,4.72,-1.6,49.65
13860.0,231.0,0.0,0.0,240.0,240.0,1,12.93,13.21,9.26,4.68,-1.64,49.41
13865.0,231.08,0.0,0.0,240.0,240.0,1,12.89,13.2,9.23,4.64,-1.67,49.18
13870.0,231.17,0.0,0.0,240.0,240.0,1,12.85,13.19,9.19,4.61,-1.71,48.94
13875.0,231.25,0.0,0.0,240.0,240.0,1,12.82,13.18,9.15,4.57,-1.74,48.71
13880.0,231.33,0.0,0.0,240.0,240.0,1,12.78,13.18,9.12,4.53,-1.78,48.48
13885.0,231.42,0.0,0.0,240.0,240.0,1,12.74,13.17,9.08,4.5,-1.81,48.24
13890.0,231.5,0.0,0.0,240.0,240.0,1,12.7,13.16,9.04,4.46,-1.84,48.01
13895.0,231.58,0.0,0.0,240.0,240.0,1,12.67,13.15,9.0,4.42,-1.88,47.78
13900.0,231.67,0.0,0.0,240.0,240.0,1,12.63,13.15,8.97,4.38,-1.91,47.56
13905.0,231.75,0.0,0.0,240.0,240.0,1,12.59,13.14,8.93,4.35,-1.94,47.33
13910.0,231.83,0.0,0.0,240.0,240.0,1,12.55,13.13,8.89,4.31,-1.98,47.1
13915.0,231.92,0.0,0.0,240.0,240.0,1,12.52,13.12,8.86,4.27,-2.01,46.88
13920.0,232.0,0.0,0.0,240.0,240.0,1,12.48,13.11,8.82,4.24,-2.05,46.65
13925.0,232.08,0.0,0.0,240.0,240.0,1,12.44,13.11,8.78,4.2,-2.08,46.43
13930.0,232.17,0.0,0.0,240.0,240.0,1,12.4,13.1,8.74,4.16,-2.11,46.21
13935.0,232.25,0.0,0.0,240.0,240.0,1,12.37,13.09,8.71,4.12,-2.15,45.99
13940.0,232.33,0.0,0.0,240.0,240.0,1,12.33,13.08,8.67,4.09,-2.18,45.77
13945.0,232.42,0.0,0.0,240.0,240.0,1,12.29,13.07,8.63,4.05,-2.22,45.55
13950.0,232.5,0.0,0.0,240.0,240.0,1,12.26,13.06,8.59,4.01,-2.25,45.33
13955.0,232.58,0.0,0.0,240.0,240.0,1,12.22,13.05,8.56,3.98,-2.28,45.11
13960.0,232.67,0.0,0.0,240.0,240.0,1,12.18,13.05,8.52,3.94,-2.32,44.9
13965.0,232.75,0.0,0.0,240.0,240.0,1,12.14,13.04,8.48,3.9,-2.35,44.68
13970.0,232.83,0.0,0.0,240.0,240.0,1,12.11,13.03,8.45,3.87,-2.39,44.47
13975.0,232.92,0.0,0.0,240.0,240.0,1,12.07,13.02,8.41,3.83,-2.42,44.25
13980.0,233.0,0.0,0.0,240.0,240.0,1,12.03,13.01,8.37,3.79,-2.45,44.04
13985.0,233.08,0.0,0.0,240.0,240.0,1,12.0,13.0,8.33,3.75,-2.49,43.83
13990.0,233.17,0.0,0.0,240.0,240.0,1,11.96,12.99,8.3,3.72,-2.52,43.62
13995.0,233.25,0.0,0.0,240.0,240.0,1,11.92,12.98,8.26,3.68,-2.55,43.41
14000.0,233.33,0.0,0.0,240.0,240.0,1,11.88,12.97,8.22,3.64,-2.59,43.2
14005.0,233.42,0.0,0.0,240.0,240.0,1,11.85,12.96,8.19,3.61,-2.62,42.99
14010.0,233.5,0.0,0.0,240.0,240.0,1,11.81,12.95,8.15,3.57,-2.65,42.79
14015.0,233.58,0.0,0.0,240.0,240.0,1,11.77,12.95,8.11,3.53,-2.69,42.58
14020.0,233.67,0.0,0.0,240.0,240.0,1,11.74,12.94,8.08,3.5,-2.72,42.37
14025.0,233.75,0.0,0.0,240.0,240.0,1,11.7,12.93,8.04,3.46,-2.76,42.17
14030.0,233.83,0.0,0.0,240.0,240.0,1,11.66,12.92,8.0,3.42,-2.79,41.97
14035.0,233.92,0.0,0.0,240.0,240.0,1,11.63,12.91,7.96,3.39,-2.82,41.76
14040.0,234.0,0.0,0.0,240.0,240.0,1,11.59,12.9,7.93,3.35,-2.86,41.56
14045.0,234.08,0.0,0.0,240.0,240.0,1,11.55,12.89,7.89,3.31,-2.89,41.36
14050.0,234.17,0.0,0.0,240.0,240.0,1,11.51,12.88,7.85,3.28,-2.92,41.16
14055.0,234.25,0.0,0.0,240.0,240.0,1,11.48,12.87,7.82,3.24,-2.96,40.96
14060.0,234.33,0.0,0.0,240.0,240.0,1,11.44,12.86,7.78,3.2,-2.99,40.77
14065.0,234.42,0.0,0.0,240.0,240.0,1,11.4,12.85,7.74,3.17,-3.02,40.57
14070.0,234.5,0.0,0.0,240.0,240.0,1,11.37,12.84,7.71,3.13,-3.06,40.37
14075.0,234.58,0.0,0.0,240.0,240.0,1,11.33,12.83,7.67,3.09,-3.09,40.18
14080.0,234.67,0.0,0.0,240.0,240.0,1,11.29,12.82,7.63,3.06,-3.12,39.98
14085.0,234.75,0.0,0.0,240.0,240.0,1,11.26,12.81,7.6,3.02,-3.16,39.79
14090.0,234.83,0.0,0.0,240.0,240.0,1,11.22,12.8,7.56,2.99,-3.19,39.6
14095.0,234.92,0.0,0.0,240.0,240.0,1,11.18,12.78,7.52,2.95,-3.22,39.41
14100.0,235.0,0.0,0.0,240.0,240.0,1,11.15,12.77,7.48,2.91,-3.26,39.21
14105.0,235.08,0.0,0.0,240.0,240.0,1,11.11,12.76,7.45,2.88,-3.29,39.02
14110.0,235.17,0.0,0.0,240.0,240.0,1,11.07,12.75,7.41,2.84,-3.32,38.83
14115.0,235.25,0.0,0.0,240.0,240.0,1,11.04,12.74,7.37,2.8,-3.36,38.65
14120.0,235.33,0.0,0.0,240.0,240.0,1,11.0,12.73,7.34,2.77,-3.39,38.46
14125.0,235.42,0.0,0.0,240.0,240.0,1,10.96,12.72,7.3,2.73,-3.42,38.27
14130.0,235.5,0.0,0.0,240.0,240.0,1,10.93,12.71,7.26,2.7,-3.46,38.09
14135.0,235.58,0.0,0.0,240.0,240.0,1,10.89,12.7,7.23,2.66,-3.49,37.9
14140.0,235.67,0.0,0.0,240.0,240.0,1,10.85,12.69,7.19,2.62,-3.52,37.72
14145.0,235.75,0.0,0.0,240.0,240.0,1,10.82,12.68,7.15,2.59,-3.56,37.53
14150.0,235.83,0.0,0.0,240.0,240.0,1,10.78,12.66,7.12,2.55,-3.59,37.35
14155.0,235.92,0.0,0.0,240.0,240.0,1,10.74,12.65,7.08,2.51,-3.62,37.17
14160.0,236.0,0.0,0.0,240.0,240.0,1,10.71,12.64,7.04,2.48,-3.66,36.98
14165.0,236.08,0.0,0.0,240.0,240.0,1,10.67,12.63,7.01,2.44,-3.69,36.8
14170.0,236.17,0.0,0.0,240.0,240.0,1,10.63,12.62,6.97,2.41,-3.72,36.62
14175.0,236.25,0.0,0.0,240.0,240.0,1,10.6,12.61,6.93,2.37,-3.76,36.44
14180.0,236.33,0.0,0.0,240.0,240.0,1,10.56,12.6,6.9,2.33,-3.79,36.27
14185.0,236.42,0.0,0.0,240.0,240.0,1,10.52,12.58,6.86,2.3,-3.82,36.09
14190.0,236.5,0.0,0.0,240.0,240.0,1,10.49,12.57,6.82,2.26,-3.85,35.91
14195.0,236.58,0.0,0.0,240.0,240.0,1,10.45,12.56,6.79,2.23,-3.89,35.74
14200.0,236.67,0.0,0.0,240.0,240.0,1,10.42,12.55,6.75,2.19,-3.92,35.56
14205.0,236.75,0.0,0.0,240.0,240.0,1,10.38,12.54,6.72,2.16,-3.95,35.39
14210.0,236.83,0.0,0.0,240.0,240.0,1,10.34,12.52,6.68,2.12,-3.99,35.21
14215.0,236.92,0.0,0.0,240.0,240.0,1,10.31,12.51,6.64,2.08,-4.02,35.04
14220.0,237.0,0.0,0.0,240.0,240.0,1,10.27,12.5,6.61,2.05,-4.05,34.87
14225.0,237.08,0.0,0.0,240.0,240.0,1,10.23,12.49,6.57,2.01,-4.08,34.69
14230.0,237.17,0.0,0.0,240.0,240.0,1,10.2,12.48,6.53,1.98,-4.12,34.52
14235.0,237.25,0.0,0.0,240.0,240.0,1,10.16,12.46,6.5,1.94,-4.15,34.35
14240.0,237.33,0.0,0.0,240.0,240.0,1,10.13,12.45,6.46,1.91,-4.18,34.18
14245.0,237.42,0.0,0.0,240.0,240.0,1,10.09,12.44,6.42,1.87,-4.22,34.01
14250.0,237.5,0.0,0.0,240.0,240.0,1,10.05,12.43,6.39,1.83,-4.25,33.85
14255.0,237.58,0.0,0.0,240.0,240.0,1,10.02,12.41,6.35,1.8,-4.28,33.68
14260.0,237.67,0.0,0.0,240.0,240.0,1,9.98,12.4,6.32,1.76,-4.31,33.51
14265.0,237.75,0.0,0.0,240.0,240.0,1,9.95,12.39,6.28,1.73,-4.35,33.34
14270.0,237.83,0.0,0.0,240.0,240.0,1,9.91,12.38,6.24,1.69,-4.38,33.18
14275.0,237.92,0.0,0.0,240.0,240.0,1,9.87,12.36,6.21,1.66,-4.41,33.01
14280.0,238.0,0.0,0.0,240.0,240.0,1,9.84,12.35,6.17,1.62,-4.44,32.85
14285.0,238.08,0.0,0.0,240.0,240.0,1,9.8,12.34,6.13,1.59,-4.47,32.69
14290.0,238.17,0.0,0.0,240.0,240.0,1,9.77,12.33,6.1,1.55,-4.51,32.52
14295.0,238.25,0.0,0.0,240.0,240.0,1,9.73,12.31,6.06,1.52,-4.54,32.36
14300.0,238.33,0.0,0.0,240.0,240.0,1,9.69,12.3,6.03,1.48,-4.57,32.2
14305.0,238.42,0.0,0.0,240.0,240.0,1,9.66,12.29,5.99,1.44,-4.6,32.04
14310.0,238.5,0.0,0.0,240.0,240.0,1,9.62,12.27,5.95,1.41,-4.64,31.88
14315.0,238.58,0.0,0.0,240.0,240.0,1,9.59,12.26,5.92,1.37,-4.67,31.72
14320.0,238.67,0.0,0.0,240.0,240.0,1,9.55,12.25,5.88,1.34,-4.7,31.56
14325.0,238.75,0.0,0.0,240.0,240.0,1,9.52,12.23,5.85,1.3,-4.73,31.4
14330.0,238.83,0.0,0.0,240.0,240.0,1,9.48,12.22,5.81,1.27,-4.77,31.25
14335.0,238.92,0.0,0.0,240.0,240.0,1,9.44,12.21,5.77,1.23,-4.8,31.09
14340.0,239.0,0.0,0.0,240.0,240.0,1,9.41,12.19,5.74,1.2,-4.83,30.93
14345.0,239.08,0.0,0.0,240.0,240.0,1,9.37,12.18,5.7,1.16,-4.86,30.78
14350.0,239.17,0.0,0.0,240.0,240.0,1,9.34,12.17,5.67,1.13,-4.9,30.62
14355.0,239.25,0.0,0.0,240.0,240.0,1,9.3,12.15,5.63,1.09,-4.93,30.47
14360.0,239.33,0.0,0.0,240.0,240.0,1,9.27,12.14,5.6,1.06,-4.96,30.31
14365.0,239.42,0.0,0.0,240.0,240.0,1,9.23,12.13,5.56,1.02,-4.99,30.16
14370.0,239.5,0.0,0.0,240.0,240.0,1,9.2,12.11,5.52,0.99,-5.02,30.01
14375.0,239.58,0.0,0.0,240.0,240.0,1,9.16,12.1,5.49,0.95,-5.06,29.86
14380.0,239.67,0.0,0.0,240.0,240.0,1,9.12,12.08,5.45,0.92,-5.09,29.7
14385.0,239.75,0.0,0.0,240.0,240.0,1,9.09,12.07,5.42,0.88,-5.12,29.55
14390.0,239.83,0.0,0.0,240.0,240.0,1,9.05,12.06,5.38,0.85,-5.15,29.4
14395.0,239.92,0.0,0.0,240.0,240.0,1,9.02,12.04,5.35,0.81,-5.18,29.25
14400.0,240.0,0.0,0.0,240.0,240.0,1,8.98,12.03,5.31,0.78,-5.22,29.11
14405.0,240.08,0.0,0.0,240.0,240.0,1,8.95,12.01,5.27,0.75,-5.25,28.96
14410.0,240.17,0.0,0.0,240.0,240.0,1,8.91,12.0,5.24,0.71,-5.28,28.81
14415.0,240.25,0.0,0.0,240.0,240.0,1,8.88,11.99,5.2,0.68,-5.31,28.66
14420.0,240.33,0.0,0.0,240.0,240.0,1,8.84,11.97,5.17,0.64,-5.34,28.52
14425.0,240.42,0.0,0.0,240.0,240.0,1,8.81,11.96,5.13,0.61,-5.38,28.37
14430.0,240.5,0.0,0.0,240.0,240.0,1,8.77,11.94,5.1,0.57,-5.41,28.23
14435.0,240.58,0.0,0.0,240.0,240.0,1,8.74,11.93,5.06,0.54,-5.44,28.08
14440.0,240.67,0.0,0.0,240.0,240.0,1,8.7,11.91,5.03,0.5,-5.47,27.94
14445.0,240.75,0.0,0.0,240.0,240.0,1,8.67,11.9,4.99,0.47,-5.5,27.79
14450.0,240.83,0.0,0.0,240.0,240.0,1,8.63,11.89,4.96,0.43,-5.53,27.65
14455.0,240.92,0.0,0.0,240.0,240.0,1,8.6,11.87,4.92,0.4,-5.57,27.51
14460.0,241.0,0.0,0.0,240.0,240.0,1,8.56,11.86,4.88,0.37,-5.6,27.37
14465.0,241.08,0.0,0.0,240.0,240.0,1,8.53,11.84,4.85,0.33,-5.63,27.22
14470.0,241.17,0.0,0.0,240.0,240.0,1,8.49,11.83,4.81,0.3,-5.66,27.08
14475.0,241.25,0.0,0.0,240.0,240.0,1,8.46,11.81,4.78,0.26,-5.69,26.94
14480.0,241.33,0.0,0.0,240.0,240.0,1,8.42,11.8,4.74,0.23,-5.72,26.8
14485.0,241.42,0.0,0.0,240.0,240.0,1,8.39,11.78,4.71,0.19,-5.76,26.66
14490.0,241.5,0.0,0.0,240.0,240.0,1,8.35,11.77,4.67,0.16,-5.79,26.53
14495.0,241.58,0.0,0.0,240.0,240.0,1,8.32,11.75,4.64,0.13,-5.82,26.39
14500.0,241.67,0.0,0.0,240.0,240.0,1,8.28,11.74,4.6,0.09,-5.85,26.25
14505.0,241.75,0.0,0.0,240.0,240.0,1,8.25,11.72,4.57,0.06,-5.88,26.11
14510.0,241.83,0.0,0.0,240.0,240.0,1,8.21,11.71,4.53,0.02,-5.91,25.98
14515.0,241.92,0.0,0.0,240.0,240.0,1,8.18,11.69,4.5,-0.01,-5.94,25.84
14520.0,242.0,0.0,0.0,240.0,240.0,1,8.14,11.68,4.46,-0.04,-5.98,25.7
14525.0,242.08,0.0,0.0,240.0,240.0,1,8.11,11.66,4.43,-0.08,-6.01,25.57
14530.0,242.17,0.0,0.0,240.0,240.0,1,8.07,11.65,4.39,-0.11,-6.04,25.44
14535.0,242.25,0.0,0.0,240.0,240.0,1,8.04,11.63,4.36,-0.15,-6.07,25.3
14540.0,242.33,0.0,0.0,240.0,240.0,1,8.01,11.62,4.32,-0.18,-6.1,25.17
14545.0,242.42,0.0,0.0,240.0,240.0,1,7.97,11.6,4.29,-0.21,-6.13,25.04
14550.0,242.5,0.0,0.0,240.0,240.0,1,7.94,11.59,4.25,-0.25,-6.16,24.9
14555.0,242.58,0.0,0.0,240.0,240.0,1,7.9,11.57,4.22,-0.28,-6.19,24.77
14560.0,242.67,0.0,0.0,240.0,240.0,1,7.87,11.55,4.18,-0.32,-6.22,24.64
14565.0,242.75,0.0,0.0,240.0,240.0,1,7.83,11.54,4.15,-0.35,-6.26,24.51
14570.0,242.83,0.0,0.0,240.0,240.0,1,7.8,11.52,4.11,-0.38,-6.29,24.38
14575.0,242.92,0.0,0.0,240.0,240.0,1,7.76,11.51,4.08,-0.42,-6.32,24.25
14580.0,243.0,0.0,0.0,240.0,240.0,1,7.73,11.49,4.05,-0.45,-6.35,24.12
14585.0,243.08,0.0,0.0,240.0,240.0,1,7.7,11.48,4.01,-0.48,-6.38,23.99
14590.0,243.17,0.0,0.0,240.0,240.0,1,7.66,11.46,3.98,-0.52,-6.41,23.86
14595.0,243.25,0.0,0.0,240.0,240.0,1,7.63,11.44,3.94,-0.55,-6.44,23.74
14600.0,243.33,0.0,0.0,240.0,240.0,1,7.59,11.43,3.91,-0.58,-6.47,23.61
14605.0,243.42,0.0,0.0,240.0,240.0,1,7.56,11.41,3.87,-0.62,-6.5,23.48
14610.0,243.5,0.0,0.0,240.0,240.0,1,7.52,11.4,3.84,-0.65,-6.54,23.35
14615.0,243.58,0.0,0.0,240.0,240.0,1,7.49,11.38,3.8,-0.69,-6.57,23.23
14620.0,243.67,0.0,0.0,240.0,240.0,1,7.46,11.36,3.77,-0.72,-6.6,23.1
14625.0,243.75,0.0,0.0,240.0,240.0,1,7.42,11.35,3.73,-0.75,-6.63,22.98
14630.0,243.83,0.0,0.0,240.0,240.0,1,7.39,11.33,3.7,-0.79,-6.66,22.85
14635.0,243.92,0.0,0.0,240.0,240.0,1,7.35,11.32,3.67,-0.82,-6.69,22.73
14640.0,244.0,0.0,0.0,240.0,240.0,1,7.32,11.3,3.63,-0.85,-6.72,22.61
14645.0,244.08,0.0,0.0,240.0,240.0,1,7.29,11.28,3.6,-0.89,-6.75,22.48
14650.0,244.17,0.0,0.0,240.0,240.0,1,7.25,11.27,3.56,-0.92,-6.78,22.36
14655.0,244.25,0.0,0.0,240.0,240.0,1,7.22,11.25,3.53,-0.95,-6.81,22.24
14660.0,244.33,0.0,0.0,240.0,240.0,1,7.19,11.23,3.49,-0.99,-6.84,22.12
14665.0,244.42,0.0,0.0,240.0,240.0,1,7.15,11.22,3.46,-1.02,-6.87,22.0
14670.0,244.5,0.0,0.0,240.0,240.0,1,7.12,11.2,3.43,-1.05,-6.9,21.88
14675.0,244.58,0.0,0.0,240.0,240.0,1,7.08,11.18,3.39,-1.08,-6.93,21.76
14680.0,244.67,0.0,0.0,240.0,240.0,1,7.05,11.17,3.36,-1.12,-6.96,21.64
14685.0,244.75,0.0,0.0,240.0,240.0,1,7.02,11.15,3.32,-1.15,-6.99,21.52
14690.0,244.83,0.0,0.0,240.0,240.0,1,6.98,11.13,3.29,-1.18,-7.02,21.4
14695.0,244.92,0.0,0.0,240.0,240.0,1,6.95,11.12,3.26,-1.22,-7.05,21.28
14700.0,245.0,0.0,0.0,240.0,240.0,1,6.92,11.1,3.22,-1.25,-7.09,21.16
14705.0,245.08,0.0,0.0,240.0,240.0,1,6.88,11.08,3.19,-1.28,-7.12,21.04
14710.0,245.17,0.0,0.0,240.0,240.0,1,6.85,11.07,3.15,-1.32,-7.15,20.93
14715.0,245.25,0.0,0.0,240.0,240.0,1,6.82,11.05,3.12,-1.35,-7.18,20.81
14720.0,245.33,0.0,0.0,240.0,240.0,1,6.78,11.03,3.09,-1.38,-7.21,20.69
14725.0,245.42,0.0,0.0,240.0,240.0,1,6.75,11.02,3.05,-1.41,-7.24,20.58
14730.0,245.5,0.0,0.0,240.0,240.0,1,6.71,11.0,3.02,-1.45,-7.27,20.46
14735.0,245.58,0.0,0.0,240.0,240.0,1,6.68,10.98,2.98,-1.48,-7.3,20.35
14740.0,245.67,0.0,0.0,240.0,240.0,1,6.65,10.97,2.95,-1.51,-7.33,20.23
14745.0,245.75,0.0,0.0,240.0,240.0,1,6.61,10.95,2.92,-1.54,-7.36,20.12
14750.0,245.83,0.0,0.0,240.0,240.0,1,6.58,10.93,2.88,-1.58,-7.39,20.0
14755.0,245.92,0.0,0.0,240.0,240.0,1,6.55,10.91,2.85,-1.61,-7.42,19.89
14760.0,246.0,0.0,0.0,240.0,240.0,1,6.51,10.9,2.82,-1.64,-7.45,19.78
14765.0,246.08,0.0,0.0,240.0,240.0,1,6.48,10.88,2.78,-1.67,-7.48,19.67
14770.0,246.17,0.0,0.0,240.0,240.0,1,6.45,10.86,2.75,-1.71,-7.51,19.55
14775.0,246.25,0.0,0.0,240.0,240.0,1,6.42,10.85,2.72,-1.74,-7.54,19.44
14780.0,246.33,0.0,0.0,240.0,240.0,1,6.38,10.83,2.68,-1.77,-7.57,19.33
14785.0,246.42,0.0,0.0,240.0,240.0,1,6.35,10.81,2.65,-1.8,-7.6,19.22
14790.0,246.5,0.0,0.0,240.0,240.0,1,6.32,10.79,2.62,-1.84,-7.63,19.11
14795.0,246.58,0.0,0.0,240.0,240.0,1,6.28,10.78,2.58,-1.87,-7.66,19.0
14800.0,246.67,0.0,0.0,240.0,240.0,1,6.25,10.76,2.55,-1.9,-7.69,18.89
14805.0,246.75,0.0,0.0,240.0,240.0,1,6.22,10.74,2.52,-1.93,-7.72,18.78
14810.0,246.83,0.0,0.0,240.0,240.0,1,6.18,10.72,2.48,-1.97,-7.75,18.67
14815.0,246.92,0.0,0.0,240.0,240.0,1,6.15,10.71,2.45,-2.0,-7.78,18.56
14820.0,247.0,0.0,0.0,240.0,240.0,1,6.12,10.69,2.42,-2.03,-7.81,18.45
14825.0,247.08,0.0,0.0,240.0,240.0,1,6.09,10.67,2.38,-2.06,-7.83,18.35
14830.0,247.17,0.0,0.0,240.0,240.0,1,6.05,10.65,2.35,-2.09,-7.86,18.24
14835.0,247.25,0.0,0.0,240.0,240.0,1,6.02,10.64,2.32,-2.13,-7.89,18.13
14840.0,247.33,0.0,0.0,240.0,240.0,1,5.99,10.62,2.28,-2.16,-7.92,18.03
14845.0,247.42,0.0,0.0,240.0,240.0,1,5.95,10.6,2.25,-2.19,-7.95,17.92
14850.0,247.5,0.0,0.0,240.0,240.0,1,5.92,10.58,2.22,-2.22,-7.98,17.81
14855.0,247.58,0.0,0.0,240.0,240.0,1,5.89,10.56,2.18,-2.25,-8.01,17.71
14860.0,247.67,0.0,0.0,240.0,240.0,1,5.86,10.55,2.15,-2.29,-8.04,17.6
14865.0,247.75,0.0,0.0,240.0,240.0,1,5.82,10.53,2.12,-2.32,-8.07,17.5
14870.0,247.83,0.0,0.0,240.0,240.0,1,5.79,10.51,2.08,-2.35,-8.1,17.4
14875.0,247.92,0.0,0.0,240.0,240.0,1,5.76,10.49,2.05,-2.38,-8.13,17.29
14880.0,248.0,0.0,0.0,240.0,240.0,1,5.73,10.47,2.02,-2.41,-8.16,17.19
14885.0,248.08,0.0,0.0,240.0,240.0,1,5.69,10.46,1.99,-2.45,-8.19,17.08
14890.0,248.17,0.0,0.0,240.0,240.0,1,5.66,10.44,1.95,-2.48,-8.22,16.98
14895.0,248.25,0.0,0.0,240.0,240.0,1,5.63,10.42,1.92,-2.51,-8.25,16.88
14900.0,248.33,0.0,0.0,240.0,240.0,1,5.6,10.4,1.89,-2.54,-8.28,16.78
14905.0,248.42,0.0,0.0,240.0,240.0,1,5.56,10.38,1.85,-2.57,-8.31,16.68
14910.0,248.5,0.0,0.0,240.0,240.0,1,5.53,10.37,1.82,-2.6,-8.33,16.57
14915.0,248.58,0.0,0.0,240.0,240.0,1,5.5,10.35,1.79,-2.64,-8.36,16.47
14920.0,248.67,0.0,0.0,240.0,240.0,1,5.47,10.33,1.76,-2.67,-8.39,16.37
14925.0,248.75,0.0,0.0,240.0,240.0,1,5.44,10.31,1.72,-2.7,-8.42,16.27
14930.0,248.83,0.0,0.0,240.0,240.0,1,5.4,10.29,1.69,-2.73,-8.45,16.17
14935.0,248.92,0.0,0.0,240.0,240.0,1,5.37,10.27,1.66,-2.76,-8.48,16.07
14940.0,249.0,0.0,0.0,240.0,240.0,1,5.34,10.25,1.63,-2.79,-8.51,15.97
14945.0,249.08,0.0,0.0,240.0,240.0,0,5.31,10.24,1.59,-2.82,-8.54,15.88
14950.0,249.17,0.0,0.0,240.0,240.0,0,5.27,10.22,1.56,-2.86,-8.57,15.78
14955.0,249.25,0.0,0.0,240.0,240.0,0,5.24,10.2,1.53,-2.89,-8.6,15.68
14960.0,249.33,0.0,0.0,240.0,240.0,0,5.21,10.18,1.5,-2.92,-8.63,15.58
14965.0,249.42,0.0,0.0,240.0,240.0,0,5.18,10.16,1.46,-2.95,-8.66,15.48
14970.0,249.5,0.0,0.0,240.0,240.0,0,5.15,10.14,1.43,-2.98,-8.68,15.39
14975.0,249.58,0.0,0.0,240.0,240.0,0,5.11,10.13,1.4,-3.01,-8.71,15.29
14980.0,249.67,0.0,0.0,240.0,240.0,0,5.08,10.11,1.37,-3.04,-8.74,15.19
14985.0,249.75,0.0,0.0,240.0,240.0,0,5.05,10.09,1.33,-3.08,-8.77,15.1
14990.0,249.83,0.0,0.0,240.0,240.0,0,5.02,10.07,1.3,-3.11,-8.8,15.0
14995.0,249.92,0.0,0.0,240.0,240.0,0,4.99,10.05,1.27,-3.14,-8.83,14.91
15000.0,250.0,0.0,0.0,240.0,240.0,0,4.96,10.03,1.24,-3.17,-8.86,14.81
15005.0,250.08,0.0,0.0,240.0,240.0,0,4.92,10.01,1.21,-3.2,-8.88,14.72
15010.0,250.17,0.0,0.0,240.0,240.0,0,4.89,9.99,1.17,-3.23,-8.91,14.62
15015.0,250.25,0.0,0.0,240.0,240.0,0,4.86,9.97,1.14,-3.26,-8.94,14.53
15020.0,250.33,0.0,0.0,240.0,240.0,0,4.83,9.96,1.11,-3.29,-8.97,14.43
15025.0,250.42,0.0,0.0,240.0,240.0,0,4.8,9.94,1.08,-3.32,-9.0,14.34
15030.0,250.5,0.0,0.0,240.0,240.0,0,4.77,9.92,1.05,-3.35,-9.03,14.25
15035.0,250.58,0.0,0.0,240.0,240.0,0,4.73,9.9,1.01,-3.39,-9.06,14.15
15040.0,250.67,0.0,0.0,240.0,240.0,0,4.7,9.88,0.98,-3.42,-9.08,14.06
15045.0,250.75,0.0,0.0,240.0,240.0,0,4.67,9.86,0.95,-3.45,-9.11,13.97
15050.0,250.83,0.0,0.0,240.0,240.0,0,4.64,9.84,0.92,-3.48,-9.14,13.88
15055.0,250.92,0.0,0.0,240.0,240.0,0,4.61,9.82,0.89,-3.51,-9.17,13.79
15060.0,251.0,0.0,0.0,240.0,240.0,0,4.58,9.8,0.85,-3.54,-9.2,13.7
15065.0,251.08,0.0,0.0,240.0,240.0,0,4.55,9.78,0.82,-3.57,-9.23,13.6
15070.0,251.17,0.0,0.0,240.0,240.0,0,4.51,9.77,0.79,-3.6,-9.26,13.51
15075.0,251.25,0.0,0.0,240.0,240.0,0,4.48,9.75,0.76,-3.63,-9.28,13.42
15080.0,251.33,0.0,0.0,240.0,240.0,0,4.45,9.73,0.73,-3.66,-9.31,13.33
15085.0,251.42,0.0,0.0,240.0,240.0,0,4.42,9.71,0.69,-3.69,-9.34,13.24
15090.0,251.5,0.0,0.0,240.0,240.0,0,4.39,9.69,0.66,-3.72,-9.37,13.16
15095.0,251.58,0.0,0.0,240.0,240.0,0,4.36,9.67,0.63,-3.75,-9.4,13.07
15100.0,251.67,0.0,0.0,240.0,240.0,0,4.33,9.65,0.6,-3.78,-9.42,12.98
15105.0,251.75,0.0,0.0,240.0,240.0,0,4.3,9.63,0.57,-3.81,-9.45,12.89
15110.0,251.83,0.0,0.0,240.0,240.0,0,4.26,9.61,0.54,-3.84,-9.48,12.8
15115.0,251.92,0.0,0.0,240.0,240.0,0,4.23,9.59,0.51,-3.87,-9.51,12.71
15120.0,252.0,0.0,0.0,240.0,240.0,0,4.2,9.57,0.47,-3.9,-9.54,12.63
15125.0,252.08,0.0,0.0,240.0,240.0,0,4.17,9.55,0.44,-3.94,-9.56,12.54
15130.0,252.17,0.0,0.0,240.0,240.0,0,4.14,9.53,0.41,-3.97,-9.59,12.45
15135.0,252.25,0.0,0.0,240.0,240.0,0,4.11,9.51,0.38,-4.0,-9.62,12.36
15140.0,252.33,0.0,0.0,240.0,240.0,0,4.08,9.49,0.35,-4.03,-9.65,12.28
15145.0,252.42,0.0,0.0,240.0,240.0,0,4.05,9.47,0.32,-4.06,-9.68,12.19
15150.0,252.5,0.0,0.0,240.0,240.0,0,4.02,9.45,0.29,-4.09,-9.7,12.11
15155.0,252.58,0.0,0.0,240.0,240.0,0,3.99,9.44,0.25,-4.12,-9.73,12.02
15160.0,252.67,0.0,0.0,240.0,240.0,0,3.96,9.42,0.22,-4.15,-9.76,11.94
15165.0,252.75,0.0,0.0,240.0,240.0,0,3.92,9.4,0.19,-4.18,-9.79,11.85
15170.0,252.83,0.0,0.0,240.0,240.0,0,3.89,9.38,0.16,-4.21,-9.82,11.77
15175.0,252.92,0.0,0.0,240.0,240.0,0,3.86,9.36,0.13,-4.24,-9.84,11.68
15180.0,253.0,0.0,0.0,240.0,240.0,0,3.83,9.34,0.1,-4.27,-9.87,11.6
15185.0,253.08,0.0,0.0,240.0,240.0,0,3.8,9.32,0.07,-4.3,-9.9,11.51
15190.0,253.17,0.0,0.0,240.0,240.0,0,3.77,9.3,0.04,-4.33,-9.93,11.43
15195.0,253.25,0.0,0.0,240.0,240.0,0,3.74,9.28,0.01,-4.36,-9.95,11.35
15200.0,253.33,0.0,0.0,240.0,240.0,0,3.71,9.26,-0.02,-4.39,-9.98,11.26
15205.0,253.42,0.0,0.0,240.0,240.0,0,3.68,9.24,-0.06,-4.42,-10.01,11.18
15210.0,253.5,0.0,0.0,240.0,240.0,0,3.65,9.22,-0.09,-4.45,-10.04,11.1
15215.0,253.58,0.0,0.0,240.0,240.0,0,3.62,9.2,-0.12,-4.48,-10.06,11.02
15220.0,253.67,0.0,0.0,240.0,240.0,0,3.59,9.18,-0.15,-4.51,-10.09,10.94
15225.0,253.75,0.0,0.0,240.0,240.0,0,3.56,9.16,-0.18,-4.53,-10.12,10.85
15230.0,253.83,0.0,0.0,240.0,240.0,0,3.53,9.14,-0.21,-4.56,-10.15,10.77
15235.0,253.92,0.0,0.0,240.0,240.0,0,3.5,9.12,-0.24,-4.59,-10.17,10.69
15240.0,254.0,0.0,0.0,240.0,240.0,0,3.47,9.1,-0.27,-4.62,-10.2,10.6
15245.0,254.08,0.0,0.0,240.0,240.0,0,3.44,9.08,-0.3,-4.65,-10.23,10.52
15250.0,254.17,2.44,0.65,240.0,243.09,0,3.41,9.06,-0.33,-4.68,-10.26,10.44
15255.0,254.25,9.89,2.63,240.0,252.52,0,3.38,9.04,-0.36,-4.71,-10.28,10.38
15260.0,254.33,17.34,4.61,240.0,261.94,0,3.35,9.02,-0.39,-4.74,-10.31,10.35
15265.0,254.42,24.79,6.58,240.0,271.37,0,3.32,9.0,-0.42,-4.77,-10.34,10.34
15270.0,254.5,32.23,8.56,240.0,280.79,0,3.29,8.98,-0.46,-4.8,-10.37,10.36
15275.0,254.58,39.68,10.54,240.0,290.22,0,3.26,8.96,-0.49,-4.83,-10.39,10.4
15280.0,254.67,47.12,12.52,240.0,299.64,0,3.23,8.94,-0.52,-4.86,-10.42,10.47
15285.0,254.75,54.57,14.49,240.0,309.06,0,3.2,8.92,-0.55,-4.89,-10.45,10.56
15290.0,254.83,62.01,16.47,240.0,318.48,0,3.17,8.9,-0.58,-4.92,-10.47,10.67
15295.0,254.92,69.45,18.45,240.0,327.89,0,3.14,8.88,-0.61,-4.95,-10.5,10.81
15300.0,255.0,76.88,20.42,240.0,337.3,0,3.11,8.86,-0.64,-4.97,-10.53,10.98
15305.0,255.08,84.32,22.39,240.0,346.71,0,3.08,8.84,-0.67,-5.0,-10.55,11.16
15310.0,255.17,91.75,24.37,240.0,356.12,0,3.05,8.81,-0.7,-5.03,-10.58,11.38
15315.0,255.25,99.18,26.34,240.0,365.52,0,3.02,8.79,-0.73,-5.06,-10.61,11.61
15320.0,255.33,106.6,28.31,240.0,374.92,0,2.99,8.77,-0.76,-5.09,-10.63,11.87
15325.0,255.42,114.03,30.29,240.0,384.31,0,2.96,8.75,-0.79,-5.12,-10.66,12.16
15330.0,255.5,121.44,32.26,240.0,393.7,0,2.93,8.73,-0.82,-5.14,-10.69,12.47
15335.0,255.58,128.86,34.22,240.0,403.08,0,2.9,8.71,-0.85,-5.17,-10.71,12.8
15340.0,255.67,136.27,36.19,240.0,412.46,0,2.87,8.69,-0.88,-5.2,-10.74,13.15
15345.0,255.75,143.67,38.16,240.0,421.83,0,2.84,8.67,-0.91,-5.23,-10.76,13.53
15350.0,255.83,151.08,40.13,240.0,431.2,0,2.81,8.65,-0.94,-5.25,-10.79,13.93
15355.0,255.92,158.47,42.09,240.0,440.56,0,2.78,8.63,-0.97,-5.28,-10.82,14.36
15360.0,256.0,165.86,44.05,240.0,449.92,0,2.75,8.61,-1.0,-5.31,-10.84,14.81
15365.0,256.08,173.25,46.02,240.0,459.27,0,2.72,8.59,-1.03,-5.33,-10.87,15.28
15370.0,256.17,180.63,47.98,240.0,468.61,0,2.7,8.57,-1.06,-5.36,-10.89,15.77
15375.0,256.25,188.01,49.93,240.0,477.94,0,2.67,8.55,-1.09,-5.38,-10.92,16.29
15380.0,256.33,195.37,51.89,240.0,487.27,0,2.64,8.53,-1.11,-5.41,-10.94,16.83
15385.0,256.42,202.74,53.85,240.0,496.58,0,2.61,8.51,-1.14,-5.43,-10.97,17.39
15390.0,256.5,210.09,55.8,240.0,505.89,0,2.58,8.49,-1.17,-5.46,-10.99,17.97
15395.0,256.58,217.44,57.75,240.0,515.19,0,2.55,8.47,-1.2,-5.48,-11.01,18.58
15400.0,256.67,224.78,59.7,240.0,524.49,0,2.53,8.45,-1.23,-5.51,-11.04,19.21
15405.0,256.75,232.12,61.65,240.0,533.77,0,2.5,8.43,-1.26,-5.53,-11.06,19.86
15410.0,256.83,239.45,63.6,240.0,543.04,0,2.47,8.4,-1.29,-5.55,-11.08,20.53
15415.0,256.92,246.77,65.54,240.0,552.31,0,2.44,8.38,-1.32,-5.58,-11.11,21.22
15420.0,257.0,254.08,67.48,240.0,561.56,0,2.42,8.36,-1.34,-5.6,-11.13,21.94
15425.0,257.08,261.38,69.42,240.0,570.81,0,2.39,8.34,-1.37,-5.62,-11.15,22.67
15430.0,257.17,268.68,71.36,240.0,580.04,0,2.36,8.32,-1.4,-5.65,-11.17,23.43
15435.0,257.25,275.96,73.3,240.0,589.26,0,2.33,8.3,-1.43,-5.67,-11.2,24.21
15440.0,257.33,283.24,75.23,240.0,598.47,0,2.31,8.28,-1.46,-5.69,-11.22,25.01
15445.0,257.42,290.51,77.16,240.0,607.67,0,2.28,8.26,-1.48,-5.71,-11.24,25.83
15450.0,257.5,297.77,79.09,240.0,616.86,0,2.26,8.24,-1.51,-5.73,-11.26,26.67
15455.0,257.58,305.02,81.01,240.0,626.04,0,2.23,8.22,-1.54,-5.75,-11.28,27.53
15460.0,257.67,312.26,82.94,240.0,635.2,0,2.2,8.2,-1.57,-5.77,-11.3,28.41
15465.0,257.75,319.49,84.86,240.0,644.35,0,2.18,8.18,-1.59,-5.79,-11.32,29.31
15470.0,257.83,326.71,86.78,240.0,653.49,0,2.15,8.16,-1.62,-5.81,-11.34,30.24
15475.0,257.92,333.92,88.69,240.0,662.61,0,2.13,8.14,-1.65,-5.83,-11.36,31.18
15480.0,258.0,341.12,90.6,240.0,671.72,0,2.1,8.12,-1.67,-5.85,-11.38,32.14
15485.0,258.08,348.31,92.51,240.0,680.82,0,2.08,8.1,-1.7,-5.87,-11.4,33.12
15490.0,258.17,355.48,94.42,240.0,689.9,0,2.05,8.07,-1.72,-5.89,-11.42,34.12
15495.0,258.25,362.65,96.32,240.0,698.97,0,2.03,8.05,-1.75,-5.9,-11.44,35.14
15500.0,258.33,369.8,98.22,240.0,708.02,0,2.01,8.03,-1.78,-5.92,-11.45,36.18
15505.0,258.42,376.94,100.12,240.0,717.06,0,1.98,8.01,-1.8,-5.94,-11.47,37.24
15510.0,258.5,384.07,102.01,240.0,726.08,0,1.96,7.99,-1.83,-5.95,-11.49,38.32
15515.0,258.58,391.19,103.9,240.0,735.09,0,1.94,7.97,-1.85,-5.97,-11.5,39.42
15520.0,258.67,398.3,105.79,240.0,744.08,0,1.92,7.95,-1.88,-5.98,-11.52,40.54
15525.0,258.75,405.39,107.67,240.0,753.06,0,1.89,7.93,-1.9,-6.0,-11.54,41.67
15530.0,258.83,412.47,109.55,240.0,762.02,0,1.87,7.91,-1.92,-6.01,-11.55,42.82
15535.0,258.92,419.53,111.43,240.0,770.96,0,1.85,7.89,-1.95,-6.03,-11.57,43.99
15540.0,259.0,426.58,113.3,240.0,779.89,0,1.83,7.87,-1.97,-6.04,-11.58,45.18
15545.0,259.08,433.62,115.17,240.0,788.79,0,1.81,7.85,-1.99,-6.05,-11.6,46.39
15550.0,259.17,440.65,117.04,240.0,797.68,0,1.79,7.83,-2.02,-6.06,-11.61,47.61
15555.0,259.25,447.66,118.9,240.0,806.56,0,1.77,7.81,-2.04,-6.08,-11.62,48.85
15560.0,259.33,454.65,120.76,240.0,815.41,0,1.75,7.79,-2.06,-6.09,-11.64,50.11
15565.0,259.42,461.63,122.61,240.0,824.25,0,1.73,7.77,-2.09,-6.1,-11.65,51.39
15570.0,259.5,468.6,124.46,240.0,833.06,0,1.71,7.75,-2.11,-6.11,-11.66,52.68
15575.0,259.58,475.55,126.31,240.0,841.86,0,1.69,7.73,-2.13,-6.12,-11.67,53.99
15580.0,259.67,482.49,128.15,240.0,850.64,0,1.67,7.71,-2.15,-6.13,-11.69,55.32
15585.0,259.75,489.41,129.99,240.0,859.4,0,1.65,7.69,-2.17,-6.14,-11.7,56.66
15590.0,259.83,496.31,131.82,240.0,868.14,0,1.63,7.67,-2.19,-6.15,-11.71,58.02
15595.0,259.92,503.2,133.65,240.0,876.86,0,1.62,7.65,-2.21,-6.15,-11.72,59.4
15600.0,260.0,510.08,135.48,240.0,885.55,0,1.6,7.63,-2.23,-6.16,-11.73,60.79
15605.0,260.08,516.93,137.3,240.0,894.23,0,1.58,7.61,-2.25,-6.17,-11.74,62.19
15610.0,260.17,523.77,139.12,240.0,902.89,0,1.57,7.59,-2.27,-6.18,-11.74,63.62
15615.0,260.25,530.6,140.93,240.0,911.52,0,1.55,7.57,-2.29,-6.18,-11.75,65.05
15620.0,260.33,537.4,142.74,240.0,920.14,0,1.53,7.55,-2.31,-6.19,-11.76,66.51
15625.0,260.42,544.19,144.54,240.0,928.73,0,1.52,7.53,-2.33,-6.19,-11.77,67.97
15630.0,260.5,550.96,146.34,240.0,937.3,0,1.5,7.51,-2.35,-6.2,-11.78,69.46
15635.0,260.58,557.72,148.13,240.0,945.85,0,1.49,7.49,-2.36,-6.2,-11.78,70.95
15640.0,260.67,564.45,149.92,240.0,954.37,0,1.48,7.47,-2.38,-6.2,-11.79,72.47
15645.0,260.75,571.17,151.7,240.0,962.88,0,1.46,7.45,-2.4,-6.21,-11.79,73.99
15650.0,260.83,577.87,153.48,240.0,971.35,0,1.45,7.43,-2.42,-6.21,-11.8,75.53
15655.0,260.92,584.55,155.26,240.0,979.81,0,1.44,7.41,-2.43,-6.21,-11.8,77.08
15660.0,261.0,591.21,157.03,240.0,988.24,0,1.43,7.39,-2.45,-6.21,-11.81,78.65
15665.0,261.08,597.86,158.79,240.0,996.65,0,1.41,7.37,-2.46,-6.21,-11.81,80.23
15670.0,261.17,604.48,160.55,240.0,1005.03,0,1.4,7.35,-2.48,-6.21,-11.81,81.82
15675.0,261.25,611.09,162.31,240.0,1013.39,0,1.39,7.33,-2.49,-6.21,-11.82,83.43
15680.0,261.33,617.67,164.05,240.0,1021.72,0,1.38,7.31,-2.51,-6.21,-11.82,85.05
15685.0,261.42,624.24,165.8,240.0,1030.03,0,1.37,7.29,-2.52,-6.21,-11.82,86.68
15690.0,261.5,630.78,167.54,240.0,1038.32,0,1.36,7.27,-2.54,-6.21,-11.82,88.33
15695.0,261.58,637.3,169.27,240.0,1046.57,0,1.35,7.25,-2.55,-6.2,-11.82,89.98
15700.0,261.67,643.81,171.0,240.0,1054.81,0,1.34,7.23,-2.56,-6.2,-11.82,91.65
15705.0,261.75,650.29,172.72,240.0,1063.01,0,1.34,7.21,-2.57,-6.2,-11.82,93.33
15710.0,261.83,656.76,174.44,240.0,1071.19,0,1.33,7.19,-2.59,-6.19,-11.82,95.02
15715.0,261.92,663.2,176.15,240.0,1079.34,0,1.32,7.17,-2.6,-6.19,-11.82,96.72
15720.0,262.0,669.62,177.85,240.0,1087.47,0,1.32,7.16,-2.61,-6.18,-11.82,98.43
15725.0,262.08,676.02,179.55,240.0,1095.57,0,1.31,7.14,-2.62,-6.17,-11.81,100.16
15730.0,262.17,682.39,181.25,240.0,1103.64,0,1.3,7.12,-2.63,-6.17,-11.81,101.89
15735.0,262.25,688.75,182.93,240.0,1111.68,0,1.3,7.1,-2.64,-6.16,-11.81,103.63
15740.0,262.33,695.08,184.62,240.0,1119.7,0,1.29,7.08,-2.65,-6.15,-11.8,105.39
15745.0,262.42,701.39,186.29,240.0,1127.68,0,1.29,7.06,-2.66,-6.14,-11.8,107.15
15750.0,262.5,707.68,187.96,240.0,1135.64,0,1.29,7.04,-2.67,-6.13,-11.79,108.93
15755.0,262.58,713.95,189.63,240.0,1143.57,0,1.28,7.02,-2.68,-6.12,-11.79,110.71
15760.0,262.67,720.19,191.28,240.0,1151.47,0,1.28,7.01,-2.68,-6.11,-11.78,112.5
15765.0,262.75,726.41,192.94,240.0,1159.35,0,1.28,6.99,-2.69,-6.1,-11.77,114.3
15770.0,262.83,732.61,194.58,240.0,1167.19,0,1.28,6.97,-2.7,-6.09,-11.77,116.11
15775.0,262.92,738.78,196.22,240.0,1175.0,0,1.28,6.95,-2.7,-6.08,-11.76,117.93
15780.0,263.0,744.93,197.85,240.0,1182.78,0,1.28,6.93,-2.71,-6.07,-11.75,119.75
15785.0,263.08,751.05,199.48,240.0,1190.53,0,1.28,6.91,-2.72,-6.05,-11.74,121.58
15790.0,263.17,757.15,201.1,240.0,1198.26,0,1.28,6.9,-2.72,-6.04,-11.73,123.42
15795.0,263.25,763.23,202.72,240.0,1205.95,0,1.28,6.88,-2.72,-6.02,-11.72,125.27
15800.0,263.33,769.28,204.32,240.0,1213.61,0,1.28,6.86,-2.73,-6.01,-11.71,127.13
15805.0,263.42,775.31,205.92,240.0,1221.24,0,1.28,6.84,-2.73,-5.99,-11.7,128.99
15810.0,263.5,781.31,207.52,240.0,1228.83,0,1.29,6.83,-2.74,-5.98,-11.69,130.86
15815.0,263.58,787.29,209.11,240.0,1236.4,0,1.29,6.81,-2.74,-5.96,-11.68,132.73
15820.0,263.67,793.24,210.69,240.0,1243.93,0,1.29,6.79,-2.74,-5.94,-11.66,134.61
15825.0,263.75,799.17,212.26,240.0,1251.43,0,1.3,6.77,-2.74,-5.92,-11.65,136.5
15830.0,263.83,805.07,213.83,240.0,1258.9,0,1.3,6.76,-2.74,-5.91,-11.64,138.39
15835.0,263.92,810.95,215.39,240.0,1266.34,0,1.31,6.74,-2.74,-5.89,-11.62,140.29
15840.0,264.0,816.8,216.94,240.0,1273.74,0,1.31,6.72,-2.74,-5.87,-11.61,142.19
15845.0,264.08,822.62,218.49,240.0,1281.11,0,1.32,6.7,-2.74,-5.85,-11.59,144.09
15850.0,264.17,828.42,220.03,240.0,1288.45,0,1.33,6.69,-2.74,-5.82,-11.57,146.01
15855.0,264.25,834.19,221.56,240.0,1295.75,0,1.34,6.67,-2.74,-5.8,-11.56,147.92
15860.0,264.33,839.93,223.09,240.0,1303.02,0,1.34,6.65,-2.74,-5.78,-11.54,149.84
15865.0,264.42,845.65,224.61,240.0,1310.25,0,1.35,6.64,-2.74,-5.76,-11.52,151.76
15870.0,264.5,851.34,226.12,240.0,1317.45,0,1.36,6.62,-2.73,-5.73,-11.5,153.69
15875.0,264.58,857.0,227.62,240.0,1324.62,0,1.37,6.6,-2.73,-5.71,-11.49,155.62
15880.0,264.67,862.63,229.12,240.0,1331.75,0,1.38,6.59,-2.73,-5.69,-11.47,157.55
15885.0,264.75,868.24,230.61,240.0,1338.84,0,1.39,6.57,-2.72,-5.66,-11.45,159.48
15890.0,264.83,873.82,232.09,240.0,1345.9,0,1.41,6.56,-2.72,-5.63,-11.43,161.42
15895.0,264.92,879.37,233.56,240.0,1352.93,0,1.42,6.54,-2.71,-5.61,-11.4,163.36
15900.0,265.0,884.89,235.03,240.0,1359.92,0,1.43,6.52,-2.7,-5.58,-11.38,165.3
15905.0,265.08,890.38,236.49,240.0,1366.87,0,1.44,6.51,-2.7,-5.55,-11.36,167.24
15910.0,265.17,895.85,237.94,240.0,1373.79,0,1.46,6.49,-2.69,-5.53,-11.34,169.18
15915.0,265.25,901.29,239.38,240.0,1380.67,0,1.47,6.48,-2.68,-5.5,-11.32,171.12
15920.0,265.33,906.69,240.82,240.0,1387.51,0,1.49,6.46,-2.67,-5.47,-11.29,173.07
15925.0,265.42,912.07,242.25,240.0,1394.32,0,1.5,6.45,-2.67,-5.44,-11.27,175.01
15930.0,265.5,917.42,243.67,240.0,1401.09,0,1.52,6.43,-2.66,-5.41,-11.24,176.96
15935.0,265.58,922.74,245.08,240.0,1407.83,0,1.54,6.42,-2.65,-5.38,-11.22,178.9
15940.0,265.67,928.03,246.49,240.0,1414.52,0,1.55,6.4,-2.64,-5.34,-11.19,180.85
15945.0,265.75,933.29,247.88,240.0,1421.18,0,1.57,6.39,-2.63,-5.31,-11.17,182.79
15950.0,265.83,938.52,249.27,240.0,1427.8,0,1.59,6.37,-2.61,-5.28,-11.14,184.73
15955.0,265.92,943.73,250.66,240.0,1434.38,0,1.61,6.36,-2.6,-5.25,-11.11,186.67
15960.0,266.0,948.9,252.03,240.0,1440.92,0,1.63,6.34,-2.59,-5.21,-11.08,188.61
15965.0,266.08,954.04,253.39,240.0,1447.43,0,1.65,6.33,-2.58,-5.18,-11.06,190.55
15970.0,266.17,959.14,254.75,240.0,1453.89,0,1.67,6.31,-2.56,-5.14,-11.03,192.49
15975.0,266.25,964.22,256.1,240.0,1460.32,0,1.69,6.3,-2.55,-5.11,-11.0,194.42
15980.0,266.33,969.27,257.44,240.0,1466.71,0,1.71,6.29,-2.53,-5.07,-10.97,196.35
15985.0,266.42,974.29,258.77,240.0,1473.06,0,1.73,6.27,-2.52,-5.04,-10.94,198.28
15990.0,266.5,979.27,260.1,240.0,1479.37,0,1.76,6.26,-2.5,-5.0,-10.9,200.2
15995.0,266.58,984.23,261.41,240.0,1485.64,0,1.78,6.24,-2.49,-4.96,-10.87,202.12
16000.0,266.67,989.15,262.72,240.0,1491.87,0,1.81,6.23,-2.47,-4.92,-10.84,204.04
16005.0,266.75,994.04,264.02,240.0,1498.06,0,1.83,6.22,-2.45,-4.88,-10.81,205.95
16010.0,266.83,998.9,265.31,240.0,1504.2,0,1.86,6.2,-2.44,-4.84,-10.78,207.86
16015.0,266.92,1003.72,266.59,240.0,1510.31,0,1.88,6.19,-2.42,-4.8,-10.74,209.77
16020.0,267.0,1008.52,267.86,240.0,1516.38,0,1.91,6.18,-2.4,-4.76,-10.71,211.67
16025.0,267.08,1013.28,269.13,240.0,1522.41,0,1.93,6.16,-2.38,-4.72,-10.67,213.57
16030.0,267.17,1018.01,270.38,240.0,1528.39,0,1.96,6.15,-2.36,-4.68,-10.64,215.46
16035.0,267.25,1022.7,271.63,240.0,1534.33,0,1.99,6.14,-2.34,-4.64,-10.6,217.34
16040.0,267.33,1027.37,272.87,240.0,1540.24,0,2.02,6.13,-2.32,-4.6,-10.57,219.22
16045.0,267.42,1032.0,274.1,240.0,1546.1,0,2.05,6.11,-2.3,-4.55,-10.53,221.1
16050.0,267.5,1036.6,275.32,240.0,1551.92,0,2.08,6.1,-2.27,-4.51,-10.49,222.96
16055.0,267.58,1041.16,276.53,240.0,1557.69,0,2.11,6.09,-2.25,-4.47,-10.46,224.83
16060.0,267.67,1045.69,277.74,240.0,1563.43,0,2.14,6.08,-2.23,-4.42,-10.42,226.68
16065.0,267.75,1050.19,278.93,240.0,1569.12,0,2.17,6.07,-2.21,-4.38,-10.38,228.53
16070.0,267.83,1054.65,280.12,240.0,1574.77,0,2.2,6.06,-2.18,-4.33,-10.34,230.37
16075.0,267.92,1059.08,281.29,240.0,1580.37,0,2.23,6.04,-2.16,-4.29,-10.3,232.21
16080.0,268.0,1063.48,282.46,240.0,1585.94,0,2.27,6.03,-2.13,-4.24,-10.26,234.03
16085.0,268.08,1067.84,283.62,240.0,1591.46,0,2.3,6.02,-2.11,-4.19,-10.22,235.85
16090.0,268.17,1072.17,284.77,240.0,1596.93,0,2.33,6.01,-2.08,-4.15,-10.18,237.66
16095.0,268.25,1076.46,285.91,240.0,1602.37,0,2.37,6.0,-2.05,-4.1,-10.14,239.47
16100.0,268.33,1080.72,287.04,240.0,1607.76,0,2.4,5.99,-2.02,-4.05,-10.1,241.26
16105.0,268.42,1084.94,288.16,240.0,1613.1,0,2.44,5.98,-2.0,-4.0,-10.06,243.05
16110.0,268.5,1089.13,289.27,240.0,1618.4,0,2.48,5.97,-1.97,-3.95,-10.01,244.82
16115.0,268.58,1093.28,290.38,240.0,1623.66,0,2.51,5.96,-1.94,-3.9,-9.97,246.59
16120.0,268.67,1097.4,291.47,240.0,1628.87,0,2.55,5.95,-1.91,-3.85,-9.93,248.35
16125.0,268.75,1101.48,292.56,240.0,1634.04,0,2.59,5.94,-1.88,-3.8,-9.88,250.1
16130.0,268.83,1105.53,293.63,240.0,1639.16,0,2.63,5.93,-1.85,-3.75,-9.84,251.84
16135.0,268.92,1109.55,294.7,240.0,1644.24,0,2.66,5.92,-1.82,-3.7,-9.79,253.58
16140.0,269.0,1113.52,295.75,240.0,1649.28,0,2.7,5.91,-1.79,-3.65,-9.75,255.3
16145.0,269.08,1117.46,296.8,240.0,1654.26,0,2.74,5.9,-1.76,-3.6,-9.7,257.01
16150.0,269.17,1121.37,297.84,240.0,1659.21,0,2.78,5.89,-1.72,-3.54,-9.66,258.71
16155.0,269.25,1125.24,298.87,240.0,1664.1,0,2.82,5.88,-1.69,-3.49,-9.61,260.4
16160.0,269.33,1129.07,299.88,240.0,1668.96,0,2.86,5.87,-1.66,-3.44,-9.57,262.08
16165.0,269.42,1132.87,300.89,240.0,1673.76,0,2.91,5.86,-1.62,-3.38,-9.52,263.75
16170.0,269.5,1136.63,301.89,240.0,1678.52,0,2.95,5.85,-1.59,-3.33,-9.47,265.41
16175.0,269.58,1140.35,302.88,240.0,1683.23,0,2.99,5.85,-1.55,-3.28,-9.42,267.06
16180.0,269.67,1144.04,303.86,240.0,1687.9,0,3.03,5.84,-1.52,-3.22,-9.38,268.7
16185.0,269.75,1147.69,304.83,240.0,1692.52,0,3.08,5.83,-1.48,-3.17,-9.33,270.33
16190.0,269.83,1151.31,305.79,240.0,1697.1,0,3.12,5.82,-1.45,-3.11,-9.28,271.94
16195.0,269.92,1154.88,306.74,240.0,1701.62,0,3.17,5.81,-1.41,-3.05,-9.23,273.54
16200.0,270.0,1158.42,307.68,240.0,1706.1,0,3.21,5.81,-1.37,-3.0,-9.18,275.14
16205.0,270.08,1161.93,308.61,240.0,1710.54,0,3.26,5.8,-1.33,-2.94,-9.13,276.72
16210.0,270.17,1165.39,309.53,240.0,1714.92,0,3.3,5.79,-1.3,-2.88,-9.08,278.29
16215.0,270.25,1168.82,310.44,240.0,1719.26,0,3.35,5.78,-1.26,-2.83,-9.03,279.84
16220.0,270.33,1172.21,311.34,240.0,1723.55,0,3.39,5.78,-1.22,-2.77,-8.98,281.39
16225.0,270.42,1175.56,312.23,240.0,1727.8,0,3.44,5.77,-1.18,-2.71,-8.93,282.92
16230.0,270.5,1178.88,313.11,240.0,1731.99,0,3.49,5.76,-1.14,-2.65,-8.87,284.44
16235.0,270.58,1182.16,313.98,240.0,1736.14,0,3.54,5.76,-1.1,-2.59,-8.82,285.95
16240.0,270.67,1185.4,314.84,240.0,1740.24,0,3.58,5.75,-1.06,-2.53,-8.77,287.44
16245.0,270.75,1188.6,315.69,240.0,1744.29,0,3.63,5.74,-1.02,-2.47,-8.72,288.93
16250.0,270.83,1191.76,316.53,240.0,1748.29,0,3.68,5.74,-0.97,-2.41,-8.66,290.4
16255.0,270.92,1194.89,317.36,240.0,1752.25,0,3.73,5.73,-0.93,-2.35,-8.61,291.85
16260.0,271.0,1197.97,318.18,240.0,1756.16,0,3.78,5.73,-0.89,-2.29,-8.56,293.3
16265.0,271.08,1201.02,318.99,240.0,1760.01,0,3.83,5.72,-0.85,-2.23,-8.5,294.73
16270.0,271.17,1204.03,319.79,240.0,1763.82,0,3.88,5.72,-0.8,-2.17,-8.45,296.15
16275.0,271.25,1207.0,320.58,240.0,1767.58,0,3.94,5.71,-0.76,-2.11,-8.4,297.55
16280.0,271.33,1209.93,321.36,240.0,1771.29,0,3.99,5.71,-0.71,-2.05,-8.34,298.95
16285.0,271.42,1212.83,322.13,240.0,1774.95,0,4.04,5.7,-0.67,-1.99,-8.29,300.33
16290.0,271.5,1215.68,322.89,240.0,1778.57,0,4.09,5.7,-0.62,-1.93,-8.23,301.69
16295.0,271.58,1218.5,323.63,240.0,1782.13,0,4.14,5.69,-0.58,-1.86,-8.18,303.05
16300.0,271.67,1221.27,324.37,240.0,1785.64,0,4.2,5.69,-0.53,-1.8,-8.12,304.39
16305.0,271.75,1224.01,325.1,240.0,1789.11,0,4.25,5.68,-0.48,-1.74,-8.06,305.71
16310.0,271.83,1226.71,325.82,240.0,1792.52,0,4.3,5.68,-0.44,-1.68,-8.01,307.03
16315.0,271.92,1229.37,326.52,240.0,1795.89,0,4.36,5.68,-0.39,-1.61,-7.95,308.33
16320.0,272.0,1231.98,327.22,240.0,1799.2,0,4.41,5.67,-0.34,-1.55,-7.89,309.61
16325.0,272.08,1234.56,327.9,240.0,1802.47,0,4.47,5.67,-0.29,-1.49,-7.84,310.89
16330.0,272.17,1237.1,328.58,240.0,1805.68,0,4.52,5.67,-0.25,-1.42,-7.78,312.15
16335.0,272.25,1239.6,329.24,240.0,1808.84,0,4.58,5.66,-0.2,-1.36,-7.72,313.39
16340.0,272.33,1242.06,329.89,240.0,1811.96,0,4.63,5.66,-0.15,-1.29,-7.66,314.63
16345.0,272.42,1244.48,330.54,240.0,1815.02,0,4.69,5.66,-0.1,-1.23,-7.61,315.85
16350.0,272.5,1246.86,331.17,240.0,1818.03,0,4.75,5.65,-0.05,-1.16,-7.55,317.05
16355.0,272.58,1249.21,331.79,240.0,1821.0,0,4.8,5.65,0.0,-1.1,-7.49,318.25
16360.0,272.67,1251.51,332.4,240.0,1823.91,0,4.86,5.65,0.05,-1.03,-7.43,319.42
16365.0,272.75,1253.77,333.0,240.0,1826.77,0,4.92,5.65,0.1,-0.97,-7.37,320.59
16370.0,272.83,1255.99,333.59,240.0,1829.58,0,4.98,5.64,0.16,-0.9,-7.31,321.74
16375.0,272.92,1258.16,334.17,240.0,1832.34,0,5.04,5.64,0.21,-0.84,-7.26,322.88
16380.0,273.0,1260.3,334.74,240.0,1835.04,0,5.09,5.64,0.26,-0.77,-7.2,324.01
16385.0,273.08,1262.4,335.3,240.0,1837.7,0,5.15,5.64,0.31,-0.71,-7.14,325.12
16390.0,273.17,1264.46,335.84,240.0,1840.3,0,5.21,5.64,0.36,-0.64,-7.08,326.21
16395.0,273.25,1266.48,336.38,240.0,1842.86,0,5.27,5.64,0.42,-0.57,-7.02,327.3
16400.0,273.33,1268.46,336.9,240.0,1845.36,0,5.33,5.64,0.47,-0.51,-6.96,328.37
16405.0,273.42,1270.39,337.42,240.0,1847.81,0,5.39,5.64,0.52,-0.44,-6.9,329.43
16410.0,273.5,1272.29,337.92,240.0,1850.21,0,5.45,5.63,0.58,-0.37,-6.84,330.47
16415.0,273.58,1274.14,338.41,240.0,1852.56,0,5.51,5.63,0.63,-0.31,-6.78,331.5
16420.0,273.67,1275.96,338.9,240.0,1854.85,0,5.57,5.63,0.69,-0.24,-6.72,332.52
16425.0,273.75,1277.73,339.37,240.0,1857.1,0,5.63,5.63,0.74,-0.17,-6.66,333.53
16430.0,273.83,1279.46,339.83,240.0,1859.29,0,5.69,5.63,0.8,-0.11,-6.59,334.52
16435.0,273.92,1281.15,340.28,240.0,1861.43,0,5.75,5.63,0.85,-0.04,-6.53,335.49
16440.0,274.0,1282.8,340.71,240.0,1863.51,0,5.82,5.63,0.91,0.03,-6.47,336.46
16445.0,274.08,1284.41,341.14,240.0,1865.55,0,5.88,5.64,0.97,0.1,-6.41,337.41
16450.0,274.17,1285.98,341.56,240.0,1867.53,0,5.94,5.64,1.02,0.16,-6.35,338.35
16455.0,274.25,1287.5,341.96,240.0,1869.46,0,6.0,5.64,1.08,0.23,-6.29,339.27
16460.0,274.33,1288.99,342.36,240.0,1871.34,0,6.06,5.64,1.14,0.3,-6.23,340.19
16465.0,274.42,1290.43,342.74,240.0,1873.17,0,6.13,5.64,1.19,0.37,-6.16,341.09
16470.0,274.5,1291.83,343.11,240.0,1874.94,0,6.19,5.64,1.25,0.44,-6.1,341.97
16475.0,274.58,1293.19,343.47,240.0,1876.67,0,6.25,5.64,1.31,0.5,-6.04,342.85
16480.0,274.67,1294.51,343.82,240.0,1878.33,0,6.32,5.64,1.37,0.57,-5.98,343.71
16485.0,274.75,1295.79,344.16,240.0,1879.95,0,6.38,5.65,1.42,0.64,-5.92,344.56
16490.0,274.83,1297.02,344.49,240.0,1881.51,0,6.44,5.65,1.48,0.71,-5.85,345.39
16495.0,274.92,1298.22,344.81,240.0,1883.03,0,6.51,5.65,1.54,0.78,-5.79,346.21
16500.0,275.0,1299.37,345.11,240.0,1884.48,0,6.57,5.65,1.6,0.85,-5.73,347.02
16505.0,275.08,1300.48,345.41,240.0,1885.89,0,6.64,5.65,1.66,0.92,-5.67,347.82
16510.0,275.17,1301.55,345.69,240.0,1887.24,0,6.7,5.66,1.72,0.98,-5.61,348.61
16515.0,275.25,1302.58,345.97,240.0,1888.54,0,6.76,5.66,1.78,1.05,-5.54,349.38
16520.0,275.33,1303.56,346.23,240.0,1889.79,0,6.83,5.66,1.84,1.12,-5.48,350.14
16525.0,275.42,1304.5,346.48,240.0,1890.98,0,6.89,5.67,1.9,1.19,-5.42,350.89
16530.0,275.5,1305.41,346.72,240.0,1892.12,0,6.96,5.67,1.96,1.26,-5.36,351.62
16535.0,275.58,1306.27,346.95,240.0,1893.21,0,7.02,5.67,2.02,1.33,-5.29,352.35
16540.0,275.67,1307.08,347.16,240.0,1894.25,0,7.09,5.68,2.08,1.4,-5.23,353.06
16545.0,275.75,1307.86,347.37,240.0,1895.23,0,7.15,5.68,2.14,1.47,-5.17,353.76
16550.0,275.83,1308.59,347.56,240.0,1896.16,0,7.22,5.68,2.2,1.53,-5.1,354.45
16555.0,275.92,1309.28,347.75,240.0,1897.03,0,7.29,5.69,2.26,1.6,-5.04,355.12
16560.0,276.0,1309.93,347.92,240.0,1897.85,0,7.35,5.69,2.33,1.67,-4.98,355.79
16565.0,276.08,1310.54,348.08,240.0,1898.62,0,7.42,5.7,2.39,1.74,-4.92,356.44
16570.0,276.17,1311.11,348.23,240.0,1899.34,0,7.48,5.7,2.45,1.81,-4.85,357.08
16575.0,276.25,1311.63,348.37,240.0,1900.0,0,7.55,5.71,2.51,1.88,-4.79,357.71
16580.0,276.33,1312.11,348.5,240.0,1900.61,0,7.62,5.71,2.57,1.95,-4.73,358.33
16585.0,276.42,1312.55,348.62,240.0,1901.17,0,7.68,5.72,2.64,2.02,-4.66,358.94
16590.0,276.5,1312.95,348.72,240.0,1901.67,0,7.75,5.72,2.7,2.09,-4.6,359.53
16595.0,276.58,1313.3,348.82,240.0,1902.12,0,7.81,5.73,2.76,2.16,-4.54,360.11
16600.0,276.67,1313.62,348.9,240.0,1902.51,0,7.88,5.73,2.82,2.22,-4.47,360.69
16605.0,276.75,1313.89,348.97,240.0,1902.86,0,7.95,5.74,2.89,2.29,-4.41,361.25
16610.0,276.83,1314.12,349.03,240.0,1903.15,0,8.01,5.75,2.95,2.36,-4.35,361.8
16615.0,276.92,1314.3,349.08,240.0,1903.38,0,8.08,5.75,3.01,2.43,-4.29,362.34
16620.0,277.0,1314.45,349.12,240.0,1903.56,0,8.15,5.76,3.08,2.5,-4.22,362.86
16625.0,277.08,1314.55,349.15,240.0,1903.69,0,8.22,5.76,3.14,2.57,-4.16,363.38
16630.0,277.17,1314.61,349.16,240.0,1903.77,0,8.28,5.77,3.2,2.64,-4.1,363.89
16635.0,277.25,1314.62,349.17,240.0,1903.79,0,8.35,5.78,3.27,2.71,-4.03,364.38
16640.0,277.33,1314.6,349.16,240.0,1903.76,0,8.42,5.78,3.33,2.77,-3.97,364.87
16645.0,277.42,1314.53,349.14,240.0,1903.68,0,8.48,5.79,3.39,2.84,-3.91,365.34
16650.0,277.5,1314.42,349.11,240.0,1903.54,0,8.55,5.8,3.46,2.91,-3.84,365.81
16655.0,277.58,1314.27,349.07,240.0,1903.35,0,8.62,5.81,3.52,2.98,-3.78,366.26
16660.0,277.67,1314.08,349.02,240.0,1903.1,0,8.69,5.81,3.59,3.05,-3.72,366.7
16662.0,277.7,1313.99,349.0,240.0,1902.99,0,8.71,5.82,3.61,3.08,-3.69,366.88
