run_id,backend,circuit_type,qubits,workflow,depth,gate_count,two_qubit_count,swap_count,fidelity,compile_time
1,ibm_brisbane,GHZ,2,Qiskit,4,4,1,0,0.9339652397895062,0.047495200065895915
1,ibm_brisbane,GHZ,2,PyZX,2,2,1,0,0.9358359759053411,0.0008085999870672822
1,ibm_brisbane,GHZ,2,TKET,4,4,1,0,0.9339652397895062,0.008093300042673945
1,ibm_brisbane,GHZ,2,BQSKit,4,4,1,0,0.9339652397895062,0.008671100018545985
1,ibm_brisbane,GHZ,2,Cirq-native,2,2,1,0,0.9358359759053411,0.0007813000120222569
1,ibm_brisbane,GHZ,2,QADE,2,2,1,0,0.9358359759053411,0.016337400069460273
1,ibm_brisbane,GHZ,2,QADE + PyZX,2,2,1,0,0.9358359759053411,0.01048379996791482
1,ibm_brisbane,GHZ,2,QADE + Knowledge Graph,2,2,1,0,0.9358359759053411,0.0007021999917924404
1,ibm_brisbane,GHZ,2,QADE + Evolution + PyZX,2,2,1,0,0.9358359759053411,0.013846300076693296
2,ibm_brisbane,GHZ_alt,2,Qiskit,7,9,1,0,0.929304743907973,0.007826199987903237
2,ibm_brisbane,GHZ_alt,2,PyZX,2,2,1,0,0.9358359759053411,0.0007343000033870339
2,ibm_brisbane,GHZ_alt,2,TKET,7,9,1,0,0.929304743907973,0.007993699982762337
2,ibm_brisbane,GHZ_alt,2,BQSKit,4,4,1,0,0.9339652397895062,0.008040100103244185
2,ibm_brisbane,GHZ_alt,2,Cirq-native,2,2,1,0,0.9358359759053411,0.000828599906526506
2,ibm_brisbane,GHZ_alt,2,QADE,2,2,1,0,0.9358359759053411,0.011363399913534522
2,ibm_brisbane,GHZ_alt,2,QADE + PyZX,2,2,1,0,0.9358359759053411,0.01186309999320656
2,ibm_brisbane,GHZ_alt,2,QADE + Knowledge Graph,2,2,1,0,0.9358359759053411,0.0007000000914558768
2,ibm_brisbane,GHZ_alt,2,QADE + Evolution + PyZX,2,2,1,0,0.9358359759053411,0.013623100006952882
3,ibm_brisbane,GHZ,3,Qiskit,8,16,2,0,0.9191241222613055,0.007828100002370775
3,ibm_brisbane,GHZ,3,PyZX,3,3,2,0,0.9311567960258144,0.0007636999944224954
3,ibm_brisbane,GHZ,3,TKET,8,16,2,0,0.9191241222613055,0.008348500006832182
3,ibm_brisbane,GHZ,3,BQSKit,5,5,2,0,0.9292954135905587,0.008483199984766543
3,ibm_brisbane,GHZ,3,Cirq-native,3,3,2,0,0.9311567960258144,0.0009456000989302993
3,ibm_brisbane,GHZ,3,QADE,3,3,2,0,0.9311567960258144,0.008656499907374382
3,ibm_brisbane,GHZ,3,QADE + PyZX,3,3,2,0,0.9311567960258144,0.009486300055868924
3,ibm_brisbane,GHZ,3,QADE + Knowledge Graph,3,3,2,0,0.9311567960258144,0.00092889997176826
3,ibm_brisbane,GHZ,3,QADE + Evolution + PyZX,3,3,2,0,0.9311567960258144,0.006456399918533862
4,ibm_brisbane,GHZ_alt,3,Qiskit,8,16,2,0,0.9191241222613055,0.008036599960178137
4,ibm_brisbane,GHZ_alt,3,PyZX,3,3,2,0,0.9311567960258144,0.0007824000203981996
4,ibm_brisbane,GHZ_alt,3,TKET,8,16,2,0,0.9191241222613055,0.008123599924147129
4,ibm_brisbane,GHZ_alt,3,BQSKit,8,16,2,0,0.9191241222613055,0.008377699996344745
4,ibm_brisbane,GHZ_alt,3,Cirq-native,3,3,2,0,0.9311567960258144,0.0006954999407753348
4,ibm_brisbane,GHZ_alt,3,QADE,3,3,2,0,0.9311567960258144,0.012203599908389151
4,ibm_brisbane,GHZ_alt,3,QADE + PyZX,3,3,2,0,0.9311567960258144,0.00978139997459948
4,ibm_brisbane,GHZ_alt,3,QADE + Knowledge Graph,3,3,2,0,0.9311567960258144,0.0007980999071151018
4,ibm_brisbane,GHZ_alt,3,QADE + Evolution + PyZX,3,3,2,0,0.9311567960258144,0.009684700053185225
5,ibm_brisbane,GHZ,4,Qiskit,9,23,3,0,0.9090550302907661,0.007800999912433326
5,ibm_brisbane,GHZ,4,PyZX,4,4,3,0,0.9265010120456852,0.0007406999357044697
5,ibm_brisbane,GHZ,4,TKET,8,11,3,0,0.9200349290874911,0.008055299986153841
5,ibm_brisbane,GHZ,4,BQSKit,8,17,3,0,0.9145285016499989,0.009452599915675819
5,ibm_brisbane,GHZ,4,Cirq-native,4,4,3,0,0.9265010120456852,0.000725999940186739
5,ibm_brisbane,GHZ,4,QADE,4,4,3,0,0.9265010120456852,0.010066900053061545
5,ibm_brisbane,GHZ,4,QADE + PyZX,4,4,3,0,0.9265010120456852,0.009651700034737587
5,ibm_brisbane,GHZ,4,QADE + Knowledge Graph,4,4,3,0,0.9265010120456852,0.0006925000343471766
5,ibm_brisbane,GHZ,4,QADE + Evolution + PyZX,3,4,3,0,0.9265010120456852,0.020363699994049966
6,ibm_brisbane,GHZ_alt,4,Qiskit,8,11,3,0,0.9200349290874911,0.0077680000104010105
6,ibm_brisbane,GHZ_alt,4,PyZX,4,4,3,0,0.9265010120456852,0.0007244000444188714
6,ibm_brisbane,GHZ_alt,4,TKET,6,6,3,0,0.9246489365226059,0.007736700004898012
6,ibm_brisbane,GHZ_alt,4,BQSKit,8,17,3,0,0.9145285016499989,0.008328900090418756
6,ibm_brisbane,GHZ_alt,4,Cirq-native,4,4,3,0,0.9265010120456852,0.0009001999860629439
6,ibm_brisbane,GHZ_alt,4,QADE,4,4,3,0,0.9265010120456852,0.010875700041651726
6,ibm_brisbane,GHZ_alt,4,QADE + PyZX,4,4,3,0,0.9265010120456852,0.010531499981880188
6,ibm_brisbane,GHZ_alt,4,QADE + Knowledge Graph,4,4,3,0,0.9265010120456852,0.0007951000006869435
6,ibm_brisbane,GHZ_alt,4,QADE + Evolution + PyZX,4,4,3,0,0.9265010120456852,0.020006799953989685
7,ibm_brisbane,GHZ,5,Qiskit,9,18,4,0,0.9099558591417488,0.00830030010547489
7,ibm_brisbane,GHZ,5,PyZX,9,9,8,4,0.8677885204955086,0.0008372999727725983
7,ibm_brisbane,GHZ,5,TKET,9,18,4,0,0.9099558591417488,0.008336900034919381
7,ibm_brisbane,GHZ,5,BQSKit,9,18,4,0,0.9099558591417488,0.009343799902126193
7,ibm_brisbane,GHZ,5,Cirq-native,9,9,8,4,0.8677885204955086,0.0008072999771684408
7,ibm_brisbane,GHZ,5,QADE,6,6,5,0,0.9172591644505296,0.01141450006980449
7,ibm_brisbane,GHZ,5,QADE + PyZX,13,24,12,3,0.8497935775208684,0.03117760003078729
7,ibm_brisbane,GHZ,5,QADE + Knowledge Graph,9,9,8,4,0.8677885204955086,0.0007533000316470861
7,ibm_brisbane,GHZ,5,QADE + Evolution + PyZX,9,9,8,4,0.8677885204955086,0.009124399977736175
8,ibm_brisbane,GHZ_alt,5,Qiskit,9,18,4,0,0.9099558591417488,0.00859039998613298
8,ibm_brisbane,GHZ_alt,5,PyZX,9,9,8,4,0.8677885204955086,0.0008422000100836158
8,ibm_brisbane,GHZ_alt,5,TKET,9,18,4,0,0.9099558591417488,0.008760400000028312
8,ibm_brisbane,GHZ_alt,5,BQSKit,9,18,4,0,0.9099558591417488,0.008368799928575754
8,ibm_brisbane,GHZ_alt,5,Cirq-native,9,9,8,4,0.8677885204955086,0.0007016999879851937
8,ibm_brisbane,GHZ_alt,5,QADE,10,15,6,2,0.8872895069439127,0.015360399964265525
8,ibm_brisbane,GHZ_alt,5,QADE + PyZX,5,6,5,0,0.9172591644505296,0.010889700031839311
8,ibm_brisbane,GHZ_alt,5,QADE + Knowledge Graph,9,9,8,4,0.8677885204955086,0.0007051000138744712
8,ibm_brisbane,GHZ_alt,5,QADE + Evolution + PyZX,9,9,8,4,0.8677885204955086,0.011197800049558282
9,ibm_brisbane,QFT,2,Qiskit,4,7,1,0,0.9311661450318919,0.00788039993494749
9,ibm_brisbane,QFT,2,PyZX,3,3,1,0,0.9349001399294357,0.0007411000551655889
9,ibm_brisbane,QFT,2,TKET,4,7,1,0,0.9311661450318919,0.008192099980078638
9,ibm_brisbane,QFT,2,BQSKit,4,7,1,0,0.9311661450318919,0.00900059996638447
9,ibm_brisbane,QFT,2,Cirq-native,3,3,1,0,0.9349001399294357,0.0008147000335156918
9,ibm_brisbane,QFT,2,QADE,3,3,1,0,0.9349001399294357,0.011899199918843806
9,ibm_brisbane,QFT,2,QADE + PyZX,3,3,1,0,0.9349001399294357,0.011380599928088486
9,ibm_brisbane,QFT,2,QADE + Knowledge Graph,3,3,1,0,0.9349001399294357,0.0007050000131130219
9,ibm_brisbane,QFT,2,QADE + Evolution + PyZX,1,2,0,0,0.9395981305823474,0.013023399980738759
10,ibm_brisbane,QFT_alt,2,Qiskit,4,7,1,0,0.9311661450318919,0.007513000047765672
10,ibm_brisbane,QFT_alt,2,PyZX,3,3,1,0,0.9349001399294357,0.0007793999975547194
10,ibm_brisbane,QFT_alt,2,TKET,4,7,1,0,0.9311661450318919,0.008697999990545213
10,ibm_brisbane,QFT_alt,2,BQSKit,4,7,1,0,0.9311661450318919,0.009026800049468875
10,ibm_brisbane,QFT_alt,2,Cirq-native,3,3,1,0,0.9349001399294357,0.0007680000271648169
10,ibm_brisbane,QFT_alt,2,QADE,3,3,1,0,0.9349001399294357,0.009980999981053174
10,ibm_brisbane,QFT_alt,2,QADE + PyZX,3,3,1,0,0.9349001399294357,0.009851500042714179
10,ibm_brisbane,QFT_alt,2,QADE + Knowledge Graph,3,3,1,0,0.9349001399294357,0.0006497999420389533
10,ibm_brisbane,QFT_alt,2,QADE + Evolution + PyZX,1,2,0,0,0.9395981305823474,0.015128199942409992
11,ibm_brisbane,QFT,3,Qiskit,16,25,6,0,0.8963836539857833,0.01032209990080446
11,ibm_brisbane,QFT,3,PyZX,8,8,5,2,0.8971175144376453,0.0008625000482425094
11,ibm_brisbane,QFT,3,TKET,25,39,6,0,0.8839155283543331,0.010025599971413612
11,ibm_brisbane,QFT,3,BQSKit,24,38,6,0,0.8848003286830161,0.010862799943424761
11,ibm_brisbane,QFT,3,Cirq-native,8,8,5,2,0.8971175144376453,0.000776899978518486
11,ibm_brisbane,QFT,3,QADE,7,14,6,2,0.8881776846285414,0.018345699994824827
11,ibm_brisbane,QFT,3,QADE + PyZX,2,4,2,0,0.9302256392297886,0.009465800016187131
11,ibm_brisbane,QFT,3,QADE + Knowledge Graph,8,8,5,2,0.8971175144376453,0.000676299910992384
11,ibm_brisbane,QFT,3,QADE + Evolution + PyZX,8,8,5,2,0.8971175144376453,0.007644500001333654
12,ibm_brisbane,QFT_alt,3,Qiskit,16,25,6,0,0.8963836539857833,0.009848500019870698
12,ibm_brisbane,QFT_alt,3,PyZX,8,8,5,2,0.8971175144376453,0.0009447999764233828
12,ibm_brisbane,QFT_alt,3,TKET,24,38,6,0,0.8848003286830161,0.010740499943494797
12,ibm_brisbane,QFT_alt,3,BQSKit,24,38,6,0,0.8848003286830161,0.010794600006192923
12,ibm_brisbane,QFT_alt,3,Cirq-native,8,8,5,2,0.8971175144376453,0.00102980004157871
12,ibm_brisbane,QFT_alt,3,QADE,11,19,11,2,0.8661941794846589,0.023312199977226555
12,ibm_brisbane,QFT_alt,3,QADE + PyZX,2,4,1,0,0.9339652397895062,0.011048499960452318
12,ibm_brisbane,QFT_alt,3,QADE + Knowledge Graph,8,8,5,2,0.8971175144376453,0.0007404000498354435
12,ibm_brisbane,QFT_alt,3,QADE + Evolution + PyZX,8,8,5,2,0.8971175144376453,0.007523100008256733
13,ibm_brisbane,QFT,4,Qiskit,39,63,12,0,0.8424187723738126,0.010641600005328655
13,ibm_brisbane,QFT,4,PyZX,17,18,14,8,0.8063088914530675,0.0008539999835193157
13,ibm_brisbane,QFT,4,TKET,29,55,10,0,0.8560299215515608,0.010519900009967387
13,ibm_brisbane,QFT,4,BQSKit,39,61,12,0,0.8441061405487695,0.011230899952352047
13,ibm_brisbane,QFT,4,Cirq-native,17,18,14,8,0.8063088914530675,0.0009489000076428056
13,ibm_brisbane,QFT,4,QADE,2,4,2,0,0.9302256392297886,0.010626900009810925
13,ibm_brisbane,QFT,4,QADE + PyZX,8,19,11,1,0.8749880290225742,0.0300901000155136
13,ibm_brisbane,QFT,4,QADE + Knowledge Graph,17,18,14,8,0.8063088914530675,0.0008057999657467008
13,ibm_brisbane,QFT,4,QADE + Evolution + PyZX,10,12,9,6,0.8444895065460066,0.040900500025600195
14,ibm_brisbane,QFT_alt,4,Qiskit,37,62,12,0,0.8432620344082208,0.010211000102572143
14,ibm_brisbane,QFT_alt,4,PyZX,17,18,14,8,0.8063088914530675,0.000901399995200336
14,ibm_brisbane,QFT_alt,4,TKET,36,55,12,0,0.8491885509975279,0.010432499926537275
14,ibm_brisbane,QFT_alt,4,BQSKit,43,68,12,0,0.8382150942796908,0.013892199960537255
14,ibm_brisbane,QFT_alt,4,Cirq-native,17,18,14,8,0.8063088914530675,0.0009680000366643071
14,ibm_brisbane,QFT_alt,4,QADE,1,1,1,0,0.936772748653995,0.009999600006267428
14,ibm_brisbane,QFT_alt,4,QADE + PyZX,10,15,11,3,0.8609272572524238,0.027129300055094063
14,ibm_brisbane,QFT_alt,4,QADE + Knowledge Graph,17,18,14,8,0.8063088914530675,0.000802299939095974
14,ibm_brisbane,QFT_alt,4,QADE + Evolution + PyZX,13,14,11,7,0.8276630531280773,0.046189600019715726
15,ibm_brisbane,QFT,5,Qiskit,56,92,20,0,0.7924793141344544,0.011363899917341769
15,ibm_brisbane,QFT,5,PyZX,27,31,26,16,0.6995988777393441,0.000879499944858253
15,ibm_brisbane,QFT,5,TKET,50,88,18,0,0.8020672744370598,0.012191400048322976
15,ibm_brisbane,QFT,5,BQSKit,56,92,20,0,0.7924793141344544,0.011906999978236854
15,ibm_brisbane,QFT,5,Cirq-native,27,31,26,16,0.6995988777393441,0.000786400050856173
15,ibm_brisbane,QFT,5,QADE,5,6,5,0,0.9172591644505296,0.012711000046692789
15,ibm_brisbane,QFT,5,QADE + PyZX,4,6,5,0,0.9172591644505296,0.016314300009980798
15,ibm_brisbane,QFT,5,QADE + Knowledge Graph,27,31,26,16,0.6995988777393441,0.0007315000984817743
15,ibm_brisbane,QFT,5,QADE + Evolution + PyZX,27,31,26,16,0.6995988777393441,0.015099999960511923
16,ibm_brisbane,QFT_alt,5,Qiskit,55,100,20,0,0.7861616247187622,0.012101099942810833
16,ibm_brisbane,QFT_alt,5,PyZX,27,31,26,16,0.6995988777393441,0.0014096000231802464
16,ibm_brisbane,QFT_alt,5,TKET,56,90,20,0,0.7940666533745502,0.013714700005948544
16,ibm_brisbane,QFT_alt,5,BQSKit,55,100,20,0,0.7861616247187622,0.012049200013279915
16,ibm_brisbane,QFT_alt,5,Cirq-native,27,31,26,16,0.6995988777393441,0.0010183999547734857
16,ibm_brisbane,QFT_alt,5,QADE,7,15,5,1,0.899900728362405,0.027088399976491928
16,ibm_brisbane,QFT_alt,5,QADE + PyZX,7,14,7,2,0.8846214176230218,0.01865960005670786
16,ibm_brisbane,QFT_alt,5,QADE + Knowledge Graph,27,31,26,16,0.6995988777393441,0.0007878000615164638
16,ibm_brisbane,QFT_alt,5,QADE + Evolution + PyZX,27,31,26,16,0.6995988777393441,0.014303699950687587
17,ibm_brisbane,VQE,2,Qiskit,5,9,1,0,0.929304743907973,0.007675100001506507
17,ibm_brisbane,VQE,2,PyZX,2,3,1,0,0.9349001399294357,0.0009554000571370125
17,ibm_brisbane,VQE,2,TKET,5,9,1,0,0.929304743907973,0.009926600032486022
17,ibm_brisbane,VQE,2,BQSKit,5,9,1,0,0.929304743907973,0.013379200012423098
17,ibm_brisbane,VQE,2,Cirq-native,2,3,1,0,0.9349001399294357,0.0013333000242710114
17,ibm_brisbane,VQE,2,QADE,2,3,1,0,0.9349001399294357,0.012637500069104135
17,ibm_brisbane,VQE,2,QADE + PyZX,2,3,1,0,0.9349001399294357,0.009970400016754866
17,ibm_brisbane,VQE,2,QADE + Knowledge Graph,2,3,1,0,0.9349001399294357,0.0008414000039920211
17,ibm_brisbane,VQE,2,QADE + Evolution + PyZX,2,3,1,0,0.9349001399294357,0.01590640004724264
18,ibm_brisbane,VQE_alt,2,Qiskit,5,9,1,0,0.929304743907973,0.007982500013895333
18,ibm_brisbane,VQE_alt,2,PyZX,2,3,1,0,0.9349001399294357,0.0007336999988183379
18,ibm_brisbane,VQE_alt,2,TKET,9,15,1,0,0.9237428364435231,0.011022999999113381
18,ibm_brisbane,VQE_alt,2,BQSKit,5,9,1,0,0.929304743907973,0.02285800001118332
18,ibm_brisbane,VQE_alt,2,Cirq-native,2,3,1,0,0.9349001399294357,0.0012108999071642756
18,ibm_brisbane,VQE_alt,2,QADE,2,3,1,0,0.9349001399294357,0.013950099935755134
18,ibm_brisbane,VQE_alt,2,QADE + PyZX,2,3,1,0,0.9349001399294357,0.01052669994533062
18,ibm_brisbane,VQE_alt,2,QADE + Knowledge Graph,2,3,1,0,0.9349001399294357,0.0007766999769955873
18,ibm_brisbane,VQE_alt,2,QADE + Evolution + PyZX,2,3,1,0,0.9349001399294357,0.02774600009433925
19,ibm_brisbane,VQE,3,Qiskit,6,14,2,0,0.9209651315592924,0.01058739994186908
19,ibm_brisbane,VQE,3,PyZX,3,5,2,0,0.9292954135905587,0.0008634999394416809
19,ibm_brisbane,VQE,3,TKET,6,14,2,0,0.9209651315592924,0.009201099979691207
19,ibm_brisbane,VQE,3,BQSKit,6,14,2,0,0.9209651315592924,0.011202200083062053
19,ibm_brisbane,VQE,3,Cirq-native,3,5,2,0,0.9292954135905587,0.0010004000505432487
19,ibm_brisbane,VQE,3,QADE,3,5,2,0,0.9292954135905587,0.013210900011472404
19,ibm_brisbane,VQE,3,QADE + PyZX,3,5,2,0,0.9292954135905587,0.016455600038170815
19,ibm_brisbane,VQE,3,QADE + Knowledge Graph,3,5,2,0,0.9292954135905587,0.000677799922414124
19,ibm_brisbane,VQE,3,QADE + Evolution + PyZX,3,5,2,0,0.9292954135905587,0.008384200045838952
20,ibm_brisbane,VQE_alt,3,Qiskit,6,14,2,0,0.9209651315592924,0.008462000056169927
20,ibm_brisbane,VQE_alt,3,PyZX,3,5,2,0,0.9292954135905587,0.0009646000107750297
20,ibm_brisbane,VQE_alt,3,TKET,10,22,2,0,0.9136231460208704,0.009530100040137768
20,ibm_brisbane,VQE_alt,3,BQSKit,10,22,2,0,0.9136231460208704,0.009736499981954694
20,ibm_brisbane,VQE_alt,3,Cirq-native,3,5,2,0,0.9292954135905587,0.0008682999759912491
20,ibm_brisbane,VQE_alt,3,QADE,3,5,2,0,0.9292954135905587,0.010498799965716898
20,ibm_brisbane,VQE_alt,3,QADE + PyZX,3,5,2,0,0.9292954135905587,0.010278499918058515
20,ibm_brisbane,VQE_alt,3,QADE + Knowledge Graph,3,5,2,0,0.9292954135905587,0.0008150000358000398
20,ibm_brisbane,VQE_alt,3,QADE + Evolution + PyZX,3,5,2,0,0.9292954135905587,0.008006600080989301
21,ibm_brisbane,VQE,4,Qiskit,10,25,3,0,0.9072378292852147,0.008538200054317713
21,ibm_brisbane,VQE,4,PyZX,4,7,3,0,0.9237242875860834,0.0007466999813914299
21,ibm_brisbane,VQE,4,TKET,10,25,3,0,0.9072378292852147,0.00937260000500828
21,ibm_brisbane,VQE,4,BQSKit,7,19,3,0,0.9127003591752004,0.009862500010058284
21,ibm_brisbane,VQE,4,Cirq-native,4,7,3,0,0.9237242875860834,0.0007623001001775265
21,ibm_brisbane,VQE,4,QADE,4,7,3,0,0.9237242875860834,0.018322399933822453
21,ibm_brisbane,VQE,4,QADE + PyZX,4,7,3,0,0.9237242875860834,0.016109799966216087
21,ibm_brisbane,VQE,4,QADE + Knowledge Graph,4,7,3,0,0.9237242875860834,0.0006927000358700752
21,ibm_brisbane,VQE,4,QADE + Evolution + PyZX,4,7,3,0,0.9237242875860834,0.027622199966572225
22,ibm_brisbane,VQE_alt,4,Qiskit,7,19,3,0,0.9127003591752004,0.007787999929860234
22,ibm_brisbane,VQE_alt,4,PyZX,4,7,3,0,0.9237242875860834,0.0009568000677973032
22,ibm_brisbane,VQE_alt,4,TKET,10,25,3,0,0.9072378292852147,0.00946299999486655
22,ibm_brisbane,VQE_alt,4,BQSKit,10,25,3,0,0.9072378292852147,0.00890739995520562
22,ibm_brisbane,VQE_alt,4,Cirq-native,4,7,3,0,0.9237242875860834,0.0007166999857872725
22,ibm_brisbane,VQE_alt,4,QADE,4,7,3,0,0.9237242875860834,0.02153499994892627
22,ibm_brisbane,VQE_alt,4,QADE + PyZX,4,7,3,0,0.9237242875860834,0.014726800029166043
22,ibm_brisbane,VQE_alt,4,QADE + Knowledge Graph,4,7,3,0,0.9237242875860834,0.0007311999797821045
22,ibm_brisbane,VQE_alt,4,QADE + Evolution + PyZX,4,7,3,0,0.9237242875860834,0.03134380001574755
23,ibm_brisbane,VQE,5,Qiskit,12,32,4,0,0.8972989527820604,0.00857850001193583
23,ibm_brisbane,VQE,5,PyZX,9,13,8,4,0.8643225696743632,0.0009395000524818897
23,ibm_brisbane,VQE,5,TKET,12,32,4,0,0.8972989527820604,0.010634399950504303
23,ibm_brisbane,VQE,5,BQSKit,12,32,4,0,0.8972989527820604,0.00920670002233237
23,ibm_brisbane,VQE,5,Cirq-native,9,13,8,4,0.8643225696743632,0.00105189997702837
23,ibm_brisbane,VQE,5,QADE,5,13,5,1,0.9017032331254227,0.03597510000690818
23,ibm_brisbane,VQE,5,QADE + PyZX,3,4,3,0,0.9265010120456852,0.009690599981695414
23,ibm_brisbane,VQE,5,QADE + Knowledge Graph,9,13,8,4,0.8643225696743632,0.0007172999903559685
23,ibm_brisbane,VQE,5,QADE + Evolution + PyZX,9,13,8,4,0.8643225696743632,0.012360399938188493
24,ibm_brisbane,VQE_alt,5,Qiskit,12,32,4,0,0.8972989527820604,0.008543799980543554
24,ibm_brisbane,VQE_alt,5,PyZX,9,13,8,4,0.8643225696743632,0.0011168000055477023
24,ibm_brisbane,VQE_alt,5,TKET,12,32,4,0,0.8972989527820604,0.009169999975711107
24,ibm_brisbane,VQE_alt,5,BQSKit,12,32,4,0,0.8972989527820604,0.009009200031869113
24,ibm_brisbane,VQE_alt,5,Cirq-native,9,13,8,4,0.8643225696743632,0.0007151999743655324
24,ibm_brisbane,VQE_alt,5,QADE,1,1,1,1,0.927357947159985,0.00857239996548742
24,ibm_brisbane,VQE_alt,5,QADE + PyZX,4,9,4,0,0.9181865604820046,0.01979140006005764
24,ibm_brisbane,VQE_alt,5,QADE + Knowledge Graph,9,13,8,4,0.8643225696743632,0.0009885999606922269
24,ibm_brisbane,VQE_alt,5,QADE + Evolution + PyZX,9,13,8,4,0.8643225696743632,0.012276099994778633
25,ibm_brisbane,QAOA,2,Qiskit,11,18,2,0,0.917286793140905,0.008132199989631772
25,ibm_brisbane,QAOA,2,PyZX,5,7,2,0,0.9274377520587913,0.0008995000971481204
25,ibm_brisbane,QAOA,2,TKET,11,18,2,0,0.917286793140905,0.008614500053226948
25,ibm_brisbane,QAOA,2,BQSKit,11,18,2,0,0.917286793140905,0.008569400059059262
25,ibm_brisbane,QAOA,2,Cirq-native,5,7,2,0,0.9274377520587913,0.0007838999154046178
25,ibm_brisbane,QAOA,2,QADE,5,7,2,0,0.9274377520587913,0.01444850000552833
25,ibm_brisbane,QAOA,2,QADE + PyZX,5,7,2,0,0.9274377520587913,0.013438299996778369
25,ibm_brisbane,QAOA,2,QADE + Knowledge Graph,5,7,2,0,0.9274377520587913,0.0008911999175325036
25,ibm_brisbane,QAOA,2,QADE + Evolution + PyZX,4,6,1,0,0.9320982432751671,0.025564499897882342
26,ibm_brisbane,QAOA_alt,2,Qiskit,11,20,2,0,0.9154531368414163,0.008381699910387397
26,ibm_brisbane,QAOA_alt,2,PyZX,5,7,2,0,0.9274377520587913,0.0010109000140801072
26,ibm_brisbane,QAOA_alt,2,TKET,11,18,2,0,0.917286793140905,0.009381699957884848
26,ibm_brisbane,QAOA_alt,2,BQSKit,11,18,2,0,0.917286793140905,0.00869260006584227
26,ibm_brisbane,QAOA_alt,2,Cirq-native,5,7,2,0,0.9274377520587913,0.0007536000339314342
26,ibm_brisbane,QAOA_alt,2,QADE,5,7,2,0,0.9274377520587913,0.013644400052726269
26,ibm_brisbane,QAOA_alt,2,QADE + PyZX,5,7,2,0,0.9274377520587913,0.013436899986118078
26,ibm_brisbane,QAOA_alt,2,QADE + Knowledge Graph,5,7,2,0,0.9274377520587913,0.0006867999909445643
26,ibm_brisbane,QAOA_alt,2,QADE + Evolution + PyZX,5,7,2,0,0.9274377520587913,0.02321110002230853
27,ibm_brisbane,QAOA,3,Qiskit,16,34,4,0,0.895505252175449,0.010340599925257266
27,ibm_brisbane,QAOA,3,PyZX,8,12,4,0,0.9154347544420536,0.0008680000901222229
27,ibm_brisbane,QAOA,3,TKET,16,32,4,0,0.8972989527820604,0.010797100025229156
27,ibm_brisbane,QAOA,3,BQSKit,16,34,4,0,0.895505252175449,0.009860599995590746
27,ibm_brisbane,QAOA,3,Cirq-native,8,12,4,0,0.9154347544420536,0.0010588000295683742
27,ibm_brisbane,QAOA,3,QADE,8,12,4,0,0.9154347544420536,0.023439400014467537
27,ibm_brisbane,QAOA,3,QADE + PyZX,8,12,4,0,0.9154347544420536,0.015134399989619851
27,ibm_brisbane,QAOA,3,QADE + Knowledge Graph,8,12,4,0,0.9154347544420536,0.0007224000291898847
27,ibm_brisbane,QAOA,3,QADE + Evolution + PyZX,8,12,4,0,0.9154347544420536,0.01063200004864484
28,ibm_brisbane,QAOA_alt,3,Qiskit,14,29,4,0,0.899996242420591,0.008701300015673041
28,ibm_brisbane,QAOA_alt,3,PyZX,8,12,4,0,0.9154347544420536,0.0007803000044077635
28,ibm_brisbane,QAOA_alt,3,TKET,16,32,4,0,0.8972989527820604,0.009924799902364612
28,ibm_brisbane,QAOA_alt,3,BQSKit,14,29,4,0,0.899996242420591,0.009359100018627942
28,ibm_brisbane,QAOA_alt,3,Cirq-native,8,12,4,0,0.9154347544420536,0.0008567000040784478
28,ibm_brisbane,QAOA_alt,3,QADE,8,12,4,0,0.9154347544420536,0.019249900011345744
28,ibm_brisbane,QAOA_alt,3,QADE + PyZX,8,12,4,0,0.9154347544420536,0.016772500006482005
28,ibm_brisbane,QAOA_alt,3,QADE + Knowledge Graph,8,12,4,0,0.9154347544420536,0.0007576999487355351
28,ibm_brisbane,QAOA_alt,3,QADE + Evolution + PyZX,8,12,4,0,0.9154347544420536,0.008400899940170348
29,ibm_brisbane,QAOA,4,Qiskit,21,48,6,0,0.8759920354205226,0.008979099919088185
29,ibm_brisbane,QAOA,4,PyZX,11,17,6,0,0.9035871008917696,0.0008067999733611941
29,ibm_brisbane,QAOA,4,TKET,21,48,6,0,0.8759920354205226,0.010162099963054061
29,ibm_brisbane,QAOA,4,BQSKit,21,48,6,0,0.8759920354205226,0.010061300010420382
29,ibm_brisbane,QAOA,4,Cirq-native,11,17,6,0,0.9035871008917696,0.0008845999836921692
29,ibm_brisbane,QAOA,4,QADE,11,17,6,0,0.9035871008917696,0.020865099970251322
29,ibm_brisbane,QAOA,4,QADE + PyZX,11,17,6,0,0.9035871008917696,0.02059399988502264
29,ibm_brisbane,QAOA,4,QADE + Knowledge Graph,11,17,6,0,0.9035871008917696,0.0007323999889194965
29,ibm_brisbane,QAOA,4,QADE + Evolution + PyZX,10,15,6,0,0.9053969894737275,0.04725860001053661
30,ibm_brisbane,QAOA_alt,4,Qiskit,21,46,6,0,0.8777466509758233,0.008689199923537672
30,ibm_brisbane,QAOA_alt,4,PyZX,11,17,6,0,0.9035871008917696,0.001166700036264956
30,ibm_brisbane,QAOA_alt,4,TKET,17,40,6,0,0.8830316128259788,0.00958459998946637
30,ibm_brisbane,QAOA_alt,4,BQSKit,19,43,6,0,0.8803851661993077,0.009547099936753511
30,ibm_brisbane,QAOA_alt,4,Cirq-native,11,17,6,0,0.9035871008917696,0.0009636000031605363
30,ibm_brisbane,QAOA_alt,4,QADE,11,17,6,0,0.9035871008917696,0.03128100000321865
30,ibm_brisbane,QAOA_alt,4,QADE + PyZX,11,17,6,0,0.9035871008917696,0.019673899980261922
30,ibm_brisbane,QAOA_alt,4,QADE + Knowledge Graph,11,17,6,0,0.9035871008917696,0.0007706000469624996
30,ibm_brisbane,QAOA_alt,4,QADE + Evolution + PyZX,11,16,6,0,0.9044915924842539,0.0433945000404492
31,ibm_brisbane,QAOA,5,Qiskit,24,57,8,0,0.8612014187738898,0.009005999891087413
31,ibm_brisbane,QAOA,5,PyZX,21,30,16,8,0.7903191270019462,0.0012599000474438071
31,ibm_brisbane,QAOA,5,TKET,24,57,8,0,0.8612014187738898,0.010019499924965203
31,ibm_brisbane,QAOA,5,BQSKit,24,57,8,0,0.8612014187738898,0.00967360008507967
31,ibm_brisbane,QAOA,5,Cirq-native,21,30,16,8,0.7903191270019462,0.0008579000132158399
31,ibm_brisbane,QAOA,5,QADE,5,6,5,0,0.9172591644505296,0.01194620004389435
31,ibm_brisbane,QAOA,5,QADE + PyZX,5,6,5,0,0.9172591644505296,0.016424400033429265
31,ibm_brisbane,QAOA,5,QADE + Knowledge Graph,21,30,16,8,0.7903191270019462,0.0008894999045878649
31,ibm_brisbane,QAOA,5,QADE + Evolution + PyZX,21,30,16,8,0.7903191270019462,0.014849099912680686
32,ibm_brisbane,QAOA_alt,5,Qiskit,24,57,8,0,0.8612014187738898,0.009539599996060133
32,ibm_brisbane,QAOA_alt,5,PyZX,21,30,16,8,0.7903191270019462,0.0009304999839514494
32,ibm_brisbane,QAOA_alt,5,TKET,24,57,8,0,0.8612014187738898,0.010287399985827506
32,ibm_brisbane,QAOA_alt,5,BQSKit,24,57,8,0,0.8612014187738898,0.010278100031428039
32,ibm_brisbane,QAOA_alt,5,Cirq-native,21,30,16,8,0.7903191270019462,0.000813000020571053
32,ibm_brisbane,QAOA_alt,5,QADE,6,6,5,0,0.9172591644505296,0.01334469998255372
32,ibm_brisbane,QAOA_alt,5,QADE + PyZX,13,22,9,3,0.8618063514647528,0.031474299961701035
32,ibm_brisbane,QAOA_alt,5,QADE + Knowledge Graph,21,30,16,8,0.7903191270019462,0.0007803000044077635
32,ibm_brisbane,QAOA_alt,5,QADE + Evolution + PyZX,21,30,16,8,0.7903191270019462,0.017793299979530275
33,ibm_brisbane,QV,2,Qiskit,11,17,1,0,0.9218962745134723,0.008523699943907559
33,ibm_brisbane,QV,2,PyZX,3,5,1,0,0.9330312745497168,0.0007813000120222569
33,ibm_brisbane,QV,2,TKET,11,19,1,0,0.9200534038607199,0.010244500008411705
33,ibm_brisbane,QV,2,BQSKit,11,19,1,0,0.9200534038607199,0.009016200085170567
33,ibm_brisbane,QV,2,Cirq-native,3,5,1,0,0.9330312745497168,0.0007524000247940421
33,ibm_brisbane,QV,2,QADE,3,5,1,0,0.9330312745497168,0.012831500032916665
33,ibm_brisbane,QV,2,QADE + PyZX,3,5,1,0,0.9330312745497168,0.012907400028780103
33,ibm_brisbane,QV,2,QADE + Knowledge Graph,3,5,1,0,0.9330312745497168,0.0007666000165045261
33,ibm_brisbane,QV,2,QADE + Evolution + PyZX,3,5,1,0,0.9330312745497168,0.018409500014968216
34,ibm_brisbane,QV_alt,2,Qiskit,11,19,1,0,0.9200534038607199,0.008583200047723949
34,ibm_brisbane,QV_alt,2,PyZX,3,5,1,0,0.9330312745497168,0.0008026999421417713
34,ibm_brisbane,QV_alt,2,TKET,11,19,1,0,0.9200534038607199,0.008751100045628846
34,ibm_brisbane,QV_alt,2,BQSKit,11,19,1,0,0.9200534038607199,0.009259799961000681
34,ibm_brisbane,QV_alt,2,Cirq-native,3,5,1,0,0.9330312745497168,0.0007464999798685312
34,ibm_brisbane,QV_alt,2,QADE,3,5,1,0,0.9330312745497168,0.011873100069351494
34,ibm_brisbane,QV_alt,2,QADE + PyZX,3,5,1,0,0.9330312745497168,0.01044959994032979
34,ibm_brisbane,QV_alt,2,QADE + Knowledge Graph,3,5,1,0,0.9330312745497168,0.000784300034865737
34,ibm_brisbane,QV_alt,2,QADE + Evolution + PyZX,3,5,1,0,0.9330312745497168,0.020771699957549572
35,ibm_brisbane,QV,3,Qiskit,11,24,1,0,0.9154623281795203,0.007964399992488325
35,ibm_brisbane,QV,3,PyZX,3,7,1,0,0.9311661450318919,0.0010909999255090952
35,ibm_brisbane,QV,3,TKET,11,24,1,0,0.9154623281795203,0.009193999925628304
35,ibm_brisbane,QV,3,BQSKit,11,24,1,0,0.9154623281795203,0.009920299984514713
35,ibm_brisbane,QV,3,Cirq-native,3,7,1,0,0.9311661450318919,0.0010108000133186579
35,ibm_brisbane,QV,3,QADE,3,7,1,0,0.9311661450318919,0.013935100054368377
35,ibm_brisbane,QV,3,QADE + PyZX,3,7,1,0,0.9311661450318919,0.01650370005518198
35,ibm_brisbane,QV,3,QADE + Knowledge Graph,3,7,1,0,0.9311661450318919,0.0006842000875622034
35,ibm_brisbane,QV,3,QADE + Evolution + PyZX,3,7,1,0,0.9311661450318919,0.007500699954107404
36,ibm_brisbane,QV_alt,3,Qiskit,11,22,1,0,0.917296002889296,0.008319400018081069
36,ibm_brisbane,QV_alt,3,PyZX,3,7,1,0,0.9311661450318919,0.0009046000195667148
36,ibm_brisbane,QV_alt,3,TKET,11,24,1,0,0.9154623281795203,0.00967790000140667
36,ibm_brisbane,QV_alt,3,BQSKit,11,24,1,0,0.9154623281795203,0.01252829993609339
36,ibm_brisbane,QV_alt,3,Cirq-native,3,7,1,0,0.9311661450318919,0.0012140999315306544
36,ibm_brisbane,QV_alt,3,QADE,3,7,1,0,0.9311661450318919,0.020409699995070696
36,ibm_brisbane,QV_alt,3,QADE + PyZX,3,7,1,0,0.9311661450318919,0.013044299907051027
36,ibm_brisbane,QV_alt,3,QADE + Knowledge Graph,3,7,1,0,0.9311661450318919,0.0007556999335065484
36,ibm_brisbane,QV_alt,3,QADE + Evolution + PyZX,3,7,1,0,0.9311661450318919,0.008029100019484758
37,ibm_brisbane,QV,4,Qiskit,11,38,2,0,0.8991143004919079,0.008205000078305602
37,ibm_brisbane,QV,4,PyZX,3,10,2,0,0.9246582201884332,0.0007296999683603644
37,ibm_brisbane,QV,4,TKET,11,36,2,0,0.9009152300367514,0.009368100087158382
37,ibm_brisbane,QV,4,BQSKit,11,38,2,0,0.8991143004919079,0.009079099982045591
37,ibm_brisbane,QV,4,Cirq-native,3,10,2,0,0.9246582201884332,0.000739899929612875
37,ibm_brisbane,QV,4,QADE,3,10,2,0,0.9246582201884332,0.022217700025066733
37,ibm_brisbane,QV,4,QADE + PyZX,3,10,2,0,0.9246582201884332,0.015790199977345765
37,ibm_brisbane,QV,4,QADE + Knowledge Graph,3,10,2,0,0.9246582201884332,0.0008169999346137047
37,ibm_brisbane,QV,4,QADE + Evolution + PyZX,3,10,2,0,0.9246582201884332,0.039630700019188225
38,ibm_brisbane,QV_alt,4,Qiskit,11,38,2,0,0.8991143004919079,0.008375999983400106
38,ibm_brisbane,QV_alt,4,PyZX,3,10,2,0,0.9246582201884332,0.0008910000324249268
38,ibm_brisbane,QV_alt,4,TKET,11,36,2,0,0.9009152300367514,0.009121799957938492
38,ibm_brisbane,QV_alt,4,BQSKit,11,38,2,0,0.8991143004919079,0.009489099960774183
38,ibm_brisbane,QV_alt,4,Cirq-native,3,10,2,0,0.9246582201884332,0.0008585000177845359
38,ibm_brisbane,QV_alt,4,QADE,3,10,2,0,0.9246582201884332,0.014883000054396689
38,ibm_brisbane,QV_alt,4,QADE + PyZX,3,10,2,0,0.9246582201884332,0.0123862000182271
38,ibm_brisbane,QV_alt,4,QADE + Knowledge Graph,3,10,2,0,0.9246582201884332,0.0008010000456124544
38,ibm_brisbane,QV_alt,4,QADE + Evolution + PyZX,3,10,2,0,0.9246582201884332,0.03288170008454472
39,ibm_brisbane,QV,5,Qiskit,11,43,2,0,0.894627711145805,0.010753100039437413
39,ibm_brisbane,QV,5,PyZX,3,12,2,0,0.9228098284062766,0.0007810000097379088
39,ibm_brisbane,QV,5,TKET,11,43,2,0,0.894627711145805,0.010675900033675134
39,ibm_brisbane,QV,5,BQSKit,11,41,2,0,0.8964196540342193,0.010104099987074733
39,ibm_brisbane,QV,5,Cirq-native,3,12,2,0,0.9228098284062766,0.0007391000399366021
39,ibm_brisbane,QV,5,QADE,3,12,2,0,0.9228098284062766,0.01772910007275641
39,ibm_brisbane,QV,5,QADE + PyZX,3,12,2,0,0.9228098284062766,0.015239299973472953
39,ibm_brisbane,QV,5,QADE + Knowledge Graph,3,12,2,0,0.9228098284062766,0.000735200010240078
39,ibm_brisbane,QV,5,QADE + Evolution + PyZX,3,12,2,0,0.9228098284062766,0.03243360004853457
40,ibm_brisbane,QV_alt,5,Qiskit,11,43,2,0,0.894627711145805,0.008685899898409843
40,ibm_brisbane,QV_alt,5,PyZX,3,12,2,0,0.9228098284062766,0.0007669000187888741
40,ibm_brisbane,QV_alt,5,TKET,11,41,2,0,0.8964196540342193,0.010055099963210523
40,ibm_brisbane,QV_alt,5,BQSKit,11,43,2,0,0.894627711145805,0.00957120000384748
40,ibm_brisbane,QV_alt,5,Cirq-native,3,12,2,0,0.9228098284062766,0.0007819000165909529
40,ibm_brisbane,QV_alt,5,QADE,3,12,2,0,0.9228098284062766,0.016545500024221838
40,ibm_brisbane,QV_alt,5,QADE + PyZX,3,12,2,0,0.9228098284062766,0.019729600055143237
40,ibm_brisbane,QV_alt,5,QADE + Knowledge Graph,3,12,2,0,0.9228098284062766,0.0009357000235468149
40,ibm_brisbane,QV_alt,5,QADE + Evolution + PyZX,3,12,2,0,0.9228098284062766,0.014311300008557737
41,ibm_brisbane,Random_0,4,Qiskit,9,18,1,0,0.920974378238959,0.027733399998396635
41,ibm_brisbane,Random_0,4,PyZX,12,20,11,10,0.7981526268950477,0.0008572000078856945
41,ibm_brisbane,Random_0,4,TKET,7,17,1,0,0.9218962745134723,0.010395299992524087
41,ibm_brisbane,Random_0,4,BQSKit,9,18,1,0,0.920974378238959,0.013699300005100667
41,ibm_brisbane,Random_0,4,Cirq-native,12,20,11,10,0.7981526268950477,0.0017619000282138586
41,ibm_brisbane,Random_0,4,QADE,3,7,2,0,0.9274377520587913,0.01710049994289875
41,ibm_brisbane,Random_0,4,QADE + PyZX,5,11,7,0,0.9053878991926834,0.020032500033266842
41,ibm_brisbane,Random_0,4,QADE + Knowledge Graph,12,20,11,10,0.7981526268950477,0.0007489999989047647
41,ibm_brisbane,Random_0,4,QADE + Evolution + PyZX,5,6,4,2,0.9025281708217217,0.0202106999931857
42,ibm_brisbane,Random_1,4,Qiskit,9,18,1,0,0.920974378238959,0.009196300059556961
42,ibm_brisbane,Random_1,4,PyZX,12,20,11,10,0.7981526268950477,0.0010062999790534377
42,ibm_brisbane,Random_1,4,TKET,9,18,1,0,0.920974378238959,0.019952500006183982
42,ibm_brisbane,Random_1,4,BQSKit,9,18,1,0,0.920974378238959,0.017188199912197888
42,ibm_brisbane,Random_1,4,Cirq-native,12,20,11,10,0.7981526268950477,0.0010727000189945102
42,ibm_brisbane,Random_1,4,QADE,1,1,1,0,0.936772748653995,0.016007699887268245
42,ibm_brisbane,Random_1,4,QADE + PyZX,12,20,9,3,0.8635325530382763,0.030323000042699277
42,ibm_brisbane,Random_1,4,QADE + Knowledge Graph,12,20,11,10,0.7981526268950477,0.0008026000577956438
42,ibm_brisbane,Random_1,4,QADE + Evolution + PyZX,4,7,4,1,0.9107792024747668,0.031336700078099966
43,ibm_brisbane,Random_2,4,Qiskit,9,18,1,0,0.920974378238959,0.00936949998140335
43,ibm_brisbane,Random_2,4,PyZX,12,20,11,10,0.7981526268950477,0.0008178000571206212
43,ibm_brisbane,Random_2,4,TKET,7,17,1,0,0.9218962745134723,0.009095099987462163
43,ibm_brisbane,Random_2,4,BQSKit,7,17,1,0,0.9218962745134723,0.009138899971731007
43,ibm_brisbane,Random_2,4,Cirq-native,12,20,11,10,0.7981526268950477,0.0009859000565484166
43,ibm_brisbane,Random_2,4,QADE,4,6,2,2,0.9097992646733658,0.014314600033685565
43,ibm_brisbane,Random_2,4,QADE + PyZX,7,14,6,2,0.8881776846285414,0.014985700021497905
43,ibm_brisbane,Random_2,4,QADE + Knowledge Graph,12,20,11,10,0.7981526268950477,0.0007169999880716205
43,ibm_brisbane,Random_2,4,QADE + Evolution + PyZX,1,2,0,0,0.9395981305823474,0.016987400013022125
44,ibm_brisbane,Random_3,4,Qiskit,7,17,1,0,0.9218962745134723,0.008474600035697222
44,ibm_brisbane,Random_3,4,PyZX,12,20,11,10,0.7981526268950477,0.0009398999391123652
44,ibm_brisbane,Random_3,4,TKET,9,18,1,0,0.920974378238959,0.009013500064611435
44,ibm_brisbane,Random_3,4,BQSKit,9,18,1,0,0.920974378238959,0.009300300036557019
44,ibm_brisbane,Random_3,4,Cirq-native,12,20,11,10,0.7981526268950477,0.0007827000226825476
44,ibm_brisbane,Random_3,4,QADE,2,5,2,1,0.9199557611926635,0.014992100070230663
44,ibm_brisbane,Random_3,4,QADE + PyZX,3,3,2,2,0.9125341303746326,0.008744999999180436
44,ibm_brisbane,Random_3,4,QADE + Knowledge Graph,12,20,11,10,0.7981526268950477,0.0007041000062599778
44,ibm_brisbane,Random_3,4,QADE + Evolution + PyZX,3,4,2,0,0.9302256392297886,0.027432900038547814
45,ibm_brisbane,Random_4,4,Qiskit,7,17,1,0,0.9218962745134723,0.008186700055375695
45,ibm_brisbane,Random_4,4,PyZX,12,20,11,10,0.7981526268950477,0.0010375999845564365
45,ibm_brisbane,Random_4,4,TKET,7,17,1,0,0.9218962745134723,0.008745600003749132
45,ibm_brisbane,Random_4,4,BQSKit,9,18,1,0,0.920974378238959,0.009518299950286746
45,ibm_brisbane,Random_4,4,Cirq-native,12,20,11,10,0.7981526268950477,0.0008175999391824007
45,ibm_brisbane,Random_4,4,QADE,2,3,3,0,0.9274284404861715,0.015502299997024238
45,ibm_brisbane,Random_4,4,QADE + PyZX,5,10,5,2,0.8953241765262845,0.019820299930870533
45,ibm_brisbane,Random_4,4,QADE + Knowledge Graph,12,20,11,10,0.7981526268950477,0.0008004999253898859
45,ibm_brisbane,Random_4,4,QADE + Evolution + PyZX,10,15,8,1,0.8891343339921138,0.024885999970138073
46,ibm_brisbane,Random_5,4,Qiskit,9,18,1,0,0.920974378238959,0.008839800022542477
46,ibm_brisbane,Random_5,4,PyZX,12,20,11,10,0.7981526268950477,0.0010282000293955207
46,ibm_brisbane,Random_5,4,TKET,9,18,1,0,0.920974378238959,0.009562900057062507
46,ibm_brisbane,Random_5,4,BQSKit,9,18,1,0,0.920974378238959,0.009288699948228896
46,ibm_brisbane,Random_5,4,Cirq-native,12,20,11,10,0.7981526268950477,0.0010139000369235873
46,ibm_brisbane,Random_5,4,QADE,2,2,2,1,0.9227211574241851,0.010210699983872473
46,ibm_brisbane,Random_5,4,QADE + PyZX,8,18,11,4,0.8497204538095361,0.02309529995545745
46,ibm_brisbane,Random_5,4,QADE + Knowledge Graph,12,20,11,10,0.7981526268950477,0.0011314000003039837
46,ibm_brisbane,Random_5,4,QADE + Evolution + PyZX,1,1,1,1,0.927357947159985,0.01711100002285093
47,ibm_brisbane,Random_6,4,Qiskit,9,18,1,0,0.920974378238959,0.009746300056576729
47,ibm_brisbane,Random_6,4,PyZX,12,20,11,10,0.7981526268950477,0.0011526000453159213
47,ibm_brisbane,Random_6,4,TKET,9,18,1,0,0.920974378238959,0.00948809995315969
47,ibm_brisbane,Random_6,4,BQSKit,9,18,1,0,0.920974378238959,0.009413500083610415
47,ibm_brisbane,Random_6,4,Cirq-native,12,20,11,10,0.7981526268950477,0.0009947000071406364
47,ibm_brisbane,Random_6,4,QADE,6,15,6,1,0.8962975222428359,0.026685700053349137
47,ibm_brisbane,Random_6,4,QADE + PyZX,13,21,12,1,0.8697424757885839,0.02614570001605898
47,ibm_brisbane,Random_6,4,QADE + Knowledge Graph,12,20,11,10,0.7981526268950477,0.0007426999509334564
47,ibm_brisbane,Random_6,4,QADE + Evolution + PyZX,2,5,1,0,0.9330312745497168,0.031024000025354326
48,ibm_brisbane,Random_7,4,Qiskit,9,18,1,0,0.920974378238959,0.009948200080543756
48,ibm_brisbane,Random_7,4,PyZX,12,20,11,10,0.7981526268950477,0.0010546999983489513
48,ibm_brisbane,Random_7,4,TKET,7,17,1,0,0.9218962745134723,0.06337460002396256
48,ibm_brisbane,Random_7,4,BQSKit,9,18,1,0,0.920974378238959,0.014131599920801818
48,ibm_brisbane,Random_7,4,Cirq-native,12,20,11,10,0.7981526268950477,0.0009629999985918403
48,ibm_brisbane,Random_7,4,QADE,2,2,2,1,0.9227211574241851,0.012633400037884712
48,ibm_brisbane,Random_7,4,QADE + PyZX,3,4,2,2,0.911621596244258,0.027238299953751266
48,ibm_brisbane,Random_7,4,QADE + Knowledge Graph,12,20,11,10,0.7981526268950477,0.0009174000006169081
48,ibm_brisbane,Random_7,4,QADE + Evolution + PyZX,1,2,1,0,0.9358359759053411,0.018810899928212166
49,ibm_brisbane,Random_8,4,Qiskit,9,18,1,0,0.920974378238959,0.009422900038771331
49,ibm_brisbane,Random_8,4,PyZX,12,20,11,10,0.7981526268950477,0.000848800060339272
49,ibm_brisbane,Random_8,4,TKET,7,17,1,0,0.9218962745134723,0.016987300012260675
49,ibm_brisbane,Random_8,4,BQSKit,7,17,1,0,0.9218962745134723,0.06280960002914071
49,ibm_brisbane,Random_8,4,Cirq-native,12,20,11,10,0.7981526268950477,0.0016714000375941396
49,ibm_brisbane,Random_8,4,QADE,6,6,5,0,0.9172591644505296,0.01668720005545765
49,ibm_brisbane,Random_8,4,QADE + PyZX,2,5,1,0,0.9330312745497168,0.018815600080415606
49,ibm_brisbane,Random_8,4,QADE + Knowledge Graph,12,20,11,10,0.7981526268950477,0.0007515000179409981
49,ibm_brisbane,Random_8,4,QADE + Evolution + PyZX,2,4,1,0,0.9339652397895062,0.02481249999254942
50,ibm_brisbane,Random_9,4,Qiskit,7,17,1,0,0.9218962745134723,0.008543199975974858
50,ibm_brisbane,Random_9,4,PyZX,12,20,11,10,0.7981526268950477,0.0008508999599143863
50,ibm_brisbane,Random_9,4,TKET,9,18,1,0,0.920974378238959,0.05255579994991422
50,ibm_brisbane,Random_9,4,BQSKit,7,17,1,0,0.9218962745134723,0.01526370004285127
50,ibm_brisbane,Random_9,4,Cirq-native,12,20,11,10,0.7981526268950477,0.0014097999082878232
50,ibm_brisbane,Random_9,4,QADE,5,6,5,0,0.9172591644505296,0.014746999950148165
50,ibm_brisbane,Random_9,4,QADE + PyZX,7,16,8,2,0.8793181122243717,0.019653999945148826
50,ibm_brisbane,Random_9,4,QADE + Knowledge Graph,12,20,11,10,0.7981526268950477,0.0007347000064328313
50,ibm_brisbane,Random_9,4,QADE + Evolution + PyZX,5,10,6,2,0.8917392949385917,0.032244800007902086
51,ionq_aria,GHZ,2,Qiskit,4,4,1,0,0.9339652397895062,0.00814739998895675
51,ionq_aria,GHZ,2,PyZX,2,2,1,0,0.9358359759053411,0.000989799969829619
51,ionq_aria,GHZ,2,TKET,4,4,1,0,0.9339652397895062,0.014440400060266256
51,ionq_aria,GHZ,2,BQSKit,4,4,1,0,0.9339652397895062,0.01918079995084554
51,ionq_aria,GHZ,2,Cirq-native,2,2,1,0,0.9358359759053411,0.0017561999848112464
51,ionq_aria,GHZ,2,QADE,2,2,1,0,0.9358359759053411,0.018962499918416142
51,ionq_aria,GHZ,2,QADE + PyZX,2,2,1,0,0.9358359759053411,0.017237399937584996
51,ionq_aria,GHZ,2,QADE + Knowledge Graph,2,2,1,0,0.9358359759053411,0.0008792999433353543
51,ionq_aria,GHZ,2,QADE + Evolution + PyZX,2,2,1,0,0.9358359759053411,0.018030599923804402
52,ionq_aria,GHZ_alt,2,Qiskit,4,4,1,0,0.9339652397895062,0.008840999915264547
52,ionq_aria,GHZ_alt,2,PyZX,2,2,1,0,0.9358359759053411,0.0017743000062182546
52,ionq_aria,GHZ_alt,2,TKET,4,4,1,0,0.9339652397895062,0.011798300081864
52,ionq_aria,GHZ_alt,2,BQSKit,4,4,1,0,0.9339652397895062,0.011176300002261996
52,ionq_aria,GHZ_alt,2,Cirq-native,2,2,1,0,0.9358359759053411,0.000923900050111115
52,ionq_aria,GHZ_alt,2,QADE,2,2,1,0,0.9358359759053411,0.01760709995869547
52,ionq_aria,GHZ_alt,2,QADE + PyZX,2,2,1,0,0.9358359759053411,0.01253129995893687
52,ionq_aria,GHZ_alt,2,QADE + Knowledge Graph,2,2,1,0,0.9358359759053411,0.0009333000052720308
52,ionq_aria,GHZ_alt,2,QADE + Evolution + PyZX,2,2,1,0,0.9358359759053411,0.015609299996867776
53,ionq_aria,GHZ,3,Qiskit,5,5,2,0,0.9292954135905587,0.008279999950900674
53,ionq_aria,GHZ,3,PyZX,3,3,2,0,0.9311567960258144,0.0009923999896273017
53,ionq_aria,GHZ,3,TKET,5,5,2,0,0.9292954135905587,0.01001860003452748
53,ionq_aria,GHZ,3,BQSKit,5,5,2,0,0.9292954135905587,0.012520299991592765
53,ionq_aria,GHZ,3,Cirq-native,3,3,2,0,0.9311567960258144,0.0015595000004395843
53,ionq_aria,GHZ,3,QADE,3,3,2,0,0.9311567960258144,0.012924199923872948
53,ionq_aria,GHZ,3,QADE + PyZX,3,3,2,0,0.9311567960258144,0.01753790001384914
53,ionq_aria,GHZ,3,QADE + Knowledge Graph,3,3,2,0,0.9311567960258144,0.0010489999549463391
53,ionq_aria,GHZ,3,QADE + Evolution + PyZX,3,3,2,0,0.9311567960258144,0.01957489992491901
54,ionq_aria,GHZ_alt,3,Qiskit,5,5,2,0,0.9292954135905587,0.00944209995213896
54,ionq_aria,GHZ_alt,3,PyZX,3,3,2,0,0.9311567960258144,0.0016885000513866544
54,ionq_aria,GHZ_alt,3,TKET,5,5,2,0,0.9292954135905587,0.01632099994458258
54,ionq_aria,GHZ_alt,3,BQSKit,5,5,2,0,0.9292954135905587,0.011996099958196282
54,ionq_aria,GHZ_alt,3,Cirq-native,3,3,2,0,0.9311567960258144,0.0013420999748632312
54,ionq_aria,GHZ_alt,3,QADE,3,3,2,0,0.9311567960258144,0.01162309991195798
54,ionq_aria,GHZ_alt,3,QADE + PyZX,3,3,2,0,0.9311567960258144,0.01768889999948442
54,ionq_aria,GHZ_alt,3,QADE + Knowledge Graph,3,3,2,0,0.9311567960258144,0.0009467999916523695
54,ionq_aria,GHZ_alt,3,QADE + Evolution + PyZX,3,3,2,0,0.9311567960258144,0.016560500022023916
55,ionq_aria,GHZ,4,Qiskit,6,6,3,0,0.9246489365226059,0.008140499936416745
55,ionq_aria,GHZ,4,PyZX,4,4,3,0,0.9265010120456852,0.0010624000569805503
55,ionq_aria,GHZ,4,TKET,6,6,3,0,0.9246489365226059,0.009819800034165382
55,ionq_aria,GHZ,4,BQSKit,6,6,3,0,0.9246489365226059,0.009113200008869171
55,ionq_aria,GHZ,4,Cirq-native,4,4,3,0,0.9265010120456852,0.0009213999146595597
55,ionq_aria,GHZ,4,QADE,4,4,3,0,0.9265010120456852,0.010131100076250732
55,ionq_aria,GHZ,4,QADE + PyZX,4,4,3,0,0.9265010120456852,0.012195199960842729
55,ionq_aria,GHZ,4,QADE + Knowledge Graph,4,4,3,0,0.9265010120456852,0.0008836999768391252
55,ionq_aria,GHZ,4,QADE + Evolution + PyZX,4,4,3,0,0.9265010120456852,0.02242419996764511
56,ionq_aria,GHZ_alt,4,Qiskit,6,6,3,0,0.9246489365226059,0.007804900058545172
56,ionq_aria,GHZ_alt,4,PyZX,4,4,3,0,0.9265010120456852,0.0010101000079885125
56,ionq_aria,GHZ_alt,4,TKET,6,6,3,0,0.9246489365226059,0.009432599996216595
56,ionq_aria,GHZ_alt,4,BQSKit,6,6,3,0,0.9246489365226059,0.011181300040334463
56,ionq_aria,GHZ_alt,4,Cirq-native,4,4,3,0,0.9265010120456852,0.0009128000820055604
56,ionq_aria,GHZ_alt,4,QADE,4,4,3,0,0.9265010120456852,0.013502500019967556
56,ionq_aria,GHZ_alt,4,QADE + PyZX,4,4,3,0,0.9265010120456852,0.011212899931706488
56,ionq_aria,GHZ_alt,4,QADE + Knowledge Graph,4,4,3,0,0.9265010120456852,0.0008460999233648181
56,ionq_aria,GHZ_alt,4,QADE + Evolution + PyZX,4,4,3,0,0.9265010120456852,0.02215750003233552
57,ionq_aria,GHZ,5,Qiskit,7,7,4,0,0.9200256918399928,0.00905989995226264
57,ionq_aria,GHZ,5,PyZX,5,5,4,0,0.9218685069854567,0.001874700072221458
57,ionq_aria,GHZ,5,TKET,7,7,4,0,0.9200256918399928,0.017199499998241663
57,ionq_aria,GHZ,5,BQSKit,7,7,4,0,0.9200256918399928,0.016783099970780313
57,ionq_aria,GHZ,5,Cirq-native,5,5,4,0,0.9218685069854567,0.0013155000051483512
57,ionq_aria,GHZ,5,QADE,5,5,4,0,0.9218685069854567,0.01356720004696399
57,ionq_aria,GHZ,5,QADE + PyZX,5,5,4,0,0.9218685069854567,0.020027299993671477
57,ionq_aria,GHZ,5,QADE + Knowledge Graph,5,5,4,0,0.9218685069854567,0.0018670998979359865
57,ionq_aria,GHZ,5,QADE + Evolution + PyZX,4,5,4,0,0.9218685069854567,0.03715659992303699
58,ionq_aria,GHZ_alt,5,Qiskit,7,7,4,0,0.9200256918399928,0.008011800004169345
58,ionq_aria,GHZ_alt,5,PyZX,5,5,4,0,0.9218685069854567,0.0010232999920845032
58,ionq_aria,GHZ_alt,5,TKET,7,7,4,0,0.9200256918399928,0.009546700050123036
58,ionq_aria,GHZ_alt,5,BQSKit,7,7,4,0,0.9200256918399928,0.01728620007634163
58,ionq_aria,GHZ_alt,5,Cirq-native,5,5,4,0,0.9218685069854567,0.0011320000048726797
58,ionq_aria,GHZ_alt,5,QADE,5,5,4,0,0.9218685069854567,0.0142469999846071
58,ionq_aria,GHZ_alt,5,QADE + PyZX,5,5,4,0,0.9218685069854567,0.015678100055083632
58,ionq_aria,GHZ_alt,5,QADE + Knowledge Graph,5,5,4,0,0.9218685069854567,0.0008787000551819801
58,ionq_aria,GHZ_alt,5,QADE + Evolution + PyZX,4,5,4,0,0.9218685069854567,0.033031399943865836
59,ionq_aria,QFT,2,Qiskit,4,7,1,0,0.9311661450318919,0.00885400001425296
59,ionq_aria,QFT,2,PyZX,3,3,1,0,0.9349001399294357,0.0016315000830218196
59,ionq_aria,QFT,2,TKET,4,7,1,0,0.9311661450318919,0.009773100027814507
59,ionq_aria,QFT,2,BQSKit,4,7,1,0,0.9311661450318919,0.00992370001040399
59,ionq_aria,QFT,2,Cirq-native,3,3,1,0,0.9349001399294357,0.000973000074736774
59,ionq_aria,QFT,2,QADE,3,3,1,0,0.9349001399294357,0.02164340007584542
59,ionq_aria,QFT,2,QADE + PyZX,3,3,1,0,0.9349001399294357,0.013303500018082559
59,ionq_aria,QFT,2,QADE + Knowledge Graph,3,3,1,0,0.9349001399294357,0.0008951999479904771
59,ionq_aria,QFT,2,QADE + Evolution + PyZX,3,3,1,0,0.9349001399294357,0.014612500090152025
60,ionq_aria,QFT_alt,2,Qiskit,4,7,1,0,0.9311661450318919,0.008077699923887849
60,ionq_aria,QFT_alt,2,PyZX,3,3,1,0,0.9349001399294357,0.0009905999759212136
60,ionq_aria,QFT_alt,2,TKET,4,7,1,0,0.9311661450318919,0.010161299956962466
60,ionq_aria,QFT_alt,2,BQSKit,4,7,1,0,0.9311661450318919,0.009359800023958087
60,ionq_aria,QFT_alt,2,Cirq-native,3,3,1,0,0.9349001399294357,0.0009036000119522214
60,ionq_aria,QFT_alt,2,QADE,3,3,1,0,0.9349001399294357,0.01073280000127852
60,ionq_aria,QFT_alt,2,QADE + PyZX,3,3,1,0,0.9349001399294357,0.011555899982340634
60,ionq_aria,QFT_alt,2,QADE + Knowledge Graph,3,3,1,0,0.9349001399294357,0.0008803000673651695
60,ionq_aria,QFT_alt,2,QADE + Evolution + PyZX,1,2,0,0,0.9395981305823474,0.01460859994404018
61,ionq_aria,QFT,3,Qiskit,6,12,3,0,0.9191148941584035,0.008133299998007715
61,ionq_aria,QFT,3,PyZX,5,6,3,0,0.9246489365226059,0.0009815000230446458
61,ionq_aria,QFT,3,TKET,6,12,3,0,0.9191148941584035,0.009472499950788915
61,ionq_aria,QFT,3,BQSKit,6,12,3,0,0.9191148941584035,0.010628099902532995
61,ionq_aria,QFT,3,Cirq-native,5,6,3,0,0.9246489365226059,0.0008993000956252217
61,ionq_aria,QFT,3,QADE,5,6,3,0,0.9246489365226059,0.013605100102722645
61,ionq_aria,QFT,3,QADE + PyZX,5,6,3,0,0.9246489365226059,0.014341200003400445
61,ionq_aria,QFT,3,QADE + Knowledge Graph,5,6,3,0,0.9246489365226059,0.0009752999758347869
61,ionq_aria,QFT,3,QADE + Evolution + PyZX,4,5,2,0,0.9292954135905587,0.020694299950264394
62,ionq_aria,QFT_alt,3,Qiskit,6,12,3,0,0.9191148941584035,0.009760000044479966
62,ionq_aria,QFT_alt,3,PyZX,5,6,3,0,0.9246489365226059,0.0010753999231383204
62,ionq_aria,QFT_alt,3,TKET,6,12,3,0,0.9191148941584035,0.010246200021356344
62,ionq_aria,QFT_alt,3,BQSKit,6,12,3,0,0.9191148941584035,0.01117870002053678
62,ionq_aria,QFT_alt,3,Cirq-native,5,6,3,0,0.9246489365226059,0.0009168999968096614
62,ionq_aria,QFT_alt,3,QADE,5,6,3,0,0.9246489365226059,0.01900430000387132
62,ionq_aria,QFT_alt,3,QADE + PyZX,5,6,3,0,0.9246489365226059,0.011054500006139278
62,ionq_aria,QFT_alt,3,QADE + Knowledge Graph,5,6,3,0,0.9246489365226059,0.0008630999363958836
62,ionq_aria,QFT_alt,3,QADE + Evolution + PyZX,4,5,2,0,0.9292954135905587,0.02204309997614473
63,ionq_aria,QFT,4,Qiskit,8,18,6,0,0.9026835137908779,0.008318700012750924
63,ionq_aria,QFT,4,PyZX,7,10,6,0,0.9099375871283251,0.0013411999680101871
63,ionq_aria,QFT,4,TKET,8,18,6,0,0.9026835137908779,0.01184389996342361
63,ionq_aria,QFT,4,BQSKit,8,18,6,0,0.9026835137908779,0.010323400027118623
63,ionq_aria,QFT,4,Cirq-native,7,10,6,0,0.9099375871283251,0.0011026000138372183
63,ionq_aria,QFT,4,QADE,7,10,6,0,0.9099375871283251,0.015210599987767637
63,ionq_aria,QFT,4,QADE + PyZX,7,10,6,0,0.9099375871283251,0.01529480004683137
63,ionq_aria,QFT,4,QADE + Knowledge Graph,7,10,6,0,0.9099375871283251,0.0008467999286949635
63,ionq_aria,QFT,4,QADE + Evolution + PyZX,6,9,5,0,0.9145101378174121,0.03400119999423623
64,ionq_aria,QFT_alt,4,Qiskit,8,18,6,0,0.9026835137908779,0.008477199939079583
64,ionq_aria,QFT_alt,4,PyZX,7,10,6,0,0.9099375871283251,0.001219899975694716
64,ionq_aria,QFT_alt,4,TKET,8,18,6,0,0.9026835137908779,0.009272500057704747
64,ionq_aria,QFT_alt,4,BQSKit,8,18,6,0,0.9026835137908779,0.011184200062416494
64,ionq_aria,QFT_alt,4,Cirq-native,7,10,6,0,0.9099375871283251,0.0015565999783575535
64,ionq_aria,QFT_alt,4,QADE,7,10,6,0,0.9099375871283251,0.01537459995597601
64,ionq_aria,QFT_alt,4,QADE + PyZX,7,10,6,0,0.9099375871283251,0.021525099989958107
64,ionq_aria,QFT_alt,4,QADE + Knowledge Graph,7,10,6,0,0.9099375871283251,0.0009044999023899436
64,ionq_aria,QFT_alt,4,QADE + Evolution + PyZX,6,8,4,0,0.9191056661481529,0.03098619997035712
65,ionq_aria,QFT,5,Qiskit,10,25,10,0,0.8821131542883766,0.008600099943578243
65,ionq_aria,QFT,5,PyZX,9,15,10,0,0.8909829967521214,0.001096599968150258
65,ionq_aria,QFT,5,TKET,10,25,10,0,0.8821131542883766,0.010501399985514581
65,ionq_aria,QFT,5,BQSKit,10,25,10,0,0.8821131542883766,0.010131299961358309
65,ionq_aria,QFT,5,Cirq-native,9,15,10,0,0.8909829967521214,0.0010544999968260527
65,ionq_aria,QFT,5,QADE,9,15,10,0,0.8909829967521214,0.03820810001343489
65,ionq_aria,QFT,5,QADE + PyZX,9,15,10,0,0.8909829967521214,0.02101520006544888
65,ionq_aria,QFT,5,QADE + Knowledge Graph,9,15,10,0,0.8909829967521214,0.0009096000576391816
65,ionq_aria,QFT,5,QADE + Evolution + PyZX,9,13,8,0,0.8999600987370232,0.042811299907043576
66,ionq_aria,QFT_alt,5,Qiskit,10,25,10,0,0.8821131542883766,0.010152100003324449
66,ionq_aria,QFT_alt,5,PyZX,9,15,10,0,0.8909829967521214,0.001114100101403892
66,ionq_aria,QFT_alt,5,TKET,10,25,10,0,0.8821131542883766,0.010949500021524727
66,ionq_aria,QFT_alt,5,BQSKit,10,25,10,0,0.8821131542883766,0.012886599986813962
66,ionq_aria,QFT_alt,5,Cirq-native,9,15,10,0,0.8909829967521214,0.0015663000522181392
66,ionq_aria,QFT_alt,5,QADE,9,15,10,0,0.8909829967521214,0.023313599987886846
66,ionq_aria,QFT_alt,5,QADE + PyZX,9,15,10,0,0.8909829967521214,0.023891299962997437
66,ionq_aria,QFT_alt,5,QADE + Knowledge Graph,9,15,10,0,0.8909829967521214,0.0010876000160351396
66,ionq_aria,QFT_alt,5,QADE + Evolution + PyZX,8,14,9,0,0.8954602982433381,0.04310600005555898
67,ionq_aria,VQE,2,Qiskit,5,9,1,0,0.929304743907973,0.010653499979525805
67,ionq_aria,VQE,2,PyZX,2,3,1,0,0.9349001399294357,0.0016584000550210476
67,ionq_aria,VQE,2,TKET,5,9,1,0,0.929304743907973,0.01365300000179559
67,ionq_aria,VQE,2,BQSKit,5,9,1,0,0.929304743907973,0.010199200012721121
67,ionq_aria,VQE,2,Cirq-native,2,3,1,0,0.9349001399294357,0.001038899994455278
67,ionq_aria,VQE,2,QADE,2,3,1,0,0.9349001399294357,0.010971899959258735
67,ionq_aria,VQE,2,QADE + PyZX,2,3,1,0,0.9349001399294357,0.01893619995098561
67,ionq_aria,VQE,2,QADE + Knowledge Graph,2,3,1,0,0.9349001399294357,0.0008705999935045838
67,ionq_aria,VQE,2,QADE + Evolution + PyZX,2,3,1,0,0.9349001399294357,0.017329300055280328
68,ionq_aria,VQE_alt,2,Qiskit,5,9,1,0,0.929304743907973,0.01017549994867295
68,ionq_aria,VQE_alt,2,PyZX,2,3,1,0,0.9349001399294357,0.0011044000275433064
68,ionq_aria,VQE_alt,2,TKET,5,9,1,0,0.929304743907973,0.01101849996484816
68,ionq_aria,VQE_alt,2,BQSKit,5,9,1,0,0.929304743907973,0.01062770001590252
68,ionq_aria,VQE_alt,2,Cirq-native,2,3,1,0,0.9349001399294357,0.0009306001011282206
68,ionq_aria,VQE_alt,2,QADE,2,3,1,0,0.9349001399294357,0.010909599950537086
68,ionq_aria,VQE_alt,2,QADE + PyZX,2,3,1,0,0.9349001399294357,0.011816299986094236
68,ionq_aria,VQE_alt,2,QADE + Knowledge Graph,2,3,1,0,0.9349001399294357,0.0010101000079885125
68,ionq_aria,VQE_alt,2,QADE + Evolution + PyZX,2,3,1,0,0.9349001399294357,0.02008919999934733
69,ionq_aria,VQE,3,Qiskit,6,14,2,0,0.9209651315592924,0.009706799988634884
69,ionq_aria,VQE,3,PyZX,3,5,2,0,0.9292954135905587,0.0010038999607786536
69,ionq_aria,VQE,3,TKET,6,14,2,0,0.9209651315592924,0.010456499992869794
69,ionq_aria,VQE,3,BQSKit,6,14,2,0,0.9209651315592924,0.0104361999547109
69,ionq_aria,VQE,3,Cirq-native,3,5,2,0,0.9292954135905587,0.0010894000297412276
69,ionq_aria,VQE,3,QADE,3,5,2,0,0.9292954135905587,0.02587620005942881
69,ionq_aria,VQE,3,QADE + PyZX,3,5,2,0,0.9292954135905587,0.018413899932056665
69,ionq_aria,VQE,3,QADE + Knowledge Graph,3,5,2,0,0.9292954135905587,0.0008778000483289361
69,ionq_aria,VQE,3,QADE + Evolution + PyZX,3,5,2,0,0.9292954135905587,0.022718299995176494
70,ionq_aria,VQE_alt,3,Qiskit,6,14,2,0,0.9209651315592924,0.009194800048135221
70,ionq_aria,VQE_alt,3,PyZX,3,5,2,0,0.9292954135905587,0.0011709999525919557
70,ionq_aria,VQE_alt,3,TKET,6,14,2,0,0.9209651315592924,0.00882709992583841
70,ionq_aria,VQE_alt,3,BQSKit,6,14,2,0,0.9209651315592924,0.010748000000603497
70,ionq_aria,VQE_alt,3,Cirq-native,3,5,2,0,0.9292954135905587,0.0012131000403314829
70,ionq_aria,VQE_alt,3,QADE,3,5,2,0,0.9292954135905587,0.011571699986234307
70,ionq_aria,VQE_alt,3,QADE + PyZX,3,5,2,0,0.9292954135905587,0.011502800043672323
70,ionq_aria,VQE_alt,3,QADE + Knowledge Graph,3,5,2,0,0.9292954135905587,0.0011591999791562557
70,ionq_aria,VQE_alt,3,QADE + Evolution + PyZX,3,5,2,0,0.9292954135905587,0.023466099984943867
71,ionq_aria,VQE,4,Qiskit,7,19,3,0,0.9127003591752004,0.00868059997446835
71,ionq_aria,VQE,4,PyZX,4,7,3,0,0.9237242875860834,0.0010568000143393874
71,ionq_aria,VQE,4,TKET,7,19,3,0,0.9127003591752004,0.009779199957847595
71,ionq_aria,VQE,4,BQSKit,7,19,3,0,0.9127003591752004,0.01004239998292178
71,ionq_aria,VQE,4,Cirq-native,4,7,3,0,0.9237242875860834,0.0009042000165209174
71,ionq_aria,VQE,4,QADE,4,7,3,0,0.9237242875860834,0.013631900073960423
71,ionq_aria,VQE,4,QADE + PyZX,4,7,3,0,0.9237242875860834,0.01901469996664673
71,ionq_aria,VQE,4,QADE + Knowledge Graph,4,7,3,0,0.9237242875860834,0.0009864999447017908
71,ionq_aria,VQE,4,QADE + Evolution + PyZX,4,7,3,0,0.9237242875860834,0.03203070000745356
72,ionq_aria,VQE_alt,4,Qiskit,7,19,3,0,0.9127003591752004,0.008969799964688718
72,ionq_aria,VQE_alt,4,PyZX,4,7,3,0,0.9237242875860834,0.0010580000234767795
72,ionq_aria,VQE_alt,4,TKET,7,19,3,0,0.9127003591752004,0.009757300023920834
72,ionq_aria,VQE_alt,4,BQSKit,7,19,3,0,0.9127003591752004,0.010656800004653633
72,ionq_aria,VQE_alt,4,Cirq-native,4,7,3,0,0.9237242875860834,0.0009680000366643071
72,ionq_aria,VQE_alt,4,QADE,4,7,3,0,0.9237242875860834,0.018702999921515584
72,ionq_aria,VQE_alt,4,QADE + PyZX,4,7,3,0,0.9237242875860834,0.023094399948604405
72,ionq_aria,VQE_alt,4,QADE + Knowledge Graph,4,7,3,0,0.9237242875860834,0.0010437999153509736
72,ionq_aria,VQE_alt,4,QADE + Evolution + PyZX,4,7,3,0,0.9237242875860834,0.05024390004109591
73,ionq_aria,VQE,5,Qiskit,8,24,4,0,0.9045097551393122,0.014100100030191243
73,ionq_aria,VQE,5,PyZX,5,9,4,0,0.9181865604820046,0.0013493000296875834
73,ionq_aria,VQE,5,TKET,8,24,4,0,0.9045097551393122,0.014743300038389862
73,ionq_aria,VQE,5,BQSKit,8,24,4,0,0.9045097551393122,0.04700949997641146
73,ionq_aria,VQE,5,Cirq-native,5,9,4,0,0.9181865604820046,0.0012307000579312444
73,ionq_aria,VQE,5,QADE,5,9,4,0,0.9181865604820046,0.017630800022743642
73,ionq_aria,VQE,5,QADE + PyZX,5,9,4,0,0.9181865604820046,0.01596740004606545
73,ionq_aria,VQE,5,QADE + Knowledge Graph,5,9,4,0,0.9181865604820046,0.0011684999335557222
73,ionq_aria,VQE,5,QADE + Evolution + PyZX,5,9,4,0,0.9181865604820046,0.05083960003685206
74,ionq_aria,VQE_alt,5,Qiskit,8,24,4,0,0.9045097551393122,0.012364399968646467
74,ionq_aria,VQE_alt,5,PyZX,5,9,4,0,0.9181865604820046,0.001638100016862154
74,ionq_aria,VQE_alt,5,TKET,8,24,4,0,0.9045097551393122,0.015364399994723499
74,ionq_aria,VQE_alt,5,BQSKit,8,24,4,0,0.9045097551393122,0.011868100031279027
74,ionq_aria,VQE_alt,5,Cirq-native,5,9,4,0,0.9181865604820046,0.0015907000051811337
74,ionq_aria,VQE_alt,5,QADE,5,9,4,0,0.9181865604820046,0.022975699976086617
74,ionq_aria,VQE_alt,5,QADE + PyZX,5,9,4,0,0.9181865604820046,0.014788900036364794
74,ionq_aria,VQE_alt,5,QADE + Knowledge Graph,5,9,4,0,0.9181865604820046,0.0009054000256583095
74,ionq_aria,VQE_alt,5,QADE + Evolution + PyZX,5,9,4,0,0.9181865604820046,0.035053899977356195
75,ionq_aria,QAOA,2,Qiskit,11,18,2,0,0.917286793140905,0.008277999935671687
75,ionq_aria,QAOA,2,PyZX,5,7,2,0,0.9274377520587913,0.0009469999931752682
75,ionq_aria,QAOA,2,TKET,11,18,2,0,0.917286793140905,0.014813999994657934
75,ionq_aria,QAOA,2,BQSKit,11,18,2,0,0.917286793140905,0.010610099998302758
75,ionq_aria,QAOA,2,Cirq-native,5,7,2,0,0.9274377520587913,0.0019181999377906322
75,ionq_aria,QAOA,2,QADE,5,7,2,0,0.9274377520587913,0.024836499942466617
75,ionq_aria,QAOA,2,QADE + PyZX,5,7,2,0,0.9274377520587913,0.025844000047072768
75,ionq_aria,QAOA,2,QADE + Knowledge Graph,5,7,2,0,0.9274377520587913,0.001867300015874207
75,ionq_aria,QAOA,2,QADE + Evolution + PyZX,2,4,0,0,0.9377198739193133,0.04409530002158135
76,ionq_aria,QAOA_alt,2,Qiskit,11,18,2,0,0.917286793140905,0.015486899996176362
76,ionq_aria,QAOA_alt,2,PyZX,5,7,2,0,0.9274377520587913,0.0015662000514566898
76,ionq_aria,QAOA_alt,2,TKET,11,18,2,0,0.917286793140905,0.012075899983756244
76,ionq_aria,QAOA_alt,2,BQSKit,11,18,2,0,0.917286793140905,0.011161900009028614
76,ionq_aria,QAOA_alt,2,Cirq-native,5,7,2,0,0.9274377520587913,0.0010821000905707479
76,ionq_aria,QAOA_alt,2,QADE,5,7,2,0,0.9274377520587913,0.01748300006147474
76,ionq_aria,QAOA_alt,2,QADE + PyZX,5,7,2,0,0.9274377520587913,0.019525800016708672
76,ionq_aria,QAOA_alt,2,QADE + Knowledge Graph,5,7,2,0,0.9274377520587913,0.0008466000435873866
76,ionq_aria,QAOA_alt,2,QADE + Evolution + PyZX,4,6,1,0,0.9320982432751671,0.023991200025193393
77,ionq_aria,QAOA,3,Qiskit,14,29,4,0,0.899996242420591,0.00904390006326139
77,ionq_aria,QAOA,3,PyZX,8,12,4,0,0.9154347544420536,0.0010430000256747007
77,ionq_aria,QAOA,3,TKET,14,29,4,0,0.899996242420591,0.010594699997454882
77,ionq_aria,QAOA,3,BQSKit,14,29,4,0,0.899996242420591,0.010531399981118739
77,ionq_aria,QAOA,3,Cirq-native,8,12,4,0,0.9154347544420536,0.0015481000300496817
77,ionq_aria,QAOA,3,QADE,8,12,4,0,0.9154347544420536,0.020271599991247058
77,ionq_aria,QAOA,3,QADE + PyZX,8,12,4,0,0.9154347544420536,0.017099399934522808
77,ionq_aria,QAOA,3,QADE + Knowledge Graph,8,12,4,0,0.9154347544420536,0.0009331998880952597
77,ionq_aria,QAOA,3,QADE + Evolution + PyZX,8,12,4,0,0.9154347544420536,0.038554799975827336
78,ionq_aria,QAOA_alt,3,Qiskit,14,29,4,0,0.899996242420591,0.014395499951206148
78,ionq_aria,QAOA_alt,3,PyZX,8,12,4,0,0.9154347544420536,0.0018977998988702893
78,ionq_aria,QAOA_alt,3,TKET,14,29,4,0,0.899996242420591,0.14615559997037053
78,ionq_aria,QAOA_alt,3,BQSKit,14,29,4,0,0.899996242420591,0.048334999941289425
78,ionq_aria,QAOA_alt,3,Cirq-native,8,12,4,0,0.9154347544420536,0.0017593000084161758
78,ionq_aria,QAOA_alt,3,QADE,8,12,4,0,0.9154347544420536,0.026776400045491755
78,ionq_aria,QAOA_alt,3,QADE + PyZX,8,12,4,0,0.9154347544420536,0.019571399898268282
78,ionq_aria,QAOA_alt,3,QADE + Knowledge Graph,8,12,4,0,0.9154347544420536,0.0016355999978259206
78,ionq_aria,QAOA_alt,3,QADE + Evolution + PyZX,7,11,3,0,0.9200349290874911,0.04953329998534173
79,ionq_aria,QAOA,4,Qiskit,17,40,6,0,0.8830316128259788,0.013316900003701448
79,ionq_aria,QAOA,4,PyZX,11,17,6,0,0.9035871008917696,0.0012275000335648656
79,ionq_aria,QAOA,4,TKET,17,40,6,0,0.8830316128259788,0.01789779996033758
79,ionq_aria,QAOA,4,BQSKit,17,40,6,0,0.8830316128259788,0.019543600035831332
79,ionq_aria,QAOA,4,Cirq-native,11,17,6,0,0.9035871008917696,0.0018764999695122242
79,ionq_aria,QAOA,4,QADE,11,17,6,0,0.9035871008917696,0.038261700072325766
79,ionq_aria,QAOA,4,QADE + PyZX,11,17,6,0,0.9035871008917696,0.02849120006430894
79,ionq_aria,QAOA,4,QADE + Knowledge Graph,11,17,6,0,0.9035871008917696,0.0010915000457316637
79,ionq_aria,QAOA,4,QADE + Evolution + PyZX,10,15,5,0,0.9090367763660843,0.05741530004888773
80,ionq_aria,QAOA_alt,4,Qiskit,17,40,6,0,0.8830316128259788,0.009150999947451055
80,ionq_aria,QAOA_alt,4,PyZX,11,17,6,0,0.9035871008917696,0.0010811000829562545
80,ionq_aria,QAOA_alt,4,TKET,17,40,6,0,0.8830316128259788,0.012492500012740493
80,ionq_aria,QAOA_alt,4,BQSKit,17,40,6,0,0.8830316128259788,0.010400600032880902
80,ionq_aria,QAOA_alt,4,Cirq-native,11,17,6,0,0.9035871008917696,0.001608500024303794
80,ionq_aria,QAOA_alt,4,QADE,11,17,6,0,0.9035871008917696,0.018642000039108098
80,ionq_aria,QAOA_alt,4,QADE + PyZX,11,17,6,0,0.9035871008917696,0.017425900092348456
80,ionq_aria,QAOA_alt,4,QADE + Knowledge Graph,11,17,6,0,0.9035871008917696,0.0009061000309884548
80,ionq_aria,QAOA_alt,4,QADE + Evolution + PyZX,9,15,5,0,0.9090367763660843,0.045224799891002476
81,ionq_aria,QAOA,5,Qiskit,20,51,8,0,0.8663867608523356,0.010020899935625494
81,ionq_aria,QAOA,5,PyZX,14,22,8,0,0.8918927809285779,0.0010816999711096287
81,ionq_aria,QAOA,5,TKET,20,51,8,0,0.8663867608523356,0.010290800011716783
81,ionq_aria,QAOA,5,BQSKit,20,51,8,0,0.8663867608523356,0.010346100083552301
81,ionq_aria,QAOA,5,Cirq-native,14,22,8,0,0.8918927809285779,0.0009390999330207705
81,ionq_aria,QAOA,5,QADE,14,22,8,0,0.8918927809285779,0.028252199990674853
81,ionq_aria,QAOA,5,QADE + PyZX,14,22,8,0,0.8918927809285779,0.04916240007150918
81,ionq_aria,QAOA,5,QADE + Knowledge Graph,14,22,8,0,0.8918927809285779,0.00118090002797544
81,ionq_aria,QAOA,5,QADE + Evolution + PyZX,12,20,8,0,0.8936792457408138,0.05680030002258718
82,ionq_aria,QAOA_alt,5,Qiskit,20,51,8,0,0.8663867608523356,0.009670799947343767
82,ionq_aria,QAOA_alt,5,PyZX,14,22,8,0,0.8918927809285779,0.00217479991260916
82,ionq_aria,QAOA_alt,5,TKET,20,51,8,0,0.8663867608523356,0.011583999963477254
82,ionq_aria,QAOA_alt,5,BQSKit,20,51,8,0,0.8663867608523356,0.015396500006318092
82,ionq_aria,QAOA_alt,5,Cirq-native,14,22,8,0,0.8918927809285779,0.001720900065265596
82,ionq_aria,QAOA_alt,5,QADE,14,22,8,0,0.8918927809285779,0.03351809992454946
82,ionq_aria,QAOA_alt,5,QADE + PyZX,14,22,8,0,0.8918927809285779,0.04093590006232262
82,ionq_aria,QAOA_alt,5,QADE + Knowledge Graph,14,22,8,0,0.8918927809285779,0.001715799910016358
82,ionq_aria,QAOA_alt,5,QADE + Evolution + PyZX,7,16,6,0,0.9044915924842539,0.06297500000800937
83,ionq_aria,QV,2,Qiskit,11,19,1,0,0.9200534038607199,0.008663199958391488
83,ionq_aria,QV,2,PyZX,3,5,1,0,0.9330312745497168,0.0019470000406727195
83,ionq_aria,QV,2,TKET,11,17,1,0,0.9218962745134723,0.010315899970009923
83,ionq_aria,QV,2,BQSKit,11,17,1,0,0.9218962745134723,0.011719199945218861
83,ionq_aria,QV,2,Cirq-native,3,5,1,0,0.9330312745497168,0.0015440999995917082
83,ionq_aria,QV,2,QADE,3,5,1,0,0.9330312745497168,0.022268699947744608
83,ionq_aria,QV,2,QADE + PyZX,3,5,1,0,0.9330312745497168,0.014885300071910024
83,ionq_aria,QV,2,QADE + Knowledge Graph,3,5,1,0,0.9330312745497168,0.001087700016796589
83,ionq_aria,QV,2,QADE + Evolution + PyZX,3,5,1,0,0.9330312745497168,0.02298709994647652
84,ionq_aria,QV_alt,2,Qiskit,11,17,1,0,0.9218962745134723,0.00900670001283288
84,ionq_aria,QV_alt,2,PyZX,3,5,1,0,0.9330312745497168,0.0010034999577328563
84,ionq_aria,QV_alt,2,TKET,11,17,1,0,0.9218962745134723,0.013485800009220839
84,ionq_aria,QV_alt,2,BQSKit,11,17,1,0,0.9218962745134723,0.011590800015255809
84,ionq_aria,QV_alt,2,Cirq-native,3,5,1,0,0.9330312745497168,0.0009180000051856041
84,ionq_aria,QV_alt,2,QADE,3,5,1,0,0.9330312745497168,0.019033599994145334
84,ionq_aria,QV_alt,2,QADE + PyZX,3,5,1,0,0.9330312745497168,0.016720799962058663
84,ionq_aria,QV_alt,2,QADE + Knowledge Graph,3,5,1,0,0.9330312745497168,0.0009074000408872962
84,ionq_aria,QV_alt,2,QADE + Evolution + PyZX,3,5,1,0,0.9330312745497168,0.01908140000887215
85,ionq_aria,QV,3,Qiskit,11,24,1,0,0.9154623281795203,0.008961600018665195
85,ionq_aria,QV,3,PyZX,3,7,1,0,0.9311661450318919,0.0013146999990567565
85,ionq_aria,QV,3,TKET,11,24,1,0,0.9154623281795203,0.009602100006304681
85,ionq_aria,QV,3,BQSKit,11,22,1,0,0.917296002889296,0.010715499985963106
85,ionq_aria,QV,3,Cirq-native,3,7,1,0,0.9311661450318919,0.0010540999937802553
85,ionq_aria,QV,3,QADE,3,7,1,0,0.9311661450318919,0.017817299929447472
85,ionq_aria,QV,3,QADE + PyZX,3,7,1,0,0.9311661450318919,0.013955399976111948
85,ionq_aria,QV,3,QADE + Knowledge Graph,3,7,1,0,0.9311661450318919,0.0010461999336257577
85,ionq_aria,QV,3,QADE + Evolution + PyZX,3,7,1,0,0.9311661450318919,0.02647370006889105
86,ionq_aria,QV_alt,3,Qiskit,11,24,1,0,0.9154623281795203,0.009162699920125306
86,ionq_aria,QV_alt,3,PyZX,3,7,1,0,0.9311661450318919,0.0011202999157831073
86,ionq_aria,QV_alt,3,TKET,11,22,1,0,0.917296002889296,0.010459800017997622
86,ionq_aria,QV_alt,3,BQSKit,11,22,1,0,0.917296002889296,0.01174599991645664
86,ionq_aria,QV_alt,3,Cirq-native,3,7,1,0,0.9311661450318919,0.0010273000225424767
86,ionq_aria,QV_alt,3,QADE,3,7,1,0,0.9311661450318919,0.015428200014866889
86,ionq_aria,QV_alt,3,QADE + PyZX,3,7,1,0,0.9311661450318919,0.015737699926830828
86,ionq_aria,QV_alt,3,QADE + Knowledge Graph,3,7,1,0,0.9311661450318919,0.0008716000011190772
86,ionq_aria,QV_alt,3,QADE + Evolution + PyZX,3,7,1,0,0.9311661450318919,0.027644100016914308
87,ionq_aria,QV,4,Qiskit,11,34,2,0,0.9027197668506858,0.008711399976164103
87,ionq_aria,QV,4,PyZX,3,10,2,0,0.9246582201884332,0.001015600049868226
87,ionq_aria,QV,4,TKET,11,36,2,0,0.9009152300367514,0.010494600050151348
87,ionq_aria,QV,4,BQSKit,11,38,2,0,0.8991143004919079,0.010380799998529255
87,ionq_aria,QV,4,Cirq-native,3,10,2,0,0.9246582201884332,0.001800200087018311
87,ionq_aria,QV,4,QADE,3,10,2,0,0.9246582201884332,0.021731299930252135
87,ionq_aria,QV,4,QADE + PyZX,3,10,2,0,0.9246582201884332,0.022036400041542947
87,ionq_aria,QV,4,QADE + Knowledge Graph,3,10,2,0,0.9246582201884332,0.0009546999353915453
87,ionq_aria,QV,4,QADE + Evolution + PyZX,3,10,2,0,0.9246582201884332,0.0350024999352172
88,ionq_aria,QV_alt,4,Qiskit,11,38,2,0,0.8991143004919079,0.00995650002732873
88,ionq_aria,QV_alt,4,PyZX,3,10,2,0,0.9246582201884332,0.0010653999634087086
88,ionq_aria,QV_alt,4,TKET,11,36,2,0,0.9009152300367514,0.01039179996587336
88,ionq_aria,QV_alt,4,BQSKit,11,38,2,0,0.8991143004919079,0.011205599992536008
88,ionq_aria,QV_alt,4,Cirq-native,3,10,2,0,0.9246582201884332,0.0010446999222040176
88,ionq_aria,QV_alt,4,QADE,3,10,2,0,0.9246582201884332,0.024212699965573847
88,ionq_aria,QV_alt,4,QADE + PyZX,3,10,2,0,0.9246582201884332,0.02251579996664077
88,ionq_aria,QV_alt,4,QADE + Knowledge Graph,3,10,2,0,0.9246582201884332,0.0008975999662652612
88,ionq_aria,QV_alt,4,QADE + Evolution + PyZX,3,10,2,0,0.9246582201884332,0.03254509996622801
89,ionq_aria,QV,5,Qiskit,11,39,2,0,0.8982151861914159,0.008782600052654743
89,ionq_aria,QV,5,PyZX,3,12,2,0,0.9228098284062766,0.0010938000632449985
89,ionq_aria,QV,5,TKET,11,43,2,0,0.894627711145805,0.009656299953348935
89,ionq_aria,QV,5,BQSKit,11,39,2,0,0.8982151861914159,0.010155999916605651
89,ionq_aria,QV,5,Cirq-native,3,12,2,0,0.9228098284062766,0.0010497999610379338
89,ionq_aria,QV,5,QADE,3,12,2,0,0.9228098284062766,0.017532699974253774
89,ionq_aria,QV,5,QADE + PyZX,3,12,2,0,0.9228098284062766,0.015625900006853044
89,ionq_aria,QV,5,QADE + Knowledge Graph,3,12,2,0,0.9228098284062766,0.0008459000382572412
89,ionq_aria,QV,5,QADE + Evolution + PyZX,3,12,2,0,0.9228098284062766,0.04606309998780489
90,ionq_aria,QV_alt,5,Qiskit,11,41,2,0,0.8964196540342193,0.008939499966800213
90,ionq_aria,QV_alt,5,PyZX,3,12,2,0,0.9228098284062766,0.0010950000723823905
90,ionq_aria,QV_alt,5,TKET,11,39,2,0,0.8982151861914159,0.010399000020697713
90,ionq_aria,QV_alt,5,BQSKit,11,41,2,0,0.8964196540342193,0.009836800047196448
90,ionq_aria,QV_alt,5,Cirq-native,3,12,2,0,0.9228098284062766,0.0011482000118121505
90,ionq_aria,QV_alt,5,QADE,3,12,2,0,0.9228098284062766,0.01865790004376322
90,ionq_aria,QV_alt,5,QADE + PyZX,3,12,2,0,0.9228098284062766,0.018530700006522238
90,ionq_aria,QV_alt,5,QADE + Knowledge Graph,3,12,2,0,0.9228098284062766,0.0008937999373301864
90,ionq_aria,QV_alt,5,QADE + Evolution + PyZX,3,12,2,0,0.9228098284062766,0.0402730000205338
91,ionq_aria,Random_0,4,Qiskit,7,17,1,0,0.9218962745134723,0.008541200077161193
91,ionq_aria,Random_0,4,PyZX,6,12,3,2,0.900733060462955,0.001042800024151802
91,ionq_aria,Random_0,4,TKET,7,17,1,0,0.9218962745134723,0.010551200015470386
91,ionq_aria,Random_0,4,BQSKit,7,17,1,0,0.9218962745134723,0.010228200000710785
91,ionq_aria,Random_0,4,Cirq-native,6,12,3,2,0.900733060462955,0.0009761999826878309
91,ionq_aria,Random_0,4,QADE,6,12,3,2,0.900733060462955,0.013965400052256882
91,ionq_aria,Random_0,4,QADE + PyZX,6,12,3,2,0.900733060462955,0.01733159995637834
91,ionq_aria,Random_0,4,QADE + Knowledge Graph,6,12,3,2,0.900733060462955,0.0009166999952867627
91,ionq_aria,Random_0,4,QADE + Evolution + PyZX,5,10,2,1,0.9153651727493534,0.036464099888689816
92,ionq_aria,Random_1,4,Qiskit,7,17,1,0,0.9218962745134723,0.009283600025810301
92,ionq_aria,Random_1,4,PyZX,6,12,3,2,0.900733060462955,0.0017259999876841903
92,ionq_aria,Random_1,4,TKET,7,17,1,0,0.9218962745134723,0.010318299988284707
92,ionq_aria,Random_1,4,BQSKit,7,17,1,0,0.9218962745134723,0.011439300025813282
92,ionq_aria,Random_1,4,Cirq-native,6,12,3,2,0.900733060462955,0.000959100085310638
92,ionq_aria,Random_1,4,QADE,6,12,3,2,0.900733060462955,0.01806649996433407
92,ionq_aria,Random_1,4,QADE + PyZX,6,12,3,2,0.900733060462955,0.017259499989449978
92,ionq_aria,Random_1,4,QADE + Knowledge Graph,6,12,3,2,0.900733060462955,0.0009617999894544482
92,ionq_aria,Random_1,4,QADE + Evolution + PyZX,6,11,3,2,0.9016346951581131,0.031199899967759848
93,ionq_aria,Random_2,4,Qiskit,7,17,1,0,0.9218962745134723,0.008810600033029914
93,ionq_aria,Random_2,4,PyZX,6,12,3,2,0.900733060462955,0.0017052999464794993
93,ionq_aria,Random_2,4,TKET,7,17,1,0,0.9218962745134723,0.009854700067080557
93,ionq_aria,Random_2,4,BQSKit,7,17,1,0,0.9218962745134723,0.0129045998910442
93,ionq_aria,Random_2,4,Cirq-native,6,12,3,2,0.900733060462955,0.0017904998967424035
93,ionq_aria,Random_2,4,QADE,6,12,3,2,0.900733060462955,0.021331199910491705
93,ionq_aria,Random_2,4,QADE + PyZX,6,12,3,2,0.900733060462955,0.01578360004350543
93,ionq_aria,Random_2,4,QADE + Knowledge Graph,6,12,3,2,0.900733060462955,0.000905499910004437
93,ionq_aria,Random_2,4,QADE + Evolution + PyZX,5,10,2,1,0.9153651727493534,0.03499810001812875
94,ionq_aria,Random_3,4,Qiskit,7,17,1,0,0.9218962745134723,0.009866999927908182
94,ionq_aria,Random_3,4,PyZX,6,12,3,2,0.900733060462955,0.0010728000197559595
94,ionq_aria,Random_3,4,TKET,7,17,1,0,0.9218962745134723,0.01192379998974502
94,ionq_aria,Random_3,4,BQSKit,7,17,1,0,0.9218962745134723,0.01054759998805821
94,ionq_aria,Random_3,4,Cirq-native,6,12,3,2,0.900733060462955,0.0011338999029248953
94,ionq_aria,Random_3,4,QADE,6,12,3,2,0.900733060462955,0.02092009992338717
94,ionq_aria,Random_3,4,QADE + PyZX,6,12,3,2,0.900733060462955,0.019073300063610077
94,ionq_aria,Random_3,4,QADE + Knowledge Graph,6,12,3,2,0.900733060462955,0.0010197999654337764
94,ionq_aria,Random_3,4,QADE + Evolution + PyZX,6,10,3,2,0.9025372323905038,0.053743200027383864
95,ionq_aria,Random_4,4,Qiskit,7,17,1,0,0.9218962745134723,0.009672500076703727
95,ionq_aria,Random_4,4,PyZX,6,12,3,2,0.900733060462955,0.0010881000198423862
95,ionq_aria,Random_4,4,TKET,7,17,1,0,0.9218962745134723,0.011458700057119131
95,ionq_aria,Random_4,4,BQSKit,7,17,1,0,0.9218962745134723,0.010486999992281199
95,ionq_aria,Random_4,4,Cirq-native,6,12,3,2,0.900733060462955,0.0014479999663308263
95,ionq_aria,Random_4,4,QADE,6,12,3,2,0.900733060462955,0.01858959998935461
95,ionq_aria,Random_4,4,QADE + PyZX,6,12,3,2,0.900733060462955,0.016105599934235215
95,ionq_aria,Random_4,4,QADE + Knowledge Graph,6,12,3,2,0.900733060462955,0.0009701000526547432
95,ionq_aria,Random_4,4,QADE + Evolution + PyZX,5,12,2,1,0.9135353577690275,0.03490369999781251
96,ionq_aria,Random_5,4,Qiskit,7,17,1,0,0.9218962745134723,0.008747799904085696
96,ionq_aria,Random_5,4,PyZX,6,12,3,2,0.900733060462955,0.0011575999669730663
96,ionq_aria,Random_5,4,TKET,7,17,1,0,0.9218962745134723,0.01141000003553927
96,ionq_aria,Random_5,4,BQSKit,7,17,1,0,0.9218962745134723,0.010158300050534308
96,ionq_aria,Random_5,4,Cirq-native,6,12,3,2,0.900733060462955,0.0015220999484881759
96,ionq_aria,Random_5,4,QADE,6,12,3,2,0.900733060462955,0.01978109998162836
96,ionq_aria,Random_5,4,QADE + PyZX,6,12,3,2,0.900733060462955,0.016415499965660274
96,ionq_aria,Random_5,4,QADE + Knowledge Graph,6,12,3,2,0.900733060462955,0.0008799999486654997
96,ionq_aria,Random_5,4,QADE + Evolution + PyZX,6,11,2,2,0.905259357249201,0.03608580003492534
97,ionq_aria,Random_6,4,Qiskit,7,17,1,0,0.9218962745134723,0.00971459993161261
97,ionq_aria,Random_6,4,PyZX,6,12,3,2,0.900733060462955,0.0018448999617248774
97,ionq_aria,Random_6,4,TKET,7,17,1,0,0.9218962745134723,0.011468000011518598
97,ionq_aria,Random_6,4,BQSKit,7,17,1,0,0.9218962745134723,0.011720199952833354
97,ionq_aria,Random_6,4,Cirq-native,6,12,3,2,0.900733060462955,0.0011077000526711345
97,ionq_aria,Random_6,4,QADE,6,12,3,2,0.900733060462955,0.028152499930001795
97,ionq_aria,Random_6,4,QADE + PyZX,6,12,3,2,0.900733060462955,0.023525199969299138
97,ionq_aria,Random_6,4,QADE + Knowledge Graph,6,12,3,2,0.900733060462955,0.0009180000051856041
97,ionq_aria,Random_6,4,QADE + Evolution + PyZX,5,11,2,1,0.914449807576604,0.03432299999985844
98,ionq_aria,Random_7,4,Qiskit,7,17,1,0,0.9218962745134723,0.008375999983400106
98,ionq_aria,Random_7,4,PyZX,6,12,3,2,0.900733060462955,0.0011884999694302678
98,ionq_aria,Random_7,4,TKET,7,17,1,0,0.9218962745134723,0.010751500027254224
98,ionq_aria,Random_7,4,BQSKit,7,17,1,0,0.9218962745134723,0.013651699991896749
98,ionq_aria,Random_7,4,Cirq-native,6,12,3,2,0.900733060462955,0.0011096000671386719
98,ionq_aria,Random_7,4,QADE,6,12,3,2,0.900733060462955,0.03279229998588562
98,ionq_aria,Random_7,4,QADE + PyZX,6,12,3,2,0.900733060462955,0.01471100002527237
98,ionq_aria,Random_7,4,QADE + Knowledge Graph,6,12,3,2,0.900733060462955,0.0009034000104293227
98,ionq_aria,Random_7,4,QADE + Evolution + PyZX,6,12,3,2,0.900733060462955,0.03773630002979189
99,ionq_aria,Random_8,4,Qiskit,7,17,1,0,0.9218962745134723,0.008916800026781857
99,ionq_aria,Random_8,4,PyZX,6,12,3,2,0.900733060462955,0.0010531999869272113
99,ionq_aria,Random_8,4,TKET,7,17,1,0,0.9218962745134723,0.00955899991095066
99,ionq_aria,Random_8,4,BQSKit,7,17,1,0,0.9218962745134723,0.011217399965971708
99,ionq_aria,Random_8,4,Cirq-native,6,12,3,2,0.900733060462955,0.0009368000319227576
99,ionq_aria,Random_8,4,QADE,6,12,3,2,0.900733060462955,0.022112600039690733
99,ionq_aria,Random_8,4,QADE + PyZX,6,12,3,2,0.900733060462955,0.020482199965044856
99,ionq_aria,Random_8,4,QADE + Knowledge Graph,6,12,3,2,0.900733060462955,0.0010121999075636268
99,ionq_aria,Random_8,4,QADE + Evolution + PyZX,6,11,3,2,0.9016346951581131,0.03938709991052747
100,ionq_aria,Random_9,4,Qiskit,7,17,1,0,0.9218962745134723,0.008687600027769804
100,ionq_aria,Random_9,4,PyZX,6,12,3,2,0.900733060462955,0.0011294999858364463
100,ionq_aria,Random_9,4,TKET,7,17,1,0,0.9218962745134723,0.009429899975657463
100,ionq_aria,Random_9,4,BQSKit,7,17,1,0,0.9218962745134723,0.01031350006815046
100,ionq_aria,Random_9,4,Cirq-native,6,12,3,2,0.900733060462955,0.0011128000915050507
100,ionq_aria,Random_9,4,QADE,6,12,3,2,0.900733060462955,0.01731999998446554
100,ionq_aria,Random_9,4,QADE + PyZX,6,12,3,2,0.900733060462955,0.022199200000613928
100,ionq_aria,Random_9,4,QADE + Knowledge Graph,6,12,3,2,0.900733060462955,0.0010408000089228153
100,ionq_aria,Random_9,4,QADE + Evolution + PyZX,6,12,3,2,0.900733060462955,0.033153400057926774
101,rigetti_aspen,GHZ,2,Qiskit,4,4,1,0,0.9339652397895062,0.008852400002069771
101,rigetti_aspen,GHZ,2,PyZX,2,2,1,0,0.9358359759053411,0.0012523999903351068
101,rigetti_aspen,GHZ,2,TKET,7,9,1,0,0.929304743907973,0.00891480001155287
101,rigetti_aspen,GHZ,2,BQSKit,4,4,1,0,0.9339652397895062,0.009358200011774898
101,rigetti_aspen,GHZ,2,Cirq-native,2,2,1,0,0.9358359759053411,0.0014767999527975917
101,rigetti_aspen,GHZ,2,QADE,2,2,1,0,0.9358359759053411,0.014595800079405308
101,rigetti_aspen,GHZ,2,QADE + PyZX,2,2,1,0,0.9358359759053411,0.011036299983970821
101,rigetti_aspen,GHZ,2,QADE + Knowledge Graph,2,2,1,0,0.9358359759053411,0.0008447999134659767
101,rigetti_aspen,GHZ,2,QADE + Evolution + PyZX,2,2,1,0,0.9358359759053411,0.012399400002323091
102,rigetti_aspen,GHZ_alt,2,Qiskit,4,4,1,0,0.9339652397895062,0.007832699920982122
102,rigetti_aspen,GHZ_alt,2,PyZX,2,2,1,0,0.9358359759053411,0.0009695000480860472
102,rigetti_aspen,GHZ_alt,2,TKET,7,9,1,0,0.929304743907973,0.010162599966861308
102,rigetti_aspen,GHZ_alt,2,BQSKit,7,9,1,0,0.929304743907973,0.01016519998665899
102,rigetti_aspen,GHZ_alt,2,Cirq-native,2,2,1,0,0.9358359759053411,0.0008543999865651131
102,rigetti_aspen,GHZ_alt,2,QADE,2,2,1,0,0.9358359759053411,0.01547250000294298
102,rigetti_aspen,GHZ_alt,2,QADE + PyZX,2,2,1,0,0.9358359759053411,0.00832349993288517
102,rigetti_aspen,GHZ_alt,2,QADE + Knowledge Graph,2,2,1,0,0.9358359759053411,0.0007447999669238925
102,rigetti_aspen,GHZ_alt,2,QADE + Evolution + PyZX,2,2,1,0,0.9358359759053411,0.014575400040484965
103,rigetti_aspen,GHZ,3,Qiskit,8,16,2,0,0.9191241222613055,0.008860699948854744
103,rigetti_aspen,GHZ,3,PyZX,3,3,2,0,0.9311567960258144,0.0008716000011190772
103,rigetti_aspen,GHZ,3,TKET,5,5,2,0,0.9292954135905587,0.011606600019149482
103,rigetti_aspen,GHZ,3,BQSKit,8,16,2,0,0.9191241222613055,0.010434199939481914
103,rigetti_aspen,GHZ,3,Cirq-native,3,3,2,0,0.9311567960258144,0.0008601000299677253
103,rigetti_aspen,GHZ,3,QADE,3,3,2,0,0.9311567960258144,0.02432950004003942
103,rigetti_aspen,GHZ,3,QADE + PyZX,3,3,2,0,0.9311567960258144,0.012382099987007678
103,rigetti_aspen,GHZ,3,QADE + Knowledge Graph,3,3,2,0,0.9311567960258144,0.0007150000892579556
103,rigetti_aspen,GHZ,3,QADE + Evolution + PyZX,3,3,2,0,0.9311567960258144,0.0055339999962598085
104,rigetti_aspen,GHZ_alt,3,Qiskit,5,5,2,0,0.9292954135905587,0.008516800007782876
104,rigetti_aspen,GHZ_alt,3,PyZX,3,3,2,0,0.9311567960258144,0.0008807000704109669
104,rigetti_aspen,GHZ_alt,3,TKET,5,5,2,0,0.9292954135905587,0.009278099983930588
104,rigetti_aspen,GHZ_alt,3,BQSKit,8,16,2,0,0.9191241222613055,0.010273699997924268
104,rigetti_aspen,GHZ_alt,3,Cirq-native,3,3,2,0,0.9311567960258144,0.0008479999378323555
104,rigetti_aspen,GHZ_alt,3,QADE,3,3,2,0,0.9311567960258144,0.03619799995794892
104,rigetti_aspen,GHZ_alt,3,QADE + PyZX,3,3,2,0,0.9311567960258144,0.015433199936524034
104,rigetti_aspen,GHZ_alt,3,QADE + Knowledge Graph,3,3,2,0,0.9311567960258144,0.001572399982251227
104,rigetti_aspen,GHZ_alt,3,QADE + Evolution + PyZX,3,3,2,0,0.9311567960258144,0.008523199940100312
105,rigetti_aspen,GHZ,4,Qiskit,6,6,3,0,0.9246489365226059,0.008508499944582582
105,rigetti_aspen,GHZ,4,PyZX,4,4,3,0,0.9265010120456852,0.0008143000304698944
105,rigetti_aspen,GHZ,4,TKET,9,23,3,0,0.9090550302907661,0.009949600091204047
105,rigetti_aspen,GHZ,4,BQSKit,9,23,3,0,0.9090550302907661,0.009968099999241531
105,rigetti_aspen,GHZ,4,Cirq-native,4,4,3,0,0.9265010120456852,0.0007794999983161688
105,rigetti_aspen,GHZ,4,QADE,4,4,3,0,0.9265010120456852,0.013757299981079996
105,rigetti_aspen,GHZ,4,QADE + PyZX,4,4,3,0,0.9265010120456852,0.011881400016136467
105,rigetti_aspen,GHZ,4,QADE + Knowledge Graph,4,4,3,0,0.9265010120456852,0.0007027999963611364
105,rigetti_aspen,GHZ,4,QADE + Evolution + PyZX,4,4,3,0,0.9265010120456852,0.006931199925020337
106,rigetti_aspen,GHZ_alt,4,Qiskit,9,23,3,0,0.9090550302907661,0.008377799997106194
106,rigetti_aspen,GHZ_alt,4,PyZX,4,4,3,0,0.9265010120456852,0.0008097999962046742
106,rigetti_aspen,GHZ_alt,4,TKET,9,23,3,0,0.9090550302907661,0.010182199999690056
106,rigetti_aspen,GHZ_alt,4,BQSKit,6,6,3,0,0.9246489365226059,0.009382199961692095
106,rigetti_aspen,GHZ_alt,4,Cirq-native,4,4,3,0,0.9265010120456852,0.0008426000131294131
106,rigetti_aspen,GHZ_alt,4,QADE,4,4,3,0,0.9265010120456852,0.015057299984619021
106,rigetti_aspen,GHZ_alt,4,QADE + PyZX,4,4,3,0,0.9265010120456852,0.020165099995210767
106,rigetti_aspen,GHZ_alt,4,QADE + Knowledge Graph,4,4,3,0,0.9265010120456852,0.0008316000457853079
106,rigetti_aspen,GHZ_alt,4,QADE + Evolution + PyZX,4,4,3,0,0.9265010120456852,0.006801599985919893
107,rigetti_aspen,GHZ,5,Qiskit,10,30,4,0,0.8990962461781705,0.009232600103132427
107,rigetti_aspen,GHZ,5,PyZX,5,5,4,0,0.9218685069854567,0.0008179000578820705
107,rigetti_aspen,GHZ,5,TKET,7,7,4,0,0.9200256918399928,0.008604399976320565
107,rigetti_aspen,GHZ,5,BQSKit,7,7,4,0,0.9200256918399928,0.009179499931633472
107,rigetti_aspen,GHZ,5,Cirq-native,5,5,4,0,0.9218685069854567,0.000829199911095202
107,rigetti_aspen,GHZ,5,QADE,5,5,4,0,0.9218685069854567,0.0161852000746876
107,rigetti_aspen,GHZ,5,QADE + PyZX,5,5,4,0,0.9218685069854567,0.022792200092226267
107,rigetti_aspen,GHZ,5,QADE + Knowledge Graph,5,5,4,0,0.9218685069854567,0.0009879999561235309
107,rigetti_aspen,GHZ,5,QADE + Evolution + PyZX,5,5,4,0,0.9218685069854567,0.0076070999493822455
108,rigetti_aspen,GHZ_alt,5,Qiskit,10,30,4,0,0.8990962461781705,0.009010400041006505
108,rigetti_aspen,GHZ_alt,5,PyZX,5,5,4,0,0.9218685069854567,0.0008760999189689755
108,rigetti_aspen,GHZ_alt,5,TKET,10,30,4,0,0.8990962461781705,0.012618400040082633
108,rigetti_aspen,GHZ_alt,5,BQSKit,10,30,4,0,0.8990962461781705,0.014423900051042438
108,rigetti_aspen,GHZ_alt,5,Cirq-native,5,5,4,0,0.9218685069854567,0.0013638000236824155
108,rigetti_aspen,GHZ_alt,5,QADE,5,5,4,0,0.9218685069854567,0.014427100075408816
108,rigetti_aspen,GHZ_alt,5,QADE + PyZX,5,5,4,0,0.9218685069854567,0.017869999981485307
108,rigetti_aspen,GHZ_alt,5,QADE + Knowledge Graph,5,5,4,0,0.9218685069854567,0.0007465999806299806
108,rigetti_aspen,GHZ_alt,5,QADE + Evolution + PyZX,5,5,4,0,0.9218685069854567,0.012420900049619377
109,rigetti_aspen,QFT,2,Qiskit,4,7,1,0,0.9311661450318919,0.008772099972702563
109,rigetti_aspen,QFT,2,PyZX,3,3,1,0,0.9349001399294357,0.0007943999953567982
109,rigetti_aspen,QFT,2,TKET,4,7,1,0,0.9311661450318919,0.010530599975027144
109,rigetti_aspen,QFT,2,BQSKit,4,7,1,0,0.9311661450318919,0.010244500008411705
109,rigetti_aspen,QFT,2,Cirq-native,3,3,1,0,0.9349001399294357,0.0007855999283492565
109,rigetti_aspen,QFT,2,QADE,3,3,1,0,0.9349001399294357,0.012026100070215762
109,rigetti_aspen,QFT,2,QADE + PyZX,3,3,1,0,0.9349001399294357,0.01302920002490282
109,rigetti_aspen,QFT,2,QADE + Knowledge Graph,3,3,1,0,0.9349001399294357,0.0007965000113472342
109,rigetti_aspen,QFT,2,QADE + Evolution + PyZX,3,3,1,0,0.9349001399294357,0.015132599975913763
110,rigetti_aspen,QFT_alt,2,Qiskit,4,7,1,0,0.9311661450318919,0.0077766000758856535
110,rigetti_aspen,QFT_alt,2,PyZX,3,3,1,0,0.9349001399294357,0.0010665999725461006
110,rigetti_aspen,QFT_alt,2,TKET,9,14,1,0,0.9246675039474705,0.009748299955390394
110,rigetti_aspen,QFT_alt,2,BQSKit,4,7,1,0,0.9311661450318919,0.009844499989412725
110,rigetti_aspen,QFT_alt,2,Cirq-native,3,3,1,0,0.9349001399294357,0.0013549000723287463
110,rigetti_aspen,QFT_alt,2,QADE,3,3,1,0,0.9349001399294357,0.012490499997511506
110,rigetti_aspen,QFT_alt,2,QADE + PyZX,3,3,1,0,0.9349001399294357,0.010268699959851801
110,rigetti_aspen,QFT_alt,2,QADE + Knowledge Graph,3,3,1,0,0.9349001399294357,0.0007406000513583422
110,rigetti_aspen,QFT_alt,2,QADE + Evolution + PyZX,1,2,0,0,0.9395981305823474,0.0160575999179855
111,rigetti_aspen,QFT,3,Qiskit,25,39,6,0,0.8839155283543331,0.011439899913966656
111,rigetti_aspen,QFT,3,PyZX,8,8,5,2,0.8971175144376453,0.0008652000688016415
111,rigetti_aspen,QFT,3,TKET,16,25,6,0,0.8963836539857833,0.01273020007647574
111,rigetti_aspen,QFT,3,BQSKit,25,39,6,0,0.8839155283543331,0.017219800036400557
111,rigetti_aspen,QFT,3,Cirq-native,8,8,5,2,0.8971175144376453,0.0010130999144166708
111,rigetti_aspen,QFT,3,QADE,13,17,12,2,0.8644539780238272,0.02717379992827773
111,rigetti_aspen,QFT,3,QADE + PyZX,5,6,5,0,0.9172591644505296,0.015394099988043308
111,rigetti_aspen,QFT,3,QADE + Knowledge Graph,8,8,5,2,0.8971175144376453,0.0007131999591365457
111,rigetti_aspen,QFT,3,QADE + Evolution + PyZX,8,8,5,2,0.8971175144376453,0.00811050005722791
112,rigetti_aspen,QFT_alt,3,Qiskit,24,38,6,0,0.8848003286830161,0.01322770002298057
112,rigetti_aspen,QFT_alt,3,PyZX,8,8,5,2,0.8971175144376453,0.0011651000240817666
112,rigetti_aspen,QFT_alt,3,TKET,16,25,6,0,0.8963836539857833,0.013329499983228743
112,rigetti_aspen,QFT_alt,3,BQSKit,22,33,6,0,0.8892376333614207,0.015381600009277463
112,rigetti_aspen,QFT_alt,3,Cirq-native,8,8,5,2,0.8971175144376453,0.0017676999559625983
112,rigetti_aspen,QFT_alt,3,QADE,6,6,5,0,0.9172591644505296,0.015902600018307567
112,rigetti_aspen,QFT_alt,3,QADE + PyZX,7,14,7,3,0.8757307501092224,0.023409100016579032
112,rigetti_aspen,QFT_alt,3,QADE + Knowledge Graph,8,8,5,2,0.8971175144376453,0.0011458999942988157
112,rigetti_aspen,QFT_alt,3,QADE + Evolution + PyZX,8,8,5,2,0.8971175144376453,0.01600109995342791
113,rigetti_aspen,QFT,4,Qiskit,36,60,13,0,0.8415679040862942,0.011184899951331317
113,rigetti_aspen,QFT,4,PyZX,17,18,14,8,0.8063088914530675,0.0013407999649643898
113,rigetti_aspen,QFT,4,TKET,36,60,13,0,0.8415679040862942,0.012302300077863038
113,rigetti_aspen,QFT,4,BQSKit,35,62,13,0,0.8398856098460258,0.015028499998152256
113,rigetti_aspen,QFT,4,Cirq-native,17,18,14,8,0.8063088914530675,0.0010479000629857183
113,rigetti_aspen,QFT,4,QADE,4,6,5,0,0.9172591644505296,0.01897759991697967
113,rigetti_aspen,QFT,4,QADE + PyZX,12,23,15,6,0.8153802410875409,0.029441600083373487
113,rigetti_aspen,QFT,4,QADE + Knowledge Graph,17,18,14,8,0.8063088914530675,0.000771600054576993
113,rigetti_aspen,QFT,4,QADE + Evolution + PyZX,17,18,14,8,0.8063088914530675,0.031471299938857555
114,rigetti_aspen,QFT_alt,4,Qiskit,36,60,13,0,0.8415679040862942,0.014464100007899106
114,rigetti_aspen,QFT_alt,4,PyZX,17,18,14,8,0.8063088914530675,0.0015531000681221485
114,rigetti_aspen,QFT_alt,4,TKET,40,67,11,0,0.8424272304318501,0.013702400028705597
114,rigetti_aspen,QFT_alt,4,BQSKit,36,60,13,0,0.8415679040862942,0.013111599953845143
114,rigetti_aspen,QFT_alt,4,Cirq-native,17,18,14,8,0.8063088914530675,0.000840499997138977
114,rigetti_aspen,QFT_alt,4,QADE,9,18,8,2,0.8775603553180352,0.01944279996678233
114,rigetti_aspen,QFT_alt,4,QADE + PyZX,1,1,1,1,0.927357947159985,0.0076818999368697405
114,rigetti_aspen,QFT_alt,4,QADE + Knowledge Graph,17,18,14,8,0.8063088914530675,0.000727499951608479
114,rigetti_aspen,QFT_alt,4,QADE + Evolution + PyZX,17,18,14,8,0.8063088914530675,0.013001099927350879
115,rigetti_aspen,QFT,5,Qiskit,67,118,24,0,0.7598379818208353,0.013938200077973306
115,rigetti_aspen,QFT,5,PyZX,32,35,30,20,0.6585579943922752,0.000901099992915988
115,rigetti_aspen,QFT,5,TKET,54,112,22,0,0.7705713970367752,0.015559299965389073
115,rigetti_aspen,QFT,5,BQSKit,59,108,22,0,0.773661403777334,0.015058599994517863
115,rigetti_aspen,QFT,5,Cirq-native,32,35,30,20,0.6585579943922752,0.0010056999744847417
115,rigetti_aspen,QFT,5,QADE,4,8,5,4,0.8791756172271048,0.030571100069209933
115,rigetti_aspen,QFT,5,QADE + PyZX,4,7,6,1,0.9035002769837716,0.015625300002284348
115,rigetti_aspen,QFT,5,QADE + Knowledge Graph,32,35,30,20,0.6585579943922752,0.0009140000911429524
115,rigetti_aspen,QFT,5,QADE + Evolution + PyZX,32,35,30,20,0.6585579943922752,0.006425600033253431
116,rigetti_aspen,QFT_alt,5,Qiskit,49,107,22,0,0.7744358396169508,0.014695900026708841
116,rigetti_aspen,QFT_alt,5,PyZX,32,35,30,20,0.6585579943922752,0.001507400069385767
116,rigetti_aspen,QFT_alt,5,TKET,61,118,24,0,0.7598379818208353,0.015206700074486434
116,rigetti_aspen,QFT_alt,5,BQSKit,52,110,22,0,0.772114854631183,0.012840399984270334
116,rigetti_aspen,QFT_alt,5,Cirq-native,32,35,30,20,0.6585579943922752,0.0009091999381780624
116,rigetti_aspen,QFT_alt,5,QADE,6,6,5,0,0.9172591644505296,0.012429499998688698
116,rigetti_aspen,QFT_alt,5,QADE + PyZX,5,6,5,0,0.9172591644505296,0.017314599943347275
116,rigetti_aspen,QFT_alt,5,QADE + Knowledge Graph,32,35,30,20,0.6585579943922752,0.0010591000318527222
116,rigetti_aspen,QFT_alt,5,QADE + Evolution + PyZX,32,35,30,20,0.6585579943922752,0.011759000015445054
117,rigetti_aspen,VQE,2,Qiskit,9,15,1,0,0.9237428364435231,0.010793900000862777
117,rigetti_aspen,VQE,2,PyZX,2,3,1,0,0.9349001399294357,0.0013378000585362315
117,rigetti_aspen,VQE,2,TKET,5,9,1,0,0.929304743907973,0.009712600032798946
117,rigetti_aspen,VQE,2,BQSKit,5,9,1,0,0.929304743907973,0.009429799974896014
117,rigetti_aspen,VQE,2,Cirq-native,2,3,1,0,0.9349001399294357,0.0010876000160351396
117,rigetti_aspen,VQE,2,QADE,2,3,1,0,0.9349001399294357,0.01263060001656413
117,rigetti_aspen,VQE,2,QADE + PyZX,2,3,1,0,0.9349001399294357,0.011610800051130354
117,rigetti_aspen,VQE,2,QADE + Knowledge Graph,2,3,1,0,0.9349001399294357,0.0008156000403687358
117,rigetti_aspen,VQE,2,QADE + Evolution + PyZX,2,3,1,0,0.9349001399294357,0.017267199931666255
118,rigetti_aspen,VQE_alt,2,Qiskit,5,9,1,0,0.929304743907973,0.007909899926744401
118,rigetti_aspen,VQE_alt,2,PyZX,2,3,1,0,0.9349001399294357,0.0008307000389322639
118,rigetti_aspen,VQE_alt,2,TKET,9,15,1,0,0.9237428364435231,0.011115400004200637
118,rigetti_aspen,VQE_alt,2,BQSKit,5,9,1,0,0.929304743907973,0.009388700011186302
118,rigetti_aspen,VQE_alt,2,Cirq-native,2,3,1,0,0.9349001399294357,0.0010788999497890472
118,rigetti_aspen,VQE_alt,2,QADE,2,3,1,0,0.9349001399294357,0.02524079999420792
118,rigetti_aspen,VQE_alt,2,QADE + PyZX,2,3,1,0,0.9349001399294357,0.020193599979393184
118,rigetti_aspen,VQE_alt,2,QADE + Knowledge Graph,2,3,1,0,0.9349001399294357,0.0007655000081285834
118,rigetti_aspen,VQE_alt,2,QADE + Evolution + PyZX,2,3,1,0,0.9349001399294357,0.018495599972084165
119,rigetti_aspen,VQE,3,Qiskit,11,23,2,0,0.9127095228748495,0.013343699974939227
119,rigetti_aspen,VQE,3,PyZX,3,5,2,0,0.9292954135905587,0.001178200007416308
119,rigetti_aspen,VQE,3,TKET,10,22,2,0,0.9136231460208704,0.013624000013805926
119,rigetti_aspen,VQE,3,BQSKit,6,14,2,0,0.9209651315592924,0.012627999996766448
119,rigetti_aspen,VQE,3,Cirq-native,3,5,2,0,0.9292954135905587,0.0008990999776870012
119,rigetti_aspen,VQE,3,QADE,3,5,2,0,0.9292954135905587,0.017289899988099933
119,rigetti_aspen,VQE,3,QADE + PyZX,3,5,2,0,0.9292954135905587,0.011481299996376038
119,rigetti_aspen,VQE,3,QADE + Knowledge Graph,3,5,2,0,0.9292954135905587,0.0007320999866351485
119,rigetti_aspen,VQE,3,QADE + Evolution + PyZX,3,5,2,0,0.9292954135905587,0.006686100037768483
120,rigetti_aspen,VQE_alt,3,Qiskit,10,22,2,0,0.9136231460208704,0.009074400062672794
120,rigetti_aspen,VQE_alt,3,PyZX,3,5,2,0,0.9292954135905587,0.0009869999485090375
120,rigetti_aspen,VQE_alt,3,TKET,6,14,2,0,0.9209651315592924,0.00967179995495826
120,rigetti_aspen,VQE_alt,3,BQSKit,6,14,2,0,0.9209651315592924,0.010745500097982585
120,rigetti_aspen,VQE_alt,3,Cirq-native,3,5,2,0,0.9292954135905587,0.0011518000392243266
120,rigetti_aspen,VQE_alt,3,QADE,3,5,2,0,0.9292954135905587,0.0159595999866724
120,rigetti_aspen,VQE_alt,3,QADE + PyZX,3,5,2,0,0.9292954135905587,0.011821500025689602
120,rigetti_aspen,VQE_alt,3,QADE + Knowledge Graph,3,5,2,0,0.9292954135905587,0.0008824000833556056
120,rigetti_aspen,VQE_alt,3,QADE + Evolution + PyZX,3,5,2,0,0.9292954135905587,0.010465800063684583
121,rigetti_aspen,VQE,4,Qiskit,7,19,3,0,0.9127003591752004,0.008674500044435263
121,rigetti_aspen,VQE,4,PyZX,4,7,3,0,0.9237242875860834,0.0008885000133886933
121,rigetti_aspen,VQE,4,TKET,7,19,3,0,0.9127003591752004,0.008784799952991307
121,rigetti_aspen,VQE,4,BQSKit,11,29,3,0,0.9036143177670056,0.010621500085107982
121,rigetti_aspen,VQE,4,Cirq-native,4,7,3,0,0.9237242875860834,0.0008187000639736652
121,rigetti_aspen,VQE,4,QADE,4,7,3,0,0.9237242875860834,0.015693800058215857
121,rigetti_aspen,VQE,4,QADE + PyZX,4,7,3,0,0.9237242875860834,0.01150490005966276
121,rigetti_aspen,VQE,4,QADE + Knowledge Graph,4,7,3,0,0.9237242875860834,0.0007082999218255281
121,rigetti_aspen,VQE,4,QADE + Evolution + PyZX,4,7,3,0,0.9237242875860834,0.007358599919825792
122,rigetti_aspen,VQE_alt,4,Qiskit,7,19,3,0,0.9127003591752004,0.008769100066274405
122,rigetti_aspen,VQE_alt,4,PyZX,4,7,3,0,0.9237242875860834,0.0008488999446853995
122,rigetti_aspen,VQE_alt,4,TKET,11,29,3,0,0.9036143177670056,0.011640199925750494
122,rigetti_aspen,VQE_alt,4,BQSKit,12,30,3,0,0.9027107034492385,0.010918700019828975
122,rigetti_aspen,VQE_alt,4,Cirq-native,4,7,3,0,0.9237242875860834,0.0009135000873357058
122,rigetti_aspen,VQE_alt,4,QADE,4,7,3,0,0.9237242875860834,0.017498700064606965
122,rigetti_aspen,VQE_alt,4,QADE + PyZX,4,7,3,0,0.9237242875860834,0.014166800072416663
122,rigetti_aspen,VQE_alt,4,QADE + Knowledge Graph,4,7,3,0,0.9237242875860834,0.0009139000903815031
122,rigetti_aspen,VQE_alt,4,QADE + Evolution + PyZX,4,7,3,0,0.9237242875860834,0.007821400067768991
123,rigetti_aspen,VQE,5,Qiskit,8,24,4,0,0.9045097551393122,0.010049500036984682
123,rigetti_aspen,VQE,5,PyZX,5,9,4,0,0.9181865604820046,0.0008325000526383519
123,rigetti_aspen,VQE,5,TKET,8,24,4,0,0.9045097551393122,0.009344800026156008
123,rigetti_aspen,VQE,5,BQSKit,8,24,4,0,0.9045097551393122,0.0109890999738127
123,rigetti_aspen,VQE,5,Cirq-native,5,9,4,0,0.9181865604820046,0.0008570000063627958
123,rigetti_aspen,VQE,5,QADE,5,9,4,0,0.9181865604820046,0.026131099904887378
123,rigetti_aspen,VQE,5,QADE + PyZX,5,9,4,0,0.9181865604820046,0.014462499995715916
123,rigetti_aspen,VQE,5,QADE + Knowledge Graph,5,9,4,0,0.9181865604820046,0.0006929999217391014
123,rigetti_aspen,VQE,5,QADE + Evolution + PyZX,5,9,4,0,0.9181865604820046,0.012471000081859529
124,rigetti_aspen,VQE_alt,5,Qiskit,12,36,4,0,0.8937151371763501,0.010375200072303414
124,rigetti_aspen,VQE_alt,5,PyZX,5,9,4,0,0.9181865604820046,0.0009416999528184533
124,rigetti_aspen,VQE_alt,5,TKET,12,36,4,0,0.8937151371763501,0.01000090001616627
124,rigetti_aspen,VQE_alt,5,BQSKit,13,37,4,0,0.8928214220391739,0.01040229992941022
124,rigetti_aspen,VQE_alt,5,Cirq-native,5,9,4,0,0.9181865604820046,0.0008203999605029821
124,rigetti_aspen,VQE_alt,5,QADE,5,9,4,0,0.9181865604820046,0.017663500038906932
124,rigetti_aspen,VQE_alt,5,QADE + PyZX,5,9,4,0,0.9181865604820046,0.014530000044032931
124,rigetti_aspen,VQE_alt,5,QADE + Knowledge Graph,5,9,4,0,0.9181865604820046,0.0007403000490739942
124,rigetti_aspen,VQE_alt,5,QADE + Evolution + PyZX,5,9,4,0,0.9181865604820046,0.009977799956686795
125,rigetti_aspen,QAOA,2,Qiskit,11,18,2,0,0.917286793140905,0.00818859995342791
125,rigetti_aspen,QAOA,2,PyZX,5,7,2,0,0.9274377520587913,0.0010176000650972128
125,rigetti_aspen,QAOA,2,TKET,11,20,2,0,0.9154531368414163,0.009541800012812018
125,rigetti_aspen,QAOA,2,BQSKit,11,20,2,0,0.9154531368414163,0.011096899979747832
125,rigetti_aspen,QAOA,2,Cirq-native,5,7,2,0,0.9274377520587913,0.0009941000025719404
125,rigetti_aspen,QAOA,2,QADE,5,7,2,0,0.9274377520587913,0.013271199888549745
125,rigetti_aspen,QAOA,2,QADE + PyZX,5,7,2,0,0.9274377520587913,0.0178787000477314
125,rigetti_aspen,QAOA,2,QADE + Knowledge Graph,5,7,2,0,0.9274377520587913,0.0007019999902695417
125,rigetti_aspen,QAOA,2,QADE + Evolution + PyZX,2,4,0,0,0.9377198739193133,0.02095580007880926
126,rigetti_aspen,QAOA_alt,2,Qiskit,11,18,2,0,0.917286793140905,0.00875029992312193
126,rigetti_aspen,QAOA_alt,2,PyZX,5,7,2,0,0.9274377520587913,0.0011056000366806984
126,rigetti_aspen,QAOA_alt,2,TKET,11,18,2,0,0.917286793140905,0.009855199954472482
126,rigetti_aspen,QAOA_alt,2,BQSKit,11,18,2,0,0.917286793140905,0.009934100089594722
126,rigetti_aspen,QAOA_alt,2,Cirq-native,5,7,2,0,0.9274377520587913,0.0009241999359801412
126,rigetti_aspen,QAOA_alt,2,QADE,5,7,2,0,0.9274377520587913,0.019110799999907613
126,rigetti_aspen,QAOA_alt,2,QADE + PyZX,5,7,2,0,0.9274377520587913,0.014609800069592893
126,rigetti_aspen,QAOA_alt,2,QADE + Knowledge Graph,5,7,2,0,0.9274377520587913,0.0007430999539792538
126,rigetti_aspen,QAOA_alt,2,QADE + Evolution + PyZX,4,6,1,0,0.9320982432751671,0.02310559991747141
127,rigetti_aspen,QAOA,3,Qiskit,16,34,4,0,0.895505252175449,0.009723099996335804
127,rigetti_aspen,QAOA,3,PyZX,8,12,4,0,0.9154347544420536,0.0010713000083342195
127,rigetti_aspen,QAOA,3,TKET,14,29,4,0,0.899996242420591,0.009427899960428476
127,rigetti_aspen,QAOA,3,BQSKit,16,34,4,0,0.895505252175449,0.013856299920007586
127,rigetti_aspen,QAOA,3,Cirq-native,8,12,4,0,0.9154347544420536,0.0009703000541776419
127,rigetti_aspen,QAOA,3,QADE,8,12,4,0,0.9154347544420536,0.024042699951678514
127,rigetti_aspen,QAOA,3,QADE + PyZX,8,12,4,0,0.9154347544420536,0.016871700063347816
127,rigetti_aspen,QAOA,3,QADE + Knowledge Graph,8,12,4,0,0.9154347544420536,0.000741399941034615
127,rigetti_aspen,QAOA,3,QADE + Evolution + PyZX,8,12,4,0,0.9154347544420536,0.011345100007019937
128,rigetti_aspen,QAOA_alt,3,Qiskit,14,29,4,0,0.899996242420591,0.009044499951414764
128,rigetti_aspen,QAOA_alt,3,PyZX,8,12,4,0,0.9154347544420536,0.0009657000191509724
128,rigetti_aspen,QAOA_alt,3,TKET,14,29,4,0,0.899996242420591,0.010435600066557527
128,rigetti_aspen,QAOA_alt,3,BQSKit,15,33,4,0,0.8964016538292782,0.010920200031250715
128,rigetti_aspen,QAOA_alt,3,Cirq-native,8,12,4,0,0.9154347544420536,0.0009753999765962362
128,rigetti_aspen,QAOA_alt,3,QADE,8,12,4,0,0.9154347544420536,0.01662080001551658
128,rigetti_aspen,QAOA_alt,3,QADE + PyZX,8,12,4,0,0.9154347544420536,0.01911839994136244
128,rigetti_aspen,QAOA_alt,3,QADE + Knowledge Graph,8,12,4,0,0.9154347544420536,0.0008180999429896474
128,rigetti_aspen,QAOA_alt,3,QADE + Evolution + PyZX,8,12,4,0,0.9154347544420536,0.011859799968078732
129,rigetti_aspen,QAOA,4,Qiskit,17,40,6,0,0.8830316128259788,0.009184099966660142
129,rigetti_aspen,QAOA,4,PyZX,11,17,6,0,0.9035871008917696,0.0008777000475674868
129,rigetti_aspen,QAOA,4,TKET,17,40,6,0,0.8830316128259788,0.011163300019688904
129,rigetti_aspen,QAOA,4,BQSKit,17,40,6,0,0.8830316128259788,0.011254199896939099
129,rigetti_aspen,QAOA,4,Cirq-native,11,17,6,0,0.9035871008917696,0.0010218999814242125
129,rigetti_aspen,QAOA,4,QADE,11,17,6,0,0.9035871008917696,0.018045600038021803
129,rigetti_aspen,QAOA,4,QADE + PyZX,11,17,6,0,0.9035871008917696,0.022316799964755774
129,rigetti_aspen,QAOA,4,QADE + Knowledge Graph,11,17,6,0,0.9035871008917696,0.0010853999992832541
129,rigetti_aspen,QAOA,4,QADE + Evolution + PyZX,11,17,6,0,0.9035871008917696,0.011949999956414104
130,rigetti_aspen,QAOA_alt,4,Qiskit,21,48,6,0,0.8759920354205226,0.0103506000014022
130,rigetti_aspen,QAOA_alt,4,PyZX,11,17,6,0,0.9035871008917696,0.001018799957819283
130,rigetti_aspen,QAOA_alt,4,TKET,21,48,6,0,0.8759920354205226,0.011146800010465086
130,rigetti_aspen,QAOA_alt,4,BQSKit,17,40,6,0,0.8830316128259788,0.010135799995623529
130,rigetti_aspen,QAOA_alt,4,Cirq-native,11,17,6,0,0.9035871008917696,0.0008583000162616372
130,rigetti_aspen,QAOA_alt,4,QADE,11,17,6,0,0.9035871008917696,0.025793900014832616
130,rigetti_aspen,QAOA_alt,4,QADE + PyZX,11,17,6,0,0.9035871008917696,0.026270700036548078
130,rigetti_aspen,QAOA_alt,4,QADE + Knowledge Graph,11,17,6,0,0.9035871008917696,0.0007998999208211899
130,rigetti_aspen,QAOA_alt,4,QADE + Evolution + PyZX,11,17,6,0,0.9035871008917696,0.013428100035525858
131,rigetti_aspen,QAOA,5,Qiskit,20,51,8,0,0.8663867608523356,0.009624099940992892
131,rigetti_aspen,QAOA,5,PyZX,14,22,8,0,0.8918927809285779,0.001096899970434606
131,rigetti_aspen,QAOA,5,TKET,25,61,8,0,0.8577617768633624,0.0124721999745816
131,rigetti_aspen,QAOA,5,BQSKit,25,61,8,0,0.8577617768633624,0.01689760002773255
131,rigetti_aspen,QAOA,5,Cirq-native,14,22,8,0,0.8918927809285779,0.00146980001591146
131,rigetti_aspen,QAOA,5,QADE,14,22,8,0,0.8918927809285779,0.031897999928332865
131,rigetti_aspen,QAOA,5,QADE + PyZX,14,22,8,0,0.8918927809285779,0.02592060004826635
131,rigetti_aspen,QAOA,5,QADE + Knowledge Graph,14,22,8,0,0.8918927809285779,0.0012419999111443758
131,rigetti_aspen,QAOA,5,QADE + Evolution + PyZX,14,22,8,0,0.8918927809285779,0.03799740003887564
132,rigetti_aspen,QAOA_alt,5,Qiskit,26,62,8,0,0.856904015086499,0.009907900006510317
132,rigetti_aspen,QAOA_alt,5,PyZX,14,22,8,0,0.8918927809285779,0.0011234000558033586
132,rigetti_aspen,QAOA_alt,5,TKET,20,51,8,0,0.8663867608523356,0.009757300023920834
132,rigetti_aspen,QAOA_alt,5,BQSKit,26,62,8,0,0.856904015086499,0.010895500076003373
132,rigetti_aspen,QAOA_alt,5,Cirq-native,14,22,8,0,0.8918927809285779,0.0009529000381007791
132,rigetti_aspen,QAOA_alt,5,QADE,14,22,8,0,0.8918927809285779,0.025484299985691905
132,rigetti_aspen,QAOA_alt,5,QADE + PyZX,14,22,8,0,0.8918927809285779,0.05025189998559654
132,rigetti_aspen,QAOA_alt,5,QADE + Knowledge Graph,14,22,8,0,0.8918927809285779,0.0009341000113636255
132,rigetti_aspen,QAOA_alt,5,QADE + Evolution + PyZX,14,22,8,0,0.8918927809285779,0.01845640002284199
133,rigetti_aspen,QV,2,Qiskit,11,19,1,0,0.9200534038607199,0.009734199964441359
133,rigetti_aspen,QV,2,PyZX,3,5,1,0,0.9330312745497168,0.000801999936811626
133,rigetti_aspen,QV,2,TKET,11,19,1,0,0.9200534038607199,0.011713800020515919
133,rigetti_aspen,QV,2,BQSKit,11,17,1,0,0.9218962745134723,0.009947999962605536
133,rigetti_aspen,QV,2,Cirq-native,3,5,1,0,0.9330312745497168,0.0011304999934509397
133,rigetti_aspen,QV,2,QADE,3,5,1,0,0.9330312745497168,0.012463800027035177
133,rigetti_aspen,QV,2,QADE + PyZX,3,5,1,0,0.9330312745497168,0.013128599966876209
133,rigetti_aspen,QV,2,QADE + Knowledge Graph,3,5,1,0,0.9330312745497168,0.0006982999620959163
133,rigetti_aspen,QV,2,QADE + Evolution + PyZX,3,5,1,0,0.9330312745497168,0.021383600076660514
134,rigetti_aspen,QV_alt,2,Qiskit,11,17,1,0,0.9218962745134723,0.00913549994584173
134,rigetti_aspen,QV_alt,2,PyZX,3,5,1,0,0.9330312745497168,0.001092500053346157
134,rigetti_aspen,QV_alt,2,TKET,11,17,1,0,0.9218962745134723,0.010067499941214919
134,rigetti_aspen,QV_alt,2,BQSKit,11,17,1,0,0.9218962745134723,0.012423900072462857
134,rigetti_aspen,QV_alt,2,Cirq-native,3,5,1,0,0.9330312745497168,0.000991299981251359
134,rigetti_aspen,QV_alt,2,QADE,3,5,1,0,0.9330312745497168,0.013743099989369512
134,rigetti_aspen,QV_alt,2,QADE + PyZX,3,5,1,0,0.9330312745497168,0.024790499941445887
134,rigetti_aspen,QV_alt,2,QADE + Knowledge Graph,3,5,1,0,0.9330312745497168,0.0009740000823512673
134,rigetti_aspen,QV_alt,2,QADE + Evolution + PyZX,3,5,1,0,0.9330312745497168,0.025215900037437677
135,rigetti_aspen,QV,3,Qiskit,11,22,1,0,0.917296002889296,0.011863699997775257
135,rigetti_aspen,QV,3,PyZX,3,7,1,0,0.9311661450318919,0.0012287999270483851
135,rigetti_aspen,QV,3,TKET,11,22,1,0,0.917296002889296,0.018225800013169646
135,rigetti_aspen,QV,3,BQSKit,11,24,1,0,0.9154623281795203,0.017449400038458407
135,rigetti_aspen,QV,3,Cirq-native,3,7,1,0,0.9311661450318919,0.0013855999568477273
135,rigetti_aspen,QV,3,QADE,3,7,1,0,0.9311661450318919,0.02743609994649887
135,rigetti_aspen,QV,3,QADE + PyZX,3,7,1,0,0.9311661450318919,0.018665999989025295
135,rigetti_aspen,QV,3,QADE + Knowledge Graph,3,7,1,0,0.9311661450318919,0.0009280999656766653
135,rigetti_aspen,QV,3,QADE + Evolution + PyZX,3,7,1,0,0.9311661450318919,0.01059029996395111
136,rigetti_aspen,QV_alt,3,Qiskit,11,22,1,0,0.917296002889296,0.011743900016881526
136,rigetti_aspen,QV_alt,3,PyZX,3,7,1,0,0.9311661450318919,0.0010333000682294369
136,rigetti_aspen,QV_alt,3,TKET,11,22,1,0,0.917296002889296,0.013608200009912252
136,rigetti_aspen,QV_alt,3,BQSKit,11,22,1,0,0.917296002889296,0.013244000030681491
136,rigetti_aspen,QV_alt,3,Cirq-native,3,7,1,0,0.9311661450318919,0.0014810999855399132
136,rigetti_aspen,QV_alt,3,QADE,3,7,1,0,0.9311661450318919,0.025903899921104312
136,rigetti_aspen,QV_alt,3,QADE + PyZX,3,7,1,0,0.9311661450318919,0.014406200032681227
136,rigetti_aspen,QV_alt,3,QADE + Knowledge Graph,3,7,1,0,0.9311661450318919,0.0007767999777570367
136,rigetti_aspen,QV_alt,3,QADE + Evolution + PyZX,3,7,1,0,0.9311661450318919,0.008178899995982647
137,rigetti_aspen,QV,4,Qiskit,11,36,2,0,0.9009152300367514,0.013353500049561262
137,rigetti_aspen,QV,4,PyZX,3,10,2,0,0.9246582201884332,0.001240300014615059
137,rigetti_aspen,QV,4,TKET,11,36,2,0,0.9009152300367514,0.012711800052784383
137,rigetti_aspen,QV,4,BQSKit,11,36,2,0,0.9009152300367514,0.012717400095425546
137,rigetti_aspen,QV,4,Cirq-native,3,10,2,0,0.9246582201884332,0.0011258999584242702
137,rigetti_aspen,QV,4,QADE,3,10,2,0,0.9246582201884332,0.02390450006350875
137,rigetti_aspen,QV,4,QADE + PyZX,3,10,2,0,0.9246582201884332,0.01999850000720471
137,rigetti_aspen,QV,4,QADE + Knowledge Graph,3,10,2,0,0.9246582201884332,0.0012339000822976232
137,rigetti_aspen,QV,4,QADE + Evolution + PyZX,3,10,2,0,0.9246582201884332,0.013629900058731437
138,rigetti_aspen,QV_alt,4,Qiskit,11,36,2,0,0.9009152300367514,0.009256400051526725
138,rigetti_aspen,QV_alt,4,PyZX,3,10,2,0,0.9246582201884332,0.0014103000285103917
138,rigetti_aspen,QV_alt,4,TKET,11,38,2,0,0.8991143004919079,0.009559299913235009
138,rigetti_aspen,QV_alt,4,BQSKit,11,36,2,0,0.9009152300367514,0.0097978999838233
138,rigetti_aspen,QV_alt,4,Cirq-native,3,10,2,0,0.9246582201884332,0.0010174999479204416
138,rigetti_aspen,QV_alt,4,QADE,3,10,2,0,0.9246582201884332,0.018503299914300442
138,rigetti_aspen,QV_alt,4,QADE + PyZX,3,10,2,0,0.9246582201884332,0.013994200038723648
138,rigetti_aspen,QV_alt,4,QADE + Knowledge Graph,3,10,2,0,0.9246582201884332,0.0007377000292763114
138,rigetti_aspen,QV_alt,4,QADE + Evolution + PyZX,3,10,2,0,0.9246582201884332,0.011311499984003603
139,rigetti_aspen,QV,5,Qiskit,11,41,2,0,0.8964196540342193,0.010260600014589727
139,rigetti_aspen,QV,5,PyZX,3,12,2,0,0.9228098284062766,0.0015782000264152884
139,rigetti_aspen,QV,5,TKET,11,41,2,0,0.8964196540342193,0.014880499918945134
139,rigetti_aspen,QV,5,BQSKit,11,41,2,0,0.8964196540342193,0.013400199939496815
139,rigetti_aspen,QV,5,Cirq-native,3,12,2,0,0.9228098284062766,0.0008325999369844794
139,rigetti_aspen,QV,5,QADE,3,12,2,0,0.9228098284062766,0.022406799951568246
139,rigetti_aspen,QV,5,QADE + PyZX,3,12,2,0,0.9228098284062766,0.019531299942173064
139,rigetti_aspen,QV,5,QADE + Knowledge Graph,3,12,2,0,0.9228098284062766,0.0007365000201389194
139,rigetti_aspen,QV,5,QADE + Evolution + PyZX,3,12,2,0,0.9228098284062766,0.013205999974161386
140,rigetti_aspen,QV_alt,5,Qiskit,11,41,2,0,0.8964196540342193,0.009431699989363551
140,rigetti_aspen,QV_alt,5,PyZX,3,12,2,0,0.9228098284062766,0.0012362999841570854
140,rigetti_aspen,QV_alt,5,TKET,11,41,2,0,0.8964196540342193,0.009778699954040349
140,rigetti_aspen,QV_alt,5,BQSKit,11,39,2,0,0.8982151861914159,0.012647599913179874
140,rigetti_aspen,QV_alt,5,Cirq-native,3,12,2,0,0.9228098284062766,0.0012233000015839934
140,rigetti_aspen,QV_alt,5,QADE,3,12,2,0,0.9228098284062766,0.021925200009718537
140,rigetti_aspen,QV_alt,5,QADE + PyZX,3,12,2,0,0.9228098284062766,0.015103299985639751
140,rigetti_aspen,QV_alt,5,QADE + Knowledge Graph,3,12,2,0,0.9228098284062766,0.0008637000573799014
140,rigetti_aspen,QV_alt,5,QADE + Evolution + PyZX,3,12,2,0,0.9228098284062766,0.011316300020553172
141,rigetti_aspen,Random_0,4,Qiskit,7,17,1,0,0.9218962745134723,0.009597999975085258
141,rigetti_aspen,Random_0,4,PyZX,12,20,11,10,0.7981526268950477,0.0010032999562099576
141,rigetti_aspen,Random_0,4,TKET,7,17,1,0,0.9218962745134723,0.009414799977093935
141,rigetti_aspen,Random_0,4,BQSKit,7,17,1,0,0.9218962745134723,0.010045000002719462
141,rigetti_aspen,Random_0,4,Cirq-native,12,20,11,10,0.7981526268950477,0.000833700061775744
141,rigetti_aspen,Random_0,4,QADE,4,6,5,0,0.9172591644505296,0.014004900003783405
141,rigetti_aspen,Random_0,4,QADE + PyZX,5,6,5,0,0.9172591644505296,0.01176550006493926
141,rigetti_aspen,Random_0,4,QADE + Knowledge Graph,12,20,11,10,0.7981526268950477,0.0008569000056013465
141,rigetti_aspen,Random_0,4,QADE + Evolution + PyZX,12,20,11,10,0.7981526268950477,0.021174599998630583
142,rigetti_aspen,Random_1,4,Qiskit,7,17,1,0,0.9218962745134723,0.009312900016084313
142,rigetti_aspen,Random_1,4,PyZX,12,20,11,10,0.7981526268950477,0.0008472000481560826
142,rigetti_aspen,Random_1,4,TKET,9,18,1,0,0.920974378238959,0.012466500047594309
142,rigetti_aspen,Random_1,4,BQSKit,7,17,1,0,0.9218962745134723,0.01025269995443523
142,rigetti_aspen,Random_1,4,Cirq-native,12,20,11,10,0.7981526268950477,0.001135599915869534
142,rigetti_aspen,Random_1,4,QADE,8,16,4,2,0.8935433947671145,0.02474270004313439
142,rigetti_aspen,Random_1,4,QADE + PyZX,6,6,5,0,0.9172591644505296,0.026527900015935302
142,rigetti_aspen,Random_1,4,QADE + Knowledge Graph,12,20,11,10,0.7981526268950477,0.0008011999307200313
142,rigetti_aspen,Random_1,4,QADE + Evolution + PyZX,12,20,11,10,0.7981526268950477,0.027156800031661987
143,rigetti_aspen,Random_2,4,Qiskit,9,18,1,0,0.920974378238959,0.011246400070376694
143,rigetti_aspen,Random_2,4,PyZX,12,20,11,10,0.7981526268950477,0.0009670999133959413
143,rigetti_aspen,Random_2,4,TKET,9,18,1,0,0.920974378238959,0.013024899992160499
143,rigetti_aspen,Random_2,4,BQSKit,7,17,1,0,0.9218962745134723,0.015176600078120828
143,rigetti_aspen,Random_2,4,Cirq-native,12,20,11,10,0.7981526268950477,0.0014697000151500106
143,rigetti_aspen,Random_2,4,QADE,4,5,4,1,0.912603496865,0.01377590000629425
143,rigetti_aspen,Random_2,4,QADE + PyZX,4,10,4,2,0.8989234696982494,0.019664599909447134
143,rigetti_aspen,Random_2,4,QADE + Knowledge Graph,12,20,11,10,0.7981526268950477,0.0007070999126881361
143,rigetti_aspen,Random_2,4,QADE + Evolution + PyZX,12,20,11,10,0.7981526268950477,0.010245100012980402
144,rigetti_aspen,Random_3,4,Qiskit,7,17,1,0,0.9218962745134723,0.00973130005877465
144,rigetti_aspen,Random_3,4,PyZX,12,20,11,10,0.7981526268950477,0.0009065000340342522
144,rigetti_aspen,Random_3,4,TKET,9,18,1,0,0.920974378238959,0.010924499947577715
144,rigetti_aspen,Random_3,4,BQSKit,9,18,1,0,0.920974378238959,0.011425100034102798
144,rigetti_aspen,Random_3,4,Cirq-native,12,20,11,10,0.7981526268950477,0.0013496000319719315
144,rigetti_aspen,Random_3,4,QADE,10,21,11,3,0.8557745904121317,0.031186899985186756
144,rigetti_aspen,Random_3,4,QADE + PyZX,7,17,10,3,0.8626603591974985,0.02374580001924187
144,rigetti_aspen,Random_3,4,QADE + Knowledge Graph,12,20,11,10,0.7981526268950477,0.0008160999277606606
144,rigetti_aspen,Random_3,4,QADE + Evolution + PyZX,12,20,11,10,0.7981526268950477,0.021574600017629564
145,rigetti_aspen,Random_4,4,Qiskit,7,17,1,0,0.9218962745134723,0.008706799941137433
145,rigetti_aspen,Random_4,4,PyZX,12,20,11,10,0.7981526268950477,0.0008778999326750636
145,rigetti_aspen,Random_4,4,TKET,7,17,1,0,0.9218962745134723,0.010629300028085709
145,rigetti_aspen,Random_4,4,BQSKit,9,18,1,0,0.920974378238959,0.011745799914933741
145,rigetti_aspen,Random_4,4,Cirq-native,12,20,11,10,0.7981526268950477,0.0009204999078065157
145,rigetti_aspen,Random_4,4,QADE,14,24,11,3,0.8532098331088919,0.032121900003403425
145,rigetti_aspen,Random_4,4,QADE + PyZX,9,23,11,3,0.8540638970058978,0.028692100080661476
145,rigetti_aspen,Random_4,4,QADE + Knowledge Graph,12,20,11,10,0.7981526268950477,0.0009439000859856606
145,rigetti_aspen,Random_4,4,QADE + Evolution + PyZX,12,20,11,10,0.7981526268950477,0.01614950003568083
146,rigetti_aspen,Random_5,4,Qiskit,7,17,1,0,0.9218962745134723,0.008629299933090806
146,rigetti_aspen,Random_5,4,PyZX,12,20,11,10,0.7981526268950477,0.001554699963890016
146,rigetti_aspen,Random_5,4,TKET,7,17,1,0,0.9218962745134723,0.010255299974232912
146,rigetti_aspen,Random_5,4,BQSKit,9,18,1,0,0.920974378238959,0.011129999998956919
146,rigetti_aspen,Random_5,4,Cirq-native,12,20,11,10,0.7981526268950477,0.001310399966314435
146,rigetti_aspen,Random_5,4,QADE,4,6,5,0,0.9172591644505296,0.01202749996446073
146,rigetti_aspen,Random_5,4,QADE + PyZX,1,1,0,0,0.940538669251599,0.009763499954715371
146,rigetti_aspen,Random_5,4,QADE + Knowledge Graph,12,20,11,10,0.7981526268950477,0.0007428999524563551
146,rigetti_aspen,Random_5,4,QADE + Evolution + PyZX,12,20,11,10,0.7981526268950477,0.0278870000038296
147,rigetti_aspen,Random_6,4,Qiskit,7,17,1,0,0.9218962745134723,0.011650400003418326
147,rigetti_aspen,Random_6,4,PyZX,12,20,11,10,0.7981526268950477,0.0012190999696031213
147,rigetti_aspen,Random_6,4,TKET,9,18,1,0,0.920974378238959,0.014343200018629432
147,rigetti_aspen,Random_6,4,BQSKit,7,17,1,0,0.9218962745134723,0.013225200003944337
147,rigetti_aspen,Random_6,4,Cirq-native,12,20,11,10,0.7981526268950477,0.001804300001822412
147,rigetti_aspen,Random_6,4,QADE,6,6,5,0,0.9172591644505296,0.01858380006160587
147,rigetti_aspen,Random_6,4,QADE + PyZX,9,15,8,0,0.898161078499648,0.015932600013911724
147,rigetti_aspen,Random_6,4,QADE + Knowledge Graph,12,20,11,10,0.7981526268950477,0.0014902999391779304
147,rigetti_aspen,Random_6,4,QADE + Evolution + PyZX,12,20,11,10,0.7981526268950477,0.009191000019200146
148,rigetti_aspen,Random_7,4,Qiskit,7,17,1,0,0.9218962745134723,0.009143200004473329
148,rigetti_aspen,Random_7,4,PyZX,12,20,11,10,0.7981526268950477,0.0014603000599890947
148,rigetti_aspen,Random_7,4,TKET,9,18,1,0,0.920974378238959,0.010942000080831349
148,rigetti_aspen,Random_7,4,BQSKit,7,17,1,0,0.9218962745134723,0.011962000047788024
148,rigetti_aspen,Random_7,4,Cirq-native,12,20,11,10,0.7981526268950477,0.0011686000507324934
148,rigetti_aspen,Random_7,4,QADE,7,11,4,1,0.9071415466978766,0.015592099982313812
148,rigetti_aspen,Random_7,4,QADE + PyZX,8,16,8,5,0.8530715690027092,0.019902599975466728
148,rigetti_aspen,Random_7,4,QADE + Knowledge Graph,12,20,11,10,0.7981526268950477,0.0006977999582886696
148,rigetti_aspen,Random_7,4,QADE + Evolution + PyZX,12,20,11,10,0.7981526268950477,0.007817999925464392
149,rigetti_aspen,Random_8,4,Qiskit,9,18,1,0,0.920974378238959,0.010699899983592331
149,rigetti_aspen,Random_8,4,PyZX,12,20,11,10,0.7981526268950477,0.0012473000679165125
149,rigetti_aspen,Random_8,4,TKET,7,17,1,0,0.9218962745134723,0.010804299963638186
149,rigetti_aspen,Random_8,4,BQSKit,7,17,1,0,0.9218962745134723,0.011396099929697812
149,rigetti_aspen,Random_8,4,Cirq-native,12,20,11,10,0.7981526268950477,0.0011180000146850944
149,rigetti_aspen,Random_8,4,QADE,11,21,12,0,0.8785723486392294,0.02409069996792823
149,rigetti_aspen,Random_8,4,QADE + PyZX,5,6,5,0,0.9172591644505296,0.012943300069309771
149,rigetti_aspen,Random_8,4,QADE + Knowledge Graph,12,20,11,10,0.7981526268950477,0.0009258999489247799
149,rigetti_aspen,Random_8,4,QADE + Evolution + PyZX,12,20,11,10,0.7981526268950477,0.01278190000448376
150,rigetti_aspen,Random_9,4,Qiskit,9,18,1,0,0.920974378238959,0.01147949998266995
150,rigetti_aspen,Random_9,4,PyZX,12,20,11,10,0.7981526268950477,0.0014649999793618917
150,rigetti_aspen,Random_9,4,TKET,7,17,1,0,0.9218962745134723,0.01168819994200021
150,rigetti_aspen,Random_9,4,BQSKit,7,17,1,0,0.9218962745134723,0.010297599947080016
150,rigetti_aspen,Random_9,4,Cirq-native,12,20,11,10,0.7981526268950477,0.000874500023201108
150,rigetti_aspen,Random_9,4,QADE,5,6,5,0,0.9172591644505296,0.010188300046138465
150,rigetti_aspen,Random_9,4,QADE + PyZX,5,6,5,0,0.9172591644505296,0.014136300073005259
150,rigetti_aspen,Random_9,4,QADE + Knowledge Graph,12,20,11,10,0.7981526268950477,0.0007488999981433153
150,rigetti_aspen,Random_9,4,QADE + Evolution + PyZX,12,20,11,10,0.7981526268950477,0.015485999989323318
151,quantinuum_h1,GHZ,2,Qiskit,4,4,1,0,0.9339652397895062,0.008769799955189228
151,quantinuum_h1,GHZ,2,PyZX,2,2,1,0,0.9358359759053411,0.0019032000564038754
151,quantinuum_h1,GHZ,2,TKET,4,4,1,0,0.9339652397895062,0.012501899967901409
151,quantinuum_h1,GHZ,2,BQSKit,4,4,1,0,0.9339652397895062,0.014156999997794628
151,quantinuum_h1,GHZ,2,Cirq-native,2,2,1,0,0.9358359759053411,0.001379300025291741
151,quantinuum_h1,GHZ,2,QADE,2,2,1,0,0.9358359759053411,0.020989600103348494
151,quantinuum_h1,GHZ,2,QADE + PyZX,2,2,1,0,0.9358359759053411,0.011608800035901368
151,quantinuum_h1,GHZ,2,QADE + Knowledge Graph,2,2,1,0,0.9358359759053411,0.0007884999504312873
151,quantinuum_h1,GHZ,2,QADE + Evolution + PyZX,2,2,1,0,0.9358359759053411,0.014851000043563545
152,quantinuum_h1,GHZ_alt,2,Qiskit,7,9,1,0,0.929304743907973,0.00875759997870773
152,quantinuum_h1,GHZ_alt,2,PyZX,2,2,1,0,0.9358359759053411,0.0008131000213325024
152,quantinuum_h1,GHZ_alt,2,TKET,7,9,1,0,0.929304743907973,0.012863100040704012
152,quantinuum_h1,GHZ_alt,2,BQSKit,7,9,1,0,0.929304743907973,0.013257600017823279
152,quantinuum_h1,GHZ_alt,2,Cirq-native,2,2,1,0,0.9358359759053411,0.0009802000131458044
152,quantinuum_h1,GHZ_alt,2,QADE,2,2,1,0,0.9358359759053411,0.009301899932324886
152,quantinuum_h1,GHZ_alt,2,QADE + PyZX,2,2,1,0,0.9358359759053411,0.009939100011251867
152,quantinuum_h1,GHZ_alt,2,QADE + Knowledge Graph,2,2,1,0,0.9358359759053411,0.0007012999849393964
152,quantinuum_h1,GHZ_alt,2,QADE + Evolution + PyZX,2,2,1,0,0.9358359759053411,0.01645320001989603
153,quantinuum_h1,GHZ,3,Qiskit,8,16,2,0,0.9191241222613055,0.008828200050629675
153,quantinuum_h1,GHZ,3,PyZX,3,3,2,0,0.9311567960258144,0.0010487999534234405
153,quantinuum_h1,GHZ,3,TKET,5,5,2,0,0.9292954135905587,0.009214799967594445
153,quantinuum_h1,GHZ,3,BQSKit,5,5,2,0,0.9292954135905587,0.012191499932669103
153,quantinuum_h1,GHZ,3,Cirq-native,3,3,2,0,0.9311567960258144,0.0007865000516176224
153,quantinuum_h1,GHZ,3,QADE,3,3,2,0,0.9311567960258144,0.02990339999087155
153,quantinuum_h1,GHZ,3,QADE + PyZX,3,3,2,0,0.9311567960258144,0.008761500008404255
153,quantinuum_h1,GHZ,3,QADE + Knowledge Graph,3,3,2,0,0.9311567960258144,0.0007513000164180994
153,quantinuum_h1,GHZ,3,QADE + Evolution + PyZX,3,3,2,0,0.9311567960258144,0.007749599986709654
154,quantinuum_h1,GHZ_alt,3,Qiskit,8,16,2,0,0.9191241222613055,0.008335200021974742
154,quantinuum_h1,GHZ_alt,3,PyZX,3,3,2,0,0.9311567960258144,0.0008787999395281076
154,quantinuum_h1,GHZ_alt,3,TKET,8,16,2,0,0.9191241222613055,0.013329299981705844
154,quantinuum_h1,GHZ_alt,3,BQSKit,5,5,2,0,0.9292954135905587,0.010833799955435097
154,quantinuum_h1,GHZ_alt,3,Cirq-native,3,3,2,0,0.9311567960258144,0.0008892000187188387
154,quantinuum_h1,GHZ_alt,3,QADE,3,3,2,0,0.9311567960258144,0.011120500043034554
154,quantinuum_h1,GHZ_alt,3,QADE + PyZX,3,3,2,0,0.9311567960258144,0.010199900018051267
154,quantinuum_h1,GHZ_alt,3,QADE + Knowledge Graph,3,3,2,0,0.9311567960258144,0.0007330999942496419
154,quantinuum_h1,GHZ_alt,3,QADE + Evolution + PyZX,3,3,2,0,0.9311567960258144,0.0064159000758081675
155,quantinuum_h1,GHZ,4,Qiskit,9,23,3,0,0.9090550302907661,0.008281500078737736
155,quantinuum_h1,GHZ,4,PyZX,4,4,3,0,0.9265010120456852,0.0010397000005468726
155,quantinuum_h1,GHZ,4,TKET,6,6,3,0,0.9246489365226059,0.009619300020858645
155,quantinuum_h1,GHZ,4,BQSKit,9,23,3,0,0.9090550302907661,0.01086170005146414
155,quantinuum_h1,GHZ,4,Cirq-native,4,4,3,0,0.9265010120456852,0.0014512999914586544
155,quantinuum_h1,GHZ,4,QADE,4,4,3,0,0.9265010120456852,0.01674069999717176
155,quantinuum_h1,GHZ,4,QADE + PyZX,4,4,3,0,0.9265010120456852,0.013799400068819523
155,quantinuum_h1,GHZ,4,QADE + Knowledge Graph,4,4,3,0,0.9265010120456852,0.0007037000032141805
155,quantinuum_h1,GHZ,4,QADE + Evolution + PyZX,4,4,3,0,0.9265010120456852,0.00561079999897629
156,quantinuum_h1,GHZ_alt,4,Qiskit,6,6,3,0,0.9246489365226059,0.00849239993840456
156,quantinuum_h1,GHZ_alt,4,PyZX,4,4,3,0,0.9265010120456852,0.0008386000990867615
156,quantinuum_h1,GHZ_alt,4,TKET,9,23,3,0,0.9090550302907661,0.009056299924850464
156,quantinuum_h1,GHZ_alt,4,BQSKit,6,6,3,0,0.9246489365226059,0.00932820001617074
156,quantinuum_h1,GHZ_alt,4,Cirq-native,4,4,3,0,0.9265010120456852,0.0008384999819099903
156,quantinuum_h1,GHZ_alt,4,QADE,4,4,3,0,0.9265010120456852,0.011167499935254455
156,quantinuum_h1,GHZ_alt,4,QADE + PyZX,4,4,3,0,0.9265010120456852,0.01396130002103746
156,quantinuum_h1,GHZ_alt,4,QADE + Knowledge Graph,4,4,3,0,0.9265010120456852,0.0007061000214889646
156,quantinuum_h1,GHZ_alt,4,QADE + Evolution + PyZX,4,4,3,0,0.9265010120456852,0.007087500067427754
157,quantinuum_h1,GHZ,5,Qiskit,7,7,4,0,0.9200256918399928,0.007995399995706975
157,quantinuum_h1,GHZ,5,PyZX,5,5,4,0,0.9218685069854567,0.0008287000237032771
157,quantinuum_h1,GHZ,5,TKET,7,7,4,0,0.9200256918399928,0.009800200001336634
157,quantinuum_h1,GHZ,5,BQSKit,10,30,4,0,0.8990962461781705,0.013056099996902049
157,quantinuum_h1,GHZ,5,Cirq-native,5,5,4,0,0.9218685069854567,0.0012644000817090273
157,quantinuum_h1,GHZ,5,QADE,5,5,4,0,0.9218685069854567,0.015356200048699975
157,quantinuum_h1,GHZ,5,QADE + PyZX,5,5,4,0,0.9218685069854567,0.017212899983860552
157,quantinuum_h1,GHZ,5,QADE + Knowledge Graph,5,5,4,0,0.9218685069854567,0.0008469000458717346
157,quantinuum_h1,GHZ,5,QADE + Evolution + PyZX,5,5,4,0,0.9218685069854567,0.007579699973575771
158,quantinuum_h1,GHZ_alt,5,Qiskit,7,7,4,0,0.9200256918399928,0.008537799934856594
158,quantinuum_h1,GHZ_alt,5,PyZX,5,5,4,0,0.9218685069854567,0.000879199942573905
158,quantinuum_h1,GHZ_alt,5,TKET,7,7,4,0,0.9200256918399928,0.01050450000911951
158,quantinuum_h1,GHZ_alt,5,BQSKit,10,30,4,0,0.8990962461781705,0.010273599997162819
158,quantinuum_h1,GHZ_alt,5,Cirq-native,5,5,4,0,0.9218685069854567,0.000750300008803606
158,quantinuum_h1,GHZ_alt,5,QADE,5,5,4,0,0.9218685069854567,0.012639000080525875
158,quantinuum_h1,GHZ_alt,5,QADE + PyZX,5,5,4,0,0.9218685069854567,0.013326500076800585
158,quantinuum_h1,GHZ_alt,5,QADE + Knowledge Graph,5,5,4,0,0.9218685069854567,0.0006812000647187233
158,quantinuum_h1,GHZ_alt,5,QADE + Evolution + PyZX,5,5,4,0,0.9218685069854567,0.006974600022658706
159,quantinuum_h1,QFT,2,Qiskit,4,7,1,0,0.9311661450318919,0.009224000037647784
159,quantinuum_h1,QFT,2,PyZX,3,3,1,0,0.9349001399294357,0.001025900011882186
159,quantinuum_h1,QFT,2,TKET,4,7,1,0,0.9311661450318919,0.011919599957764149
159,quantinuum_h1,QFT,2,BQSKit,9,14,1,0,0.9246675039474705,0.013894199975766242
159,quantinuum_h1,QFT,2,Cirq-native,3,3,1,0,0.9349001399294357,0.0015691000735387206
159,quantinuum_h1,QFT,2,QADE,3,3,1,0,0.9349001399294357,0.011140399961732328
159,quantinuum_h1,QFT,2,QADE + PyZX,3,3,1,0,0.9349001399294357,0.013148900005035102
159,quantinuum_h1,QFT,2,QADE + Knowledge Graph,3,3,1,0,0.9349001399294357,0.0006968999514356256
159,quantinuum_h1,QFT,2,QADE + Evolution + PyZX,1,2,0,0,0.9395981305823474,0.016333499923348427
160,quantinuum_h1,QFT_alt,2,Qiskit,4,7,1,0,0.9311661450318919,0.008281199960038066
160,quantinuum_h1,QFT_alt,2,PyZX,3,3,1,0,0.9349001399294357,0.0010110000148415565
160,quantinuum_h1,QFT_alt,2,TKET,4,7,1,0,0.9311661450318919,0.010427900007925928
160,quantinuum_h1,QFT_alt,2,BQSKit,4,7,1,0,0.9311661450318919,0.010211599990725517
160,quantinuum_h1,QFT_alt,2,Cirq-native,3,3,1,0,0.9349001399294357,0.0009723999537527561
160,quantinuum_h1,QFT_alt,2,QADE,3,3,1,0,0.9349001399294357,0.01057430007494986
160,quantinuum_h1,QFT_alt,2,QADE + PyZX,3,3,1,0,0.9349001399294357,0.014937200001440942
160,quantinuum_h1,QFT_alt,2,QADE + Knowledge Graph,3,3,1,0,0.9349001399294357,0.000734600005671382
160,quantinuum_h1,QFT_alt,2,QADE + Evolution + PyZX,2,3,0,0,0.938658532451765,0.01652900001499802
161,quantinuum_h1,QFT,3,Qiskit,22,33,6,0,0.8892376333614207,0.011092500062659383
161,quantinuum_h1,QFT,3,PyZX,8,8,5,2,0.8971175144376453,0.0008585000177845359
161,quantinuum_h1,QFT,3,TKET,22,33,6,0,0.8892376333614207,0.012856799992732704
161,quantinuum_h1,QFT,3,BQSKit,25,39,6,0,0.8839155283543331,0.01333300000987947
161,quantinuum_h1,QFT,3,Cirq-native,8,8,5,2,0.8971175144376453,0.0012038999702781439
161,quantinuum_h1,QFT,3,QADE,6,6,5,0,0.9172591644505296,0.014496900024823844
161,quantinuum_h1,QFT,3,QADE + PyZX,8,19,9,2,0.8731725535414451,0.017467500059865415
161,quantinuum_h1,QFT,3,QADE + Knowledge Graph,8,8,5,2,0.8971175144376453,0.0008172000525519252
161,quantinuum_h1,QFT,3,QADE + Evolution + PyZX,8,8,5,2,0.8971175144376453,0.008067699964158237
162,quantinuum_h1,QFT_alt,3,Qiskit,16,25,6,0,0.8963836539857833,0.012099200044758618
162,quantinuum_h1,QFT_alt,3,PyZX,8,8,5,2,0.8971175144376453,0.0013142999960109591
162,quantinuum_h1,QFT_alt,3,TKET,16,25,6,0,0.8963836539857833,0.02198239997960627
162,quantinuum_h1,QFT_alt,3,BQSKit,24,38,6,0,0.8848003286830161,0.02482399996370077
162,quantinuum_h1,QFT_alt,3,Cirq-native,8,8,5,2,0.8971175144376453,0.0023381999926641583
162,quantinuum_h1,QFT_alt,3,QADE,4,6,5,0,0.9172591644505296,0.01885820005554706
162,quantinuum_h1,QFT_alt,3,QADE + PyZX,4,6,5,0,0.9172591644505296,0.033250899985432625
162,quantinuum_h1,QFT_alt,3,QADE + Knowledge Graph,8,8,5,2,0.8971175144376453,0.0007669000187888741
162,quantinuum_h1,QFT_alt,3,QADE + Evolution + PyZX,8,8,5,2,0.8971175144376453,0.008334700018167496
163,quantinuum_h1,QFT,4,Qiskit,39,64,13,0,0.8382066785119435,0.012015999993309379
163,quantinuum_h1,QFT,4,PyZX,17,18,14,8,0.8063088914530675,0.00132020004093647
163,quantinuum_h1,QFT,4,TKET,39,62,11,0,0.846652032536495,0.015274300007149577
163,quantinuum_h1,QFT,4,BQSKit,35,65,13,0,0.8373684718334315,0.01266899995971471
163,quantinuum_h1,QFT,4,Cirq-native,17,18,14,8,0.8063088914530675,0.0008707999950274825
163,quantinuum_h1,QFT,4,QADE,4,6,5,0,0.9172591644505296,0.01664470008108765
163,quantinuum_h1,QFT,4,QADE + PyZX,5,8,3,0,0.9228005632984972,0.01880319998599589
163,quantinuum_h1,QFT,4,QADE + Knowledge Graph,17,18,14,8,0.8063088914530675,0.0007652000058442354
163,quantinuum_h1,QFT,4,QADE + Evolution + PyZX,17,18,14,8,0.8063088914530675,0.0437963999575004
164,quantinuum_h1,QFT_alt,4,Qiskit,36,60,13,0,0.8415679040862942,0.011386299971491098
164,quantinuum_h1,QFT_alt,4,PyZX,17,18,14,8,0.8063088914530675,0.0013673999346792698
164,quantinuum_h1,QFT_alt,4,TKET,28,56,11,0,0.8517497719438029,0.01483669993467629
164,quantinuum_h1,QFT_alt,4,BQSKit,28,56,11,0,0.8517497719438029,0.011244099936448038
164,quantinuum_h1,QFT_alt,4,Cirq-native,17,18,14,8,0.8063088914530675,0.0012735000345855951
164,quantinuum_h1,QFT_alt,4,QADE,4,6,5,0,0.9172591644505296,0.01398319995496422
164,quantinuum_h1,QFT_alt,4,QADE + PyZX,5,9,4,3,0.8907798428104241,0.015646800049580634
164,quantinuum_h1,QFT_alt,4,QADE + Knowledge Graph,17,18,14,8,0.8063088914530675,0.0007096000481396914
164,quantinuum_h1,QFT_alt,4,QADE + Evolution + PyZX,17,18,14,8,0.8063088914530675,0.01371939992532134
165,quantinuum_h1,QFT,5,Qiskit,48,98,20,0,0.7877363096016559,0.012756099924445152
165,quantinuum_h1,QFT,5,PyZX,32,35,30,20,0.6585579943922752,0.0009572999551892281
165,quantinuum_h1,QFT,5,TKET,44,91,20,0,0.7932725867211756,0.013353200047276914
165,quantinuum_h1,QFT,5,BQSKit,48,98,20,0,0.7877363096016559,0.02006240002810955
165,quantinuum_h1,QFT,5,Cirq-native,32,35,30,20,0.6585579943922752,0.001413899939507246
165,quantinuum_h1,QFT,5,QADE,8,15,10,3,0.8643882713519311,0.026452200021594763
165,quantinuum_h1,QFT,5,QADE + PyZX,14,24,12,1,0.8671358567189029,0.0305761001072824
165,quantinuum_h1,QFT,5,QADE + Knowledge Graph,32,35,30,20,0.6585579943922752,0.0010070999851450324
165,quantinuum_h1,QFT,5,QADE + Evolution + PyZX,32,35,30,20,0.6585579943922752,0.010858299909159541
166,quantinuum_h1,QFT_alt,5,Qiskit,50,102,20,0,0.7845900876309493,0.013294899952597916
166,quantinuum_h1,QFT_alt,5,PyZX,32,35,30,20,0.6585579943922752,0.0008939000545069575
166,quantinuum_h1,QFT_alt,5,TKET,44,91,20,0,0.7932725867211756,0.015577000100165606
166,quantinuum_h1,QFT_alt,5,BQSKit,44,91,20,0,0.7932725867211756,0.01364699995610863
166,quantinuum_h1,QFT_alt,5,Cirq-native,32,35,30,20,0.6585579943922752,0.001381400041282177
166,quantinuum_h1,QFT_alt,5,QADE,4,6,5,0,0.9172591644505296,0.011598899960517883
166,quantinuum_h1,QFT_alt,5,QADE + PyZX,9,21,8,3,0.8661370366479928,0.027815200039185584
166,quantinuum_h1,QFT_alt,5,QADE + Knowledge Graph,32,35,30,20,0.6585579943922752,0.0008206000784412026
166,quantinuum_h1,QFT_alt,5,QADE + Evolution + PyZX,32,35,30,20,0.6585579943922752,0.008501900010742247
167,quantinuum_h1,VQE,2,Qiskit,5,9,1,0,0.929304743907973,0.009481400018557906
167,quantinuum_h1,VQE,2,PyZX,2,3,1,0,0.9349001399294357,0.000883400090970099
167,quantinuum_h1,VQE,2,TKET,5,9,1,0,0.929304743907973,0.00957130000460893
167,quantinuum_h1,VQE,2,BQSKit,9,15,1,0,0.9237428364435231,0.010832500061951578
167,quantinuum_h1,VQE,2,Cirq-native,2,3,1,0,0.9349001399294357,0.0007458999752998352
167,quantinuum_h1,VQE,2,QADE,2,3,1,0,0.9349001399294357,0.01119810005184263
167,quantinuum_h1,VQE,2,QADE + PyZX,2,3,1,0,0.9349001399294357,0.011501000029966235
167,quantinuum_h1,VQE,2,QADE + Knowledge Graph,2,3,1,0,0.9349001399294357,0.0008473999332636595
167,quantinuum_h1,VQE,2,QADE + Evolution + PyZX,2,3,1,0,0.9349001399294357,0.01721479999832809
168,quantinuum_h1,VQE_alt,2,Qiskit,5,9,1,0,0.929304743907973,0.007834700052626431
168,quantinuum_h1,VQE_alt,2,PyZX,2,3,1,0,0.9349001399294357,0.0013482999056577682
168,quantinuum_h1,VQE_alt,2,TKET,5,9,1,0,0.929304743907973,0.010593999992124736
168,quantinuum_h1,VQE_alt,2,BQSKit,9,15,1,0,0.9237428364435231,0.015579800005070865
168,quantinuum_h1,VQE_alt,2,Cirq-native,2,3,1,0,0.9349001399294357,0.0013705999590456486
168,quantinuum_h1,VQE_alt,2,QADE,2,3,1,0,0.9349001399294357,0.018216100055724382
168,quantinuum_h1,VQE_alt,2,QADE + PyZX,2,3,1,0,0.9349001399294357,0.016434799996204674
168,quantinuum_h1,VQE_alt,2,QADE + Knowledge Graph,2,3,1,0,0.9349001399294357,0.0007528000278398395
168,quantinuum_h1,VQE_alt,2,QADE + Evolution + PyZX,2,3,1,0,0.9349001399294357,0.016524799983017147
169,quantinuum_h1,VQE,3,Qiskit,6,14,2,0,0.9209651315592924,0.009023999911732972
169,quantinuum_h1,VQE,3,PyZX,3,5,2,0,0.9292954135905587,0.001433399971574545
169,quantinuum_h1,VQE,3,TKET,6,14,2,0,0.9209651315592924,0.011067200102843344
169,quantinuum_h1,VQE,3,BQSKit,6,14,2,0,0.9209651315592924,0.012978299986571074
169,quantinuum_h1,VQE,3,Cirq-native,3,5,2,0,0.9292954135905587,0.0009487000061199069
169,quantinuum_h1,VQE,3,QADE,3,5,2,0,0.9292954135905587,0.02523289993405342
169,quantinuum_h1,VQE,3,QADE + PyZX,3,5,2,0,0.9292954135905587,0.014148300047963858
169,quantinuum_h1,VQE,3,QADE + Knowledge Graph,3,5,2,0,0.9292954135905587,0.0007822000188753009
169,quantinuum_h1,VQE,3,QADE + Evolution + PyZX,3,5,2,0,0.9292954135905587,0.01138899999205023
170,quantinuum_h1,VQE_alt,3,Qiskit,6,14,2,0,0.9209651315592924,0.00987629999872297
170,quantinuum_h1,VQE_alt,3,PyZX,3,5,2,0,0.9292954135905587,0.0009429999627172947
170,quantinuum_h1,VQE_alt,3,TKET,6,14,2,0,0.9209651315592924,0.010995900025591254
170,quantinuum_h1,VQE_alt,3,BQSKit,6,14,2,0,0.9209651315592924,0.00950129993725568
170,quantinuum_h1,VQE_alt,3,Cirq-native,3,5,2,0,0.9292954135905587,0.0009579999605193734
170,quantinuum_h1,VQE_alt,3,QADE,3,5,2,0,0.9292954135905587,0.016548199928365648
170,quantinuum_h1,VQE_alt,3,QADE + PyZX,3,5,2,0,0.9292954135905587,0.011950199957937002
170,quantinuum_h1,VQE_alt,3,QADE + Knowledge Graph,3,5,2,0,0.9292954135905587,0.0007689000340178609
170,quantinuum_h1,VQE_alt,3,QADE + Evolution + PyZX,3,5,2,0,0.9292954135905587,0.007947499980218709
171,quantinuum_h1,VQE,4,Qiskit,7,19,3,0,0.9127003591752004,0.008461000048555434
171,quantinuum_h1,VQE,4,PyZX,4,7,3,0,0.9237242875860834,0.0008668000809848309
171,quantinuum_h1,VQE,4,TKET,7,19,3,0,0.9127003591752004,0.00911899993661791
171,quantinuum_h1,VQE,4,BQSKit,7,19,3,0,0.9127003591752004,0.012740800040774047
171,quantinuum_h1,VQE,4,Cirq-native,4,7,3,0,0.9237242875860834,0.0014139999402686954
171,quantinuum_h1,VQE,4,QADE,4,7,3,0,0.9237242875860834,0.02187719999346882
171,quantinuum_h1,VQE,4,QADE + PyZX,4,7,3,0,0.9237242875860834,0.02020459994673729
171,quantinuum_h1,VQE,4,QADE + Knowledge Graph,4,7,3,0,0.9237242875860834,0.0007753000827506185
171,quantinuum_h1,VQE,4,QADE + Evolution + PyZX,4,7,3,0,0.9237242875860834,0.00877850002143532
172,quantinuum_h1,VQE_alt,4,Qiskit,7,19,3,0,0.9127003591752004,0.00967500009573996
172,quantinuum_h1,VQE_alt,4,PyZX,4,7,3,0,0.9237242875860834,0.0012874000240117311
172,quantinuum_h1,VQE_alt,4,TKET,7,19,3,0,0.9127003591752004,0.009904799982905388
172,quantinuum_h1,VQE_alt,4,BQSKit,7,19,3,0,0.9127003591752004,0.010093399905599654
172,quantinuum_h1,VQE_alt,4,Cirq-native,4,7,3,0,0.9237242875860834,0.0008917000377550721
172,quantinuum_h1,VQE_alt,4,QADE,4,7,3,0,0.9237242875860834,0.016607699915766716
172,quantinuum_h1,VQE_alt,4,QADE + PyZX,4,7,3,0,0.9237242875860834,0.01756870001554489
172,quantinuum_h1,VQE_alt,4,QADE + Knowledge Graph,4,7,3,0,0.9237242875860834,0.0007194000063464046
172,quantinuum_h1,VQE_alt,4,QADE + Evolution + PyZX,4,7,3,0,0.9237242875860834,0.00952680001500994
173,quantinuum_h1,VQE,5,Qiskit,8,24,4,0,0.9045097551393122,0.009318899945355952
173,quantinuum_h1,VQE,5,PyZX,5,9,4,0,0.9181865604820046,0.0009799000108614564
173,quantinuum_h1,VQE,5,TKET,8,24,4,0,0.9045097551393122,0.00942920008674264
173,quantinuum_h1,VQE,5,BQSKit,8,24,4,0,0.9045097551393122,0.012674500001594424
173,quantinuum_h1,VQE,5,Cirq-native,5,9,4,0,0.9181865604820046,0.0010040999623015523
173,quantinuum_h1,VQE,5,QADE,5,9,4,0,0.9181865604820046,0.01670370006468147
173,quantinuum_h1,VQE,5,QADE + PyZX,5,9,4,0,0.9181865604820046,0.016703099943697453
173,quantinuum_h1,VQE,5,QADE + Knowledge Graph,5,9,4,0,0.9181865604820046,0.0007955000037327409
173,quantinuum_h1,VQE,5,QADE + Evolution + PyZX,5,9,4,0,0.9181865604820046,0.008290200028568506
174,quantinuum_h1,VQE_alt,5,Qiskit,12,36,4,0,0.8937151371763501,0.010145099950022995
174,quantinuum_h1,VQE_alt,5,PyZX,5,9,4,0,0.9181865604820046,0.0009519000304862857
174,quantinuum_h1,VQE_alt,5,TKET,8,24,4,0,0.9045097551393122,0.00951040000654757
174,quantinuum_h1,VQE_alt,5,BQSKit,8,24,4,0,0.9045097551393122,0.012121499981731176
174,quantinuum_h1,VQE_alt,5,Cirq-native,5,9,4,0,0.9181865604820046,0.0012622999493032694
174,quantinuum_h1,VQE_alt,5,QADE,5,9,4,0,0.9181865604820046,0.021869299933314323
174,quantinuum_h1,VQE_alt,5,QADE + PyZX,5,9,4,0,0.9181865604820046,0.021542000002227724
174,quantinuum_h1,VQE_alt,5,QADE + Knowledge Graph,5,9,4,0,0.9181865604820046,0.0008207999635487795
174,quantinuum_h1,VQE_alt,5,QADE + Evolution + PyZX,5,9,4,0,0.9181865604820046,0.011305199936032295
175,quantinuum_h1,QAOA,2,Qiskit,11,18,2,0,0.917286793140905,0.008561499998904765
175,quantinuum_h1,QAOA,2,PyZX,5,7,2,0,0.9274377520587913,0.0011004999978467822
175,quantinuum_h1,QAOA,2,TKET,11,18,2,0,0.917286793140905,0.009351100074127316
175,quantinuum_h1,QAOA,2,BQSKit,11,20,2,0,0.9154531368414163,0.01033269998151809
175,quantinuum_h1,QAOA,2,Cirq-native,5,7,2,0,0.9274377520587913,0.0009718999499455094
175,quantinuum_h1,QAOA,2,QADE,5,7,2,0,0.9274377520587913,0.013420499977655709
175,quantinuum_h1,QAOA,2,QADE + PyZX,5,7,2,0,0.9274377520587913,0.014998700004070997
175,quantinuum_h1,QAOA,2,QADE + Knowledge Graph,5,7,2,0,0.9274377520587913,0.0011056000366806984
175,quantinuum_h1,QAOA,2,QADE + Evolution + PyZX,4,6,1,0,0.9320982432751671,0.02223170001525432
176,quantinuum_h1,QAOA_alt,2,Qiskit,11,18,2,0,0.917286793140905,0.008175799972377717
176,quantinuum_h1,QAOA_alt,2,PyZX,5,7,2,0,0.9274377520587913,0.001187400077469647
176,quantinuum_h1,QAOA_alt,2,TKET,11,18,2,0,0.917286793140905,0.009674599976278841
176,quantinuum_h1,QAOA_alt,2,BQSKit,11,20,2,0,0.9154531368414163,0.011364600039087236
176,quantinuum_h1,QAOA_alt,2,Cirq-native,5,7,2,0,0.9274377520587913,0.0009209000272676349
176,quantinuum_h1,QAOA_alt,2,QADE,5,7,2,0,0.9274377520587913,0.014244999969378114
176,quantinuum_h1,QAOA_alt,2,QADE + PyZX,5,7,2,0,0.9274377520587913,0.011170300072990358
176,quantinuum_h1,QAOA_alt,2,QADE + Knowledge Graph,5,7,2,0,0.9274377520587913,0.001089800032787025
176,quantinuum_h1,QAOA_alt,2,QADE + Evolution + PyZX,5,6,2,0,0.9283661181769682,0.02324899996165186
177,quantinuum_h1,QAOA,3,Qiskit,16,34,4,0,0.895505252175449,0.008503800025209785
177,quantinuum_h1,QAOA,3,PyZX,8,12,4,0,0.9154347544420536,0.0009761999826878309
177,quantinuum_h1,QAOA,3,TKET,16,34,4,0,0.895505252175449,0.011052999994717538
177,quantinuum_h1,QAOA,3,BQSKit,16,34,4,0,0.895505252175449,0.013254999998025596
177,quantinuum_h1,QAOA,3,Cirq-native,8,12,4,0,0.9154347544420536,0.0013282999861985445
177,quantinuum_h1,QAOA,3,QADE,8,12,4,0,0.9154347544420536,0.047487600008025765
177,quantinuum_h1,QAOA,3,QADE + PyZX,8,12,4,0,0.9154347544420536,0.01701769989449531
177,quantinuum_h1,QAOA,3,QADE + Knowledge Graph,8,12,4,0,0.9154347544420536,0.0008196999551728368
177,quantinuum_h1,QAOA,3,QADE + Evolution + PyZX,8,12,4,0,0.9154347544420536,0.009816800011321902
178,quantinuum_h1,QAOA_alt,3,Qiskit,14,29,4,0,0.899996242420591,0.009038200019858778
178,quantinuum_h1,QAOA_alt,3,PyZX,8,12,4,0,0.9154347544420536,0.0013020000187680125
178,quantinuum_h1,QAOA_alt,3,TKET,14,29,4,0,0.899996242420591,0.011097399983555079
178,quantinuum_h1,QAOA_alt,3,BQSKit,16,34,4,0,0.895505252175449,0.016055700019933283
178,quantinuum_h1,QAOA_alt,3,Cirq-native,8,12,4,0,0.9154347544420536,0.0015906000044196844
178,quantinuum_h1,QAOA_alt,3,QADE,8,12,4,0,0.9154347544420536,0.027134699979797006
178,quantinuum_h1,QAOA_alt,3,QADE + PyZX,8,12,4,0,0.9154347544420536,0.014511600020341575
178,quantinuum_h1,QAOA_alt,3,QADE + Knowledge Graph,8,12,4,0,0.9154347544420536,0.0007418000604957342
178,quantinuum_h1,QAOA_alt,3,QADE + Evolution + PyZX,8,12,4,0,0.9154347544420536,0.011620400007814169
179,quantinuum_h1,QAOA,4,Qiskit,21,48,6,0,0.8759920354205226,0.010952999931760132
179,quantinuum_h1,QAOA,4,PyZX,11,17,6,0,0.9035871008917696,0.0009052999084815383
179,quantinuum_h1,QAOA,4,TKET,21,48,6,0,0.8759920354205226,0.011036299983970821
179,quantinuum_h1,QAOA,4,BQSKit,17,40,6,0,0.8830316128259788,0.011927900020964444
179,quantinuum_h1,QAOA,4,Cirq-native,11,17,6,0,0.9035871008917696,0.0010056999744847417
179,quantinuum_h1,QAOA,4,QADE,11,17,6,0,0.9035871008917696,0.023220499977469444
179,quantinuum_h1,QAOA,4,QADE + PyZX,11,17,6,0,0.9035871008917696,0.02116180001758039
179,quantinuum_h1,QAOA,4,QADE + Knowledge Graph,11,17,6,0,0.9035871008917696,0.0009227999253198504
179,quantinuum_h1,QAOA,4,QADE + Evolution + PyZX,11,17,6,0,0.9035871008917696,0.013812700053676963
180,quantinuum_h1,QAOA_alt,4,Qiskit,21,48,6,0,0.8759920354205226,0.00996219995431602
180,quantinuum_h1,QAOA_alt,4,PyZX,11,17,6,0,0.9035871008917696,0.0009974000276997685
180,quantinuum_h1,QAOA_alt,4,TKET,17,40,6,0,0.8830316128259788,0.011227300041355193
180,quantinuum_h1,QAOA_alt,4,BQSKit,17,40,6,0,0.8830316128259788,0.01267639989964664
180,quantinuum_h1,QAOA_alt,4,Cirq-native,11,17,6,0,0.9035871008917696,0.001433699973858893
180,quantinuum_h1,QAOA_alt,4,QADE,11,17,6,0,0.9035871008917696,0.023162400000728667
180,quantinuum_h1,QAOA_alt,4,QADE + PyZX,11,17,6,0,0.9035871008917696,0.018934499938040972
180,quantinuum_h1,QAOA_alt,4,QADE + Knowledge Graph,11,17,6,0,0.9035871008917696,0.0007943999953567982
180,quantinuum_h1,QAOA_alt,4,QADE + Evolution + PyZX,11,17,6,0,0.9035871008917696,0.012506700004450977
181,quantinuum_h1,QAOA,5,Qiskit,26,62,8,0,0.856904015086499,0.01542919990606606
181,quantinuum_h1,QAOA,5,PyZX,14,22,8,0,0.8918927809285779,0.0015731999883428216
181,quantinuum_h1,QAOA,5,TKET,20,51,8,0,0.8663867608523356,0.01320849999319762
181,quantinuum_h1,QAOA,5,BQSKit,20,51,8,0,0.8663867608523356,0.014010400045663118
181,quantinuum_h1,QAOA,5,Cirq-native,14,22,8,0,0.8918927809285779,0.0009834000375121832
181,quantinuum_h1,QAOA,5,QADE,14,22,8,0,0.8918927809285779,0.027072099968791008
181,quantinuum_h1,QAOA,5,QADE + PyZX,14,22,8,0,0.8918927809285779,0.020126799936406314
181,quantinuum_h1,QAOA,5,QADE + Knowledge Graph,14,22,8,0,0.8918927809285779,0.0007557000499218702
181,quantinuum_h1,QAOA,5,QADE + Evolution + PyZX,14,22,8,0,0.8918927809285779,0.018921899958513677
182,quantinuum_h1,QAOA_alt,5,Qiskit,20,51,8,0,0.8663867608523356,0.009139100089669228
182,quantinuum_h1,QAOA_alt,5,PyZX,14,22,8,0,0.8918927809285779,0.0016050999984145164
182,quantinuum_h1,QAOA_alt,5,TKET,26,62,8,0,0.856904015086499,0.011259900056757033
182,quantinuum_h1,QAOA_alt,5,BQSKit,20,51,8,0,0.8663867608523356,0.011557499994523823
182,quantinuum_h1,QAOA_alt,5,Cirq-native,14,22,8,0,0.8918927809285779,0.0008809999562799931
182,quantinuum_h1,QAOA_alt,5,QADE,14,22,8,0,0.8918927809285779,0.02161349996458739
182,quantinuum_h1,QAOA_alt,5,QADE + PyZX,14,22,8,0,0.8918927809285779,0.02624499995727092
182,quantinuum_h1,QAOA_alt,5,QADE + Knowledge Graph,14,22,8,0,0.8918927809285779,0.0008233999833464622
182,quantinuum_h1,QAOA_alt,5,QADE + Evolution + PyZX,14,22,8,0,0.8918927809285779,0.01632119994610548
183,quantinuum_h1,QV,2,Qiskit,11,19,1,0,0.9200534038607199,0.010770700057037175
183,quantinuum_h1,QV,2,PyZX,3,5,1,0,0.9330312745497168,0.0014649999793618917
183,quantinuum_h1,QV,2,TKET,11,19,1,0,0.9200534038607199,0.012506500002928078
183,quantinuum_h1,QV,2,BQSKit,11,17,1,0,0.9218962745134723,0.012095300015062094
183,quantinuum_h1,QV,2,Cirq-native,3,5,1,0,0.9330312745497168,0.001415699953213334
183,quantinuum_h1,QV,2,QADE,3,5,1,0,0.9330312745497168,0.03659100004006177
183,quantinuum_h1,QV,2,QADE + PyZX,3,5,1,0,0.9330312745497168,0.02575299993623048
183,quantinuum_h1,QV,2,QADE + Knowledge Graph,3,5,1,0,0.9330312745497168,0.001011999906040728
183,quantinuum_h1,QV,2,QADE + Evolution + PyZX,3,5,1,0,0.9330312745497168,0.02412820002064109
184,quantinuum_h1,QV_alt,2,Qiskit,11,17,1,0,0.9218962745134723,0.014255399932153523
184,quantinuum_h1,QV_alt,2,PyZX,3,5,1,0,0.9330312745497168,0.0008753999136388302
184,quantinuum_h1,QV_alt,2,TKET,11,17,1,0,0.9218962745134723,0.010123100015334785
184,quantinuum_h1,QV_alt,2,BQSKit,11,19,1,0,0.9200534038607199,0.010020899935625494
184,quantinuum_h1,QV_alt,2,Cirq-native,3,5,1,0,0.9330312745497168,0.0008744000224396586
184,quantinuum_h1,QV_alt,2,QADE,3,5,1,0,0.9330312745497168,0.01600259996484965
184,quantinuum_h1,QV_alt,2,QADE + PyZX,3,5,1,0,0.9330312745497168,0.017083800048567355
184,quantinuum_h1,QV_alt,2,QADE + Knowledge Graph,3,5,1,0,0.9330312745497168,0.0006984999636188149
184,quantinuum_h1,QV_alt,2,QADE + Evolution + PyZX,3,5,1,0,0.9330312745497168,0.020093200029805303
185,quantinuum_h1,QV,3,Qiskit,11,22,1,0,0.917296002889296,0.009184999973513186
185,quantinuum_h1,QV,3,PyZX,3,7,1,0,0.9311661450318919,0.0008977000834420323
185,quantinuum_h1,QV,3,TKET,11,24,1,0,0.9154623281795203,0.011025500018149614
185,quantinuum_h1,QV,3,BQSKit,11,24,1,0,0.9154623281795203,0.013311400078237057
185,quantinuum_h1,QV,3,Cirq-native,3,7,1,0,0.9311661450318919,0.0007877999451011419
185,quantinuum_h1,QV,3,QADE,3,7,1,0,0.9311661450318919,0.016102700028568506
185,quantinuum_h1,QV,3,QADE + PyZX,3,7,1,0,0.9311661450318919,0.014850999927148223
185,quantinuum_h1,QV,3,QADE + Knowledge Graph,3,7,1,0,0.9311661450318919,0.000847300048917532
185,quantinuum_h1,QV,3,QADE + Evolution + PyZX,3,7,1,0,0.9311661450318919,0.010029199998825788
186,quantinuum_h1,QV_alt,3,Qiskit,11,24,1,0,0.9154623281795203,0.008538400055840611
186,quantinuum_h1,QV_alt,3,PyZX,3,7,1,0,0.9311661450318919,0.0015791000332683325
186,quantinuum_h1,QV_alt,3,TKET,11,24,1,0,0.9154623281795203,0.009912399924360216
186,quantinuum_h1,QV_alt,3,BQSKit,11,24,1,0,0.9154623281795203,0.009544800035655499
186,quantinuum_h1,QV_alt,3,Cirq-native,3,7,1,0,0.9311661450318919,0.0014732000418007374
186,quantinuum_h1,QV_alt,3,QADE,3,7,1,0,0.9311661450318919,0.026136700063943863
186,quantinuum_h1,QV_alt,3,QADE + PyZX,3,7,1,0,0.9311661450318919,0.020874999929219484
186,quantinuum_h1,QV_alt,3,QADE + Knowledge Graph,3,7,1,0,0.9311661450318919,0.0008708999957889318
186,quantinuum_h1,QV_alt,3,QADE + Evolution + PyZX,3,7,1,0,0.9311661450318919,0.007358200033195317
187,quantinuum_h1,QV,4,Qiskit,11,36,2,0,0.9009152300367514,0.009358900017105043
187,quantinuum_h1,QV,4,PyZX,3,10,2,0,0.9246582201884332,0.000915899989195168
187,quantinuum_h1,QV,4,TKET,11,38,2,0,0.8991143004919079,0.010477899922989309
187,quantinuum_h1,QV,4,BQSKit,11,38,2,0,0.8991143004919079,0.015491900034248829
187,quantinuum_h1,QV,4,Cirq-native,3,10,2,0,0.9246582201884332,0.0008584000170230865
187,quantinuum_h1,QV,4,QADE,3,10,2,0,0.9246582201884332,0.022423499962314963
187,quantinuum_h1,QV,4,QADE + PyZX,3,10,2,0,0.9246582201884332,0.015705499914474785
187,quantinuum_h1,QV,4,QADE + Knowledge Graph,3,10,2,0,0.9246582201884332,0.0007511998992413282
187,quantinuum_h1,QV,4,QADE + Evolution + PyZX,3,10,2,0,0.9246582201884332,0.010685899993404746
188,quantinuum_h1,QV_alt,4,Qiskit,11,36,2,0,0.9009152300367514,0.010632799938321114
188,quantinuum_h1,QV_alt,4,PyZX,3,10,2,0,0.9246582201884332,0.001078799949027598
188,quantinuum_h1,QV_alt,4,TKET,11,38,2,0,0.8991143004919079,0.011231300071813166
188,quantinuum_h1,QV_alt,4,BQSKit,11,38,2,0,0.8991143004919079,0.011212500045076013
188,quantinuum_h1,QV_alt,4,Cirq-native,3,10,2,0,0.9246582201884332,0.0009861999424174428
188,quantinuum_h1,QV_alt,4,QADE,3,10,2,0,0.9246582201884332,0.022984799928963184
188,quantinuum_h1,QV_alt,4,QADE + PyZX,3,10,2,0,0.9246582201884332,0.0173495999770239
188,quantinuum_h1,QV_alt,4,QADE + Knowledge Graph,3,10,2,0,0.9246582201884332,0.000788399949669838
188,quantinuum_h1,QV_alt,4,QADE + Evolution + PyZX,3,10,2,0,0.9246582201884332,0.008941099978983402
189,quantinuum_h1,QV,5,Qiskit,11,43,2,0,0.894627711145805,0.008676700061187148
189,quantinuum_h1,QV,5,PyZX,3,12,2,0,0.9228098284062766,0.0008402999956160784
189,quantinuum_h1,QV,5,TKET,11,43,2,0,0.894627711145805,0.010069700074382126
189,quantinuum_h1,QV,5,BQSKit,11,43,2,0,0.894627711145805,0.012087199953384697
189,quantinuum_h1,QV,5,Cirq-native,3,12,2,0,0.9228098284062766,0.0013667000457644463
189,quantinuum_h1,QV,5,QADE,3,12,2,0,0.9228098284062766,0.028493399964645505
189,quantinuum_h1,QV,5,QADE + PyZX,3,12,2,0,0.9228098284062766,0.0191908999113366
189,quantinuum_h1,QV,5,QADE + Knowledge Graph,3,12,2,0,0.9228098284062766,0.0009415000677108765
189,quantinuum_h1,QV,5,QADE + Evolution + PyZX,3,12,2,0,0.9228098284062766,0.01244850002694875
190,quantinuum_h1,QV_alt,5,Qiskit,11,41,2,0,0.8964196540342193,0.00969699991401285
190,quantinuum_h1,QV_alt,5,PyZX,3,12,2,0,0.9228098284062766,0.0008743999060243368
190,quantinuum_h1,QV_alt,5,TKET,11,41,2,0,0.8964196540342193,0.01423219998832792
190,quantinuum_h1,QV_alt,5,BQSKit,11,41,2,0,0.8964196540342193,0.011953999986872077
190,quantinuum_h1,QV_alt,5,Cirq-native,3,12,2,0,0.9228098284062766,0.0009465999901294708
190,quantinuum_h1,QV_alt,5,QADE,3,12,2,0,0.9228098284062766,0.015146300080232322
190,quantinuum_h1,QV_alt,5,QADE + PyZX,3,12,2,0,0.9228098284062766,0.014570800005458295
190,quantinuum_h1,QV_alt,5,QADE + Knowledge Graph,3,12,2,0,0.9228098284062766,0.0007048000115901232
190,quantinuum_h1,QV_alt,5,QADE + Evolution + PyZX,3,12,2,0,0.9228098284062766,0.013845699955709279
191,quantinuum_h1,Random_0,4,Qiskit,7,17,1,0,0.9218962745134723,0.009604000020772219
191,quantinuum_h1,Random_0,4,PyZX,12,20,11,10,0.7981526268950477,0.000880099949426949
191,quantinuum_h1,Random_0,4,TKET,9,18,1,0,0.920974378238959,0.01011500007007271
191,quantinuum_h1,Random_0,4,BQSKit,7,17,1,0,0.9218962745134723,0.010333799989894032
191,quantinuum_h1,Random_0,4,Cirq-native,12,20,11,10,0.7981526268950477,0.0008023999398574233
191,quantinuum_h1,Random_0,4,QADE,6,6,5,0,0.9172591644505296,0.013989500002935529
191,quantinuum_h1,Random_0,4,QADE + PyZX,5,10,3,1,0.9117000469325394,0.017912199953570962
191,quantinuum_h1,Random_0,4,QADE + Knowledge Graph,12,20,11,10,0.7981526268950477,0.000765899894759059
191,quantinuum_h1,Random_0,4,QADE + Evolution + PyZX,12,20,11,10,0.7981526268950477,0.009605800034478307
192,quantinuum_h1,Random_1,4,Qiskit,9,18,1,0,0.920974378238959,0.010046100011095405
192,quantinuum_h1,Random_1,4,PyZX,12,20,11,10,0.7981526268950477,0.0009836000390350819
192,quantinuum_h1,Random_1,4,TKET,7,17,1,0,0.9218962745134723,0.009872799972072244
192,quantinuum_h1,Random_1,4,BQSKit,9,18,1,0,0.920974378238959,0.015517599997110665
192,quantinuum_h1,Random_1,4,Cirq-native,12,20,11,10,0.7981526268950477,0.0016364998882636428
192,quantinuum_h1,Random_1,4,QADE,6,6,5,0,0.9172591644505296,0.022186000016517937
192,quantinuum_h1,Random_1,4,QADE + PyZX,10,20,10,1,0.8776270632689026,0.02599049999844283
192,quantinuum_h1,Random_1,4,QADE + Knowledge Graph,12,20,11,10,0.7981526268950477,0.0008313000435009599
192,quantinuum_h1,Random_1,4,QADE + Evolution + PyZX,12,20,11,10,0.7981526268950477,0.014098600018769503
193,quantinuum_h1,Random_2,4,Qiskit,9,18,1,0,0.920974378238959,0.010330400080420077
193,quantinuum_h1,Random_2,4,PyZX,12,20,11,10,0.7981526268950477,0.0014944999711588025
193,quantinuum_h1,Random_2,4,TKET,7,17,1,0,0.9218962745134723,0.010166299995034933
193,quantinuum_h1,Random_2,4,BQSKit,9,18,1,0,0.920974378238959,0.010498199961148202
193,quantinuum_h1,Random_2,4,Cirq-native,12,20,11,10,0.7981526268950477,0.000860600033774972
193,quantinuum_h1,Random_2,4,QADE,3,7,2,0,0.9274377520587913,0.018708399962633848
193,quantinuum_h1,Random_2,4,QADE + PyZX,4,6,2,1,0.919035805431471,0.015443700016476214
193,quantinuum_h1,Random_2,4,QADE + Knowledge Graph,12,20,11,10,0.7981526268950477,0.0008283000206574798
193,quantinuum_h1,Random_2,4,QADE + Evolution + PyZX,12,20,11,10,0.7981526268950477,0.017833499936386943
194,quantinuum_h1,Random_3,4,Qiskit,9,18,1,0,0.920974378238959,0.010537399910390377
194,quantinuum_h1,Random_3,4,PyZX,12,20,11,10,0.7981526268950477,0.0009195000166073442
194,quantinuum_h1,Random_3,4,TKET,7,17,1,0,0.9218962745134723,0.009292799979448318
194,quantinuum_h1,Random_3,4,BQSKit,7,17,1,0,0.9218962745134723,0.010712599963881075
194,quantinuum_h1,Random_3,4,Cirq-native,12,20,11,10,0.7981526268950477,0.0008911999175325036
194,quantinuum_h1,Random_3,4,QADE,8,24,8,1,0.8811640592468434,0.028106399928219616
194,quantinuum_h1,Random_3,4,QADE + PyZX,7,10,6,0,0.9099375871283251,0.01577589998487383
194,quantinuum_h1,Random_3,4,QADE + Knowledge Graph,12,20,11,10,0.7981526268950477,0.0008148999186232686
194,quantinuum_h1,Random_3,4,QADE + Evolution + PyZX,12,20,11,10,0.7981526268950477,0.0073145999340340495
195,quantinuum_h1,Random_4,4,Qiskit,7,17,1,0,0.9218962745134723,0.010161399957723916
195,quantinuum_h1,Random_4,4,PyZX,12,20,11,10,0.7981526268950477,0.0009139999747276306
195,quantinuum_h1,Random_4,4,TKET,9,18,1,0,0.920974378238959,0.010804299963638186
195,quantinuum_h1,Random_4,4,BQSKit,7,17,1,0,0.9218962745134723,0.012185900006443262
195,quantinuum_h1,Random_4,4,Cirq-native,12,20,11,10,0.7981526268950477,0.0014678000006824732
195,quantinuum_h1,Random_4,4,QADE,6,6,5,0,0.9172591644505296,0.01873929996509105
195,quantinuum_h1,Random_4,4,QADE + PyZX,6,18,9,2,0.8740466001415865,0.03149780002422631
195,quantinuum_h1,Random_4,4,QADE + Knowledge Graph,12,20,11,10,0.7981526268950477,0.000749400001950562
195,quantinuum_h1,Random_4,4,QADE + Evolution + PyZX,1,2,1,0,0.9358359759053411,0.017113099922426045
196,quantinuum_h1,Random_5,4,Qiskit,9,18,1,0,0.920974378238959,0.008925399975851178
196,quantinuum_h1,Random_5,4,PyZX,12,20,11,10,0.7981526268950477,0.00095549994148314
196,quantinuum_h1,Random_5,4,TKET,9,18,1,0,0.920974378238959,0.03223799995612353
196,quantinuum_h1,Random_5,4,BQSKit,7,17,1,0,0.9218962745134723,0.01435949990991503
196,quantinuum_h1,Random_5,4,Cirq-native,12,20,11,10,0.7981526268950477,0.0009992000414058566
196,quantinuum_h1,Random_5,4,QADE,6,6,5,0,0.9172591644505296,0.01392850000411272
196,quantinuum_h1,Random_5,4,QADE + PyZX,10,21,10,0,0.8856504457102594,0.02578460006043315
196,quantinuum_h1,Random_5,4,QADE + Knowledge Graph,12,20,11,10,0.7981526268950477,0.0008407999994233251
196,quantinuum_h1,Random_5,4,QADE + Evolution + PyZX,12,20,11,10,0.7981526268950477,0.00853120000101626
197,quantinuum_h1,Random_6,4,Qiskit,9,18,1,0,0.920974378238959,0.01129000005312264
197,quantinuum_h1,Random_6,4,PyZX,12,20,11,10,0.7981526268950477,0.0010191999608650804
197,quantinuum_h1,Random_6,4,TKET,7,17,1,0,0.9218962745134723,0.010807399987243116
197,quantinuum_h1,Random_6,4,BQSKit,7,17,1,0,0.9218962745134723,0.010248100035823882
197,quantinuum_h1,Random_6,4,Cirq-native,12,20,11,10,0.7981526268950477,0.000790799967944622
197,quantinuum_h1,Random_6,4,QADE,5,10,4,2,0.8989234696982494,0.02053640002850443
197,quantinuum_h1,Random_6,4,QADE + PyZX,7,19,7,3,0.8713608449132477,0.022657199995592237
197,quantinuum_h1,Random_6,4,QADE + Knowledge Graph,12,20,11,10,0.7981526268950477,0.000999300042167306
197,quantinuum_h1,Random_6,4,QADE + Evolution + PyZX,12,20,11,10,0.7981526268950477,0.0092022999888286
198,quantinuum_h1,Random_7,4,Qiskit,7,17,1,0,0.9218962745134723,0.008866599993780255
198,quantinuum_h1,Random_7,4,PyZX,12,20,11,10,0.7981526268950477,0.0010486000683158636
198,quantinuum_h1,Random_7,4,TKET,9,18,1,0,0.920974378238959,0.016594600048847497
198,quantinuum_h1,Random_7,4,BQSKit,9,18,1,0,0.920974378238959,0.016418299986980855
198,quantinuum_h1,Random_7,4,Cirq-native,12,20,11,10,0.7981526268950477,0.0015916000120341778
198,quantinuum_h1,Random_7,4,QADE,1,1,0,0,0.940538669251599,0.011545500019565225
198,quantinuum_h1,Random_7,4,QADE + PyZX,8,14,9,1,0.8864606972559679,0.02167160005774349
198,quantinuum_h1,Random_7,4,QADE + Knowledge Graph,12,20,11,10,0.7981526268950477,0.0010652999626472592
198,quantinuum_h1,Random_7,4,QADE + Evolution + PyZX,12,20,11,10,0.7981526268950477,0.007336599985137582
199,quantinuum_h1,Random_8,4,Qiskit,9,18,1,0,0.920974378238959,0.011431099963374436
199,quantinuum_h1,Random_8,4,PyZX,12,20,11,10,0.7981526268950477,0.0008076000958681107
199,quantinuum_h1,Random_8,4,TKET,7,17,1,0,0.9218962745134723,0.011404299992136657
199,quantinuum_h1,Random_8,4,BQSKit,9,18,1,0,0.920974378238959,0.010626900009810925
199,quantinuum_h1,Random_8,4,Cirq-native,12,20,11,10,0.7981526268950477,0.0011789000127464533
199,quantinuum_h1,Random_8,4,QADE,5,8,4,2,0.9007240170082489,0.016364799928851426
199,quantinuum_h1,Random_8,4,QADE + PyZX,11,19,12,2,0.8627259345217575,0.023784799966961145
199,quantinuum_h1,Random_8,4,QADE + Knowledge Graph,12,20,11,10,0.7981526268950477,0.0008966000750660896
199,quantinuum_h1,Random_8,4,QADE + Evolution + PyZX,12,20,11,10,0.7981526268950477,0.006897200015373528
200,quantinuum_h1,Random_9,4,Qiskit,9,18,1,0,0.920974378238959,0.01019909989554435
200,quantinuum_h1,Random_9,4,PyZX,12,20,11,10,0.7981526268950477,0.0008508999599143863
200,quantinuum_h1,Random_9,4,TKET,9,18,1,0,0.920974378238959,0.010683900094591081
200,quantinuum_h1,Random_9,4,BQSKit,7,17,1,0,0.9218962745134723,0.010326499934308231
200,quantinuum_h1,Random_9,4,Cirq-native,12,20,11,10,0.7981526268950477,0.0015472000231966376
200,quantinuum_h1,Random_9,4,QADE,4,6,5,0,0.9172591644505296,0.01418319996446371
200,quantinuum_h1,Random_9,4,QADE + PyZX,5,12,5,1,0.9026058389643872,0.020045100012794137
200,quantinuum_h1,Random_9,4,QADE + Knowledge Graph,12,20,11,10,0.7981526268950477,0.0008810999570414424
200,quantinuum_h1,Random_9,4,QADE + Evolution + PyZX,12,20,11,10,0.7981526268950477,0.00825990003068
201,google_sycamore,GHZ,2,Qiskit,4,4,1,0,0.9339652397895062,0.008937699953094125
201,google_sycamore,GHZ,2,PyZX,2,2,1,0,0.9358359759053411,0.0008801999501883984
201,google_sycamore,GHZ,2,TKET,4,4,1,0,0.9339652397895062,0.010914199985563755
201,google_sycamore,GHZ,2,BQSKit,4,4,1,0,0.9339652397895062,0.01072679995559156
201,google_sycamore,GHZ,2,Cirq-native,2,2,1,0,0.9358359759053411,0.0014494000934064388
201,google_sycamore,GHZ,2,QADE,2,2,1,0,0.9358359759053411,0.022952600033022463
201,google_sycamore,GHZ,2,QADE + PyZX,2,2,1,0,0.9358359759053411,0.014739900012500584
201,google_sycamore,GHZ,2,QADE + Knowledge Graph,2,2,1,0,0.9358359759053411,0.0009706999408081174
201,google_sycamore,GHZ,2,QADE + Evolution + PyZX,2,2,1,0,0.9358359759053411,0.016877799993380904
202,google_sycamore,GHZ_alt,2,Qiskit,7,9,1,0,0.929304743907973,0.009519999963231385
202,google_sycamore,GHZ_alt,2,PyZX,2,2,1,0,0.9358359759053411,0.000942499958910048
202,google_sycamore,GHZ_alt,2,TKET,4,4,1,0,0.9339652397895062,0.010049100033938885
202,google_sycamore,GHZ_alt,2,BQSKit,4,4,1,0,0.9339652397895062,0.009814699995331466
202,google_sycamore,GHZ_alt,2,Cirq-native,2,2,1,0,0.9358359759053411,0.0007734999526292086
202,google_sycamore,GHZ_alt,2,QADE,2,2,1,0,0.9358359759053411,0.013526799972169101
202,google_sycamore,GHZ_alt,2,QADE + PyZX,2,2,1,0,0.9358359759053411,0.009412899962626398
202,google_sycamore,GHZ_alt,2,QADE + Knowledge Graph,2,2,1,0,0.9358359759053411,0.0007636999944224954
202,google_sycamore,GHZ_alt,2,QADE + Evolution + PyZX,2,2,1,0,0.9358359759053411,0.016810799948871136
203,google_sycamore,GHZ,3,Qiskit,11,16,2,0,0.9191241222613055,0.009450300014577806
203,google_sycamore,GHZ,3,PyZX,3,3,2,0,0.9311567960258144,0.0015341000398620963
203,google_sycamore,GHZ,3,TKET,8,16,2,0,0.9191241222613055,0.010690000024624169
203,google_sycamore,GHZ,3,BQSKit,8,16,2,0,0.9191241222613055,0.011062199948355556
203,google_sycamore,GHZ,3,Cirq-native,3,3,2,0,0.9311567960258144,0.0007990999147295952
203,google_sycamore,GHZ,3,QADE,3,3,2,0,0.9311567960258144,0.024104999960400164
203,google_sycamore,GHZ,3,QADE + PyZX,3,3,2,0,0.9311567960258144,0.010451999958604574
203,google_sycamore,GHZ,3,QADE + Knowledge Graph,3,3,2,0,0.9311567960258144,0.0007230999181047082
203,google_sycamore,GHZ,3,QADE + Evolution + PyZX,3,3,2,0,0.9311567960258144,0.005997000029310584
204,google_sycamore,GHZ_alt,3,Qiskit,8,16,2,0,0.9191241222613055,0.009348199935629964
204,google_sycamore,GHZ_alt,3,PyZX,3,3,2,0,0.9311567960258144,0.0015465000178664923
204,google_sycamore,GHZ_alt,3,TKET,8,16,2,0,0.9191241222613055,0.010025699972175062
204,google_sycamore,GHZ_alt,3,BQSKit,7,10,2,0,0.9246582201884332,0.01174470002297312
204,google_sycamore,GHZ_alt,3,Cirq-native,3,3,2,0,0.9311567960258144,0.0011277999728918076
204,google_sycamore,GHZ_alt,3,QADE,3,3,2,0,0.9311567960258144,0.014180699945427477
204,google_sycamore,GHZ_alt,3,QADE + PyZX,3,3,2,0,0.9311567960258144,0.021131400018930435
204,google_sycamore,GHZ_alt,3,QADE + Knowledge Graph,3,3,2,0,0.9311567960258144,0.0007392000406980515
204,google_sycamore,GHZ_alt,3,QADE + Evolution + PyZX,3,3,2,0,0.9311567960258144,0.006459000054746866
205,google_sycamore,GHZ,4,Qiskit,12,17,3,0,0.9145285016499989,0.009808399947360158
205,google_sycamore,GHZ,4,PyZX,8,8,7,4,0.872149266829657,0.0011970000341534615
205,google_sycamore,GHZ,4,TKET,12,23,3,0,0.9090550302907661,0.009855200070887804
205,google_sycamore,GHZ,4,BQSKit,9,23,3,0,0.9090550302907661,0.010406199959106743
205,google_sycamore,GHZ,4,Cirq-native,8,8,7,4,0.872149266829657,0.0009192000143229961
205,google_sycamore,GHZ,4,QADE,7,12,8,3,0.8739713894869401,0.014642100082710385
205,google_sycamore,GHZ,4,QADE + PyZX,5,6,5,0,0.9172591644505296,0.012724300031550229
205,google_sycamore,GHZ,4,QADE + Knowledge Graph,8,8,7,4,0.872149266829657,0.0007268000626936555
205,google_sycamore,GHZ,4,QADE + Evolution + PyZX,3,4,3,0,0.9265010120456852,0.023051599971950054
206,google_sycamore,GHZ_alt,4,Qiskit,12,23,3,0,0.9090550302907661,0.008441000012680888
206,google_sycamore,GHZ_alt,4,PyZX,8,8,7,4,0.872149266829657,0.0011740999761968851
206,google_sycamore,GHZ_alt,4,TKET,12,17,3,0,0.9145285016499989,0.009621499921195209
206,google_sycamore,GHZ_alt,4,BQSKit,9,23,3,0,0.9090550302907661,0.011291399947367609
206,google_sycamore,GHZ_alt,4,Cirq-native,8,8,7,4,0.872149266829657,0.0013458000030368567
206,google_sycamore,GHZ_alt,4,QADE,5,6,5,0,0.9172591644505296,0.01644849998410791
206,google_sycamore,GHZ_alt,4,QADE + PyZX,4,6,5,0,0.9172591644505296,0.01337890001013875
206,google_sycamore,GHZ_alt,4,QADE + Knowledge Graph,8,8,7,4,0.872149266829657,0.000786700053140521
206,google_sycamore,GHZ_alt,4,QADE + Evolution + PyZX,4,4,3,0,0.9265010120456852,0.04921560001093894
207,google_sycamore,GHZ,5,Qiskit,15,29,4,0,0.899996242420591,0.009226099937222898
207,google_sycamore,GHZ,5,PyZX,8,9,8,4,0.8677885204955086,0.0008939000545069575
207,google_sycamore,GHZ,5,TKET,9,24,4,0,0.9045097551393122,0.009545400040224195
207,google_sycamore,GHZ,5,BQSKit,9,18,4,0,0.9099558591417488,0.013356399955227971
207,google_sycamore,GHZ,5,Cirq-native,8,9,8,4,0.8677885204955086,0.0016149000730365515
207,google_sycamore,GHZ,5,QADE,9,22,9,2,0.8705556545253088,0.04270720004569739
207,google_sycamore,GHZ,5,QADE + PyZX,3,6,2,0,0.9283661181769682,0.014699400053359568
207,google_sycamore,GHZ,5,QADE + Knowledge Graph,8,9,8,4,0.8677885204955086,0.000734600005671382
207,google_sycamore,GHZ,5,QADE + Evolution + PyZX,8,9,8,4,0.8677885204955086,0.008049400057643652
208,google_sycamore,GHZ_alt,5,Qiskit,9,24,4,0,0.9045097551393122,0.011420800001360476
208,google_sycamore,GHZ_alt,5,PyZX,8,9,8,4,0.8677885204955086,0.0008445000275969505
208,google_sycamore,GHZ_alt,5,TKET,9,24,4,0,0.9045097551393122,0.009084400022402406
208,google_sycamore,GHZ_alt,5,BQSKit,15,29,4,0,0.899996242420591,0.01182020001579076
208,google_sycamore,GHZ_alt,5,Cirq-native,8,9,8,4,0.8677885204955086,0.0008549999911338091
208,google_sycamore,GHZ_alt,5,QADE,7,19,8,4,0.8591495818213704,0.025998099939897656
208,google_sycamore,GHZ_alt,5,QADE + PyZX,7,17,6,1,0.8945058234958724,0.025471000000834465
208,google_sycamore,GHZ_alt,5,QADE + Knowledge Graph,8,9,8,4,0.8677885204955086,0.0008259000023826957
208,google_sycamore,GHZ_alt,5,QADE + Evolution + PyZX,8,9,8,4,0.8677885204955086,0.0097161999437958
209,google_sycamore,QFT,2,Qiskit,9,14,1,0,0.9246675039474705,0.008891700068488717
209,google_sycamore,QFT,2,PyZX,3,3,1,0,0.9349001399294357,0.0016316999681293964
209,google_sycamore,QFT,2,TKET,4,7,1,0,0.9311661450318919,0.011207300005480647
209,google_sycamore,QFT,2,BQSKit,9,14,1,0,0.9246675039474705,0.012127899914048612
209,google_sycamore,QFT,2,Cirq-native,3,3,1,0,0.9349001399294357,0.000851699966005981
209,google_sycamore,QFT,2,QADE,3,3,1,0,0.9349001399294357,0.01237290003336966
209,google_sycamore,QFT,2,QADE + PyZX,3,3,1,0,0.9349001399294357,0.009638699935749173
209,google_sycamore,QFT,2,QADE + Knowledge Graph,3,3,1,0,0.9349001399294357,0.0008805000688880682
209,google_sycamore,QFT,2,QADE + Evolution + PyZX,1,2,0,0,0.9395981305823474,0.015516299987211823
210,google_sycamore,QFT_alt,2,Qiskit,9,14,1,0,0.9246675039474705,0.00950320006813854
210,google_sycamore,QFT_alt,2,PyZX,3,3,1,0,0.9349001399294357,0.0008368999697268009
210,google_sycamore,QFT_alt,2,TKET,4,7,1,0,0.9311661450318919,0.010937800048850477
210,google_sycamore,QFT_alt,2,BQSKit,4,7,1,0,0.9311661450318919,0.014361500041559339
210,google_sycamore,QFT_alt,2,Cirq-native,3,3,1,0,0.9349001399294357,0.0015953000402078032
210,google_sycamore,QFT_alt,2,QADE,3,3,1,0,0.9349001399294357,0.01643649989273399
210,google_sycamore,QFT_alt,2,QADE + PyZX,3,3,1,0,0.9349001399294357,0.01436239993199706
210,google_sycamore,QFT_alt,2,QADE + Knowledge Graph,3,3,1,0,0.9349001399294357,0.0007877000607550144
210,google_sycamore,QFT_alt,2,QADE + Evolution + PyZX,3,3,1,0,0.9349001399294357,0.014843599987216294
211,google_sycamore,QFT,3,Qiskit,20,30,6,0,0.8919106905930386,0.009636700036935508
211,google_sycamore,QFT,3,PyZX,8,8,5,2,0.8971175144376453,0.001242700032889843
211,google_sycamore,QFT,3,TKET,20,30,6,0,0.8919106905930386,0.010939200059510767
211,google_sycamore,QFT,3,BQSKit,23,35,6,0,0.8874600473323312,0.012064400012604892
211,google_sycamore,QFT,3,Cirq-native,8,8,5,2,0.8971175144376453,0.000891899922862649
211,google_sycamore,QFT,3,QADE,11,23,12,2,0.8592802036892365,0.029742100043222308
211,google_sycamore,QFT,3,QADE + PyZX,3,8,4,0,0.9191056661481529,0.016834500012919307
211,google_sycamore,QFT,3,QADE + Knowledge Graph,8,8,5,2,0.8971175144376453,0.0007568000582978129
211,google_sycamore,QFT,3,QADE + Evolution + PyZX,8,8,5,2,0.8971175144376453,0.024827899993397295
212,google_sycamore,QFT_alt,3,Qiskit,20,30,6,0,0.8919106905930386,0.012480600038543344
212,google_sycamore,QFT_alt,3,PyZX,8,8,5,2,0.8971175144376453,0.0008730998961254954
212,google_sycamore,QFT_alt,3,TKET,24,38,6,0,0.8848003286830161,0.01302019995637238
212,google_sycamore,QFT_alt,3,BQSKit,16,25,6,0,0.8963836539857833,0.012459199992008507
212,google_sycamore,QFT_alt,3,Cirq-native,8,8,5,2,0.8971175144376453,0.0008322000503540039
212,google_sycamore,QFT_alt,3,QADE,5,6,5,0,0.9172591644505296,0.015274700010195374
212,google_sycamore,QFT_alt,3,QADE + PyZX,8,18,7,2,0.8810882361434342,0.021982799982652068
212,google_sycamore,QFT_alt,3,QADE + Knowledge Graph,8,8,5,2,0.8971175144376453,0.000813000020571053
212,google_sycamore,QFT_alt,3,QADE + Evolution + PyZX,8,8,5,2,0.8971175144376453,0.02340930001810193
213,google_sycamore,QFT,4,Qiskit,38,67,12,0,0.8390541484281188,0.013960300013422966
213,google_sycamore,QFT,4,PyZX,15,18,14,8,0.8063088914530675,0.0014818999916315079
213,google_sycamore,QFT,4,TKET,42,63,12,0,0.8424187723738126,0.019651099923066795
213,google_sycamore,QFT,4,BQSKit,30,51,12,0,0.8525938141005683,0.015808199997991323
213,google_sycamore,QFT,4,Cirq-native,15,18,14,8,0.8063088914530675,0.0011770999990403652
213,google_sycamore,QFT,4,QADE,4,6,5,0,0.9172591644505296,0.01468270004261285
213,google_sycamore,QFT,4,QADE + PyZX,4,6,5,0,0.9172591644505296,0.013199699926190078
213,google_sycamore,QFT,4,QADE + Knowledge Graph,15,18,14,8,0.8063088914530675,0.0008007000433281064
213,google_sycamore,QFT,4,QADE + Evolution + PyZX,8,12,9,5,0.8530630040743924,0.05950109998229891
214,google_sycamore,QFT_alt,4,Qiskit,33,50,12,0,0.8534472613619303,0.012581599992699921
214,google_sycamore,QFT_alt,4,PyZX,15,18,14,8,0.8063088914530675,0.0015340999234467745
214,google_sycamore,QFT_alt,4,TKET,38,58,12,0,0.8466435320609998,0.014674799982458353
214,google_sycamore,QFT_alt,4,BQSKit,33,50,12,0,0.8534472613619303,0.016527499887160957
214,google_sycamore,QFT_alt,4,Cirq-native,15,18,14,8,0.8063088914530675,0.0015490000369027257
214,google_sycamore,QFT_alt,4,QADE,6,10,6,1,0.9007924857501509,0.023082799976691604
214,google_sycamore,QFT_alt,4,QADE + PyZX,6,10,7,0,0.9062941933860694,0.01781619992107153
214,google_sycamore,QFT_alt,4,QADE + Knowledge Graph,15,18,14,8,0.8063088914530675,0.0007443999638780951
214,google_sycamore,QFT_alt,4,QADE + Evolution + PyZX,10,14,11,7,0.8276630531280773,0.040698900003917515
215,google_sycamore,QFT,5,Qiskit,64,110,22,0,0.772114854631183,0.011748199933208525
215,google_sycamore,QFT,5,PyZX,21,27,22,12,0.7431974008391004,0.0008869000012055039
215,google_sycamore,QFT,5,TKET,50,87,20,0,0.7964536256871884,0.013567499932833016
215,google_sycamore,QFT,5,BQSKit,51,89,20,0,0.7948615148894396,0.013567999936640263
215,google_sycamore,QFT,5,Cirq-native,21,27,22,12,0.7431974008391004,0.0011744999792426825
215,google_sycamore,QFT,5,QADE,1,4,1,1,0.9245786544649885,0.013996300054714084
215,google_sycamore,QFT,5,QADE + PyZX,4,6,5,0,0.9172591644505296,0.017623199964873493
215,google_sycamore,QFT,5,QADE + Knowledge Graph,21,27,22,12,0.7431974008391004,0.0007536000339314342
215,google_sycamore,QFT,5,QADE + Evolution + PyZX,21,27,22,12,0.7431974008391004,0.014203400001861155
216,google_sycamore,QFT_alt,5,Qiskit,51,90,18,0,0.80046394195546,0.018109300057403743
216,google_sycamore,QFT_alt,5,PyZX,21,27,22,12,0.7431974008391004,0.0017500000540167093
216,google_sycamore,QFT_alt,5,TKET,50,85,20,0,0.7980489254892413,0.01718070008791983
216,google_sycamore,QFT_alt,5,BQSKit,52,91,18,0,0.7996634780135047,0.017295699915848672
216,google_sycamore,QFT_alt,5,Cirq-native,21,27,22,12,0.7431974008391004,0.001588699989952147
216,google_sycamore,QFT_alt,5,QADE,2,4,2,1,0.9208766378304941,0.012740299920551479
216,google_sycamore,QFT_alt,5,QADE + PyZX,5,6,5,0,0.9172591644505296,0.01787400001194328
216,google_sycamore,QFT_alt,5,QADE + Knowledge Graph,21,27,22,12,0.7431974008391004,0.0008256000000983477
216,google_sycamore,QFT_alt,5,QADE + Evolution + PyZX,21,27,22,12,0.7431974008391004,0.014236000017262995
217,google_sycamore,VQE,2,Qiskit,5,9,1,0,0.929304743907973,0.009062599972821772
217,google_sycamore,VQE,2,PyZX,2,3,1,0,0.9349001399294357,0.0008236999856308103
217,google_sycamore,VQE,2,TKET,5,9,1,0,0.929304743907973,0.014557300019077957
217,google_sycamore,VQE,2,BQSKit,5,9,1,0,0.929304743907973,0.012430500006303191
217,google_sycamore,VQE,2,Cirq-native,2,3,1,0,0.9349001399294357,0.0007752999663352966
217,google_sycamore,VQE,2,QADE,2,3,1,0,0.9349001399294357,0.013053999980911613
217,google_sycamore,VQE,2,QADE + PyZX,2,3,1,0,0.9349001399294357,0.01056969992350787
217,google_sycamore,VQE,2,QADE + Knowledge Graph,2,3,1,0,0.9349001399294357,0.000723700039088726
217,google_sycamore,VQE,2,QADE + Evolution + PyZX,2,3,1,0,0.9349001399294357,0.016974400030449033
218,google_sycamore,VQE_alt,2,Qiskit,5,9,1,0,0.929304743907973,0.009177300031296909
218,google_sycamore,VQE_alt,2,PyZX,2,3,1,0,0.9349001399294357,0.0014392000157386065
218,google_sycamore,VQE_alt,2,TKET,9,15,1,0,0.9237428364435231,0.014927700045518577
218,google_sycamore,VQE_alt,2,BQSKit,9,15,1,0,0.9237428364435231,0.013946600025519729
218,google_sycamore,VQE_alt,2,Cirq-native,2,3,1,0,0.9349001399294357,0.000875400030054152
218,google_sycamore,VQE_alt,2,QADE,2,3,1,0,0.9349001399294357,0.014056299929507077
218,google_sycamore,VQE_alt,2,QADE + PyZX,2,3,1,0,0.9349001399294357,0.013319999910891056
218,google_sycamore,VQE_alt,2,QADE + Knowledge Graph,2,3,1,0,0.9349001399294357,0.0007047000108286738
218,google_sycamore,VQE_alt,2,QADE + Evolution + PyZX,2,3,1,0,0.9349001399294357,0.016432799980975688
219,google_sycamore,VQE,3,Qiskit,10,22,2,0,0.9136231460208704,0.008817299967631698
219,google_sycamore,VQE,3,PyZX,3,5,2,0,0.9292954135905587,0.0008806000696495175
219,google_sycamore,VQE,3,TKET,6,14,2,0,0.9209651315592924,0.013044800027273595
219,google_sycamore,VQE,3,BQSKit,6,14,2,0,0.9209651315592924,0.012891999911516905
219,google_sycamore,VQE,3,Cirq-native,3,5,2,0,0.9292954135905587,0.0016377000138163567
219,google_sycamore,VQE,3,QADE,3,5,2,0,0.9292954135905587,0.016338199959136546
219,google_sycamore,VQE,3,QADE + PyZX,3,5,2,0,0.9292954135905587,0.018736799946054816
219,google_sycamore,VQE,3,QADE + Knowledge Graph,3,5,2,0,0.9292954135905587,0.000686399987898767
219,google_sycamore,VQE,3,QADE + Evolution + PyZX,3,5,2,0,0.9292954135905587,0.020917600020766258
220,google_sycamore,VQE_alt,3,Qiskit,6,14,2,0,0.9209651315592924,0.00944069994147867
220,google_sycamore,VQE_alt,3,PyZX,3,5,2,0,0.9292954135905587,0.0008793000597506762
220,google_sycamore,VQE_alt,3,TKET,6,14,2,0,0.9209651315592924,0.010493400041013956
220,google_sycamore,VQE_alt,3,BQSKit,12,22,2,0,0.9136231460208704,0.013199599925428629
220,google_sycamore,VQE_alt,3,Cirq-native,3,5,2,0,0.9292954135905587,0.0013284999877214432
220,google_sycamore,VQE_alt,3,QADE,3,5,2,0,0.9292954135905587,0.013020599959418178
220,google_sycamore,VQE_alt,3,QADE + PyZX,3,5,2,0,0.9292954135905587,0.013939699972979724
220,google_sycamore,VQE_alt,3,QADE + Knowledge Graph,3,5,2,0,0.9292954135905587,0.0009762999834492803
220,google_sycamore,VQE_alt,3,QADE + Evolution + PyZX,3,5,2,0,0.9292954135905587,0.013830000068992376
221,google_sycamore,VQE,4,Qiskit,13,27,3,0,0.9054242608644736,0.010805999976582825
221,google_sycamore,VQE,4,PyZX,8,11,7,4,0.8695354346048192,0.001415999955497682
221,google_sycamore,VQE,4,TKET,10,25,3,0,0.9072378292852147,0.0113507000496611
221,google_sycamore,VQE,4,BQSKit,13,27,3,0,0.9054242608644736,0.010173400049097836
221,google_sycamore,VQE,4,Cirq-native,8,11,7,4,0.8695354346048192,0.0011594999814406037
221,google_sycamore,VQE,4,QADE,3,6,3,3,0.8970493250282934,0.015680199954658747
221,google_sycamore,VQE,4,QADE + PyZX,4,6,5,0,0.9172591644505296,0.020394599996507168
221,google_sycamore,VQE,4,QADE + Knowledge Graph,8,11,7,4,0.8695354346048192,0.0007504000095650554
221,google_sycamore,VQE,4,QADE + Evolution + PyZX,8,11,7,4,0.8695354346048192,0.03542390000075102
222,google_sycamore,VQE_alt,4,Qiskit,13,27,3,0,0.9054242608644736,0.008543099975213408
222,google_sycamore,VQE_alt,4,PyZX,8,11,7,4,0.8695354346048192,0.0016120000509545207
222,google_sycamore,VQE_alt,4,TKET,7,19,3,0,0.9127003591752004,0.010277399909682572
222,google_sycamore,VQE_alt,4,BQSKit,11,29,3,0,0.9036143177670056,0.014556200010702014
222,google_sycamore,VQE_alt,4,Cirq-native,8,11,7,4,0.8695354346048192,0.0008893999038264155
222,google_sycamore,VQE_alt,4,QADE,4,6,5,0,0.9172591644505296,0.013919100048951805
222,google_sycamore,VQE_alt,4,QADE + PyZX,7,13,7,2,0.8855069245475693,0.0224255999783054
222,google_sycamore,VQE_alt,4,QADE + Knowledge Graph,8,11,7,4,0.8695354346048192,0.0009701000526547432
222,google_sycamore,VQE_alt,4,QADE + Evolution + PyZX,8,11,7,4,0.8695354346048192,0.034071800066158175
223,google_sycamore,VQE,5,Qiskit,17,40,4,0,0.890145635344501,0.00866579997818917
223,google_sycamore,VQE,5,PyZX,8,13,8,4,0.8643225696743632,0.0009308999869972467
223,google_sycamore,VQE,5,TKET,17,40,4,0,0.890145635344501,0.010965900029987097
223,google_sycamore,VQE,5,BQSKit,14,36,4,0,0.8937151371763501,0.012717499979771674
223,google_sycamore,VQE,5,Cirq-native,8,13,8,4,0.8643225696743632,0.0014810999855399132
223,google_sycamore,VQE,5,QADE,5,6,5,0,0.9172591644505296,0.02029360004235059
223,google_sycamore,VQE,5,QADE + PyZX,5,6,5,0,0.9172591644505296,0.012454700074158609
223,google_sycamore,VQE,5,QADE + Knowledge Graph,8,13,8,4,0.8643225696743632,0.0008473999332636595
223,google_sycamore,VQE,5,QADE + Evolution + PyZX,8,13,8,4,0.8643225696743632,0.011554399970918894
224,google_sycamore,VQE_alt,5,Qiskit,11,30,4,0,0.8990962461781705,0.010030000004917383
224,google_sycamore,VQE_alt,5,PyZX,8,13,8,4,0.8643225696743632,0.0008416000055149198
224,google_sycamore,VQE_alt,5,TKET,12,32,4,0,0.8972989527820604,0.010025099967606366
224,google_sycamore,VQE_alt,5,BQSKit,14,32,4,0,0.8972989527820604,0.01171670004259795
224,google_sycamore,VQE_alt,5,Cirq-native,8,13,8,4,0.8643225696743632,0.000893099932000041
224,google_sycamore,VQE_alt,5,QADE,4,8,2,0,0.9265103143067325,0.016600299975834787
224,google_sycamore,VQE_alt,5,QADE + PyZX,3,9,3,0,0.9218777627351987,0.014514300040900707
224,google_sycamore,VQE_alt,5,QADE + Knowledge Graph,8,13,8,4,0.8643225696743632,0.0007445000810548663
224,google_sycamore,VQE_alt,5,QADE + Evolution + PyZX,8,13,8,4,0.8643225696743632,0.011529300012625754
225,google_sycamore,QAOA,2,Qiskit,11,18,2,0,0.917286793140905,0.009409699938260019
225,google_sycamore,QAOA,2,PyZX,5,7,2,0,0.9274377520587913,0.0014245000202208757
225,google_sycamore,QAOA,2,TKET,11,18,2,0,0.917286793140905,0.012393100070767105
225,google_sycamore,QAOA,2,BQSKit,11,20,2,0,0.9154531368414163,0.013767699943855405
225,google_sycamore,QAOA,2,Cirq-native,5,7,2,0,0.9274377520587913,0.0012978999875485897
225,google_sycamore,QAOA,2,QADE,5,7,2,0,0.9274377520587913,0.02290570002514869
225,google_sycamore,QAOA,2,QADE + PyZX,5,7,2,0,0.9274377520587913,0.01318180002272129
225,google_sycamore,QAOA,2,QADE + Knowledge Graph,5,7,2,0,0.9274377520587913,0.0010359999723732471
225,google_sycamore,QAOA,2,QADE + Evolution + PyZX,2,4,0,0,0.9377198739193133,0.021797100082039833
226,google_sycamore,QAOA_alt,2,Qiskit,11,20,2,0,0.9154531368414163,0.008904899936169386
226,google_sycamore,QAOA_alt,2,PyZX,5,7,2,0,0.9274377520587913,0.0008024999406188726
226,google_sycamore,QAOA_alt,2,TKET,11,20,2,0,0.9154531368414163,0.013834199984557927
226,google_sycamore,QAOA_alt,2,BQSKit,11,18,2,0,0.917286793140905,0.0105683000292629
226,google_sycamore,QAOA_alt,2,Cirq-native,5,7,2,0,0.9274377520587913,0.0010550000006332994
226,google_sycamore,QAOA_alt,2,QADE,5,7,2,0,0.9274377520587913,0.01540140004362911
226,google_sycamore,QAOA_alt,2,QADE + PyZX,5,7,2,0,0.9274377520587913,0.02196500007994473
226,google_sycamore,QAOA_alt,2,QADE + Knowledge Graph,5,7,2,0,0.9274377520587913,0.0014838000060990453
226,google_sycamore,QAOA_alt,2,QADE + Evolution + PyZX,4,5,1,0,0.9330312745497168,0.03867550007998943
227,google_sycamore,QAOA,3,Qiskit,16,34,4,0,0.895505252175449,0.008975300006568432
227,google_sycamore,QAOA,3,PyZX,8,12,4,0,0.9154347544420536,0.0011938000097870827
227,google_sycamore,QAOA,3,TKET,16,32,4,0,0.8972989527820604,0.01032400003168732
227,google_sycamore,QAOA,3,BQSKit,16,34,4,0,0.895505252175449,0.010813499917276204
227,google_sycamore,QAOA,3,Cirq-native,8,12,4,0,0.9154347544420536,0.001083599985577166
227,google_sycamore,QAOA,3,QADE,8,12,4,0,0.9154347544420536,0.018764100037515163
227,google_sycamore,QAOA,3,QADE + PyZX,8,12,4,0,0.9154347544420536,0.019365400075912476
227,google_sycamore,QAOA,3,QADE + Knowledge Graph,8,12,4,0,0.9154347544420536,0.0008372000884264708
227,google_sycamore,QAOA,3,QADE + Evolution + PyZX,8,12,4,0,0.9154347544420536,0.022964400006458163
228,google_sycamore,QAOA_alt,3,Qiskit,15,31,4,0,0.8981971499319923,0.009481100016273558
228,google_sycamore,QAOA_alt,3,PyZX,8,12,4,0,0.9154347544420536,0.000980100012384355
228,google_sycamore,QAOA_alt,3,TKET,15,31,4,0,0.8981971499319923,0.010140399914234877
228,google_sycamore,QAOA_alt,3,BQSKit,14,29,4,0,0.899996242420591,0.010751199908554554
228,google_sycamore,QAOA_alt,3,Cirq-native,8,12,4,0,0.9154347544420536,0.001358899986371398
228,google_sycamore,QAOA_alt,3,QADE,8,12,4,0,0.9154347544420536,0.027668300084769726
228,google_sycamore,QAOA_alt,3,QADE + PyZX,8,12,4,0,0.9154347544420536,0.016846299986355007
228,google_sycamore,QAOA_alt,3,QADE + Knowledge Graph,8,12,4,0,0.9154347544420536,0.0007871000561863184
228,google_sycamore,QAOA_alt,3,QADE + Evolution + PyZX,8,12,4,0,0.9154347544420536,0.009623000049032271
229,google_sycamore,QAOA,4,Qiskit,21,46,6,0,0.8777466509758233,0.010927199968136847
229,google_sycamore,QAOA,4,PyZX,18,25,14,8,0.800681633507009,0.000893699936568737
229,google_sycamore,QAOA,4,TKET,21,46,6,0,0.8777466509758233,0.012967400019988418
229,google_sycamore,QAOA,4,BQSKit,18,42,6,0,0.8812664326319397,0.010261000017635524
229,google_sycamore,QAOA,4,Cirq-native,18,25,14,8,0.800681633507009,0.0011304999934509397
229,google_sycamore,QAOA,4,QADE,6,14,7,2,0.8846214176230218,0.0205528000369668
229,google_sycamore,QAOA,4,QADE + PyZX,4,9,2,0,0.9255838039924257,0.02192460000514984
229,google_sycamore,QAOA,4,QADE + Knowledge Graph,18,25,14,8,0.800681633507009,0.0007814998971298337
229,google_sycamore,QAOA,4,QADE + Evolution + PyZX,11,15,8,3,0.8713520963586764,0.03917389991693199
230,google_sycamore,QAOA_alt,4,Qiskit,21,46,6,0,0.8777466509758233,0.00970449997112155
230,google_sycamore,QAOA_alt,4,PyZX,18,25,14,8,0.800681633507009,0.0010445000370964408
230,google_sycamore,QAOA_alt,4,TKET,21,46,6,0,0.8777466509758233,0.012646900024265051
230,google_sycamore,QAOA_alt,4,BQSKit,20,45,6,0,0.8786252762520753,0.014462899998761714
230,google_sycamore,QAOA_alt,4,Cirq-native,18,25,14,8,0.800681633507009,0.0014201999874785542
230,google_sycamore,QAOA_alt,4,QADE,4,11,5,1,0.9035093483126998,0.024321599979884923
230,google_sycamore,QAOA_alt,4,QADE + PyZX,11,23,12,3,0.8506442217426109,0.024625600082799792
230,google_sycamore,QAOA_alt,4,QADE + Knowledge Graph,18,25,14,8,0.800681633507009,0.0008787000551819801
230,google_sycamore,QAOA_alt,4,QADE + Evolution + PyZX,7,12,6,3,0.8810124195645117,0.0364936999976635
231,google_sycamore,QAOA,5,Qiskit,22,54,8,0,0.8637901988636744,0.00867940008174628
231,google_sycamore,QAOA,5,PyZX,19,30,16,8,0.7903191270019462,0.0009850999340415
231,google_sycamore,QAOA,5,TKET,23,56,8,0,0.8620634822561459,0.01295639993622899
231,google_sycamore,QAOA,5,BQSKit,24,57,8,0,0.8612014187738898,0.014776400057598948
231,google_sycamore,QAOA,5,Cirq-native,19,30,16,8,0.7903191270019462,0.0015047000488266349
231,google_sycamore,QAOA,5,QADE,8,23,10,4,0.8488792561927817,0.026391100022010505
231,google_sycamore,QAOA,5,QADE + PyZX,11,21,12,5,0.8353015346830351,0.021982099977321923
231,google_sycamore,QAOA,5,QADE + Knowledge Graph,19,30,16,8,0.7903191270019462,0.0008320000488311052
231,google_sycamore,QAOA,5,QADE + Evolution + PyZX,19,30,16,8,0.7903191270019462,0.015856699901632965
232,google_sycamore,QAOA_alt,5,Qiskit,25,59,8,0,0.8594798771377609,0.010500299977138638
232,google_sycamore,QAOA_alt,5,PyZX,19,30,16,8,0.7903191270019462,0.0009791000047698617
232,google_sycamore,QAOA_alt,5,TKET,25,59,8,0,0.8594798771377609,0.010016100015491247
232,google_sycamore,QAOA_alt,5,BQSKit,23,54,8,0,0.8637901988636744,0.01240710006095469
232,google_sycamore,QAOA_alt,5,Cirq-native,19,30,16,8,0.7903191270019462,0.0008949000621214509
232,google_sycamore,QAOA_alt,5,QADE,5,6,5,0,0.9172591644505296,0.012018000008538365
232,google_sycamore,QAOA_alt,5,QADE + PyZX,5,6,5,0,0.9172591644505296,0.015060100005939603
232,google_sycamore,QAOA_alt,5,QADE + Knowledge Graph,19,30,16,8,0.7903191270019462,0.0007518000202253461
232,google_sycamore,QAOA_alt,5,QADE + Evolution + PyZX,19,30,16,8,0.7903191270019462,0.017971200053580105
233,google_sycamore,QV,2,Qiskit,11,19,1,0,0.9200534038607199,0.008935200050473213
233,google_sycamore,QV,2,PyZX,3,5,1,0,0.9330312745497168,0.0008001000387594104
233,google_sycamore,QV,2,TKET,11,19,1,0,0.9200534038607199,0.010783600038848817
233,google_sycamore,QV,2,BQSKit,11,17,1,0,0.9218962745134723,0.011776799918152392
233,google_sycamore,QV,2,Cirq-native,3,5,1,0,0.9330312745497168,0.0013683999422937632
233,google_sycamore,QV,2,QADE,3,5,1,0,0.9330312745497168,0.017037900048308074
233,google_sycamore,QV,2,QADE + PyZX,3,5,1,0,0.9330312745497168,0.012965000001713634
233,google_sycamore,QV,2,QADE + Knowledge Graph,3,5,1,0,0.9330312745497168,0.0008698999881744385
233,google_sycamore,QV,2,QADE + Evolution + PyZX,3,5,1,0,0.9330312745497168,0.022217400022782385
234,google_sycamore,QV_alt,2,Qiskit,11,19,1,0,0.9200534038607199,0.00911480002105236
234,google_sycamore,QV_alt,2,PyZX,3,5,1,0,0.9330312745497168,0.0008135000243782997
234,google_sycamore,QV_alt,2,TKET,11,17,1,0,0.9218962745134723,0.014337699976749718
234,google_sycamore,QV_alt,2,BQSKit,11,19,1,0,0.9200534038607199,0.013194300001487136
234,google_sycamore,QV_alt,2,Cirq-native,3,5,1,0,0.9330312745497168,0.000987800071015954
234,google_sycamore,QV_alt,2,QADE,3,5,1,0,0.9330312745497168,0.01958700001705438
234,google_sycamore,QV_alt,2,QADE + PyZX,3,5,1,0,0.9330312745497168,0.018322299933061004
234,google_sycamore,QV_alt,2,QADE + Knowledge Graph,3,5,1,0,0.9330312745497168,0.0008819000795483589
234,google_sycamore,QV_alt,2,QADE + Evolution + PyZX,3,5,1,0,0.9330312745497168,0.0398995999712497
235,google_sycamore,QV,3,Qiskit,11,24,1,0,0.9154623281795203,0.009218399995006621
235,google_sycamore,QV,3,PyZX,3,7,1,0,0.9311661450318919,0.0008110000053420663
235,google_sycamore,QV,3,TKET,11,24,1,0,0.9154623281795203,0.013115299982018769
235,google_sycamore,QV,3,BQSKit,11,24,1,0,0.9154623281795203,0.011971200001426041
235,google_sycamore,QV,3,Cirq-native,3,7,1,0,0.9311661450318919,0.0012648999691009521
235,google_sycamore,QV,3,QADE,3,7,1,0,0.9311661450318919,0.020004000049084425
235,google_sycamore,QV,3,QADE + PyZX,3,7,1,0,0.9311661450318919,0.014958000043407083
235,google_sycamore,QV,3,QADE + Knowledge Graph,3,7,1,0,0.9311661450318919,0.00072310003452003
235,google_sycamore,QV,3,QADE + Evolution + PyZX,3,7,1,0,0.9311661450318919,0.011683399905450642
236,google_sycamore,QV_alt,3,Qiskit,11,24,1,0,0.9154623281795203,0.009413699968717992
236,google_sycamore,QV_alt,3,PyZX,3,7,1,0,0.9311661450318919,0.0009463001042604446
236,google_sycamore,QV_alt,3,TKET,11,24,1,0,0.9154623281795203,0.011534900055266917
236,google_sycamore,QV_alt,3,BQSKit,11,24,1,0,0.9154623281795203,0.01095629995688796
236,google_sycamore,QV_alt,3,Cirq-native,3,7,1,0,0.9311661450318919,0.0009538000449538231
236,google_sycamore,QV_alt,3,QADE,3,7,1,0,0.9311661450318919,0.015927799977362156
236,google_sycamore,QV_alt,3,QADE + PyZX,3,7,1,0,0.9311661450318919,0.01935730001423508
236,google_sycamore,QV_alt,3,QADE + Knowledge Graph,3,7,1,0,0.9311661450318919,0.0007477999897673726
236,google_sycamore,QV_alt,3,QADE + Evolution + PyZX,3,7,1,0,0.9311661450318919,0.01740249991416931
237,google_sycamore,QV,4,Qiskit,11,36,2,0,0.9009152300367514,0.010847699944861233
237,google_sycamore,QV,4,PyZX,8,14,6,4,0.8704145794992314,0.0009226000402122736
237,google_sycamore,QV,4,TKET,11,36,2,0,0.9009152300367514,0.013872600044123828
237,google_sycamore,QV,4,BQSKit,11,36,2,0,0.9009152300367514,0.015873500029556453
237,google_sycamore,QV,4,Cirq-native,8,14,6,4,0.8704145794992314,0.0012259000213816762
237,google_sycamore,QV,4,QADE,8,13,9,2,0.8784299744942212,0.030062600038945675
237,google_sycamore,QV,4,QADE + PyZX,6,6,5,0,0.9172591644505296,0.011717699933797121
237,google_sycamore,QV,4,QADE + Knowledge Graph,8,14,6,4,0.8704145794992314,0.0007705999305471778
237,google_sycamore,QV,4,QADE + Evolution + PyZX,8,14,6,4,0.8704145794992314,0.05092910001985729
238,google_sycamore,QV_alt,4,Qiskit,11,36,2,0,0.9009152300367514,0.008466199971735477
238,google_sycamore,QV_alt,4,PyZX,8,14,6,4,0.8704145794992314,0.0012200000928714871
238,google_sycamore,QV_alt,4,TKET,11,38,2,0,0.8991143004919079,0.011162700015120208
238,google_sycamore,QV_alt,4,BQSKit,11,38,2,0,0.8991143004919079,0.01240819995291531
238,google_sycamore,QV_alt,4,Cirq-native,8,14,6,4,0.8704145794992314,0.0009084000485017896
238,google_sycamore,QV_alt,4,QADE,7,19,9,2,0.8731725535414451,0.026085999910719693
238,google_sycamore,QV_alt,4,QADE + PyZX,13,22,12,4,0.8429379715559497,0.023801499977707863
238,google_sycamore,QV_alt,4,QADE + Knowledge Graph,8,14,6,4,0.8704145794992314,0.0010951000731438398
238,google_sycamore,QV_alt,4,QADE + Evolution + PyZX,8,14,6,4,0.8704145794992314,0.043613099958747625
239,google_sycamore,QV,5,Qiskit,11,43,2,0,0.894627711145805,0.009510100004263222
239,google_sycamore,QV,5,PyZX,8,16,6,4,0.8686746207548125,0.0009118999587371945
239,google_sycamore,QV,5,TKET,11,43,2,0,0.894627711145805,0.012835799949243665
239,google_sycamore,QV,5,BQSKit,11,43,2,0,0.894627711145805,0.016149200033396482
239,google_sycamore,QV,5,Cirq-native,8,16,6,4,0.8686746207548125,0.0015452000079676509
239,google_sycamore,QV,5,QADE,6,6,5,0,0.9172591644505296,0.016098800115287304
239,google_sycamore,QV,5,QADE + PyZX,10,20,13,2,0.8584123048491487,0.021107299951836467
239,google_sycamore,QV,5,QADE + Knowledge Graph,8,16,6,4,0.8686746207548125,0.0007536999182775617
239,google_sycamore,QV,5,QADE + Evolution + PyZX,8,16,6,4,0.8686746207548125,0.015926199965178967
240,google_sycamore,QV_alt,5,Qiskit,11,41,2,0,0.8964196540342193,0.01114319998305291
240,google_sycamore,QV_alt,5,PyZX,8,16,6,4,0.8686746207548125,0.0011354000307619572
240,google_sycamore,QV_alt,5,TKET,11,41,2,0,0.8964196540342193,0.015237600076943636
240,google_sycamore,QV_alt,5,BQSKit,11,43,2,0,0.894627711145805,0.01650019991211593
240,google_sycamore,QV_alt,5,Cirq-native,8,16,6,4,0.8686746207548125,0.001158699975349009
240,google_sycamore,QV_alt,5,QADE,7,11,9,0,0.8981520608679113,0.02463190001435578
240,google_sycamore,QV_alt,5,QADE + PyZX,5,6,5,0,0.9172591644505296,0.012805800070054829
240,google_sycamore,QV_alt,5,QADE + Knowledge Graph,8,16,6,4,0.8686746207548125,0.0007814000127837062
240,google_sycamore,QV_alt,5,QADE + Evolution + PyZX,8,16,6,4,0.8686746207548125,0.013233999954536557
241,google_sycamore,Random_0,4,Qiskit,7,17,1,0,0.9218962745134723,0.009870499954558909
241,google_sycamore,Random_0,4,PyZX,10,16,7,6,0.8478929521700976,0.0009921001037582755
241,google_sycamore,Random_0,4,TKET,9,18,1,0,0.920974378238959,0.011995399952866137
241,google_sycamore,Random_0,4,BQSKit,9,18,1,0,0.920974378238959,0.013424300006590784
241,google_sycamore,Random_0,4,Cirq-native,10,16,7,6,0.8478929521700976,0.0008801999501883984
241,google_sycamore,Random_0,4,QADE,7,12,3,1,0.9098775585387212,0.02477250003721565
241,google_sycamore,Random_0,4,QADE + PyZX,3,9,5,0,0.9145101378174121,0.015094200032763183
241,google_sycamore,Random_0,4,QADE + Knowledge Graph,10,16,7,6,0.8478929521700976,0.0007552999304607511
241,google_sycamore,Random_0,4,QADE + Evolution + PyZX,9,15,6,5,0.8608050275838554,0.041079599992372096
242,google_sycamore,Random_1,4,Qiskit,9,18,1,0,0.920974378238959,0.009021200006827712
242,google_sycamore,Random_1,4,PyZX,10,16,7,6,0.8478929521700976,0.0008968999609351158
242,google_sycamore,Random_1,4,TKET,9,18,1,0,0.920974378238959,0.011695499997586012
242,google_sycamore,Random_1,4,BQSKit,9,18,1,0,0.920974378238959,0.01448740006890148
242,google_sycamore,Random_1,4,Cirq-native,10,16,7,6,0.8478929521700976,0.0013950999127700925
242,google_sycamore,Random_1,4,QADE,9,18,7,2,0.8810882361434342,0.030930800014175475
242,google_sycamore,Random_1,4,QADE + PyZX,5,9,3,2,0.9034406730635673,0.03291399998124689
242,google_sycamore,Random_1,4,QADE + Knowledge Graph,10,16,7,6,0.8478929521700976,0.0011780000058934093
242,google_sycamore,Random_1,4,QADE + Evolution + PyZX,10,16,7,6,0.8478929521700976,0.052855700021609664
243,google_sycamore,Random_2,4,Qiskit,7,17,1,0,0.9218962745134723,0.010713699972257018
243,google_sycamore,Random_2,4,PyZX,10,16,7,6,0.8478929521700976,0.001110500073991716
243,google_sycamore,Random_2,4,TKET,9,18,1,0,0.920974378238959,0.012451099930331111
243,google_sycamore,Random_2,4,BQSKit,9,18,1,0,0.920974378238959,0.015186499920673668
243,google_sycamore,Random_2,4,Cirq-native,10,16,7,6,0.8478929521700976,0.0014273999258875847
243,google_sycamore,Random_2,4,QADE,5,6,3,0,0.9246489365226059,0.036815600004047155
243,google_sycamore,Random_2,4,QADE + PyZX,16,23,12,6,0.8252535582024882,0.04217100003734231
243,google_sycamore,Random_2,4,QADE + Knowledge Graph,10,16,7,6,0.8478929521700976,0.0008950999472290277
243,google_sycamore,Random_2,4,QADE + Evolution + PyZX,8,14,5,4,0.8739137335876705,0.043158199987374246
244,google_sycamore,Random_3,4,Qiskit,9,18,1,0,0.920974378238959,0.008781800046563148
244,google_sycamore,Random_3,4,PyZX,10,16,7,6,0.8478929521700976,0.0008935000514611602
244,google_sycamore,Random_3,4,TKET,7,17,1,0,0.9218962745134723,0.011687400052323937
244,google_sycamore,Random_3,4,BQSKit,9,18,1,0,0.920974378238959,0.010343000059947371
244,google_sycamore,Random_3,4,Cirq-native,10,16,7,6,0.8478929521700976,0.0008803000673651695
244,google_sycamore,Random_3,4,QADE,7,8,7,0,0.9081095042851355,0.020431700046174228
244,google_sycamore,Random_3,4,QADE + PyZX,8,15,9,4,0.8591409558691654,0.020965400035493076
244,google_sycamore,Random_3,4,QADE + Knowledge Graph,10,16,7,6,0.8478929521700976,0.0007654000073671341
244,google_sycamore,Random_3,4,QADE + Evolution + PyZX,9,14,6,5,0.8616666942781336,0.04380400001537055
245,google_sycamore,Random_4,4,Qiskit,7,17,1,0,0.9218962745134723,0.008421599981375039
245,google_sycamore,Random_4,4,PyZX,10,16,7,6,0.8478929521700976,0.000901099992915988
245,google_sycamore,Random_4,4,TKET,7,17,1,0,0.9218962745134723,0.009977100067771971
245,google_sycamore,Random_4,4,BQSKit,7,17,1,0,0.9218962745134723,0.011199899949133396
245,google_sycamore,Random_4,4,Cirq-native,10,16,7,6,0.8478929521700976,0.0007794999983161688
245,google_sycamore,Random_4,4,QADE,10,21,9,4,0.8539989800783513,0.021497800014913082
245,google_sycamore,Random_4,4,QADE + PyZX,4,12,4,3,0.8881101747307414,0.019499800051562488
245,google_sycamore,Random_4,4,QADE + Knowledge Graph,10,16,7,6,0.8478929521700976,0.0007547999266535044
245,google_sycamore,Random_4,4,QADE + Evolution + PyZX,9,16,6,6,0.8513015670531935,0.042992600006982684
246,google_sycamore,Random_5,4,Qiskit,7,17,1,0,0.9218962745134723,0.008295400068163872
246,google_sycamore,Random_5,4,PyZX,10,16,7,6,0.8478929521700976,0.0015002000145614147
246,google_sycamore,Random_5,4,TKET,7,17,1,0,0.9218962745134723,0.010940199950709939
246,google_sycamore,Random_5,4,BQSKit,7,17,1,0,0.9218962745134723,0.014182499959133565
246,google_sycamore,Random_5,4,Cirq-native,10,16,7,6,0.8478929521700976,0.0017089999746531248
246,google_sycamore,Random_5,4,QADE,7,11,5,4,0.8765407270230996,0.021359300008043647
246,google_sycamore,Random_5,4,QADE + PyZX,7,12,7,2,0.8863933178654347,0.018024799996055663
246,google_sycamore,Random_5,4,QADE + Knowledge Graph,10,16,7,6,0.8478929521700976,0.0008776999311521649
246,google_sycamore,Random_5,4,QADE + Evolution + PyZX,10,15,7,6,0.8487416938639616,0.04643910005688667
247,google_sycamore,Random_6,4,Qiskit,9,18,1,0,0.920974378238959,0.008416399941779673
247,google_sycamore,Random_6,4,PyZX,10,16,7,6,0.8478929521700976,0.001245400053448975
247,google_sycamore,Random_6,4,TKET,7,17,1,0,0.9218962745134723,0.00952219997998327
247,google_sycamore,Random_6,4,BQSKit,9,18,1,0,0.920974378238959,0.012515800073742867
247,google_sycamore,Random_6,4,Cirq-native,10,16,7,6,0.8478929521700976,0.001411300036124885
247,google_sycamore,Random_6,4,QADE,4,6,5,0,0.9172591644505296,0.03767570003401488
247,google_sycamore,Random_6,4,QADE + PyZX,3,5,3,1,0.9162722546413418,0.015760700101964176
247,google_sycamore,Random_6,4,QADE + Knowledge Graph,10,16,7,6,0.8478929521700976,0.0007307999767363071
247,google_sycamore,Random_6,4,QADE + Evolution + PyZX,6,13,4,4,0.8783052598871061,0.04138969990890473
248,google_sycamore,Random_7,4,Qiskit,7,17,1,0,0.9218962745134723,0.008285799995064735
248,google_sycamore,Random_7,4,PyZX,10,16,7,6,0.8478929521700976,0.0008212999673560262
248,google_sycamore,Random_7,4,TKET,9,18,1,0,0.920974378238959,0.013323800056241453
248,google_sycamore,Random_7,4,BQSKit,9,18,1,0,0.920974378238959,0.013527899980545044
248,google_sycamore,Random_7,4,Cirq-native,10,16,7,6,0.8478929521700976,0.0011881999671459198
248,google_sycamore,Random_7,4,QADE,1,1,0,0,0.940538669251599,0.016472000046633184
248,google_sycamore,Random_7,4,QADE + PyZX,6,6,5,0,0.9172591644505296,0.026093600085005164
248,google_sycamore,Random_7,4,QADE + Knowledge Graph,10,16,7,6,0.8478929521700976,0.001614999957382679
248,google_sycamore,Random_7,4,QADE + Evolution + PyZX,8,15,5,4,0.873039819854083,0.051852700067684054
249,google_sycamore,Random_8,4,Qiskit,9,18,1,0,0.920974378238959,0.009485799935646355
249,google_sycamore,Random_8,4,PyZX,10,16,7,6,0.8478929521700976,0.0014950999757274985
249,google_sycamore,Random_8,4,TKET,9,18,1,0,0.920974378238959,0.016130900010466576
249,google_sycamore,Random_8,4,BQSKit,9,18,1,0,0.920974378238959,0.017157199908979237
249,google_sycamore,Random_8,4,Cirq-native,10,16,7,6,0.8478929521700976,0.001267199986614287
249,google_sycamore,Random_8,4,QADE,2,4,0,0,0.9377198739193133,0.02192500000819564
249,google_sycamore,Random_8,4,QADE + PyZX,6,12,3,1,0.9098775585387212,0.030218000058084726
249,google_sycamore,Random_8,4,QADE + Knowledge Graph,10,16,7,6,0.8478929521700976,0.0023223001044243574
249,google_sycamore,Random_8,4,QADE + Evolution + PyZX,9,15,6,5,0.8608050275838554,0.06622689997311682
250,google_sycamore,Random_9,4,Qiskit,7,17,1,0,0.9218962745134723,0.011953699984587729
250,google_sycamore,Random_9,4,PyZX,10,16,7,6,0.8478929521700976,0.0014973999932408333
250,google_sycamore,Random_9,4,TKET,9,18,1,0,0.920974378238959,0.015134899993427098
250,google_sycamore,Random_9,4,BQSKit,7,17,1,0,0.9218962745134723,0.01616430003196001
250,google_sycamore,Random_9,4,Cirq-native,10,16,7,6,0.8478929521700976,0.0013338999124243855
250,google_sycamore,Random_9,4,QADE,4,6,5,0,0.9172591644505296,0.020051099942065775
250,google_sycamore,Random_9,4,QADE + PyZX,12,21,15,4,0.8336867652375027,0.02863499999511987
250,google_sycamore,Random_9,4,QADE + Knowledge Graph,10,16,7,6,0.8478929521700976,0.000839599990285933
250,google_sycamore,Random_9,4,QADE + Evolution + PyZX,9,15,6,5,0.8608050275838554,0.040491500054486096
