path,sources,disposition,rationale
adversarial_feature_report.json,generated,REVIEW,Not enough confidence for automated disposition.
artifacts/autonomous_session.json,generated,ARCHIVE,Generated evidence or historical result; move only with manifest and compatibility path if referenced.
artifacts/discovery_report.md,generated,ARCHIVE,Generated evidence or historical result; move only with manifest and compatibility path if referenced.
artifacts/experiments.db,generated,ARCHIVE,Generated evidence or historical result; move only with manifest and compatibility path if referenced.
artifacts/qg_discovery_report.md,generated,ARCHIVE,Generated evidence or historical result; move only with manifest and compatibility path if referenced.
artifacts/qg_geometric_audit.json,generated,ARCHIVE,Generated evidence or historical result; move only with manifest and compatibility path if referenced.
artifacts/robustness_report.md,generated,ARCHIVE,Generated evidence or historical result; move only with manifest and compatibility path if referenced.
artifacts/robustness_results.csv,generated,ARCHIVE,Generated evidence or historical result; move only with manifest and compatibility path if referenced.
artifacts/sota_report.md,generated,ARCHIVE,Generated evidence or historical result; move only with manifest and compatibility path if referenced.
artifacts/sota_results.csv,duplicate|generated,ARCHIVE,Generated evidence or historical result; move only with manifest and compatibility path if referenced.
artifacts/sota_summary.csv,generated,ARCHIVE,Generated evidence or historical result; move only with manifest and compatibility path if referenced.
bayesian_theory_report.json,generated,REVIEW,Not enough confidence for automated disposition.
benchmarks/reports/CALIBRATION_AWARE_REPORT.md,generated,KEEP,"Evidence, public report, benchmark result, or active verification baseline."
benchmarks/reports/COMMERCIAL_POSITION_FINAL.md,generated,KEEP,"Evidence, public report, benchmark result, or active verification baseline."
benchmarks/reports/COMPILER_COMPARISON_REPORT.md,generated,KEEP,"Evidence, public report, benchmark result, or active verification baseline."
benchmarks/reports/EVOLUTION_ABLATION_REPORT.md,generated,KEEP,"Evidence, public report, benchmark result, or active verification baseline."
benchmarks/reports/investor_executive_summary.md,duplicate|generated,KEEP,"Evidence, public report, benchmark result, or active verification baseline."
benchmarks/reports/PHASE3_HARDWARE_AWARE_REPORT.md,duplicate|generated,KEEP,"Evidence, public report, benchmark result, or active verification baseline."
benchmarks/reports/PHASE3_INVESTOR_SUMMARY.md,duplicate|generated,KEEP,"Evidence, public report, benchmark result, or active verification baseline."
benchmarks/reports/PHASE4_COMMERCIAL_POSITIONING.md,duplicate|generated,KEEP,"Evidence, public report, benchmark result, or active verification baseline."
benchmarks/reports/PHASE4_COMPETITIVE_ADVANTAGE_REPORT.md,duplicate|generated,KEEP,"Evidence, public report, benchmark result, or active verification baseline."
benchmarks/reports/PHASE4_INVESTOR_SUMMARY.md,duplicate|generated,KEEP,"Evidence, public report, benchmark result, or active verification baseline."
benchmarks/reports/PHASE5_INVESTOR_SUMMARY.md,duplicate|generated,KEEP,"Evidence, public report, benchmark result, or active verification baseline."
benchmarks/reports/PHASE5_IP_REPORT.md,duplicate|generated,KEEP,"Evidence, public report, benchmark result, or active verification baseline."
benchmarks/reports/PHASE6_COMPETITIVE_MOAT_REPORT.md,duplicate|generated,KEEP,"Evidence, public report, benchmark result, or active verification baseline."
benchmarks/reports/PHASE6_ECONOMIC_IMPACT_REPORT.md,duplicate|generated,KEEP,"Evidence, public report, benchmark result, or active verification baseline."
benchmarks/reports/PHASE6_INVESTOR_SUMMARY.md,duplicate|generated,KEEP,"Evidence, public report, benchmark result, or active verification baseline."
benchmarks/reports/PHASE6_IP_VALUATION_REPORT.md,duplicate|generated,KEEP,"Evidence, public report, benchmark result, or active verification baseline."
benchmarks/reports/PHASE6_LICENSING_MODEL.md,duplicate|generated,KEEP,"Evidence, public report, benchmark result, or active verification baseline."
benchmarks/reports/PHASE6_RISK_ANALYSIS.md,duplicate|generated,KEEP,"Evidence, public report, benchmark result, or active verification baseline."
benchmarks/reports/PHASE7_COMPETITIVE_GAP_REPORT.md,duplicate|generated,KEEP,"Evidence, public report, benchmark result, or active verification baseline."
benchmarks/reports/PHASE7_ECONOMIC_MOAT_REPORT.md,duplicate|generated,KEEP,"Evidence, public report, benchmark result, or active verification baseline."
benchmarks/reports/PHASE7_EXECUTIVE_SUMMARY.md,duplicate|generated,KEEP,"Evidence, public report, benchmark result, or active verification baseline."
benchmarks/reports/PHASE7_INVESTOR_POSITIONING.md,duplicate|generated,KEEP,"Evidence, public report, benchmark result, or active verification baseline."
benchmarks/reports/PHASE7_KNOWLEDGE_FLYWHEEL_REPORT.md,duplicate|generated,KEEP,"Evidence, public report, benchmark result, or active verification baseline."
benchmarks/reports/PHASE7_NETWORK_EFFECT_REPORT.md,duplicate|generated,KEEP,"Evidence, public report, benchmark result, or active verification baseline."
benchmarks/reports/PHASE7_PLATFORM_ANALYSIS.md,duplicate|generated,KEEP,"Evidence, public report, benchmark result, or active verification baseline."
benchmarks/reports/PLACEMENT_ABLATION_REPORT.md,generated,KEEP,"Evidence, public report, benchmark result, or active verification baseline."
benchmarks/reports/REPRODUCIBILITY_GUIDE.md,generated,KEEP,"Evidence, public report, benchmark result, or active verification baseline."
benchmarks/reports/ROUTING_COMPARISON_REPORT.md,generated,KEEP,"Evidence, public report, benchmark result, or active verification baseline."
benchmarks/reports/SCALING_REPORT.md,generated,KEEP,"Evidence, public report, benchmark result, or active verification baseline."
benchmarks/results/COMPILER_COMPARISON.csv,generated,KEEP,"Evidence, public report, benchmark result, or active verification baseline."
benchmarks/results/COMPLETE_PHASE3_RESULTS.csv,duplicate|generated,KEEP,"Evidence, public report, benchmark result, or active verification baseline."
benchmarks/results/PHASE3_HARDWARE_AWARE_RESULTS.csv,duplicate|generated,KEEP,"Evidence, public report, benchmark result, or active verification baseline."
benchmarks/results/PHASE3_ROUTING_PLACEMENT_ABLATION.csv,generated,KEEP,"Evidence, public report, benchmark result, or active verification baseline."
benchmarks/results/PHASE4_CATEGORY_SUMMARY.csv,generated,KEEP,"Evidence, public report, benchmark result, or active verification baseline."
benchmarks/results/PHASE4_FAMILY_SUMMARY.csv,generated,KEEP,"Evidence, public report, benchmark result, or active verification baseline."
benchmarks/results/PHASE4_WORKLOAD_ANALYSIS.csv,duplicate|generated,KEEP,"Evidence, public report, benchmark result, or active verification baseline."
benchmarks/results/PHASE5_GENERALIZATION_RESULTS.csv,duplicate|generated,KEEP,"Evidence, public report, benchmark result, or active verification baseline."
benchmarks/results/PHASE5_MOTIF_DATABASE.csv,duplicate|generated,KEEP,"Evidence, public report, benchmark result, or active verification baseline."
benchmarks/results/PHASE5_MOTIF_DATABASE.json,duplicate|generated,KEEP,"Evidence, public report, benchmark result, or active verification baseline."
benchmarks/results/PHASE5_TOP_MOTIFS.csv,duplicate|generated,KEEP,"Evidence, public report, benchmark result, or active verification baseline."
benchmarks/results/PHASE6_IP_PORTFOLIO_VALUE.csv,duplicate|generated,KEEP,"Evidence, public report, benchmark result, or active verification baseline."
benchmarks/results/PHASE6_MOTIF_ECONOMICS.csv,duplicate|generated,KEEP,"Evidence, public report, benchmark result, or active verification baseline."
benchmarks/results/PHASE6_WORKLOAD_ECONOMICS.csv,duplicate|generated,KEEP,"Evidence, public report, benchmark result, or active verification baseline."
benchmarks/results/PHASE7_COMPETITIVE_GAP.csv,duplicate|generated,KEEP,"Evidence, public report, benchmark result, or active verification baseline."
benchmarks/results/PHASE7_KNOWLEDGE_GROWTH.csv,duplicate|generated,KEEP,"Evidence, public report, benchmark result, or active verification baseline."
benchmarks/results/PHASE7_MOAT_SCORES.csv,duplicate|generated,KEEP,"Evidence, public report, benchmark result, or active verification baseline."
benchmarks/results/PHASE7_NETWORK_EFFECT.csv,duplicate|generated,KEEP,"Evidence, public report, benchmark result, or active verification baseline."
benchmarks/results/QADE_MOTIF_DATABASE.csv,duplicate|generated,KEEP,"Evidence, public report, benchmark result, or active verification baseline."
benchmarks/results/QADE_MOTIF_DATABASE.json,duplicate|generated,KEEP,"Evidence, public report, benchmark result, or active verification baseline."
benchmarks/run_all_benchmarks.py,duplicate,REVIEW,Not enough confidence for automated disposition.
blind_validation_report.json,generated,REVIEW,Not enough confidence for automated disposition.
cad_thermal_network.json,duplicate,REVIEW,Not enough confidence for automated disposition.
calibration_audit_report.json,generated,REVIEW,Not enough confidence for automated disposition.
consistency_audit_report.json,generated,REVIEW,Not enough confidence for automated disposition.
counterfactual_scaffold_report.json,generated,REVIEW,Not enough confidence for automated disposition.
cross_domain_discovery_report.json,generated,REVIEW,Not enough confidence for automated disposition.
cross_simulator_report.json,generated,REVIEW,Not enough confidence for automated disposition.
dashboard/.gitignore,duplicate,REVIEW,Not enough confidence for automated disposition.
dashboard/.next/app-path-routes-manifest.json,generated|stale,DELETE_CANDIDATE,Generated/cache/build output; safe only after owner review and regeneration path confirmation.
dashboard/.next/BUILD_ID,generated|stale,DELETE_CANDIDATE,Generated/cache/build output; safe only after owner review and regeneration path confirmation.
dashboard/.next/build-manifest.json,generated|stale,DELETE_CANDIDATE,Generated/cache/build output; safe only after owner review and regeneration path confirmation.
dashboard/.next/build/chunks/[root-of-the-server]__0d-m0h0._.js,duplicate|generated|stale,DELETE_CANDIDATE,Generated/cache/build output; safe only after owner review and regeneration path confirmation.
dashboard/.next/build/chunks/[root-of-the-server]__0d-m0h0._.js.map,duplicate|generated|stale,DELETE_CANDIDATE,Generated/cache/build output; safe only after owner review and regeneration path confirmation.
dashboard/.next/build/chunks/[root-of-the-server]__0ubbtyl._.js,generated|stale,DELETE_CANDIDATE,Generated/cache/build output; safe only after owner review and regeneration path confirmation.
dashboard/.next/build/chunks/[root-of-the-server]__0ubbtyl._.js.map,generated|stale,DELETE_CANDIDATE,Generated/cache/build output; safe only after owner review and regeneration path confirmation.
dashboard/.next/build/chunks/[turbopack-node]_transforms_postcss_ts_06e.r3r._.js,duplicate|generated|stale,DELETE_CANDIDATE,Generated/cache/build output; safe only after owner review and regeneration path confirmation.
dashboard/.next/build/chunks/[turbopack-node]_transforms_postcss_ts_06e.r3r._.js.map,duplicate|generated|stale,DELETE_CANDIDATE,Generated/cache/build output; safe only after owner review and regeneration path confirmation.
dashboard/.next/build/chunks/[turbopack]_runtime.js,generated|stale,DELETE_CANDIDATE,Generated/cache/build output; safe only after owner review and regeneration path confirmation.
dashboard/.next/build/chunks/[turbopack]_runtime.js.map,generated|stale,DELETE_CANDIDATE,Generated/cache/build output; safe only after owner review and regeneration path confirmation.
dashboard/.next/build/chunks/node_modules_13sb.px._.js,generated|stale,DELETE_CANDIDATE,Generated/cache/build output; safe only after owner review and regeneration path confirmation.
dashboard/.next/build/chunks/node_modules_13sb.px._.js.map,generated|stale,DELETE_CANDIDATE,Generated/cache/build output; safe only after owner review and regeneration path confirmation.
dashboard/.next/build/package.json,duplicate|generated|stale,DELETE_CANDIDATE,Generated/cache/build output; safe only after owner review and regeneration path confirmation.
dashboard/.next/build/postcss.js,duplicate|generated|stale,DELETE_CANDIDATE,Generated/cache/build output; safe only after owner review and regeneration path confirmation.
dashboard/.next/build/postcss.js.map,duplicate|generated|stale,DELETE_CANDIDATE,Generated/cache/build output; safe only after owner review and regeneration path confirmation.
dashboard/.next/cache/.previewinfo,generated|stale,DELETE_CANDIDATE,Generated/cache/build output; safe only after owner review and regeneration path confirmation.
dashboard/.next/cache/.rscinfo,generated|stale,DELETE_CANDIDATE,Generated/cache/build output; safe only after owner review and regeneration path confirmation.
dashboard/.next/cache/.tsbuildinfo,generated|stale,DELETE_CANDIDATE,Generated/cache/build output; safe only after owner review and regeneration path confirmation.
dashboard/.next/dev/build-manifest.json,generated|stale,DELETE_CANDIDATE,Generated/cache/build output; safe only after owner review and regeneration path confirmation.
dashboard/.next/dev/build/chunks/[root-of-the-server]__0d-m0h0._.js,duplicate|generated|stale,DELETE_CANDIDATE,Generated/cache/build output; safe only after owner review and regeneration path confirmation.
dashboard/.next/dev/build/chunks/[root-of-the-server]__0d-m0h0._.js.map,duplicate|generated|stale,DELETE_CANDIDATE,Generated/cache/build output; safe only after owner review and regeneration path confirmation.
dashboard/.next/dev/build/chunks/[root-of-the-server]__0ubbtyl._.js,generated|stale,DELETE_CANDIDATE,Generated/cache/build output; safe only after owner review and regeneration path confirmation.
dashboard/.next/dev/build/chunks/[root-of-the-server]__0ubbtyl._.js.map,generated|stale,DELETE_CANDIDATE,Generated/cache/build output; safe only after owner review and regeneration path confirmation.
dashboard/.next/dev/build/chunks/[turbopack-node]_transforms_postcss_ts_06e.r3r._.js,duplicate|generated|stale,DELETE_CANDIDATE,Generated/cache/build output; safe only after owner review and regeneration path confirmation.
dashboard/.next/dev/build/chunks/[turbopack-node]_transforms_postcss_ts_06e.r3r._.js.map,duplicate|generated|stale,DELETE_CANDIDATE,Generated/cache/build output; safe only after owner review and regeneration path confirmation.
dashboard/.next/dev/build/chunks/[turbopack]_runtime.js,generated|stale,DELETE_CANDIDATE,Generated/cache/build output; safe only after owner review and regeneration path confirmation.
dashboard/.next/dev/build/chunks/[turbopack]_runtime.js.map,generated|stale,DELETE_CANDIDATE,Generated/cache/build output; safe only after owner review and regeneration path confirmation.
dashboard/.next/dev/build/chunks/node_modules_13sb.px._.js,generated|stale,DELETE_CANDIDATE,Generated/cache/build output; safe only after owner review and regeneration path confirmation.
dashboard/.next/dev/build/chunks/node_modules_13sb.px._.js.map,generated|stale,DELETE_CANDIDATE,Generated/cache/build output; safe only after owner review and regeneration path confirmation.
dashboard/.next/dev/build/package.json,duplicate|generated|stale,DELETE_CANDIDATE,Generated/cache/build output; safe only after owner review and regeneration path confirmation.
dashboard/.next/dev/build/postcss.js,duplicate|generated|stale,DELETE_CANDIDATE,Generated/cache/build output; safe only after owner review and regeneration path confirmation.
dashboard/.next/dev/build/postcss.js.map,duplicate|generated|stale,DELETE_CANDIDATE,Generated/cache/build output; safe only after owner review and regeneration path confirmation.
dashboard/.next/dev/cache/.rscinfo,generated|stale,DELETE_CANDIDATE,Generated/cache/build output; safe only after owner review and regeneration path confirmation.
dashboard/.next/dev/cache/next-devtools-config.json,duplicate|generated|stale,DELETE_CANDIDATE,Generated/cache/build output; safe only after owner review and regeneration path confirmation.
dashboard/.next/dev/cache/turbopack/ee6e79b1/00000001.sst,generated|stale,DELETE_CANDIDATE,Generated/cache/build output; safe only after owner review and regeneration path confirmation.
dashboard/.next/dev/cache/turbopack/ee6e79b1/00000002.sst,generated|stale,DELETE_CANDIDATE,Generated/cache/build output; safe only after owner review and regeneration path confirmation.
dashboard/.next/dev/cache/turbopack/ee6e79b1/00000003.sst,generated|stale,DELETE_CANDIDATE,Generated/cache/build output; safe only after owner review and regeneration path confirmation.
dashboard/.next/dev/cache/turbopack/ee6e79b1/00000004.sst,generated|stale,DELETE_CANDIDATE,Generated/cache/build output; safe only after owner review and regeneration path confirmation.
dashboard/.next/dev/cache/turbopack/ee6e79b1/00000005.meta,generated|stale,DELETE_CANDIDATE,Generated/cache/build output; safe only after owner review and regeneration path confirmation.
dashboard/.next/dev/cache/turbopack/ee6e79b1/00000006.meta,generated|stale,DELETE_CANDIDATE,Generated/cache/build output; safe only after owner review and regeneration path confirmation.
dashboard/.next/dev/cache/turbopack/ee6e79b1/00000007.meta,generated|stale,DELETE_CANDIDATE,Generated/cache/build output; safe only after owner review and regeneration path confirmation.
dashboard/.next/dev/cache/turbopack/ee6e79b1/00000008.meta,generated|stale,DELETE_CANDIDATE,Generated/cache/build output; safe only after owner review and regeneration path confirmation.
dashboard/.next/dev/cache/turbopack/ee6e79b1/00000009.sst,generated|stale,DELETE_CANDIDATE,Generated/cache/build output; safe only after owner review and regeneration path confirmation.
dashboard/.next/dev/cache/turbopack/ee6e79b1/00000010.sst,generated|stale,DELETE_CANDIDATE,Generated/cache/build output; safe only after owner review and regeneration path confirmation.
dashboard/.next/dev/cache/turbopack/ee6e79b1/00000011.sst,generated|stale,DELETE_CANDIDATE,Generated/cache/build output; safe only after owner review and regeneration path confirmation.
dashboard/.next/dev/cache/turbopack/ee6e79b1/00000012.sst,generated|stale,DELETE_CANDIDATE,Generated/cache/build output; safe only after owner review and regeneration path confirmation.
dashboard/.next/dev/cache/turbopack/ee6e79b1/00000013.sst,generated|stale,DELETE_CANDIDATE,Generated/cache/build output; safe only after owner review and regeneration path confirmation.
dashboard/.next/dev/cache/turbopack/ee6e79b1/00000014.sst,generated|stale,DELETE_CANDIDATE,Generated/cache/build output; safe only after owner review and regeneration path confirmation.
dashboard/.next/dev/cache/turbopack/ee6e79b1/00000015.sst,generated|stale,DELETE_CANDIDATE,Generated/cache/build output; safe only after owner review and regeneration path confirmation.
dashboard/.next/dev/cache/turbopack/ee6e79b1/00000016.meta,generated|stale,DELETE_CANDIDATE,Generated/cache/build output; safe only after owner review and regeneration path confirmation.
dashboard/.next/dev/cache/turbopack/ee6e79b1/00000017.meta,generated|stale,DELETE_CANDIDATE,Generated/cache/build output; safe only after owner review and regeneration path confirmation.
dashboard/.next/dev/cache/turbopack/ee6e79b1/00000018.meta,generated|stale,DELETE_CANDIDATE,Generated/cache/build output; safe only after owner review and regeneration path confirmation.
dashboard/.next/dev/cache/turbopack/ee6e79b1/00000019.meta,generated|stale,DELETE_CANDIDATE,Generated/cache/build output; safe only after owner review and regeneration path confirmation.
dashboard/.next/dev/cache/turbopack/ee6e79b1/CURRENT,generated|stale,DELETE_CANDIDATE,Generated/cache/build output; safe only after owner review and regeneration path confirmation.
dashboard/.next/dev/cache/turbopack/ee6e79b1/LOG,generated|stale,DELETE_CANDIDATE,Generated/cache/build output; safe only after owner review and regeneration path confirmation.
dashboard/.next/dev/fallback-build-manifest.json,generated|stale,DELETE_CANDIDATE,Generated/cache/build output; safe only after owner review and regeneration path confirmation.
dashboard/.next/dev/logs/next-development.log,generated|stale,DELETE_CANDIDATE,Generated/cache/build output; safe only after owner review and regeneration path confirmation.
dashboard/.next/dev/package.json,generated|stale,DELETE_CANDIDATE,Generated/cache/build output; safe only after owner review and regeneration path confirmation.
dashboard/.next/dev/prerender-manifest.json,generated|stale,DELETE_CANDIDATE,Generated/cache/build output; safe only after owner review and regeneration path confirmation.
dashboard/.next/dev/routes-manifest.json,generated|stale,DELETE_CANDIDATE,Generated/cache/build output; safe only after owner review and regeneration path confirmation.
dashboard/.next/dev/server/app-paths-manifest.json,duplicate|generated|stale,DELETE_CANDIDATE,Generated/cache/build output; safe only after owner review and regeneration path confirmation.
dashboard/.next/dev/server/app/[lang]/satellite/page_client-reference-manifest.js,generated|stale,DELETE_CANDIDATE,Generated/cache/build output; safe only after owner review and regeneration path confirmation.
dashboard/.next/dev/server/app/[lang]/satellite/page.js,generated|stale,DELETE_CANDIDATE,Generated/cache/build output; safe only after owner review and regeneration path confirmation.
dashboard/.next/dev/server/app/[lang]/satellite/page.js.map,duplicate|generated|stale,DELETE_CANDIDATE,Generated/cache/build output; safe only after owner review and regeneration path confirmation.
dashboard/.next/dev/server/app/[lang]/satellite/page/app-paths-manifest.json,duplicate|generated|stale,DELETE_CANDIDATE,Generated/cache/build output; safe only after owner review and regeneration path confirmation.
dashboard/.next/dev/server/app/[lang]/satellite/page/build-manifest.json,generated|stale,DELETE_CANDIDATE,Generated/cache/build output; safe only after owner review and regeneration path confirmation.
dashboard/.next/dev/server/app/[lang]/satellite/page/next-font-manifest.json,duplicate|generated|stale,DELETE_CANDIDATE,Generated/cache/build output; safe only after owner review and regeneration path confirmation.
dashboard/.next/dev/server/app/[lang]/satellite/page/react-loadable-manifest.json,duplicate|generated|stale,DELETE_CANDIDATE,Generated/cache/build output; safe only after owner review and regeneration path confirmation.
dashboard/.next/dev/server/app/[lang]/satellite/page/server-reference-manifest.json,duplicate|generated|stale,DELETE_CANDIDATE,Generated/cache/build output; safe only after owner review and regeneration path confirmation.
dashboard/.next/dev/server/chunks/ssr/_0l0i7jy._.js,generated|stale,DELETE_CANDIDATE,Generated/cache/build output; safe only after owner review and regeneration path confirmation.
dashboard/.next/dev/server/chunks/ssr/_0l0i7jy._.js.map,generated|stale,DELETE_CANDIDATE,Generated/cache/build output; safe only after owner review and regeneration path confirmation.
dashboard/.next/dev/server/chunks/ssr/_next-internal_server_app_[lang]_satellite_page_actions_0vdejvu.js,generated|stale,DELETE_CANDIDATE,Generated/cache/build output; safe only after owner review and regeneration path confirmation.
dashboard/.next/dev/server/chunks/ssr/_next-internal_server_app_[lang]_satellite_page_actions_0vdejvu.js.map,generated|stale,DELETE_CANDIDATE,Generated/cache/build output; safe only after owner review and regeneration path confirmation.
dashboard/.next/dev/server/chunks/ssr/[externals]__0n13xf4._.js,generated|stale,DELETE_CANDIDATE,Generated/cache/build output; safe only after owner review and regeneration path confirmation.
dashboard/.next/dev/server/chunks/ssr/[externals]__0n13xf4._.js.map,duplicate|generated|stale,DELETE_CANDIDATE,Generated/cache/build output; safe only after owner review and regeneration path confirmation.
dashboard/.next/dev/server/chunks/ssr/[externals]_next_dist_0yew8f-._.js,generated|stale,DELETE_CANDIDATE,Generated/cache/build output; safe only after owner review and regeneration path confirmation.
dashboard/.next/dev/server/chunks/ssr/[externals]_next_dist_0yew8f-._.js.map,duplicate|generated|stale,DELETE_CANDIDATE,Generated/cache/build output; safe only after owner review and regeneration path confirmation.
dashboard/.next/dev/server/chunks/ssr/[root-of-the-server]__06jreay._.js,generated|stale,DELETE_CANDIDATE,Generated/cache/build output; safe only after owner review and regeneration path confirmation.
dashboard/.next/dev/server/chunks/ssr/[root-of-the-server]__06jreay._.js.map,generated|stale,DELETE_CANDIDATE,Generated/cache/build output; safe only after owner review and regeneration path confirmation.
dashboard/.next/dev/server/chunks/ssr/[root-of-the-server]__0j5dduv._.js,generated|stale,DELETE_CANDIDATE,Generated/cache/build output; safe only after owner review and regeneration path confirmation.
dashboard/.next/dev/server/chunks/ssr/[root-of-the-server]__0j5dduv._.js.map,generated|stale,DELETE_CANDIDATE,Generated/cache/build output; safe only after owner review and regeneration path confirmation.
dashboard/.next/dev/server/chunks/ssr/[turbopack]_runtime.js,generated|stale,DELETE_CANDIDATE,Generated/cache/build output; safe only after owner review and regeneration path confirmation.
dashboard/.next/dev/server/chunks/ssr/[turbopack]_runtime.js.map,generated|stale,DELETE_CANDIDATE,Generated/cache/build output; safe only after owner review and regeneration path confirmation.
dashboard/.next/dev/server/chunks/ssr/node_modules_0_kga3_._.js,generated|stale,DELETE_CANDIDATE,Generated/cache/build output; safe only after owner review and regeneration path confirmation.
dashboard/.next/dev/server/chunks/ssr/node_modules_0_kga3_._.js.map,generated|stale,DELETE_CANDIDATE,Generated/cache/build output; safe only after owner review and regeneration path confirmation.
dashboard/.next/dev/server/chunks/ssr/node_modules_09w7yel._.js,generated|stale,DELETE_CANDIDATE,Generated/cache/build output; safe only after owner review and regeneration path confirmation.
dashboard/.next/dev/server/chunks/ssr/node_modules_09w7yel._.js.map,generated|stale,DELETE_CANDIDATE,Generated/cache/build output; safe only after owner review and regeneration path confirmation.
dashboard/.next/dev/server/chunks/ssr/node_modules_0elhrjp._.js,generated|stale,DELETE_CANDIDATE,Generated/cache/build output; safe only after owner review and regeneration path confirmation.
dashboard/.next/dev/server/chunks/ssr/node_modules_0elhrjp._.js.map,generated|stale,DELETE_CANDIDATE,Generated/cache/build output; safe only after owner review and regeneration path confirmation.
dashboard/.next/dev/server/chunks/ssr/node_modules_0uq1~sk._.js,generated|stale,DELETE_CANDIDATE,Generated/cache/build output; safe only after owner review and regeneration path confirmation.
dashboard/.next/dev/server/chunks/ssr/node_modules_0uq1~sk._.js.map,generated|stale,DELETE_CANDIDATE,Generated/cache/build output; safe only after owner review and regeneration path confirmation.
dashboard/.next/dev/server/chunks/ssr/node_modules_framer-motion_dist_es_0zo-5a2._.js,generated|stale,DELETE_CANDIDATE,Generated/cache/build output; safe only after owner review and regeneration path confirmation.
dashboard/.next/dev/server/chunks/ssr/node_modules_framer-motion_dist_es_0zo-5a2._.js.map,generated|stale,DELETE_CANDIDATE,Generated/cache/build output; safe only after owner review and regeneration path confirmation.
dashboard/.next/dev/server/chunks/ssr/node_modules_motion-dom_dist_es_07wn477._.js,generated|stale,DELETE_CANDIDATE,Generated/cache/build output; safe only after owner review and regeneration path confirmation.
dashboard/.next/dev/server/chunks/ssr/node_modules_motion-dom_dist_es_07wn477._.js.map,generated|stale,DELETE_CANDIDATE,Generated/cache/build output; safe only after owner review and regeneration path confirmation.
dashboard/.next/dev/server/chunks/ssr/node_modules_next_09_q75t._.js,generated|stale,DELETE_CANDIDATE,Generated/cache/build output; safe only after owner review and regeneration path confirmation.
dashboard/.next/dev/server/chunks/ssr/node_modules_next_09_q75t._.js.map,generated|stale,DELETE_CANDIDATE,Generated/cache/build output; safe only after owner review and regeneration path confirmation.
dashboard/.next/dev/server/chunks/ssr/node_modules_next_dist_0yh1sr3._.js,generated|stale,DELETE_CANDIDATE,Generated/cache/build output; safe only after owner review and regeneration path confirmation.
dashboard/.next/dev/server/chunks/ssr/node_modules_next_dist_0yh1sr3._.js.map,generated|stale,DELETE_CANDIDATE,Generated/cache/build output; safe only after owner review and regeneration path confirmation.
dashboard/.next/dev/server/chunks/ssr/node_modules_next_dist_client_components_0inhx6q._.js,generated|stale,DELETE_CANDIDATE,Generated/cache/build output; safe only after owner review and regeneration path confirmation.
dashboard/.next/dev/server/chunks/ssr/node_modules_next_dist_client_components_0inhx6q._.js.map,generated|stale,DELETE_CANDIDATE,Generated/cache/build output; safe only after owner review and regeneration path confirmation.
dashboard/.next/dev/server/chunks/ssr/node_modules_next_dist_client_components_builtin_forbidden_0ghu-f7.js,generated|stale,DELETE_CANDIDATE,Generated/cache/build output; safe only after owner review and regeneration path confirmation.
dashboard/.next/dev/server/chunks/ssr/node_modules_next_dist_client_components_builtin_forbidden_0ghu-f7.js.map,generated|stale,DELETE_CANDIDATE,Generated/cache/build output; safe only after owner review and regeneration path confirmation.
dashboard/.next/dev/server/chunks/ssr/node_modules_next_dist_client_components_builtin_global-error_0lgvd_..js,generated|stale,DELETE_CANDIDATE,Generated/cache/build output; safe only after owner review and regeneration path confirmation.
dashboard/.next/dev/server/chunks/ssr/node_modules_next_dist_client_components_builtin_global-error_0lgvd_..js.map,generated|stale,DELETE_CANDIDATE,Generated/cache/build output; safe only after owner review and regeneration path confirmation.
dashboard/.next/dev/server/chunks/ssr/node_modules_next_dist_client_components_builtin_unauthorized_0cjv-23.js,generated|stale,DELETE_CANDIDATE,Generated/cache/build output; safe only after owner review and regeneration path confirmation.
dashboard/.next/dev/server/chunks/ssr/node_modules_next_dist_client_components_builtin_unauthorized_0cjv-23.js.map,generated|stale,DELETE_CANDIDATE,Generated/cache/build output; safe only after owner review and regeneration path confirmation.
dashboard/.next/dev/server/chunks/ssr/node_modules_next_dist_compiled_07ho8ku._.js,generated|stale,DELETE_CANDIDATE,Generated/cache/build output; safe only after owner review and regeneration path confirmation.
dashboard/.next/dev/server/chunks/ssr/node_modules_next_dist_compiled_07ho8ku._.js.map,generated|stale,DELETE_CANDIDATE,Generated/cache/build output; safe only after owner review and regeneration path confirmation.
dashboard/.next/dev/server/chunks/ssr/node_modules_next_dist_esm_0gybpgt._.js,generated|stale,DELETE_CANDIDATE,Generated/cache/build output; safe only after owner review and regeneration path confirmation.
dashboard/.next/dev/server/chunks/ssr/node_modules_next_dist_esm_0gybpgt._.js.map,generated|stale,DELETE_CANDIDATE,Generated/cache/build output; safe only after owner review and regeneration path confirmation.
dashboard/.next/dev/server/chunks/ssr/node_modules_next_dist_server_route-modules_app-page_0f6k0sl._.js,generated|stale,DELETE_CANDIDATE,Generated/cache/build output; safe only after owner review and regeneration path confirmation.
dashboard/.next/dev/server/chunks/ssr/node_modules_next_dist_server_route-modules_app-page_0f6k0sl._.js.map,generated|stale,DELETE_CANDIDATE,Generated/cache/build output; safe only after owner review and regeneration path confirmation.
dashboard/.next/dev/server/chunks/ssr/node_modules_recharts_es6_0tlc6yv._.js,generated|stale,DELETE_CANDIDATE,Generated/cache/build output; safe only after owner review and regeneration path confirmation.
dashboard/.next/dev/server/chunks/ssr/node_modules_recharts_es6_0tlc6yv._.js.map,generated|stale,DELETE_CANDIDATE,Generated/cache/build output; safe only after owner review and regeneration path confirmation.
dashboard/.next/dev/server/chunks/ssr/node_modules_recharts_es6_cartesian_034y2kl._.js,generated|stale,DELETE_CANDIDATE,Generated/cache/build output; safe only after owner review and regeneration path confirmation.
dashboard/.next/dev/server/chunks/ssr/node_modules_recharts_es6_cartesian_034y2kl._.js.map,generated|stale,DELETE_CANDIDATE,Generated/cache/build output; safe only after owner review and regeneration path confirmation.
dashboard/.next/dev/server/chunks/ssr/node_modules_recharts_es6_component_00bzutr._.js,generated|stale,DELETE_CANDIDATE,Generated/cache/build output; safe only after owner review and regeneration path confirmation.
dashboard/.next/dev/server/chunks/ssr/node_modules_recharts_es6_component_00bzutr._.js.map,generated|stale,DELETE_CANDIDATE,Generated/cache/build output; safe only after owner review and regeneration path confirmation.
dashboard/.next/dev/server/chunks/ssr/node_modules_recharts_es6_state_0qnno4n._.js,generated|stale,DELETE_CANDIDATE,Generated/cache/build output; safe only after owner review and regeneration path confirmation.
dashboard/.next/dev/server/chunks/ssr/node_modules_recharts_es6_state_0qnno4n._.js.map,generated|stale,DELETE_CANDIDATE,Generated/cache/build output; safe only after owner review and regeneration path confirmation.
dashboard/.next/dev/server/chunks/ssr/node_modules_recharts_es6_util_0.-x9yf._.js,generated|stale,DELETE_CANDIDATE,Generated/cache/build output; safe only after owner review and regeneration path confirmation.
dashboard/.next/dev/server/chunks/ssr/node_modules_recharts_es6_util_0.-x9yf._.js.map,generated|stale,DELETE_CANDIDATE,Generated/cache/build output; safe only after owner review and regeneration path confirmation.
dashboard/.next/dev/server/chunks/ssr/node_modules_tailwind-merge_dist_bundle-mjs_mjs_01.58mi._.js,generated|stale,DELETE_CANDIDATE,Generated/cache/build output; safe only after owner review and regeneration path confirmation.
dashboard/.next/dev/server/chunks/ssr/node_modules_tailwind-merge_dist_bundle-mjs_mjs_01.58mi._.js.map,generated|stale,DELETE_CANDIDATE,Generated/cache/build output; safe only after owner review and regeneration path confirmation.
dashboard/.next/dev/server/chunks/ssr/src_0e6bx6~._.js,generated|stale,DELETE_CANDIDATE,Generated/cache/build output; safe only after owner review and regeneration path confirmation.
dashboard/.next/dev/server/chunks/ssr/src_0e6bx6~._.js.map,generated|stale,DELETE_CANDIDATE,Generated/cache/build output; safe only after owner review and regeneration path confirmation.
dashboard/.next/dev/server/chunks/ssr/src_0k50kpq._.js,generated|stale,DELETE_CANDIDATE,Generated/cache/build output; safe only after owner review and regeneration path confirmation.
dashboard/.next/dev/server/chunks/ssr/src_0k50kpq._.js.map,generated|stale,DELETE_CANDIDATE,Generated/cache/build output; safe only after owner review and regeneration path confirmation.
dashboard/.next/dev/server/interception-route-rewrite-manifest.js,duplicate|generated|stale,DELETE_CANDIDATE,Generated/cache/build output; safe only after owner review and regeneration path confirmation.
dashboard/.next/dev/server/middleware-build-manifest.js,generated|stale,DELETE_CANDIDATE,Generated/cache/build output; safe only after owner review and regeneration path confirmation.
dashboard/.next/dev/server/middleware-manifest.json,duplicate|generated|stale,DELETE_CANDIDATE,Generated/cache/build output; safe only after owner review and regeneration path confirmation.
dashboard/.next/dev/server/next-font-manifest.js,generated|stale,DELETE_CANDIDATE,Generated/cache/build output; safe only after owner review and regeneration path confirmation.
dashboard/.next/dev/server/next-font-manifest.json,generated|stale,DELETE_CANDIDATE,Generated/cache/build output; safe only after owner review and regeneration path confirmation.
dashboard/.next/dev/server/pages-manifest.json,duplicate|generated|stale,DELETE_CANDIDATE,Generated/cache/build output; safe only after owner review and regeneration path confirmation.
dashboard/.next/dev/server/server-reference-manifest.js,generated|stale,DELETE_CANDIDATE,Generated/cache/build output; safe only after owner review and regeneration path confirmation.
dashboard/.next/dev/server/server-reference-manifest.json,generated|stale,DELETE_CANDIDATE,Generated/cache/build output; safe only after owner review and regeneration path confirmation.
dashboard/.next/dev/static/chunks/_0p44nws._.js.map,generated|stale,DELETE_CANDIDATE,Generated/cache/build output; safe only after owner review and regeneration path confirmation.
dashboard/.next/dev/static/chunks/_0rqeker._.js,generated|stale,DELETE_CANDIDATE,Generated/cache/build output; safe only after owner review and regeneration path confirmation.
dashboard/.next/dev/static/chunks/[next]_internal_font_google_inter_c15e96cb_module_css_0w3-wzy._.single.css,generated|stale,DELETE_CANDIDATE,Generated/cache/build output; safe only after owner review and regeneration path confirmation.
dashboard/.next/dev/static/chunks/[next]_internal_font_google_inter_c15e96cb_module_css_0w3-wzy._.single.css.map,generated|stale,DELETE_CANDIDATE,Generated/cache/build output; safe only after owner review and regeneration path confirmation.
dashboard/.next/dev/static/chunks/[root-of-the-server]__0bt.fam._.css,generated|stale,DELETE_CANDIDATE,Generated/cache/build output; safe only after owner review and regeneration path confirmation.
dashboard/.next/dev/static/chunks/[root-of-the-server]__0bt.fam._.css.map,generated|stale,DELETE_CANDIDATE,Generated/cache/build output; safe only after owner review and regeneration path confirmation.
dashboard/.next/dev/static/chunks/[turbopack]_browser_dev_hmr-client_hmr-client_ts_0yjw1oe._.js,generated|stale,DELETE_CANDIDATE,Generated/cache/build output; safe only after owner review and regeneration path confirmation.
dashboard/.next/dev/static/chunks/[turbopack]_browser_dev_hmr-client_hmr-client_ts_0yjw1oe._.js.map,generated|stale,DELETE_CANDIDATE,Generated/cache/build output; safe only after owner review and regeneration path confirmation.
dashboard/.next/dev/static/chunks/[turbopack]_browser_dev_hmr-client_hmr-client_ts_10mygs7._.js,generated|stale,DELETE_CANDIDATE,Generated/cache/build output; safe only after owner review and regeneration path confirmation.
dashboard/.next/dev/static/chunks/[turbopack]_browser_dev_hmr-client_hmr-client_ts_10z625~._.js,generated|stale,DELETE_CANDIDATE,Generated/cache/build output; safe only after owner review and regeneration path confirmation.
dashboard/.next/dev/static/chunks/[turbopack]_browser_dev_hmr-client_hmr-client_ts_10z625~._.js.map,duplicate|generated|stale,DELETE_CANDIDATE,Generated/cache/build output; safe only after owner review and regeneration path confirmation.
dashboard/.next/dev/static/chunks/node_modules_@swc_helpers_cjs_0-4ujiy._.js,generated|stale,DELETE_CANDIDATE,Generated/cache/build output; safe only after owner review and regeneration path confirmation.
dashboard/.next/dev/static/chunks/node_modules_@swc_helpers_cjs_0-4ujiy._.js.map,generated|stale,DELETE_CANDIDATE,Generated/cache/build output; safe only after owner review and regeneration path confirmation.
dashboard/.next/dev/static/chunks/node_modules_042r824._.js,generated|stale,DELETE_CANDIDATE,Generated/cache/build output; safe only after owner review and regeneration path confirmation.
dashboard/.next/dev/static/chunks/node_modules_042r824._.js.map,generated|stale,DELETE_CANDIDATE,Generated/cache/build output; safe only after owner review and regeneration path confirmation.
dashboard/.next/dev/static/chunks/node_modules_13rrv~w._.js,generated|stale,DELETE_CANDIDATE,Generated/cache/build output; safe only after owner review and regeneration path confirmation.
dashboard/.next/dev/static/chunks/node_modules_13rrv~w._.js.map,generated|stale,DELETE_CANDIDATE,Generated/cache/build output; safe only after owner review and regeneration path confirmation.
dashboard/.next/dev/static/chunks/node_modules_katex_dist_katex_min_css_0w3-wzy._.single.css,generated|stale,DELETE_CANDIDATE,Generated/cache/build output; safe only after owner review and regeneration path confirmation.
dashboard/.next/dev/static/chunks/node_modules_katex_dist_katex_min_css_0w3-wzy._.single.css.map,generated|stale,DELETE_CANDIDATE,Generated/cache/build output; safe only after owner review and regeneration path confirmation.
dashboard/.next/dev/static/chunks/node_modules_next_dist_0tt2wve._.js,generated|stale,DELETE_CANDIDATE,Generated/cache/build output; safe only after owner review and regeneration path confirmation.
dashboard/.next/dev/static/chunks/node_modules_next_dist_0tt2wve._.js.map,generated|stale,DELETE_CANDIDATE,Generated/cache/build output; safe only after owner review and regeneration path confirmation.
dashboard/.next/dev/static/chunks/node_modules_next_dist_115brz8._.js,generated|stale,DELETE_CANDIDATE,Generated/cache/build output; safe only after owner review and regeneration path confirmation.
dashboard/.next/dev/static/chunks/node_modules_next_dist_115brz8._.js.map,generated|stale,DELETE_CANDIDATE,Generated/cache/build output; safe only after owner review and regeneration path confirmation.
dashboard/.next/dev/static/chunks/node_modules_next_dist_build_polyfills_polyfill-nomodule.js,duplicate|generated|stale,DELETE_CANDIDATE,Generated/cache/build output; safe only after owner review and regeneration path confirmation.
dashboard/.next/dev/static/chunks/node_modules_next_dist_build_polyfills_polyfill-nomodule.js.map,generated|stale,DELETE_CANDIDATE,Generated/cache/build output; safe only after owner review and regeneration path confirmation.
dashboard/.next/dev/static/chunks/node_modules_next_dist_client_0fhqo1d._.js,generated|stale,DELETE_CANDIDATE,Generated/cache/build output; safe only after owner review and regeneration path confirmation.
dashboard/.next/dev/static/chunks/node_modules_next_dist_client_0fhqo1d._.js.map,generated|stale,DELETE_CANDIDATE,Generated/cache/build output; safe only after owner review and regeneration path confirmation.
dashboard/.next/dev/static/chunks/node_modules_next_dist_client_components_builtin_global-error_0r.3k2f.js,generated|stale,DELETE_CANDIDATE,Generated/cache/build output; safe only after owner review and regeneration path confirmation.
dashboard/.next/dev/static/chunks/node_modules_next_dist_compiled_0rpq4pf._.js,generated|stale,DELETE_CANDIDATE,Generated/cache/build output; safe only after owner review and regeneration path confirmation.
dashboard/.next/dev/static/chunks/node_modules_next_dist_compiled_0rpq4pf._.js.map,generated|stale,DELETE_CANDIDATE,Generated/cache/build output; safe only after owner review and regeneration path confirmation.
dashboard/.next/dev/static/chunks/node_modules_next_dist_compiled_next-devtools_index_0553esy.js,generated|stale,DELETE_CANDIDATE,Generated/cache/build output; safe only after owner review and regeneration path confirmation.
dashboard/.next/dev/static/chunks/node_modules_next_dist_compiled_next-devtools_index_0553esy.js.map,generated|stale,DELETE_CANDIDATE,Generated/cache/build output; safe only after owner review and regeneration path confirmation.
dashboard/.next/dev/static/chunks/node_modules_next_dist_compiled_react-dom_058-ah~._.js,generated|stale,DELETE_CANDIDATE,Generated/cache/build output; safe only after owner review and regeneration path confirmation.
dashboard/.next/dev/static/chunks/node_modules_next_dist_compiled_react-dom_058-ah~._.js.map,generated|stale,DELETE_CANDIDATE,Generated/cache/build output; safe only after owner review and regeneration path confirmation.
dashboard/.next/dev/static/chunks/node_modules_next_dist_compiled_react-server-dom-turbopack_0p3wegg._.js,generated|stale,DELETE_CANDIDATE,Generated/cache/build output; safe only after owner review and regeneration path confirmation.
dashboard/.next/dev/static/chunks/node_modules_next_dist_compiled_react-server-dom-turbopack_0p3wegg._.js.map,generated|stale,DELETE_CANDIDATE,Generated/cache/build output; safe only after owner review and regeneration path confirmation.
dashboard/.next/dev/static/chunks/node_modules_recharts_es6_0.yy-if._.js,generated|stale,DELETE_CANDIDATE,Generated/cache/build output; safe only after owner review and regeneration path confirmation.
dashboard/.next/dev/static/chunks/node_modules_recharts_es6_0.yy-if._.js.map,generated|stale,DELETE_CANDIDATE,Generated/cache/build output; safe only after owner review and regeneration path confirmation.
dashboard/.next/dev/static/chunks/node_modules_recharts_es6_cartesian_0zwscvw._.js,generated|stale,DELETE_CANDIDATE,Generated/cache/build output; safe only after owner review and regeneration path confirmation.
dashboard/.next/dev/static/chunks/node_modules_recharts_es6_cartesian_0zwscvw._.js.map,generated|stale,DELETE_CANDIDATE,Generated/cache/build output; safe only after owner review and regeneration path confirmation.
dashboard/.next/dev/static/chunks/node_modules_recharts_es6_component_07ip~6p._.js,generated|stale,DELETE_CANDIDATE,Generated/cache/build output; safe only after owner review and regeneration path confirmation.
dashboard/.next/dev/static/chunks/node_modules_recharts_es6_component_07ip~6p._.js.map,generated|stale,DELETE_CANDIDATE,Generated/cache/build output; safe only after owner review and regeneration path confirmation.
dashboard/.next/dev/static/chunks/node_modules_recharts_es6_state_027zpuo._.js,generated|stale,DELETE_CANDIDATE,Generated/cache/build output; safe only after owner review and regeneration path confirmation.
dashboard/.next/dev/static/chunks/node_modules_recharts_es6_state_027zpuo._.js.map,generated|stale,DELETE_CANDIDATE,Generated/cache/build output; safe only after owner review and regeneration path confirmation.
dashboard/.next/dev/static/chunks/node_modules_recharts_es6_util_0ze3_c3._.js,generated|stale,DELETE_CANDIDATE,Generated/cache/build output; safe only after owner review and regeneration path confirmation.
dashboard/.next/dev/static/chunks/node_modules_recharts_es6_util_0ze3_c3._.js.map,generated|stale,DELETE_CANDIDATE,Generated/cache/build output; safe only after owner review and regeneration path confirmation.
dashboard/.next/dev/static/chunks/src_0hdc3fd._.js,generated|stale,DELETE_CANDIDATE,Generated/cache/build output; safe only after owner review and regeneration path confirmation.
dashboard/.next/dev/static/chunks/src_0hdc3fd._.js.map,generated|stale,DELETE_CANDIDATE,Generated/cache/build output; safe only after owner review and regeneration path confirmation.
dashboard/.next/dev/static/chunks/src_0whc-z6._.js,generated|stale,DELETE_CANDIDATE,Generated/cache/build output; safe only after owner review and regeneration path confirmation.
dashboard/.next/dev/static/chunks/src_0whc-z6._.js.map,generated|stale,DELETE_CANDIDATE,Generated/cache/build output; safe only after owner review and regeneration path confirmation.
dashboard/.next/dev/static/chunks/src_app_[lang]_layout_tsx_0r.3k2f._.js,generated|stale,DELETE_CANDIDATE,Generated/cache/build output; safe only after owner review and regeneration path confirmation.
dashboard/.next/dev/static/chunks/src_app_[lang]_satellite_page_tsx_0spznpf._.js,generated|stale,DELETE_CANDIDATE,Generated/cache/build output; safe only after owner review and regeneration path confirmation.
dashboard/.next/dev/static/chunks/src_app_globals_css_0w3-wzy._.single.css,generated|stale,DELETE_CANDIDATE,Generated/cache/build output; safe only after owner review and regeneration path confirmation.
dashboard/.next/dev/static/chunks/src_app_globals_css_0w3-wzy._.single.css.map,generated|stale,DELETE_CANDIDATE,Generated/cache/build output; safe only after owner review and regeneration path confirmation.
dashboard/.next/dev/static/chunks/src_app_layout_tsx_004glpo._.js,generated|stale,DELETE_CANDIDATE,Generated/cache/build output; safe only after owner review and regeneration path confirmation.
dashboard/.next/dev/static/chunks/turbopack-_0p44nws._.js,generated|stale,DELETE_CANDIDATE,Generated/cache/build output; safe only after owner review and regeneration path confirmation.
dashboard/.next/dev/static/development/_buildManifest.js,duplicate|generated|stale,DELETE_CANDIDATE,Generated/cache/build output; safe only after owner review and regeneration path confirmation.
dashboard/.next/dev/static/development/_clientMiddlewareManifest.js,duplicate|generated|stale,DELETE_CANDIDATE,Generated/cache/build output; safe only after owner review and regeneration path confirmation.
dashboard/.next/dev/static/development/_ssgManifest.js,generated|stale,DELETE_CANDIDATE,Generated/cache/build output; safe only after owner review and regeneration path confirmation.
dashboard/.next/dev/static/media/1bffadaabf893a1e-s.16ipb6fqu393i.woff2,duplicate|generated|stale,DELETE_CANDIDATE,Generated/cache/build output; safe only after owner review and regeneration path confirmation.
dashboard/.next/dev/static/media/2bbe8d2671613f1f-s.067x_6k0k23tk.woff2,duplicate|generated|stale,DELETE_CANDIDATE,Generated/cache/build output; safe only after owner review and regeneration path confirmation.
dashboard/.next/dev/static/media/2c55a0e60120577a-s.0bjc5tiuqdqro.woff2,duplicate|generated|stale,DELETE_CANDIDATE,Generated/cache/build output; safe only after owner review and regeneration path confirmation.
dashboard/.next/dev/static/media/5476f68d60460930-s.0wxq9webf.ew4.woff2,duplicate|generated|stale,DELETE_CANDIDATE,Generated/cache/build output; safe only after owner review and regeneration path confirmation.
dashboard/.next/dev/static/media/83afe278b6a6bb3c-s.p.0q-301v4kxxnr.woff2,duplicate|generated|stale,DELETE_CANDIDATE,Generated/cache/build output; safe only after owner review and regeneration path confirmation.
dashboard/.next/dev/static/media/9c72aa0f40e4eef8-s.0m6w47a4e5dy9.woff2,duplicate|generated|stale,DELETE_CANDIDATE,Generated/cache/build output; safe only after owner review and regeneration path confirmation.
dashboard/.next/dev/static/media/ad66f9afd8947f86-s.11u06r12fd6v_.woff2,duplicate|generated|stale,DELETE_CANDIDATE,Generated/cache/build output; safe only after owner review and regeneration path confirmation.
dashboard/.next/dev/static/media/favicon.0x3dzn~oxb6tn.ico,duplicate|generated|stale,DELETE_CANDIDATE,Generated/cache/build output; safe only after owner review and regeneration path confirmation.
dashboard/.next/dev/static/media/KaTeX_AMS-Regular.0b~8ki5y928w2.woff,duplicate|generated|stale,DELETE_CANDIDATE,Generated/cache/build output; safe only after owner review and regeneration path confirmation.
dashboard/.next/dev/static/media/KaTeX_AMS-Regular.0p1vbqd84i2~o.woff2,duplicate|generated|stale,DELETE_CANDIDATE,Generated/cache/build output; safe only after owner review and regeneration path confirmation.
dashboard/.next/dev/static/media/KaTeX_AMS-Regular.173t6ktr7uf-w.ttf,duplicate|generated|stale,DELETE_CANDIDATE,Generated/cache/build output; safe only after owner review and regeneration path confirmation.
dashboard/.next/dev/static/media/KaTeX_Caligraphic-Bold.01-pzluls4zgb.woff2,duplicate|generated|stale,DELETE_CANDIDATE,Generated/cache/build output; safe only after owner review and regeneration path confirmation.
dashboard/.next/dev/static/media/KaTeX_Caligraphic-Bold.0x2v1lwn~880f.woff,duplicate|generated|stale,DELETE_CANDIDATE,Generated/cache/build output; safe only after owner review and regeneration path confirmation.
dashboard/.next/dev/static/media/KaTeX_Caligraphic-Bold.16zv5fax0h0ka.ttf,duplicate|generated|stale,DELETE_CANDIDATE,Generated/cache/build output; safe only after owner review and regeneration path confirmation.
dashboard/.next/dev/static/media/KaTeX_Caligraphic-Regular.02i3z7wig438t.ttf,duplicate|generated|stale,DELETE_CANDIDATE,Generated/cache/build output; safe only after owner review and regeneration path confirmation.
dashboard/.next/dev/static/media/KaTeX_Caligraphic-Regular.0rysu1t-ncjq8.woff2,duplicate|generated|stale,DELETE_CANDIDATE,Generated/cache/build output; safe only after owner review and regeneration path confirmation.
dashboard/.next/dev/static/media/KaTeX_Caligraphic-Regular.10927swgekwun.woff,duplicate|generated|stale,DELETE_CANDIDATE,Generated/cache/build output; safe only after owner review and regeneration path confirmation.
dashboard/.next/dev/static/media/KaTeX_Fraktur-Bold.0e-16u10iuyyf.woff,duplicate|generated|stale,DELETE_CANDIDATE,Generated/cache/build output; safe only after owner review and regeneration path confirmation.
dashboard/.next/dev/static/media/KaTeX_Fraktur-Bold.0et27v~3~4uhe.ttf,duplicate|generated|stale,DELETE_CANDIDATE,Generated/cache/build output; safe only after owner review and regeneration path confirmation.
dashboard/.next/dev/static/media/KaTeX_Fraktur-Bold.0w23i72~hprpq.woff2,duplicate|generated|stale,DELETE_CANDIDATE,Generated/cache/build output; safe only after owner review and regeneration path confirmation.
dashboard/.next/dev/static/media/KaTeX_Fraktur-Regular.0b.riegzdfue2.woff,duplicate|generated|stale,DELETE_CANDIDATE,Generated/cache/build output; safe only after owner review and regeneration path confirmation.
dashboard/.next/dev/static/media/KaTeX_Fraktur-Regular.0rekyoa-52fj_.woff2,duplicate|generated|stale,DELETE_CANDIDATE,Generated/cache/build output; safe only after owner review and regeneration path confirmation.
dashboard/.next/dev/static/media/KaTeX_Fraktur-Regular.0vjwa15znhk~4.ttf,duplicate|generated|stale,DELETE_CANDIDATE,Generated/cache/build output; safe only after owner review and regeneration path confirmation.
dashboard/.next/dev/static/media/KaTeX_Main-Bold.09i7~607shf-h.ttf,duplicate|generated|stale,DELETE_CANDIDATE,Generated/cache/build output; safe only after owner review and regeneration path confirmation.
dashboard/.next/dev/static/media/KaTeX_Main-Bold.09lmynrorhcbw.woff,duplicate|generated|stale,DELETE_CANDIDATE,Generated/cache/build output; safe only after owner review and regeneration path confirmation.
dashboard/.next/dev/static/media/KaTeX_Main-Bold.16pfc63_du6mx.woff2,duplicate|generated|stale,DELETE_CANDIDATE,Generated/cache/build output; safe only after owner review and regeneration path confirmation.
dashboard/.next/dev/static/media/KaTeX_Main-BoldItalic.0cp37g7x1q8h6.woff,duplicate|generated|stale,DELETE_CANDIDATE,Generated/cache/build output; safe only after owner review and regeneration path confirmation.
dashboard/.next/dev/static/media/KaTeX_Main-BoldItalic.0d54rk08rx11s.woff2,duplicate|generated|stale,DELETE_CANDIDATE,Generated/cache/build output; safe only after owner review and regeneration path confirmation.
dashboard/.next/dev/static/media/KaTeX_Main-BoldItalic.15j6k~hix2t_0.ttf,duplicate|generated|stale,DELETE_CANDIDATE,Generated/cache/build output; safe only after owner review and regeneration path confirmation.
dashboard/.next/dev/static/media/KaTeX_Main-Italic.0382gqciexmbu.woff,duplicate|generated|stale,DELETE_CANDIDATE,Generated/cache/build output; safe only after owner review and regeneration path confirmation.
dashboard/.next/dev/static/media/KaTeX_Main-Italic.06o5nq0_91v60.woff2,duplicate|generated|stale,DELETE_CANDIDATE,Generated/cache/build output; safe only after owner review and regeneration path confirmation.
dashboard/.next/dev/static/media/KaTeX_Main-Italic.0su4i6mm18-wo.ttf,duplicate|generated|stale,DELETE_CANDIDATE,Generated/cache/build output; safe only after owner review and regeneration path confirmation.
dashboard/.next/dev/static/media/KaTeX_Main-Regular.08zh8z.7shijf.ttf,duplicate|generated|stale,DELETE_CANDIDATE,Generated/cache/build output; safe only after owner review and regeneration path confirmation.
dashboard/.next/dev/static/media/KaTeX_Main-Regular.0diheg01zyoph.woff,duplicate|generated|stale,DELETE_CANDIDATE,Generated/cache/build output; safe only after owner review and regeneration path confirmation.
dashboard/.next/dev/static/media/KaTeX_Main-Regular.0kaf-ag2_wkm-.woff2,duplicate|generated|stale,DELETE_CANDIDATE,Generated/cache/build output; safe only after owner review and regeneration path confirmation.
dashboard/.next/dev/static/media/KaTeX_Math-BoldItalic.0ajzxypnbx1h1.ttf,duplicate|generated|stale,DELETE_CANDIDATE,Generated/cache/build output; safe only after owner review and regeneration path confirmation.
dashboard/.next/dev/static/media/KaTeX_Math-BoldItalic.0ck1myuerwyqw.woff,duplicate|generated|stale,DELETE_CANDIDATE,Generated/cache/build output; safe only after owner review and regeneration path confirmation.
dashboard/.next/dev/static/media/KaTeX_Math-BoldItalic.0ja97dn.cpc87.woff2,duplicate|generated|stale,DELETE_CANDIDATE,Generated/cache/build output; safe only after owner review and regeneration path confirmation.
dashboard/.next/dev/static/media/KaTeX_Math-Italic.09xkhecjcn5r9.woff,duplicate|generated|stale,DELETE_CANDIDATE,Generated/cache/build output; safe only after owner review and regeneration path confirmation.
dashboard/.next/dev/static/media/KaTeX_Math-Italic.0x23a-bmp-5tg.ttf,duplicate|generated|stale,DELETE_CANDIDATE,Generated/cache/build output; safe only after owner review and regeneration path confirmation.
dashboard/.next/dev/static/media/KaTeX_Math-Italic.0zrha2c4sl2je.woff2,duplicate|generated|stale,DELETE_CANDIDATE,Generated/cache/build output; safe only after owner review and regeneration path confirmation.
dashboard/.next/dev/static/media/KaTeX_SansSerif-Bold.05a9.pc1j_zx9.woff2,duplicate|generated|stale,DELETE_CANDIDATE,Generated/cache/build output; safe only after owner review and regeneration path confirmation.
dashboard/.next/dev/static/media/KaTeX_SansSerif-Bold.0jcl-ayi1uun0.woff,duplicate|generated|stale,DELETE_CANDIDATE,Generated/cache/build output; safe only after owner review and regeneration path confirmation.
dashboard/.next/dev/static/media/KaTeX_SansSerif-Bold.0re8y.dm7.mt5.ttf,duplicate|generated|stale,DELETE_CANDIDATE,Generated/cache/build output; safe only after owner review and regeneration path confirmation.
dashboard/.next/dev/static/media/KaTeX_SansSerif-Italic.0a0234dc3s62j.woff2,duplicate|generated|stale,DELETE_CANDIDATE,Generated/cache/build output; safe only after owner review and regeneration path confirmation.
dashboard/.next/dev/static/media/KaTeX_SansSerif-Italic.0judofdln9731.woff,duplicate|generated|stale,DELETE_CANDIDATE,Generated/cache/build output; safe only after owner review and regeneration path confirmation.
dashboard/.next/dev/static/media/KaTeX_SansSerif-Italic.10z1iap9pfus8.ttf,duplicate|generated|stale,DELETE_CANDIDATE,Generated/cache/build output; safe only after owner review and regeneration path confirmation.
dashboard/.next/dev/static/media/KaTeX_SansSerif-Regular.0h9yjlugq4q_e.woff,duplicate|generated|stale,DELETE_CANDIDATE,Generated/cache/build output; safe only after owner review and regeneration path confirmation.
dashboard/.next/dev/static/media/KaTeX_SansSerif-Regular.0v6gcj32-czft.woff2,duplicate|generated|stale,DELETE_CANDIDATE,Generated/cache/build output; safe only after owner review and regeneration path confirmation.
dashboard/.next/dev/static/media/KaTeX_SansSerif-Regular.0zm18kga42ebc.ttf,duplicate|generated|stale,DELETE_CANDIDATE,Generated/cache/build output; safe only after owner review and regeneration path confirmation.
dashboard/.next/dev/static/media/KaTeX_Script-Regular.0c4.h-mer83d_.woff2,duplicate|generated|stale,DELETE_CANDIDATE,Generated/cache/build output; safe only after owner review and regeneration path confirmation.
dashboard/.next/dev/static/media/KaTeX_Script-Regular.0q14y6zkzlpob.ttf,duplicate|generated|stale,DELETE_CANDIDATE,Generated/cache/build output; safe only after owner review and regeneration path confirmation.
dashboard/.next/dev/static/media/KaTeX_Script-Regular.0ze6v4r_-99oy.woff,duplicate|generated|stale,DELETE_CANDIDATE,Generated/cache/build output; safe only after owner review and regeneration path confirmation.
dashboard/.next/dev/static/media/KaTeX_Size1-Regular.013x6a4ierotp.woff2,duplicate|generated|stale,DELETE_CANDIDATE,Generated/cache/build output; safe only after owner review and regeneration path confirmation.
dashboard/.next/dev/static/media/KaTeX_Size1-Regular.0kidw0oi.m68o.woff,duplicate|generated|stale,DELETE_CANDIDATE,Generated/cache/build output; safe only after owner review and regeneration path confirmation.
dashboard/.next/dev/static/media/KaTeX_Size1-Regular.0m6y-i6wfokni.ttf,duplicate|generated|stale,DELETE_CANDIDATE,Generated/cache/build output; safe only after owner review and regeneration path confirmation.
dashboard/.next/dev/static/media/KaTeX_Size2-Regular.0blpmluwilgbg.woff,duplicate|generated|stale,DELETE_CANDIDATE,Generated/cache/build output; safe only after owner review and regeneration path confirmation.
dashboard/.next/dev/static/media/KaTeX_Size2-Regular.0d5inmyp-tyv3.woff2,duplicate|generated|stale,DELETE_CANDIDATE,Generated/cache/build output; safe only after owner review and regeneration path confirmation.
dashboard/.next/dev/static/media/KaTeX_Size2-Regular.0wnhnvj-.k9d5.ttf,duplicate|generated|stale,DELETE_CANDIDATE,Generated/cache/build output; safe only after owner review and regeneration path confirmation.
dashboard/.next/dev/static/media/KaTeX_Size3-Regular.01h0xm_sfctj3.woff,duplicate|generated|stale,DELETE_CANDIDATE,Generated/cache/build output; safe only after owner review and regeneration path confirmation.
dashboard/.next/dev/static/media/KaTeX_Size3-Regular.0iukctyhw5j56.woff2,duplicate|generated|stale,DELETE_CANDIDATE,Generated/cache/build output; safe only after owner review and regeneration path confirmation.
dashboard/.next/dev/static/media/KaTeX_Size3-Regular.0jl8mqyf4gzpn.ttf,duplicate|generated|stale,DELETE_CANDIDATE,Generated/cache/build output; safe only after owner review and regeneration path confirmation.
dashboard/.next/dev/static/media/KaTeX_Size4-Regular.0w3.rb_c4stzk.woff2,duplicate|generated|stale,DELETE_CANDIDATE,Generated/cache/build output; safe only after owner review and regeneration path confirmation.
dashboard/.next/dev/static/media/KaTeX_Size4-Regular.0wr_9l81-mu06.ttf,duplicate|generated|stale,DELETE_CANDIDATE,Generated/cache/build output; safe only after owner review and regeneration path confirmation.
dashboard/.next/dev/static/media/KaTeX_Size4-Regular.12tvaesf3.zl3.woff,duplicate|generated|stale,DELETE_CANDIDATE,Generated/cache/build output; safe only after owner review and regeneration path confirmation.
dashboard/.next/dev/static/media/KaTeX_Typewriter-Regular.0c4zdxz~8frhm.woff2,duplicate|generated|stale,DELETE_CANDIDATE,Generated/cache/build output; safe only after owner review and regeneration path confirmation.
dashboard/.next/dev/static/media/KaTeX_Typewriter-Regular.0cgrzn5l3kao5.woff,duplicate|generated|stale,DELETE_CANDIDATE,Generated/cache/build output; safe only after owner review and regeneration path confirmation.
dashboard/.next/dev/static/media/KaTeX_Typewriter-Regular.128~qc3858otl.ttf,duplicate|generated|stale,DELETE_CANDIDATE,Generated/cache/build output; safe only after owner review and regeneration path confirmation.
dashboard/.next/dev/trace,generated|stale,DELETE_CANDIDATE,Generated/cache/build output; safe only after owner review and regeneration path confirmation.
dashboard/.next/dev/types/cache-life.d.ts,duplicate|generated|stale,DELETE_CANDIDATE,Generated/cache/build output; safe only after owner review and regeneration path confirmation.
dashboard/.next/dev/types/routes.d.ts,duplicate|generated|stale,DELETE_CANDIDATE,Generated/cache/build output; safe only after owner review and regeneration path confirmation.
dashboard/.next/dev/types/validator.ts,generated|stale,DELETE_CANDIDATE,Generated/cache/build output; safe only after owner review and regeneration path confirmation.
dashboard/.next/diagnostics/build-diagnostics.json,generated|stale,DELETE_CANDIDATE,Generated/cache/build output; safe only after owner review and regeneration path confirmation.
dashboard/.next/diagnostics/framework.json,generated|stale,DELETE_CANDIDATE,Generated/cache/build output; safe only after owner review and regeneration path confirmation.
dashboard/.next/diagnostics/route-bundle-stats.json,generated|stale,DELETE_CANDIDATE,Generated/cache/build output; safe only after owner review and regeneration path confirmation.
dashboard/.next/export-marker.json,generated|stale,DELETE_CANDIDATE,Generated/cache/build output; safe only after owner review and regeneration path confirmation.
dashboard/.next/fallback-build-manifest.json,generated|stale,DELETE_CANDIDATE,Generated/cache/build output; safe only after owner review and regeneration path confirmation.
dashboard/.next/images-manifest.json,generated|stale,DELETE_CANDIDATE,Generated/cache/build output; safe only after owner review and regeneration path confirmation.
dashboard/.next/next-minimal-server.js.nft.json,generated|stale,DELETE_CANDIDATE,Generated/cache/build output; safe only after owner review and regeneration path confirmation.
dashboard/.next/next-server.js.nft.json,generated|stale,DELETE_CANDIDATE,Generated/cache/build output; safe only after owner review and regeneration path confirmation.
dashboard/.next/package.json,duplicate|generated|stale,DELETE_CANDIDATE,Generated/cache/build output; safe only after owner review and regeneration path confirmation.
dashboard/.next/prerender-manifest.json,generated|stale,DELETE_CANDIDATE,Generated/cache/build output; safe only after owner review and regeneration path confirmation.
dashboard/.next/required-server-files.js,generated|stale,DELETE_CANDIDATE,Generated/cache/build output; safe only after owner review and regeneration path confirmation.
dashboard/.next/required-server-files.json,generated|stale,DELETE_CANDIDATE,Generated/cache/build output; safe only after owner review and regeneration path confirmation.
dashboard/.next/routes-manifest.json,generated|stale,DELETE_CANDIDATE,Generated/cache/build output; safe only after owner review and regeneration path confirmation.
dashboard/.next/server/app-paths-manifest.json,generated|stale,DELETE_CANDIDATE,Generated/cache/build output; safe only after owner review and regeneration path confirmation.
dashboard/.next/server/app/_global-error.html,duplicate|generated|stale,DELETE_CANDIDATE,Generated/cache/build output; safe only after owner review and regeneration path confirmation.
dashboard/.next/server/app/_global-error.meta,generated|stale,DELETE_CANDIDATE,Generated/cache/build output; safe only after owner review and regeneration path confirmation.
dashboard/.next/server/app/_global-error.rsc,duplicate|generated|stale,DELETE_CANDIDATE,Generated/cache/build output; safe only after owner review and regeneration path confirmation.
dashboard/.next/server/app/_global-error.segments/__PAGE__.segment.rsc,generated|stale,DELETE_CANDIDATE,Generated/cache/build output; safe only after owner review and regeneration path confirmation.
dashboard/.next/server/app/_global-error.segments/_full.segment.rsc,duplicate|generated|stale,DELETE_CANDIDATE,Generated/cache/build output; safe only after owner review and regeneration path confirmation.
dashboard/.next/server/app/_global-error.segments/_head.segment.rsc,generated|stale,DELETE_CANDIDATE,Generated/cache/build output; safe only after owner review and regeneration path confirmation.
dashboard/.next/server/app/_global-error.segments/_index.segment.rsc,duplicate|generated|stale,DELETE_CANDIDATE,Generated/cache/build output; safe only after owner review and regeneration path confirmation.
dashboard/.next/server/app/_global-error.segments/_tree.segment.rsc,generated|stale,DELETE_CANDIDATE,Generated/cache/build output; safe only after owner review and regeneration path confirmation.
dashboard/.next/server/app/_global-error/page_client-reference-manifest.js,generated|stale,DELETE_CANDIDATE,Generated/cache/build output; safe only after owner review and regeneration path confirmation.
dashboard/.next/server/app/_global-error/page.js,generated|stale,DELETE_CANDIDATE,Generated/cache/build output; safe only after owner review and regeneration path confirmation.
dashboard/.next/server/app/_global-error/page.js.map,duplicate|generated|stale,DELETE_CANDIDATE,Generated/cache/build output; safe only after owner review and regeneration path confirmation.
dashboard/.next/server/app/_global-error/page.js.nft.json,generated|stale,DELETE_CANDIDATE,Generated/cache/build output; safe only after owner review and regeneration path confirmation.
dashboard/.next/server/app/_global-error/page/app-paths-manifest.json,generated|stale,DELETE_CANDIDATE,Generated/cache/build output; safe only after owner review and regeneration path confirmation.
dashboard/.next/server/app/_global-error/page/build-manifest.json,duplicate|generated|stale,DELETE_CANDIDATE,Generated/cache/build output; safe only after owner review and regeneration path confirmation.
dashboard/.next/server/app/_global-error/page/next-font-manifest.json,generated|stale,DELETE_CANDIDATE,Generated/cache/build output; safe only after owner review and regeneration path confirmation.
dashboard/.next/server/app/_global-error/page/react-loadable-manifest.json,duplicate|generated|stale,DELETE_CANDIDATE,Generated/cache/build output; safe only after owner review and regeneration path confirmation.
dashboard/.next/server/app/_global-error/page/server-reference-manifest.json,duplicate|generated|stale,DELETE_CANDIDATE,Generated/cache/build output; safe only after owner review and regeneration path confirmation.
dashboard/.next/server/app/_not-found.html,duplicate|generated|stale,DELETE_CANDIDATE,Generated/cache/build output; safe only after owner review and regeneration path confirmation.
dashboard/.next/server/app/_not-found.meta,generated|stale,DELETE_CANDIDATE,Generated/cache/build output; safe only after owner review and regeneration path confirmation.
dashboard/.next/server/app/_not-found.rsc,duplicate|generated|stale,DELETE_CANDIDATE,Generated/cache/build output; safe only after owner review and regeneration path confirmation.
dashboard/.next/server/app/_not-found.segments/_full.segment.rsc,duplicate|generated|stale,DELETE_CANDIDATE,Generated/cache/build output; safe only after owner review and regeneration path confirmation.
dashboard/.next/server/app/_not-found.segments/_head.segment.rsc,generated|stale,DELETE_CANDIDATE,Generated/cache/build output; safe only after owner review and regeneration path confirmation.
dashboard/.next/server/app/_not-found.segments/_index.segment.rsc,duplicate|generated|stale,DELETE_CANDIDATE,Generated/cache/build output; safe only after owner review and regeneration path confirmation.
dashboard/.next/server/app/_not-found.segments/_not-found.segment.rsc,duplicate|generated|stale,DELETE_CANDIDATE,Generated/cache/build output; safe only after owner review and regeneration path confirmation.
dashboard/.next/server/app/_not-found.segments/_not-found/__PAGE__.segment.rsc,generated|stale,DELETE_CANDIDATE,Generated/cache/build output; safe only after owner review and regeneration path confirmation.
dashboard/.next/server/app/_not-found.segments/_tree.segment.rsc,generated|stale,DELETE_CANDIDATE,Generated/cache/build output; safe only after owner review and regeneration path confirmation.
dashboard/.next/server/app/_not-found/page_client-reference-manifest.js,generated|stale,DELETE_CANDIDATE,Generated/cache/build output; safe only after owner review and regeneration path confirmation.
dashboard/.next/server/app/_not-found/page.js,generated|stale,DELETE_CANDIDATE,Generated/cache/build output; safe only after owner review and regeneration path confirmation.
dashboard/.next/server/app/_not-found/page.js.map,duplicate|generated|stale,DELETE_CANDIDATE,Generated/cache/build output; safe only after owner review and regeneration path confirmation.
dashboard/.next/server/app/_not-found/page.js.nft.json,generated|stale,DELETE_CANDIDATE,Generated/cache/build output; safe only after owner review and regeneration path confirmation.
dashboard/.next/server/app/_not-found/page/app-paths-manifest.json,generated|stale,DELETE_CANDIDATE,Generated/cache/build output; safe only after owner review and regeneration path confirmation.
dashboard/.next/server/app/_not-found/page/build-manifest.json,duplicate|generated|stale,DELETE_CANDIDATE,Generated/cache/build output; safe only after owner review and regeneration path confirmation.
dashboard/.next/server/app/_not-found/page/next-font-manifest.json,generated|stale,DELETE_CANDIDATE,Generated/cache/build output; safe only after owner review and regeneration path confirmation.
dashboard/.next/server/app/_not-found/page/react-loadable-manifest.json,duplicate|generated|stale,DELETE_CANDIDATE,Generated/cache/build output; safe only after owner review and regeneration path confirmation.
dashboard/.next/server/app/_not-found/page/server-reference-manifest.json,duplicate|generated|stale,DELETE_CANDIDATE,Generated/cache/build output; safe only after owner review and regeneration path confirmation.
dashboard/.next/server/app/[lang]/compare/page_client-reference-manifest.js,generated|stale,DELETE_CANDIDATE,Generated/cache/build output; safe only after owner review and regeneration path confirmation.
dashboard/.next/server/app/[lang]/compare/page.js,generated|stale,DELETE_CANDIDATE,Generated/cache/build output; safe only after owner review and regeneration path confirmation.
dashboard/.next/server/app/[lang]/compare/page.js.map,duplicate|generated|stale,DELETE_CANDIDATE,Generated/cache/build output; safe only after owner review and regeneration path confirmation.
dashboard/.next/server/app/[lang]/compare/page.js.nft.json,generated|stale,DELETE_CANDIDATE,Generated/cache/build output; safe only after owner review and regeneration path confirmation.
dashboard/.next/server/app/[lang]/compare/page/app-paths-manifest.json,generated|stale,DELETE_CANDIDATE,Generated/cache/build output; safe only after owner review and regeneration path confirmation.
dashboard/.next/server/app/[lang]/compare/page/build-manifest.json,duplicate|generated|stale,DELETE_CANDIDATE,Generated/cache/build output; safe only after owner review and regeneration path confirmation.
dashboard/.next/server/app/[lang]/compare/page/next-font-manifest.json,generated|stale,DELETE_CANDIDATE,Generated/cache/build output; safe only after owner review and regeneration path confirmation.
dashboard/.next/server/app/[lang]/compare/page/react-loadable-manifest.json,duplicate|generated|stale,DELETE_CANDIDATE,Generated/cache/build output; safe only after owner review and regeneration path confirmation.
dashboard/.next/server/app/[lang]/compare/page/server-reference-manifest.json,duplicate|generated|stale,DELETE_CANDIDATE,Generated/cache/build output; safe only after owner review and regeneration path confirmation.
dashboard/.next/server/app/[lang]/dashboard/benchmark/page_client-reference-manifest.js,generated|stale,DELETE_CANDIDATE,Generated/cache/build output; safe only after owner review and regeneration path confirmation.
dashboard/.next/server/app/[lang]/dashboard/benchmark/page.js,generated|stale,DELETE_CANDIDATE,Generated/cache/build output; safe only after owner review and regeneration path confirmation.
dashboard/.next/server/app/[lang]/dashboard/benchmark/page.js.map,duplicate|generated|stale,DELETE_CANDIDATE,Generated/cache/build output; safe only after owner review and regeneration path confirmation.
dashboard/.next/server/app/[lang]/dashboard/benchmark/page.js.nft.json,generated|stale,DELETE_CANDIDATE,Generated/cache/build output; safe only after owner review and regeneration path confirmation.
dashboard/.next/server/app/[lang]/dashboard/benchmark/page/app-paths-manifest.json,generated|stale,DELETE_CANDIDATE,Generated/cache/build output; safe only after owner review and regeneration path confirmation.
dashboard/.next/server/app/[lang]/dashboard/benchmark/page/build-manifest.json,duplicate|generated|stale,DELETE_CANDIDATE,Generated/cache/build output; safe only after owner review and regeneration path confirmation.
dashboard/.next/server/app/[lang]/dashboard/benchmark/page/next-font-manifest.json,generated|stale,DELETE_CANDIDATE,Generated/cache/build output; safe only after owner review and regeneration path confirmation.
dashboard/.next/server/app/[lang]/dashboard/benchmark/page/react-loadable-manifest.json,generated|stale,DELETE_CANDIDATE,Generated/cache/build output; safe only after owner review and regeneration path confirmation.
dashboard/.next/server/app/[lang]/dashboard/benchmark/page/server-reference-manifest.json,duplicate|generated|stale,DELETE_CANDIDATE,Generated/cache/build output; safe only after owner review and regeneration path confirmation.
dashboard/.next/server/app/[lang]/dashboard/log/page_client-reference-manifest.js,generated|stale,DELETE_CANDIDATE,Generated/cache/build output; safe only after owner review and regeneration path confirmation.
dashboard/.next/server/app/[lang]/dashboard/log/page.js,generated|stale,DELETE_CANDIDATE,Generated/cache/build output; safe only after owner review and regeneration path confirmation.
dashboard/.next/server/app/[lang]/dashboard/log/page.js.map,duplicate|generated|stale,DELETE_CANDIDATE,Generated/cache/build output; safe only after owner review and regeneration path confirmation.
dashboard/.next/server/app/[lang]/dashboard/log/page.js.nft.json,generated|stale,DELETE_CANDIDATE,Generated/cache/build output; safe only after owner review and regeneration path confirmation.
dashboard/.next/server/app/[lang]/dashboard/log/page/app-paths-manifest.json,generated|stale,DELETE_CANDIDATE,Generated/cache/build output; safe only after owner review and regeneration path confirmation.
dashboard/.next/server/app/[lang]/dashboard/log/page/build-manifest.json,duplicate|generated|stale,DELETE_CANDIDATE,Generated/cache/build output; safe only after owner review and regeneration path confirmation.
dashboard/.next/server/app/[lang]/dashboard/log/page/next-font-manifest.json,generated|stale,DELETE_CANDIDATE,Generated/cache/build output; safe only after owner review and regeneration path confirmation.
dashboard/.next/server/app/[lang]/dashboard/log/page/react-loadable-manifest.json,duplicate|generated|stale,DELETE_CANDIDATE,Generated/cache/build output; safe only after owner review and regeneration path confirmation.
dashboard/.next/server/app/[lang]/dashboard/log/page/server-reference-manifest.json,duplicate|generated|stale,DELETE_CANDIDATE,Generated/cache/build output; safe only after owner review and regeneration path confirmation.
dashboard/.next/server/app/[lang]/dashboard/page_client-reference-manifest.js,generated|stale,DELETE_CANDIDATE,Generated/cache/build output; safe only after owner review and regeneration path confirmation.
dashboard/.next/server/app/[lang]/dashboard/page.js,generated|stale,DELETE_CANDIDATE,Generated/cache/build output; safe only after owner review and regeneration path confirmation.
dashboard/.next/server/app/[lang]/dashboard/page.js.map,duplicate|generated|stale,DELETE_CANDIDATE,Generated/cache/build output; safe only after owner review and regeneration path confirmation.
dashboard/.next/server/app/[lang]/dashboard/page.js.nft.json,generated|stale,DELETE_CANDIDATE,Generated/cache/build output; safe only after owner review and regeneration path confirmation.
dashboard/.next/server/app/[lang]/dashboard/page/app-paths-manifest.json,generated|stale,DELETE_CANDIDATE,Generated/cache/build output; safe only after owner review and regeneration path confirmation.
dashboard/.next/server/app/[lang]/dashboard/page/build-manifest.json,duplicate|generated|stale,DELETE_CANDIDATE,Generated/cache/build output; safe only after owner review and regeneration path confirmation.
dashboard/.next/server/app/[lang]/dashboard/page/next-font-manifest.json,generated|stale,DELETE_CANDIDATE,Generated/cache/build output; safe only after owner review and regeneration path confirmation.
dashboard/.next/server/app/[lang]/dashboard/page/react-loadable-manifest.json,duplicate|generated|stale,DELETE_CANDIDATE,Generated/cache/build output; safe only after owner review and regeneration path confirmation.
dashboard/.next/server/app/[lang]/dashboard/page/server-reference-manifest.json,duplicate|generated|stale,DELETE_CANDIDATE,Generated/cache/build output; safe only after owner review and regeneration path confirmation.
dashboard/.next/server/app/[lang]/dashboard/roadmap/page_client-reference-manifest.js,generated|stale,DELETE_CANDIDATE,Generated/cache/build output; safe only after owner review and regeneration path confirmation.
dashboard/.next/server/app/[lang]/dashboard/roadmap/page.js,generated|stale,DELETE_CANDIDATE,Generated/cache/build output; safe only after owner review and regeneration path confirmation.
dashboard/.next/server/app/[lang]/dashboard/roadmap/page.js.map,duplicate|generated|stale,DELETE_CANDIDATE,Generated/cache/build output; safe only after owner review and regeneration path confirmation.
dashboard/.next/server/app/[lang]/dashboard/roadmap/page.js.nft.json,generated|stale,DELETE_CANDIDATE,Generated/cache/build output; safe only after owner review and regeneration path confirmation.
dashboard/.next/server/app/[lang]/dashboard/roadmap/page/app-paths-manifest.json,generated|stale,DELETE_CANDIDATE,Generated/cache/build output; safe only after owner review and regeneration path confirmation.
dashboard/.next/server/app/[lang]/dashboard/roadmap/page/build-manifest.json,duplicate|generated|stale,DELETE_CANDIDATE,Generated/cache/build output; safe only after owner review and regeneration path confirmation.
dashboard/.next/server/app/[lang]/dashboard/roadmap/page/next-font-manifest.json,generated|stale,DELETE_CANDIDATE,Generated/cache/build output; safe only after owner review and regeneration path confirmation.
dashboard/.next/server/app/[lang]/dashboard/roadmap/page/react-loadable-manifest.json,duplicate|generated|stale,DELETE_CANDIDATE,Generated/cache/build output; safe only after owner review and regeneration path confirmation.
dashboard/.next/server/app/[lang]/dashboard/roadmap/page/server-reference-manifest.json,duplicate|generated|stale,DELETE_CANDIDATE,Generated/cache/build output; safe only after owner review and regeneration path confirmation.
dashboard/.next/server/app/[lang]/dashboard/scientific-log/page_client-reference-manifest.js,generated|stale,DELETE_CANDIDATE,Generated/cache/build output; safe only after owner review and regeneration path confirmation.
dashboard/.next/server/app/[lang]/dashboard/scientific-log/page.js,generated|stale,DELETE_CANDIDATE,Generated/cache/build output; safe only after owner review and regeneration path confirmation.
dashboard/.next/server/app/[lang]/dashboard/scientific-log/page.js.map,duplicate|generated|stale,DELETE_CANDIDATE,Generated/cache/build output; safe only after owner review and regeneration path confirmation.
dashboard/.next/server/app/[lang]/dashboard/scientific-log/page.js.nft.json,generated|stale,DELETE_CANDIDATE,Generated/cache/build output; safe only after owner review and regeneration path confirmation.
dashboard/.next/server/app/[lang]/dashboard/scientific-log/page/app-paths-manifest.json,generated|stale,DELETE_CANDIDATE,Generated/cache/build output; safe only after owner review and regeneration path confirmation.
dashboard/.next/server/app/[lang]/dashboard/scientific-log/page/build-manifest.json,duplicate|generated|stale,DELETE_CANDIDATE,Generated/cache/build output; safe only after owner review and regeneration path confirmation.
dashboard/.next/server/app/[lang]/dashboard/scientific-log/page/next-font-manifest.json,generated|stale,DELETE_CANDIDATE,Generated/cache/build output; safe only after owner review and regeneration path confirmation.
dashboard/.next/server/app/[lang]/dashboard/scientific-log/page/react-loadable-manifest.json,duplicate|generated|stale,DELETE_CANDIDATE,Generated/cache/build output; safe only after owner review and regeneration path confirmation.
dashboard/.next/server/app/[lang]/dashboard/scientific-log/page/server-reference-manifest.json,duplicate|generated|stale,DELETE_CANDIDATE,Generated/cache/build output; safe only after owner review and regeneration path confirmation.
dashboard/.next/server/app/[lang]/dashboard/timeline/page_client-reference-manifest.js,generated|stale,DELETE_CANDIDATE,Generated/cache/build output; safe only after owner review and regeneration path confirmation.
dashboard/.next/server/app/[lang]/dashboard/timeline/page.js,generated|stale,DELETE_CANDIDATE,Generated/cache/build output; safe only after owner review and regeneration path confirmation.
dashboard/.next/server/app/[lang]/dashboard/timeline/page.js.map,duplicate|generated|stale,DELETE_CANDIDATE,Generated/cache/build output; safe only after owner review and regeneration path confirmation.
dashboard/.next/server/app/[lang]/dashboard/timeline/page.js.nft.json,generated|stale,DELETE_CANDIDATE,Generated/cache/build output; safe only after owner review and regeneration path confirmation.
dashboard/.next/server/app/[lang]/dashboard/timeline/page/app-paths-manifest.json,generated|stale,DELETE_CANDIDATE,Generated/cache/build output; safe only after owner review and regeneration path confirmation.
dashboard/.next/server/app/[lang]/dashboard/timeline/page/build-manifest.json,duplicate|generated|stale,DELETE_CANDIDATE,Generated/cache/build output; safe only after owner review and regeneration path confirmation.
dashboard/.next/server/app/[lang]/dashboard/timeline/page/next-font-manifest.json,generated|stale,DELETE_CANDIDATE,Generated/cache/build output; safe only after owner review and regeneration path confirmation.
dashboard/.next/server/app/[lang]/dashboard/timeline/page/react-loadable-manifest.json,duplicate|generated|stale,DELETE_CANDIDATE,Generated/cache/build output; safe only after owner review and regeneration path confirmation.
dashboard/.next/server/app/[lang]/dashboard/timeline/page/server-reference-manifest.json,duplicate|generated|stale,DELETE_CANDIDATE,Generated/cache/build output; safe only after owner review and regeneration path confirmation.
dashboard/.next/server/app/[lang]/discoveries/page_client-reference-manifest.js,generated|stale,DELETE_CANDIDATE,Generated/cache/build output; safe only after owner review and regeneration path confirmation.
dashboard/.next/server/app/[lang]/discoveries/page.js,generated|stale,DELETE_CANDIDATE,Generated/cache/build output; safe only after owner review and regeneration path confirmation.
dashboard/.next/server/app/[lang]/discoveries/page.js.map,duplicate|generated|stale,DELETE_CANDIDATE,Generated/cache/build output; safe only after owner review and regeneration path confirmation.
dashboard/.next/server/app/[lang]/discoveries/page.js.nft.json,generated|stale,DELETE_CANDIDATE,Generated/cache/build output; safe only after owner review and regeneration path confirmation.
dashboard/.next/server/app/[lang]/discoveries/page/app-paths-manifest.json,generated|stale,DELETE_CANDIDATE,Generated/cache/build output; safe only after owner review and regeneration path confirmation.
dashboard/.next/server/app/[lang]/discoveries/page/build-manifest.json,duplicate|generated|stale,DELETE_CANDIDATE,Generated/cache/build output; safe only after owner review and regeneration path confirmation.
dashboard/.next/server/app/[lang]/discoveries/page/next-font-manifest.json,generated|stale,DELETE_CANDIDATE,Generated/cache/build output; safe only after owner review and regeneration path confirmation.
dashboard/.next/server/app/[lang]/discoveries/page/react-loadable-manifest.json,duplicate|generated|stale,DELETE_CANDIDATE,Generated/cache/build output; safe only after owner review and regeneration path confirmation.
dashboard/.next/server/app/[lang]/discoveries/page/server-reference-manifest.json,duplicate|generated|stale,DELETE_CANDIDATE,Generated/cache/build output; safe only after owner review and regeneration path confirmation.
dashboard/.next/server/app/[lang]/interactive/page_client-reference-manifest.js,generated|stale,DELETE_CANDIDATE,Generated/cache/build output; safe only after owner review and regeneration path confirmation.
dashboard/.next/server/app/[lang]/interactive/page.js,generated|stale,DELETE_CANDIDATE,Generated/cache/build output; safe only after owner review and regeneration path confirmation.
dashboard/.next/server/app/[lang]/interactive/page.js.map,duplicate|generated|stale,DELETE_CANDIDATE,Generated/cache/build output; safe only after owner review and regeneration path confirmation.
dashboard/.next/server/app/[lang]/interactive/page.js.nft.json,generated|stale,DELETE_CANDIDATE,Generated/cache/build output; safe only after owner review and regeneration path confirmation.
dashboard/.next/server/app/[lang]/interactive/page/app-paths-manifest.json,generated|stale,DELETE_CANDIDATE,Generated/cache/build output; safe only after owner review and regeneration path confirmation.
dashboard/.next/server/app/[lang]/interactive/page/build-manifest.json,duplicate|generated|stale,DELETE_CANDIDATE,Generated/cache/build output; safe only after owner review and regeneration path confirmation.
dashboard/.next/server/app/[lang]/interactive/page/next-font-manifest.json,generated|stale,DELETE_CANDIDATE,Generated/cache/build output; safe only after owner review and regeneration path confirmation.
dashboard/.next/server/app/[lang]/interactive/page/react-loadable-manifest.json,duplicate|generated|stale,DELETE_CANDIDATE,Generated/cache/build output; safe only after owner review and regeneration path confirmation.
dashboard/.next/server/app/[lang]/interactive/page/server-reference-manifest.json,duplicate|generated|stale,DELETE_CANDIDATE,Generated/cache/build output; safe only after owner review and regeneration path confirmation.
dashboard/.next/server/app/[lang]/learn/page_client-reference-manifest.js,generated|stale,DELETE_CANDIDATE,Generated/cache/build output; safe only after owner review and regeneration path confirmation.
dashboard/.next/server/app/[lang]/learn/page.js,generated|stale,DELETE_CANDIDATE,Generated/cache/build output; safe only after owner review and regeneration path confirmation.
dashboard/.next/server/app/[lang]/learn/page.js.map,duplicate|generated|stale,DELETE_CANDIDATE,Generated/cache/build output; safe only after owner review and regeneration path confirmation.
dashboard/.next/server/app/[lang]/learn/page.js.nft.json,generated|stale,DELETE_CANDIDATE,Generated/cache/build output; safe only after owner review and regeneration path confirmation.
dashboard/.next/server/app/[lang]/learn/page/app-paths-manifest.json,generated|stale,DELETE_CANDIDATE,Generated/cache/build output; safe only after owner review and regeneration path confirmation.
dashboard/.next/server/app/[lang]/learn/page/build-manifest.json,duplicate|generated|stale,DELETE_CANDIDATE,Generated/cache/build output; safe only after owner review and regeneration path confirmation.
dashboard/.next/server/app/[lang]/learn/page/next-font-manifest.json,generated|stale,DELETE_CANDIDATE,Generated/cache/build output; safe only after owner review and regeneration path confirmation.
dashboard/.next/server/app/[lang]/learn/page/react-loadable-manifest.json,duplicate|generated|stale,DELETE_CANDIDATE,Generated/cache/build output; safe only after owner review and regeneration path confirmation.
dashboard/.next/server/app/[lang]/learn/page/server-reference-manifest.json,duplicate|generated|stale,DELETE_CANDIDATE,Generated/cache/build output; safe only after owner review and regeneration path confirmation.
dashboard/.next/server/app/[lang]/mathematics/page_client-reference-manifest.js,generated|stale,DELETE_CANDIDATE,Generated/cache/build output; safe only after owner review and regeneration path confirmation.
dashboard/.next/server/app/[lang]/mathematics/page.js,generated|stale,DELETE_CANDIDATE,Generated/cache/build output; safe only after owner review and regeneration path confirmation.
dashboard/.next/server/app/[lang]/mathematics/page.js.map,duplicate|generated|stale,DELETE_CANDIDATE,Generated/cache/build output; safe only after owner review and regeneration path confirmation.
dashboard/.next/server/app/[lang]/mathematics/page.js.nft.json,generated|stale,DELETE_CANDIDATE,Generated/cache/build output; safe only after owner review and regeneration path confirmation.
dashboard/.next/server/app/[lang]/mathematics/page/app-paths-manifest.json,generated|stale,DELETE_CANDIDATE,Generated/cache/build output; safe only after owner review and regeneration path confirmation.
dashboard/.next/server/app/[lang]/mathematics/page/build-manifest.json,duplicate|generated|stale,DELETE_CANDIDATE,Generated/cache/build output; safe only after owner review and regeneration path confirmation.
dashboard/.next/server/app/[lang]/mathematics/page/next-font-manifest.json,generated|stale,DELETE_CANDIDATE,Generated/cache/build output; safe only after owner review and regeneration path confirmation.
dashboard/.next/server/app/[lang]/mathematics/page/react-loadable-manifest.json,duplicate|generated|stale,DELETE_CANDIDATE,Generated/cache/build output; safe only after owner review and regeneration path confirmation.
dashboard/.next/server/app/[lang]/mathematics/page/server-reference-manifest.json,duplicate|generated|stale,DELETE_CANDIDATE,Generated/cache/build output; safe only after owner review and regeneration path confirmation.
dashboard/.next/server/app/[lang]/physics/page_client-reference-manifest.js,generated|stale,DELETE_CANDIDATE,Generated/cache/build output; safe only after owner review and regeneration path confirmation.
dashboard/.next/server/app/[lang]/physics/page.js,generated|stale,DELETE_CANDIDATE,Generated/cache/build output; safe only after owner review and regeneration path confirmation.
dashboard/.next/server/app/[lang]/physics/page.js.map,duplicate|generated|stale,DELETE_CANDIDATE,Generated/cache/build output; safe only after owner review and regeneration path confirmation.
dashboard/.next/server/app/[lang]/physics/page.js.nft.json,generated|stale,DELETE_CANDIDATE,Generated/cache/build output; safe only after owner review and regeneration path confirmation.
dashboard/.next/server/app/[lang]/physics/page/app-paths-manifest.json,generated|stale,DELETE_CANDIDATE,Generated/cache/build output; safe only after owner review and regeneration path confirmation.
dashboard/.next/server/app/[lang]/physics/page/build-manifest.json,duplicate|generated|stale,DELETE_CANDIDATE,Generated/cache/build output; safe only after owner review and regeneration path confirmation.
dashboard/.next/server/app/[lang]/physics/page/next-font-manifest.json,generated|stale,DELETE_CANDIDATE,Generated/cache/build output; safe only after owner review and regeneration path confirmation.
dashboard/.next/server/app/[lang]/physics/page/react-loadable-manifest.json,duplicate|generated|stale,DELETE_CANDIDATE,Generated/cache/build output; safe only after owner review and regeneration path confirmation.
dashboard/.next/server/app/[lang]/physics/page/server-reference-manifest.json,duplicate|generated|stale,DELETE_CANDIDATE,Generated/cache/build output; safe only after owner review and regeneration path confirmation.
dashboard/.next/server/app/[lang]/quantum/page_client-reference-manifest.js,generated|stale,DELETE_CANDIDATE,Generated/cache/build output; safe only after owner review and regeneration path confirmation.
dashboard/.next/server/app/[lang]/quantum/page.js,generated|stale,DELETE_CANDIDATE,Generated/cache/build output; safe only after owner review and regeneration path confirmation.
dashboard/.next/server/app/[lang]/quantum/page.js.map,duplicate|generated|stale,DELETE_CANDIDATE,Generated/cache/build output; safe only after owner review and regeneration path confirmation.
dashboard/.next/server/app/[lang]/quantum/page.js.nft.json,generated|stale,DELETE_CANDIDATE,Generated/cache/build output; safe only after owner review and regeneration path confirmation.
dashboard/.next/server/app/[lang]/quantum/page/app-paths-manifest.json,generated|stale,DELETE_CANDIDATE,Generated/cache/build output; safe only after owner review and regeneration path confirmation.
dashboard/.next/server/app/[lang]/quantum/page/build-manifest.json,duplicate|generated|stale,DELETE_CANDIDATE,Generated/cache/build output; safe only after owner review and regeneration path confirmation.
dashboard/.next/server/app/[lang]/quantum/page/next-font-manifest.json,generated|stale,DELETE_CANDIDATE,Generated/cache/build output; safe only after owner review and regeneration path confirmation.
dashboard/.next/server/app/[lang]/quantum/page/react-loadable-manifest.json,duplicate|generated|stale,DELETE_CANDIDATE,Generated/cache/build output; safe only after owner review and regeneration path confirmation.
dashboard/.next/server/app/[lang]/quantum/page/server-reference-manifest.json,duplicate|generated|stale,DELETE_CANDIDATE,Generated/cache/build output; safe only after owner review and regeneration path confirmation.
dashboard/.next/server/app/[lang]/satellite/page_client-reference-manifest.js,generated|stale,DELETE_CANDIDATE,Generated/cache/build output; safe only after owner review and regeneration path confirmation.
dashboard/.next/server/app/[lang]/satellite/page.js,generated|stale,DELETE_CANDIDATE,Generated/cache/build output; safe only after owner review and regeneration path confirmation.
dashboard/.next/server/app/[lang]/satellite/page.js.map,duplicate|generated|stale,DELETE_CANDIDATE,Generated/cache/build output; safe only after owner review and regeneration path confirmation.
dashboard/.next/server/app/[lang]/satellite/page.js.nft.json,generated|stale,DELETE_CANDIDATE,Generated/cache/build output; safe only after owner review and regeneration path confirmation.
dashboard/.next/server/app/[lang]/satellite/page/app-paths-manifest.json,duplicate|generated|stale,DELETE_CANDIDATE,Generated/cache/build output; safe only after owner review and regeneration path confirmation.
dashboard/.next/server/app/[lang]/satellite/page/build-manifest.json,duplicate|generated|stale,DELETE_CANDIDATE,Generated/cache/build output; safe only after owner review and regeneration path confirmation.
dashboard/.next/server/app/[lang]/satellite/page/next-font-manifest.json,duplicate|generated|stale,DELETE_CANDIDATE,Generated/cache/build output; safe only after owner review and regeneration path confirmation.
dashboard/.next/server/app/[lang]/satellite/page/react-loadable-manifest.json,duplicate|generated|stale,DELETE_CANDIDATE,Generated/cache/build output; safe only after owner review and regeneration path confirmation.
dashboard/.next/server/app/[lang]/satellite/page/server-reference-manifest.json,duplicate|generated|stale,DELETE_CANDIDATE,Generated/cache/build output; safe only after owner review and regeneration path confirmation.
dashboard/.next/server/app/discoveries.html,generated|stale,DELETE_CANDIDATE,Generated/cache/build output; safe only after owner review and regeneration path confirmation.
dashboard/.next/server/app/discoveries.meta,generated|stale,DELETE_CANDIDATE,Generated/cache/build output; safe only after owner review and regeneration path confirmation.
dashboard/.next/server/app/discoveries.rsc,duplicate|generated|stale,DELETE_CANDIDATE,Generated/cache/build output; safe only after owner review and regeneration path confirmation.
dashboard/.next/server/app/discoveries.segments/_full.segment.rsc,duplicate|generated|stale,DELETE_CANDIDATE,Generated/cache/build output; safe only after owner review and regeneration path confirmation.
dashboard/.next/server/app/discoveries.segments/_head.segment.rsc,duplicate|generated|stale,DELETE_CANDIDATE,Generated/cache/build output; safe only after owner review and regeneration path confirmation.
dashboard/.next/server/app/discoveries.segments/_index.segment.rsc,duplicate|generated|stale,DELETE_CANDIDATE,Generated/cache/build output; safe only after owner review and regeneration path confirmation.
dashboard/.next/server/app/discoveries.segments/_tree.segment.rsc,generated|stale,DELETE_CANDIDATE,Generated/cache/build output; safe only after owner review and regeneration path confirmation.
dashboard/.next/server/app/discoveries.segments/discoveries.segment.rsc,duplicate|generated|stale,DELETE_CANDIDATE,Generated/cache/build output; safe only after owner review and regeneration path confirmation.
dashboard/.next/server/app/discoveries.segments/discoveries/__PAGE__.segment.rsc,generated|stale,DELETE_CANDIDATE,Generated/cache/build output; safe only after owner review and regeneration path confirmation.
dashboard/.next/server/app/discoveries/page_client-reference-manifest.js,generated|stale,DELETE_CANDIDATE,Generated/cache/build output; safe only after owner review and regeneration path confirmation.
dashboard/.next/server/app/discoveries/page.js,generated|stale,DELETE_CANDIDATE,Generated/cache/build output; safe only after owner review and regeneration path confirmation.
dashboard/.next/server/app/discoveries/page.js.map,duplicate|generated|stale,DELETE_CANDIDATE,Generated/cache/build output; safe only after owner review and regeneration path confirmation.
dashboard/.next/server/app/discoveries/page.js.nft.json,generated|stale,DELETE_CANDIDATE,Generated/cache/build output; safe only after owner review and regeneration path confirmation.
dashboard/.next/server/app/discoveries/page/app-paths-manifest.json,generated|stale,DELETE_CANDIDATE,Generated/cache/build output; safe only after owner review and regeneration path confirmation.
dashboard/.next/server/app/discoveries/page/build-manifest.json,duplicate|generated|stale,DELETE_CANDIDATE,Generated/cache/build output; safe only after owner review and regeneration path confirmation.
dashboard/.next/server/app/discoveries/page/next-font-manifest.json,generated|stale,DELETE_CANDIDATE,Generated/cache/build output; safe only after owner review and regeneration path confirmation.
dashboard/.next/server/app/discoveries/page/react-loadable-manifest.json,duplicate|generated|stale,DELETE_CANDIDATE,Generated/cache/build output; safe only after owner review and regeneration path confirmation.
dashboard/.next/server/app/discoveries/page/server-reference-manifest.json,duplicate|generated|stale,DELETE_CANDIDATE,Generated/cache/build output; safe only after owner review and regeneration path confirmation.
dashboard/.next/server/app/en/compare.html,generated|stale,DELETE_CANDIDATE,Generated/cache/build output; safe only after owner review and regeneration path confirmation.
dashboard/.next/server/app/en/compare.meta,generated|stale,DELETE_CANDIDATE,Generated/cache/build output; safe only after owner review and regeneration path confirmation.
dashboard/.next/server/app/en/compare.rsc,duplicate|generated|stale,DELETE_CANDIDATE,Generated/cache/build output; safe only after owner review and regeneration path confirmation.
dashboard/.next/server/app/en/compare.segments/_full.segment.rsc,duplicate|generated|stale,DELETE_CANDIDATE,Generated/cache/build output; safe only after owner review and regeneration path confirmation.
dashboard/.next/server/app/en/compare.segments/_head.segment.rsc,duplicate|generated|stale,DELETE_CANDIDATE,Generated/cache/build output; safe only after owner review and regeneration path confirmation.
dashboard/.next/server/app/en/compare.segments/_index.segment.rsc,duplicate|generated|stale,DELETE_CANDIDATE,Generated/cache/build output; safe only after owner review and regeneration path confirmation.
dashboard/.next/server/app/en/compare.segments/_tree.segment.rsc,generated|stale,DELETE_CANDIDATE,Generated/cache/build output; safe only after owner review and regeneration path confirmation.
dashboard/.next/server/app/en/compare.segments/$d$lang.segment.rsc,duplicate|generated|stale,DELETE_CANDIDATE,Generated/cache/build output; safe only after owner review and regeneration path confirmation.
dashboard/.next/server/app/en/compare.segments/$d$lang/compare.segment.rsc,duplicate|generated|stale,DELETE_CANDIDATE,Generated/cache/build output; safe only after owner review and regeneration path confirmation.
dashboard/.next/server/app/en/compare.segments/$d$lang/compare/__PAGE__.segment.rsc,generated|stale,DELETE_CANDIDATE,Generated/cache/build output; safe only after owner review and regeneration path confirmation.
dashboard/.next/server/app/en/dashboard.html,generated|stale,DELETE_CANDIDATE,Generated/cache/build output; safe only after owner review and regeneration path confirmation.
dashboard/.next/server/app/en/dashboard.meta,generated|stale,DELETE_CANDIDATE,Generated/cache/build output; safe only after owner review and regeneration path confirmation.
dashboard/.next/server/app/en/dashboard.rsc,duplicate|generated|stale,DELETE_CANDIDATE,Generated/cache/build output; safe only after owner review and regeneration path confirmation.
dashboard/.next/server/app/en/dashboard.segments/_full.segment.rsc,duplicate|generated|stale,DELETE_CANDIDATE,Generated/cache/build output; safe only after owner review and regeneration path confirmation.
dashboard/.next/server/app/en/dashboard.segments/_head.segment.rsc,duplicate|generated|stale,DELETE_CANDIDATE,Generated/cache/build output; safe only after owner review and regeneration path confirmation.
dashboard/.next/server/app/en/dashboard.segments/_index.segment.rsc,duplicate|generated|stale,DELETE_CANDIDATE,Generated/cache/build output; safe only after owner review and regeneration path confirmation.
dashboard/.next/server/app/en/dashboard.segments/_tree.segment.rsc,generated|stale,DELETE_CANDIDATE,Generated/cache/build output; safe only after owner review and regeneration path confirmation.
dashboard/.next/server/app/en/dashboard.segments/$d$lang.segment.rsc,duplicate|generated|stale,DELETE_CANDIDATE,Generated/cache/build output; safe only after owner review and regeneration path confirmation.
dashboard/.next/server/app/en/dashboard.segments/$d$lang/dashboard.segment.rsc,duplicate|generated|stale,DELETE_CANDIDATE,Generated/cache/build output; safe only after owner review and regeneration path confirmation.
dashboard/.next/server/app/en/dashboard.segments/$d$lang/dashboard/__PAGE__.segment.rsc,generated|stale,DELETE_CANDIDATE,Generated/cache/build output; safe only after owner review and regeneration path confirmation.
dashboard/.next/server/app/en/dashboard/benchmark.html,generated|stale,DELETE_CANDIDATE,Generated/cache/build output; safe only after owner review and regeneration path confirmation.
dashboard/.next/server/app/en/dashboard/benchmark.meta,generated|stale,DELETE_CANDIDATE,Generated/cache/build output; safe only after owner review and regeneration path confirmation.
dashboard/.next/server/app/en/dashboard/benchmark.rsc,duplicate|generated|stale,DELETE_CANDIDATE,Generated/cache/build output; safe only after owner review and regeneration path confirmation.
dashboard/.next/server/app/en/dashboard/benchmark.segments/_full.segment.rsc,duplicate|generated|stale,DELETE_CANDIDATE,Generated/cache/build output; safe only after owner review and regeneration path confirmation.
dashboard/.next/server/app/en/dashboard/benchmark.segments/_head.segment.rsc,duplicate|generated|stale,DELETE_CANDIDATE,Generated/cache/build output; safe only after owner review and regeneration path confirmation.
dashboard/.next/server/app/en/dashboard/benchmark.segments/_index.segment.rsc,duplicate|generated|stale,DELETE_CANDIDATE,Generated/cache/build output; safe only after owner review and regeneration path confirmation.
dashboard/.next/server/app/en/dashboard/benchmark.segments/_tree.segment.rsc,generated|stale,DELETE_CANDIDATE,Generated/cache/build output; safe only after owner review and regeneration path confirmation.
dashboard/.next/server/app/en/dashboard/benchmark.segments/$d$lang.segment.rsc,duplicate|generated|stale,DELETE_CANDIDATE,Generated/cache/build output; safe only after owner review and regeneration path confirmation.
dashboard/.next/server/app/en/dashboard/benchmark.segments/$d$lang/dashboard.segment.rsc,duplicate|generated|stale,DELETE_CANDIDATE,Generated/cache/build output; safe only after owner review and regeneration path confirmation.
dashboard/.next/server/app/en/dashboard/benchmark.segments/$d$lang/dashboard/benchmark.segment.rsc,duplicate|generated|stale,DELETE_CANDIDATE,Generated/cache/build output; safe only after owner review and regeneration path confirmation.
dashboard/.next/server/app/en/dashboard/benchmark.segments/$d$lang/dashboard/benchmark/__PAGE__.segment.rsc,generated|stale,DELETE_CANDIDATE,Generated/cache/build output; safe only after owner review and regeneration path confirmation.
dashboard/.next/server/app/en/dashboard/log.html,generated|stale,DELETE_CANDIDATE,Generated/cache/build output; safe only after owner review and regeneration path confirmation.
dashboard/.next/server/app/en/dashboard/log.meta,generated|stale,DELETE_CANDIDATE,Generated/cache/build output; safe only after owner review and regeneration path confirmation.
dashboard/.next/server/app/en/dashboard/log.rsc,duplicate|generated|stale,DELETE_CANDIDATE,Generated/cache/build output; safe only after owner review and regeneration path confirmation.
dashboard/.next/server/app/en/dashboard/log.segments/_full.segment.rsc,duplicate|generated|stale,DELETE_CANDIDATE,Generated/cache/build output; safe only after owner review and regeneration path confirmation.
dashboard/.next/server/app/en/dashboard/log.segments/_head.segment.rsc,duplicate|generated|stale,DELETE_CANDIDATE,Generated/cache/build output; safe only after owner review and regeneration path confirmation.
dashboard/.next/server/app/en/dashboard/log.segments/_index.segment.rsc,duplicate|generated|stale,DELETE_CANDIDATE,Generated/cache/build output; safe only after owner review and regeneration path confirmation.
dashboard/.next/server/app/en/dashboard/log.segments/_tree.segment.rsc,generated|stale,DELETE_CANDIDATE,Generated/cache/build output; safe only after owner review and regeneration path confirmation.
dashboard/.next/server/app/en/dashboard/log.segments/$d$lang.segment.rsc,duplicate|generated|stale,DELETE_CANDIDATE,Generated/cache/build output; safe only after owner review and regeneration path confirmation.
dashboard/.next/server/app/en/dashboard/log.segments/$d$lang/dashboard.segment.rsc,duplicate|generated|stale,DELETE_CANDIDATE,Generated/cache/build output; safe only after owner review and regeneration path confirmation.
dashboard/.next/server/app/en/dashboard/log.segments/$d$lang/dashboard/log.segment.rsc,duplicate|generated|stale,DELETE_CANDIDATE,Generated/cache/build output; safe only after owner review and regeneration path confirmation.
dashboard/.next/server/app/en/dashboard/log.segments/$d$lang/dashboard/log/__PAGE__.segment.rsc,generated|stale,DELETE_CANDIDATE,Generated/cache/build output; safe only after owner review and regeneration path confirmation.
dashboard/.next/server/app/en/dashboard/roadmap.html,generated|stale,DELETE_CANDIDATE,Generated/cache/build output; safe only after owner review and regeneration path confirmation.
dashboard/.next/server/app/en/dashboard/roadmap.meta,generated|stale,DELETE_CANDIDATE,Generated/cache/build output; safe only after owner review and regeneration path confirmation.
dashboard/.next/server/app/en/dashboard/roadmap.rsc,duplicate|generated|stale,DELETE_CANDIDATE,Generated/cache/build output; safe only after owner review and regeneration path confirmation.
dashboard/.next/server/app/en/dashboard/roadmap.segments/_full.segment.rsc,duplicate|generated|stale,DELETE_CANDIDATE,Generated/cache/build output; safe only after owner review and regeneration path confirmation.
dashboard/.next/server/app/en/dashboard/roadmap.segments/_head.segment.rsc,duplicate|generated|stale,DELETE_CANDIDATE,Generated/cache/build output; safe only after owner review and regeneration path confirmation.
dashboard/.next/server/app/en/dashboard/roadmap.segments/_index.segment.rsc,duplicate|generated|stale,DELETE_CANDIDATE,Generated/cache/build output; safe only after owner review and regeneration path confirmation.
dashboard/.next/server/app/en/dashboard/roadmap.segments/_tree.segment.rsc,generated|stale,DELETE_CANDIDATE,Generated/cache/build output; safe only after owner review and regeneration path confirmation.
dashboard/.next/server/app/en/dashboard/roadmap.segments/$d$lang.segment.rsc,duplicate|generated|stale,DELETE_CANDIDATE,Generated/cache/build output; safe only after owner review and regeneration path confirmation.
dashboard/.next/server/app/en/dashboard/roadmap.segments/$d$lang/dashboard.segment.rsc,duplicate|generated|stale,DELETE_CANDIDATE,Generated/cache/build output; safe only after owner review and regeneration path confirmation.
dashboard/.next/server/app/en/dashboard/roadmap.segments/$d$lang/dashboard/roadmap.segment.rsc,duplicate|generated|stale,DELETE_CANDIDATE,Generated/cache/build output; safe only after owner review and regeneration path confirmation.
dashboard/.next/server/app/en/dashboard/roadmap.segments/$d$lang/dashboard/roadmap/__PAGE__.segment.rsc,generated|stale,DELETE_CANDIDATE,Generated/cache/build output; safe only after owner review and regeneration path confirmation.
dashboard/.next/server/app/en/dashboard/scientific-log.html,generated|stale,DELETE_CANDIDATE,Generated/cache/build output; safe only after owner review and regeneration path confirmation.
dashboard/.next/server/app/en/dashboard/scientific-log.meta,generated|stale,DELETE_CANDIDATE,Generated/cache/build output; safe only after owner review and regeneration path confirmation.
dashboard/.next/server/app/en/dashboard/scientific-log.rsc,duplicate|generated|stale,DELETE_CANDIDATE,Generated/cache/build output; safe only after owner review and regeneration path confirmation.
dashboard/.next/server/app/en/dashboard/scientific-log.segments/_full.segment.rsc,duplicate|generated|stale,DELETE_CANDIDATE,Generated/cache/build output; safe only after owner review and regeneration path confirmation.
dashboard/.next/server/app/en/dashboard/scientific-log.segments/_head.segment.rsc,duplicate|generated|stale,DELETE_CANDIDATE,Generated/cache/build output; safe only after owner review and regeneration path confirmation.
dashboard/.next/server/app/en/dashboard/scientific-log.segments/_index.segment.rsc,duplicate|generated|stale,DELETE_CANDIDATE,Generated/cache/build output; safe only after owner review and regeneration path confirmation.
dashboard/.next/server/app/en/dashboard/scientific-log.segments/_tree.segment.rsc,generated|stale,DELETE_CANDIDATE,Generated/cache/build output; safe only after owner review and regeneration path confirmation.
dashboard/.next/server/app/en/dashboard/scientific-log.segments/$d$lang.segment.rsc,duplicate|generated|stale,DELETE_CANDIDATE,Generated/cache/build output; safe only after owner review and regeneration path confirmation.
dashboard/.next/server/app/en/dashboard/scientific-log.segments/$d$lang/dashboard.segment.rsc,duplicate|generated|stale,DELETE_CANDIDATE,Generated/cache/build output; safe only after owner review and regeneration path confirmation.
dashboard/.next/server/app/en/dashboard/scientific-log.segments/$d$lang/dashboard/scientific-log.segment.rsc,duplicate|generated|stale,DELETE_CANDIDATE,Generated/cache/build output; safe only after owner review and regeneration path confirmation.
dashboard/.next/server/app/en/dashboard/scientific-log.segments/$d$lang/dashboard/scientific-log/__PAGE__.segment.rsc,generated|stale,DELETE_CANDIDATE,Generated/cache/build output; safe only after owner review and regeneration path confirmation.
dashboard/.next/server/app/en/dashboard/timeline.html,generated|stale,DELETE_CANDIDATE,Generated/cache/build output; safe only after owner review and regeneration path confirmation.
dashboard/.next/server/app/en/dashboard/timeline.meta,generated|stale,DELETE_CANDIDATE,Generated/cache/build output; safe only after owner review and regeneration path confirmation.
dashboard/.next/server/app/en/dashboard/timeline.rsc,duplicate|generated|stale,DELETE_CANDIDATE,Generated/cache/build output; safe only after owner review and regeneration path confirmation.
dashboard/.next/server/app/en/dashboard/timeline.segments/_full.segment.rsc,duplicate|generated|stale,DELETE_CANDIDATE,Generated/cache/build output; safe only after owner review and regeneration path confirmation.
dashboard/.next/server/app/en/dashboard/timeline.segments/_head.segment.rsc,duplicate|generated|stale,DELETE_CANDIDATE,Generated/cache/build output; safe only after owner review and regeneration path confirmation.
dashboard/.next/server/app/en/dashboard/timeline.segments/_index.segment.rsc,duplicate|generated|stale,DELETE_CANDIDATE,Generated/cache/build output; safe only after owner review and regeneration path confirmation.
dashboard/.next/server/app/en/dashboard/timeline.segments/_tree.segment.rsc,generated|stale,DELETE_CANDIDATE,Generated/cache/build output; safe only after owner review and regeneration path confirmation.
dashboard/.next/server/app/en/dashboard/timeline.segments/$d$lang.segment.rsc,duplicate|generated|stale,DELETE_CANDIDATE,Generated/cache/build output; safe only after owner review and regeneration path confirmation.
dashboard/.next/server/app/en/dashboard/timeline.segments/$d$lang/dashboard.segment.rsc,duplicate|generated|stale,DELETE_CANDIDATE,Generated/cache/build output; safe only after owner review and regeneration path confirmation.
dashboard/.next/server/app/en/dashboard/timeline.segments/$d$lang/dashboard/timeline.segment.rsc,duplicate|generated|stale,DELETE_CANDIDATE,Generated/cache/build output; safe only after owner review and regeneration path confirmation.
dashboard/.next/server/app/en/dashboard/timeline.segments/$d$lang/dashboard/timeline/__PAGE__.segment.rsc,generated|stale,DELETE_CANDIDATE,Generated/cache/build output; safe only after owner review and regeneration path confirmation.
dashboard/.next/server/app/en/discoveries.html,generated|stale,DELETE_CANDIDATE,Generated/cache/build output; safe only after owner review and regeneration path confirmation.
dashboard/.next/server/app/en/discoveries.meta,generated|stale,DELETE_CANDIDATE,Generated/cache/build output; safe only after owner review and regeneration path confirmation.
dashboard/.next/server/app/en/discoveries.rsc,duplicate|generated|stale,DELETE_CANDIDATE,Generated/cache/build output; safe only after owner review and regeneration path confirmation.
dashboard/.next/server/app/en/discoveries.segments/_full.segment.rsc,duplicate|generated|stale,DELETE_CANDIDATE,Generated/cache/build output; safe only after owner review and regeneration path confirmation.
dashboard/.next/server/app/en/discoveries.segments/_head.segment.rsc,duplicate|generated|stale,DELETE_CANDIDATE,Generated/cache/build output; safe only after owner review and regeneration path confirmation.
dashboard/.next/server/app/en/discoveries.segments/_index.segment.rsc,duplicate|generated|stale,DELETE_CANDIDATE,Generated/cache/build output; safe only after owner review and regeneration path confirmation.
dashboard/.next/server/app/en/discoveries.segments/_tree.segment.rsc,generated|stale,DELETE_CANDIDATE,Generated/cache/build output; safe only after owner review and regeneration path confirmation.
dashboard/.next/server/app/en/discoveries.segments/$d$lang.segment.rsc,duplicate|generated|stale,DELETE_CANDIDATE,Generated/cache/build output; safe only after owner review and regeneration path confirmation.
dashboard/.next/server/app/en/discoveries.segments/$d$lang/discoveries.segment.rsc,duplicate|generated|stale,DELETE_CANDIDATE,Generated/cache/build output; safe only after owner review and regeneration path confirmation.
dashboard/.next/server/app/en/discoveries.segments/$d$lang/discoveries/__PAGE__.segment.rsc,generated|stale,DELETE_CANDIDATE,Generated/cache/build output; safe only after owner review and regeneration path confirmation.
dashboard/.next/server/app/en/interactive.html,generated|stale,DELETE_CANDIDATE,Generated/cache/build output; safe only after owner review and regeneration path confirmation.
dashboard/.next/server/app/en/interactive.meta,generated|stale,DELETE_CANDIDATE,Generated/cache/build output; safe only after owner review and regeneration path confirmation.
dashboard/.next/server/app/en/interactive.rsc,duplicate|generated|stale,DELETE_CANDIDATE,Generated/cache/build output; safe only after owner review and regeneration path confirmation.
dashboard/.next/server/app/en/interactive.segments/_full.segment.rsc,duplicate|generated|stale,DELETE_CANDIDATE,Generated/cache/build output; safe only after owner review and regeneration path confirmation.
dashboard/.next/server/app/en/interactive.segments/_head.segment.rsc,duplicate|generated|stale,DELETE_CANDIDATE,Generated/cache/build output; safe only after owner review and regeneration path confirmation.
dashboard/.next/server/app/en/interactive.segments/_index.segment.rsc,duplicate|generated|stale,DELETE_CANDIDATE,Generated/cache/build output; safe only after owner review and regeneration path confirmation.
dashboard/.next/server/app/en/interactive.segments/_tree.segment.rsc,generated|stale,DELETE_CANDIDATE,Generated/cache/build output; safe only after owner review and regeneration path confirmation.
dashboard/.next/server/app/en/interactive.segments/$d$lang.segment.rsc,duplicate|generated|stale,DELETE_CANDIDATE,Generated/cache/build output; safe only after owner review and regeneration path confirmation.
dashboard/.next/server/app/en/interactive.segments/$d$lang/interactive.segment.rsc,duplicate|generated|stale,DELETE_CANDIDATE,Generated/cache/build output; safe only after owner review and regeneration path confirmation.
dashboard/.next/server/app/en/interactive.segments/$d$lang/interactive/__PAGE__.segment.rsc,generated|stale,DELETE_CANDIDATE,Generated/cache/build output; safe only after owner review and regeneration path confirmation.
dashboard/.next/server/app/en/learn.html,generated|stale,DELETE_CANDIDATE,Generated/cache/build output; safe only after owner review and regeneration path confirmation.
dashboard/.next/server/app/en/learn.meta,generated|stale,DELETE_CANDIDATE,Generated/cache/build output; safe only after owner review and regeneration path confirmation.
dashboard/.next/server/app/en/learn.rsc,duplicate|generated|stale,DELETE_CANDIDATE,Generated/cache/build output; safe only after owner review and regeneration path confirmation.
dashboard/.next/server/app/en/learn.segments/_full.segment.rsc,duplicate|generated|stale,DELETE_CANDIDATE,Generated/cache/build output; safe only after owner review and regeneration path confirmation.
dashboard/.next/server/app/en/learn.segments/_head.segment.rsc,duplicate|generated|stale,DELETE_CANDIDATE,Generated/cache/build output; safe only after owner review and regeneration path confirmation.
dashboard/.next/server/app/en/learn.segments/_index.segment.rsc,duplicate|generated|stale,DELETE_CANDIDATE,Generated/cache/build output; safe only after owner review and regeneration path confirmation.
dashboard/.next/server/app/en/learn.segments/_tree.segment.rsc,generated|stale,DELETE_CANDIDATE,Generated/cache/build output; safe only after owner review and regeneration path confirmation.
dashboard/.next/server/app/en/learn.segments/$d$lang.segment.rsc,duplicate|generated|stale,DELETE_CANDIDATE,Generated/cache/build output; safe only after owner review and regeneration path confirmation.
dashboard/.next/server/app/en/learn.segments/$d$lang/learn.segment.rsc,duplicate|generated|stale,DELETE_CANDIDATE,Generated/cache/build output; safe only after owner review and regeneration path confirmation.
dashboard/.next/server/app/en/learn.segments/$d$lang/learn/__PAGE__.segment.rsc,generated|stale,DELETE_CANDIDATE,Generated/cache/build output; safe only after owner review and regeneration path confirmation.
dashboard/.next/server/app/en/mathematics.html,generated|stale,DELETE_CANDIDATE,Generated/cache/build output; safe only after owner review and regeneration path confirmation.
dashboard/.next/server/app/en/mathematics.meta,generated|stale,DELETE_CANDIDATE,Generated/cache/build output; safe only after owner review and regeneration path confirmation.
dashboard/.next/server/app/en/mathematics.rsc,duplicate|generated|stale,DELETE_CANDIDATE,Generated/cache/build output; safe only after owner review and regeneration path confirmation.
dashboard/.next/server/app/en/mathematics.segments/_full.segment.rsc,duplicate|generated|stale,DELETE_CANDIDATE,Generated/cache/build output; safe only after owner review and regeneration path confirmation.
dashboard/.next/server/app/en/mathematics.segments/_head.segment.rsc,duplicate|generated|stale,DELETE_CANDIDATE,Generated/cache/build output; safe only after owner review and regeneration path confirmation.
dashboard/.next/server/app/en/mathematics.segments/_index.segment.rsc,duplicate|generated|stale,DELETE_CANDIDATE,Generated/cache/build output; safe only after owner review and regeneration path confirmation.
dashboard/.next/server/app/en/mathematics.segments/_tree.segment.rsc,generated|stale,DELETE_CANDIDATE,Generated/cache/build output; safe only after owner review and regeneration path confirmation.
dashboard/.next/server/app/en/mathematics.segments/$d$lang.segment.rsc,duplicate|generated|stale,DELETE_CANDIDATE,Generated/cache/build output; safe only after owner review and regeneration path confirmation.
dashboard/.next/server/app/en/mathematics.segments/$d$lang/mathematics.segment.rsc,duplicate|generated|stale,DELETE_CANDIDATE,Generated/cache/build output; safe only after owner review and regeneration path confirmation.
dashboard/.next/server/app/en/mathematics.segments/$d$lang/mathematics/__PAGE__.segment.rsc,generated|stale,DELETE_CANDIDATE,Generated/cache/build output; safe only after owner review and regeneration path confirmation.
dashboard/.next/server/app/en/physics.html,generated|stale,DELETE_CANDIDATE,Generated/cache/build output; safe only after owner review and regeneration path confirmation.
dashboard/.next/server/app/en/physics.meta,generated|stale,DELETE_CANDIDATE,Generated/cache/build output; safe only after owner review and regeneration path confirmation.
dashboard/.next/server/app/en/physics.rsc,duplicate|generated|stale,DELETE_CANDIDATE,Generated/cache/build output; safe only after owner review and regeneration path confirmation.
dashboard/.next/server/app/en/physics.segments/_full.segment.rsc,duplicate|generated|stale,DELETE_CANDIDATE,Generated/cache/build output; safe only after owner review and regeneration path confirmation.
dashboard/.next/server/app/en/physics.segments/_head.segment.rsc,duplicate|generated|stale,DELETE_CANDIDATE,Generated/cache/build output; safe only after owner review and regeneration path confirmation.
dashboard/.next/server/app/en/physics.segments/_index.segment.rsc,duplicate|generated|stale,DELETE_CANDIDATE,Generated/cache/build output; safe only after owner review and regeneration path confirmation.
dashboard/.next/server/app/en/physics.segments/_tree.segment.rsc,generated|stale,DELETE_CANDIDATE,Generated/cache/build output; safe only after owner review and regeneration path confirmation.
dashboard/.next/server/app/en/physics.segments/$d$lang.segment.rsc,duplicate|generated|stale,DELETE_CANDIDATE,Generated/cache/build output; safe only after owner review and regeneration path confirmation.
dashboard/.next/server/app/en/physics.segments/$d$lang/physics.segment.rsc,duplicate|generated|stale,DELETE_CANDIDATE,Generated/cache/build output; safe only after owner review and regeneration path confirmation.
dashboard/.next/server/app/en/physics.segments/$d$lang/physics/__PAGE__.segment.rsc,duplicate|generated|stale,DELETE_CANDIDATE,Generated/cache/build output; safe only after owner review and regeneration path confirmation.
dashboard/.next/server/app/en/quantum.html,generated|stale,DELETE_CANDIDATE,Generated/cache/build output; safe only after owner review and regeneration path confirmation.
dashboard/.next/server/app/en/quantum.meta,generated|stale,DELETE_CANDIDATE,Generated/cache/build output; safe only after owner review and regeneration path confirmation.
dashboard/.next/server/app/en/quantum.rsc,duplicate|generated|stale,DELETE_CANDIDATE,Generated/cache/build output; safe only after owner review and regeneration path confirmation.
dashboard/.next/server/app/en/quantum.segments/_full.segment.rsc,duplicate|generated|stale,DELETE_CANDIDATE,Generated/cache/build output; safe only after owner review and regeneration path confirmation.
dashboard/.next/server/app/en/quantum.segments/_head.segment.rsc,duplicate|generated|stale,DELETE_CANDIDATE,Generated/cache/build output; safe only after owner review and regeneration path confirmation.
dashboard/.next/server/app/en/quantum.segments/_index.segment.rsc,duplicate|generated|stale,DELETE_CANDIDATE,Generated/cache/build output; safe only after owner review and regeneration path confirmation.
dashboard/.next/server/app/en/quantum.segments/_tree.segment.rsc,generated|stale,DELETE_CANDIDATE,Generated/cache/build output; safe only after owner review and regeneration path confirmation.
dashboard/.next/server/app/en/quantum.segments/$d$lang.segment.rsc,duplicate|generated|stale,DELETE_CANDIDATE,Generated/cache/build output; safe only after owner review and regeneration path confirmation.
dashboard/.next/server/app/en/quantum.segments/$d$lang/quantum.segment.rsc,duplicate|generated|stale,DELETE_CANDIDATE,Generated/cache/build output; safe only after owner review and regeneration path confirmation.
dashboard/.next/server/app/en/quantum.segments/$d$lang/quantum/__PAGE__.segment.rsc,generated|stale,DELETE_CANDIDATE,Generated/cache/build output; safe only after owner review and regeneration path confirmation.
dashboard/.next/server/app/en/satellite.html,generated|stale,DELETE_CANDIDATE,Generated/cache/build output; safe only after owner review and regeneration path confirmation.
dashboard/.next/server/app/en/satellite.meta,generated|stale,DELETE_CANDIDATE,Generated/cache/build output; safe only after owner review and regeneration path confirmation.
dashboard/.next/server/app/en/satellite.rsc,duplicate|generated|stale,DELETE_CANDIDATE,Generated/cache/build output; safe only after owner review and regeneration path confirmation.
dashboard/.next/server/app/en/satellite.segments/_full.segment.rsc,duplicate|generated|stale,DELETE_CANDIDATE,Generated/cache/build output; safe only after owner review and regeneration path confirmation.
dashboard/.next/server/app/en/satellite.segments/_head.segment.rsc,duplicate|generated|stale,DELETE_CANDIDATE,Generated/cache/build output; safe only after owner review and regeneration path confirmation.
dashboard/.next/server/app/en/satellite.segments/_index.segment.rsc,duplicate|generated|stale,DELETE_CANDIDATE,Generated/cache/build output; safe only after owner review and regeneration path confirmation.
dashboard/.next/server/app/en/satellite.segments/_tree.segment.rsc,generated|stale,DELETE_CANDIDATE,Generated/cache/build output; safe only after owner review and regeneration path confirmation.
dashboard/.next/server/app/en/satellite.segments/$d$lang.segment.rsc,duplicate|generated|stale,DELETE_CANDIDATE,Generated/cache/build output; safe only after owner review and regeneration path confirmation.
dashboard/.next/server/app/en/satellite.segments/$d$lang/satellite.segment.rsc,duplicate|generated|stale,DELETE_CANDIDATE,Generated/cache/build output; safe only after owner review and regeneration path confirmation.
dashboard/.next/server/app/en/satellite.segments/$d$lang/satellite/__PAGE__.segment.rsc,generated|stale,DELETE_CANDIDATE,Generated/cache/build output; safe only after owner review and regeneration path confirmation.
dashboard/.next/server/app/es/compare.html,generated|stale,DELETE_CANDIDATE,Generated/cache/build output; safe only after owner review and regeneration path confirmation.
dashboard/.next/server/app/es/compare.meta,generated|stale,DELETE_CANDIDATE,Generated/cache/build output; safe only after owner review and regeneration path confirmation.
dashboard/.next/server/app/es/compare.rsc,duplicate|generated|stale,DELETE_CANDIDATE,Generated/cache/build output; safe only after owner review and regeneration path confirmation.
dashboard/.next/server/app/es/compare.segments/_full.segment.rsc,duplicate|generated|stale,DELETE_CANDIDATE,Generated/cache/build output; safe only after owner review and regeneration path confirmation.
dashboard/.next/server/app/es/compare.segments/_head.segment.rsc,duplicate|generated|stale,DELETE_CANDIDATE,Generated/cache/build output; safe only after owner review and regeneration path confirmation.
dashboard/.next/server/app/es/compare.segments/_index.segment.rsc,duplicate|generated|stale,DELETE_CANDIDATE,Generated/cache/build output; safe only after owner review and regeneration path confirmation.
dashboard/.next/server/app/es/compare.segments/_tree.segment.rsc,generated|stale,DELETE_CANDIDATE,Generated/cache/build output; safe only after owner review and regeneration path confirmation.
dashboard/.next/server/app/es/compare.segments/$d$lang.segment.rsc,duplicate|generated|stale,DELETE_CANDIDATE,Generated/cache/build output; safe only after owner review and regeneration path confirmation.
dashboard/.next/server/app/es/compare.segments/$d$lang/compare.segment.rsc,duplicate|generated|stale,DELETE_CANDIDATE,Generated/cache/build output; safe only after owner review and regeneration path confirmation.
dashboard/.next/server/app/es/compare.segments/$d$lang/compare/__PAGE__.segment.rsc,generated|stale,DELETE_CANDIDATE,Generated/cache/build output; safe only after owner review and regeneration path confirmation.
dashboard/.next/server/app/es/dashboard.html,generated|stale,DELETE_CANDIDATE,Generated/cache/build output; safe only after owner review and regeneration path confirmation.
dashboard/.next/server/app/es/dashboard.meta,generated|stale,DELETE_CANDIDATE,Generated/cache/build output; safe only after owner review and regeneration path confirmation.
dashboard/.next/server/app/es/dashboard.rsc,duplicate|generated|stale,DELETE_CANDIDATE,Generated/cache/build output; safe only after owner review and regeneration path confirmation.
dashboard/.next/server/app/es/dashboard.segments/_full.segment.rsc,duplicate|generated|stale,DELETE_CANDIDATE,Generated/cache/build output; safe only after owner review and regeneration path confirmation.
dashboard/.next/server/app/es/dashboard.segments/_head.segment.rsc,duplicate|generated|stale,DELETE_CANDIDATE,Generated/cache/build output; safe only after owner review and regeneration path confirmation.
dashboard/.next/server/app/es/dashboard.segments/_index.segment.rsc,duplicate|generated|stale,DELETE_CANDIDATE,Generated/cache/build output; safe only after owner review and regeneration path confirmation.
dashboard/.next/server/app/es/dashboard.segments/_tree.segment.rsc,generated|stale,DELETE_CANDIDATE,Generated/cache/build output; safe only after owner review and regeneration path confirmation.
dashboard/.next/server/app/es/dashboard.segments/$d$lang.segment.rsc,duplicate|generated|stale,DELETE_CANDIDATE,Generated/cache/build output; safe only after owner review and regeneration path confirmation.
dashboard/.next/server/app/es/dashboard.segments/$d$lang/dashboard.segment.rsc,duplicate|generated|stale,DELETE_CANDIDATE,Generated/cache/build output; safe only after owner review and regeneration path confirmation.
dashboard/.next/server/app/es/dashboard.segments/$d$lang/dashboard/__PAGE__.segment.rsc,generated|stale,DELETE_CANDIDATE,Generated/cache/build output; safe only after owner review and regeneration path confirmation.
dashboard/.next/server/app/es/dashboard/benchmark.html,generated|stale,DELETE_CANDIDATE,Generated/cache/build output; safe only after owner review and regeneration path confirmation.
dashboard/.next/server/app/es/dashboard/benchmark.meta,generated|stale,DELETE_CANDIDATE,Generated/cache/build output; safe only after owner review and regeneration path confirmation.
dashboard/.next/server/app/es/dashboard/benchmark.rsc,duplicate|generated|stale,DELETE_CANDIDATE,Generated/cache/build output; safe only after owner review and regeneration path confirmation.
dashboard/.next/server/app/es/dashboard/benchmark.segments/_full.segment.rsc,duplicate|generated|stale,DELETE_CANDIDATE,Generated/cache/build output; safe only after owner review and regeneration path confirmation.
dashboard/.next/server/app/es/dashboard/benchmark.segments/_head.segment.rsc,duplicate|generated|stale,DELETE_CANDIDATE,Generated/cache/build output; safe only after owner review and regeneration path confirmation.
dashboard/.next/server/app/es/dashboard/benchmark.segments/_index.segment.rsc,duplicate|generated|stale,DELETE_CANDIDATE,Generated/cache/build output; safe only after owner review and regeneration path confirmation.
dashboard/.next/server/app/es/dashboard/benchmark.segments/_tree.segment.rsc,generated|stale,DELETE_CANDIDATE,Generated/cache/build output; safe only after owner review and regeneration path confirmation.
dashboard/.next/server/app/es/dashboard/benchmark.segments/$d$lang.segment.rsc,duplicate|generated|stale,DELETE_CANDIDATE,Generated/cache/build output; safe only after owner review and regeneration path confirmation.
dashboard/.next/server/app/es/dashboard/benchmark.segments/$d$lang/dashboard.segment.rsc,duplicate|generated|stale,DELETE_CANDIDATE,Generated/cache/build output; safe only after owner review and regeneration path confirmation.
dashboard/.next/server/app/es/dashboard/benchmark.segments/$d$lang/dashboard/benchmark.segment.rsc,duplicate|generated|stale,DELETE_CANDIDATE,Generated/cache/build output; safe only after owner review and regeneration path confirmation.
dashboard/.next/server/app/es/dashboard/benchmark.segments/$d$lang/dashboard/benchmark/__PAGE__.segment.rsc,generated|stale,DELETE_CANDIDATE,Generated/cache/build output; safe only after owner review and regeneration path confirmation.
dashboard/.next/server/app/es/dashboard/log.html,generated|stale,DELETE_CANDIDATE,Generated/cache/build output; safe only after owner review and regeneration path confirmation.
dashboard/.next/server/app/es/dashboard/log.meta,generated|stale,DELETE_CANDIDATE,Generated/cache/build output; safe only after owner review and regeneration path confirmation.
dashboard/.next/server/app/es/dashboard/log.rsc,duplicate|generated|stale,DELETE_CANDIDATE,Generated/cache/build output; safe only after owner review and regeneration path confirmation.
dashboard/.next/server/app/es/dashboard/log.segments/_full.segment.rsc,duplicate|generated|stale,DELETE_CANDIDATE,Generated/cache/build output; safe only after owner review and regeneration path confirmation.
dashboard/.next/server/app/es/dashboard/log.segments/_head.segment.rsc,duplicate|generated|stale,DELETE_CANDIDATE,Generated/cache/build output; safe only after owner review and regeneration path confirmation.
dashboard/.next/server/app/es/dashboard/log.segments/_index.segment.rsc,duplicate|generated|stale,DELETE_CANDIDATE,Generated/cache/build output; safe only after owner review and regeneration path confirmation.
dashboard/.next/server/app/es/dashboard/log.segments/_tree.segment.rsc,generated|stale,DELETE_CANDIDATE,Generated/cache/build output; safe only after owner review and regeneration path confirmation.
dashboard/.next/server/app/es/dashboard/log.segments/$d$lang.segment.rsc,duplicate|generated|stale,DELETE_CANDIDATE,Generated/cache/build output; safe only after owner review and regeneration path confirmation.
dashboard/.next/server/app/es/dashboard/log.segments/$d$lang/dashboard.segment.rsc,duplicate|generated|stale,DELETE_CANDIDATE,Generated/cache/build output; safe only after owner review and regeneration path confirmation.
dashboard/.next/server/app/es/dashboard/log.segments/$d$lang/dashboard/log.segment.rsc,duplicate|generated|stale,DELETE_CANDIDATE,Generated/cache/build output; safe only after owner review and regeneration path confirmation.
dashboard/.next/server/app/es/dashboard/log.segments/$d$lang/dashboard/log/__PAGE__.segment.rsc,generated|stale,DELETE_CANDIDATE,Generated/cache/build output; safe only after owner review and regeneration path confirmation.
dashboard/.next/server/app/es/dashboard/roadmap.html,generated|stale,DELETE_CANDIDATE,Generated/cache/build output; safe only after owner review and regeneration path confirmation.
dashboard/.next/server/app/es/dashboard/roadmap.meta,generated|stale,DELETE_CANDIDATE,Generated/cache/build output; safe only after owner review and regeneration path confirmation.
dashboard/.next/server/app/es/dashboard/roadmap.rsc,duplicate|generated|stale,DELETE_CANDIDATE,Generated/cache/build output; safe only after owner review and regeneration path confirmation.
dashboard/.next/server/app/es/dashboard/roadmap.segments/_full.segment.rsc,duplicate|generated|stale,DELETE_CANDIDATE,Generated/cache/build output; safe only after owner review and regeneration path confirmation.
dashboard/.next/server/app/es/dashboard/roadmap.segments/_head.segment.rsc,duplicate|generated|stale,DELETE_CANDIDATE,Generated/cache/build output; safe only after owner review and regeneration path confirmation.
dashboard/.next/server/app/es/dashboard/roadmap.segments/_index.segment.rsc,duplicate|generated|stale,DELETE_CANDIDATE,Generated/cache/build output; safe only after owner review and regeneration path confirmation.
dashboard/.next/server/app/es/dashboard/roadmap.segments/_tree.segment.rsc,generated|stale,DELETE_CANDIDATE,Generated/cache/build output; safe only after owner review and regeneration path confirmation.
dashboard/.next/server/app/es/dashboard/roadmap.segments/$d$lang.segment.rsc,duplicate|generated|stale,DELETE_CANDIDATE,Generated/cache/build output; safe only after owner review and regeneration path confirmation.
dashboard/.next/server/app/es/dashboard/roadmap.segments/$d$lang/dashboard.segment.rsc,duplicate|generated|stale,DELETE_CANDIDATE,Generated/cache/build output; safe only after owner review and regeneration path confirmation.
dashboard/.next/server/app/es/dashboard/roadmap.segments/$d$lang/dashboard/roadmap.segment.rsc,duplicate|generated|stale,DELETE_CANDIDATE,Generated/cache/build output; safe only after owner review and regeneration path confirmation.
dashboard/.next/server/app/es/dashboard/roadmap.segments/$d$lang/dashboard/roadmap/__PAGE__.segment.rsc,generated|stale,DELETE_CANDIDATE,Generated/cache/build output; safe only after owner review and regeneration path confirmation.
dashboard/.next/server/app/es/dashboard/scientific-log.html,generated|stale,DELETE_CANDIDATE,Generated/cache/build output; safe only after owner review and regeneration path confirmation.
dashboard/.next/server/app/es/dashboard/scientific-log.meta,generated|stale,DELETE_CANDIDATE,Generated/cache/build output; safe only after owner review and regeneration path confirmation.
dashboard/.next/server/app/es/dashboard/scientific-log.rsc,duplicate|generated|stale,DELETE_CANDIDATE,Generated/cache/build output; safe only after owner review and regeneration path confirmation.
dashboard/.next/server/app/es/dashboard/scientific-log.segments/_full.segment.rsc,duplicate|generated|stale,DELETE_CANDIDATE,Generated/cache/build output; safe only after owner review and regeneration path confirmation.
dashboard/.next/server/app/es/dashboard/scientific-log.segments/_head.segment.rsc,duplicate|generated|stale,DELETE_CANDIDATE,Generated/cache/build output; safe only after owner review and regeneration path confirmation.
dashboard/.next/server/app/es/dashboard/scientific-log.segments/_index.segment.rsc,duplicate|generated|stale,DELETE_CANDIDATE,Generated/cache/build output; safe only after owner review and regeneration path confirmation.
dashboard/.next/server/app/es/dashboard/scientific-log.segments/_tree.segment.rsc,generated|stale,DELETE_CANDIDATE,Generated/cache/build output; safe only after owner review and regeneration path confirmation.
dashboard/.next/server/app/es/dashboard/scientific-log.segments/$d$lang.segment.rsc,duplicate|generated|stale,DELETE_CANDIDATE,Generated/cache/build output; safe only after owner review and regeneration path confirmation.
dashboard/.next/server/app/es/dashboard/scientific-log.segments/$d$lang/dashboard.segment.rsc,duplicate|generated|stale,DELETE_CANDIDATE,Generated/cache/build output; safe only after owner review and regeneration path confirmation.
dashboard/.next/server/app/es/dashboard/scientific-log.segments/$d$lang/dashboard/scientific-log.segment.rsc,duplicate|generated|stale,DELETE_CANDIDATE,Generated/cache/build output; safe only after owner review and regeneration path confirmation.
dashboard/.next/server/app/es/dashboard/scientific-log.segments/$d$lang/dashboard/scientific-log/__PAGE__.segment.rsc,generated|stale,DELETE_CANDIDATE,Generated/cache/build output; safe only after owner review and regeneration path confirmation.
dashboard/.next/server/app/es/dashboard/timeline.html,generated|stale,DELETE_CANDIDATE,Generated/cache/build output; safe only after owner review and regeneration path confirmation.
dashboard/.next/server/app/es/dashboard/timeline.meta,generated|stale,DELETE_CANDIDATE,Generated/cache/build output; safe only after owner review and regeneration path confirmation.
dashboard/.next/server/app/es/dashboard/timeline.rsc,duplicate|generated|stale,DELETE_CANDIDATE,Generated/cache/build output; safe only after owner review and regeneration path confirmation.
dashboard/.next/server/app/es/dashboard/timeline.segments/_full.segment.rsc,duplicate|generated|stale,DELETE_CANDIDATE,Generated/cache/build output; safe only after owner review and regeneration path confirmation.
dashboard/.next/server/app/es/dashboard/timeline.segments/_head.segment.rsc,duplicate|generated|stale,DELETE_CANDIDATE,Generated/cache/build output; safe only after owner review and regeneration path confirmation.
dashboard/.next/server/app/es/dashboard/timeline.segments/_index.segment.rsc,duplicate|generated|stale,DELETE_CANDIDATE,Generated/cache/build output; safe only after owner review and regeneration path confirmation.
dashboard/.next/server/app/es/dashboard/timeline.segments/_tree.segment.rsc,generated|stale,DELETE_CANDIDATE,Generated/cache/build output; safe only after owner review and regeneration path confirmation.
dashboard/.next/server/app/es/dashboard/timeline.segments/$d$lang.segment.rsc,duplicate|generated|stale,DELETE_CANDIDATE,Generated/cache/build output; safe only after owner review and regeneration path confirmation.
dashboard/.next/server/app/es/dashboard/timeline.segments/$d$lang/dashboard.segment.rsc,duplicate|generated|stale,DELETE_CANDIDATE,Generated/cache/build output; safe only after owner review and regeneration path confirmation.
dashboard/.next/server/app/es/dashboard/timeline.segments/$d$lang/dashboard/timeline.segment.rsc,duplicate|generated|stale,DELETE_CANDIDATE,Generated/cache/build output; safe only after owner review and regeneration path confirmation.
dashboard/.next/server/app/es/dashboard/timeline.segments/$d$lang/dashboard/timeline/__PAGE__.segment.rsc,generated|stale,DELETE_CANDIDATE,Generated/cache/build output; safe only after owner review and regeneration path confirmation.
dashboard/.next/server/app/es/discoveries.html,generated|stale,DELETE_CANDIDATE,Generated/cache/build output; safe only after owner review and regeneration path confirmation.
dashboard/.next/server/app/es/discoveries.meta,generated|stale,DELETE_CANDIDATE,Generated/cache/build output; safe only after owner review and regeneration path confirmation.
dashboard/.next/server/app/es/discoveries.rsc,duplicate|generated|stale,DELETE_CANDIDATE,Generated/cache/build output; safe only after owner review and regeneration path confirmation.
dashboard/.next/server/app/es/discoveries.segments/_full.segment.rsc,duplicate|generated|stale,DELETE_CANDIDATE,Generated/cache/build output; safe only after owner review and regeneration path confirmation.
dashboard/.next/server/app/es/discoveries.segments/_head.segment.rsc,duplicate|generated|stale,DELETE_CANDIDATE,Generated/cache/build output; safe only after owner review and regeneration path confirmation.
dashboard/.next/server/app/es/discoveries.segments/_index.segment.rsc,duplicate|generated|stale,DELETE_CANDIDATE,Generated/cache/build output; safe only after owner review and regeneration path confirmation.
dashboard/.next/server/app/es/discoveries.segments/_tree.segment.rsc,generated|stale,DELETE_CANDIDATE,Generated/cache/build output; safe only after owner review and regeneration path confirmation.
dashboard/.next/server/app/es/discoveries.segments/$d$lang.segment.rsc,duplicate|generated|stale,DELETE_CANDIDATE,Generated/cache/build output; safe only after owner review and regeneration path confirmation.
dashboard/.next/server/app/es/discoveries.segments/$d$lang/discoveries.segment.rsc,duplicate|generated|stale,DELETE_CANDIDATE,Generated/cache/build output; safe only after owner review and regeneration path confirmation.
dashboard/.next/server/app/es/discoveries.segments/$d$lang/discoveries/__PAGE__.segment.rsc,generated|stale,DELETE_CANDIDATE,Generated/cache/build output; safe only after owner review and regeneration path confirmation.
dashboard/.next/server/app/es/interactive.html,generated|stale,DELETE_CANDIDATE,Generated/cache/build output; safe only after owner review and regeneration path confirmation.
dashboard/.next/server/app/es/interactive.meta,generated|stale,DELETE_CANDIDATE,Generated/cache/build output; safe only after owner review and regeneration path confirmation.
dashboard/.next/server/app/es/interactive.rsc,duplicate|generated|stale,DELETE_CANDIDATE,Generated/cache/build output; safe only after owner review and regeneration path confirmation.
dashboard/.next/server/app/es/interactive.segments/_full.segment.rsc,duplicate|generated|stale,DELETE_CANDIDATE,Generated/cache/build output; safe only after owner review and regeneration path confirmation.
dashboard/.next/server/app/es/interactive.segments/_head.segment.rsc,duplicate|generated|stale,DELETE_CANDIDATE,Generated/cache/build output; safe only after owner review and regeneration path confirmation.
dashboard/.next/server/app/es/interactive.segments/_index.segment.rsc,duplicate|generated|stale,DELETE_CANDIDATE,Generated/cache/build output; safe only after owner review and regeneration path confirmation.
dashboard/.next/server/app/es/interactive.segments/_tree.segment.rsc,generated|stale,DELETE_CANDIDATE,Generated/cache/build output; safe only after owner review and regeneration path confirmation.
dashboard/.next/server/app/es/interactive.segments/$d$lang.segment.rsc,duplicate|generated|stale,DELETE_CANDIDATE,Generated/cache/build output; safe only after owner review and regeneration path confirmation.
dashboard/.next/server/app/es/interactive.segments/$d$lang/interactive.segment.rsc,duplicate|generated|stale,DELETE_CANDIDATE,Generated/cache/build output; safe only after owner review and regeneration path confirmation.
dashboard/.next/server/app/es/interactive.segments/$d$lang/interactive/__PAGE__.segment.rsc,generated|stale,DELETE_CANDIDATE,Generated/cache/build output; safe only after owner review and regeneration path confirmation.
dashboard/.next/server/app/es/learn.html,generated|stale,DELETE_CANDIDATE,Generated/cache/build output; safe only after owner review and regeneration path confirmation.
dashboard/.next/server/app/es/learn.meta,generated|stale,DELETE_CANDIDATE,Generated/cache/build output; safe only after owner review and regeneration path confirmation.
dashboard/.next/server/app/es/learn.rsc,duplicate|generated|stale,DELETE_CANDIDATE,Generated/cache/build output; safe only after owner review and regeneration path confirmation.
dashboard/.next/server/app/es/learn.segments/_full.segment.rsc,duplicate|generated|stale,DELETE_CANDIDATE,Generated/cache/build output; safe only after owner review and regeneration path confirmation.
dashboard/.next/server/app/es/learn.segments/_head.segment.rsc,duplicate|generated|stale,DELETE_CANDIDATE,Generated/cache/build output; safe only after owner review and regeneration path confirmation.
dashboard/.next/server/app/es/learn.segments/_index.segment.rsc,duplicate|generated|stale,DELETE_CANDIDATE,Generated/cache/build output; safe only after owner review and regeneration path confirmation.
dashboard/.next/server/app/es/learn.segments/_tree.segment.rsc,generated|stale,DELETE_CANDIDATE,Generated/cache/build output; safe only after owner review and regeneration path confirmation.
dashboard/.next/server/app/es/learn.segments/$d$lang.segment.rsc,duplicate|generated|stale,DELETE_CANDIDATE,Generated/cache/build output; safe only after owner review and regeneration path confirmation.
dashboard/.next/server/app/es/learn.segments/$d$lang/learn.segment.rsc,duplicate|generated|stale,DELETE_CANDIDATE,Generated/cache/build output; safe only after owner review and regeneration path confirmation.
dashboard/.next/server/app/es/learn.segments/$d$lang/learn/__PAGE__.segment.rsc,generated|stale,DELETE_CANDIDATE,Generated/cache/build output; safe only after owner review and regeneration path confirmation.
dashboard/.next/server/app/es/mathematics.html,generated|stale,DELETE_CANDIDATE,Generated/cache/build output; safe only after owner review and regeneration path confirmation.
dashboard/.next/server/app/es/mathematics.meta,generated|stale,DELETE_CANDIDATE,Generated/cache/build output; safe only after owner review and regeneration path confirmation.
dashboard/.next/server/app/es/mathematics.rsc,duplicate|generated|stale,DELETE_CANDIDATE,Generated/cache/build output; safe only after owner review and regeneration path confirmation.
dashboard/.next/server/app/es/mathematics.segments/_full.segment.rsc,duplicate|generated|stale,DELETE_CANDIDATE,Generated/cache/build output; safe only after owner review and regeneration path confirmation.
dashboard/.next/server/app/es/mathematics.segments/_head.segment.rsc,duplicate|generated|stale,DELETE_CANDIDATE,Generated/cache/build output; safe only after owner review and regeneration path confirmation.
dashboard/.next/server/app/es/mathematics.segments/_index.segment.rsc,duplicate|generated|stale,DELETE_CANDIDATE,Generated/cache/build output; safe only after owner review and regeneration path confirmation.
dashboard/.next/server/app/es/mathematics.segments/_tree.segment.rsc,generated|stale,DELETE_CANDIDATE,Generated/cache/build output; safe only after owner review and regeneration path confirmation.
dashboard/.next/server/app/es/mathematics.segments/$d$lang.segment.rsc,duplicate|generated|stale,DELETE_CANDIDATE,Generated/cache/build output; safe only after owner review and regeneration path confirmation.
dashboard/.next/server/app/es/mathematics.segments/$d$lang/mathematics.segment.rsc,duplicate|generated|stale,DELETE_CANDIDATE,Generated/cache/build output; safe only after owner review and regeneration path confirmation.
dashboard/.next/server/app/es/mathematics.segments/$d$lang/mathematics/__PAGE__.segment.rsc,generated|stale,DELETE_CANDIDATE,Generated/cache/build output; safe only after owner review and regeneration path confirmation.
dashboard/.next/server/app/es/physics.html,generated|stale,DELETE_CANDIDATE,Generated/cache/build output; safe only after owner review and regeneration path confirmation.
dashboard/.next/server/app/es/physics.meta,generated|stale,DELETE_CANDIDATE,Generated/cache/build output; safe only after owner review and regeneration path confirmation.
dashboard/.next/server/app/es/physics.rsc,duplicate|generated|stale,DELETE_CANDIDATE,Generated/cache/build output; safe only after owner review and regeneration path confirmation.
dashboard/.next/server/app/es/physics.segments/_full.segment.rsc,duplicate|generated|stale,DELETE_CANDIDATE,Generated/cache/build output; safe only after owner review and regeneration path confirmation.
dashboard/.next/server/app/es/physics.segments/_head.segment.rsc,duplicate|generated|stale,DELETE_CANDIDATE,Generated/cache/build output; safe only after owner review and regeneration path confirmation.
dashboard/.next/server/app/es/physics.segments/_index.segment.rsc,duplicate|generated|stale,DELETE_CANDIDATE,Generated/cache/build output; safe only after owner review and regeneration path confirmation.
dashboard/.next/server/app/es/physics.segments/_tree.segment.rsc,generated|stale,DELETE_CANDIDATE,Generated/cache/build output; safe only after owner review and regeneration path confirmation.
dashboard/.next/server/app/es/physics.segments/$d$lang.segment.rsc,duplicate|generated|stale,DELETE_CANDIDATE,Generated/cache/build output; safe only after owner review and regeneration path confirmation.
dashboard/.next/server/app/es/physics.segments/$d$lang/physics.segment.rsc,duplicate|generated|stale,DELETE_CANDIDATE,Generated/cache/build output; safe only after owner review and regeneration path confirmation.
dashboard/.next/server/app/es/physics.segments/$d$lang/physics/__PAGE__.segment.rsc,generated|stale,DELETE_CANDIDATE,Generated/cache/build output; safe only after owner review and regeneration path confirmation.
dashboard/.next/server/app/es/quantum.html,generated|stale,DELETE_CANDIDATE,Generated/cache/build output; safe only after owner review and regeneration path confirmation.
dashboard/.next/server/app/es/quantum.meta,generated|stale,DELETE_CANDIDATE,Generated/cache/build output; safe only after owner review and regeneration path confirmation.
dashboard/.next/server/app/es/quantum.rsc,duplicate|generated|stale,DELETE_CANDIDATE,Generated/cache/build output; safe only after owner review and regeneration path confirmation.
dashboard/.next/server/app/es/quantum.segments/_full.segment.rsc,duplicate|generated|stale,DELETE_CANDIDATE,Generated/cache/build output; safe only after owner review and regeneration path confirmation.
dashboard/.next/server/app/es/quantum.segments/_head.segment.rsc,duplicate|generated|stale,DELETE_CANDIDATE,Generated/cache/build output; safe only after owner review and regeneration path confirmation.
dashboard/.next/server/app/es/quantum.segments/_index.segment.rsc,duplicate|generated|stale,DELETE_CANDIDATE,Generated/cache/build output; safe only after owner review and regeneration path confirmation.
dashboard/.next/server/app/es/quantum.segments/_tree.segment.rsc,generated|stale,DELETE_CANDIDATE,Generated/cache/build output; safe only after owner review and regeneration path confirmation.
dashboard/.next/server/app/es/quantum.segments/$d$lang.segment.rsc,duplicate|generated|stale,DELETE_CANDIDATE,Generated/cache/build output; safe only after owner review and regeneration path confirmation.
dashboard/.next/server/app/es/quantum.segments/$d$lang/quantum.segment.rsc,duplicate|generated|stale,DELETE_CANDIDATE,Generated/cache/build output; safe only after owner review and regeneration path confirmation.
dashboard/.next/server/app/es/quantum.segments/$d$lang/quantum/__PAGE__.segment.rsc,generated|stale,DELETE_CANDIDATE,Generated/cache/build output; safe only after owner review and regeneration path confirmation.
dashboard/.next/server/app/es/satellite.html,generated|stale,DELETE_CANDIDATE,Generated/cache/build output; safe only after owner review and regeneration path confirmation.
dashboard/.next/server/app/es/satellite.meta,generated|stale,DELETE_CANDIDATE,Generated/cache/build output; safe only after owner review and regeneration path confirmation.
dashboard/.next/server/app/es/satellite.rsc,duplicate|generated|stale,DELETE_CANDIDATE,Generated/cache/build output; safe only after owner review and regeneration path confirmation.
dashboard/.next/server/app/es/satellite.segments/_full.segment.rsc,duplicate|generated|stale,DELETE_CANDIDATE,Generated/cache/build output; safe only after owner review and regeneration path confirmation.
dashboard/.next/server/app/es/satellite.segments/_head.segment.rsc,duplicate|generated|stale,DELETE_CANDIDATE,Generated/cache/build output; safe only after owner review and regeneration path confirmation.
dashboard/.next/server/app/es/satellite.segments/_index.segment.rsc,duplicate|generated|stale,DELETE_CANDIDATE,Generated/cache/build output; safe only after owner review and regeneration path confirmation.
dashboard/.next/server/app/es/satellite.segments/_tree.segment.rsc,generated|stale,DELETE_CANDIDATE,Generated/cache/build output; safe only after owner review and regeneration path confirmation.
dashboard/.next/server/app/es/satellite.segments/$d$lang.segment.rsc,duplicate|generated|stale,DELETE_CANDIDATE,Generated/cache/build output; safe only after owner review and regeneration path confirmation.
dashboard/.next/server/app/es/satellite.segments/$d$lang/satellite.segment.rsc,duplicate|generated|stale,DELETE_CANDIDATE,Generated/cache/build output; safe only after owner review and regeneration path confirmation.
dashboard/.next/server/app/es/satellite.segments/$d$lang/satellite/__PAGE__.segment.rsc,generated|stale,DELETE_CANDIDATE,Generated/cache/build output; safe only after owner review and regeneration path confirmation.
dashboard/.next/server/app/favicon.ico.body,duplicate|generated|stale,DELETE_CANDIDATE,Generated/cache/build output; safe only after owner review and regeneration path confirmation.
dashboard/.next/server/app/favicon.ico.meta,generated|stale,DELETE_CANDIDATE,Generated/cache/build output; safe only after owner review and regeneration path confirmation.
dashboard/.next/server/app/favicon.ico/route.js,generated|stale,DELETE_CANDIDATE,Generated/cache/build output; safe only after owner review and regeneration path confirmation.
dashboard/.next/server/app/favicon.ico/route.js.map,duplicate|generated|stale,DELETE_CANDIDATE,Generated/cache/build output; safe only after owner review and regeneration path confirmation.
dashboard/.next/server/app/favicon.ico/route.js.nft.json,generated|stale,DELETE_CANDIDATE,Generated/cache/build output; safe only after owner review and regeneration path confirmation.
dashboard/.next/server/app/favicon.ico/route/app-paths-manifest.json,generated|stale,DELETE_CANDIDATE,Generated/cache/build output; safe only after owner review and regeneration path confirmation.
dashboard/.next/server/app/favicon.ico/route/build-manifest.json,generated|stale,DELETE_CANDIDATE,Generated/cache/build output; safe only after owner review and regeneration path confirmation.
dashboard/.next/server/app/index.html,generated|stale,DELETE_CANDIDATE,Generated/cache/build output; safe only after owner review and regeneration path confirmation.
dashboard/.next/server/app/index.meta,generated|stale,DELETE_CANDIDATE,Generated/cache/build output; safe only after owner review and regeneration path confirmation.
dashboard/.next/server/app/index.rsc,duplicate|generated|stale,DELETE_CANDIDATE,Generated/cache/build output; safe only after owner review and regeneration path confirmation.
dashboard/.next/server/app/index.segments/__PAGE__.segment.rsc,duplicate|generated|stale,DELETE_CANDIDATE,Generated/cache/build output; safe only after owner review and regeneration path confirmation.
dashboard/.next/server/app/index.segments/_full.segment.rsc,duplicate|generated|stale,DELETE_CANDIDATE,Generated/cache/build output; safe only after owner review and regeneration path confirmation.
dashboard/.next/server/app/index.segments/_head.segment.rsc,duplicate|generated|stale,DELETE_CANDIDATE,Generated/cache/build output; safe only after owner review and regeneration path confirmation.
dashboard/.next/server/app/index.segments/_index.segment.rsc,duplicate|generated|stale,DELETE_CANDIDATE,Generated/cache/build output; safe only after owner review and regeneration path confirmation.
dashboard/.next/server/app/index.segments/_tree.segment.rsc,generated|stale,DELETE_CANDIDATE,Generated/cache/build output; safe only after owner review and regeneration path confirmation.
dashboard/.next/server/app/learn.html,generated|stale,DELETE_CANDIDATE,Generated/cache/build output; safe only after owner review and regeneration path confirmation.
dashboard/.next/server/app/learn.meta,generated|stale,DELETE_CANDIDATE,Generated/cache/build output; safe only after owner review and regeneration path confirmation.
dashboard/.next/server/app/learn.rsc,duplicate|generated|stale,DELETE_CANDIDATE,Generated/cache/build output; safe only after owner review and regeneration path confirmation.
dashboard/.next/server/app/learn.segments/_full.segment.rsc,duplicate|generated|stale,DELETE_CANDIDATE,Generated/cache/build output; safe only after owner review and regeneration path confirmation.
dashboard/.next/server/app/learn.segments/_head.segment.rsc,duplicate|generated|stale,DELETE_CANDIDATE,Generated/cache/build output; safe only after owner review and regeneration path confirmation.
dashboard/.next/server/app/learn.segments/_index.segment.rsc,duplicate|generated|stale,DELETE_CANDIDATE,Generated/cache/build output; safe only after owner review and regeneration path confirmation.
dashboard/.next/server/app/learn.segments/_tree.segment.rsc,generated|stale,DELETE_CANDIDATE,Generated/cache/build output; safe only after owner review and regeneration path confirmation.
dashboard/.next/server/app/learn.segments/learn.segment.rsc,duplicate|generated|stale,DELETE_CANDIDATE,Generated/cache/build output; safe only after owner review and regeneration path confirmation.
dashboard/.next/server/app/learn.segments/learn/__PAGE__.segment.rsc,generated|stale,DELETE_CANDIDATE,Generated/cache/build output; safe only after owner review and regeneration path confirmation.
dashboard/.next/server/app/learn/page_client-reference-manifest.js,generated|stale,DELETE_CANDIDATE,Generated/cache/build output; safe only after owner review and regeneration path confirmation.
dashboard/.next/server/app/learn/page.js,generated|stale,DELETE_CANDIDATE,Generated/cache/build output; safe only after owner review and regeneration path confirmation.
dashboard/.next/server/app/learn/page.js.map,duplicate|generated|stale,DELETE_CANDIDATE,Generated/cache/build output; safe only after owner review and regeneration path confirmation.
dashboard/.next/server/app/learn/page.js.nft.json,generated|stale,DELETE_CANDIDATE,Generated/cache/build output; safe only after owner review and regeneration path confirmation.
dashboard/.next/server/app/learn/page/app-paths-manifest.json,generated|stale,DELETE_CANDIDATE,Generated/cache/build output; safe only after owner review and regeneration path confirmation.
dashboard/.next/server/app/learn/page/build-manifest.json,duplicate|generated|stale,DELETE_CANDIDATE,Generated/cache/build output; safe only after owner review and regeneration path confirmation.
dashboard/.next/server/app/learn/page/next-font-manifest.json,generated|stale,DELETE_CANDIDATE,Generated/cache/build output; safe only after owner review and regeneration path confirmation.
dashboard/.next/server/app/learn/page/react-loadable-manifest.json,duplicate|generated|stale,DELETE_CANDIDATE,Generated/cache/build output; safe only after owner review and regeneration path confirmation.
dashboard/.next/server/app/learn/page/server-reference-manifest.json,duplicate|generated|stale,DELETE_CANDIDATE,Generated/cache/build output; safe only after owner review and regeneration path confirmation.
dashboard/.next/server/app/mathematics.html,generated|stale,DELETE_CANDIDATE,Generated/cache/build output; safe only after owner review and regeneration path confirmation.
dashboard/.next/server/app/mathematics.meta,generated|stale,DELETE_CANDIDATE,Generated/cache/build output; safe only after owner review and regeneration path confirmation.
dashboard/.next/server/app/mathematics.rsc,duplicate|generated|stale,DELETE_CANDIDATE,Generated/cache/build output; safe only after owner review and regeneration path confirmation.
dashboard/.next/server/app/mathematics.segments/_full.segment.rsc,duplicate|generated|stale,DELETE_CANDIDATE,Generated/cache/build output; safe only after owner review and regeneration path confirmation.
dashboard/.next/server/app/mathematics.segments/_head.segment.rsc,duplicate|generated|stale,DELETE_CANDIDATE,Generated/cache/build output; safe only after owner review and regeneration path confirmation.
dashboard/.next/server/app/mathematics.segments/_index.segment.rsc,duplicate|generated|stale,DELETE_CANDIDATE,Generated/cache/build output; safe only after owner review and regeneration path confirmation.
dashboard/.next/server/app/mathematics.segments/_tree.segment.rsc,generated|stale,DELETE_CANDIDATE,Generated/cache/build output; safe only after owner review and regeneration path confirmation.
dashboard/.next/server/app/mathematics.segments/mathematics.segment.rsc,duplicate|generated|stale,DELETE_CANDIDATE,Generated/cache/build output; safe only after owner review and regeneration path confirmation.
dashboard/.next/server/app/mathematics.segments/mathematics/__PAGE__.segment.rsc,generated|stale,DELETE_CANDIDATE,Generated/cache/build output; safe only after owner review and regeneration path confirmation.
dashboard/.next/server/app/mathematics/page_client-reference-manifest.js,generated|stale,DELETE_CANDIDATE,Generated/cache/build output; safe only after owner review and regeneration path confirmation.
dashboard/.next/server/app/mathematics/page.js,generated|stale,DELETE_CANDIDATE,Generated/cache/build output; safe only after owner review and regeneration path confirmation.
dashboard/.next/server/app/mathematics/page.js.map,duplicate|generated|stale,DELETE_CANDIDATE,Generated/cache/build output; safe only after owner review and regeneration path confirmation.
dashboard/.next/server/app/mathematics/page.js.nft.json,generated|stale,DELETE_CANDIDATE,Generated/cache/build output; safe only after owner review and regeneration path confirmation.
dashboard/.next/server/app/mathematics/page/app-paths-manifest.json,generated|stale,DELETE_CANDIDATE,Generated/cache/build output; safe only after owner review and regeneration path confirmation.
dashboard/.next/server/app/mathematics/page/build-manifest.json,duplicate|generated|stale,DELETE_CANDIDATE,Generated/cache/build output; safe only after owner review and regeneration path confirmation.
dashboard/.next/server/app/mathematics/page/next-font-manifest.json,generated|stale,DELETE_CANDIDATE,Generated/cache/build output; safe only after owner review and regeneration path confirmation.
dashboard/.next/server/app/mathematics/page/react-loadable-manifest.json,duplicate|generated|stale,DELETE_CANDIDATE,Generated/cache/build output; safe only after owner review and regeneration path confirmation.
dashboard/.next/server/app/mathematics/page/server-reference-manifest.json,duplicate|generated|stale,DELETE_CANDIDATE,Generated/cache/build output; safe only after owner review and regeneration path confirmation.
dashboard/.next/server/app/page_client-reference-manifest.js,generated|stale,DELETE_CANDIDATE,Generated/cache/build output; safe only after owner review and regeneration path confirmation.
dashboard/.next/server/app/page.js,generated|stale,DELETE_CANDIDATE,Generated/cache/build output; safe only after owner review and regeneration path confirmation.
dashboard/.next/server/app/page.js.map,duplicate|generated|stale,DELETE_CANDIDATE,Generated/cache/build output; safe only after owner review and regeneration path confirmation.
dashboard/.next/server/app/page.js.nft.json,generated|stale,DELETE_CANDIDATE,Generated/cache/build output; safe only after owner review and regeneration path confirmation.
dashboard/.next/server/app/page/app-paths-manifest.json,generated|stale,DELETE_CANDIDATE,Generated/cache/build output; safe only after owner review and regeneration path confirmation.
dashboard/.next/server/app/page/build-manifest.json,duplicate|generated|stale,DELETE_CANDIDATE,Generated/cache/build output; safe only after owner review and regeneration path confirmation.
dashboard/.next/server/app/page/next-font-manifest.json,generated|stale,DELETE_CANDIDATE,Generated/cache/build output; safe only after owner review and regeneration path confirmation.
dashboard/.next/server/app/page/react-loadable-manifest.json,duplicate|generated|stale,DELETE_CANDIDATE,Generated/cache/build output; safe only after owner review and regeneration path confirmation.
dashboard/.next/server/app/page/server-reference-manifest.json,duplicate|generated|stale,DELETE_CANDIDATE,Generated/cache/build output; safe only after owner review and regeneration path confirmation.
dashboard/.next/server/app/physics.html,generated|stale,DELETE_CANDIDATE,Generated/cache/build output; safe only after owner review and regeneration path confirmation.
dashboard/.next/server/app/physics.meta,generated|stale,DELETE_CANDIDATE,Generated/cache/build output; safe only after owner review and regeneration path confirmation.
dashboard/.next/server/app/physics.rsc,duplicate|generated|stale,DELETE_CANDIDATE,Generated/cache/build output; safe only after owner review and regeneration path confirmation.
dashboard/.next/server/app/physics.segments/_full.segment.rsc,duplicate|generated|stale,DELETE_CANDIDATE,Generated/cache/build output; safe only after owner review and regeneration path confirmation.
dashboard/.next/server/app/physics.segments/_head.segment.rsc,duplicate|generated|stale,DELETE_CANDIDATE,Generated/cache/build output; safe only after owner review and regeneration path confirmation.
dashboard/.next/server/app/physics.segments/_index.segment.rsc,duplicate|generated|stale,DELETE_CANDIDATE,Generated/cache/build output; safe only after owner review and regeneration path confirmation.
dashboard/.next/server/app/physics.segments/_tree.segment.rsc,generated|stale,DELETE_CANDIDATE,Generated/cache/build output; safe only after owner review and regeneration path confirmation.
dashboard/.next/server/app/physics.segments/physics.segment.rsc,duplicate|generated|stale,DELETE_CANDIDATE,Generated/cache/build output; safe only after owner review and regeneration path confirmation.
dashboard/.next/server/app/physics.segments/physics/__PAGE__.segment.rsc,duplicate|generated|stale,DELETE_CANDIDATE,Generated/cache/build output; safe only after owner review and regeneration path confirmation.
dashboard/.next/server/app/physics/page_client-reference-manifest.js,generated|stale,DELETE_CANDIDATE,Generated/cache/build output; safe only after owner review and regeneration path confirmation.
dashboard/.next/server/app/physics/page.js,generated|stale,DELETE_CANDIDATE,Generated/cache/build output; safe only after owner review and regeneration path confirmation.
dashboard/.next/server/app/physics/page.js.map,duplicate|generated|stale,DELETE_CANDIDATE,Generated/cache/build output; safe only after owner review and regeneration path confirmation.
dashboard/.next/server/app/physics/page.js.nft.json,generated|stale,DELETE_CANDIDATE,Generated/cache/build output; safe only after owner review and regeneration path confirmation.
dashboard/.next/server/app/physics/page/app-paths-manifest.json,generated|stale,DELETE_CANDIDATE,Generated/cache/build output; safe only after owner review and regeneration path confirmation.
dashboard/.next/server/app/physics/page/build-manifest.json,duplicate|generated|stale,DELETE_CANDIDATE,Generated/cache/build output; safe only after owner review and regeneration path confirmation.
dashboard/.next/server/app/physics/page/next-font-manifest.json,generated|stale,DELETE_CANDIDATE,Generated/cache/build output; safe only after owner review and regeneration path confirmation.
dashboard/.next/server/app/physics/page/react-loadable-manifest.json,duplicate|generated|stale,DELETE_CANDIDATE,Generated/cache/build output; safe only after owner review and regeneration path confirmation.
dashboard/.next/server/app/physics/page/server-reference-manifest.json,duplicate|generated|stale,DELETE_CANDIDATE,Generated/cache/build output; safe only after owner review and regeneration path confirmation.
dashboard/.next/server/app/quantum.html,generated|stale,DELETE_CANDIDATE,Generated/cache/build output; safe only after owner review and regeneration path confirmation.
dashboard/.next/server/app/quantum.meta,generated|stale,DELETE_CANDIDATE,Generated/cache/build output; safe only after owner review and regeneration path confirmation.
dashboard/.next/server/app/quantum.rsc,duplicate|generated|stale,DELETE_CANDIDATE,Generated/cache/build output; safe only after owner review and regeneration path confirmation.
dashboard/.next/server/app/quantum.segments/_full.segment.rsc,duplicate|generated|stale,DELETE_CANDIDATE,Generated/cache/build output; safe only after owner review and regeneration path confirmation.
dashboard/.next/server/app/quantum.segments/_head.segment.rsc,duplicate|generated|stale,DELETE_CANDIDATE,Generated/cache/build output; safe only after owner review and regeneration path confirmation.
dashboard/.next/server/app/quantum.segments/_index.segment.rsc,duplicate|generated|stale,DELETE_CANDIDATE,Generated/cache/build output; safe only after owner review and regeneration path confirmation.
dashboard/.next/server/app/quantum.segments/_tree.segment.rsc,generated|stale,DELETE_CANDIDATE,Generated/cache/build output; safe only after owner review and regeneration path confirmation.
dashboard/.next/server/app/quantum.segments/quantum.segment.rsc,duplicate|generated|stale,DELETE_CANDIDATE,Generated/cache/build output; safe only after owner review and regeneration path confirmation.
dashboard/.next/server/app/quantum.segments/quantum/__PAGE__.segment.rsc,generated|stale,DELETE_CANDIDATE,Generated/cache/build output; safe only after owner review and regeneration path confirmation.
dashboard/.next/server/app/quantum/page_client-reference-manifest.js,generated|stale,DELETE_CANDIDATE,Generated/cache/build output; safe only after owner review and regeneration path confirmation.
dashboard/.next/server/app/quantum/page.js,generated|stale,DELETE_CANDIDATE,Generated/cache/build output; safe only after owner review and regeneration path confirmation.
dashboard/.next/server/app/quantum/page.js.map,duplicate|generated|stale,DELETE_CANDIDATE,Generated/cache/build output; safe only after owner review and regeneration path confirmation.
dashboard/.next/server/app/quantum/page.js.nft.json,generated|stale,DELETE_CANDIDATE,Generated/cache/build output; safe only after owner review and regeneration path confirmation.
dashboard/.next/server/app/quantum/page/app-paths-manifest.json,generated|stale,DELETE_CANDIDATE,Generated/cache/build output; safe only after owner review and regeneration path confirmation.
dashboard/.next/server/app/quantum/page/build-manifest.json,duplicate|generated|stale,DELETE_CANDIDATE,Generated/cache/build output; safe only after owner review and regeneration path confirmation.
dashboard/.next/server/app/quantum/page/next-font-manifest.json,generated|stale,DELETE_CANDIDATE,Generated/cache/build output; safe only after owner review and regeneration path confirmation.
dashboard/.next/server/app/quantum/page/react-loadable-manifest.json,duplicate|generated|stale,DELETE_CANDIDATE,Generated/cache/build output; safe only after owner review and regeneration path confirmation.
dashboard/.next/server/app/quantum/page/server-reference-manifest.json,duplicate|generated|stale,DELETE_CANDIDATE,Generated/cache/build output; safe only after owner review and regeneration path confirmation.
dashboard/.next/server/app/satellite.html,generated|stale,DELETE_CANDIDATE,Generated/cache/build output; safe only after owner review and regeneration path confirmation.
dashboard/.next/server/app/satellite.meta,generated|stale,DELETE_CANDIDATE,Generated/cache/build output; safe only after owner review and regeneration path confirmation.
dashboard/.next/server/app/satellite.rsc,duplicate|generated|stale,DELETE_CANDIDATE,Generated/cache/build output; safe only after owner review and regeneration path confirmation.
dashboard/.next/server/app/satellite.segments/_full.segment.rsc,duplicate|generated|stale,DELETE_CANDIDATE,Generated/cache/build output; safe only after owner review and regeneration path confirmation.
dashboard/.next/server/app/satellite.segments/_head.segment.rsc,duplicate|generated|stale,DELETE_CANDIDATE,Generated/cache/build output; safe only after owner review and regeneration path confirmation.
dashboard/.next/server/app/satellite.segments/_index.segment.rsc,duplicate|generated|stale,DELETE_CANDIDATE,Generated/cache/build output; safe only after owner review and regeneration path confirmation.
dashboard/.next/server/app/satellite.segments/_tree.segment.rsc,generated|stale,DELETE_CANDIDATE,Generated/cache/build output; safe only after owner review and regeneration path confirmation.
dashboard/.next/server/app/satellite.segments/satellite.segment.rsc,duplicate|generated|stale,DELETE_CANDIDATE,Generated/cache/build output; safe only after owner review and regeneration path confirmation.
dashboard/.next/server/app/satellite.segments/satellite/__PAGE__.segment.rsc,generated|stale,DELETE_CANDIDATE,Generated/cache/build output; safe only after owner review and regeneration path confirmation.
dashboard/.next/server/app/satellite/page_client-reference-manifest.js,generated|stale,DELETE_CANDIDATE,Generated/cache/build output; safe only after owner review and regeneration path confirmation.
dashboard/.next/server/app/satellite/page.js,generated|stale,DELETE_CANDIDATE,Generated/cache/build output; safe only after owner review and regeneration path confirmation.
dashboard/.next/server/app/satellite/page.js.map,duplicate|generated|stale,DELETE_CANDIDATE,Generated/cache/build output; safe only after owner review and regeneration path confirmation.
dashboard/.next/server/app/satellite/page.js.nft.json,generated|stale,DELETE_CANDIDATE,Generated/cache/build output; safe only after owner review and regeneration path confirmation.
dashboard/.next/server/app/satellite/page/app-paths-manifest.json,generated|stale,DELETE_CANDIDATE,Generated/cache/build output; safe only after owner review and regeneration path confirmation.
dashboard/.next/server/app/satellite/page/build-manifest.json,duplicate|generated|stale,DELETE_CANDIDATE,Generated/cache/build output; safe only after owner review and regeneration path confirmation.
dashboard/.next/server/app/satellite/page/next-font-manifest.json,generated|stale,DELETE_CANDIDATE,Generated/cache/build output; safe only after owner review and regeneration path confirmation.
dashboard/.next/server/app/satellite/page/react-loadable-manifest.json,duplicate|generated|stale,DELETE_CANDIDATE,Generated/cache/build output; safe only after owner review and regeneration path confirmation.
dashboard/.next/server/app/satellite/page/server-reference-manifest.json,duplicate|generated|stale,DELETE_CANDIDATE,Generated/cache/build output; safe only after owner review and regeneration path confirmation.
dashboard/.next/server/chunks/_next-internal_server_app_favicon_ico_route_actions_095lj93.js,generated|stale,DELETE_CANDIDATE,Generated/cache/build output; safe only after owner review and regeneration path confirmation.
dashboard/.next/server/chunks/_next-internal_server_app_favicon_ico_route_actions_095lj93.js.map,duplicate|generated|stale,DELETE_CANDIDATE,Generated/cache/build output; safe only after owner review and regeneration path confirmation.
dashboard/.next/server/chunks/[externals]_next_dist_0arv.vj._.js,generated|stale,DELETE_CANDIDATE,Generated/cache/build output; safe only after owner review and regeneration path confirmation.
dashboard/.next/server/chunks/[externals]_next_dist_0arv.vj._.js.map,duplicate|generated|stale,DELETE_CANDIDATE,Generated/cache/build output; safe only after owner review and regeneration path confirmation.
dashboard/.next/server/chunks/[root-of-the-server]__0teziyo._.js,generated|stale,DELETE_CANDIDATE,Generated/cache/build output; safe only after owner review and regeneration path confirmation.
dashboard/.next/server/chunks/[root-of-the-server]__0teziyo._.js.map,generated|stale,DELETE_CANDIDATE,Generated/cache/build output; safe only after owner review and regeneration path confirmation.
dashboard/.next/server/chunks/[turbopack]_runtime.js,generated|stale,DELETE_CANDIDATE,Generated/cache/build output; safe only after owner review and regeneration path confirmation.
dashboard/.next/server/chunks/[turbopack]_runtime.js.map,duplicate|generated|stale,DELETE_CANDIDATE,Generated/cache/build output; safe only after owner review and regeneration path confirmation.
dashboard/.next/server/chunks/ssr/_0-feljj._.js,generated|stale,DELETE_CANDIDATE,Generated/cache/build output; safe only after owner review and regeneration path confirmation.
dashboard/.next/server/chunks/ssr/_0-feljj._.js.map,generated|stale,DELETE_CANDIDATE,Generated/cache/build output; safe only after owner review and regeneration path confirmation.
dashboard/.next/server/chunks/ssr/_0~mqzez._.js,generated|stale,DELETE_CANDIDATE,Generated/cache/build output; safe only after owner review and regeneration path confirmation.
dashboard/.next/server/chunks/ssr/_0~mqzez._.js.map,generated|stale,DELETE_CANDIDATE,Generated/cache/build output; safe only after owner review and regeneration path confirmation.
dashboard/.next/server/chunks/ssr/_00t5yzh._.js,generated|stale,DELETE_CANDIDATE,Generated/cache/build output; safe only after owner review and regeneration path confirmation.
dashboard/.next/server/chunks/ssr/_00t5yzh._.js.map,generated|stale,DELETE_CANDIDATE,Generated/cache/build output; safe only after owner review and regeneration path confirmation.
dashboard/.next/server/chunks/ssr/_03w667h._.js,generated|stale,DELETE_CANDIDATE,Generated/cache/build output; safe only after owner review and regeneration path confirmation.
dashboard/.next/server/chunks/ssr/_03w667h._.js.map,generated|stale,DELETE_CANDIDATE,Generated/cache/build output; safe only after owner review and regeneration path confirmation.
dashboard/.next/server/chunks/ssr/_0bqxywj._.js,generated|stale,DELETE_CANDIDATE,Generated/cache/build output; safe only after owner review and regeneration path confirmation.
dashboard/.next/server/chunks/ssr/_0bqxywj._.js.map,generated|stale,DELETE_CANDIDATE,Generated/cache/build output; safe only after owner review and regeneration path confirmation.
dashboard/.next/server/chunks/ssr/_0h7f_q3._.js,generated|stale,DELETE_CANDIDATE,Generated/cache/build output; safe only after owner review and regeneration path confirmation.
dashboard/.next/server/chunks/ssr/_0h7f_q3._.js.map,generated|stale,DELETE_CANDIDATE,Generated/cache/build output; safe only after owner review and regeneration path confirmation.
dashboard/.next/server/chunks/ssr/_0kbpv9p._.js,generated|stale,DELETE_CANDIDATE,Generated/cache/build output; safe only after owner review and regeneration path confirmation.
dashboard/.next/server/chunks/ssr/_0kbpv9p._.js.map,generated|stale,DELETE_CANDIDATE,Generated/cache/build output; safe only after owner review and regeneration path confirmation.
dashboard/.next/server/chunks/ssr/_0l6ac_u._.js,generated|stale,DELETE_CANDIDATE,Generated/cache/build output; safe only after owner review and regeneration path confirmation.
dashboard/.next/server/chunks/ssr/_0l6ac_u._.js.map,generated|stale,DELETE_CANDIDATE,Generated/cache/build output; safe only after owner review and regeneration path confirmation.
dashboard/.next/server/chunks/ssr/_0m1hupg._.js,generated|stale,DELETE_CANDIDATE,Generated/cache/build output; safe only after owner review and regeneration path confirmation.
dashboard/.next/server/chunks/ssr/_0m1hupg._.js.map,generated|stale,DELETE_CANDIDATE,Generated/cache/build output; safe only after owner review and regeneration path confirmation.
dashboard/.next/server/chunks/ssr/_0mzruk9._.js,generated|stale,DELETE_CANDIDATE,Generated/cache/build output; safe only after owner review and regeneration path confirmation.
dashboard/.next/server/chunks/ssr/_0mzruk9._.js.map,generated|stale,DELETE_CANDIDATE,Generated/cache/build output; safe only after owner review and regeneration path confirmation.
dashboard/.next/server/chunks/ssr/_0oqpykg._.js,generated|stale,DELETE_CANDIDATE,Generated/cache/build output; safe only after owner review and regeneration path confirmation.
dashboard/.next/server/chunks/ssr/_0oqpykg._.js.map,generated|stale,DELETE_CANDIDATE,Generated/cache/build output; safe only after owner review and regeneration path confirmation.
dashboard/.next/server/chunks/ssr/_0r_to_3._.js,generated|stale,DELETE_CANDIDATE,Generated/cache/build output; safe only after owner review and regeneration path confirmation.
dashboard/.next/server/chunks/ssr/_0r_to_3._.js.map,generated|stale,DELETE_CANDIDATE,Generated/cache/build output; safe only after owner review and regeneration path confirmation.
dashboard/.next/server/chunks/ssr/_0sdd1rf._.js,generated|stale,DELETE_CANDIDATE,Generated/cache/build output; safe only after owner review and regeneration path confirmation.
dashboard/.next/server/chunks/ssr/_0sdd1rf._.js.map,generated|stale,DELETE_CANDIDATE,Generated/cache/build output; safe only after owner review and regeneration path confirmation.
dashboard/.next/server/chunks/ssr/_0x7rm-j._.js,generated|stale,DELETE_CANDIDATE,Generated/cache/build output; safe only after owner review and regeneration path confirmation.
dashboard/.next/server/chunks/ssr/_0x7rm-j._.js.map,generated|stale,DELETE_CANDIDATE,Generated/cache/build output; safe only after owner review and regeneration path confirmation.
dashboard/.next/server/chunks/ssr/_12i5brm._.js,generated|stale,DELETE_CANDIDATE,Generated/cache/build output; safe only after owner review and regeneration path confirmation.
dashboard/.next/server/chunks/ssr/_12i5brm._.js.map,generated|stale,DELETE_CANDIDATE,Generated/cache/build output; safe only after owner review and regeneration path confirmation.
dashboard/.next/server/chunks/ssr/_12y3hc.._.js,generated|stale,DELETE_CANDIDATE,Generated/cache/build output; safe only after owner review and regeneration path confirmation.
dashboard/.next/server/chunks/ssr/_12y3hc.._.js.map,generated|stale,DELETE_CANDIDATE,Generated/cache/build output; safe only after owner review and regeneration path confirmation.
dashboard/.next/server/chunks/ssr/_next-internal_server_app__global-error_page_actions_0k77kol.js,generated|stale,DELETE_CANDIDATE,Generated/cache/build output; safe only after owner review and regeneration path confirmation.
dashboard/.next/server/chunks/ssr/_next-internal_server_app__global-error_page_actions_0k77kol.js.map,duplicate|generated|stale,DELETE_CANDIDATE,Generated/cache/build output; safe only after owner review and regeneration path confirmation.
dashboard/.next/server/chunks/ssr/_next-internal_server_app__not-found_page_actions_0eq97pa.js,generated|stale,DELETE_CANDIDATE,Generated/cache/build output; safe only after owner review and regeneration path confirmation.
dashboard/.next/server/chunks/ssr/_next-internal_server_app__not-found_page_actions_0eq97pa.js.map,duplicate|generated|stale,DELETE_CANDIDATE,Generated/cache/build output; safe only after owner review and regeneration path confirmation.
dashboard/.next/server/chunks/ssr/_next-internal_server_app_[lang]_compare_page_actions_0va.on7.js,generated|stale,DELETE_CANDIDATE,Generated/cache/build output; safe only after owner review and regeneration path confirmation.
dashboard/.next/server/chunks/ssr/_next-internal_server_app_[lang]_compare_page_actions_0va.on7.js.map,duplicate|generated|stale,DELETE_CANDIDATE,Generated/cache/build output; safe only after owner review and regeneration path confirmation.
dashboard/.next/server/chunks/ssr/_next-internal_server_app_[lang]_dashboard_benchmark_page_actions_0o1yjyp.js,generated|stale,DELETE_CANDIDATE,Generated/cache/build output; safe only after owner review and regeneration path confirmation.
dashboard/.next/server/chunks/ssr/_next-internal_server_app_[lang]_dashboard_benchmark_page_actions_0o1yjyp.js.map,duplicate|generated|stale,DELETE_CANDIDATE,Generated/cache/build output; safe only after owner review and regeneration path confirmation.
dashboard/.next/server/chunks/ssr/_next-internal_server_app_[lang]_dashboard_log_page_actions_0vm5dl1.js,generated|stale,DELETE_CANDIDATE,Generated/cache/build output; safe only after owner review and regeneration path confirmation.
dashboard/.next/server/chunks/ssr/_next-internal_server_app_[lang]_dashboard_log_page_actions_0vm5dl1.js.map,duplicate|generated|stale,DELETE_CANDIDATE,Generated/cache/build output; safe only after owner review and regeneration path confirmation.
dashboard/.next/server/chunks/ssr/_next-internal_server_app_[lang]_dashboard_page_actions_108tr6f.js,generated|stale,DELETE_CANDIDATE,Generated/cache/build output; safe only after owner review and regeneration path confirmation.
dashboard/.next/server/chunks/ssr/_next-internal_server_app_[lang]_dashboard_page_actions_108tr6f.js.map,duplicate|generated|stale,DELETE_CANDIDATE,Generated/cache/build output; safe only after owner review and regeneration path confirmation.
dashboard/.next/server/chunks/ssr/_next-internal_server_app_[lang]_dashboard_roadmap_page_actions_0inrcky.js,generated|stale,DELETE_CANDIDATE,Generated/cache/build output; safe only after owner review and regeneration path confirmation.
dashboard/.next/server/chunks/ssr/_next-internal_server_app_[lang]_dashboard_roadmap_page_actions_0inrcky.js.map,duplicate|generated|stale,DELETE_CANDIDATE,Generated/cache/build output; safe only after owner review and regeneration path confirmation.
dashboard/.next/server/chunks/ssr/_next-internal_server_app_[lang]_dashboard_scientific-log_page_actions_11bqfou.js,generated|stale,DELETE_CANDIDATE,Generated/cache/build output; safe only after owner review and regeneration path confirmation.
dashboard/.next/server/chunks/ssr/_next-internal_server_app_[lang]_dashboard_scientific-log_page_actions_11bqfou.js.map,duplicate|generated|stale,DELETE_CANDIDATE,Generated/cache/build output; safe only after owner review and regeneration path confirmation.
dashboard/.next/server/chunks/ssr/_next-internal_server_app_[lang]_dashboard_timeline_page_actions_0f9w-yn.js,generated|stale,DELETE_CANDIDATE,Generated/cache/build output; safe only after owner review and regeneration path confirmation.
dashboard/.next/server/chunks/ssr/_next-internal_server_app_[lang]_dashboard_timeline_page_actions_0f9w-yn.js.map,duplicate|generated|stale,DELETE_CANDIDATE,Generated/cache/build output; safe only after owner review and regeneration path confirmation.
dashboard/.next/server/chunks/ssr/_next-internal_server_app_[lang]_discoveries_page_actions_0_~ba9u.js,generated|stale,DELETE_CANDIDATE,Generated/cache/build output; safe only after owner review and regeneration path confirmation.
dashboard/.next/server/chunks/ssr/_next-internal_server_app_[lang]_discoveries_page_actions_0_~ba9u.js.map,duplicate|generated|stale,DELETE_CANDIDATE,Generated/cache/build output; safe only after owner review and regeneration path confirmation.
dashboard/.next/server/chunks/ssr/_next-internal_server_app_[lang]_interactive_page_actions_0do7x7~.js,generated|stale,DELETE_CANDIDATE,Generated/cache/build output; safe only after owner review and regeneration path confirmation.
dashboard/.next/server/chunks/ssr/_next-internal_server_app_[lang]_interactive_page_actions_0do7x7~.js.map,duplicate|generated|stale,DELETE_CANDIDATE,Generated/cache/build output; safe only after owner review and regeneration path confirmation.
dashboard/.next/server/chunks/ssr/_next-internal_server_app_[lang]_learn_page_actions_0tz6qdh.js,generated|stale,DELETE_CANDIDATE,Generated/cache/build output; safe only after owner review and regeneration path confirmation.
dashboard/.next/server/chunks/ssr/_next-internal_server_app_[lang]_learn_page_actions_0tz6qdh.js.map,duplicate|generated|stale,DELETE_CANDIDATE,Generated/cache/build output; safe only after owner review and regeneration path confirmation.
dashboard/.next/server/chunks/ssr/_next-internal_server_app_[lang]_mathematics_page_actions_0_skj7i.js,generated|stale,DELETE_CANDIDATE,Generated/cache/build output; safe only after owner review and regeneration path confirmation.
dashboard/.next/server/chunks/ssr/_next-internal_server_app_[lang]_mathematics_page_actions_0_skj7i.js.map,duplicate|generated|stale,DELETE_CANDIDATE,Generated/cache/build output; safe only after owner review and regeneration path confirmation.
dashboard/.next/server/chunks/ssr/_next-internal_server_app_[lang]_physics_page_actions_04fjevj.js,generated|stale,DELETE_CANDIDATE,Generated/cache/build output; safe only after owner review and regeneration path confirmation.
dashboard/.next/server/chunks/ssr/_next-internal_server_app_[lang]_physics_page_actions_04fjevj.js.map,duplicate|generated|stale,DELETE_CANDIDATE,Generated/cache/build output; safe only after owner review and regeneration path confirmation.
dashboard/.next/server/chunks/ssr/_next-internal_server_app_[lang]_quantum_page_actions_0inrhvn.js,generated|stale,DELETE_CANDIDATE,Generated/cache/build output; safe only after owner review and regeneration path confirmation.
dashboard/.next/server/chunks/ssr/_next-internal_server_app_[lang]_quantum_page_actions_0inrhvn.js.map,duplicate|generated|stale,DELETE_CANDIDATE,Generated/cache/build output; safe only after owner review and regeneration path confirmation.
dashboard/.next/server/chunks/ssr/_next-internal_server_app_[lang]_satellite_page_actions_0vdejvu.js,generated|stale,DELETE_CANDIDATE,Generated/cache/build output; safe only after owner review and regeneration path confirmation.
dashboard/.next/server/chunks/ssr/_next-internal_server_app_[lang]_satellite_page_actions_0vdejvu.js.map,duplicate|generated|stale,DELETE_CANDIDATE,Generated/cache/build output; safe only after owner review and regeneration path confirmation.
dashboard/.next/server/chunks/ssr/_next-internal_server_app_discoveries_page_actions_10lflj8.js,generated|stale,DELETE_CANDIDATE,Generated/cache/build output; safe only after owner review and regeneration path confirmation.
dashboard/.next/server/chunks/ssr/_next-internal_server_app_discoveries_page_actions_10lflj8.js.map,duplicate|generated|stale,DELETE_CANDIDATE,Generated/cache/build output; safe only after owner review and regeneration path confirmation.
dashboard/.next/server/chunks/ssr/_next-internal_server_app_learn_page_actions_09dl7vk.js,generated|stale,DELETE_CANDIDATE,Generated/cache/build output; safe only after owner review and regeneration path confirmation.
dashboard/.next/server/chunks/ssr/_next-internal_server_app_learn_page_actions_09dl7vk.js.map,duplicate|generated|stale,DELETE_CANDIDATE,Generated/cache/build output; safe only after owner review and regeneration path confirmation.
dashboard/.next/server/chunks/ssr/_next-internal_server_app_mathematics_page_actions_0ffs-bs.js,generated|stale,DELETE_CANDIDATE,Generated/cache/build output; safe only after owner review and regeneration path confirmation.
dashboard/.next/server/chunks/ssr/_next-internal_server_app_mathematics_page_actions_0ffs-bs.js.map,duplicate|generated|stale,DELETE_CANDIDATE,Generated/cache/build output; safe only after owner review and regeneration path confirmation.
dashboard/.next/server/chunks/ssr/_next-internal_server_app_page_actions_09-gtaw.js,generated|stale,DELETE_CANDIDATE,Generated/cache/build output; safe only after owner review and regeneration path confirmation.
dashboard/.next/server/chunks/ssr/_next-internal_server_app_page_actions_09-gtaw.js.map,duplicate|generated|stale,DELETE_CANDIDATE,Generated/cache/build output; safe only after owner review and regeneration path confirmation.
dashboard/.next/server/chunks/ssr/_next-internal_server_app_physics_page_actions_0~4t.5f.js,generated|stale,DELETE_CANDIDATE,Generated/cache/build output; safe only after owner review and regeneration path confirmation.
dashboard/.next/server/chunks/ssr/_next-internal_server_app_physics_page_actions_0~4t.5f.js.map,duplicate|generated|stale,DELETE_CANDIDATE,Generated/cache/build output; safe only after owner review and regeneration path confirmation.
dashboard/.next/server/chunks/ssr/_next-internal_server_app_quantum_page_actions_0zj1ae7.js,generated|stale,DELETE_CANDIDATE,Generated/cache/build output; safe only after owner review and regeneration path confirmation.
dashboard/.next/server/chunks/ssr/_next-internal_server_app_quantum_page_actions_0zj1ae7.js.map,duplicate|generated|stale,DELETE_CANDIDATE,Generated/cache/build output; safe only after owner review and regeneration path confirmation.
dashboard/.next/server/chunks/ssr/_next-internal_server_app_satellite_page_actions_0p~dpt4.js,generated|stale,DELETE_CANDIDATE,Generated/cache/build output; safe only after owner review and regeneration path confirmation.
dashboard/.next/server/chunks/ssr/_next-internal_server_app_satellite_page_actions_0p~dpt4.js.map,duplicate|generated|stale,DELETE_CANDIDATE,Generated/cache/build output; safe only after owner review and regeneration path confirmation.
dashboard/.next/server/chunks/ssr/[root-of-the-server]__0~j_w~b._.js,generated|stale,DELETE_CANDIDATE,Generated/cache/build output; safe only after owner review and regeneration path confirmation.
dashboard/.next/server/chunks/ssr/[root-of-the-server]__0~j_w~b._.js.map,generated|stale,DELETE_CANDIDATE,Generated/cache/build output; safe only after owner review and regeneration path confirmation.
dashboard/.next/server/chunks/ssr/[root-of-the-server]__00d9hp9._.js,generated|stale,DELETE_CANDIDATE,Generated/cache/build output; safe only after owner review and regeneration path confirmation.
dashboard/.next/server/chunks/ssr/[root-of-the-server]__00d9hp9._.js.map,generated|stale,DELETE_CANDIDATE,Generated/cache/build output; safe only after owner review and regeneration path confirmation.
dashboard/.next/server/chunks/ssr/[root-of-the-server]__04gq-xc._.js,generated|stale,DELETE_CANDIDATE,Generated/cache/build output; safe only after owner review and regeneration path confirmation.
dashboard/.next/server/chunks/ssr/[root-of-the-server]__04gq-xc._.js.map,generated|stale,DELETE_CANDIDATE,Generated/cache/build output; safe only after owner review and regeneration path confirmation.
dashboard/.next/server/chunks/ssr/[root-of-the-server]__050fngu._.js,generated|stale,DELETE_CANDIDATE,Generated/cache/build output; safe only after owner review and regeneration path confirmation.
dashboard/.next/server/chunks/ssr/[root-of-the-server]__050fngu._.js.map,generated|stale,DELETE_CANDIDATE,Generated/cache/build output; safe only after owner review and regeneration path confirmation.
dashboard/.next/server/chunks/ssr/[root-of-the-server]__05r1o6y._.js,generated|stale,DELETE_CANDIDATE,Generated/cache/build output; safe only after owner review and regeneration path confirmation.
dashboard/.next/server/chunks/ssr/[root-of-the-server]__05r1o6y._.js.map,generated|stale,DELETE_CANDIDATE,Generated/cache/build output; safe only after owner review and regeneration path confirmation.
dashboard/.next/server/chunks/ssr/[root-of-the-server]__06.tpi6._.js,generated|stale,DELETE_CANDIDATE,Generated/cache/build output; safe only after owner review and regeneration path confirmation.
dashboard/.next/server/chunks/ssr/[root-of-the-server]__06.tpi6._.js.map,generated|stale,DELETE_CANDIDATE,Generated/cache/build output; safe only after owner review and regeneration path confirmation.
dashboard/.next/server/chunks/ssr/[root-of-the-server]__06jreay._.js,generated|stale,DELETE_CANDIDATE,Generated/cache/build output; safe only after owner review and regeneration path confirmation.
dashboard/.next/server/chunks/ssr/[root-of-the-server]__06jreay._.js.map,generated|stale,DELETE_CANDIDATE,Generated/cache/build output; safe only after owner review and regeneration path confirmation.
dashboard/.next/server/chunks/ssr/[root-of-the-server]__08e5v4-._.js,generated|stale,DELETE_CANDIDATE,Generated/cache/build output; safe only after owner review and regeneration path confirmation.
dashboard/.next/server/chunks/ssr/[root-of-the-server]__08e5v4-._.js.map,generated|stale,DELETE_CANDIDATE,Generated/cache/build output; safe only after owner review and regeneration path confirmation.
dashboard/.next/server/chunks/ssr/[root-of-the-server]__098zro9._.js,generated|stale,DELETE_CANDIDATE,Generated/cache/build output; safe only after owner review and regeneration path confirmation.
dashboard/.next/server/chunks/ssr/[root-of-the-server]__098zro9._.js.map,generated|stale,DELETE_CANDIDATE,Generated/cache/build output; safe only after owner review and regeneration path confirmation.
dashboard/.next/server/chunks/ssr/[root-of-the-server]__0gs673v._.js,generated|stale,DELETE_CANDIDATE,Generated/cache/build output; safe only after owner review and regeneration path confirmation.
dashboard/.next/server/chunks/ssr/[root-of-the-server]__0gs673v._.js.map,generated|stale,DELETE_CANDIDATE,Generated/cache/build output; safe only after owner review and regeneration path confirmation.
dashboard/.next/server/chunks/ssr/[root-of-the-server]__0i8j5nn._.js,generated|stale,DELETE_CANDIDATE,Generated/cache/build output; safe only after owner review and regeneration path confirmation.
dashboard/.next/server/chunks/ssr/[root-of-the-server]__0i8j5nn._.js.map,generated|stale,DELETE_CANDIDATE,Generated/cache/build output; safe only after owner review and regeneration path confirmation.
dashboard/.next/server/chunks/ssr/[root-of-the-server]__0i9qg2.._.js,generated|stale,DELETE_CANDIDATE,Generated/cache/build output; safe only after owner review and regeneration path confirmation.
dashboard/.next/server/chunks/ssr/[root-of-the-server]__0i9qg2.._.js.map,generated|stale,DELETE_CANDIDATE,Generated/cache/build output; safe only after owner review and regeneration path confirmation.
dashboard/.next/server/chunks/ssr/[root-of-the-server]__0iay_rz._.js,generated|stale,DELETE_CANDIDATE,Generated/cache/build output; safe only after owner review and regeneration path confirmation.
dashboard/.next/server/chunks/ssr/[root-of-the-server]__0iay_rz._.js.map,generated|stale,DELETE_CANDIDATE,Generated/cache/build output; safe only after owner review and regeneration path confirmation.
dashboard/.next/server/chunks/ssr/[root-of-the-server]__0lb38w_._.js,generated|stale,DELETE_CANDIDATE,Generated/cache/build output; safe only after owner review and regeneration path confirmation.
dashboard/.next/server/chunks/ssr/[root-of-the-server]__0lb38w_._.js.map,generated|stale,DELETE_CANDIDATE,Generated/cache/build output; safe only after owner review and regeneration path confirmation.
dashboard/.next/server/chunks/ssr/[root-of-the-server]__0lc01vx._.js,generated|stale,DELETE_CANDIDATE,Generated/cache/build output; safe only after owner review and regeneration path confirmation.
dashboard/.next/server/chunks/ssr/[root-of-the-server]__0lc01vx._.js.map,generated|stale,DELETE_CANDIDATE,Generated/cache/build output; safe only after owner review and regeneration path confirmation.
dashboard/.next/server/chunks/ssr/[root-of-the-server]__0nhocl6._.js,generated|stale,DELETE_CANDIDATE,Generated/cache/build output; safe only after owner review and regeneration path confirmation.
dashboard/.next/server/chunks/ssr/[root-of-the-server]__0nhocl6._.js.map,generated|stale,DELETE_CANDIDATE,Generated/cache/build output; safe only after owner review and regeneration path confirmation.
dashboard/.next/server/chunks/ssr/[root-of-the-server]__0nrd4ps._.js,generated|stale,DELETE_CANDIDATE,Generated/cache/build output; safe only after owner review and regeneration path confirmation.
dashboard/.next/server/chunks/ssr/[root-of-the-server]__0nrd4ps._.js.map,generated|stale,DELETE_CANDIDATE,Generated/cache/build output; safe only after owner review and regeneration path confirmation.
dashboard/.next/server/chunks/ssr/[root-of-the-server]__0o6gown._.js,generated|stale,DELETE_CANDIDATE,Generated/cache/build output; safe only after owner review and regeneration path confirmation.
dashboard/.next/server/chunks/ssr/[root-of-the-server]__0o6gown._.js.map,generated|stale,DELETE_CANDIDATE,Generated/cache/build output; safe only after owner review and regeneration path confirmation.
dashboard/.next/server/chunks/ssr/[root-of-the-server]__0qnj36-._.js,generated|stale,DELETE_CANDIDATE,Generated/cache/build output; safe only after owner review and regeneration path confirmation.
dashboard/.next/server/chunks/ssr/[root-of-the-server]__0qnj36-._.js.map,generated|stale,DELETE_CANDIDATE,Generated/cache/build output; safe only after owner review and regeneration path confirmation.
dashboard/.next/server/chunks/ssr/[root-of-the-server]__0s3gqwx._.js,generated|stale,DELETE_CANDIDATE,Generated/cache/build output; safe only after owner review and regeneration path confirmation.
dashboard/.next/server/chunks/ssr/[root-of-the-server]__0s3gqwx._.js.map,generated|stale,DELETE_CANDIDATE,Generated/cache/build output; safe only after owner review and regeneration path confirmation.
dashboard/.next/server/chunks/ssr/[root-of-the-server]__0syhi6t._.js,generated|stale,DELETE_CANDIDATE,Generated/cache/build output; safe only after owner review and regeneration path confirmation.
dashboard/.next/server/chunks/ssr/[root-of-the-server]__0syhi6t._.js.map,generated|stale,DELETE_CANDIDATE,Generated/cache/build output; safe only after owner review and regeneration path confirmation.
dashboard/.next/server/chunks/ssr/[root-of-the-server]__0t--w7c._.js,generated|stale,DELETE_CANDIDATE,Generated/cache/build output; safe only after owner review and regeneration path confirmation.
dashboard/.next/server/chunks/ssr/[root-of-the-server]__0t--w7c._.js.map,generated|stale,DELETE_CANDIDATE,Generated/cache/build output; safe only after owner review and regeneration path confirmation.
dashboard/.next/server/chunks/ssr/[root-of-the-server]__0ukx1xa._.js,generated|stale,DELETE_CANDIDATE,Generated/cache/build output; safe only after owner review and regeneration path confirmation.
dashboard/.next/server/chunks/ssr/[root-of-the-server]__0ukx1xa._.js.map,generated|stale,DELETE_CANDIDATE,Generated/cache/build output; safe only after owner review and regeneration path confirmation.
dashboard/.next/server/chunks/ssr/[root-of-the-server]__0wu2b0.._.js,generated|stale,DELETE_CANDIDATE,Generated/cache/build output; safe only after owner review and regeneration path confirmation.
dashboard/.next/server/chunks/ssr/[root-of-the-server]__0wu2b0.._.js.map,generated|stale,DELETE_CANDIDATE,Generated/cache/build output; safe only after owner review and regeneration path confirmation.
dashboard/.next/server/chunks/ssr/[root-of-the-server]__0xghsom._.js,generated|stale,DELETE_CANDIDATE,Generated/cache/build output; safe only after owner review and regeneration path confirmation.
dashboard/.next/server/chunks/ssr/[root-of-the-server]__0xghsom._.js.map,generated|stale,DELETE_CANDIDATE,Generated/cache/build output; safe only after owner review and regeneration path confirmation.
dashboard/.next/server/chunks/ssr/[root-of-the-server]__0z9neta._.js,generated|stale,DELETE_CANDIDATE,Generated/cache/build output; safe only after owner review and regeneration path confirmation.
dashboard/.next/server/chunks/ssr/[root-of-the-server]__0z9neta._.js.map,generated|stale,DELETE_CANDIDATE,Generated/cache/build output; safe only after owner review and regeneration path confirmation.
dashboard/.next/server/chunks/ssr/[root-of-the-server]__0zh_z6g._.js,generated|stale,DELETE_CANDIDATE,Generated/cache/build output; safe only after owner review and regeneration path confirmation.
dashboard/.next/server/chunks/ssr/[root-of-the-server]__0zh_z6g._.js.map,generated|stale,DELETE_CANDIDATE,Generated/cache/build output; safe only after owner review and regeneration path confirmation.
dashboard/.next/server/chunks/ssr/[root-of-the-server]__10y8nnq._.js,generated|stale,DELETE_CANDIDATE,Generated/cache/build output; safe only after owner review and regeneration path confirmation.
dashboard/.next/server/chunks/ssr/[root-of-the-server]__10y8nnq._.js.map,generated|stale,DELETE_CANDIDATE,Generated/cache/build output; safe only after owner review and regeneration path confirmation.
dashboard/.next/server/chunks/ssr/[turbopack]_runtime.js,generated|stale,DELETE_CANDIDATE,Generated/cache/build output; safe only after owner review and regeneration path confirmation.
dashboard/.next/server/chunks/ssr/[turbopack]_runtime.js.map,duplicate|generated|stale,DELETE_CANDIDATE,Generated/cache/build output; safe only after owner review and regeneration path confirmation.
dashboard/.next/server/chunks/ssr/node_modules_08h8cko._.js,generated|stale,DELETE_CANDIDATE,Generated/cache/build output; safe only after owner review and regeneration path confirmation.
dashboard/.next/server/chunks/ssr/node_modules_08h8cko._.js.map,generated|stale,DELETE_CANDIDATE,Generated/cache/build output; safe only after owner review and regeneration path confirmation.
dashboard/.next/server/chunks/ssr/node_modules_097ebwv._.js,generated|stale,DELETE_CANDIDATE,Generated/cache/build output; safe only after owner review and regeneration path confirmation.
dashboard/.next/server/chunks/ssr/node_modules_097ebwv._.js.map,generated|stale,DELETE_CANDIDATE,Generated/cache/build output; safe only after owner review and regeneration path confirmation.
dashboard/.next/server/chunks/ssr/node_modules_09w7yel._.js,generated|stale,DELETE_CANDIDATE,Generated/cache/build output; safe only after owner review and regeneration path confirmation.
dashboard/.next/server/chunks/ssr/node_modules_09w7yel._.js.map,generated|stale,DELETE_CANDIDATE,Generated/cache/build output; safe only after owner review and regeneration path confirmation.
dashboard/.next/server/chunks/ssr/node_modules_0ge7wzj._.js,generated|stale,DELETE_CANDIDATE,Generated/cache/build output; safe only after owner review and regeneration path confirmation.
dashboard/.next/server/chunks/ssr/node_modules_0ge7wzj._.js.map,generated|stale,DELETE_CANDIDATE,Generated/cache/build output; safe only after owner review and regeneration path confirmation.
dashboard/.next/server/chunks/ssr/node_modules_0nnuxyn._.js,generated|stale,DELETE_CANDIDATE,Generated/cache/build output; safe only after owner review and regeneration path confirmation.
dashboard/.next/server/chunks/ssr/node_modules_0nnuxyn._.js.map,generated|stale,DELETE_CANDIDATE,Generated/cache/build output; safe only after owner review and regeneration path confirmation.
dashboard/.next/server/chunks/ssr/node_modules_lucide-react_dist_esm_0xi1jkw._.js,generated|stale,DELETE_CANDIDATE,Generated/cache/build output; safe only after owner review and regeneration path confirmation.
dashboard/.next/server/chunks/ssr/node_modules_lucide-react_dist_esm_0xi1jkw._.js.map,generated|stale,DELETE_CANDIDATE,Generated/cache/build output; safe only after owner review and regeneration path confirmation.
dashboard/.next/server/chunks/ssr/node_modules_next_dist_0h9llsw._.js,generated|stale,DELETE_CANDIDATE,Generated/cache/build output; safe only after owner review and regeneration path confirmation.
dashboard/.next/server/chunks/ssr/node_modules_next_dist_0h9llsw._.js.map,generated|stale,DELETE_CANDIDATE,Generated/cache/build output; safe only after owner review and regeneration path confirmation.
dashboard/.next/server/chunks/ssr/node_modules_next_dist_11dij6w._.js,generated|stale,DELETE_CANDIDATE,Generated/cache/build output; safe only after owner review and regeneration path confirmation.
dashboard/.next/server/chunks/ssr/node_modules_next_dist_11dij6w._.js.map,generated|stale,DELETE_CANDIDATE,Generated/cache/build output; safe only after owner review and regeneration path confirmation.
dashboard/.next/server/chunks/ssr/node_modules_next_dist_client_components_0inhx6q._.js,generated|stale,DELETE_CANDIDATE,Generated/cache/build output; safe only after owner review and regeneration path confirmation.
dashboard/.next/server/chunks/ssr/node_modules_next_dist_client_components_0inhx6q._.js.map,generated|stale,DELETE_CANDIDATE,Generated/cache/build output; safe only after owner review and regeneration path confirmation.
dashboard/.next/server/chunks/ssr/node_modules_next_dist_client_components_builtin_forbidden_0ghu-f7.js,generated|stale,DELETE_CANDIDATE,Generated/cache/build output; safe only after owner review and regeneration path confirmation.
dashboard/.next/server/chunks/ssr/node_modules_next_dist_client_components_builtin_forbidden_0ghu-f7.js.map,generated|stale,DELETE_CANDIDATE,Generated/cache/build output; safe only after owner review and regeneration path confirmation.
dashboard/.next/server/chunks/ssr/node_modules_next_dist_client_components_builtin_global-error_0lgvd_..js,generated|stale,DELETE_CANDIDATE,Generated/cache/build output; safe only after owner review and regeneration path confirmation.
dashboard/.next/server/chunks/ssr/node_modules_next_dist_client_components_builtin_global-error_0lgvd_..js.map,generated|stale,DELETE_CANDIDATE,Generated/cache/build output; safe only after owner review and regeneration path confirmation.
dashboard/.next/server/chunks/ssr/node_modules_next_dist_client_components_builtin_unauthorized_0cjv-23.js,generated|stale,DELETE_CANDIDATE,Generated/cache/build output; safe only after owner review and regeneration path confirmation.
dashboard/.next/server/chunks/ssr/node_modules_next_dist_client_components_builtin_unauthorized_0cjv-23.js.map,generated|stale,DELETE_CANDIDATE,Generated/cache/build output; safe only after owner review and regeneration path confirmation.
dashboard/.next/server/chunks/ssr/node_modules_next_dist_esm_build_templates_app-page_0-6_ov5.js,generated|stale,DELETE_CANDIDATE,Generated/cache/build output; safe only after owner review and regeneration path confirmation.
dashboard/.next/server/chunks/ssr/node_modules_next_dist_esm_build_templates_app-page_0-6_ov5.js.map,generated|stale,DELETE_CANDIDATE,Generated/cache/build output; safe only after owner review and regeneration path confirmation.
dashboard/.next/server/chunks/ssr/node_modules_next_dist_esm_build_templates_app-page_0-ziet6.js,generated|stale,DELETE_CANDIDATE,Generated/cache/build output; safe only after owner review and regeneration path confirmation.
dashboard/.next/server/chunks/ssr/node_modules_next_dist_esm_build_templates_app-page_0-ziet6.js.map,generated|stale,DELETE_CANDIDATE,Generated/cache/build output; safe only after owner review and regeneration path confirmation.
dashboard/.next/server/chunks/ssr/node_modules_next_dist_esm_build_templates_app-page_0.p_8xd.js,generated|stale,DELETE_CANDIDATE,Generated/cache/build output; safe only after owner review and regeneration path confirmation.
dashboard/.next/server/chunks/ssr/node_modules_next_dist_esm_build_templates_app-page_0.p_8xd.js.map,generated|stale,DELETE_CANDIDATE,Generated/cache/build output; safe only after owner review and regeneration path confirmation.
dashboard/.next/server/chunks/ssr/node_modules_next_dist_esm_build_templates_app-page_03-z2qq.js,generated|stale,DELETE_CANDIDATE,Generated/cache/build output; safe only after owner review and regeneration path confirmation.
dashboard/.next/server/chunks/ssr/node_modules_next_dist_esm_build_templates_app-page_03-z2qq.js.map,generated|stale,DELETE_CANDIDATE,Generated/cache/build output; safe only after owner review and regeneration path confirmation.
dashboard/.next/server/chunks/ssr/node_modules_next_dist_esm_build_templates_app-page_033st83.js,generated|stale,DELETE_CANDIDATE,Generated/cache/build output; safe only after owner review and regeneration path confirmation.
dashboard/.next/server/chunks/ssr/node_modules_next_dist_esm_build_templates_app-page_033st83.js.map,generated|stale,DELETE_CANDIDATE,Generated/cache/build output; safe only after owner review and regeneration path confirmation.
dashboard/.next/server/chunks/ssr/node_modules_next_dist_esm_build_templates_app-page_04apbcv.js,generated|stale,DELETE_CANDIDATE,Generated/cache/build output; safe only after owner review and regeneration path confirmation.
dashboard/.next/server/chunks/ssr/node_modules_next_dist_esm_build_templates_app-page_04apbcv.js.map,generated|stale,DELETE_CANDIDATE,Generated/cache/build output; safe only after owner review and regeneration path confirmation.
dashboard/.next/server/chunks/ssr/node_modules_next_dist_esm_build_templates_app-page_05oh3lz.js,generated|stale,DELETE_CANDIDATE,Generated/cache/build output; safe only after owner review and regeneration path confirmation.
dashboard/.next/server/chunks/ssr/node_modules_next_dist_esm_build_templates_app-page_05oh3lz.js.map,generated|stale,DELETE_CANDIDATE,Generated/cache/build output; safe only after owner review and regeneration path confirmation.
dashboard/.next/server/chunks/ssr/node_modules_next_dist_esm_build_templates_app-page_05wgz-s.js,generated|stale,DELETE_CANDIDATE,Generated/cache/build output; safe only after owner review and regeneration path confirmation.
dashboard/.next/server/chunks/ssr/node_modules_next_dist_esm_build_templates_app-page_05wgz-s.js.map,generated|stale,DELETE_CANDIDATE,Generated/cache/build output; safe only after owner review and regeneration path confirmation.
dashboard/.next/server/chunks/ssr/node_modules_next_dist_esm_build_templates_app-page_07hultl.js,generated|stale,DELETE_CANDIDATE,Generated/cache/build output; safe only after owner review and regeneration path confirmation.
dashboard/.next/server/chunks/ssr/node_modules_next_dist_esm_build_templates_app-page_07hultl.js.map,generated|stale,DELETE_CANDIDATE,Generated/cache/build output; safe only after owner review and regeneration path confirmation.
dashboard/.next/server/chunks/ssr/node_modules_next_dist_esm_build_templates_app-page_07nphbt.js,generated|stale,DELETE_CANDIDATE,Generated/cache/build output; safe only after owner review and regeneration path confirmation.
dashboard/.next/server/chunks/ssr/node_modules_next_dist_esm_build_templates_app-page_07nphbt.js.map,generated|stale,DELETE_CANDIDATE,Generated/cache/build output; safe only after owner review and regeneration path confirmation.
dashboard/.next/server/chunks/ssr/node_modules_next_dist_esm_build_templates_app-page_07vh7rm.js,generated|stale,DELETE_CANDIDATE,Generated/cache/build output; safe only after owner review and regeneration path confirmation.
dashboard/.next/server/chunks/ssr/node_modules_next_dist_esm_build_templates_app-page_07vh7rm.js.map,generated|stale,DELETE_CANDIDATE,Generated/cache/build output; safe only after owner review and regeneration path confirmation.
dashboard/.next/server/chunks/ssr/node_modules_next_dist_esm_build_templates_app-page_0b-ovj..js,generated|stale,DELETE_CANDIDATE,Generated/cache/build output; safe only after owner review and regeneration path confirmation.
dashboard/.next/server/chunks/ssr/node_modules_next_dist_esm_build_templates_app-page_0b-ovj..js.map,generated|stale,DELETE_CANDIDATE,Generated/cache/build output; safe only after owner review and regeneration path confirmation.
dashboard/.next/server/chunks/ssr/node_modules_next_dist_esm_build_templates_app-page_0eeoq2u.js,generated|stale,DELETE_CANDIDATE,Generated/cache/build output; safe only after owner review and regeneration path confirmation.
dashboard/.next/server/chunks/ssr/node_modules_next_dist_esm_build_templates_app-page_0eeoq2u.js.map,generated|stale,DELETE_CANDIDATE,Generated/cache/build output; safe only after owner review and regeneration path confirmation.
dashboard/.next/server/chunks/ssr/node_modules_next_dist_esm_build_templates_app-page_0ewo9o-.js,generated|stale,DELETE_CANDIDATE,Generated/cache/build output; safe only after owner review and regeneration path confirmation.
dashboard/.next/server/chunks/ssr/node_modules_next_dist_esm_build_templates_app-page_0ewo9o-.js.map,generated|stale,DELETE_CANDIDATE,Generated/cache/build output; safe only after owner review and regeneration path confirmation.
dashboard/.next/server/chunks/ssr/node_modules_next_dist_esm_build_templates_app-page_0f_indg.js,generated|stale,DELETE_CANDIDATE,Generated/cache/build output; safe only after owner review and regeneration path confirmation.
dashboard/.next/server/chunks/ssr/node_modules_next_dist_esm_build_templates_app-page_0f_indg.js.map,generated|stale,DELETE_CANDIDATE,Generated/cache/build output; safe only after owner review and regeneration path confirmation.
dashboard/.next/server/chunks/ssr/node_modules_next_dist_esm_build_templates_app-page_0f6huhh.js,generated|stale,DELETE_CANDIDATE,Generated/cache/build output; safe only after owner review and regeneration path confirmation.
dashboard/.next/server/chunks/ssr/node_modules_next_dist_esm_build_templates_app-page_0f6huhh.js.map,generated|stale,DELETE_CANDIDATE,Generated/cache/build output; safe only after owner review and regeneration path confirmation.
dashboard/.next/server/chunks/ssr/node_modules_next_dist_esm_build_templates_app-page_0g13kj2.js,generated|stale,DELETE_CANDIDATE,Generated/cache/build output; safe only after owner review and regeneration path confirmation.
dashboard/.next/server/chunks/ssr/node_modules_next_dist_esm_build_templates_app-page_0g13kj2.js.map,generated|stale,DELETE_CANDIDATE,Generated/cache/build output; safe only after owner review and regeneration path confirmation.
dashboard/.next/server/chunks/ssr/node_modules_next_dist_esm_build_templates_app-page_0izu5t8.js,generated|stale,DELETE_CANDIDATE,Generated/cache/build output; safe only after owner review and regeneration path confirmation.
dashboard/.next/server/chunks/ssr/node_modules_next_dist_esm_build_templates_app-page_0izu5t8.js.map,generated|stale,DELETE_CANDIDATE,Generated/cache/build output; safe only after owner review and regeneration path confirmation.
dashboard/.next/server/chunks/ssr/node_modules_next_dist_esm_build_templates_app-page_0naw0a9.js,generated|stale,DELETE_CANDIDATE,Generated/cache/build output; safe only after owner review and regeneration path confirmation.
dashboard/.next/server/chunks/ssr/node_modules_next_dist_esm_build_templates_app-page_0naw0a9.js.map,generated|stale,DELETE_CANDIDATE,Generated/cache/build output; safe only after owner review and regeneration path confirmation.
dashboard/.next/server/chunks/ssr/node_modules_next_dist_esm_build_templates_app-page_0oley7c.js,generated|stale,DELETE_CANDIDATE,Generated/cache/build output; safe only after owner review and regeneration path confirmation.
dashboard/.next/server/chunks/ssr/node_modules_next_dist_esm_build_templates_app-page_0oley7c.js.map,generated|stale,DELETE_CANDIDATE,Generated/cache/build output; safe only after owner review and regeneration path confirmation.
dashboard/.next/server/chunks/ssr/node_modules_next_dist_esm_build_templates_app-page_0q-p8vc.js,generated|stale,DELETE_CANDIDATE,Generated/cache/build output; safe only after owner review and regeneration path confirmation.
dashboard/.next/server/chunks/ssr/node_modules_next_dist_esm_build_templates_app-page_0q-p8vc.js.map,generated|stale,DELETE_CANDIDATE,Generated/cache/build output; safe only after owner review and regeneration path confirmation.
dashboard/.next/server/chunks/ssr/node_modules_next_dist_esm_build_templates_app-page_0qp4u6g.js,generated|stale,DELETE_CANDIDATE,Generated/cache/build output; safe only after owner review and regeneration path confirmation.
dashboard/.next/server/chunks/ssr/node_modules_next_dist_esm_build_templates_app-page_0qp4u6g.js.map,generated|stale,DELETE_CANDIDATE,Generated/cache/build output; safe only after owner review and regeneration path confirmation.
dashboard/.next/server/chunks/ssr/node_modules_next_dist_esm_build_templates_app-page_0r.0jex.js,generated|stale,DELETE_CANDIDATE,Generated/cache/build output; safe only after owner review and regeneration path confirmation.
dashboard/.next/server/chunks/ssr/node_modules_next_dist_esm_build_templates_app-page_0r.0jex.js.map,generated|stale,DELETE_CANDIDATE,Generated/cache/build output; safe only after owner review and regeneration path confirmation.
dashboard/.next/server/chunks/ssr/node_modules_recharts_es6_cartesian_Area_00dnrvy.js,generated|stale,DELETE_CANDIDATE,Generated/cache/build output; safe only after owner review and regeneration path confirmation.
dashboard/.next/server/chunks/ssr/node_modules_recharts_es6_cartesian_Area_00dnrvy.js.map,generated|stale,DELETE_CANDIDATE,Generated/cache/build output; safe only after owner review and regeneration path confirmation.
dashboard/.next/server/chunks/ssr/node_modules_swr_dist_index_index_mjs_11vxrbp._.js,generated|stale,DELETE_CANDIDATE,Generated/cache/build output; safe only after owner review and regeneration path confirmation.
dashboard/.next/server/chunks/ssr/node_modules_swr_dist_index_index_mjs_11vxrbp._.js.map,generated|stale,DELETE_CANDIDATE,Generated/cache/build output; safe only after owner review and regeneration path confirmation.
dashboard/.next/server/chunks/ssr/src_0ozi_lr._.js,generated|stale,DELETE_CANDIDATE,Generated/cache/build output; safe only after owner review and regeneration path confirmation.
dashboard/.next/server/chunks/ssr/src_0ozi_lr._.js.map,generated|stale,DELETE_CANDIDATE,Generated/cache/build output; safe only after owner review and regeneration path confirmation.
dashboard/.next/server/chunks/ssr/src_app_[lang]_compare_ComparePageClient_tsx_0ln_qsy._.js,generated|stale,DELETE_CANDIDATE,Generated/cache/build output; safe only after owner review and regeneration path confirmation.
dashboard/.next/server/chunks/ssr/src_app_[lang]_compare_ComparePageClient_tsx_0ln_qsy._.js.map,generated|stale,DELETE_CANDIDATE,Generated/cache/build output; safe only after owner review and regeneration path confirmation.
dashboard/.next/server/chunks/ssr/src_app_[lang]_learn_LearnPageClient_tsx_0j1lr~8._.js,generated|stale,DELETE_CANDIDATE,Generated/cache/build output; safe only after owner review and regeneration path confirmation.
dashboard/.next/server/chunks/ssr/src_app_[lang]_learn_LearnPageClient_tsx_0j1lr~8._.js.map,generated|stale,DELETE_CANDIDATE,Generated/cache/build output; safe only after owner review and regeneration path confirmation.
dashboard/.next/server/chunks/ssr/src_app_[lang]_satellite_page_tsx_0-pe3ok._.js,generated|stale,DELETE_CANDIDATE,Generated/cache/build output; safe only after owner review and regeneration path confirmation.
dashboard/.next/server/chunks/ssr/src_app_[lang]_satellite_page_tsx_0-pe3ok._.js.map,generated|stale,DELETE_CANDIDATE,Generated/cache/build output; safe only after owner review and regeneration path confirmation.
dashboard/.next/server/chunks/ssr/src_components_interactive_DynamicSystemSimulator_tsx_0s0ymk0._.js,generated|stale,DELETE_CANDIDATE,Generated/cache/build output; safe only after owner review and regeneration path confirmation.
dashboard/.next/server/chunks/ssr/src_components_interactive_DynamicSystemSimulator_tsx_0s0ymk0._.js.map,generated|stale,DELETE_CANDIDATE,Generated/cache/build output; safe only after owner review and regeneration path confirmation.
dashboard/.next/server/chunks/ssr/src_components_interactive_EmbeddingExplorer_tsx_07uyn9a._.js,generated|stale,DELETE_CANDIDATE,Generated/cache/build output; safe only after owner review and regeneration path confirmation.
dashboard/.next/server/chunks/ssr/src_components_interactive_EmbeddingExplorer_tsx_07uyn9a._.js.map,generated|stale,DELETE_CANDIDATE,Generated/cache/build output; safe only after owner review and regeneration path confirmation.
dashboard/.next/server/chunks/ssr/src_components_interactive_GeometryVisualizer_tsx_07jcyed._.js,generated|stale,DELETE_CANDIDATE,Generated/cache/build output; safe only after owner review and regeneration path confirmation.
dashboard/.next/server/chunks/ssr/src_components_interactive_GeometryVisualizer_tsx_07jcyed._.js.map,generated|stale,DELETE_CANDIDATE,Generated/cache/build output; safe only after owner review and regeneration path confirmation.
dashboard/.next/server/chunks/ssr/src_components_interactive_ModelComparator_tsx_07u4snz._.js,generated|stale,DELETE_CANDIDATE,Generated/cache/build output; safe only after owner review and regeneration path confirmation.
dashboard/.next/server/chunks/ssr/src_components_interactive_ModelComparator_tsx_07u4snz._.js.map,generated|stale,DELETE_CANDIDATE,Generated/cache/build output; safe only after owner review and regeneration path confirmation.
dashboard/.next/server/chunks/ssr/src_components_interactive_NoiseVisualizer_tsx_0vjepf3._.js,generated|stale,DELETE_CANDIDATE,Generated/cache/build output; safe only after owner review and regeneration path confirmation.
dashboard/.next/server/chunks/ssr/src_components_interactive_NoiseVisualizer_tsx_0vjepf3._.js.map,generated|stale,DELETE_CANDIDATE,Generated/cache/build output; safe only after owner review and regeneration path confirmation.
dashboard/.next/server/chunks/ssr/src_components_interactive_SignalPlayground_tsx_0kp_g7x._.js,generated|stale,DELETE_CANDIDATE,Generated/cache/build output; safe only after owner review and regeneration path confirmation.
dashboard/.next/server/chunks/ssr/src_components_interactive_SignalPlayground_tsx_0kp_g7x._.js.map,generated|stale,DELETE_CANDIDATE,Generated/cache/build output; safe only after owner review and regeneration path confirmation.
dashboard/.next/server/chunks/ssr/src_components_motion_AnimatedCounter_tsx_0rhl5rm._.js,generated|stale,DELETE_CANDIDATE,Generated/cache/build output; safe only after owner review and regeneration path confirmation.
dashboard/.next/server/chunks/ssr/src_components_motion_AnimatedCounter_tsx_0rhl5rm._.js.map,generated|stale,DELETE_CANDIDATE,Generated/cache/build output; safe only after owner review and regeneration path confirmation.
dashboard/.next/server/chunks/ssr/src_components_motion_Reveal_tsx_0zynns2._.js,generated|stale,DELETE_CANDIDATE,Generated/cache/build output; safe only after owner review and regeneration path confirmation.
dashboard/.next/server/chunks/ssr/src_components_motion_Reveal_tsx_0zynns2._.js.map,generated|stale,DELETE_CANDIDATE,Generated/cache/build output; safe only after owner review and regeneration path confirmation.
dashboard/.next/server/chunks/ssr/src_components_scientific_NoiseRobustnessObservatory_tsx_0qaz6h4._.js,generated|stale,DELETE_CANDIDATE,Generated/cache/build output; safe only after owner review and regeneration path confirmation.
dashboard/.next/server/chunks/ssr/src_components_scientific_NoiseRobustnessObservatory_tsx_0qaz6h4._.js.map,generated|stale,DELETE_CANDIDATE,Generated/cache/build output; safe only after owner review and regeneration path confirmation.
dashboard/.next/server/chunks/ssr/src_components_scientific_ScientificObservabilityDashboard_tsx_0cmrkop._.js,generated|stale,DELETE_CANDIDATE,Generated/cache/build output; safe only after owner review and regeneration path confirmation.
dashboard/.next/server/chunks/ssr/src_components_scientific_ScientificObservabilityDashboard_tsx_0cmrkop._.js.map,generated|stale,DELETE_CANDIDATE,Generated/cache/build output; safe only after owner review and regeneration path confirmation.
dashboard/.next/server/chunks/ssr/src_components_ui_KaTeX_tsx_093j--4._.js,generated|stale,DELETE_CANDIDATE,Generated/cache/build output; safe only after owner review and regeneration path confirmation.
dashboard/.next/server/chunks/ssr/src_components_ui_KaTeX_tsx_093j--4._.js.map,generated|stale,DELETE_CANDIDATE,Generated/cache/build output; safe only after owner review and regeneration path confirmation.
dashboard/.next/server/functions-config-manifest.json,generated|stale,DELETE_CANDIDATE,Generated/cache/build output; safe only after owner review and regeneration path confirmation.
dashboard/.next/server/interception-route-rewrite-manifest.js,duplicate|generated|stale,DELETE_CANDIDATE,Generated/cache/build output; safe only after owner review and regeneration path confirmation.
dashboard/.next/server/middleware-build-manifest.js,generated|stale,DELETE_CANDIDATE,Generated/cache/build output; safe only after owner review and regeneration path confirmation.
dashboard/.next/server/middleware-manifest.json,duplicate|generated|stale,DELETE_CANDIDATE,Generated/cache/build output; safe only after owner review and regeneration path confirmation.
dashboard/.next/server/next-font-manifest.js,generated|stale,DELETE_CANDIDATE,Generated/cache/build output; safe only after owner review and regeneration path confirmation.
dashboard/.next/server/next-font-manifest.json,generated|stale,DELETE_CANDIDATE,Generated/cache/build output; safe only after owner review and regeneration path confirmation.
dashboard/.next/server/pages-manifest.json,generated|stale,DELETE_CANDIDATE,Generated/cache/build output; safe only after owner review and regeneration path confirmation.
dashboard/.next/server/pages/404.html,duplicate|generated|stale,DELETE_CANDIDATE,Generated/cache/build output; safe only after owner review and regeneration path confirmation.
dashboard/.next/server/pages/500.html,duplicate|generated|stale,DELETE_CANDIDATE,Generated/cache/build output; safe only after owner review and regeneration path confirmation.
dashboard/.next/server/prefetch-hints.json,duplicate|generated|stale,DELETE_CANDIDATE,Generated/cache/build output; safe only after owner review and regeneration path confirmation.
dashboard/.next/server/server-reference-manifest.js,generated|stale,DELETE_CANDIDATE,Generated/cache/build output; safe only after owner review and regeneration path confirmation.
dashboard/.next/server/server-reference-manifest.json,generated|stale,DELETE_CANDIDATE,Generated/cache/build output; safe only after owner review and regeneration path confirmation.
dashboard/.next/static/9G6HKhtgaLiX8VTlQZa9O/_buildManifest.js,duplicate|generated|stale,DELETE_CANDIDATE,Generated/cache/build output; safe only after owner review and regeneration path confirmation.
dashboard/.next/static/9G6HKhtgaLiX8VTlQZa9O/_clientMiddlewareManifest.js,duplicate|generated|stale,DELETE_CANDIDATE,Generated/cache/build output; safe only after owner review and regeneration path confirmation.
dashboard/.next/static/9G6HKhtgaLiX8VTlQZa9O/_ssgManifest.js,generated|stale,DELETE_CANDIDATE,Generated/cache/build output; safe only after owner review and regeneration path confirmation.
dashboard/.next/static/chunks/0-xmsowl50zp7.js,generated|stale,DELETE_CANDIDATE,Generated/cache/build output; safe only after owner review and regeneration path confirmation.
dashboard/.next/static/chunks/01xlw8hd842-c.js,generated|stale,DELETE_CANDIDATE,Generated/cache/build output; safe only after owner review and regeneration path confirmation.
dashboard/.next/static/chunks/02n2iqt~dc.fl.js,generated|stale,DELETE_CANDIDATE,Generated/cache/build output; safe only after owner review and regeneration path confirmation.
dashboard/.next/static/chunks/02ycggswef1.6.js,generated|stale,DELETE_CANDIDATE,Generated/cache/build output; safe only after owner review and regeneration path confirmation.
dashboard/.next/static/chunks/03~yq9q893hmn.js,duplicate|generated|stale,DELETE_CANDIDATE,Generated/cache/build output; safe only after owner review and regeneration path confirmation.
dashboard/.next/static/chunks/04-ldfvsvcfag.css,generated|stale,DELETE_CANDIDATE,Generated/cache/build output; safe only after owner review and regeneration path confirmation.
dashboard/.next/static/chunks/063l64ffbt9o3.js,generated|stale,DELETE_CANDIDATE,Generated/cache/build output; safe only after owner review and regeneration path confirmation.
dashboard/.next/static/chunks/06za5ohidx-vd.js,generated|stale,DELETE_CANDIDATE,Generated/cache/build output; safe only after owner review and regeneration path confirmation.
dashboard/.next/static/chunks/07b3---~xoe0n.js,generated|stale,DELETE_CANDIDATE,Generated/cache/build output; safe only after owner review and regeneration path confirmation.
dashboard/.next/static/chunks/07pwycp.6ghcx.js,generated|stale,DELETE_CANDIDATE,Generated/cache/build output; safe only after owner review and regeneration path confirmation.
dashboard/.next/static/chunks/0c86bwf.wf167.js,generated|stale,DELETE_CANDIDATE,Generated/cache/build output; safe only after owner review and regeneration path confirmation.
dashboard/.next/static/chunks/0cw5kwmwdh06p.js,generated|stale,DELETE_CANDIDATE,Generated/cache/build output; safe only after owner review and regeneration path confirmation.
dashboard/.next/static/chunks/0dsen4-v7y9rj.js,generated|stale,DELETE_CANDIDATE,Generated/cache/build output; safe only after owner review and regeneration path confirmation.
dashboard/.next/static/chunks/0egkt5awp7~8j.js,generated|stale,DELETE_CANDIDATE,Generated/cache/build output; safe only after owner review and regeneration path confirmation.
dashboard/.next/static/chunks/0fkiqc3x-shax.js,generated|stale,DELETE_CANDIDATE,Generated/cache/build output; safe only after owner review and regeneration path confirmation.
dashboard/.next/static/chunks/0fy78gub0byw0.css,generated|stale,DELETE_CANDIDATE,Generated/cache/build output; safe only after owner review and regeneration path confirmation.
dashboard/.next/static/chunks/0isgse.r9i17u.js,generated|stale,DELETE_CANDIDATE,Generated/cache/build output; safe only after owner review and regeneration path confirmation.
dashboard/.next/static/chunks/0n4z.7yu76je-.js,generated|stale,DELETE_CANDIDATE,Generated/cache/build output; safe only after owner review and regeneration path confirmation.
dashboard/.next/static/chunks/0nf73z5xz5.4r.js,generated|stale,DELETE_CANDIDATE,Generated/cache/build output; safe only after owner review and regeneration path confirmation.
dashboard/.next/static/chunks/0p~cdk9z4t9st.js,generated|stale,DELETE_CANDIDATE,Generated/cache/build output; safe only after owner review and regeneration path confirmation.
dashboard/.next/static/chunks/0q_8.tqs5n-zm.js,generated|stale,DELETE_CANDIDATE,Generated/cache/build output; safe only after owner review and regeneration path confirmation.
dashboard/.next/static/chunks/0r4_lo3.crlxy.js,generated|stale,DELETE_CANDIDATE,Generated/cache/build output; safe only after owner review and regeneration path confirmation.
dashboard/.next/static/chunks/0rn2njpqfi98n.js,generated|stale,DELETE_CANDIDATE,Generated/cache/build output; safe only after owner review and regeneration path confirmation.
dashboard/.next/static/chunks/0tmg9vcbw.fm2.css,generated|stale,DELETE_CANDIDATE,Generated/cache/build output; safe only after owner review and regeneration path confirmation.
dashboard/.next/static/chunks/0tsl40rmjrwbd.js,generated|stale,DELETE_CANDIDATE,Generated/cache/build output; safe only after owner review and regeneration path confirmation.
dashboard/.next/static/chunks/0u7llgeix5xmj.js,generated|stale,DELETE_CANDIDATE,Generated/cache/build output; safe only after owner review and regeneration path confirmation.
dashboard/.next/static/chunks/0vgv6um5zc6v~.js,generated|stale,DELETE_CANDIDATE,Generated/cache/build output; safe only after owner review and regeneration path confirmation.
dashboard/.next/static/chunks/0yviih0e4tgc3.js,generated|stale,DELETE_CANDIDATE,Generated/cache/build output; safe only after owner review and regeneration path confirmation.
dashboard/.next/static/chunks/1164frm5c~kh-.js,generated|stale,DELETE_CANDIDATE,Generated/cache/build output; safe only after owner review and regeneration path confirmation.
dashboard/.next/static/chunks/11mzrkliuoi~4.js,generated|stale,DELETE_CANDIDATE,Generated/cache/build output; safe only after owner review and regeneration path confirmation.
dashboard/.next/static/chunks/14g7uoi7ajpw..js,generated|stale,DELETE_CANDIDATE,Generated/cache/build output; safe only after owner review and regeneration path confirmation.
dashboard/.next/static/chunks/15pithoqa2z_6.js,generated|stale,DELETE_CANDIDATE,Generated/cache/build output; safe only after owner review and regeneration path confirmation.
dashboard/.next/static/chunks/turbopack-0x3640y6~xk9f.js,generated|stale,DELETE_CANDIDATE,Generated/cache/build output; safe only after owner review and regeneration path confirmation.
dashboard/.next/static/media/1bffadaabf893a1e-s.16ipb6fqu393i.woff2,duplicate|generated|stale,DELETE_CANDIDATE,Generated/cache/build output; safe only after owner review and regeneration path confirmation.
dashboard/.next/static/media/2bbe8d2671613f1f-s.067x_6k0k23tk.woff2,duplicate|generated|stale,DELETE_CANDIDATE,Generated/cache/build output; safe only after owner review and regeneration path confirmation.
dashboard/.next/static/media/2c55a0e60120577a-s.0bjc5tiuqdqro.woff2,duplicate|generated|stale,DELETE_CANDIDATE,Generated/cache/build output; safe only after owner review and regeneration path confirmation.
dashboard/.next/static/media/5476f68d60460930-s.0wxq9webf.ew4.woff2,duplicate|generated|stale,DELETE_CANDIDATE,Generated/cache/build output; safe only after owner review and regeneration path confirmation.
dashboard/.next/static/media/83afe278b6a6bb3c-s.p.0q-301v4kxxnr.woff2,duplicate|generated|stale,DELETE_CANDIDATE,Generated/cache/build output; safe only after owner review and regeneration path confirmation.
dashboard/.next/static/media/9c72aa0f40e4eef8-s.0m6w47a4e5dy9.woff2,duplicate|generated|stale,DELETE_CANDIDATE,Generated/cache/build output; safe only after owner review and regeneration path confirmation.
dashboard/.next/static/media/ad66f9afd8947f86-s.11u06r12fd6v_.woff2,duplicate|generated|stale,DELETE_CANDIDATE,Generated/cache/build output; safe only after owner review and regeneration path confirmation.
dashboard/.next/static/media/favicon.0x3dzn~oxb6tn.ico,duplicate|generated|stale,DELETE_CANDIDATE,Generated/cache/build output; safe only after owner review and regeneration path confirmation.
dashboard/.next/static/media/KaTeX_AMS-Regular.0b~8ki5y928w2.woff,duplicate|generated|stale,DELETE_CANDIDATE,Generated/cache/build output; safe only after owner review and regeneration path confirmation.
dashboard/.next/static/media/KaTeX_AMS-Regular.0p1vbqd84i2~o.woff2,duplicate|generated|stale,DELETE_CANDIDATE,Generated/cache/build output; safe only after owner review and regeneration path confirmation.
dashboard/.next/static/media/KaTeX_AMS-Regular.173t6ktr7uf-w.ttf,duplicate|generated|stale,DELETE_CANDIDATE,Generated/cache/build output; safe only after owner review and regeneration path confirmation.
dashboard/.next/static/media/KaTeX_Caligraphic-Bold.01-pzluls4zgb.woff2,duplicate|generated|stale,DELETE_CANDIDATE,Generated/cache/build output; safe only after owner review and regeneration path confirmation.
dashboard/.next/static/media/KaTeX_Caligraphic-Bold.0x2v1lwn~880f.woff,duplicate|generated|stale,DELETE_CANDIDATE,Generated/cache/build output; safe only after owner review and regeneration path confirmation.
dashboard/.next/static/media/KaTeX_Caligraphic-Bold.16zv5fax0h0ka.ttf,duplicate|generated|stale,DELETE_CANDIDATE,Generated/cache/build output; safe only after owner review and regeneration path confirmation.
dashboard/.next/static/media/KaTeX_Caligraphic-Regular.02i3z7wig438t.ttf,duplicate|generated|stale,DELETE_CANDIDATE,Generated/cache/build output; safe only after owner review and regeneration path confirmation.
dashboard/.next/static/media/KaTeX_Caligraphic-Regular.0rysu1t-ncjq8.woff2,duplicate|generated|stale,DELETE_CANDIDATE,Generated/cache/build output; safe only after owner review and regeneration path confirmation.
dashboard/.next/static/media/KaTeX_Caligraphic-Regular.10927swgekwun.woff,duplicate|generated|stale,DELETE_CANDIDATE,Generated/cache/build output; safe only after owner review and regeneration path confirmation.
dashboard/.next/static/media/KaTeX_Fraktur-Bold.0e-16u10iuyyf.woff,duplicate|generated|stale,DELETE_CANDIDATE,Generated/cache/build output; safe only after owner review and regeneration path confirmation.
dashboard/.next/static/media/KaTeX_Fraktur-Bold.0et27v~3~4uhe.ttf,duplicate|generated|stale,DELETE_CANDIDATE,Generated/cache/build output; safe only after owner review and regeneration path confirmation.
dashboard/.next/static/media/KaTeX_Fraktur-Bold.0w23i72~hprpq.woff2,duplicate|generated|stale,DELETE_CANDIDATE,Generated/cache/build output; safe only after owner review and regeneration path confirmation.
dashboard/.next/static/media/KaTeX_Fraktur-Regular.0b.riegzdfue2.woff,duplicate|generated|stale,DELETE_CANDIDATE,Generated/cache/build output; safe only after owner review and regeneration path confirmation.
dashboard/.next/static/media/KaTeX_Fraktur-Regular.0rekyoa-52fj_.woff2,duplicate|generated|stale,DELETE_CANDIDATE,Generated/cache/build output; safe only after owner review and regeneration path confirmation.
dashboard/.next/static/media/KaTeX_Fraktur-Regular.0vjwa15znhk~4.ttf,duplicate|generated|stale,DELETE_CANDIDATE,Generated/cache/build output; safe only after owner review and regeneration path confirmation.
dashboard/.next/static/media/KaTeX_Main-Bold.09i7~607shf-h.ttf,duplicate|generated|stale,DELETE_CANDIDATE,Generated/cache/build output; safe only after owner review and regeneration path confirmation.
dashboard/.next/static/media/KaTeX_Main-Bold.09lmynrorhcbw.woff,duplicate|generated|stale,DELETE_CANDIDATE,Generated/cache/build output; safe only after owner review and regeneration path confirmation.
dashboard/.next/static/media/KaTeX_Main-Bold.16pfc63_du6mx.woff2,duplicate|generated|stale,DELETE_CANDIDATE,Generated/cache/build output; safe only after owner review and regeneration path confirmation.
dashboard/.next/static/media/KaTeX_Main-BoldItalic.0cp37g7x1q8h6.woff,duplicate|generated|stale,DELETE_CANDIDATE,Generated/cache/build output; safe only after owner review and regeneration path confirmation.
dashboard/.next/static/media/KaTeX_Main-BoldItalic.0d54rk08rx11s.woff2,duplicate|generated|stale,DELETE_CANDIDATE,Generated/cache/build output; safe only after owner review and regeneration path confirmation.
dashboard/.next/static/media/KaTeX_Main-BoldItalic.15j6k~hix2t_0.ttf,duplicate|generated|stale,DELETE_CANDIDATE,Generated/cache/build output; safe only after owner review and regeneration path confirmation.
dashboard/.next/static/media/KaTeX_Main-Italic.0382gqciexmbu.woff,duplicate|generated|stale,DELETE_CANDIDATE,Generated/cache/build output; safe only after owner review and regeneration path confirmation.
dashboard/.next/static/media/KaTeX_Main-Italic.06o5nq0_91v60.woff2,duplicate|generated|stale,DELETE_CANDIDATE,Generated/cache/build output; safe only after owner review and regeneration path confirmation.
dashboard/.next/static/media/KaTeX_Main-Italic.0su4i6mm18-wo.ttf,duplicate|generated|stale,DELETE_CANDIDATE,Generated/cache/build output; safe only after owner review and regeneration path confirmation.
dashboard/.next/static/media/KaTeX_Main-Regular.08zh8z.7shijf.ttf,duplicate|generated|stale,DELETE_CANDIDATE,Generated/cache/build output; safe only after owner review and regeneration path confirmation.
dashboard/.next/static/media/KaTeX_Main-Regular.0diheg01zyoph.woff,duplicate|generated|stale,DELETE_CANDIDATE,Generated/cache/build output; safe only after owner review and regeneration path confirmation.
dashboard/.next/static/media/KaTeX_Main-Regular.0kaf-ag2_wkm-.woff2,duplicate|generated|stale,DELETE_CANDIDATE,Generated/cache/build output; safe only after owner review and regeneration path confirmation.
dashboard/.next/static/media/KaTeX_Math-BoldItalic.0ajzxypnbx1h1.ttf,duplicate|generated|stale,DELETE_CANDIDATE,Generated/cache/build output; safe only after owner review and regeneration path confirmation.
dashboard/.next/static/media/KaTeX_Math-BoldItalic.0ck1myuerwyqw.woff,duplicate|generated|stale,DELETE_CANDIDATE,Generated/cache/build output; safe only after owner review and regeneration path confirmation.
dashboard/.next/static/media/KaTeX_Math-BoldItalic.0ja97dn.cpc87.woff2,duplicate|generated|stale,DELETE_CANDIDATE,Generated/cache/build output; safe only after owner review and regeneration path confirmation.
dashboard/.next/static/media/KaTeX_Math-Italic.09xkhecjcn5r9.woff,duplicate|generated|stale,DELETE_CANDIDATE,Generated/cache/build output; safe only after owner review and regeneration path confirmation.
dashboard/.next/static/media/KaTeX_Math-Italic.0x23a-bmp-5tg.ttf,duplicate|generated|stale,DELETE_CANDIDATE,Generated/cache/build output; safe only after owner review and regeneration path confirmation.
dashboard/.next/static/media/KaTeX_Math-Italic.0zrha2c4sl2je.woff2,duplicate|generated|stale,DELETE_CANDIDATE,Generated/cache/build output; safe only after owner review and regeneration path confirmation.
dashboard/.next/static/media/KaTeX_SansSerif-Bold.05a9.pc1j_zx9.woff2,duplicate|generated|stale,DELETE_CANDIDATE,Generated/cache/build output; safe only after owner review and regeneration path confirmation.
dashboard/.next/static/media/KaTeX_SansSerif-Bold.0jcl-ayi1uun0.woff,duplicate|generated|stale,DELETE_CANDIDATE,Generated/cache/build output; safe only after owner review and regeneration path confirmation.
dashboard/.next/static/media/KaTeX_SansSerif-Bold.0re8y.dm7.mt5.ttf,duplicate|generated|stale,DELETE_CANDIDATE,Generated/cache/build output; safe only after owner review and regeneration path confirmation.
dashboard/.next/static/media/KaTeX_SansSerif-Italic.0a0234dc3s62j.woff2,duplicate|generated|stale,DELETE_CANDIDATE,Generated/cache/build output; safe only after owner review and regeneration path confirmation.
dashboard/.next/static/media/KaTeX_SansSerif-Italic.0judofdln9731.woff,duplicate|generated|stale,DELETE_CANDIDATE,Generated/cache/build output; safe only after owner review and regeneration path confirmation.
dashboard/.next/static/media/KaTeX_SansSerif-Italic.10z1iap9pfus8.ttf,duplicate|generated|stale,DELETE_CANDIDATE,Generated/cache/build output; safe only after owner review and regeneration path confirmation.
dashboard/.next/static/media/KaTeX_SansSerif-Regular.0h9yjlugq4q_e.woff,duplicate|generated|stale,DELETE_CANDIDATE,Generated/cache/build output; safe only after owner review and regeneration path confirmation.
dashboard/.next/static/media/KaTeX_SansSerif-Regular.0v6gcj32-czft.woff2,duplicate|generated|stale,DELETE_CANDIDATE,Generated/cache/build output; safe only after owner review and regeneration path confirmation.
dashboard/.next/static/media/KaTeX_SansSerif-Regular.0zm18kga42ebc.ttf,duplicate|generated|stale,DELETE_CANDIDATE,Generated/cache/build output; safe only after owner review and regeneration path confirmation.
dashboard/.next/static/media/KaTeX_Script-Regular.0c4.h-mer83d_.woff2,duplicate|generated|stale,DELETE_CANDIDATE,Generated/cache/build output; safe only after owner review and regeneration path confirmation.
dashboard/.next/static/media/KaTeX_Script-Regular.0q14y6zkzlpob.ttf,duplicate|generated|stale,DELETE_CANDIDATE,Generated/cache/build output; safe only after owner review and regeneration path confirmation.
dashboard/.next/static/media/KaTeX_Script-Regular.0ze6v4r_-99oy.woff,duplicate|generated|stale,DELETE_CANDIDATE,Generated/cache/build output; safe only after owner review and regeneration path confirmation.
dashboard/.next/static/media/KaTeX_Size1-Regular.013x6a4ierotp.woff2,duplicate|generated|stale,DELETE_CANDIDATE,Generated/cache/build output; safe only after owner review and regeneration path confirmation.
dashboard/.next/static/media/KaTeX_Size1-Regular.0kidw0oi.m68o.woff,duplicate|generated|stale,DELETE_CANDIDATE,Generated/cache/build output; safe only after owner review and regeneration path confirmation.
dashboard/.next/static/media/KaTeX_Size1-Regular.0m6y-i6wfokni.ttf,duplicate|generated|stale,DELETE_CANDIDATE,Generated/cache/build output; safe only after owner review and regeneration path confirmation.
dashboard/.next/static/media/KaTeX_Size2-Regular.0blpmluwilgbg.woff,duplicate|generated|stale,DELETE_CANDIDATE,Generated/cache/build output; safe only after owner review and regeneration path confirmation.
dashboard/.next/static/media/KaTeX_Size2-Regular.0d5inmyp-tyv3.woff2,duplicate|generated|stale,DELETE_CANDIDATE,Generated/cache/build output; safe only after owner review and regeneration path confirmation.
dashboard/.next/static/media/KaTeX_Size2-Regular.0wnhnvj-.k9d5.ttf,duplicate|generated|stale,DELETE_CANDIDATE,Generated/cache/build output; safe only after owner review and regeneration path confirmation.
dashboard/.next/static/media/KaTeX_Size3-Regular.01h0xm_sfctj3.woff,duplicate|generated|stale,DELETE_CANDIDATE,Generated/cache/build output; safe only after owner review and regeneration path confirmation.
dashboard/.next/static/media/KaTeX_Size3-Regular.0iukctyhw5j56.woff2,duplicate|generated|stale,DELETE_CANDIDATE,Generated/cache/build output; safe only after owner review and regeneration path confirmation.
dashboard/.next/static/media/KaTeX_Size3-Regular.0jl8mqyf4gzpn.ttf,duplicate|generated|stale,DELETE_CANDIDATE,Generated/cache/build output; safe only after owner review and regeneration path confirmation.
dashboard/.next/static/media/KaTeX_Size4-Regular.0w3.rb_c4stzk.woff2,duplicate|generated|stale,DELETE_CANDIDATE,Generated/cache/build output; safe only after owner review and regeneration path confirmation.
dashboard/.next/static/media/KaTeX_Size4-Regular.0wr_9l81-mu06.ttf,duplicate|generated|stale,DELETE_CANDIDATE,Generated/cache/build output; safe only after owner review and regeneration path confirmation.
dashboard/.next/static/media/KaTeX_Size4-Regular.12tvaesf3.zl3.woff,duplicate|generated|stale,DELETE_CANDIDATE,Generated/cache/build output; safe only after owner review and regeneration path confirmation.
dashboard/.next/static/media/KaTeX_Typewriter-Regular.0c4zdxz~8frhm.woff2,duplicate|generated|stale,DELETE_CANDIDATE,Generated/cache/build output; safe only after owner review and regeneration path confirmation.
dashboard/.next/static/media/KaTeX_Typewriter-Regular.0cgrzn5l3kao5.woff,duplicate|generated|stale,DELETE_CANDIDATE,Generated/cache/build output; safe only after owner review and regeneration path confirmation.
dashboard/.next/static/media/KaTeX_Typewriter-Regular.128~qc3858otl.ttf,duplicate|generated|stale,DELETE_CANDIDATE,Generated/cache/build output; safe only after owner review and regeneration path confirmation.
dashboard/.next/trace,generated|stale,DELETE_CANDIDATE,Generated/cache/build output; safe only after owner review and regeneration path confirmation.
dashboard/.next/trace-build,generated|stale,DELETE_CANDIDATE,Generated/cache/build output; safe only after owner review and regeneration path confirmation.
dashboard/.next/turbopack,duplicate|generated|stale,DELETE_CANDIDATE,Generated/cache/build output; safe only after owner review and regeneration path confirmation.
dashboard/.next/types/cache-life.d.ts,duplicate|generated|stale,DELETE_CANDIDATE,Generated/cache/build output; safe only after owner review and regeneration path confirmation.
dashboard/.next/types/routes.d.ts,duplicate|generated|stale,DELETE_CANDIDATE,Generated/cache/build output; safe only after owner review and regeneration path confirmation.
dashboard/.next/types/validator.ts,generated|stale,DELETE_CANDIDATE,Generated/cache/build output; safe only after owner review and regeneration path confirmation.
dashboard/AGENTS.md,duplicate,REVIEW,Not enough confidence for automated disposition.
dashboard/CLAUDE.md,duplicate,REVIEW,Not enough confidence for automated disposition.
dashboard/e2e/scientificQA.spec.ts,duplicate,REVIEW,Not enough confidence for automated disposition.
dashboard/next-env.d.ts,duplicate,REVIEW,Not enough confidence for automated disposition.
dashboard/next-start-observability-3051.err.log,duplicate|generated|stale,DELETE_CANDIDATE,Generated/cache/build output; safe only after owner review and regeneration path confirmation.
dashboard/next-start-observability-3051.out.log,duplicate|generated|stale,DELETE_CANDIDATE,Generated/cache/build output; safe only after owner review and regeneration path confirmation.
dashboard/next-start-observability-3052.err.log,duplicate|generated|stale,DELETE_CANDIDATE,Generated/cache/build output; safe only after owner review and regeneration path confirmation.
dashboard/next-start-observability-3052.out.log,duplicate|generated|stale,DELETE_CANDIDATE,Generated/cache/build output; safe only after owner review and regeneration path confirmation.
dashboard/next-start-observability.err.log,duplicate|generated|stale,DELETE_CANDIDATE,Generated/cache/build output; safe only after owner review and regeneration path confirmation.
dashboard/next-start-observability.out.log,duplicate|generated|stale,DELETE_CANDIDATE,Generated/cache/build output; safe only after owner review and regeneration path confirmation.
dashboard/next.config.ts,duplicate,REVIEW,Not enough confidence for automated disposition.
dashboard/package-lock.json,duplicate,REVIEW,Not enough confidence for automated disposition.
dashboard/package.json,duplicate,REVIEW,Not enough confidence for automated disposition.
dashboard/playwright.config.ts,duplicate,REVIEW,Not enough confidence for automated disposition.
dashboard/postcss.config.mjs,duplicate,REVIEW,Not enough confidence for automated disposition.
dashboard/public/artifacts/baselines/baseline_index.json,duplicate|generated,ARCHIVE,Generated evidence or historical result; move only with manifest and compatibility path if referenced.
dashboard/public/artifacts/baselines/massive_sweep_2026-05-20T23-02-23Z.json,duplicate|generated,ARCHIVE,Generated evidence or historical result; move only with manifest and compatibility path if referenced.
dashboard/public/artifacts/benchmarks/benchmark_results.json,duplicate|generated,REVIEW,Not enough confidence for automated disposition.
dashboard/public/artifacts/discoveries/adversarial_audit_report.json,duplicate|generated,REVIEW,Not enough confidence for automated disposition.
dashboard/public/artifacts/discoveries/adversarial_scientific_audit_report.json,generated,REVIEW,Not enough confidence for automated disposition.
dashboard/public/artifacts/discoveries/causal_ablation_report.json,duplicate|generated,REVIEW,Not enough confidence for automated disposition.
dashboard/public/artifacts/discoveries/causal_continuity_report.json,duplicate|generated,REVIEW,Not enough confidence for automated disposition.
dashboard/public/artifacts/discoveries/causal_validation_report.json,duplicate|generated,REVIEW,Not enough confidence for automated disposition.
dashboard/public/artifacts/discoveries/cross_system_generalization_report.json,duplicate|generated,REVIEW,Not enough confidence for automated disposition.
dashboard/public/artifacts/discoveries/dataset_bias_elimination_report.json,duplicate|generated,REVIEW,Not enough confidence for automated disposition.
dashboard/public/artifacts/discoveries/dynamic_discrimination_report.json,duplicate|generated,REVIEW,Not enough confidence for automated disposition.
dashboard/public/artifacts/discoveries/embedding_intrinsic_stability_report.json,duplicate|generated,REVIEW,Not enough confidence for automated disposition.
dashboard/public/artifacts/discoveries/epistemological_validity_report.json,duplicate|generated,REVIEW,Not enough confidence for automated disposition.
dashboard/public/artifacts/discoveries/hyperparameter_stability_report.json,duplicate|generated,REVIEW,Not enough confidence for automated disposition.
dashboard/public/artifacts/discoveries/manifold_diagnosis_report.json,duplicate|generated,REVIEW,Not enough confidence for automated disposition.
dashboard/public/artifacts/discoveries/massive_sweep_report.json,duplicate|generated,REVIEW,Not enough confidence for automated disposition.
dashboard/public/artifacts/discoveries/mit_bih_bifurcated_report.json,duplicate|generated,REVIEW,Not enough confidence for automated disposition.
dashboard/public/artifacts/discoveries/noise_robustness_report.json,duplicate|generated,REVIEW,Not enough confidence for automated disposition.
dashboard/public/artifacts/discoveries/physionet_empirical_report.json,duplicate|generated,REVIEW,Not enough confidence for automated disposition.
dashboard/public/artifacts/discoveries/raw_embedding_robustness_report.json,duplicate|generated,REVIEW,Not enough confidence for automated disposition.
dashboard/public/artifacts/discoveries/reproducibility_report.json,duplicate|generated,REVIEW,Not enough confidence for automated disposition.
dashboard/public/artifacts/discoveries/scientific_regression_report.json,duplicate|generated,REVIEW,Not enough confidence for automated disposition.
dashboard/public/artifacts/discoveries/strict_leakage_audit_report.json,duplicate|generated,REVIEW,Not enough confidence for automated disposition.
dashboard/public/artifacts/discoveries/structural_invariance_report.json,duplicate|generated,REVIEW,Not enough confidence for automated disposition.
dashboard/public/artifacts/embeddings/latent_embeddings.json,duplicate|generated,REVIEW,Not enough confidence for automated disposition.
dashboard/public/artifacts/embeddings/manifold_snapshots.json,generated,REVIEW,Not enough confidence for automated disposition.
dashboard/public/artifacts/experiments/pipeline_state.json,duplicate|generated,REVIEW,Not enough confidence for automated disposition.
dashboard/public/artifacts/history/history_index.json,duplicate|generated,REVIEW,Not enough confidence for automated disposition.
dashboard/public/artifacts/history/massive_sweep_2026-05-20T22-56-14Z.json,duplicate|generated,REVIEW,Not enough confidence for automated disposition.
dashboard/public/artifacts/history/massive_sweep_2026-05-20T23-02-23Z.json,duplicate|generated,REVIEW,Not enough confidence for automated disposition.
dashboard/public/artifacts/history/massive_sweep_2026-05-21T09-54-05Z.json,duplicate|generated,REVIEW,Not enough confidence for automated disposition.
dashboard/public/artifacts/history/massive_sweep_2026-05-21T10-02-11Z.json,duplicate|generated,REVIEW,Not enough confidence for automated disposition.
dashboard/public/artifacts/history/massive_sweep_2026-05-21T10-09-25Z.json,duplicate|generated,REVIEW,Not enough confidence for automated disposition.
dashboard/public/artifacts/sessions/experiment_001/benchmark.json,duplicate|generated,REVIEW,Not enough confidence for automated disposition.
dashboard/public/artifacts/sessions/experiment_001/embeddings.json,duplicate|generated,REVIEW,Not enough confidence for automated disposition.
dashboard/public/artifacts/sessions/experiment_001/logs.json,duplicate|generated,REVIEW,Not enough confidence for automated disposition.
dashboard/public/artifacts/sessions/experiment_001/metadata.json,duplicate|generated,REVIEW,Not enough confidence for automated disposition.
dashboard/public/artifacts/sessions/experiment_001/telemetry.json,duplicate|generated,REVIEW,Not enough confidence for automated disposition.
dashboard/public/artifacts/sessions/experiment_002/benchmark.json,duplicate|generated,REVIEW,Not enough confidence for automated disposition.
dashboard/public/artifacts/sessions/experiment_002/embeddings.json,duplicate|generated,REVIEW,Not enough confidence for automated disposition.
dashboard/public/artifacts/sessions/experiment_002/logs.json,duplicate|generated,REVIEW,Not enough confidence for automated disposition.
dashboard/public/artifacts/sessions/experiment_002/metadata.json,duplicate|generated,REVIEW,Not enough confidence for automated disposition.
dashboard/public/artifacts/sessions/experiment_002/telemetry.json,duplicate|generated,REVIEW,Not enough confidence for automated disposition.
dashboard/public/artifacts/sessions/lorenz_isolation_noise0_seed42.json,duplicate|generated,REVIEW,Not enough confidence for automated disposition.
dashboard/public/artifacts/sessions/lorenz_isolation_noise1_seed42.json,duplicate|generated,REVIEW,Not enough confidence for automated disposition.
dashboard/public/artifacts/sessions/lorenz_noise_0.0.json,duplicate|generated,REVIEW,Not enough confidence for automated disposition.
dashboard/public/artifacts/sessions/lorenz_noise_0.0000_seed_1337.json,duplicate|generated,REVIEW,Not enough confidence for automated disposition.
dashboard/public/artifacts/sessions/lorenz_noise_0.0000_seed_42.json,duplicate|generated,REVIEW,Not enough confidence for automated disposition.
dashboard/public/artifacts/sessions/lorenz_noise_0.0000_seed_9001.json,duplicate|generated,REVIEW,Not enough confidence for automated disposition.
dashboard/public/artifacts/sessions/lorenz_noise_0.2.json,duplicate|generated,REVIEW,Not enough confidence for automated disposition.
dashboard/public/artifacts/sessions/lorenz_noise_0.2222_seed_1337.json,duplicate|generated,REVIEW,Not enough confidence for automated disposition.
dashboard/public/artifacts/sessions/lorenz_noise_0.2222_seed_42.json,duplicate|generated,REVIEW,Not enough confidence for automated disposition.
dashboard/public/artifacts/sessions/lorenz_noise_0.2222_seed_9001.json,duplicate|generated,REVIEW,Not enough confidence for automated disposition.
dashboard/public/artifacts/sessions/lorenz_noise_0.2500_seed_42.json,duplicate|generated,REVIEW,Not enough confidence for automated disposition.
dashboard/public/artifacts/sessions/lorenz_noise_0.4444_seed_1337.json,duplicate|generated,REVIEW,Not enough confidence for automated disposition.
dashboard/public/artifacts/sessions/lorenz_noise_0.4444_seed_42.json,duplicate|generated,REVIEW,Not enough confidence for automated disposition.
dashboard/public/artifacts/sessions/lorenz_noise_0.4444_seed_9001.json,duplicate|generated,REVIEW,Not enough confidence for automated disposition.
dashboard/public/artifacts/sessions/lorenz_noise_0.5.json,duplicate|generated,REVIEW,Not enough confidence for automated disposition.
dashboard/public/artifacts/sessions/lorenz_noise_0.5000_seed_42.json,duplicate|generated,REVIEW,Not enough confidence for automated disposition.
dashboard/public/artifacts/sessions/lorenz_noise_0.6667_seed_1337.json,duplicate|generated,REVIEW,Not enough confidence for automated disposition.
dashboard/public/artifacts/sessions/lorenz_noise_0.6667_seed_42.json,duplicate|generated,REVIEW,Not enough confidence for automated disposition.
dashboard/public/artifacts/sessions/lorenz_noise_0.6667_seed_9001.json,duplicate|generated,REVIEW,Not enough confidence for automated disposition.
dashboard/public/artifacts/sessions/lorenz_noise_0.7500_seed_42.json,duplicate|generated,REVIEW,Not enough confidence for automated disposition.
dashboard/public/artifacts/sessions/lorenz_noise_0.8889_seed_1337.json,duplicate|generated,REVIEW,Not enough confidence for automated disposition.
dashboard/public/artifacts/sessions/lorenz_noise_0.8889_seed_42.json,duplicate|generated,REVIEW,Not enough confidence for automated disposition.
dashboard/public/artifacts/sessions/lorenz_noise_0.8889_seed_9001.json,duplicate|generated,REVIEW,Not enough confidence for automated disposition.
dashboard/public/artifacts/sessions/lorenz_noise_1.0000_seed_42.json,duplicate|generated,REVIEW,Not enough confidence for automated disposition.
dashboard/public/artifacts/sessions/lorenz_noise_1.1111_seed_1337_debug.json,duplicate|generated,REVIEW,Not enough confidence for automated disposition.
dashboard/public/artifacts/sessions/lorenz_noise_1.1111_seed_1337.json,duplicate|generated,REVIEW,Not enough confidence for automated disposition.
dashboard/public/artifacts/sessions/lorenz_noise_1.1111_seed_42.json,duplicate|generated,REVIEW,Not enough confidence for automated disposition.
dashboard/public/artifacts/sessions/lorenz_noise_1.1111_seed_9001.json,duplicate|generated,REVIEW,Not enough confidence for automated disposition.
dashboard/public/artifacts/sessions/lorenz_noise_1.3333_seed_1337.json,duplicate|generated,REVIEW,Not enough confidence for automated disposition.
dashboard/public/artifacts/sessions/lorenz_noise_1.3333_seed_42.json,duplicate|generated,REVIEW,Not enough confidence for automated disposition.
dashboard/public/artifacts/sessions/lorenz_noise_1.3333_seed_9001.json,duplicate|generated,REVIEW,Not enough confidence for automated disposition.
dashboard/public/artifacts/sessions/lorenz_noise_1.5556_seed_1337.json,duplicate|generated,REVIEW,Not enough confidence for automated disposition.
dashboard/public/artifacts/sessions/lorenz_noise_1.5556_seed_42.json,duplicate|generated,REVIEW,Not enough confidence for automated disposition.
dashboard/public/artifacts/sessions/lorenz_noise_1.5556_seed_9001.json,duplicate|generated,REVIEW,Not enough confidence for automated disposition.
dashboard/public/artifacts/sessions/lorenz_noise_1.7778_seed_1337.json,duplicate|generated,REVIEW,Not enough confidence for automated disposition.
dashboard/public/artifacts/sessions/lorenz_noise_1.7778_seed_42.json,duplicate|generated,REVIEW,Not enough confidence for automated disposition.
dashboard/public/artifacts/sessions/lorenz_noise_1.7778_seed_9001.json,duplicate|generated,REVIEW,Not enough confidence for automated disposition.
dashboard/public/artifacts/sessions/lorenz_noise_2.0000_seed_1337.json,duplicate|generated,REVIEW,Not enough confidence for automated disposition.
dashboard/public/artifacts/sessions/lorenz_noise_2.0000_seed_42.json,duplicate|generated,REVIEW,Not enough confidence for automated disposition.
dashboard/public/artifacts/sessions/lorenz_noise_2.0000_seed_9001.json,duplicate|generated,REVIEW,Not enough confidence for automated disposition.
dashboard/public/artifacts/sessions/lorenz.json,duplicate|generated,REVIEW,Not enough confidence for automated disposition.
dashboard/public/artifacts/sessions/rossler_noise_0.0000_seed_1337.json,duplicate|generated,REVIEW,Not enough confidence for automated disposition.
dashboard/public/artifacts/sessions/rossler_noise_0.0000_seed_42.json,duplicate|generated,REVIEW,Not enough confidence for automated disposition.
dashboard/public/artifacts/sessions/rossler_noise_0.0000_seed_9001.json,duplicate|generated,REVIEW,Not enough confidence for automated disposition.
dashboard/public/artifacts/sessions/rossler_noise_0.2222_seed_1337.json,duplicate|generated,REVIEW,Not enough confidence for automated disposition.
dashboard/public/artifacts/sessions/rossler_noise_0.2222_seed_42.json,duplicate|generated,REVIEW,Not enough confidence for automated disposition.
dashboard/public/artifacts/sessions/rossler_noise_0.2222_seed_9001.json,duplicate|generated,REVIEW,Not enough confidence for automated disposition.
dashboard/public/artifacts/sessions/rossler_noise_0.2500_seed_42.json,duplicate|generated,REVIEW,Not enough confidence for automated disposition.
dashboard/public/artifacts/sessions/rossler_noise_0.4444_seed_1337.json,duplicate|generated,REVIEW,Not enough confidence for automated disposition.
dashboard/public/artifacts/sessions/rossler_noise_0.4444_seed_42.json,duplicate|generated,REVIEW,Not enough confidence for automated disposition.
dashboard/public/artifacts/sessions/rossler_noise_0.4444_seed_9001.json,duplicate|generated,REVIEW,Not enough confidence for automated disposition.
dashboard/public/artifacts/sessions/rossler_noise_0.5000_seed_42.json,duplicate|generated,REVIEW,Not enough confidence for automated disposition.
dashboard/public/artifacts/sessions/rossler_noise_0.6667_seed_1337.json,duplicate|generated,REVIEW,Not enough confidence for automated disposition.
dashboard/public/artifacts/sessions/rossler_noise_0.6667_seed_42.json,duplicate|generated,REVIEW,Not enough confidence for automated disposition.
dashboard/public/artifacts/sessions/rossler_noise_0.6667_seed_9001.json,duplicate|generated,REVIEW,Not enough confidence for automated disposition.
dashboard/public/artifacts/sessions/rossler_noise_0.7500_seed_42.json,duplicate|generated,REVIEW,Not enough confidence for automated disposition.
dashboard/public/artifacts/sessions/rossler_noise_0.8889_seed_1337.json,duplicate|generated,REVIEW,Not enough confidence for automated disposition.
dashboard/public/artifacts/sessions/rossler_noise_0.8889_seed_42.json,duplicate|generated,REVIEW,Not enough confidence for automated disposition.
dashboard/public/artifacts/sessions/rossler_noise_0.8889_seed_9001.json,duplicate|generated,REVIEW,Not enough confidence for automated disposition.
dashboard/public/artifacts/sessions/rossler_noise_1.0000_seed_42.json,duplicate|generated,REVIEW,Not enough confidence for automated disposition.
dashboard/public/artifacts/sessions/rossler_noise_1.1111_seed_1337.json,duplicate|generated,REVIEW,Not enough confidence for automated disposition.
dashboard/public/artifacts/sessions/rossler_noise_1.1111_seed_42.json,duplicate|generated,REVIEW,Not enough confidence for automated disposition.
dashboard/public/artifacts/sessions/rossler_noise_1.1111_seed_9001.json,duplicate|generated,REVIEW,Not enough confidence for automated disposition.
dashboard/public/artifacts/sessions/rossler_noise_1.3333_seed_1337.json,duplicate|generated,REVIEW,Not enough confidence for automated disposition.
dashboard/public/artifacts/sessions/rossler_noise_1.3333_seed_42.json,duplicate|generated,REVIEW,Not enough confidence for automated disposition.
dashboard/public/artifacts/sessions/rossler_noise_1.3333_seed_9001.json,duplicate|generated,REVIEW,Not enough confidence for automated disposition.
dashboard/public/artifacts/sessions/rossler_noise_1.5556_seed_1337.json,duplicate|generated,REVIEW,Not enough confidence for automated disposition.
dashboard/public/artifacts/sessions/rossler_noise_1.5556_seed_42.json,duplicate|generated,REVIEW,Not enough confidence for automated disposition.
dashboard/public/artifacts/sessions/rossler_noise_1.5556_seed_9001.json,duplicate|generated,REVIEW,Not enough confidence for automated disposition.
dashboard/public/artifacts/sessions/rossler_noise_1.7778_seed_1337.json,duplicate|generated,REVIEW,Not enough confidence for automated disposition.
dashboard/public/artifacts/sessions/rossler_noise_1.7778_seed_42.json,duplicate|generated,REVIEW,Not enough confidence for automated disposition.
dashboard/public/artifacts/sessions/rossler_noise_1.7778_seed_9001.json,duplicate|generated,REVIEW,Not enough confidence for automated disposition.
dashboard/public/artifacts/sessions/rossler_noise_2.0000_seed_1337.json,duplicate|generated,REVIEW,Not enough confidence for automated disposition.
dashboard/public/artifacts/sessions/rossler_noise_2.0000_seed_42.json,duplicate|generated,REVIEW,Not enough confidence for automated disposition.
dashboard/public/artifacts/sessions/rossler_noise_2.0000_seed_9001.json,duplicate|generated,REVIEW,Not enough confidence for automated disposition.
dashboard/public/artifacts/sessions/smoke_test.json,duplicate|generated,REVIEW,Not enough confidence for automated disposition.
dashboard/public/artifacts/sessions/test_graph.json,duplicate|generated,REVIEW,Not enough confidence for automated disposition.
dashboard/public/artifacts/sessions/test_phase6_pipeline.json,duplicate|generated,REVIEW,Not enough confidence for automated disposition.
dashboard/public/artifacts/sessions/VerificationExperiment.json,duplicate|generated,REVIEW,Not enough confidence for automated disposition.
dashboard/public/artifacts/telemetry/lorenz_telemetry.json,duplicate|generated,REVIEW,Not enough confidence for automated disposition.
dashboard/public/file.svg,duplicate,REVIEW,Not enough confidence for automated disposition.
dashboard/public/globe.svg,duplicate,REVIEW,Not enough confidence for automated disposition.
dashboard/public/next.svg,duplicate,REVIEW,Not enough confidence for automated disposition.
dashboard/public/vercel.svg,duplicate,REVIEW,Not enough confidence for automated disposition.
dashboard/public/window.svg,duplicate,REVIEW,Not enough confidence for automated disposition.
dashboard/src/app/[lang]/compare/ComparePageClient.tsx,duplicate,REVIEW,Not enough confidence for automated disposition.
dashboard/src/app/[lang]/compare/page.tsx,duplicate,REVIEW,Not enough confidence for automated disposition.
dashboard/src/app/[lang]/dashboard/benchmark/page.tsx,duplicate,REVIEW,Not enough confidence for automated disposition.
dashboard/src/app/[lang]/dashboard/log/page.tsx,duplicate,REVIEW,Not enough confidence for automated disposition.
dashboard/src/app/[lang]/dashboard/page.tsx,duplicate,REVIEW,Not enough confidence for automated disposition.
dashboard/src/app/[lang]/dashboard/roadmap/page.tsx,duplicate,REVIEW,Not enough confidence for automated disposition.
dashboard/src/app/[lang]/dashboard/scientific-log/page.tsx,duplicate,REVIEW,Not enough confidence for automated disposition.
dashboard/src/app/[lang]/dashboard/timeline/page.tsx,duplicate,REVIEW,Not enough confidence for automated disposition.
dashboard/src/app/[lang]/dashboard/timeline/TimelineClient.tsx,duplicate,REVIEW,Not enough confidence for automated disposition.
dashboard/src/app/[lang]/discoveries/page.tsx,duplicate,REVIEW,Not enough confidence for automated disposition.
dashboard/src/app/[lang]/interactive/page.tsx,duplicate,REVIEW,Not enough confidence for automated disposition.
dashboard/src/app/[lang]/layout.tsx,duplicate,REVIEW,Not enough confidence for automated disposition.
dashboard/src/app/[lang]/learn/LearnPageClient.tsx,duplicate,REVIEW,Not enough confidence for automated disposition.
dashboard/src/app/[lang]/learn/page.tsx,duplicate,REVIEW,Not enough confidence for automated disposition.
dashboard/src/app/[lang]/mathematics/page.tsx,duplicate,REVIEW,Not enough confidence for automated disposition.
dashboard/src/app/[lang]/physics/page.tsx,duplicate,REVIEW,Not enough confidence for automated disposition.
dashboard/src/app/[lang]/quantum/page.tsx,duplicate,REVIEW,Not enough confidence for automated disposition.
dashboard/src/app/discoveries/page.tsx,duplicate,REVIEW,Not enough confidence for automated disposition.
dashboard/src/app/favicon.ico,duplicate,REVIEW,Not enough confidence for automated disposition.
dashboard/src/app/globals.css,duplicate,REVIEW,Not enough confidence for automated disposition.
dashboard/src/app/layout.tsx,duplicate,REVIEW,Not enough confidence for automated disposition.
dashboard/src/app/learn/page.tsx,duplicate,REVIEW,Not enough confidence for automated disposition.
dashboard/src/app/mathematics/page.tsx,duplicate,REVIEW,Not enough confidence for automated disposition.
dashboard/src/app/page.tsx,duplicate,REVIEW,Not enough confidence for automated disposition.
dashboard/src/app/physics/page.tsx,duplicate,REVIEW,Not enough confidence for automated disposition.
dashboard/src/app/quantum/page.tsx,duplicate,REVIEW,Not enough confidence for automated disposition.
dashboard/src/app/satellite/page.tsx,duplicate,REVIEW,Not enough confidence for automated disposition.
dashboard/src/components/cinematic/AmbientBackground.tsx,duplicate,REVIEW,Not enough confidence for automated disposition.
dashboard/src/components/cinematic/AuroraLayer.tsx,duplicate,REVIEW,Not enough confidence for automated disposition.
dashboard/src/components/cinematic/DynamicGlow.tsx,duplicate,REVIEW,Not enough confidence for automated disposition.
dashboard/src/components/cinematic/FloatingParticles.tsx,duplicate,REVIEW,Not enough confidence for automated disposition.
dashboard/src/components/cinematic/NoiseTexture.tsx,duplicate,REVIEW,Not enough confidence for automated disposition.
dashboard/src/components/cinematic/RadialIllumination.tsx,duplicate,REVIEW,Not enough confidence for automated disposition.
dashboard/src/components/cinematic/ScientificGrid.tsx,duplicate,REVIEW,Not enough confidence for automated disposition.
dashboard/src/components/dashboard/BenchmarkChart.tsx,duplicate,REVIEW,Not enough confidence for automated disposition.
dashboard/src/components/dashboard/KPICard.tsx,duplicate,REVIEW,Not enough confidence for automated disposition.
dashboard/src/components/educational/ConceptDetailModal.tsx,duplicate,REVIEW,Not enough confidence for automated disposition.
dashboard/src/components/educational/ConceptVisualizer.tsx,duplicate,REVIEW,Not enough confidence for automated disposition.
dashboard/src/components/educational/ExplainLikeIm15.tsx,duplicate,REVIEW,Not enough confidence for automated disposition.
dashboard/src/components/educational/GuidedConceptFlow.tsx,duplicate,REVIEW,Not enough confidence for automated disposition.
dashboard/src/components/educational/InteractiveAnalogy.tsx,duplicate,REVIEW,Not enough confidence for automated disposition.
dashboard/src/components/educational/LearningTooltip.tsx,duplicate,REVIEW,Not enough confidence for automated disposition.
dashboard/src/components/educational/ProgressiveExplanation.tsx,duplicate,REVIEW,Not enough confidence for automated disposition.
dashboard/src/components/educational/ScientificStory.tsx,duplicate,REVIEW,Not enough confidence for automated disposition.
dashboard/src/components/educational/StepByStepDiscovery.tsx,duplicate,REVIEW,Not enough confidence for automated disposition.
dashboard/src/components/interactive/DynamicSystemSimulator.tsx,duplicate,REVIEW,Not enough confidence for automated disposition.
dashboard/src/components/interactive/EmbeddingExplorer.tsx,duplicate,REVIEW,Not enough confidence for automated disposition.
dashboard/src/components/interactive/GeometryVisualizer.tsx,duplicate,REVIEW,Not enough confidence for automated disposition.
dashboard/src/components/interactive/ModelComparator.tsx,duplicate,REVIEW,Not enough confidence for automated disposition.
dashboard/src/components/interactive/NoiseVisualizer.tsx,duplicate,REVIEW,Not enough confidence for automated disposition.
dashboard/src/components/interactive/SignalPlayground.tsx,duplicate,REVIEW,Not enough confidence for automated disposition.
dashboard/src/components/layout/AdaptiveSidebar.tsx,duplicate,REVIEW,Not enough confidence for automated disposition.
dashboard/src/components/layout/Breadcrumbs.tsx,duplicate,REVIEW,Not enough confidence for automated disposition.
dashboard/src/components/layout/DomainSelector.tsx,duplicate,REVIEW,Not enough confidence for automated disposition.
dashboard/src/components/layout/ExperimentalDock.tsx,duplicate,REVIEW,Not enough confidence for automated disposition.
dashboard/src/components/layout/FocusMode.tsx,duplicate,REVIEW,Not enough confidence for automated disposition.
dashboard/src/components/layout/Header.tsx,duplicate,REVIEW,Not enough confidence for automated disposition.
dashboard/src/components/layout/Sidebar.tsx,duplicate,REVIEW,Not enough confidence for automated disposition.
dashboard/src/components/motion/AnimatedCounter.tsx,duplicate,REVIEW,Not enough confidence for automated disposition.
dashboard/src/components/motion/FadeIn.tsx,duplicate,REVIEW,Not enough confidence for automated disposition.
dashboard/src/components/motion/MorphingCard.tsx,duplicate,REVIEW,Not enough confidence for automated disposition.
dashboard/src/components/motion/Reveal.tsx,duplicate,REVIEW,Not enough confidence for automated disposition.
dashboard/src/components/motion/ScrollReveal.tsx,duplicate,REVIEW,Not enough confidence for automated disposition.
dashboard/src/components/motion/StaggerContainer.tsx,duplicate,REVIEW,Not enough confidence for automated disposition.
dashboard/src/components/scientific/CertificationStatusCard.tsx,duplicate,REVIEW,Not enough confidence for automated disposition.
dashboard/src/components/scientific/ConceptBreakdown.tsx,duplicate,REVIEW,Not enough confidence for automated disposition.
dashboard/src/components/scientific/ConfidenceBadge.tsx,duplicate,REVIEW,Not enough confidence for automated disposition.
dashboard/src/components/scientific/CriticalRegionDetector.tsx,duplicate,REVIEW,Not enough confidence for automated disposition.
dashboard/src/components/scientific/DiscoveryCard.tsx,duplicate,REVIEW,Not enough confidence for automated disposition.
dashboard/src/components/scientific/DiscoveryHero.tsx,duplicate,REVIEW,Not enough confidence for automated disposition.
dashboard/src/components/scientific/EvidencePanel.tsx,duplicate,REVIEW,Not enough confidence for automated disposition.
dashboard/src/components/scientific/ExperimentMetadataPanel.tsx,duplicate,REVIEW,Not enough confidence for automated disposition.
dashboard/src/components/scientific/ExperimentReplayTimeline.tsx,duplicate,REVIEW,Not enough confidence for automated disposition.
dashboard/src/components/scientific/ExportExperimentButton.tsx,duplicate,REVIEW,Not enough confidence for automated disposition.
dashboard/src/components/scientific/FormulaCard.tsx,duplicate,REVIEW,Not enough confidence for automated disposition.
dashboard/src/components/scientific/HypothesisTracker.tsx,duplicate,REVIEW,Not enough confidence for automated disposition.
dashboard/src/components/scientific/InsightCard.tsx,duplicate,REVIEW,Not enough confidence for automated disposition.
dashboard/src/components/scientific/InteractiveEquation.tsx,duplicate,REVIEW,Not enough confidence for automated disposition.
dashboard/src/components/scientific/KinematicDerivativesChart.tsx,duplicate,REVIEW,Not enough confidence for automated disposition.
dashboard/src/components/scientific/LatentEvolutionPlayer.tsx,duplicate,REVIEW,Not enough confidence for automated disposition.
dashboard/src/components/scientific/LiveTelemetryConsole.tsx,duplicate,REVIEW,Not enough confidence for automated disposition.
dashboard/src/components/scientific/ManifoldCollapsePlayer.tsx,duplicate,REVIEW,Not enough confidence for automated disposition.
dashboard/src/components/scientific/MethodologyExplorer.tsx,duplicate,REVIEW,Not enough confidence for automated disposition.
dashboard/src/components/scientific/NoiseRobustnessObservatory.tsx,duplicate,REVIEW,Not enough confidence for automated disposition.
dashboard/src/components/scientific/RelatedResearchPanel.tsx,duplicate,REVIEW,Not enough confidence for automated disposition.
dashboard/src/components/scientific/ResearchNarrative.tsx,duplicate,REVIEW,Not enough confidence for automated disposition.
dashboard/src/components/scientific/ScientificLog.tsx,duplicate,REVIEW,Not enough confidence for automated disposition.
dashboard/src/components/scientific/ScientificObservabilityDashboard.tsx,duplicate,REVIEW,Not enough confidence for automated disposition.
dashboard/src/components/scientific/ScientificRegressionPanel.tsx,duplicate,REVIEW,Not enough confidence for automated disposition.
dashboard/src/components/scientific/ScientificTrendChart.tsx,duplicate,REVIEW,Not enough confidence for automated disposition.
dashboard/src/components/scientific/StabilityHeatmap.tsx,duplicate,REVIEW,Not enough confidence for automated disposition.
dashboard/src/components/scientific/SweepComparisonPanel.tsx,duplicate,REVIEW,Not enough confidence for automated disposition.
dashboard/src/components/scientific/Timeline.tsx,duplicate,REVIEW,Not enough confidence for automated disposition.
dashboard/src/components/ui/AmbientBorder.tsx,duplicate,REVIEW,Not enough confidence for automated disposition.
dashboard/src/components/ui/AnimatedBorder.tsx,duplicate,REVIEW,Not enough confidence for automated disposition.
dashboard/src/components/ui/ComplexitySwitcher.tsx,duplicate,REVIEW,Not enough confidence for automated disposition.
dashboard/src/components/ui/FocusContainer.tsx,duplicate,REVIEW,Not enough confidence for automated disposition.
dashboard/src/components/ui/GlassCard.tsx,duplicate,REVIEW,Not enough confidence for automated disposition.
dashboard/src/components/ui/GlassPanel.tsx,duplicate,REVIEW,Not enough confidence for automated disposition.
dashboard/src/components/ui/KaTeX.tsx,duplicate,REVIEW,Not enough confidence for automated disposition.
dashboard/src/components/ui/LanguageSwitcher.tsx,duplicate,REVIEW,Not enough confidence for automated disposition.
dashboard/src/components/ui/PremiumCard.tsx,duplicate,REVIEW,Not enough confidence for automated disposition.
dashboard/src/components/ui/ScientificSurface.tsx,duplicate,REVIEW,Not enough confidence for automated disposition.
dashboard/src/components/ui/StatusIndicator.tsx,duplicate,REVIEW,Not enough confidence for automated disposition.
dashboard/src/constants/index.ts,duplicate,REVIEW,Not enough confidence for automated disposition.
dashboard/src/data/benchmarkData.ts,duplicate,REVIEW,Not enough confidence for automated disposition.
dashboard/src/data/bibliography.ts,duplicate,REVIEW,Not enough confidence for automated disposition.
dashboard/src/data/hypotheses.ts,duplicate,REVIEW,Not enough confidence for automated disposition.
dashboard/src/data/index.ts,duplicate,REVIEW,Not enough confidence for automated disposition.
dashboard/src/data/learningData.ts,duplicate,REVIEW,Not enough confidence for automated disposition.
dashboard/src/data/openQuestions.ts,duplicate,REVIEW,Not enough confidence for automated disposition.
dashboard/src/data/projectInfo.ts,duplicate,REVIEW,Not enough confidence for automated disposition.
dashboard/src/data/references.ts,duplicate,REVIEW,Not enough confidence for automated disposition.
dashboard/src/data/researchFindings.ts,duplicate,REVIEW,Not enough confidence for automated disposition.
dashboard/src/data/roadmapData.ts,duplicate,REVIEW,Not enough confidence for automated disposition.
dashboard/src/data/scientificLog.ts,duplicate,REVIEW,Not enough confidence for automated disposition.
dashboard/src/data/scientificMemory.ts,duplicate,REVIEW,Not enough confidence for automated disposition.
dashboard/src/data/theoryData.ts,duplicate,REVIEW,Not enough confidence for automated disposition.
dashboard/src/data/timelineData.ts,duplicate,REVIEW,Not enough confidence for automated disposition.
dashboard/src/hooks/useExperimentData.ts,duplicate,REVIEW,Not enough confidence for automated disposition.
dashboard/src/hooks/useHistoricalSweeps.ts,duplicate,REVIEW,Not enough confidence for automated disposition.
dashboard/src/hooks/useManifoldSnapshots.ts,duplicate,REVIEW,Not enough confidence for automated disposition.
dashboard/src/hooks/useMassiveSweepReport.ts,duplicate,REVIEW,Not enough confidence for automated disposition.
dashboard/src/hooks/useScientificArtifacts.ts,duplicate,REVIEW,Not enough confidence for automated disposition.
dashboard/src/hooks/useScientificRegressionReport.ts,duplicate,REVIEW,Not enough confidence for automated disposition.
dashboard/src/hooks/useSessionData.ts,duplicate,REVIEW,Not enough confidence for automated disposition.
dashboard/src/hooks/useTelemetry.ts,duplicate,REVIEW,Not enough confidence for automated disposition.
dashboard/src/lib/i18n/dictionaries.ts,duplicate,REVIEW,Not enough confidence for automated disposition.
dashboard/src/lib/realtime/index.ts,duplicate,REVIEW,Not enough confidence for automated disposition.
dashboard/src/lib/utils/cn.ts,duplicate,REVIEW,Not enough confidence for automated disposition.
dashboard/src/stores/appStore.ts,duplicate,REVIEW,Not enough confidence for automated disposition.
dashboard/src/types/discoveries.ts,duplicate,REVIEW,Not enough confidence for automated disposition.
dashboard/src/types/experiments.ts,duplicate,REVIEW,Not enough confidence for automated disposition.
dashboard/src/types/index.ts,duplicate,REVIEW,Not enough confidence for automated disposition.
dashboard/src/types/scientific.ts,duplicate,REVIEW,Not enough confidence for automated disposition.
dashboard/src/types/telemetry.ts,duplicate,REVIEW,Not enough confidence for automated disposition.
dashboard/tsconfig.json,duplicate,REVIEW,Not enough confidence for automated disposition.
databases/novel_predictions.db,generated,REVIEW,Not enough confidence for automated disposition.
databases/reality_native_calibration_drift.db,generated,REVIEW,Not enough confidence for automated disposition.
databases/reality_native_cross_vendor_transfer.db,generated,REVIEW,Not enough confidence for automated disposition.
databases/reality_native_device_aging.db,generated,REVIEW,Not enough confidence for automated disposition.
databases/reality_native_gate_error.db,generated,REVIEW,Not enough confidence for automated disposition.
databases/reality_native_hardware_stability.db,generated,REVIEW,Not enough confidence for automated disposition.
databases/reality_native_leakage_rate.db,generated,REVIEW,Not enough confidence for automated disposition.
databases/reality_native_quantum_hardware_noise.db,generated,REVIEW,Not enough confidence for automated disposition.
databases/reality_native_readout_error.db,generated,REVIEW,Not enough confidence for automated disposition.
databases/reality_native_spectator_crosstalk.db,generated,REVIEW,Not enough confidence for automated disposition.
databases/reality_native_thermal_relaxation.db,generated,REVIEW,Not enough confidence for automated disposition.
dataset_integrity_report.json,generated,REVIEW,Not enough confidence for automated disposition.
discovery_benchmark_report.json,generated,REVIEW,Not enough confidence for automated disposition.
discovery_compression_report.json,generated,REVIEW,Not enough confidence for automated disposition.
docs/PHASE3_HARDWARE_AWARE_REPORT.md,duplicate,KEEP,"Evidence, public report, benchmark result, or active verification baseline."
docs/PHASE3_HARDWARE_AWARE_RESULTS.csv,duplicate,KEEP,"Evidence, public report, benchmark result, or active verification baseline."
docs/PHASE3_INVESTOR_SUMMARY.md,duplicate,KEEP,"Evidence, public report, benchmark result, or active verification baseline."
docs/PHASE4_COMMERCIAL_POSITIONING.md,duplicate,KEEP,"Evidence, public report, benchmark result, or active verification baseline."
docs/PHASE4_COMPETITIVE_ADVANTAGE_REPORT.md,duplicate,KEEP,"Evidence, public report, benchmark result, or active verification baseline."
docs/PHASE4_INVESTOR_SUMMARY.md,duplicate,KEEP,"Evidence, public report, benchmark result, or active verification baseline."
docs/PHASE4_WORKLOAD_ANALYSIS.csv,duplicate,KEEP,"Evidence, public report, benchmark result, or active verification baseline."
docs/PHASE5_GENERALIZATION_RESULTS.csv,duplicate,KEEP,"Evidence, public report, benchmark result, or active verification baseline."
docs/PHASE5_INVESTOR_SUMMARY.md,duplicate,KEEP,"Evidence, public report, benchmark result, or active verification baseline."
docs/PHASE5_IP_REPORT.md,duplicate,KEEP,"Evidence, public report, benchmark result, or active verification baseline."
docs/PHASE5_MOTIF_DATABASE.csv,duplicate,KEEP,"Evidence, public report, benchmark result, or active verification baseline."
docs/PHASE5_MOTIF_DATABASE.json,duplicate,KEEP,"Evidence, public report, benchmark result, or active verification baseline."
docs/PHASE5_TOP_MOTIFS.csv,duplicate,KEEP,"Evidence, public report, benchmark result, or active verification baseline."
docs/PHASE6_COMPETITIVE_MOAT_REPORT.md,duplicate,KEEP,"Evidence, public report, benchmark result, or active verification baseline."
docs/PHASE6_ECONOMIC_IMPACT_REPORT.md,duplicate,KEEP,"Evidence, public report, benchmark result, or active verification baseline."
docs/PHASE6_INVESTOR_SUMMARY.md,duplicate,KEEP,"Evidence, public report, benchmark result, or active verification baseline."
docs/PHASE6_IP_PORTFOLIO_VALUE.csv,duplicate,KEEP,"Evidence, public report, benchmark result, or active verification baseline."
docs/PHASE6_IP_VALUATION_REPORT.md,duplicate,KEEP,"Evidence, public report, benchmark result, or active verification baseline."
docs/PHASE6_LICENSING_MODEL.md,duplicate,KEEP,"Evidence, public report, benchmark result, or active verification baseline."
docs/PHASE6_MOTIF_ECONOMICS.csv,duplicate,KEEP,"Evidence, public report, benchmark result, or active verification baseline."
docs/PHASE6_RISK_ANALYSIS.md,duplicate,KEEP,"Evidence, public report, benchmark result, or active verification baseline."
docs/PHASE6_WORKLOAD_ECONOMICS.csv,duplicate,KEEP,"Evidence, public report, benchmark result, or active verification baseline."
docs/PHASE7_COMPETITIVE_GAP_REPORT.md,duplicate,KEEP,"Evidence, public report, benchmark result, or active verification baseline."
docs/PHASE7_COMPETITIVE_GAP.csv,duplicate,KEEP,"Evidence, public report, benchmark result, or active verification baseline."
docs/PHASE7_ECONOMIC_MOAT_REPORT.md,duplicate,KEEP,"Evidence, public report, benchmark result, or active verification baseline."
docs/PHASE7_EXECUTIVE_SUMMARY.md,duplicate,KEEP,"Evidence, public report, benchmark result, or active verification baseline."
docs/PHASE7_INVESTOR_POSITIONING.md,duplicate,KEEP,"Evidence, public report, benchmark result, or active verification baseline."
docs/PHASE7_KNOWLEDGE_FLYWHEEL_REPORT.md,duplicate,KEEP,"Evidence, public report, benchmark result, or active verification baseline."
docs/PHASE7_KNOWLEDGE_GROWTH.csv,duplicate,KEEP,"Evidence, public report, benchmark result, or active verification baseline."
docs/PHASE7_MOAT_SCORES.csv,duplicate,KEEP,"Evidence, public report, benchmark result, or active verification baseline."
docs/PHASE7_NETWORK_EFFECT_REPORT.md,duplicate,KEEP,"Evidence, public report, benchmark result, or active verification baseline."
docs/PHASE7_NETWORK_EFFECT.csv,duplicate,KEEP,"Evidence, public report, benchmark result, or active verification baseline."
docs/PHASE7_PLATFORM_ANALYSIS.md,duplicate,KEEP,"Evidence, public report, benchmark result, or active verification baseline."
docs/QUANTUM_DOMAIN_REPORT.md,duplicate,KEEP,"Evidence, public report, benchmark result, or active verification baseline."
docs/QUANTUM_FITNESS_REPORT.md,duplicate,KEEP,"Evidence, public report, benchmark result, or active verification baseline."
docs/QUANTUM_KNOWLEDGE_REPORT.md,duplicate,KEEP,"Evidence, public report, benchmark result, or active verification baseline."
docs/QUANTUM_SANDBOX_REPORT.md,duplicate,KEEP,"Evidence, public report, benchmark result, or active verification baseline."
docs/REPRODUCIBILITY_30_SEED_FINAL_REPORT.md,duplicate,KEEP,"Evidence, public report, benchmark result, or active verification baseline."
docs/REPRODUCIBILITY_IMPROVED_30_SEED_FINAL_REPORT.md,duplicate,KEEP,"Evidence, public report, benchmark result, or active verification baseline."
domain_holdout_report.json,generated,REVIEW,Not enough confidence for automated disposition.
evidence_memory.db,generated,REVIEW,Not enough confidence for automated disposition.
external_reproduction_report.json,generated,REVIEW,Not enough confidence for automated disposition.
failure_cause_report.json,generated,REVIEW,Not enough confidence for automated disposition.
fdr_report.json,generated,REVIEW,Not enough confidence for automated disposition.
figures/collapse_evolution.png,generated,REVIEW,Not enough confidence for automated disposition.
figures/dynamic_curvature.png,generated,REVIEW,Not enough confidence for automated disposition.
figures/horizon_evolution.png,generated,REVIEW,Not enough confidence for automated disposition.
figures/inhomogeneous_evolution.png,generated,REVIEW,Not enough confidence for automated disposition.
figures/mass_inflation.png,generated,REVIEW,Not enough confidence for automated disposition.
figures/non_spherical_perturbations.png,generated,REVIEW,Not enough confidence for automated disposition.
figures/parameter_scan.png,generated,REVIEW,Not enough confidence for automated disposition.
figures/phase_space.png,generated,REVIEW,Not enough confidence for automated disposition.
figures/qg_audit_bec_horizon.pdf,generated,REVIEW,Not enough confidence for automated disposition.
figures/qg_audit_phase_transition.pdf,generated,REVIEW,Not enough confidence for automated disposition.
figures/qg_audit_spin_network.pdf,generated,REVIEW,Not enough confidence for automated disposition.
figures/qg_curvature_profiles.png,generated,REVIEW,Not enough confidence for automated disposition.
figures/qg_kretschmann_profiles.png,generated,REVIEW,Not enough confidence for automated disposition.
figures/qg_metric_profiles.png,generated,REVIEW,Not enough confidence for automated disposition.
figures/qnm_spectrum.png,generated,REVIEW,Not enough confidence for automated disposition.
figures/quantum_core_growth.png,generated,REVIEW,Not enough confidence for automated disposition.
figures/remnant_falsification_phase.png,generated,REVIEW,Not enough confidence for automated disposition.
figures/scalar_evolution.png,generated,REVIEW,Not enough confidence for automated disposition.
figures/shockwave_formation.png,generated,REVIEW,Not enough confidence for automated disposition.
geometry_optimal_design.json,duplicate,REVIEW,Not enough confidence for automated disposition.
geometry_optimization_report.md,duplicate,REVIEW,Not enough confidence for automated disposition.
hardware_adversary_report.json,generated,REVIEW,Not enough confidence for automated disposition.
hardware_consensus_report.json,generated,REVIEW,Not enough confidence for automated disposition.
hardware_fdr_report.json,generated,REVIEW,Not enough confidence for automated disposition.
hardware_replication_report.json,generated,REVIEW,Not enough confidence for automated disposition.
hardware_theory_tournament_report.json,generated,REVIEW,Not enough confidence for automated disposition.
historical_recovery_report.json,generated,REVIEW,Not enough confidence for automated disposition.
historical_theory_recovery_report.json,generated,REVIEW,Not enough confidence for automated disposition.
holdout_report.json,generated,REVIEW,Not enough confidence for automated disposition.
label_shuffle_report.json,generated,REVIEW,Not enough confidence for automated disposition.
law_discovery_benchmark_report.json,generated,REVIEW,Not enough confidence for automated disposition.
leakage_forensics_report.json,generated,REVIEW,Not enough confidence for automated disposition.
lineage_report.json,generated,REVIEW,Not enough confidence for automated disposition.
meta_law_validation_report.json,generated,REVIEW,Not enough confidence for automated disposition.
minimality_report.json,generated,REVIEW,Not enough confidence for automated disposition.
novel_structure_report.json,generated,REVIEW,Not enough confidence for automated disposition.
ood_hardware_validation_report.json,generated,REVIEW,Not enough confidence for automated disposition.
optimization_removal_report.json,generated,REVIEW,Not enough confidence for automated disposition.
outputs/20260601_181428_DVRFa6/checkpoint.pkl,generated,ARCHIVE,Generated evidence or historical result; move only with manifest and compatibility path if referenced.
outputs/20260601_181428_DVRFa6/hall_of_fame.csv,duplicate|generated,ARCHIVE,Generated evidence or historical result; move only with manifest and compatibility path if referenced.
outputs/20260601_181428_DVRFa6/hall_of_fame.csv.bak,duplicate|generated|stale,ARCHIVE,Generated evidence or historical result; move only with manifest and compatibility path if referenced.
outputs/20260601_183744_cUWRpJ/checkpoint.pkl,generated,ARCHIVE,Generated evidence or historical result; move only with manifest and compatibility path if referenced.
outputs/20260601_183744_cUWRpJ/hall_of_fame.csv,duplicate|generated,ARCHIVE,Generated evidence or historical result; move only with manifest and compatibility path if referenced.
outputs/20260601_183744_cUWRpJ/hall_of_fame.csv.bak,duplicate|generated|stale,ARCHIVE,Generated evidence or historical result; move only with manifest and compatibility path if referenced.
papers/system/appendix_ev3_formal.tex,duplicate,REVIEW,Not enough confidence for automated disposition.
papers/system/representation_aware_system_identification.aux,duplicate,REVIEW,Not enough confidence for automated disposition.
papers/system/representation_aware_system_identification.bbl,duplicate,REVIEW,Not enough confidence for automated disposition.
papers/system/representation_aware_system_identification.blg,duplicate,REVIEW,Not enough confidence for automated disposition.
papers/system/representation_aware_system_identification.log,duplicate|generated|stale,DELETE_CANDIDATE,Generated/cache/build output; safe only after owner review and regeneration path confirmation.
papers/system/representation_aware_system_identification.out,duplicate,REVIEW,Not enough confidence for automated disposition.
papers/system/representation_aware_system_identification.tex,duplicate,REVIEW,Not enough confidence for automated disposition.
physical_mechanism_validation_report.json,generated,REVIEW,Not enough confidence for automated disposition.
physics/__init__.py,duplicate,REVIEW,Not enough confidence for automated disposition.
physics/agents/__init__.py,duplicate,REVIEW,Not enough confidence for automated disposition.
physics/artifacts/ablation_report.md,generated,REVIEW,Not enough confidence for automated disposition.
physics/artifacts/ablation_results.csv,duplicate|generated,REVIEW,Not enough confidence for automated disposition.
physics/artifacts/ablation_summary.csv,generated,REVIEW,Not enough confidence for automated disposition.
physics/artifacts/adversarial_validation_dataset.json,generated,REVIEW,Not enough confidence for automated disposition.
physics/artifacts/adversarial_validation_metrics.json,generated,REVIEW,Not enough confidence for automated disposition.
physics/artifacts/adversarial_validation_report.md,generated,REVIEW,Not enough confidence for automated disposition.
physics/artifacts/adversarial_validation_summary.md,generated,REVIEW,Not enough confidence for automated disposition.
physics/artifacts/agent_specialization_report.md,generated,REVIEW,Not enough confidence for automated disposition.
physics/artifacts/autonomous_cycle_benchmark.json,generated,REVIEW,Not enough confidence for automated disposition.
physics/artifacts/autonomous_cycle_benchmark.md,generated,REVIEW,Not enough confidence for automated disposition.
physics/artifacts/autonomous_cycle_candidates.json,generated,REVIEW,Not enough confidence for automated disposition.
physics/artifacts/autonomous_cycle_execution_results.json,generated,REVIEW,Not enough confidence for automated disposition.
physics/artifacts/autonomous_cycle_memory_update.json,generated,REVIEW,Not enough confidence for automated disposition.
physics/artifacts/autonomous_cycle_meta_update.json,generated,REVIEW,Not enough confidence for automated disposition.
physics/artifacts/autonomous_cycle_metrics.json,generated,REVIEW,Not enough confidence for automated disposition.
physics/artifacts/autonomous_cycle_prevalidation.json,generated,REVIEW,Not enough confidence for automated disposition.
physics/artifacts/autonomous_cycle_protocols.json,generated,REVIEW,Not enough confidence for automated disposition.
physics/artifacts/autonomous_cycle_ranking.json,generated,REVIEW,Not enough confidence for automated disposition.
physics/artifacts/autonomous_cycle_report.md,generated,REVIEW,Not enough confidence for automated disposition.
physics/artifacts/autonomous_session.json,generated,REVIEW,Not enough confidence for automated disposition.
physics/artifacts/benchmark_accuracy_time.png,generated,REVIEW,Not enough confidence for automated disposition.
physics/artifacts/benchmark_report.md,generated,REVIEW,Not enough confidence for automated disposition.
physics/artifacts/benchmark_results.csv,generated,REVIEW,Not enough confidence for automated disposition.
physics/artifacts/benchmark_results.json,generated,REVIEW,Not enough confidence for automated disposition.
physics/artifacts/bias_knockoff_filter.csv,generated,REVIEW,Not enough confidence for automated disposition.
physics/artifacts/bias_leakage_scan.csv,generated,REVIEW,Not enough confidence for automated disposition.
physics/artifacts/bias_report.md,duplicate|generated,REVIEW,Not enough confidence for automated disposition.
physics/artifacts/bias_report.tagged.md,duplicate|generated,REVIEW,Not enough confidence for automated disposition.
physics/artifacts/bias_spurious_correlations.csv,generated,REVIEW,Not enough confidence for automated disposition.
physics/artifacts/blind_benchmark_metrics.json,generated,REVIEW,Not enough confidence for automated disposition.
physics/artifacts/blind_benchmark_report.md,generated,REVIEW,Not enough confidence for automated disposition.
physics/artifacts/blind_benchmark_summary.json,generated,REVIEW,Not enough confidence for automated disposition.
physics/artifacts/bootstrap_results.json,generated,REVIEW,Not enough confidence for automated disposition.
physics/artifacts/claim_level_report.md,generated,REVIEW,Not enough confidence for automated disposition.
physics/artifacts/continuity_significance_audit.json,generated,REVIEW,Not enough confidence for automated disposition.
physics/artifacts/correlated_features.json,generated,REVIEW,Not enough confidence for automated disposition.
physics/artifacts/cross_domain_report.md,generated,REVIEW,Not enough confidence for automated disposition.
physics/artifacts/cross_domain_results.json,generated,REVIEW,Not enough confidence for automated disposition.
physics/artifacts/curvature_clusters.png,generated,REVIEW,Not enough confidence for automated disposition.
physics/artifacts/deep_cka_comparison.json,generated,REVIEW,Not enough confidence for automated disposition.
physics/artifacts/deformation_flow_pca.png,generated,REVIEW,Not enough confidence for automated disposition.
physics/artifacts/deformation_flow_projection.json,generated,REVIEW,Not enough confidence for automated disposition.
physics/artifacts/deformation_flow_velocity.png,generated,REVIEW,Not enough confidence for automated disposition.
physics/artifacts/discovery_benchmark_report.json,generated,REVIEW,Not enough confidence for automated disposition.
physics/artifacts/discovery_duffing_sindy.json,generated,REVIEW,Not enough confidence for automated disposition.
physics/artifacts/discovery_logistic_pysr.json,generated,REVIEW,Not enough confidence for automated disposition.
physics/artifacts/discovery_logistic_sindy.json,generated,REVIEW,Not enough confidence for automated disposition.
physics/artifacts/discovery_lorenz_sindy.json,generated,REVIEW,Not enough confidence for automated disposition.
physics/artifacts/discovery_report.md,generated,REVIEW,Not enough confidence for automated disposition.
physics/artifacts/discovery_rossler_sindy.json,generated,REVIEW,Not enough confidence for automated disposition.
physics/artifacts/discovery_van_der_pol_sindy.json,generated,REVIEW,Not enough confidence for automated disposition.
physics/artifacts/domain_adaptation_report.md,generated,REVIEW,Not enough confidence for automated disposition.
physics/artifacts/domain_adaptation_results.json,duplicate|generated,REVIEW,Not enough confidence for automated disposition.
physics/artifacts/duffing_oscillator_signature_v2.json,generated,REVIEW,Not enough confidence for automated disposition.
physics/artifacts/duffing_signature.json,generated,REVIEW,Not enough confidence for automated disposition.
physics/artifacts/epistemic_calibration_metrics.json,generated,REVIEW,Not enough confidence for automated disposition.
physics/artifacts/epistemic_calibration_report.md,generated,REVIEW,Not enough confidence for automated disposition.
physics/artifacts/epistemic_calibration_summary.md,generated,REVIEW,Not enough confidence for automated disposition.
physics/artifacts/epistemic_hardening_metrics.json,generated,REVIEW,Not enough confidence for automated disposition.
physics/artifacts/epistemic_hardening_report.md,generated,REVIEW,Not enough confidence for automated disposition.
physics/artifacts/epistemic_hardening_summary.md,generated,REVIEW,Not enough confidence for automated disposition.
physics/artifacts/epistemic_recommendations.json,generated,REVIEW,Not enough confidence for automated disposition.
physics/artifacts/experiment_cache.db,generated,REVIEW,Not enough confidence for automated disposition.
physics/artifacts/experiments_archive/_insight_injector.py,generated,REVIEW,Not enough confidence for automated disposition.
physics/artifacts/experiments_archive/baseline_benchmark.py,generated,ARCHIVE,Generated evidence or historical result; move only with manifest and compatibility path if referenced.
physics/artifacts/experiments_archive/complex_roots_numerical.py,generated,REVIEW,Not enough confidence for automated disposition.
physics/artifacts/experiments_archive/conjecture_engine.py,generated,REVIEW,Not enough confidence for automated disposition.
physics/artifacts/experiments_archive/continuous_attractors.py,generated,REVIEW,Not enough confidence for automated disposition.
physics/artifacts/experiments_archive/continuous_geometry.py,generated,REVIEW,Not enough confidence for automated disposition.
physics/artifacts/experiments_archive/deformation_flow_visualization.py,generated,REVIEW,Not enough confidence for automated disposition.
physics/artifacts/experiments_archive/deformation_flow.py,generated,REVIEW,Not enough confidence for automated disposition.
physics/artifacts/experiments_archive/discriminant_check.py,generated,REVIEW,Not enough confidence for automated disposition.
physics/artifacts/experiments_archive/dummy.py,generated,REVIEW,Not enough confidence for automated disposition.
physics/artifacts/experiments_archive/embedding_neighbors.py,generated,REVIEW,Not enough confidence for automated disposition.
physics/artifacts/experiments_archive/falsification_001.py,generated,REVIEW,Not enough confidence for automated disposition.
physics/artifacts/experiments_archive/falsification_002.py,generated,REVIEW,Not enough confidence for automated disposition.
physics/artifacts/experiments_archive/feigenbaum_hunt.py,generated,REVIEW,Not enough confidence for automated disposition.
physics/artifacts/experiments_archive/generate_phase8a.py,generated,REVIEW,Not enough confidence for automated disposition.
physics/artifacts/experiments_archive/geodesic_flow.py,generated,REVIEW,Not enough confidence for automated disposition.
physics/artifacts/experiments_archive/geodesic_visualization.py,generated,REVIEW,Not enough confidence for automated disposition.
physics/artifacts/experiments_archive/latent_curvature_visualization.py,generated,REVIEW,Not enough confidence for automated disposition.
physics/artifacts/experiments_archive/latent_curvature.py,generated,REVIEW,Not enough confidence for automated disposition.
physics/artifacts/experiments_archive/latent_dynamics_visualization.py,generated,REVIEW,Not enough confidence for automated disposition.
physics/artifacts/experiments_archive/latent_dynamics.py,generated,REVIEW,Not enough confidence for automated disposition.
physics/artifacts/experiments_archive/latent_visualization.py,generated,REVIEW,Not enough confidence for automated disposition.
physics/artifacts/experiments_archive/lorenz_sim.py,generated,REVIEW,Not enough confidence for automated disposition.
physics/artifacts/experiments_archive/lorenz_stability.py,generated,REVIEW,Not enough confidence for automated disposition.
physics/artifacts/experiments_archive/real_roots_sturm.py,generated,REVIEW,Not enough confidence for automated disposition.
physics/artifacts/experiments_archive/solvability_check.py,generated,REVIEW,Not enough confidence for automated disposition.
physics/artifacts/experiments_archive/test_feigenbaum.py,generated,REVIEW,Not enough confidence for automated disposition.
physics/artifacts/experiments_archive/test_num_1.py,generated,REVIEW,Not enough confidence for automated disposition.
physics/artifacts/experiments_archive/test_sym_1.py,generated,REVIEW,Not enough confidence for automated disposition.
physics/artifacts/experiments_archive/test_sym_2.py,generated,REVIEW,Not enough confidence for automated disposition.
physics/artifacts/experiments_archive/test01_num.py,generated,REVIEW,Not enough confidence for automated disposition.
physics/artifacts/experiments_archive/test01_sym.py,generated,REVIEW,Not enough confidence for automated disposition.
physics/artifacts/experiments_archive/test02_num.py,generated,REVIEW,Not enough confidence for automated disposition.
physics/artifacts/experiments_archive/test02_sym.py,generated,REVIEW,Not enough confidence for automated disposition.
physics/artifacts/experiments_archive/test03_num.py,generated,REVIEW,Not enough confidence for automated disposition.
physics/artifacts/experiments_archive/test03_sym.py,generated,REVIEW,Not enough confidence for automated disposition.
physics/artifacts/experiments_archive/test04_num.py,generated,REVIEW,Not enough confidence for automated disposition.
physics/artifacts/experiments_archive/test04_sym.py,generated,REVIEW,Not enough confidence for automated disposition.
physics/artifacts/experiments_archive/test05_num.py,generated,REVIEW,Not enough confidence for automated disposition.
physics/artifacts/experiments_archive/test05_sym.py,generated,REVIEW,Not enough confidence for automated disposition.
physics/artifacts/experiments_archive/topology_miner_v2.py,generated,REVIEW,Not enough confidence for automated disposition.
physics/artifacts/experiments_archive/topology_miner.py,generated,REVIEW,Not enough confidence for automated disposition.
physics/artifacts/experiments_archive/universal_atlas_visualization.py,generated,REVIEW,Not enough confidence for automated disposition.
physics/artifacts/experiments.db,generated,REVIEW,Not enough confidence for automated disposition.
physics/artifacts/experiments/ecg_noise_robustness.csv,generated,REVIEW,Not enough confidence for automated disposition.
physics/artifacts/experiments/ev3_stability.txt,generated,REVIEW,Not enough confidence for automated disposition.
physics/artifacts/experiments/lorenz_autonomous_metrics.csv,generated,REVIEW,Not enough confidence for automated disposition.
physics/artifacts/experiments/lorenz_extrapolation.npz,generated,REVIEW,Not enough confidence for automated disposition.
physics/artifacts/experiments/noise_robustness_dense.csv,generated,REVIEW,Not enough confidence for automated disposition.
physics/artifacts/experiments/noise_robustness_results.csv,generated,REVIEW,Not enough confidence for automated disposition.
physics/artifacts/experiments/ptbxl_noise_robustness.csv,generated,REVIEW,Not enough confidence for automated disposition.
physics/artifacts/experiments/sindy_library_ablation.csv,generated,REVIEW,Not enough confidence for automated disposition.
physics/artifacts/expert_review_hypotheses.json,generated,REVIEW,Not enough confidence for automated disposition.
physics/artifacts/expert_validation_report.md,generated,REVIEW,Not enough confidence for automated disposition.
physics/artifacts/failure_mode_analysis.json,generated,REVIEW,Not enough confidence for automated disposition.
physics/artifacts/falsification_001_results.json,generated,REVIEW,Not enough confidence for automated disposition.
physics/artifacts/falsification_002_results.json,generated,REVIEW,Not enough confidence for automated disposition.
physics/artifacts/feature_importance_mi.json,generated,REVIEW,Not enough confidence for automated disposition.
physics/artifacts/feature_importance_shap.json,generated,REVIEW,Not enough confidence for automated disposition.
physics/artifacts/final_scientific_assessment.json,generated,REVIEW,Not enough confidence for automated disposition.
physics/artifacts/final_scientific_assessment.md,generated,REVIEW,Not enough confidence for automated disposition.
physics/artifacts/frontier_audit.json,generated,REVIEW,Not enough confidence for automated disposition.
physics/artifacts/frontier_candidates.json,generated,REVIEW,Not enough confidence for automated disposition.
physics/artifacts/frontier_report.md,generated,REVIEW,Not enough confidence for automated disposition.
physics/artifacts/frontier_umap.npy,generated,REVIEW,Not enough confidence for automated disposition.
physics/artifacts/generated_experiment_001.md,generated,REVIEW,Not enough confidence for automated disposition.
physics/artifacts/generated_experiment_002.md,generated,REVIEW,Not enough confidence for automated disposition.
physics/artifacts/geodesic_divergence.png,generated,REVIEW,Not enough confidence for automated disposition.
physics/artifacts/geodesic_field.png,generated,REVIEW,Not enough confidence for automated disposition.
physics/artifacts/geodesic_flow_data.json,generated,REVIEW,Not enough confidence for automated disposition.
physics/artifacts/gp_prediction.png,generated,REVIEW,Not enough confidence for automated disposition.
physics/artifacts/hpc_audit.json,generated,REVIEW,Not enough confidence for automated disposition.
physics/artifacts/hpc_benchmark.csv,generated,REVIEW,Not enough confidence for automated disposition.
physics/artifacts/hpc_benchmark.md,generated,REVIEW,Not enough confidence for automated disposition.
physics/artifacts/hpc_efficiency_report.md,generated,REVIEW,Not enough confidence for automated disposition.
physics/artifacts/jacobian_determinant.png,generated,REVIEW,Not enough confidence for automated disposition.
physics/artifacts/knowledge_report.md,duplicate|generated,REVIEW,Not enough confidence for automated disposition.
physics/artifacts/kuramoto_model_signature_v2.json,generated,REVIEW,Not enough confidence for automated disposition.
physics/artifacts/latent_curvature_data.json,generated,REVIEW,Not enough confidence for automated disposition.
physics/artifacts/latent_curvature.png,generated,REVIEW,Not enough confidence for automated disposition.
physics/artifacts/latent_dynamics_data.json,generated,REVIEW,Not enough confidence for automated disposition.
physics/artifacts/latent_instability.png,generated,REVIEW,Not enough confidence for automated disposition.
physics/artifacts/latent_metric_density.png,generated,REVIEW,Not enough confidence for automated disposition.
physics/artifacts/logistic_delta_d.png,generated,REVIEW,Not enough confidence for automated disposition.
physics/artifacts/logistic_map_signature_v2.json,generated,REVIEW,Not enough confidence for automated disposition.
physics/artifacts/logistic_pca_trajectory.png,generated,REVIEW,Not enough confidence for automated disposition.
physics/artifacts/logs_y_reportes/cert_B1_galois.json,generated,REVIEW,Not enough confidence for automated disposition.
physics/artifacts/logs_y_reportes/cert_B2_bring.json,generated,REVIEW,Not enough confidence for automated disposition.
physics/artifacts/logs_y_reportes/cert_B3_sturm.json,generated,REVIEW,Not enough confidence for automated disposition.
physics/artifacts/logs_y_reportes/cross_system_generalization_phase48.log,generated|stale,DELETE_CANDIDATE,Generated/cache/build output; safe only after owner review and regeneration path confirmation.
physics/artifacts/logs_y_reportes/file_dependencies.json,generated,REVIEW,Not enough confidence for automated disposition.
physics/artifacts/logs_y_reportes/reporte_final.json,generated,REVIEW,Not enough confidence for automated disposition.
physics/artifacts/longitudinal_stability_metrics.json,generated,REVIEW,Not enough confidence for automated disposition.
physics/artifacts/longitudinal_stability_report.md,generated,REVIEW,Not enough confidence for automated disposition.
physics/artifacts/longitudinal_stability_summary.md,generated,REVIEW,Not enough confidence for automated disposition.
physics/artifacts/lorenz_rho_comparison.png,generated,REVIEW,Not enough confidence for automated disposition.
physics/artifacts/memory_audit.json,generated,REVIEW,Not enough confidence for automated disposition.
physics/artifacts/memory_clusters.json,generated,REVIEW,Not enough confidence for automated disposition.
physics/artifacts/memory_compression_metrics.json,generated,REVIEW,Not enough confidence for automated disposition.
physics/artifacts/memory_consolidation_report.md,generated,REVIEW,Not enough confidence for automated disposition.
physics/artifacts/memory_consolidation_summary.md,generated,REVIEW,Not enough confidence for automated disposition.
physics/artifacts/memory_health_score.json,generated,REVIEW,Not enough confidence for automated disposition.
physics/artifacts/memory_report.md,generated,REVIEW,Not enough confidence for automated disposition.
physics/artifacts/memory_stress_report.md,generated,REVIEW,Not enough confidence for automated disposition.
physics/artifacts/meta_history_cache.csv,generated,REVIEW,Not enough confidence for automated disposition.
physics/artifacts/meta_history_cache.meta.json,generated,REVIEW,Not enough confidence for automated disposition.
physics/artifacts/meta_history_expanded.csv,generated,REVIEW,Not enough confidence for automated disposition.
physics/artifacts/meta_learning_audit.json,generated,REVIEW,Not enough confidence for automated disposition.
physics/artifacts/meta_learning_benchmark.csv,generated,REVIEW,Not enough confidence for automated disposition.
physics/artifacts/meta_learning_benchmark.md,generated,REVIEW,Not enough confidence for automated disposition.
physics/artifacts/meta_learning_expansion_report.md,generated,REVIEW,Not enough confidence for automated disposition.
physics/artifacts/meta_learning_report.md,generated,REVIEW,Not enough confidence for automated disposition.
physics/artifacts/migrations/add_noise_seed.sql,generated,REVIEW,Not enough confidence for automated disposition.
physics/artifacts/multi_agent_audit.json,generated,REVIEW,Not enough confidence for automated disposition.
physics/artifacts/multi_agent_benchmark.md,generated,REVIEW,Not enough confidence for automated disposition.
physics/artifacts/multi_agent_debates.json,generated,REVIEW,Not enough confidence for automated disposition.
physics/artifacts/neural_ode_duffing.pth,generated,REVIEW,Not enough confidence for automated disposition.
physics/artifacts/optimal_features.json,generated,REVIEW,Not enough confidence for automated disposition.
physics/artifacts/outputs/20260524_180152_cFvZaI/checkpoint.pkl,generated,REVIEW,Not enough confidence for automated disposition.
physics/artifacts/outputs/20260524_180152_cFvZaI/hall_of_fame.csv,duplicate|generated,REVIEW,Not enough confidence for automated disposition.
physics/artifacts/outputs/20260524_180152_cFvZaI/hall_of_fame.csv.bak,duplicate|generated|stale,ARCHIVE,Generated evidence or historical result; move only with manifest and compatibility path if referenced.
physics/artifacts/outputs/20260524_180327_rDFO3r/checkpoint.pkl,generated,REVIEW,Not enough confidence for automated disposition.
physics/artifacts/outputs/20260524_180327_rDFO3r/hall_of_fame.csv,duplicate|generated,REVIEW,Not enough confidence for automated disposition.
physics/artifacts/outputs/20260524_180327_rDFO3r/hall_of_fame.csv.bak,duplicate|generated|stale,ARCHIVE,Generated evidence or historical result; move only with manifest and compatibility path if referenced.
physics/artifacts/outputs/20260524_180439_Wye1C4/checkpoint.pkl,generated,REVIEW,Not enough confidence for automated disposition.
physics/artifacts/outputs/20260524_180439_Wye1C4/hall_of_fame.csv,duplicate|generated,REVIEW,Not enough confidence for automated disposition.
physics/artifacts/outputs/20260524_180439_Wye1C4/hall_of_fame.csv.bak,duplicate|generated|stale,ARCHIVE,Generated evidence or historical result; move only with manifest and compatibility path if referenced.
physics/artifacts/outputs/20260525_174118_5jPp6q/checkpoint.pkl,generated,REVIEW,Not enough confidence for automated disposition.
physics/artifacts/outputs/20260525_174118_5jPp6q/hall_of_fame.csv,duplicate|generated,REVIEW,Not enough confidence for automated disposition.
physics/artifacts/outputs/20260525_174118_5jPp6q/hall_of_fame.csv.bak,duplicate|generated|stale,ARCHIVE,Generated evidence or historical result; move only with manifest and compatibility path if referenced.
physics/artifacts/outputs/20260525_174613_HCyVIO/checkpoint.pkl,generated,REVIEW,Not enough confidence for automated disposition.
physics/artifacts/outputs/20260525_174613_HCyVIO/hall_of_fame.csv,duplicate|generated,REVIEW,Not enough confidence for automated disposition.
physics/artifacts/outputs/20260525_174613_HCyVIO/hall_of_fame.csv.bak,duplicate|generated|stale,ARCHIVE,Generated evidence or historical result; move only with manifest and compatibility path if referenced.
physics/artifacts/outputs/20260525_175035_aMn83x/checkpoint.pkl,generated,REVIEW,Not enough confidence for automated disposition.
physics/artifacts/outputs/20260525_175035_aMn83x/hall_of_fame.csv,duplicate|generated,REVIEW,Not enough confidence for automated disposition.
physics/artifacts/outputs/20260525_175035_aMn83x/hall_of_fame.csv.bak,duplicate|generated|stale,ARCHIVE,Generated evidence or historical result; move only with manifest and compatibility path if referenced.
physics/artifacts/outputs/20260525_175453_GdmbdH/checkpoint.pkl,generated,REVIEW,Not enough confidence for automated disposition.
physics/artifacts/outputs/20260525_175453_GdmbdH/hall_of_fame.csv,duplicate|generated,REVIEW,Not enough confidence for automated disposition.
physics/artifacts/outputs/20260525_175453_GdmbdH/hall_of_fame.csv.bak,duplicate|generated|stale,ARCHIVE,Generated evidence or historical result; move only with manifest and compatibility path if referenced.
physics/artifacts/outputs/20260525_175919_aMn83x/checkpoint.pkl,generated,REVIEW,Not enough confidence for automated disposition.
physics/artifacts/outputs/20260525_175919_aMn83x/hall_of_fame.csv,duplicate|generated,REVIEW,Not enough confidence for automated disposition.
physics/artifacts/outputs/20260525_175919_aMn83x/hall_of_fame.csv.bak,duplicate|generated|stale,ARCHIVE,Generated evidence or historical result; move only with manifest and compatibility path if referenced.
physics/artifacts/pca_variance.json,generated,REVIEW,Not enough confidence for automated disposition.
physics/artifacts/permutation_results.json,generated,REVIEW,Not enough confidence for automated disposition.
physics/artifacts/phase8_completion_report.md,generated,REVIEW,Not enough confidence for automated disposition.
physics/artifacts/phase8_flags/8a_done,generated,REVIEW,Not enough confidence for automated disposition.
physics/artifacts/phase8_flags/8b_done,generated,REVIEW,Not enough confidence for automated disposition.
physics/artifacts/phase8_flags/8c_done,generated,REVIEW,Not enough confidence for automated disposition.
physics/artifacts/phase8_flags/8d_done,generated,REVIEW,Not enough confidence for automated disposition.
physics/artifacts/phase8_flags/8e_done,generated,REVIEW,Not enough confidence for automated disposition.
physics/artifacts/physical_validation_anomalies.json,generated,REVIEW,Not enough confidence for automated disposition.
physics/artifacts/physical_validation_report.md,generated,REVIEW,Not enough confidence for automated disposition.
physics/artifacts/physical_validation_telemetry.csv,generated,REVIEW,Not enough confidence for automated disposition.
physics/artifacts/pinn_sigma_diagnosis.md,generated,REVIEW,Not enough confidence for automated disposition.
physics/artifacts/pysr_results.csv,generated,REVIEW,Not enough confidence for automated disposition.
physics/artifacts/qg_discovery_report.md,generated,REVIEW,Not enough confidence for automated disposition.
physics/artifacts/qg_geometric_audit.json,generated,REVIEW,Not enough confidence for automated disposition.
physics/artifacts/qg_pipeline_status.json,generated,REVIEW,Not enough confidence for automated disposition.
physics/artifacts/real_data_ingestion_report.md,generated,REVIEW,Not enough confidence for automated disposition.
physics/artifacts/reality_gap_metrics.json,generated,REVIEW,Not enough confidence for automated disposition.
physics/artifacts/reality_gap_report.md,generated,REVIEW,Not enough confidence for automated disposition.
physics/artifacts/reality_gap_summary.md,generated,REVIEW,Not enough confidence for automated disposition.
physics/artifacts/recalibrated_hypotheses.json,generated,REVIEW,Not enough confidence for automated disposition.
physics/artifacts/recommended_frontier_regions.json,generated,REVIEW,Not enough confidence for automated disposition.
physics/artifacts/red_team_failures.json,generated,REVIEW,Not enough confidence for automated disposition.
physics/artifacts/redundancy_report.md,generated,REVIEW,Not enough confidence for automated disposition.
physics/artifacts/renormalization_cycles.png,generated,REVIEW,Not enough confidence for automated disposition.
physics/artifacts/reproducibility_checkpoint_final.csv,generated,REVIEW,Not enough confidence for automated disposition.
physics/artifacts/reproducibility_metrics.json,generated,REVIEW,Not enough confidence for automated disposition.
physics/artifacts/reproducibility_report.md,generated,REVIEW,Not enough confidence for automated disposition.
physics/artifacts/reproducibility_results.csv,duplicate|generated,REVIEW,Not enough confidence for automated disposition.
physics/artifacts/reproducibility_summary.json,generated,REVIEW,Not enough confidence for automated disposition.
physics/artifacts/resnet_metrics.json,generated,REVIEW,Not enough confidence for automated disposition.
physics/artifacts/resnet_predictions.json,generated,REVIEW,Not enough confidence for automated disposition.
physics/artifacts/resnet1d_ecg.pt,generated,REVIEW,Not enough confidence for automated disposition.
physics/artifacts/results/cka_layers_ptbxl.npy,generated,REVIEW,Not enough confidence for automated disposition.
physics/artifacts/results/cka_layers.npy,generated,REVIEW,Not enough confidence for automated disposition.
physics/artifacts/results/ev3_ptbxl.npy,generated,REVIEW,Not enough confidence for automated disposition.
physics/artifacts/results/harmonic/metrics.csv,duplicate|generated,REVIEW,Not enough confidence for automated disposition.
physics/artifacts/results/harmonic/neural_ode_loss.png,generated,REVIEW,Not enough confidence for automated disposition.
physics/artifacts/results/harmonic/pipeline.log,generated|stale,DELETE_CANDIDATE,Generated/cache/build output; safe only after owner review and regeneration path confirmation.
physics/artifacts/results/harmonic/symbolic_coefficients.csv,duplicate|generated,REVIEW,Not enough confidence for automated disposition.
physics/artifacts/results/harmonic/trajectory.png,generated,REVIEW,Not enough confidence for automated disposition.
physics/artifacts/results/phase8c/sota_benchmark.csv,generated,REVIEW,Not enough confidence for automated disposition.
physics/artifacts/results/phase8e/robustness_all.json,duplicate|generated,REVIEW,Not enough confidence for automated disposition.
physics/artifacts/results/phase8e/robustness_missing_data.csv,duplicate|generated,REVIEW,Not enough confidence for automated disposition.
physics/artifacts/results/phase8e/robustness_noise.csv,duplicate|generated,REVIEW,Not enough confidence for automated disposition.
physics/artifacts/results/phase8e/robustness_ood.csv,duplicate|generated,REVIEW,Not enough confidence for automated disposition.
physics/artifacts/results/phase8e/robustness_parameter_drift.csv,duplicate|generated,REVIEW,Not enough confidence for automated disposition.
physics/artifacts/results/pwcca_layers_ptbxl.npy,generated,REVIEW,Not enough confidence for automated disposition.
physics/artifacts/results/svcca_layers_ptbxl.npy,generated,REVIEW,Not enough confidence for automated disposition.
physics/artifacts/review_cycle_log.md,generated,REVIEW,Not enough confidence for automated disposition.
physics/artifacts/reviewer_invitation_template.txt,generated,REVIEW,Not enough confidence for automated disposition.
physics/artifacts/robustness_report.md,generated,REVIEW,Not enough confidence for automated disposition.
physics/artifacts/robustness_results.csv,generated,REVIEW,Not enough confidence for automated disposition.
physics/artifacts/runs/math_search.db,generated,REVIEW,Not enough confidence for automated disposition.
physics/artifacts/sanity_cache.json,generated,REVIEW,Not enough confidence for automated disposition.
physics/artifacts/sanity_log.json,generated,REVIEW,Not enough confidence for automated disposition.
physics/artifacts/sanity_report.md,duplicate|generated,REVIEW,Not enough confidence for automated disposition.
physics/artifacts/sanity_report.tagged.md,duplicate|generated,REVIEW,Not enough confidence for automated disposition.
physics/artifacts/scientific_impact_metrics.json,generated,REVIEW,Not enough confidence for automated disposition.
physics/artifacts/scientific_impact_report.md,generated,REVIEW,Not enough confidence for automated disposition.
physics/artifacts/scientific_impact_summary.json,generated,REVIEW,Not enough confidence for automated disposition.
physics/artifacts/scientific_impact_summary.md,generated,REVIEW,Not enough confidence for automated disposition.
physics/artifacts/scientific_readiness_metrics.json,generated,REVIEW,Not enough confidence for automated disposition.
physics/artifacts/scientific_readiness_report.md,generated,REVIEW,Not enough confidence for automated disposition.
physics/artifacts/scientific_readiness_summary.md,generated,REVIEW,Not enough confidence for automated disposition.
physics/artifacts/scientific_stability_score.json,generated,REVIEW,Not enough confidence for automated disposition.
physics/artifacts/skeptic_report_lorenz_1.json,duplicate|generated,REVIEW,Not enough confidence for automated disposition.
physics/artifacts/skeptic_report_lorenz_10.json,duplicate|generated,REVIEW,Not enough confidence for automated disposition.
physics/artifacts/skeptic_report_lorenz_11.json,duplicate|generated,REVIEW,Not enough confidence for automated disposition.
physics/artifacts/skeptic_report_lorenz_12.json,duplicate|generated,REVIEW,Not enough confidence for automated disposition.
physics/artifacts/skeptic_report_lorenz_13.json,duplicate|generated,REVIEW,Not enough confidence for automated disposition.
physics/artifacts/skeptic_report_lorenz_14.json,duplicate|generated,REVIEW,Not enough confidence for automated disposition.
physics/artifacts/skeptic_report_lorenz_15.json,duplicate|generated,REVIEW,Not enough confidence for automated disposition.
physics/artifacts/skeptic_report_lorenz_16.json,duplicate|generated,REVIEW,Not enough confidence for automated disposition.
physics/artifacts/skeptic_report_lorenz_17.json,duplicate|generated,REVIEW,Not enough confidence for automated disposition.
physics/artifacts/skeptic_report_lorenz_18.json,duplicate|generated,REVIEW,Not enough confidence for automated disposition.
physics/artifacts/skeptic_report_lorenz_19.json,duplicate|generated,REVIEW,Not enough confidence for automated disposition.
physics/artifacts/skeptic_report_lorenz_2.json,duplicate|generated,REVIEW,Not enough confidence for automated disposition.
physics/artifacts/skeptic_report_lorenz_20.json,duplicate|generated,REVIEW,Not enough confidence for automated disposition.
physics/artifacts/skeptic_report_lorenz_3.json,duplicate|generated,REVIEW,Not enough confidence for automated disposition.
physics/artifacts/skeptic_report_lorenz_4.json,duplicate|generated,REVIEW,Not enough confidence for automated disposition.
physics/artifacts/skeptic_report_lorenz_5.json,duplicate|generated,REVIEW,Not enough confidence for automated disposition.
physics/artifacts/skeptic_report_lorenz_6.json,duplicate|generated,REVIEW,Not enough confidence for automated disposition.
physics/artifacts/skeptic_report_lorenz_7.json,duplicate|generated,REVIEW,Not enough confidence for automated disposition.
physics/artifacts/skeptic_report_lorenz_8.json,duplicate|generated,REVIEW,Not enough confidence for automated disposition.
physics/artifacts/skeptic_report_lorenz_9.json,duplicate|generated,REVIEW,Not enough confidence for automated disposition.
physics/artifacts/skeptic_report_lorenz.json,duplicate|generated,REVIEW,Not enough confidence for automated disposition.
physics/artifacts/sota_report.md,generated,REVIEW,Not enough confidence for automated disposition.
physics/artifacts/sota_results.csv,duplicate|generated,REVIEW,Not enough confidence for automated disposition.
physics/artifacts/sota_summary.csv,generated,REVIEW,Not enough confidence for automated disposition.
physics/artifacts/stress_test_data.json,generated,REVIEW,Not enough confidence for automated disposition.
physics/artifacts/stress_test_report.md,generated,REVIEW,Not enough confidence for automated disposition.
physics/artifacts/system_capability_matrix.json,generated,REVIEW,Not enough confidence for automated disposition.
physics/artifacts/system_gap_analysis.json,generated,REVIEW,Not enough confidence for automated disposition.
physics/artifacts/system_health_report.json,generated,REVIEW,Not enough confidence for automated disposition.
physics/artifacts/system_health_report.md,generated,REVIEW,Not enough confidence for automated disposition.
physics/artifacts/system_maturity_assessment.md,generated,REVIEW,Not enough confidence for automated disposition.
physics/artifacts/system_maturity_metrics.json,generated,REVIEW,Not enough confidence for automated disposition.
physics/artifacts/system_maturity_report.json,generated,REVIEW,Not enough confidence for automated disposition.
physics/artifacts/system_maturity_report.md,generated,REVIEW,Not enough confidence for automated disposition.
physics/artifacts/system_maturity_summary.md,generated,REVIEW,Not enough confidence for automated disposition.
physics/artifacts/temp_scripts/audit_sqlite.py,generated,REVIEW,Not enough confidence for automated disposition.
physics/artifacts/temp_scripts/continuity_significance_audit.py,generated,REVIEW,Not enough confidence for automated disposition.
physics/artifacts/temp_scripts/fig1_epistemological_pipeline.py,generated,REVIEW,Not enough confidence for automated disposition.
physics/artifacts/temp_scripts/fig2_causal_reranking.py,generated,REVIEW,Not enough confidence for automated disposition.
physics/artifacts/temp_scripts/fig3_geometry_vs_attribution.py,generated,REVIEW,Not enough confidence for automated disposition.
physics/artifacts/temp_scripts/fig4_phase_space_deformation.py,generated,REVIEW,Not enough confidence for automated disposition.
physics/artifacts/temp_scripts/fig5_bootstrap_kde.py,generated,REVIEW,Not enough confidence for automated disposition.
physics/artifacts/temp_scripts/inspect_schema.py,generated,REVIEW,Not enough confidence for automated disposition.
physics/artifacts/temp_scripts/show_certification.py,generated,REVIEW,Not enough confidence for automated disposition.
physics/artifacts/temp_scripts/test_isolation.py,generated,REVIEW,Not enough confidence for automated disposition.
physics/artifacts/test_knowledge_report.md,duplicate|generated,REVIEW,Not enough confidence for automated disposition.
physics/artifacts/theory_audit.json,generated,REVIEW,Not enough confidence for automated disposition.
physics/artifacts/theory_autowriter_report.md,generated,REVIEW,Not enough confidence for automated disposition.
physics/artifacts/theory_demo.md,generated,REVIEW,Not enough confidence for automated disposition.
physics/artifacts/topological_robustness_ecg200_results.json,generated,REVIEW,Not enough confidence for automated disposition.
physics/artifacts/topological_robustness_lorenz_results.json,generated,REVIEW,Not enough confidence for automated disposition.
physics/artifacts/transfer_audit.json,generated,REVIEW,Not enough confidence for automated disposition.
physics/artifacts/universal_atlas_data.json,generated,REVIEW,Not enough confidence for automated disposition.
physics/artifacts/universal_atlas_pca.png,generated,REVIEW,Not enough confidence for automated disposition.
physics/artifacts/universal_atlas_report.md,generated,REVIEW,Not enough confidence for automated disposition.
physics/artifacts/universal_geodesics.png,generated,REVIEW,Not enough confidence for automated disposition.
physics/artifacts/validation_drift_analysis.json,generated,REVIEW,Not enough confidence for automated disposition.
physics/artifacts/van_der_pol_signature_v2.json,generated,REVIEW,Not enough confidence for automated disposition.
physics/audits/diversity_report.json,generated,REVIEW,Not enough confidence for automated disposition.
physics/audits/file_integrity_report.json,generated,REVIEW,Not enough confidence for automated disposition.
physics/benchmark_log.txt,duplicate,REVIEW,Not enough confidence for automated disposition.
physics/benchmark/benchmark_environment_report.json,generated,REVIEW,Not enough confidence for automated disposition.
physics/benchmark/bootstrap_statistics_improved.json,duplicate,REVIEW,Not enough confidence for automated disposition.
physics/benchmark/bootstrap_statistics.json,duplicate,REVIEW,Not enough confidence for automated disposition.
physics/benchmark/collapse_analysis_improved.json,duplicate,REVIEW,Not enough confidence for automated disposition.
physics/benchmark/collapse_analysis.json,duplicate,REVIEW,Not enough confidence for automated disposition.
physics/benchmark/reproducibility_metrics_improved.json,duplicate,REVIEW,Not enough confidence for automated disposition.
physics/benchmark/reproducibility_metrics.json,duplicate,REVIEW,Not enough confidence for automated disposition.
physics/core/__init__.py,duplicate,REVIEW,Not enough confidence for automated disposition.
physics/core/neurosymbolic/__init__.py,duplicate,REVIEW,Not enough confidence for automated disposition.
physics/data/ucr/ECG200_TEST.tsv,duplicate,REVIEW,Not enough confidence for automated disposition.
physics/data/ucr/ECG200_TRAIN.tsv,duplicate,REVIEW,Not enough confidence for automated disposition.
physics/data/ucr/ECG5000_TEST.tsv,duplicate,REVIEW,Not enough confidence for automated disposition.
physics/data/ucr/ECG5000_TRAIN.tsv,duplicate,REVIEW,Not enough confidence for automated disposition.
physics/figures/ablation_heatmap.pdf,generated,REVIEW,Not enough confidence for automated disposition.
physics/figures/ablation_heatmap.png,generated,REVIEW,Not enough confidence for automated disposition.
physics/figures/architecture_diagram.pdf,generated,REVIEW,Not enough confidence for automated disposition.
physics/figures/benchmark_radar.pdf,generated,REVIEW,Not enough confidence for automated disposition.
physics/figures/cka_ev3.pdf,generated,REVIEW,Not enough confidence for automated disposition.
physics/figures/cka_layers_ptbxl.pdf,generated,REVIEW,Not enough confidence for automated disposition.
physics/figures/cka_layers.pdf,generated,REVIEW,Not enough confidence for automated disposition.
physics/figures/demo_attractor.png,generated,REVIEW,Not enough confidence for automated disposition.
physics/figures/ecg200_topological_robustness.pdf,generated,REVIEW,Not enough confidence for automated disposition.
physics/figures/ev3_vs_drop_ptbxl.pdf,generated,REVIEW,Not enough confidence for automated disposition.
physics/figures/extrapolation.pdf,generated,REVIEW,Not enough confidence for automated disposition.
physics/figures/fig1_epistemological_pipeline.pdf,generated,REVIEW,Not enough confidence for automated disposition.
physics/figures/fig1_epistemological_pipeline.png,generated,REVIEW,Not enough confidence for automated disposition.
physics/figures/fig1_epistemological_pipeline.svg,generated,REVIEW,Not enough confidence for automated disposition.
physics/figures/fig2_causal_reranking.pdf,generated,REVIEW,Not enough confidence for automated disposition.
physics/figures/fig2_causal_reranking.png,generated,REVIEW,Not enough confidence for automated disposition.
physics/figures/fig2_causal_reranking.svg,generated,REVIEW,Not enough confidence for automated disposition.
physics/figures/fig3_geometry_vs_attribution.pdf,generated,REVIEW,Not enough confidence for automated disposition.
physics/figures/fig3_geometry_vs_attribution.png,generated,REVIEW,Not enough confidence for automated disposition.
physics/figures/fig3_geometry_vs_attribution.svg,generated,REVIEW,Not enough confidence for automated disposition.
physics/figures/fig4_phase_space_deformation.pdf,generated,REVIEW,Not enough confidence for automated disposition.
physics/figures/fig4_phase_space_deformation.png,generated,REVIEW,Not enough confidence for automated disposition.
physics/figures/fig4_phase_space_deformation.svg,generated,REVIEW,Not enough confidence for automated disposition.
physics/figures/fig5_bootstrap_kde_final.pdf,generated,REVIEW,Not enough confidence for automated disposition.
physics/figures/fig5_bootstrap_kde_final.png,generated,REVIEW,Not enough confidence for automated disposition.
physics/figures/fig5_bootstrap_kde_final.svg,generated,REVIEW,Not enough confidence for automated disposition.
physics/figures/lorenz_topological_robustness.pdf,generated,REVIEW,Not enough confidence for automated disposition.
physics/figures/qg_audit_bec_horizon.pdf,generated,REVIEW,Not enough confidence for automated disposition.
physics/figures/qg_audit_phase_transition.pdf,generated,REVIEW,Not enough confidence for automated disposition.
physics/figures/qg_audit_spin_network.pdf,generated,REVIEW,Not enough confidence for automated disposition.
physics/figures/reproducibility_violin.pdf,generated,REVIEW,Not enough confidence for automated disposition.
physics/figures/reproducibility_violin.png,generated,REVIEW,Not enough confidence for automated disposition.
physics/figures/robustness_degradation.pdf,generated,REVIEW,Not enough confidence for automated disposition.
physics/figures/robustness_degradation.png,generated,REVIEW,Not enough confidence for automated disposition.
physics/figures/robustness_ood.pdf,generated,REVIEW,Not enough confidence for automated disposition.
physics/figures/robustness_ood.png,generated,REVIEW,Not enough confidence for automated disposition.
physics/figures/sota_cost_performance.pdf,generated,REVIEW,Not enough confidence for automated disposition.
physics/figures/sota_cost_performance.png,generated,REVIEW,Not enough confidence for automated disposition.
physics/figures/sota_radar.pdf,generated,REVIEW,Not enough confidence for automated disposition.
physics/figures/sota_radar.png,generated,REVIEW,Not enough confidence for automated disposition.
physics/figures/stress_test_epistemic_gain.pdf,generated,REVIEW,Not enough confidence for automated disposition.
physics/figures/stress_test_hypothesis_diversity.pdf,generated,REVIEW,Not enough confidence for automated disposition.
physics/figures/stress_test_memory.pdf,generated,REVIEW,Not enough confidence for automated disposition.
physics/figures/umap_features.pdf,generated,REVIEW,Not enough confidence for automated disposition.
physics/final_report.json,generated,REVIEW,Not enough confidence for automated disposition.
physics/models/meta_prior_learner.pkl,generated,REVIEW,Not enough confidence for automated disposition.
physics/papers/appendix_ev3_formal.tex,duplicate,REVIEW,Not enough confidence for automated disposition.
physics/papers/papers/texput.log,generated|stale,DELETE_CANDIDATE,Generated/cache/build output; safe only after owner review and regeneration path confirmation.
physics/papers/pdflatex_error.log,generated|stale,DELETE_CANDIDATE,Generated/cache/build output; safe only after owner review and regeneration path confirmation.
physics/papers/representation_aware_system_identification.aux,duplicate,REVIEW,Not enough confidence for automated disposition.
physics/papers/representation_aware_system_identification.bbl,duplicate,REVIEW,Not enough confidence for automated disposition.
physics/papers/representation_aware_system_identification.blg,duplicate,REVIEW,Not enough confidence for automated disposition.
physics/papers/representation_aware_system_identification.log,duplicate|generated|stale,DELETE_CANDIDATE,Generated/cache/build output; safe only after owner review and regeneration path confirmation.
physics/papers/representation_aware_system_identification.out,duplicate,REVIEW,Not enough confidence for automated disposition.
physics/papers/representation_aware_system_identification.tex,duplicate,REVIEW,Not enough confidence for automated disposition.
physics/papers/system_paper.log,generated|stale,DELETE_CANDIDATE,Generated/cache/build output; safe only after owner review and regeneration path confirmation.
physics/results/phase8a/reproducibility_full.json,generated,REVIEW,Not enough confidence for automated disposition.
physics/results/phase8a/reproducibility_report.csv,duplicate|generated,REVIEW,Not enough confidence for automated disposition.
physics/results/phase8b/ablation_report.csv,duplicate|generated,REVIEW,Not enough confidence for automated disposition.
physics/results/phase8c/sota_benchmark.csv,duplicate|generated,REVIEW,Not enough confidence for automated disposition.
physics/results/phase8e/robustness_all.json,generated,REVIEW,Not enough confidence for automated disposition.
physics/results/phase8e/robustness_missing_data.csv,generated,REVIEW,Not enough confidence for automated disposition.
physics/results/phase8e/robustness_noise.csv,generated,REVIEW,Not enough confidence for automated disposition.
physics/results/phase8e/robustness_ood.csv,generated,REVIEW,Not enough confidence for automated disposition.
physics/results/phase8e/robustness_parameter_drift.csv,generated,REVIEW,Not enough confidence for automated disposition.
physics/scientific_kb.db,generated,REVIEW,Not enough confidence for automated disposition.
physics/unification_search/__init__.py,duplicate,REVIEW,Not enough confidence for automated disposition.
physics/warp/__init__.py,duplicate,REVIEW,Not enough confidence for automated disposition.
QUANTUM_DOMAIN_REPORT.md,duplicate,ARCHIVE,Generated evidence or historical result; move only with manifest and compatibility path if referenced.
QUANTUM_FITNESS_REPORT.md,duplicate,ARCHIVE,Generated evidence or historical result; move only with manifest and compatibility path if referenced.
QUANTUM_KNOWLEDGE_REPORT.md,duplicate,ARCHIVE,Generated evidence or historical result; move only with manifest and compatibility path if referenced.
QUANTUM_SANDBOX_REPORT.md,duplicate,ARCHIVE,Generated evidence or historical result; move only with manifest and compatibility path if referenced.
random_evolution_report.json,generated,REVIEW,Not enough confidence for automated disposition.
README_AUDIT.md,stale,ARCHIVE,Generated evidence or historical result; move only with manifest and compatibility path if referenced.
README_REWRITTEN.md,stale,ARCHIVE,Generated evidence or historical result; move only with manifest and compatibility path if referenced.
realism_audit_report.json,generated,REVIEW,Not enough confidence for automated disposition.
reality_evolution_report.json,generated,REVIEW,Not enough confidence for automated disposition.
reality_gap_report.json,generated,REVIEW,Not enough confidence for automated disposition.
reality_native.db,generated,REVIEW,Not enough confidence for automated disposition.
reproducibility_report.json,generated,REVIEW,Not enough confidence for automated disposition.
residual_discovery_report.json,generated,REVIEW,Not enough confidence for automated disposition.
results/harmonic/metrics.csv,duplicate|generated,ARCHIVE,Generated evidence or historical result; move only with manifest and compatibility path if referenced.
results/harmonic/neural_ode_loss.png,generated,ARCHIVE,Generated evidence or historical result; move only with manifest and compatibility path if referenced.
results/harmonic/pipeline.log,generated|stale,DELETE_CANDIDATE,Generated/cache/build output; safe only after owner review and regeneration path confirmation.
results/harmonic/symbolic_coefficients.csv,duplicate|generated,ARCHIVE,Generated evidence or historical result; move only with manifest and compatibility path if referenced.
results/harmonic/trajectory.png,generated,ARCHIVE,Generated evidence or historical result; move only with manifest and compatibility path if referenced.
results/phase8c/sota_benchmark.csv,duplicate|generated,ARCHIVE,Generated evidence or historical result; move only with manifest and compatibility path if referenced.
results/phase8e/robustness_all.json,duplicate|generated,ARCHIVE,Generated evidence or historical result; move only with manifest and compatibility path if referenced.
results/phase8e/robustness_missing_data.csv,duplicate|generated,ARCHIVE,Generated evidence or historical result; move only with manifest and compatibility path if referenced.
results/phase8e/robustness_noise.csv,duplicate|generated,ARCHIVE,Generated evidence or historical result; move only with manifest and compatibility path if referenced.
results/phase8e/robustness_ood.csv,duplicate|generated,ARCHIVE,Generated evidence or historical result; move only with manifest and compatibility path if referenced.
results/phase8e/robustness_parameter_drift.csv,duplicate|generated,ARCHIVE,Generated evidence or historical result; move only with manifest and compatibility path if referenced.
run_all_benchmarks.py,duplicate,REVIEW,Not enough confidence for automated disposition.
satelite/audit_execution_logs/astos_cfs_app_check_misra.py.log,generated|stale,DELETE_CANDIDATE,Generated/cache/build output; safe only after owner review and regeneration path confirmation.
satelite/audit_execution_logs/astos_cfs_app_fault_injection.py.log,generated|stale,DELETE_CANDIDATE,Generated/cache/build output; safe only after owner review and regeneration path confirmation.
satelite/audit_execution_logs/astos_cfs_app_mpc_benchmark.py.log,generated|stale,DELETE_CANDIDATE,Generated/cache/build output; safe only after owner review and regeneration path confirmation.
satelite/audit_execution_logs/benchmarks_run_cad_benchmark.py.log,generated|stale,DELETE_CANDIDATE,Generated/cache/build output; safe only after owner review and regeneration path confirmation.
satelite/audit_execution_logs/benchmarks_run_pinn_benchmark.py.log,generated|stale,DELETE_CANDIDATE,Generated/cache/build output; safe only after owner review and regeneration path confirmation.
satelite/audit_execution_logs/benchmarks_run_tvac_benchmark.py.log,generated|stale,DELETE_CANDIDATE,Generated/cache/build output; safe only after owner review and regeneration path confirmation.
satelite/audit_execution_logs/real_telemetry_pipeline_pipeline.py.log,generated|stale,DELETE_CANDIDATE,Generated/cache/build output; safe only after owner review and regeneration path confirmation.
satelite/audit_execution_logs/satellite_comms_model_update.py.log,generated|stale,DELETE_CANDIDATE,Generated/cache/build output; safe only after owner review and regeneration path confirmation.
satelite/audit_execution_logs/satellite_comms_state_sync.py.log,generated|stale,DELETE_CANDIDATE,Generated/cache/build output; safe only after owner review and regeneration path confirmation.
satelite/backend/auth.db,generated,REVIEW,Not enough confidence for automated disposition.
satelite/black_compliance_report.md,duplicate,REVIEW,Not enough confidence for automated disposition.
satelite/cad_thermal_network.json,duplicate,REVIEW,Not enough confidence for automated disposition.
satelite/cdr_final_review_board_report.md,duplicate,REVIEW,Not enough confidence for automated disposition.
satelite/CDR_READINESS_REVIEW.md,duplicate,REVIEW,Not enough confidence for automated disposition.
satelite/coverage_summary_v4_candidate.json,duplicate,REVIEW,Not enough confidence for automated disposition.
satelite/coverage_summary.json,duplicate,REVIEW,Not enough confidence for automated disposition.
satelite/dashboard/.gitignore,duplicate,REVIEW,Not enough confidence for automated disposition.
satelite/dashboard/AGENTS.md,duplicate,REVIEW,Not enough confidence for automated disposition.
satelite/dashboard/CLAUDE.md,duplicate,REVIEW,Not enough confidence for automated disposition.
satelite/dashboard/e2e/scientificQA.spec.ts,duplicate,REVIEW,Not enough confidence for automated disposition.
satelite/dashboard/next-env.d.ts,duplicate,REVIEW,Not enough confidence for automated disposition.
satelite/dashboard/next-start-observability-3051.err.log,duplicate|generated|stale,DELETE_CANDIDATE,Generated/cache/build output; safe only after owner review and regeneration path confirmation.
satelite/dashboard/next-start-observability-3051.out.log,duplicate|generated|stale,DELETE_CANDIDATE,Generated/cache/build output; safe only after owner review and regeneration path confirmation.
satelite/dashboard/next-start-observability-3052.err.log,duplicate|generated|stale,DELETE_CANDIDATE,Generated/cache/build output; safe only after owner review and regeneration path confirmation.
satelite/dashboard/next-start-observability-3052.out.log,duplicate|generated|stale,DELETE_CANDIDATE,Generated/cache/build output; safe only after owner review and regeneration path confirmation.
satelite/dashboard/next-start-observability.err.log,duplicate|generated|stale,DELETE_CANDIDATE,Generated/cache/build output; safe only after owner review and regeneration path confirmation.
satelite/dashboard/next-start-observability.out.log,duplicate|generated|stale,DELETE_CANDIDATE,Generated/cache/build output; safe only after owner review and regeneration path confirmation.
satelite/dashboard/next.config.ts,duplicate,REVIEW,Not enough confidence for automated disposition.
satelite/dashboard/package-lock.json,duplicate,REVIEW,Not enough confidence for automated disposition.
satelite/dashboard/package.json,duplicate,REVIEW,Not enough confidence for automated disposition.
satelite/dashboard/playwright.config.ts,duplicate,REVIEW,Not enough confidence for automated disposition.
satelite/dashboard/postcss.config.mjs,duplicate,REVIEW,Not enough confidence for automated disposition.
satelite/dashboard/public/artifacts/baselines/baseline_index.json,duplicate|generated,ARCHIVE,Generated evidence or historical result; move only with manifest and compatibility path if referenced.
satelite/dashboard/public/artifacts/baselines/massive_sweep_2026-05-20T23-02-23Z.json,duplicate|generated,ARCHIVE,Generated evidence or historical result; move only with manifest and compatibility path if referenced.
satelite/dashboard/public/artifacts/benchmarks/benchmark_results.json,duplicate|generated,REVIEW,Not enough confidence for automated disposition.
satelite/dashboard/public/artifacts/discoveries/adversarial_audit_report.json,duplicate|generated,REVIEW,Not enough confidence for automated disposition.
satelite/dashboard/public/artifacts/discoveries/adversarial_scientific_audit_report.json,generated,REVIEW,Not enough confidence for automated disposition.
satelite/dashboard/public/artifacts/discoveries/causal_ablation_report.json,duplicate|generated,REVIEW,Not enough confidence for automated disposition.
satelite/dashboard/public/artifacts/discoveries/causal_continuity_report.json,duplicate|generated,REVIEW,Not enough confidence for automated disposition.
satelite/dashboard/public/artifacts/discoveries/causal_validation_report.json,duplicate|generated,REVIEW,Not enough confidence for automated disposition.
satelite/dashboard/public/artifacts/discoveries/cross_system_generalization_report.json,duplicate|generated,REVIEW,Not enough confidence for automated disposition.
satelite/dashboard/public/artifacts/discoveries/dataset_bias_elimination_report.json,duplicate|generated,REVIEW,Not enough confidence for automated disposition.
satelite/dashboard/public/artifacts/discoveries/dynamic_discrimination_report.json,duplicate|generated,REVIEW,Not enough confidence for automated disposition.
satelite/dashboard/public/artifacts/discoveries/embedding_intrinsic_stability_report.json,duplicate|generated,REVIEW,Not enough confidence for automated disposition.
satelite/dashboard/public/artifacts/discoveries/epistemological_validity_report.json,duplicate|generated,REVIEW,Not enough confidence for automated disposition.
satelite/dashboard/public/artifacts/discoveries/hyperparameter_stability_report.json,duplicate|generated,REVIEW,Not enough confidence for automated disposition.
satelite/dashboard/public/artifacts/discoveries/manifold_diagnosis_report.json,duplicate|generated,REVIEW,Not enough confidence for automated disposition.
satelite/dashboard/public/artifacts/discoveries/massive_sweep_report.json,duplicate|generated,REVIEW,Not enough confidence for automated disposition.
satelite/dashboard/public/artifacts/discoveries/mit_bih_bifurcated_report.json,duplicate|generated,REVIEW,Not enough confidence for automated disposition.
satelite/dashboard/public/artifacts/discoveries/noise_robustness_report.json,duplicate|generated,REVIEW,Not enough confidence for automated disposition.
satelite/dashboard/public/artifacts/discoveries/physionet_empirical_report.json,duplicate|generated,REVIEW,Not enough confidence for automated disposition.
satelite/dashboard/public/artifacts/discoveries/raw_embedding_robustness_report.json,duplicate|generated,REVIEW,Not enough confidence for automated disposition.
satelite/dashboard/public/artifacts/discoveries/reproducibility_report.json,duplicate|generated,REVIEW,Not enough confidence for automated disposition.
satelite/dashboard/public/artifacts/discoveries/scientific_regression_report.json,duplicate|generated,REVIEW,Not enough confidence for automated disposition.
satelite/dashboard/public/artifacts/discoveries/strict_leakage_audit_report.json,duplicate|generated,REVIEW,Not enough confidence for automated disposition.
satelite/dashboard/public/artifacts/discoveries/structural_invariance_report.json,duplicate|generated,REVIEW,Not enough confidence for automated disposition.
satelite/dashboard/public/artifacts/embeddings/latent_embeddings.json,duplicate|generated,REVIEW,Not enough confidence for automated disposition.
satelite/dashboard/public/artifacts/embeddings/manifold_snapshots.json,generated,REVIEW,Not enough confidence for automated disposition.
satelite/dashboard/public/artifacts/experiments/pipeline_state.json,duplicate|generated,REVIEW,Not enough confidence for automated disposition.
satelite/dashboard/public/artifacts/history/history_index.json,duplicate|generated,REVIEW,Not enough confidence for automated disposition.
satelite/dashboard/public/artifacts/history/massive_sweep_2026-05-20T22-56-14Z.json,duplicate|generated,REVIEW,Not enough confidence for automated disposition.
satelite/dashboard/public/artifacts/history/massive_sweep_2026-05-20T23-02-23Z.json,duplicate|generated,REVIEW,Not enough confidence for automated disposition.
satelite/dashboard/public/artifacts/history/massive_sweep_2026-05-21T09-54-05Z.json,duplicate|generated,REVIEW,Not enough confidence for automated disposition.
satelite/dashboard/public/artifacts/history/massive_sweep_2026-05-21T10-02-11Z.json,duplicate|generated,REVIEW,Not enough confidence for automated disposition.
satelite/dashboard/public/artifacts/history/massive_sweep_2026-05-21T10-09-25Z.json,duplicate|generated,REVIEW,Not enough confidence for automated disposition.
satelite/dashboard/public/artifacts/sessions/experiment_001/benchmark.json,duplicate|generated,REVIEW,Not enough confidence for automated disposition.
satelite/dashboard/public/artifacts/sessions/experiment_001/embeddings.json,duplicate|generated,REVIEW,Not enough confidence for automated disposition.
satelite/dashboard/public/artifacts/sessions/experiment_001/logs.json,duplicate|generated,REVIEW,Not enough confidence for automated disposition.
satelite/dashboard/public/artifacts/sessions/experiment_001/metadata.json,duplicate|generated,REVIEW,Not enough confidence for automated disposition.
satelite/dashboard/public/artifacts/sessions/experiment_001/telemetry.json,duplicate|generated,REVIEW,Not enough confidence for automated disposition.
satelite/dashboard/public/artifacts/sessions/experiment_002/benchmark.json,duplicate|generated,REVIEW,Not enough confidence for automated disposition.
satelite/dashboard/public/artifacts/sessions/experiment_002/embeddings.json,duplicate|generated,REVIEW,Not enough confidence for automated disposition.
satelite/dashboard/public/artifacts/sessions/experiment_002/logs.json,duplicate|generated,REVIEW,Not enough confidence for automated disposition.
satelite/dashboard/public/artifacts/sessions/experiment_002/metadata.json,duplicate|generated,REVIEW,Not enough confidence for automated disposition.
satelite/dashboard/public/artifacts/sessions/experiment_002/telemetry.json,duplicate|generated,REVIEW,Not enough confidence for automated disposition.
satelite/dashboard/public/artifacts/sessions/lorenz_isolation_noise0_seed42.json,duplicate|generated,REVIEW,Not enough confidence for automated disposition.
satelite/dashboard/public/artifacts/sessions/lorenz_isolation_noise1_seed42.json,duplicate|generated,REVIEW,Not enough confidence for automated disposition.
satelite/dashboard/public/artifacts/sessions/lorenz_noise_0.0.json,duplicate|generated,REVIEW,Not enough confidence for automated disposition.
satelite/dashboard/public/artifacts/sessions/lorenz_noise_0.0000_seed_1337.json,duplicate|generated,REVIEW,Not enough confidence for automated disposition.
satelite/dashboard/public/artifacts/sessions/lorenz_noise_0.0000_seed_42.json,duplicate|generated,REVIEW,Not enough confidence for automated disposition.
satelite/dashboard/public/artifacts/sessions/lorenz_noise_0.0000_seed_9001.json,duplicate|generated,REVIEW,Not enough confidence for automated disposition.
satelite/dashboard/public/artifacts/sessions/lorenz_noise_0.2.json,duplicate|generated,REVIEW,Not enough confidence for automated disposition.
satelite/dashboard/public/artifacts/sessions/lorenz_noise_0.2222_seed_1337.json,duplicate|generated,REVIEW,Not enough confidence for automated disposition.
satelite/dashboard/public/artifacts/sessions/lorenz_noise_0.2222_seed_42.json,duplicate|generated,REVIEW,Not enough confidence for automated disposition.
satelite/dashboard/public/artifacts/sessions/lorenz_noise_0.2222_seed_9001.json,duplicate|generated,REVIEW,Not enough confidence for automated disposition.
satelite/dashboard/public/artifacts/sessions/lorenz_noise_0.2500_seed_42.json,duplicate|generated,REVIEW,Not enough confidence for automated disposition.
satelite/dashboard/public/artifacts/sessions/lorenz_noise_0.4444_seed_1337.json,duplicate|generated,REVIEW,Not enough confidence for automated disposition.
satelite/dashboard/public/artifacts/sessions/lorenz_noise_0.4444_seed_42.json,duplicate|generated,REVIEW,Not enough confidence for automated disposition.
satelite/dashboard/public/artifacts/sessions/lorenz_noise_0.4444_seed_9001.json,duplicate|generated,REVIEW,Not enough confidence for automated disposition.
satelite/dashboard/public/artifacts/sessions/lorenz_noise_0.5.json,duplicate|generated,REVIEW,Not enough confidence for automated disposition.
satelite/dashboard/public/artifacts/sessions/lorenz_noise_0.5000_seed_42.json,duplicate|generated,REVIEW,Not enough confidence for automated disposition.
satelite/dashboard/public/artifacts/sessions/lorenz_noise_0.6667_seed_1337.json,duplicate|generated,REVIEW,Not enough confidence for automated disposition.
satelite/dashboard/public/artifacts/sessions/lorenz_noise_0.6667_seed_42.json,duplicate|generated,REVIEW,Not enough confidence for automated disposition.
satelite/dashboard/public/artifacts/sessions/lorenz_noise_0.6667_seed_9001.json,duplicate|generated,REVIEW,Not enough confidence for automated disposition.
satelite/dashboard/public/artifacts/sessions/lorenz_noise_0.7500_seed_42.json,duplicate|generated,REVIEW,Not enough confidence for automated disposition.
satelite/dashboard/public/artifacts/sessions/lorenz_noise_0.8889_seed_1337.json,duplicate|generated,REVIEW,Not enough confidence for automated disposition.
satelite/dashboard/public/artifacts/sessions/lorenz_noise_0.8889_seed_42.json,duplicate|generated,REVIEW,Not enough confidence for automated disposition.
satelite/dashboard/public/artifacts/sessions/lorenz_noise_0.8889_seed_9001.json,duplicate|generated,REVIEW,Not enough confidence for automated disposition.
satelite/dashboard/public/artifacts/sessions/lorenz_noise_1.0000_seed_42.json,duplicate|generated,REVIEW,Not enough confidence for automated disposition.
satelite/dashboard/public/artifacts/sessions/lorenz_noise_1.1111_seed_1337_debug.json,duplicate|generated,REVIEW,Not enough confidence for automated disposition.
satelite/dashboard/public/artifacts/sessions/lorenz_noise_1.1111_seed_1337.json,duplicate|generated,REVIEW,Not enough confidence for automated disposition.
satelite/dashboard/public/artifacts/sessions/lorenz_noise_1.1111_seed_42.json,duplicate|generated,REVIEW,Not enough confidence for automated disposition.
satelite/dashboard/public/artifacts/sessions/lorenz_noise_1.1111_seed_9001.json,duplicate|generated,REVIEW,Not enough confidence for automated disposition.
satelite/dashboard/public/artifacts/sessions/lorenz_noise_1.3333_seed_1337.json,duplicate|generated,REVIEW,Not enough confidence for automated disposition.
satelite/dashboard/public/artifacts/sessions/lorenz_noise_1.3333_seed_42.json,duplicate|generated,REVIEW,Not enough confidence for automated disposition.
satelite/dashboard/public/artifacts/sessions/lorenz_noise_1.3333_seed_9001.json,duplicate|generated,REVIEW,Not enough confidence for automated disposition.
satelite/dashboard/public/artifacts/sessions/lorenz_noise_1.5556_seed_1337.json,duplicate|generated,REVIEW,Not enough confidence for automated disposition.
satelite/dashboard/public/artifacts/sessions/lorenz_noise_1.5556_seed_42.json,duplicate|generated,REVIEW,Not enough confidence for automated disposition.
satelite/dashboard/public/artifacts/sessions/lorenz_noise_1.5556_seed_9001.json,duplicate|generated,REVIEW,Not enough confidence for automated disposition.
satelite/dashboard/public/artifacts/sessions/lorenz_noise_1.7778_seed_1337.json,duplicate|generated,REVIEW,Not enough confidence for automated disposition.
satelite/dashboard/public/artifacts/sessions/lorenz_noise_1.7778_seed_42.json,duplicate|generated,REVIEW,Not enough confidence for automated disposition.
satelite/dashboard/public/artifacts/sessions/lorenz_noise_1.7778_seed_9001.json,duplicate|generated,REVIEW,Not enough confidence for automated disposition.
satelite/dashboard/public/artifacts/sessions/lorenz_noise_2.0000_seed_1337.json,duplicate|generated,REVIEW,Not enough confidence for automated disposition.
satelite/dashboard/public/artifacts/sessions/lorenz_noise_2.0000_seed_42.json,duplicate|generated,REVIEW,Not enough confidence for automated disposition.
satelite/dashboard/public/artifacts/sessions/lorenz_noise_2.0000_seed_9001.json,duplicate|generated,REVIEW,Not enough confidence for automated disposition.
satelite/dashboard/public/artifacts/sessions/lorenz.json,duplicate|generated,REVIEW,Not enough confidence for automated disposition.
satelite/dashboard/public/artifacts/sessions/rossler_noise_0.0000_seed_1337.json,duplicate|generated,REVIEW,Not enough confidence for automated disposition.
satelite/dashboard/public/artifacts/sessions/rossler_noise_0.0000_seed_42.json,duplicate|generated,REVIEW,Not enough confidence for automated disposition.
satelite/dashboard/public/artifacts/sessions/rossler_noise_0.0000_seed_9001.json,duplicate|generated,REVIEW,Not enough confidence for automated disposition.
satelite/dashboard/public/artifacts/sessions/rossler_noise_0.2222_seed_1337.json,duplicate|generated,REVIEW,Not enough confidence for automated disposition.
satelite/dashboard/public/artifacts/sessions/rossler_noise_0.2222_seed_42.json,duplicate|generated,REVIEW,Not enough confidence for automated disposition.
satelite/dashboard/public/artifacts/sessions/rossler_noise_0.2222_seed_9001.json,duplicate|generated,REVIEW,Not enough confidence for automated disposition.
satelite/dashboard/public/artifacts/sessions/rossler_noise_0.2500_seed_42.json,duplicate|generated,REVIEW,Not enough confidence for automated disposition.
satelite/dashboard/public/artifacts/sessions/rossler_noise_0.4444_seed_1337.json,duplicate|generated,REVIEW,Not enough confidence for automated disposition.
satelite/dashboard/public/artifacts/sessions/rossler_noise_0.4444_seed_42.json,duplicate|generated,REVIEW,Not enough confidence for automated disposition.
satelite/dashboard/public/artifacts/sessions/rossler_noise_0.4444_seed_9001.json,duplicate|generated,REVIEW,Not enough confidence for automated disposition.
satelite/dashboard/public/artifacts/sessions/rossler_noise_0.5000_seed_42.json,duplicate|generated,REVIEW,Not enough confidence for automated disposition.
satelite/dashboard/public/artifacts/sessions/rossler_noise_0.6667_seed_1337.json,duplicate|generated,REVIEW,Not enough confidence for automated disposition.
satelite/dashboard/public/artifacts/sessions/rossler_noise_0.6667_seed_42.json,duplicate|generated,REVIEW,Not enough confidence for automated disposition.
satelite/dashboard/public/artifacts/sessions/rossler_noise_0.6667_seed_9001.json,duplicate|generated,REVIEW,Not enough confidence for automated disposition.
satelite/dashboard/public/artifacts/sessions/rossler_noise_0.7500_seed_42.json,duplicate|generated,REVIEW,Not enough confidence for automated disposition.
satelite/dashboard/public/artifacts/sessions/rossler_noise_0.8889_seed_1337.json,duplicate|generated,REVIEW,Not enough confidence for automated disposition.
satelite/dashboard/public/artifacts/sessions/rossler_noise_0.8889_seed_42.json,duplicate|generated,REVIEW,Not enough confidence for automated disposition.
satelite/dashboard/public/artifacts/sessions/rossler_noise_0.8889_seed_9001.json,duplicate|generated,REVIEW,Not enough confidence for automated disposition.
satelite/dashboard/public/artifacts/sessions/rossler_noise_1.0000_seed_42.json,duplicate|generated,REVIEW,Not enough confidence for automated disposition.
satelite/dashboard/public/artifacts/sessions/rossler_noise_1.1111_seed_1337.json,duplicate|generated,REVIEW,Not enough confidence for automated disposition.
satelite/dashboard/public/artifacts/sessions/rossler_noise_1.1111_seed_42.json,duplicate|generated,REVIEW,Not enough confidence for automated disposition.
satelite/dashboard/public/artifacts/sessions/rossler_noise_1.1111_seed_9001.json,duplicate|generated,REVIEW,Not enough confidence for automated disposition.
satelite/dashboard/public/artifacts/sessions/rossler_noise_1.3333_seed_1337.json,duplicate|generated,REVIEW,Not enough confidence for automated disposition.
satelite/dashboard/public/artifacts/sessions/rossler_noise_1.3333_seed_42.json,duplicate|generated,REVIEW,Not enough confidence for automated disposition.
satelite/dashboard/public/artifacts/sessions/rossler_noise_1.3333_seed_9001.json,duplicate|generated,REVIEW,Not enough confidence for automated disposition.
satelite/dashboard/public/artifacts/sessions/rossler_noise_1.5556_seed_1337.json,duplicate|generated,REVIEW,Not enough confidence for automated disposition.
satelite/dashboard/public/artifacts/sessions/rossler_noise_1.5556_seed_42.json,duplicate|generated,REVIEW,Not enough confidence for automated disposition.
satelite/dashboard/public/artifacts/sessions/rossler_noise_1.5556_seed_9001.json,duplicate|generated,REVIEW,Not enough confidence for automated disposition.
satelite/dashboard/public/artifacts/sessions/rossler_noise_1.7778_seed_1337.json,duplicate|generated,REVIEW,Not enough confidence for automated disposition.
satelite/dashboard/public/artifacts/sessions/rossler_noise_1.7778_seed_42.json,duplicate|generated,REVIEW,Not enough confidence for automated disposition.
satelite/dashboard/public/artifacts/sessions/rossler_noise_1.7778_seed_9001.json,duplicate|generated,REVIEW,Not enough confidence for automated disposition.
satelite/dashboard/public/artifacts/sessions/rossler_noise_2.0000_seed_1337.json,duplicate|generated,REVIEW,Not enough confidence for automated disposition.
satelite/dashboard/public/artifacts/sessions/rossler_noise_2.0000_seed_42.json,duplicate|generated,REVIEW,Not enough confidence for automated disposition.
satelite/dashboard/public/artifacts/sessions/rossler_noise_2.0000_seed_9001.json,duplicate|generated,REVIEW,Not enough confidence for automated disposition.
satelite/dashboard/public/artifacts/sessions/smoke_test.json,duplicate|generated,REVIEW,Not enough confidence for automated disposition.
satelite/dashboard/public/artifacts/sessions/test_graph.json,duplicate|generated,REVIEW,Not enough confidence for automated disposition.
satelite/dashboard/public/artifacts/sessions/test_phase6_pipeline.json,duplicate|generated,REVIEW,Not enough confidence for automated disposition.
satelite/dashboard/public/artifacts/sessions/VerificationExperiment.json,duplicate|generated,REVIEW,Not enough confidence for automated disposition.
satelite/dashboard/public/artifacts/telemetry/lorenz_telemetry.json,duplicate|generated,REVIEW,Not enough confidence for automated disposition.
satelite/dashboard/public/demo_data.json,duplicate,REVIEW,Not enough confidence for automated disposition.
satelite/dashboard/public/file.svg,duplicate,REVIEW,Not enough confidence for automated disposition.
satelite/dashboard/public/globe.svg,duplicate,REVIEW,Not enough confidence for automated disposition.
satelite/dashboard/public/next.svg,duplicate,REVIEW,Not enough confidence for automated disposition.
satelite/dashboard/public/vercel.svg,duplicate,REVIEW,Not enough confidence for automated disposition.
satelite/dashboard/public/window.svg,duplicate,REVIEW,Not enough confidence for automated disposition.
satelite/dashboard/src/app/[lang]/compare/ComparePageClient.tsx,duplicate,REVIEW,Not enough confidence for automated disposition.
satelite/dashboard/src/app/[lang]/compare/page.tsx,duplicate,REVIEW,Not enough confidence for automated disposition.
satelite/dashboard/src/app/[lang]/dashboard/benchmark/page.tsx,duplicate,REVIEW,Not enough confidence for automated disposition.
satelite/dashboard/src/app/[lang]/dashboard/log/page.tsx,duplicate,REVIEW,Not enough confidence for automated disposition.
satelite/dashboard/src/app/[lang]/dashboard/page.tsx,duplicate,REVIEW,Not enough confidence for automated disposition.
satelite/dashboard/src/app/[lang]/dashboard/roadmap/page.tsx,duplicate,REVIEW,Not enough confidence for automated disposition.
satelite/dashboard/src/app/[lang]/dashboard/scientific-log/page.tsx,duplicate,REVIEW,Not enough confidence for automated disposition.
satelite/dashboard/src/app/[lang]/dashboard/timeline/page.tsx,duplicate,REVIEW,Not enough confidence for automated disposition.
satelite/dashboard/src/app/[lang]/dashboard/timeline/TimelineClient.tsx,duplicate,REVIEW,Not enough confidence for automated disposition.
satelite/dashboard/src/app/[lang]/discoveries/page.tsx,duplicate,REVIEW,Not enough confidence for automated disposition.
satelite/dashboard/src/app/[lang]/interactive/page.tsx,duplicate,REVIEW,Not enough confidence for automated disposition.
satelite/dashboard/src/app/[lang]/layout.tsx,duplicate,REVIEW,Not enough confidence for automated disposition.
satelite/dashboard/src/app/[lang]/learn/LearnPageClient.tsx,duplicate,REVIEW,Not enough confidence for automated disposition.
satelite/dashboard/src/app/[lang]/learn/page.tsx,duplicate,REVIEW,Not enough confidence for automated disposition.
satelite/dashboard/src/app/[lang]/mathematics/page.tsx,duplicate,REVIEW,Not enough confidence for automated disposition.
satelite/dashboard/src/app/[lang]/physics/page.tsx,duplicate,REVIEW,Not enough confidence for automated disposition.
satelite/dashboard/src/app/[lang]/quantum/page.tsx,duplicate,REVIEW,Not enough confidence for automated disposition.
satelite/dashboard/src/app/discoveries/page.tsx,duplicate,REVIEW,Not enough confidence for automated disposition.
satelite/dashboard/src/app/favicon.ico,duplicate,REVIEW,Not enough confidence for automated disposition.
satelite/dashboard/src/app/globals.css,duplicate,REVIEW,Not enough confidence for automated disposition.
satelite/dashboard/src/app/layout.tsx,duplicate,REVIEW,Not enough confidence for automated disposition.
satelite/dashboard/src/app/learn/page.tsx,duplicate,REVIEW,Not enough confidence for automated disposition.
satelite/dashboard/src/app/mathematics/page.tsx,duplicate,REVIEW,Not enough confidence for automated disposition.
satelite/dashboard/src/app/page.tsx,duplicate,REVIEW,Not enough confidence for automated disposition.
satelite/dashboard/src/app/physics/page.tsx,duplicate,REVIEW,Not enough confidence for automated disposition.
satelite/dashboard/src/app/quantum/page.tsx,duplicate,REVIEW,Not enough confidence for automated disposition.
satelite/dashboard/src/app/satellite/page.tsx,duplicate,REVIEW,Not enough confidence for automated disposition.
satelite/dashboard/src/components/cinematic/AmbientBackground.tsx,duplicate,REVIEW,Not enough confidence for automated disposition.
satelite/dashboard/src/components/cinematic/AuroraLayer.tsx,duplicate,REVIEW,Not enough confidence for automated disposition.
satelite/dashboard/src/components/cinematic/DynamicGlow.tsx,duplicate,REVIEW,Not enough confidence for automated disposition.
satelite/dashboard/src/components/cinematic/FloatingParticles.tsx,duplicate,REVIEW,Not enough confidence for automated disposition.
satelite/dashboard/src/components/cinematic/NoiseTexture.tsx,duplicate,REVIEW,Not enough confidence for automated disposition.
satelite/dashboard/src/components/cinematic/RadialIllumination.tsx,duplicate,REVIEW,Not enough confidence for automated disposition.
satelite/dashboard/src/components/cinematic/ScientificGrid.tsx,duplicate,REVIEW,Not enough confidence for automated disposition.
satelite/dashboard/src/components/dashboard/BenchmarkChart.tsx,duplicate,REVIEW,Not enough confidence for automated disposition.
satelite/dashboard/src/components/dashboard/KPICard.tsx,duplicate,REVIEW,Not enough confidence for automated disposition.
satelite/dashboard/src/components/educational/ConceptDetailModal.tsx,duplicate,REVIEW,Not enough confidence for automated disposition.
satelite/dashboard/src/components/educational/ConceptVisualizer.tsx,duplicate,REVIEW,Not enough confidence for automated disposition.
satelite/dashboard/src/components/educational/ExplainLikeIm15.tsx,duplicate,REVIEW,Not enough confidence for automated disposition.
satelite/dashboard/src/components/educational/GuidedConceptFlow.tsx,duplicate,REVIEW,Not enough confidence for automated disposition.
satelite/dashboard/src/components/educational/InteractiveAnalogy.tsx,duplicate,REVIEW,Not enough confidence for automated disposition.
satelite/dashboard/src/components/educational/LearningTooltip.tsx,duplicate,REVIEW,Not enough confidence for automated disposition.
satelite/dashboard/src/components/educational/ProgressiveExplanation.tsx,duplicate,REVIEW,Not enough confidence for automated disposition.
satelite/dashboard/src/components/educational/ScientificStory.tsx,duplicate,REVIEW,Not enough confidence for automated disposition.
satelite/dashboard/src/components/educational/StepByStepDiscovery.tsx,duplicate,REVIEW,Not enough confidence for automated disposition.
satelite/dashboard/src/components/interactive/DynamicSystemSimulator.tsx,duplicate,REVIEW,Not enough confidence for automated disposition.
satelite/dashboard/src/components/interactive/EmbeddingExplorer.tsx,duplicate,REVIEW,Not enough confidence for automated disposition.
satelite/dashboard/src/components/interactive/GeometryVisualizer.tsx,duplicate,REVIEW,Not enough confidence for automated disposition.
satelite/dashboard/src/components/interactive/ModelComparator.tsx,duplicate,REVIEW,Not enough confidence for automated disposition.
satelite/dashboard/src/components/interactive/NoiseVisualizer.tsx,duplicate,REVIEW,Not enough confidence for automated disposition.
satelite/dashboard/src/components/interactive/SignalPlayground.tsx,duplicate,REVIEW,Not enough confidence for automated disposition.
satelite/dashboard/src/components/layout/AdaptiveSidebar.tsx,duplicate,REVIEW,Not enough confidence for automated disposition.
satelite/dashboard/src/components/layout/Breadcrumbs.tsx,duplicate,REVIEW,Not enough confidence for automated disposition.
satelite/dashboard/src/components/layout/DomainSelector.tsx,duplicate,REVIEW,Not enough confidence for automated disposition.
satelite/dashboard/src/components/layout/ExperimentalDock.tsx,duplicate,REVIEW,Not enough confidence for automated disposition.
satelite/dashboard/src/components/layout/FocusMode.tsx,duplicate,REVIEW,Not enough confidence for automated disposition.
satelite/dashboard/src/components/layout/Header.tsx,duplicate,REVIEW,Not enough confidence for automated disposition.
satelite/dashboard/src/components/layout/Sidebar.tsx,duplicate,REVIEW,Not enough confidence for automated disposition.
satelite/dashboard/src/components/motion/AnimatedCounter.tsx,duplicate,REVIEW,Not enough confidence for automated disposition.
satelite/dashboard/src/components/motion/FadeIn.tsx,duplicate,REVIEW,Not enough confidence for automated disposition.
satelite/dashboard/src/components/motion/MorphingCard.tsx,duplicate,REVIEW,Not enough confidence for automated disposition.
satelite/dashboard/src/components/motion/Reveal.tsx,duplicate,REVIEW,Not enough confidence for automated disposition.
satelite/dashboard/src/components/motion/ScrollReveal.tsx,duplicate,REVIEW,Not enough confidence for automated disposition.
satelite/dashboard/src/components/motion/StaggerContainer.tsx,duplicate,REVIEW,Not enough confidence for automated disposition.
satelite/dashboard/src/components/scientific/CertificationStatusCard.tsx,duplicate,REVIEW,Not enough confidence for automated disposition.
satelite/dashboard/src/components/scientific/ConceptBreakdown.tsx,duplicate,REVIEW,Not enough confidence for automated disposition.
satelite/dashboard/src/components/scientific/ConfidenceBadge.tsx,duplicate,REVIEW,Not enough confidence for automated disposition.
satelite/dashboard/src/components/scientific/CriticalRegionDetector.tsx,duplicate,REVIEW,Not enough confidence for automated disposition.
satelite/dashboard/src/components/scientific/DiscoveryCard.tsx,duplicate,REVIEW,Not enough confidence for automated disposition.
satelite/dashboard/src/components/scientific/DiscoveryHero.tsx,duplicate,REVIEW,Not enough confidence for automated disposition.
satelite/dashboard/src/components/scientific/EvidencePanel.tsx,duplicate,REVIEW,Not enough confidence for automated disposition.
satelite/dashboard/src/components/scientific/ExperimentMetadataPanel.tsx,duplicate,REVIEW,Not enough confidence for automated disposition.
satelite/dashboard/src/components/scientific/ExperimentReplayTimeline.tsx,duplicate,REVIEW,Not enough confidence for automated disposition.
satelite/dashboard/src/components/scientific/ExportExperimentButton.tsx,duplicate,REVIEW,Not enough confidence for automated disposition.
satelite/dashboard/src/components/scientific/FormulaCard.tsx,duplicate,REVIEW,Not enough confidence for automated disposition.
satelite/dashboard/src/components/scientific/HypothesisTracker.tsx,duplicate,REVIEW,Not enough confidence for automated disposition.
satelite/dashboard/src/components/scientific/InsightCard.tsx,duplicate,REVIEW,Not enough confidence for automated disposition.
satelite/dashboard/src/components/scientific/InteractiveEquation.tsx,duplicate,REVIEW,Not enough confidence for automated disposition.
satelite/dashboard/src/components/scientific/KinematicDerivativesChart.tsx,duplicate,REVIEW,Not enough confidence for automated disposition.
satelite/dashboard/src/components/scientific/LatentEvolutionPlayer.tsx,duplicate,REVIEW,Not enough confidence for automated disposition.
satelite/dashboard/src/components/scientific/LiveTelemetryConsole.tsx,duplicate,REVIEW,Not enough confidence for automated disposition.
satelite/dashboard/src/components/scientific/ManifoldCollapsePlayer.tsx,duplicate,REVIEW,Not enough confidence for automated disposition.
satelite/dashboard/src/components/scientific/MethodologyExplorer.tsx,duplicate,REVIEW,Not enough confidence for automated disposition.
satelite/dashboard/src/components/scientific/NoiseRobustnessObservatory.tsx,duplicate,REVIEW,Not enough confidence for automated disposition.
satelite/dashboard/src/components/scientific/RelatedResearchPanel.tsx,duplicate,REVIEW,Not enough confidence for automated disposition.
satelite/dashboard/src/components/scientific/ResearchNarrative.tsx,duplicate,REVIEW,Not enough confidence for automated disposition.
satelite/dashboard/src/components/scientific/ScientificLog.tsx,duplicate,REVIEW,Not enough confidence for automated disposition.
satelite/dashboard/src/components/scientific/ScientificObservabilityDashboard.tsx,duplicate,REVIEW,Not enough confidence for automated disposition.
satelite/dashboard/src/components/scientific/ScientificRegressionPanel.tsx,duplicate,REVIEW,Not enough confidence for automated disposition.
satelite/dashboard/src/components/scientific/ScientificTrendChart.tsx,duplicate,REVIEW,Not enough confidence for automated disposition.
satelite/dashboard/src/components/scientific/StabilityHeatmap.tsx,duplicate,REVIEW,Not enough confidence for automated disposition.
satelite/dashboard/src/components/scientific/SweepComparisonPanel.tsx,duplicate,REVIEW,Not enough confidence for automated disposition.
satelite/dashboard/src/components/scientific/Timeline.tsx,duplicate,REVIEW,Not enough confidence for automated disposition.
satelite/dashboard/src/components/ui/AmbientBorder.tsx,duplicate,REVIEW,Not enough confidence for automated disposition.
satelite/dashboard/src/components/ui/AnimatedBorder.tsx,duplicate,REVIEW,Not enough confidence for automated disposition.
satelite/dashboard/src/components/ui/ComplexitySwitcher.tsx,duplicate,REVIEW,Not enough confidence for automated disposition.
satelite/dashboard/src/components/ui/FocusContainer.tsx,duplicate,REVIEW,Not enough confidence for automated disposition.
satelite/dashboard/src/components/ui/GlassCard.tsx,duplicate,REVIEW,Not enough confidence for automated disposition.
satelite/dashboard/src/components/ui/GlassPanel.tsx,duplicate,REVIEW,Not enough confidence for automated disposition.
satelite/dashboard/src/components/ui/KaTeX.tsx,duplicate,REVIEW,Not enough confidence for automated disposition.
satelite/dashboard/src/components/ui/LanguageSwitcher.tsx,duplicate,REVIEW,Not enough confidence for automated disposition.
satelite/dashboard/src/components/ui/PremiumCard.tsx,duplicate,REVIEW,Not enough confidence for automated disposition.
satelite/dashboard/src/components/ui/ScientificSurface.tsx,duplicate,REVIEW,Not enough confidence for automated disposition.
satelite/dashboard/src/components/ui/StatusIndicator.tsx,duplicate,REVIEW,Not enough confidence for automated disposition.
satelite/dashboard/src/constants/index.ts,duplicate,REVIEW,Not enough confidence for automated disposition.
satelite/dashboard/src/data/benchmarkData.ts,duplicate,REVIEW,Not enough confidence for automated disposition.
satelite/dashboard/src/data/bibliography.ts,duplicate,REVIEW,Not enough confidence for automated disposition.
satelite/dashboard/src/data/hypotheses.ts,duplicate,REVIEW,Not enough confidence for automated disposition.
satelite/dashboard/src/data/index.ts,duplicate,REVIEW,Not enough confidence for automated disposition.
satelite/dashboard/src/data/learningData.ts,duplicate,REVIEW,Not enough confidence for automated disposition.
satelite/dashboard/src/data/openQuestions.ts,duplicate,REVIEW,Not enough confidence for automated disposition.
satelite/dashboard/src/data/projectInfo.ts,duplicate,REVIEW,Not enough confidence for automated disposition.
satelite/dashboard/src/data/references.ts,duplicate,REVIEW,Not enough confidence for automated disposition.
satelite/dashboard/src/data/researchFindings.ts,duplicate,REVIEW,Not enough confidence for automated disposition.
satelite/dashboard/src/data/roadmapData.ts,duplicate,REVIEW,Not enough confidence for automated disposition.
satelite/dashboard/src/data/scientificLog.ts,duplicate,REVIEW,Not enough confidence for automated disposition.
satelite/dashboard/src/data/scientificMemory.ts,duplicate,REVIEW,Not enough confidence for automated disposition.
satelite/dashboard/src/data/theoryData.ts,duplicate,REVIEW,Not enough confidence for automated disposition.
satelite/dashboard/src/data/timelineData.ts,duplicate,REVIEW,Not enough confidence for automated disposition.
satelite/dashboard/src/hooks/useExperimentData.ts,duplicate,REVIEW,Not enough confidence for automated disposition.
satelite/dashboard/src/hooks/useHistoricalSweeps.ts,duplicate,REVIEW,Not enough confidence for automated disposition.
satelite/dashboard/src/hooks/useManifoldSnapshots.ts,duplicate,REVIEW,Not enough confidence for automated disposition.
satelite/dashboard/src/hooks/useMassiveSweepReport.ts,duplicate,REVIEW,Not enough confidence for automated disposition.
satelite/dashboard/src/hooks/useScientificArtifacts.ts,duplicate,REVIEW,Not enough confidence for automated disposition.
satelite/dashboard/src/hooks/useScientificRegressionReport.ts,duplicate,REVIEW,Not enough confidence for automated disposition.
satelite/dashboard/src/hooks/useSessionData.ts,duplicate,REVIEW,Not enough confidence for automated disposition.
satelite/dashboard/src/hooks/useTelemetry.ts,duplicate,REVIEW,Not enough confidence for automated disposition.
satelite/dashboard/src/lib/i18n/dictionaries.ts,duplicate,REVIEW,Not enough confidence for automated disposition.
satelite/dashboard/src/lib/realtime/index.ts,duplicate,REVIEW,Not enough confidence for automated disposition.
satelite/dashboard/src/lib/utils/cn.ts,duplicate,REVIEW,Not enough confidence for automated disposition.
satelite/dashboard/src/stores/appStore.ts,duplicate,REVIEW,Not enough confidence for automated disposition.
satelite/dashboard/src/types/discoveries.ts,duplicate,REVIEW,Not enough confidence for automated disposition.
satelite/dashboard/src/types/experiments.ts,duplicate,REVIEW,Not enough confidence for automated disposition.
satelite/dashboard/src/types/index.ts,duplicate,REVIEW,Not enough confidence for automated disposition.
satelite/dashboard/src/types/scientific.ts,duplicate,REVIEW,Not enough confidence for automated disposition.
satelite/dashboard/src/types/telemetry.ts,duplicate,REVIEW,Not enough confidence for automated disposition.
satelite/dashboard/tsconfig.json,duplicate,REVIEW,Not enough confidence for automated disposition.
satelite/datasets/cad_simulation_results.csv,duplicate,REVIEW,Not enough confidence for automated disposition.
satelite/datasets/geometry_optimal_design.json,duplicate,REVIEW,Not enough confidence for automated disposition.
satelite/datasets/geometry_pareto_front.csv,duplicate,REVIEW,Not enough confidence for automated disposition.
satelite/datasets/hil_results.csv,duplicate,REVIEW,Not enough confidence for automated disposition.
satelite/datasets/nasa_atcs_telemetry.csv,duplicate,REVIEW,Not enough confidence for automated disposition.
satelite/datasets/orbital_simulation_results.csv,duplicate,REVIEW,Not enough confidence for automated disposition.
satelite/datasets/telemetry_cleaned.csv,duplicate,REVIEW,Not enough confidence for automated disposition.
satelite/datasets/telemetry.csv,duplicate,REVIEW,Not enough confidence for automated disposition.
satelite/datasets/thermal_dataset_test.csv,duplicate,REVIEW,Not enough confidence for automated disposition.
satelite/ekf_validation_report.md,duplicate,REVIEW,Not enough confidence for automated disposition.
satelite/flight_heritage_calibration_report.md,duplicate,REVIEW,Not enough confidence for automated disposition.
satelite/flight_heritage_calibration_results.csv,duplicate,REVIEW,Not enough confidence for automated disposition.
satelite/geometry_optimal_design.json,duplicate,REVIEW,Not enough confidence for automated disposition.
satelite/geometry_pareto_front.csv,duplicate,REVIEW,Not enough confidence for automated disposition.
satelite/hil_results.csv,duplicate,REVIEW,Not enough confidence for automated disposition.
satelite/logs/thermal_api.log,generated|stale,DELETE_CANDIDATE,Generated/cache/build output; safe only after owner review and regeneration path confirmation.
satelite/models/pinn_thermal.pth,duplicate,REVIEW,Not enough confidence for automated disposition.
satelite/physics/__init__.py,duplicate,REVIEW,Not enough confidence for automated disposition.
satelite/physics/artifacts/experiments.db,generated,REVIEW,Not enough confidence for automated disposition.
satelite/physics/core/neurosymbolic/__init__.py,duplicate,REVIEW,Not enough confidence for automated disposition.
satelite/pydantic_migration_report.md,duplicate,REVIEW,Not enough confidence for automated disposition.
satelite/real_telemetry_pipeline/datasets/nasa_atcs_telemetry.csv,duplicate,REVIEW,Not enough confidence for automated disposition.
satelite/real_telemetry_pipeline/datasets/telemetry_cleaned.csv,duplicate,REVIEW,Not enough confidence for automated disposition.
satelite/reports/aging_report.md,duplicate,REVIEW,Not enough confidence for automated disposition.
satelite/reports/cad_optimization_report.md,duplicate,REVIEW,Not enough confidence for automated disposition.
satelite/reports/cavity_radiation_report.md,duplicate,REVIEW,Not enough confidence for automated disposition.
satelite/reports/closed_loop_report.md,duplicate,REVIEW,Not enough confidence for automated disposition.
satelite/reports/constellation_report.md,duplicate,REVIEW,Not enough confidence for automated disposition.
satelite/reports/discovery_report.md,duplicate,REVIEW,Not enough confidence for automated disposition.
satelite/reports/ecss_margins_summary.md,duplicate,REVIEW,Not enough confidence for automated disposition.
satelite/reports/experiment_report.md,duplicate,REVIEW,Not enough confidence for automated disposition.
satelite/reports/fdir_report.md,duplicate,REVIEW,Not enough confidence for automated disposition.
satelite/reports/geometry_optimization_report.md,duplicate,REVIEW,Not enough confidence for automated disposition.
satelite/reports/hil_real_report.md,duplicate,REVIEW,Not enough confidence for automated disposition.
satelite/reports/hil_report.md,duplicate,REVIEW,Not enough confidence for automated disposition.
satelite/reports/hpc_report.md,duplicate,REVIEW,Not enough confidence for automated disposition.
satelite/reports/material_comparison_report.md,duplicate,REVIEW,Not enough confidence for automated disposition.
satelite/reports/observability_report.md,duplicate,REVIEW,Not enough confidence for automated disposition.
satelite/reports/operational_validation_report.md,duplicate,REVIEW,Not enough confidence for automated disposition.
satelite/reports/real_data_report.md,duplicate,REVIEW,Not enough confidence for automated disposition.
satelite/reports/stiff_benchmark_report.md,duplicate,REVIEW,Not enough confidence for automated disposition.
satelite/reports/stiffness_report.md,duplicate,REVIEW,Not enough confidence for automated disposition.
satelite/reports/thermal_os_final_report.md,duplicate,REVIEW,Not enough confidence for automated disposition.
satelite/reports/thermal_validation_report.md,duplicate,REVIEW,Not enough confidence for automated disposition.
satelite/reports/transient_power_report.md,duplicate,REVIEW,Not enough confidence for automated disposition.
satelite/reports/tvac_correlation_report.md,duplicate,REVIEW,Not enough confidence for automated disposition.
satelite/reports/uncertainty_report.md,duplicate,REVIEW,Not enough confidence for automated disposition.
satelite/satellite/demo/demo_data.json,duplicate,REVIEW,Not enough confidence for automated disposition.
satelite/satellite/models/pinn_thermal.pth,duplicate,REVIEW,Not enough confidence for automated disposition.
satelite/satellite/models/scaler_X.pkl,generated,REVIEW,Not enough confidence for automated disposition.
satelite/satellite/models/scaler_y.pkl,generated,REVIEW,Not enough confidence for automated disposition.
satelite/satellite/models/surrogate_rf_calibrated.pkl,generated,REVIEW,Not enough confidence for automated disposition.
satelite/satellite/models/surrogate_rf.pkl,generated,REVIEW,Not enough confidence for automated disposition.
satelite/satellite/models/surrogate_xgb.pkl,generated,REVIEW,Not enough confidence for automated disposition.
satelite/satellite/models/telemetry.csv,duplicate,REVIEW,Not enough confidence for automated disposition.
satelite/satellite/platform/thermal_os_final_report.md,duplicate,REVIEW,Not enough confidence for automated disposition.
satelite/satellite/thermal/aging_report.md,duplicate,REVIEW,Not enough confidence for automated disposition.
satelite/satellite/thermal/cad_optimization_report.md,duplicate,REVIEW,Not enough confidence for automated disposition.
satelite/satellite/thermal/cad_simulation_results.csv,duplicate,REVIEW,Not enough confidence for automated disposition.
satelite/satellite/thermal/cavity_radiation_report.md,duplicate,REVIEW,Not enough confidence for automated disposition.
satelite/satellite/thermal/closed_loop_report.md,duplicate,REVIEW,Not enough confidence for automated disposition.
satelite/satellite/thermal/constellation_report.md,duplicate,REVIEW,Not enough confidence for automated disposition.
satelite/satellite/thermal/discovery_report.md,duplicate,REVIEW,Not enough confidence for automated disposition.
satelite/satellite/thermal/ecss_margins_summary.md,duplicate,REVIEW,Not enough confidence for automated disposition.
satelite/satellite/thermal/experiment_report.md,duplicate,REVIEW,Not enough confidence for automated disposition.
satelite/satellite/thermal/fdir_report.md,duplicate,REVIEW,Not enough confidence for automated disposition.
satelite/satellite/thermal/hil_real_report.md,duplicate,REVIEW,Not enough confidence for automated disposition.
satelite/satellite/thermal/hil_report.md,duplicate,REVIEW,Not enough confidence for automated disposition.
satelite/satellite/thermal/hil_results.csv,duplicate,REVIEW,Not enough confidence for automated disposition.
satelite/satellite/thermal/hpc_report.md,duplicate,REVIEW,Not enough confidence for automated disposition.
satelite/satellite/thermal/material_comparison_report.md,duplicate,REVIEW,Not enough confidence for automated disposition.
satelite/satellite/thermal/observability_report.md,duplicate,REVIEW,Not enough confidence for automated disposition.
satelite/satellite/thermal/operational_validation_report.md,duplicate,REVIEW,Not enough confidence for automated disposition.
satelite/satellite/thermal/orbital_simulation_results.csv,duplicate,REVIEW,Not enough confidence for automated disposition.
satelite/satellite/thermal/real_data_report.md,duplicate,REVIEW,Not enough confidence for automated disposition.
satelite/satellite/thermal/satellite/thermal/thermal_dataset_test.csv,duplicate,REVIEW,Not enough confidence for automated disposition.
satelite/satellite/thermal/stiff_benchmark_report.md,duplicate,REVIEW,Not enough confidence for automated disposition.
satelite/satellite/thermal/stiffness_report.md,duplicate,REVIEW,Not enough confidence for automated disposition.
satelite/satellite/thermal/thermal_dataset_test.csv,duplicate,REVIEW,Not enough confidence for automated disposition.
satelite/satellite/thermal/thermal_validation_report.md,duplicate,REVIEW,Not enough confidence for automated disposition.
satelite/satellite/thermal/transient_power_report.md,duplicate,REVIEW,Not enough confidence for automated disposition.
satelite/satellite/thermal/tvac_correlation_report.md,duplicate,REVIEW,Not enough confidence for automated disposition.
satelite/satellite/thermal/uncertainty_report.md,duplicate,REVIEW,Not enough confidence for automated disposition.
satelite/satellite/validation/heritage_comparison.csv,duplicate,REVIEW,Not enough confidence for automated disposition.
satelite/satellite/validation/heritage_report.md,duplicate,REVIEW,Not enough confidence for automated disposition.
satelite/satellite/warp/__init__.py,duplicate,REVIEW,Not enough confidence for automated disposition.
satelite/VERIFICATION_BASELINE_v1/ACCEPTANCE_STATUS.md,stale,ARCHIVE,Generated evidence or historical result; move only with manifest and compatibility path if referenced.
satelite/VERIFICATION_BASELINE_v1/BASELINE_MANIFEST.md,stale,ARCHIVE,Generated evidence or historical result; move only with manifest and compatibility path if referenced.
satelite/VERIFICATION_BASELINE_v1/fail_resolution_report.md,duplicate|stale,ARCHIVE,Generated evidence or historical result; move only with manifest and compatibility path if referenced.
satelite/VERIFICATION_BASELINE_v1/regression_campaign_report.md,duplicate|stale,ARCHIVE,Generated evidence or historical result; move only with manifest and compatibility path if referenced.
satelite/VERIFICATION_BASELINE_v1/verification_dashboard.csv,duplicate|stale,ARCHIVE,Generated evidence or historical result; move only with manifest and compatibility path if referenced.
satelite/VERIFICATION_BASELINE_v1/verification_dashboard.md,stale,ARCHIVE,Generated evidence or historical result; move only with manifest and compatibility path if referenced.
satelite/VERIFICATION_BASELINE_v2/ACCEPTANCE_STATUS.md,stale,ARCHIVE,Generated evidence or historical result; move only with manifest and compatibility path if referenced.
satelite/VERIFICATION_BASELINE_v2/BASELINE_MANIFEST.md,stale,ARCHIVE,Generated evidence or historical result; move only with manifest and compatibility path if referenced.
satelite/VERIFICATION_BASELINE_v2/ekf_residuals.csv,stale,ARCHIVE,Generated evidence or historical result; move only with manifest and compatibility path if referenced.
satelite/VERIFICATION_BASELINE_v2/ekf_validation_report.md,duplicate|stale,ARCHIVE,Generated evidence or historical result; move only with manifest and compatibility path if referenced.
satelite/VERIFICATION_BASELINE_v2/fail_resolution_report.md,duplicate|stale,ARCHIVE,Generated evidence or historical result; move only with manifest and compatibility path if referenced.
satelite/VERIFICATION_BASELINE_v2/regression_campaign_report.md,duplicate|stale,ARCHIVE,Generated evidence or historical result; move only with manifest and compatibility path if referenced.
satelite/VERIFICATION_BASELINE_v2/verification_dashboard.csv,duplicate|stale,ARCHIVE,Generated evidence or historical result; move only with manifest and compatibility path if referenced.
satelite/VERIFICATION_BASELINE_v2/verification_dashboard.md,duplicate|stale,ARCHIVE,Generated evidence or historical result; move only with manifest and compatibility path if referenced.
satelite/VERIFICATION_BASELINE_v3/BASELINE_MANIFEST.md,stale,ARCHIVE,Generated evidence or historical result; move only with manifest and compatibility path if referenced.
satelite/VERIFICATION_BASELINE_v3/cdr_action_item_status.md,stale,ARCHIVE,Generated evidence or historical result; move only with manifest and compatibility path if referenced.
satelite/VERIFICATION_BASELINE_v3/CDR_READINESS_REVIEW.md,duplicate|stale,ARCHIVE,Generated evidence or historical result; move only with manifest and compatibility path if referenced.
satelite/VERIFICATION_BASELINE_v3/CDR_STATUS.md,stale,ARCHIVE,Generated evidence or historical result; move only with manifest and compatibility path if referenced.
satelite/VERIFICATION_BASELINE_v3/CDR_V2_V3_COMPARISON.md,stale,ARCHIVE,Generated evidence or historical result; move only with manifest and compatibility path if referenced.
satelite/VERIFICATION_BASELINE_v3/coverage_report.md,stale,ARCHIVE,Generated evidence or historical result; move only with manifest and compatibility path if referenced.
satelite/VERIFICATION_BASELINE_v3/coverage_summary.json,duplicate|stale,ARCHIVE,Generated evidence or historical result; move only with manifest and compatibility path if referenced.
satelite/VERIFICATION_BASELINE_v3/ekf_residuals.csv,stale,ARCHIVE,Generated evidence or historical result; move only with manifest and compatibility path if referenced.
satelite/VERIFICATION_BASELINE_v3/ekf_validation_report.md,duplicate|stale,ARCHIVE,Generated evidence or historical result; move only with manifest and compatibility path if referenced.
satelite/VERIFICATION_BASELINE_v3/fail_resolution_report.md,duplicate|stale,ARCHIVE,Generated evidence or historical result; move only with manifest and compatibility path if referenced.
satelite/VERIFICATION_BASELINE_v3/FREEZE_POLICY.md,stale,ARCHIVE,Generated evidence or historical result; move only with manifest and compatibility path if referenced.
satelite/VERIFICATION_BASELINE_v3/regression_campaign_report.md,duplicate|stale,ARCHIVE,Generated evidence or historical result; move only with manifest and compatibility path if referenced.
satelite/VERIFICATION_BASELINE_v3/SHA256SUMS.txt,stale,ARCHIVE,Generated evidence or historical result; move only with manifest and compatibility path if referenced.
satelite/VERIFICATION_BASELINE_v3/verification_dashboard.csv,duplicate|stale,ARCHIVE,Generated evidence or historical result; move only with manifest and compatibility path if referenced.
satelite/VERIFICATION_BASELINE_v3/verification_dashboard.md,duplicate|stale,ARCHIVE,Generated evidence or historical result; move only with manifest and compatibility path if referenced.
satelite/VERIFICATION_BASELINE_v4/black_compliance_report.md,duplicate,KEEP,"Evidence, public report, benchmark result, or active verification baseline."
satelite/VERIFICATION_BASELINE_v4/cdr_final_review_board_report.md,duplicate,KEEP,"Evidence, public report, benchmark result, or active verification baseline."
satelite/VERIFICATION_BASELINE_v4/coverage_summary.json,duplicate,KEEP,"Evidence, public report, benchmark result, or active verification baseline."
satelite/VERIFICATION_BASELINE_v4/ekf_validation_report.md,duplicate,KEEP,"Evidence, public report, benchmark result, or active verification baseline."
satelite/VERIFICATION_BASELINE_v4/fail_resolution_report.md,duplicate,KEEP,"Evidence, public report, benchmark result, or active verification baseline."
satelite/VERIFICATION_BASELINE_v4/flight_heritage_calibration_report.md,duplicate,KEEP,"Evidence, public report, benchmark result, or active verification baseline."
satelite/VERIFICATION_BASELINE_v4/flight_heritage_calibration_results.csv,duplicate,KEEP,"Evidence, public report, benchmark result, or active verification baseline."
satelite/VERIFICATION_BASELINE_v4/heritage_comparison.csv,duplicate,KEEP,"Evidence, public report, benchmark result, or active verification baseline."
satelite/VERIFICATION_BASELINE_v4/heritage_report.md,duplicate,KEEP,"Evidence, public report, benchmark result, or active verification baseline."
satelite/VERIFICATION_BASELINE_v4/pydantic_migration_report.md,duplicate,KEEP,"Evidence, public report, benchmark result, or active verification baseline."
satelite/VERIFICATION_BASELINE_v4/regression_campaign_report_v3.md,duplicate,KEEP,"Evidence, public report, benchmark result, or active verification baseline."
satelite/VERIFICATION_BASELINE_v4/verification_dashboard.csv,duplicate,KEEP,"Evidence, public report, benchmark result, or active verification baseline."
satelite/VERIFICATION_BASELINE_v4/verification_dashboard.md,duplicate,KEEP,"Evidence, public report, benchmark result, or active verification baseline."
satelite/verification_dashboard.csv,duplicate,REVIEW,Not enough confidence for automated disposition.
scientific_consensus_report.json,generated,REVIEW,Not enough confidence for automated disposition.
scientific_kb.db,generated,REVIEW,Not enough confidence for automated disposition.
synergy_registry.json,duplicate,REVIEW,Not enough confidence for automated disposition.
synthetic_theory_recovery_report.json,generated,REVIEW,Not enough confidence for automated disposition.
synthetic_world_report.json,generated,REVIEW,Not enough confidence for automated disposition.
temporal_stability_report.json,generated,REVIEW,Not enough confidence for automated disposition.
theory_memory.db,generated,REVIEW,Not enough confidence for automated disposition.
theory_surgery_report.json,generated,REVIEW,Not enough confidence for automated disposition.