"path","action","sources","rationale"
"dashboard/.next/app-path-routes-manifest.json","deleted","generated|stale","Generated/cache/build output; safe only after owner review and regeneration path confirmation."
"dashboard/.next/BUILD_ID","deleted","generated|stale","Generated/cache/build output; safe only after owner review and regeneration path confirmation."
"dashboard/.next/build-manifest.json","deleted","generated|stale","Generated/cache/build output; safe only after owner review and regeneration path confirmation."
"dashboard/.next/build/chunks/[root-of-the-server]__0d-m0h0._.js","deleted","duplicate|generated|stale","Generated/cache/build output; safe only after owner review and regeneration path confirmation."
"dashboard/.next/build/chunks/[root-of-the-server]__0d-m0h0._.js.map","deleted","duplicate|generated|stale","Generated/cache/build output; safe only after owner review and regeneration path confirmation."
"dashboard/.next/build/chunks/[root-of-the-server]__0ubbtyl._.js","deleted","generated|stale","Generated/cache/build output; safe only after owner review and regeneration path confirmation."
"dashboard/.next/build/chunks/[root-of-the-server]__0ubbtyl._.js.map","deleted","generated|stale","Generated/cache/build output; safe only after owner review and regeneration path confirmation."
"dashboard/.next/build/chunks/[turbopack-node]_transforms_postcss_ts_06e.r3r._.js","deleted","duplicate|generated|stale","Generated/cache/build output; safe only after owner review and regeneration path confirmation."
"dashboard/.next/build/chunks/[turbopack-node]_transforms_postcss_ts_06e.r3r._.js.map","deleted","duplicate|generated|stale","Generated/cache/build output; safe only after owner review and regeneration path confirmation."
"dashboard/.next/build/chunks/[turbopack]_runtime.js","deleted","generated|stale","Generated/cache/build output; safe only after owner review and regeneration path confirmation."
"dashboard/.next/build/chunks/[turbopack]_runtime.js.map","deleted","generated|stale","Generated/cache/build output; safe only after owner review and regeneration path confirmation."
"dashboard/.next/build/chunks/node_modules_13sb.px._.js","deleted","generated|stale","Generated/cache/build output; safe only after owner review and regeneration path confirmation."
"dashboard/.next/build/chunks/node_modules_13sb.px._.js.map","deleted","generated|stale","Generated/cache/build output; safe only after owner review and regeneration path confirmation."
"dashboard/.next/build/package.json","deleted","duplicate|generated|stale","Generated/cache/build output; safe only after owner review and regeneration path confirmation."
"dashboard/.next/build/postcss.js","deleted","duplicate|generated|stale","Generated/cache/build output; safe only after owner review and regeneration path confirmation."
"dashboard/.next/build/postcss.js.map","deleted","duplicate|generated|stale","Generated/cache/build output; safe only after owner review and regeneration path confirmation."
"dashboard/.next/cache/.previewinfo","deleted","generated|stale","Generated/cache/build output; safe only after owner review and regeneration path confirmation."
"dashboard/.next/cache/.rscinfo","deleted","generated|stale","Generated/cache/build output; safe only after owner review and regeneration path confirmation."
"dashboard/.next/cache/.tsbuildinfo","deleted","generated|stale","Generated/cache/build output; safe only after owner review and regeneration path confirmation."
"dashboard/.next/dev/build-manifest.json","deleted","generated|stale","Generated/cache/build output; safe only after owner review and regeneration path confirmation."
"dashboard/.next/dev/build/chunks/[root-of-the-server]__0d-m0h0._.js","deleted","duplicate|generated|stale","Generated/cache/build output; safe only after owner review and regeneration path confirmation."
"dashboard/.next/dev/build/chunks/[root-of-the-server]__0d-m0h0._.js.map","deleted","duplicate|generated|stale","Generated/cache/build output; safe only after owner review and regeneration path confirmation."
"dashboard/.next/dev/build/chunks/[root-of-the-server]__0ubbtyl._.js","deleted","generated|stale","Generated/cache/build output; safe only after owner review and regeneration path confirmation."
"dashboard/.next/dev/build/chunks/[root-of-the-server]__0ubbtyl._.js.map","deleted","generated|stale","Generated/cache/build output; safe only after owner review and regeneration path confirmation."
"dashboard/.next/dev/build/chunks/[turbopack-node]_transforms_postcss_ts_06e.r3r._.js","deleted","duplicate|generated|stale","Generated/cache/build output; safe only after owner review and regeneration path confirmation."
"dashboard/.next/dev/build/chunks/[turbopack-node]_transforms_postcss_ts_06e.r3r._.js.map","deleted","duplicate|generated|stale","Generated/cache/build output; safe only after owner review and regeneration path confirmation."
"dashboard/.next/dev/build/chunks/[turbopack]_runtime.js","deleted","generated|stale","Generated/cache/build output; safe only after owner review and regeneration path confirmation."
"dashboard/.next/dev/build/chunks/[turbopack]_runtime.js.map","deleted","generated|stale","Generated/cache/build output; safe only after owner review and regeneration path confirmation."
"dashboard/.next/dev/build/chunks/node_modules_13sb.px._.js","deleted","generated|stale","Generated/cache/build output; safe only after owner review and regeneration path confirmation."
"dashboard/.next/dev/build/chunks/node_modules_13sb.px._.js.map","deleted","generated|stale","Generated/cache/build output; safe only after owner review and regeneration path confirmation."
"dashboard/.next/dev/build/package.json","deleted","duplicate|generated|stale","Generated/cache/build output; safe only after owner review and regeneration path confirmation."
"dashboard/.next/dev/build/postcss.js","deleted","duplicate|generated|stale","Generated/cache/build output; safe only after owner review and regeneration path confirmation."
"dashboard/.next/dev/build/postcss.js.map","deleted","duplicate|generated|stale","Generated/cache/build output; safe only after owner review and regeneration path confirmation."
"dashboard/.next/dev/cache/.rscinfo","deleted","generated|stale","Generated/cache/build output; safe only after owner review and regeneration path confirmation."
"dashboard/.next/dev/cache/next-devtools-config.json","deleted","duplicate|generated|stale","Generated/cache/build output; safe only after owner review and regeneration path confirmation."
"dashboard/.next/dev/cache/turbopack/ee6e79b1/00000001.sst","deleted","generated|stale","Generated/cache/build output; safe only after owner review and regeneration path confirmation."
"dashboard/.next/dev/cache/turbopack/ee6e79b1/00000002.sst","deleted","generated|stale","Generated/cache/build output; safe only after owner review and regeneration path confirmation."
"dashboard/.next/dev/cache/turbopack/ee6e79b1/00000003.sst","deleted","generated|stale","Generated/cache/build output; safe only after owner review and regeneration path confirmation."
"dashboard/.next/dev/cache/turbopack/ee6e79b1/00000004.sst","deleted","generated|stale","Generated/cache/build output; safe only after owner review and regeneration path confirmation."
"dashboard/.next/dev/cache/turbopack/ee6e79b1/00000005.meta","deleted","generated|stale","Generated/cache/build output; safe only after owner review and regeneration path confirmation."
"dashboard/.next/dev/cache/turbopack/ee6e79b1/00000006.meta","deleted","generated|stale","Generated/cache/build output; safe only after owner review and regeneration path confirmation."
"dashboard/.next/dev/cache/turbopack/ee6e79b1/00000007.meta","deleted","generated|stale","Generated/cache/build output; safe only after owner review and regeneration path confirmation."
"dashboard/.next/dev/cache/turbopack/ee6e79b1/00000008.meta","deleted","generated|stale","Generated/cache/build output; safe only after owner review and regeneration path confirmation."
"dashboard/.next/dev/cache/turbopack/ee6e79b1/00000009.sst","deleted","generated|stale","Generated/cache/build output; safe only after owner review and regeneration path confirmation."
"dashboard/.next/dev/cache/turbopack/ee6e79b1/00000010.sst","deleted","generated|stale","Generated/cache/build output; safe only after owner review and regeneration path confirmation."
"dashboard/.next/dev/cache/turbopack/ee6e79b1/00000011.sst","deleted","generated|stale","Generated/cache/build output; safe only after owner review and regeneration path confirmation."
"dashboard/.next/dev/cache/turbopack/ee6e79b1/00000012.sst","deleted","generated|stale","Generated/cache/build output; safe only after owner review and regeneration path confirmation."
"dashboard/.next/dev/cache/turbopack/ee6e79b1/00000013.sst","deleted","generated|stale","Generated/cache/build output; safe only after owner review and regeneration path confirmation."
"dashboard/.next/dev/cache/turbopack/ee6e79b1/00000014.sst","deleted","generated|stale","Generated/cache/build output; safe only after owner review and regeneration path confirmation."
"dashboard/.next/dev/cache/turbopack/ee6e79b1/00000015.sst","deleted","generated|stale","Generated/cache/build output; safe only after owner review and regeneration path confirmation."
"dashboard/.next/dev/cache/turbopack/ee6e79b1/00000016.meta","deleted","generated|stale","Generated/cache/build output; safe only after owner review and regeneration path confirmation."
"dashboard/.next/dev/cache/turbopack/ee6e79b1/00000017.meta","deleted","generated|stale","Generated/cache/build output; safe only after owner review and regeneration path confirmation."
"dashboard/.next/dev/cache/turbopack/ee6e79b1/00000018.meta","deleted","generated|stale","Generated/cache/build output; safe only after owner review and regeneration path confirmation."
"dashboard/.next/dev/cache/turbopack/ee6e79b1/00000019.meta","deleted","generated|stale","Generated/cache/build output; safe only after owner review and regeneration path confirmation."
"dashboard/.next/dev/cache/turbopack/ee6e79b1/CURRENT","deleted","generated|stale","Generated/cache/build output; safe only after owner review and regeneration path confirmation."
"dashboard/.next/dev/cache/turbopack/ee6e79b1/LOG","deleted","generated|stale","Generated/cache/build output; safe only after owner review and regeneration path confirmation."
"dashboard/.next/dev/fallback-build-manifest.json","deleted","generated|stale","Generated/cache/build output; safe only after owner review and regeneration path confirmation."
"dashboard/.next/dev/logs/next-development.log","deleted","generated|stale","Generated/cache/build output; safe only after owner review and regeneration path confirmation."
"dashboard/.next/dev/package.json","deleted","generated|stale","Generated/cache/build output; safe only after owner review and regeneration path confirmation."
"dashboard/.next/dev/prerender-manifest.json","deleted","generated|stale","Generated/cache/build output; safe only after owner review and regeneration path confirmation."
"dashboard/.next/dev/routes-manifest.json","deleted","generated|stale","Generated/cache/build output; safe only after owner review and regeneration path confirmation."
"dashboard/.next/dev/server/app-paths-manifest.json","deleted","duplicate|generated|stale","Generated/cache/build output; safe only after owner review and regeneration path confirmation."
"dashboard/.next/dev/server/app/[lang]/satellite/page_client-reference-manifest.js","deleted","generated|stale","Generated/cache/build output; safe only after owner review and regeneration path confirmation."
"dashboard/.next/dev/server/app/[lang]/satellite/page.js","deleted","generated|stale","Generated/cache/build output; safe only after owner review and regeneration path confirmation."
"dashboard/.next/dev/server/app/[lang]/satellite/page.js.map","deleted","duplicate|generated|stale","Generated/cache/build output; safe only after owner review and regeneration path confirmation."
"dashboard/.next/dev/server/app/[lang]/satellite/page/app-paths-manifest.json","deleted","duplicate|generated|stale","Generated/cache/build output; safe only after owner review and regeneration path confirmation."
"dashboard/.next/dev/server/app/[lang]/satellite/page/build-manifest.json","deleted","generated|stale","Generated/cache/build output; safe only after owner review and regeneration path confirmation."
"dashboard/.next/dev/server/app/[lang]/satellite/page/next-font-manifest.json","deleted","duplicate|generated|stale","Generated/cache/build output; safe only after owner review and regeneration path confirmation."
"dashboard/.next/dev/server/app/[lang]/satellite/page/react-loadable-manifest.json","deleted","duplicate|generated|stale","Generated/cache/build output; safe only after owner review and regeneration path confirmation."
"dashboard/.next/dev/server/app/[lang]/satellite/page/server-reference-manifest.json","deleted","duplicate|generated|stale","Generated/cache/build output; safe only after owner review and regeneration path confirmation."
"dashboard/.next/dev/server/chunks/ssr/_0l0i7jy._.js","deleted","generated|stale","Generated/cache/build output; safe only after owner review and regeneration path confirmation."
"dashboard/.next/dev/server/chunks/ssr/_0l0i7jy._.js.map","deleted","generated|stale","Generated/cache/build output; safe only after owner review and regeneration path confirmation."
"dashboard/.next/dev/server/chunks/ssr/_next-internal_server_app_[lang]_satellite_page_actions_0vdejvu.js","deleted","generated|stale","Generated/cache/build output; safe only after owner review and regeneration path confirmation."
"dashboard/.next/dev/server/chunks/ssr/_next-internal_server_app_[lang]_satellite_page_actions_0vdejvu.js.map","deleted","generated|stale","Generated/cache/build output; safe only after owner review and regeneration path confirmation."
"dashboard/.next/dev/server/chunks/ssr/[externals]__0n13xf4._.js","deleted","generated|stale","Generated/cache/build output; safe only after owner review and regeneration path confirmation."
"dashboard/.next/dev/server/chunks/ssr/[externals]__0n13xf4._.js.map","deleted","duplicate|generated|stale","Generated/cache/build output; safe only after owner review and regeneration path confirmation."
"dashboard/.next/dev/server/chunks/ssr/[externals]_next_dist_0yew8f-._.js","deleted","generated|stale","Generated/cache/build output; safe only after owner review and regeneration path confirmation."
"dashboard/.next/dev/server/chunks/ssr/[externals]_next_dist_0yew8f-._.js.map","deleted","duplicate|generated|stale","Generated/cache/build output; safe only after owner review and regeneration path confirmation."
"dashboard/.next/dev/server/chunks/ssr/[root-of-the-server]__06jreay._.js","deleted","generated|stale","Generated/cache/build output; safe only after owner review and regeneration path confirmation."
"dashboard/.next/dev/server/chunks/ssr/[root-of-the-server]__06jreay._.js.map","deleted","generated|stale","Generated/cache/build output; safe only after owner review and regeneration path confirmation."
"dashboard/.next/dev/server/chunks/ssr/[root-of-the-server]__0j5dduv._.js","deleted","generated|stale","Generated/cache/build output; safe only after owner review and regeneration path confirmation."
"dashboard/.next/dev/server/chunks/ssr/[root-of-the-server]__0j5dduv._.js.map","deleted","generated|stale","Generated/cache/build output; safe only after owner review and regeneration path confirmation."
"dashboard/.next/dev/server/chunks/ssr/[turbopack]_runtime.js","deleted","generated|stale","Generated/cache/build output; safe only after owner review and regeneration path confirmation."
"dashboard/.next/dev/server/chunks/ssr/[turbopack]_runtime.js.map","deleted","generated|stale","Generated/cache/build output; safe only after owner review and regeneration path confirmation."
"dashboard/.next/dev/server/chunks/ssr/node_modules_0_kga3_._.js","deleted","generated|stale","Generated/cache/build output; safe only after owner review and regeneration path confirmation."
"dashboard/.next/dev/server/chunks/ssr/node_modules_0_kga3_._.js.map","deleted","generated|stale","Generated/cache/build output; safe only after owner review and regeneration path confirmation."
"dashboard/.next/dev/server/chunks/ssr/node_modules_09w7yel._.js","deleted","generated|stale","Generated/cache/build output; safe only after owner review and regeneration path confirmation."
"dashboard/.next/dev/server/chunks/ssr/node_modules_09w7yel._.js.map","deleted","generated|stale","Generated/cache/build output; safe only after owner review and regeneration path confirmation."
"dashboard/.next/dev/server/chunks/ssr/node_modules_0elhrjp._.js","deleted","generated|stale","Generated/cache/build output; safe only after owner review and regeneration path confirmation."
"dashboard/.next/dev/server/chunks/ssr/node_modules_0elhrjp._.js.map","deleted","generated|stale","Generated/cache/build output; safe only after owner review and regeneration path confirmation."
"dashboard/.next/dev/server/chunks/ssr/node_modules_0uq1~sk._.js","deleted","generated|stale","Generated/cache/build output; safe only after owner review and regeneration path confirmation."
"dashboard/.next/dev/server/chunks/ssr/node_modules_0uq1~sk._.js.map","deleted","generated|stale","Generated/cache/build output; safe only after owner review and regeneration path confirmation."
"dashboard/.next/dev/server/chunks/ssr/node_modules_framer-motion_dist_es_0zo-5a2._.js","deleted","generated|stale","Generated/cache/build output; safe only after owner review and regeneration path confirmation."
"dashboard/.next/dev/server/chunks/ssr/node_modules_framer-motion_dist_es_0zo-5a2._.js.map","deleted","generated|stale","Generated/cache/build output; safe only after owner review and regeneration path confirmation."
"dashboard/.next/dev/server/chunks/ssr/node_modules_motion-dom_dist_es_07wn477._.js","deleted","generated|stale","Generated/cache/build output; safe only after owner review and regeneration path confirmation."
"dashboard/.next/dev/server/chunks/ssr/node_modules_motion-dom_dist_es_07wn477._.js.map","deleted","generated|stale","Generated/cache/build output; safe only after owner review and regeneration path confirmation."
"dashboard/.next/dev/server/chunks/ssr/node_modules_next_09_q75t._.js","deleted","generated|stale","Generated/cache/build output; safe only after owner review and regeneration path confirmation."
"dashboard/.next/dev/server/chunks/ssr/node_modules_next_09_q75t._.js.map","deleted","generated|stale","Generated/cache/build output; safe only after owner review and regeneration path confirmation."
"dashboard/.next/dev/server/chunks/ssr/node_modules_next_dist_0yh1sr3._.js","deleted","generated|stale","Generated/cache/build output; safe only after owner review and regeneration path confirmation."
"dashboard/.next/dev/server/chunks/ssr/node_modules_next_dist_0yh1sr3._.js.map","deleted","generated|stale","Generated/cache/build output; safe only after owner review and regeneration path confirmation."
"dashboard/.next/dev/server/chunks/ssr/node_modules_next_dist_client_components_0inhx6q._.js","deleted","generated|stale","Generated/cache/build output; safe only after owner review and regeneration path confirmation."
"dashboard/.next/dev/server/chunks/ssr/node_modules_next_dist_client_components_0inhx6q._.js.map","deleted","generated|stale","Generated/cache/build output; safe only after owner review and regeneration path confirmation."
"dashboard/.next/dev/server/chunks/ssr/node_modules_next_dist_client_components_builtin_forbidden_0ghu-f7.js","deleted","generated|stale","Generated/cache/build output; safe only after owner review and regeneration path confirmation."
"dashboard/.next/dev/server/chunks/ssr/node_modules_next_dist_client_components_builtin_forbidden_0ghu-f7.js.map","deleted","generated|stale","Generated/cache/build output; safe only after owner review and regeneration path confirmation."
"dashboard/.next/dev/server/chunks/ssr/node_modules_next_dist_client_components_builtin_global-error_0lgvd_..js","deleted","generated|stale","Generated/cache/build output; safe only after owner review and regeneration path confirmation."
"dashboard/.next/dev/server/chunks/ssr/node_modules_next_dist_client_components_builtin_global-error_0lgvd_..js.map","deleted","generated|stale","Generated/cache/build output; safe only after owner review and regeneration path confirmation."
"dashboard/.next/dev/server/chunks/ssr/node_modules_next_dist_client_components_builtin_unauthorized_0cjv-23.js","deleted","generated|stale","Generated/cache/build output; safe only after owner review and regeneration path confirmation."
"dashboard/.next/dev/server/chunks/ssr/node_modules_next_dist_client_components_builtin_unauthorized_0cjv-23.js.map","deleted","generated|stale","Generated/cache/build output; safe only after owner review and regeneration path confirmation."
"dashboard/.next/dev/server/chunks/ssr/node_modules_next_dist_compiled_07ho8ku._.js","deleted","generated|stale","Generated/cache/build output; safe only after owner review and regeneration path confirmation."
"dashboard/.next/dev/server/chunks/ssr/node_modules_next_dist_compiled_07ho8ku._.js.map","deleted","generated|stale","Generated/cache/build output; safe only after owner review and regeneration path confirmation."
"dashboard/.next/dev/server/chunks/ssr/node_modules_next_dist_esm_0gybpgt._.js","deleted","generated|stale","Generated/cache/build output; safe only after owner review and regeneration path confirmation."
"dashboard/.next/dev/server/chunks/ssr/node_modules_next_dist_esm_0gybpgt._.js.map","deleted","generated|stale","Generated/cache/build output; safe only after owner review and regeneration path confirmation."
"dashboard/.next/dev/server/chunks/ssr/node_modules_next_dist_server_route-modules_app-page_0f6k0sl._.js","deleted","generated|stale","Generated/cache/build output; safe only after owner review and regeneration path confirmation."
"dashboard/.next/dev/server/chunks/ssr/node_modules_next_dist_server_route-modules_app-page_0f6k0sl._.js.map","deleted","generated|stale","Generated/cache/build output; safe only after owner review and regeneration path confirmation."
"dashboard/.next/dev/server/chunks/ssr/node_modules_recharts_es6_0tlc6yv._.js","deleted","generated|stale","Generated/cache/build output; safe only after owner review and regeneration path confirmation."
"dashboard/.next/dev/server/chunks/ssr/node_modules_recharts_es6_0tlc6yv._.js.map","deleted","generated|stale","Generated/cache/build output; safe only after owner review and regeneration path confirmation."
"dashboard/.next/dev/server/chunks/ssr/node_modules_recharts_es6_cartesian_034y2kl._.js","deleted","generated|stale","Generated/cache/build output; safe only after owner review and regeneration path confirmation."
"dashboard/.next/dev/server/chunks/ssr/node_modules_recharts_es6_cartesian_034y2kl._.js.map","deleted","generated|stale","Generated/cache/build output; safe only after owner review and regeneration path confirmation."
"dashboard/.next/dev/server/chunks/ssr/node_modules_recharts_es6_component_00bzutr._.js","deleted","generated|stale","Generated/cache/build output; safe only after owner review and regeneration path confirmation."
"dashboard/.next/dev/server/chunks/ssr/node_modules_recharts_es6_component_00bzutr._.js.map","deleted","generated|stale","Generated/cache/build output; safe only after owner review and regeneration path confirmation."
"dashboard/.next/dev/server/chunks/ssr/node_modules_recharts_es6_state_0qnno4n._.js","deleted","generated|stale","Generated/cache/build output; safe only after owner review and regeneration path confirmation."
"dashboard/.next/dev/server/chunks/ssr/node_modules_recharts_es6_state_0qnno4n._.js.map","deleted","generated|stale","Generated/cache/build output; safe only after owner review and regeneration path confirmation."
"dashboard/.next/dev/server/chunks/ssr/node_modules_recharts_es6_util_0.-x9yf._.js","deleted","generated|stale","Generated/cache/build output; safe only after owner review and regeneration path confirmation."
"dashboard/.next/dev/server/chunks/ssr/node_modules_recharts_es6_util_0.-x9yf._.js.map","deleted","generated|stale","Generated/cache/build output; safe only after owner review and regeneration path confirmation."
"dashboard/.next/dev/server/chunks/ssr/node_modules_tailwind-merge_dist_bundle-mjs_mjs_01.58mi._.js","deleted","generated|stale","Generated/cache/build output; safe only after owner review and regeneration path confirmation."
"dashboard/.next/dev/server/chunks/ssr/node_modules_tailwind-merge_dist_bundle-mjs_mjs_01.58mi._.js.map","deleted","generated|stale","Generated/cache/build output; safe only after owner review and regeneration path confirmation."
"dashboard/.next/dev/server/chunks/ssr/src_0e6bx6~._.js","deleted","generated|stale","Generated/cache/build output; safe only after owner review and regeneration path confirmation."
"dashboard/.next/dev/server/chunks/ssr/src_0e6bx6~._.js.map","deleted","generated|stale","Generated/cache/build output; safe only after owner review and regeneration path confirmation."
"dashboard/.next/dev/server/chunks/ssr/src_0k50kpq._.js","deleted","generated|stale","Generated/cache/build output; safe only after owner review and regeneration path confirmation."
"dashboard/.next/dev/server/chunks/ssr/src_0k50kpq._.js.map","deleted","generated|stale","Generated/cache/build output; safe only after owner review and regeneration path confirmation."
"dashboard/.next/dev/server/interception-route-rewrite-manifest.js","deleted","duplicate|generated|stale","Generated/cache/build output; safe only after owner review and regeneration path confirmation."
"dashboard/.next/dev/server/middleware-build-manifest.js","deleted","generated|stale","Generated/cache/build output; safe only after owner review and regeneration path confirmation."
"dashboard/.next/dev/server/middleware-manifest.json","deleted","duplicate|generated|stale","Generated/cache/build output; safe only after owner review and regeneration path confirmation."
"dashboard/.next/dev/server/next-font-manifest.js","deleted","generated|stale","Generated/cache/build output; safe only after owner review and regeneration path confirmation."
"dashboard/.next/dev/server/next-font-manifest.json","deleted","generated|stale","Generated/cache/build output; safe only after owner review and regeneration path confirmation."
"dashboard/.next/dev/server/pages-manifest.json","deleted","duplicate|generated|stale","Generated/cache/build output; safe only after owner review and regeneration path confirmation."
"dashboard/.next/dev/server/server-reference-manifest.js","deleted","generated|stale","Generated/cache/build output; safe only after owner review and regeneration path confirmation."
"dashboard/.next/dev/server/server-reference-manifest.json","deleted","generated|stale","Generated/cache/build output; safe only after owner review and regeneration path confirmation."
"dashboard/.next/dev/static/chunks/_0p44nws._.js.map","deleted","generated|stale","Generated/cache/build output; safe only after owner review and regeneration path confirmation."
"dashboard/.next/dev/static/chunks/_0rqeker._.js","deleted","generated|stale","Generated/cache/build output; safe only after owner review and regeneration path confirmation."
"dashboard/.next/dev/static/chunks/[next]_internal_font_google_inter_c15e96cb_module_css_0w3-wzy._.single.css","deleted","generated|stale","Generated/cache/build output; safe only after owner review and regeneration path confirmation."
"dashboard/.next/dev/static/chunks/[next]_internal_font_google_inter_c15e96cb_module_css_0w3-wzy._.single.css.map","deleted","generated|stale","Generated/cache/build output; safe only after owner review and regeneration path confirmation."
"dashboard/.next/dev/static/chunks/[root-of-the-server]__0bt.fam._.css","deleted","generated|stale","Generated/cache/build output; safe only after owner review and regeneration path confirmation."
"dashboard/.next/dev/static/chunks/[root-of-the-server]__0bt.fam._.css.map","deleted","generated|stale","Generated/cache/build output; safe only after owner review and regeneration path confirmation."
"dashboard/.next/dev/static/chunks/[turbopack]_browser_dev_hmr-client_hmr-client_ts_0yjw1oe._.js","deleted","generated|stale","Generated/cache/build output; safe only after owner review and regeneration path confirmation."
"dashboard/.next/dev/static/chunks/[turbopack]_browser_dev_hmr-client_hmr-client_ts_0yjw1oe._.js.map","deleted","generated|stale","Generated/cache/build output; safe only after owner review and regeneration path confirmation."
"dashboard/.next/dev/static/chunks/[turbopack]_browser_dev_hmr-client_hmr-client_ts_10mygs7._.js","deleted","generated|stale","Generated/cache/build output; safe only after owner review and regeneration path confirmation."
"dashboard/.next/dev/static/chunks/[turbopack]_browser_dev_hmr-client_hmr-client_ts_10z625~._.js","deleted","generated|stale","Generated/cache/build output; safe only after owner review and regeneration path confirmation."
"dashboard/.next/dev/static/chunks/[turbopack]_browser_dev_hmr-client_hmr-client_ts_10z625~._.js.map","deleted","duplicate|generated|stale","Generated/cache/build output; safe only after owner review and regeneration path confirmation."
"dashboard/.next/dev/static/chunks/node_modules_@swc_helpers_cjs_0-4ujiy._.js","deleted","generated|stale","Generated/cache/build output; safe only after owner review and regeneration path confirmation."
"dashboard/.next/dev/static/chunks/node_modules_@swc_helpers_cjs_0-4ujiy._.js.map","deleted","generated|stale","Generated/cache/build output; safe only after owner review and regeneration path confirmation."
"dashboard/.next/dev/static/chunks/node_modules_042r824._.js","deleted","generated|stale","Generated/cache/build output; safe only after owner review and regeneration path confirmation."
"dashboard/.next/dev/static/chunks/node_modules_042r824._.js.map","deleted","generated|stale","Generated/cache/build output; safe only after owner review and regeneration path confirmation."
"dashboard/.next/dev/static/chunks/node_modules_13rrv~w._.js","deleted","generated|stale","Generated/cache/build output; safe only after owner review and regeneration path confirmation."
"dashboard/.next/dev/static/chunks/node_modules_13rrv~w._.js.map","deleted","generated|stale","Generated/cache/build output; safe only after owner review and regeneration path confirmation."
"dashboard/.next/dev/static/chunks/node_modules_katex_dist_katex_min_css_0w3-wzy._.single.css","deleted","generated|stale","Generated/cache/build output; safe only after owner review and regeneration path confirmation."
"dashboard/.next/dev/static/chunks/node_modules_katex_dist_katex_min_css_0w3-wzy._.single.css.map","deleted","generated|stale","Generated/cache/build output; safe only after owner review and regeneration path confirmation."
"dashboard/.next/dev/static/chunks/node_modules_next_dist_0tt2wve._.js","deleted","generated|stale","Generated/cache/build output; safe only after owner review and regeneration path confirmation."
"dashboard/.next/dev/static/chunks/node_modules_next_dist_0tt2wve._.js.map","deleted","generated|stale","Generated/cache/build output; safe only after owner review and regeneration path confirmation."
"dashboard/.next/dev/static/chunks/node_modules_next_dist_115brz8._.js","deleted","generated|stale","Generated/cache/build output; safe only after owner review and regeneration path confirmation."
"dashboard/.next/dev/static/chunks/node_modules_next_dist_115brz8._.js.map","deleted","generated|stale","Generated/cache/build output; safe only after owner review and regeneration path confirmation."
"dashboard/.next/dev/static/chunks/node_modules_next_dist_build_polyfills_polyfill-nomodule.js","deleted","duplicate|generated|stale","Generated/cache/build output; safe only after owner review and regeneration path confirmation."
"dashboard/.next/dev/static/chunks/node_modules_next_dist_build_polyfills_polyfill-nomodule.js.map","deleted","generated|stale","Generated/cache/build output; safe only after owner review and regeneration path confirmation."
"dashboard/.next/dev/static/chunks/node_modules_next_dist_client_0fhqo1d._.js","deleted","generated|stale","Generated/cache/build output; safe only after owner review and regeneration path confirmation."
"dashboard/.next/dev/static/chunks/node_modules_next_dist_client_0fhqo1d._.js.map","deleted","generated|stale","Generated/cache/build output; safe only after owner review and regeneration path confirmation."
"dashboard/.next/dev/static/chunks/node_modules_next_dist_client_components_builtin_global-error_0r.3k2f.js","deleted","generated|stale","Generated/cache/build output; safe only after owner review and regeneration path confirmation."
"dashboard/.next/dev/static/chunks/node_modules_next_dist_compiled_0rpq4pf._.js","deleted","generated|stale","Generated/cache/build output; safe only after owner review and regeneration path confirmation."
"dashboard/.next/dev/static/chunks/node_modules_next_dist_compiled_0rpq4pf._.js.map","deleted","generated|stale","Generated/cache/build output; safe only after owner review and regeneration path confirmation."
"dashboard/.next/dev/static/chunks/node_modules_next_dist_compiled_next-devtools_index_0553esy.js","deleted","generated|stale","Generated/cache/build output; safe only after owner review and regeneration path confirmation."
"dashboard/.next/dev/static/chunks/node_modules_next_dist_compiled_next-devtools_index_0553esy.js.map","deleted","generated|stale","Generated/cache/build output; safe only after owner review and regeneration path confirmation."
"dashboard/.next/dev/static/chunks/node_modules_next_dist_compiled_react-dom_058-ah~._.js","deleted","generated|stale","Generated/cache/build output; safe only after owner review and regeneration path confirmation."
"dashboard/.next/dev/static/chunks/node_modules_next_dist_compiled_react-dom_058-ah~._.js.map","deleted","generated|stale","Generated/cache/build output; safe only after owner review and regeneration path confirmation."
"dashboard/.next/dev/static/chunks/node_modules_next_dist_compiled_react-server-dom-turbopack_0p3wegg._.js","deleted","generated|stale","Generated/cache/build output; safe only after owner review and regeneration path confirmation."
"dashboard/.next/dev/static/chunks/node_modules_next_dist_compiled_react-server-dom-turbopack_0p3wegg._.js.map","deleted","generated|stale","Generated/cache/build output; safe only after owner review and regeneration path confirmation."
"dashboard/.next/dev/static/chunks/node_modules_recharts_es6_0.yy-if._.js","deleted","generated|stale","Generated/cache/build output; safe only after owner review and regeneration path confirmation."
"dashboard/.next/dev/static/chunks/node_modules_recharts_es6_0.yy-if._.js.map","deleted","generated|stale","Generated/cache/build output; safe only after owner review and regeneration path confirmation."
"dashboard/.next/dev/static/chunks/node_modules_recharts_es6_cartesian_0zwscvw._.js","deleted","generated|stale","Generated/cache/build output; safe only after owner review and regeneration path confirmation."
"dashboard/.next/dev/static/chunks/node_modules_recharts_es6_cartesian_0zwscvw._.js.map","deleted","generated|stale","Generated/cache/build output; safe only after owner review and regeneration path confirmation."
"dashboard/.next/dev/static/chunks/node_modules_recharts_es6_component_07ip~6p._.js","deleted","generated|stale","Generated/cache/build output; safe only after owner review and regeneration path confirmation."
"dashboard/.next/dev/static/chunks/node_modules_recharts_es6_component_07ip~6p._.js.map","deleted","generated|stale","Generated/cache/build output; safe only after owner review and regeneration path confirmation."
"dashboard/.next/dev/static/chunks/node_modules_recharts_es6_state_027zpuo._.js","deleted","generated|stale","Generated/cache/build output; safe only after owner review and regeneration path confirmation."
"dashboard/.next/dev/static/chunks/node_modules_recharts_es6_state_027zpuo._.js.map","deleted","generated|stale","Generated/cache/build output; safe only after owner review and regeneration path confirmation."
"dashboard/.next/dev/static/chunks/node_modules_recharts_es6_util_0ze3_c3._.js","deleted","generated|stale","Generated/cache/build output; safe only after owner review and regeneration path confirmation."
"dashboard/.next/dev/static/chunks/node_modules_recharts_es6_util_0ze3_c3._.js.map","deleted","generated|stale","Generated/cache/build output; safe only after owner review and regeneration path confirmation."
"dashboard/.next/dev/static/chunks/src_0hdc3fd._.js","deleted","generated|stale","Generated/cache/build output; safe only after owner review and regeneration path confirmation."
"dashboard/.next/dev/static/chunks/src_0hdc3fd._.js.map","deleted","generated|stale","Generated/cache/build output; safe only after owner review and regeneration path confirmation."
"dashboard/.next/dev/static/chunks/src_0whc-z6._.js","deleted","generated|stale","Generated/cache/build output; safe only after owner review and regeneration path confirmation."
"dashboard/.next/dev/static/chunks/src_0whc-z6._.js.map","deleted","generated|stale","Generated/cache/build output; safe only after owner review and regeneration path confirmation."
"dashboard/.next/dev/static/chunks/src_app_[lang]_layout_tsx_0r.3k2f._.js","deleted","generated|stale","Generated/cache/build output; safe only after owner review and regeneration path confirmation."
"dashboard/.next/dev/static/chunks/src_app_[lang]_satellite_page_tsx_0spznpf._.js","deleted","generated|stale","Generated/cache/build output; safe only after owner review and regeneration path confirmation."
"dashboard/.next/dev/static/chunks/src_app_globals_css_0w3-wzy._.single.css","deleted","generated|stale","Generated/cache/build output; safe only after owner review and regeneration path confirmation."
"dashboard/.next/dev/static/chunks/src_app_globals_css_0w3-wzy._.single.css.map","deleted","generated|stale","Generated/cache/build output; safe only after owner review and regeneration path confirmation."
"dashboard/.next/dev/static/chunks/src_app_layout_tsx_004glpo._.js","deleted","generated|stale","Generated/cache/build output; safe only after owner review and regeneration path confirmation."
"dashboard/.next/dev/static/chunks/turbopack-_0p44nws._.js","deleted","generated|stale","Generated/cache/build output; safe only after owner review and regeneration path confirmation."
"dashboard/.next/dev/static/development/_buildManifest.js","deleted","duplicate|generated|stale","Generated/cache/build output; safe only after owner review and regeneration path confirmation."
"dashboard/.next/dev/static/development/_clientMiddlewareManifest.js","deleted","duplicate|generated|stale","Generated/cache/build output; safe only after owner review and regeneration path confirmation."
"dashboard/.next/dev/static/development/_ssgManifest.js","deleted","generated|stale","Generated/cache/build output; safe only after owner review and regeneration path confirmation."
"dashboard/.next/dev/static/media/1bffadaabf893a1e-s.16ipb6fqu393i.woff2","deleted","duplicate|generated|stale","Generated/cache/build output; safe only after owner review and regeneration path confirmation."
"dashboard/.next/dev/static/media/2bbe8d2671613f1f-s.067x_6k0k23tk.woff2","deleted","duplicate|generated|stale","Generated/cache/build output; safe only after owner review and regeneration path confirmation."
"dashboard/.next/dev/static/media/2c55a0e60120577a-s.0bjc5tiuqdqro.woff2","deleted","duplicate|generated|stale","Generated/cache/build output; safe only after owner review and regeneration path confirmation."
"dashboard/.next/dev/static/media/5476f68d60460930-s.0wxq9webf.ew4.woff2","deleted","duplicate|generated|stale","Generated/cache/build output; safe only after owner review and regeneration path confirmation."
"dashboard/.next/dev/static/media/83afe278b6a6bb3c-s.p.0q-301v4kxxnr.woff2","deleted","duplicate|generated|stale","Generated/cache/build output; safe only after owner review and regeneration path confirmation."
"dashboard/.next/dev/static/media/9c72aa0f40e4eef8-s.0m6w47a4e5dy9.woff2","deleted","duplicate|generated|stale","Generated/cache/build output; safe only after owner review and regeneration path confirmation."
"dashboard/.next/dev/static/media/ad66f9afd8947f86-s.11u06r12fd6v_.woff2","deleted","duplicate|generated|stale","Generated/cache/build output; safe only after owner review and regeneration path confirmation."
"dashboard/.next/dev/static/media/favicon.0x3dzn~oxb6tn.ico","deleted","duplicate|generated|stale","Generated/cache/build output; safe only after owner review and regeneration path confirmation."
"dashboard/.next/dev/static/media/KaTeX_AMS-Regular.0b~8ki5y928w2.woff","deleted","duplicate|generated|stale","Generated/cache/build output; safe only after owner review and regeneration path confirmation."
"dashboard/.next/dev/static/media/KaTeX_AMS-Regular.0p1vbqd84i2~o.woff2","deleted","duplicate|generated|stale","Generated/cache/build output; safe only after owner review and regeneration path confirmation."
"dashboard/.next/dev/static/media/KaTeX_AMS-Regular.173t6ktr7uf-w.ttf","deleted","duplicate|generated|stale","Generated/cache/build output; safe only after owner review and regeneration path confirmation."
"dashboard/.next/dev/static/media/KaTeX_Caligraphic-Bold.01-pzluls4zgb.woff2","deleted","duplicate|generated|stale","Generated/cache/build output; safe only after owner review and regeneration path confirmation."
"dashboard/.next/dev/static/media/KaTeX_Caligraphic-Bold.0x2v1lwn~880f.woff","deleted","duplicate|generated|stale","Generated/cache/build output; safe only after owner review and regeneration path confirmation."
"dashboard/.next/dev/static/media/KaTeX_Caligraphic-Bold.16zv5fax0h0ka.ttf","deleted","duplicate|generated|stale","Generated/cache/build output; safe only after owner review and regeneration path confirmation."
"dashboard/.next/dev/static/media/KaTeX_Caligraphic-Regular.02i3z7wig438t.ttf","deleted","duplicate|generated|stale","Generated/cache/build output; safe only after owner review and regeneration path confirmation."
"dashboard/.next/dev/static/media/KaTeX_Caligraphic-Regular.0rysu1t-ncjq8.woff2","deleted","duplicate|generated|stale","Generated/cache/build output; safe only after owner review and regeneration path confirmation."
"dashboard/.next/dev/static/media/KaTeX_Caligraphic-Regular.10927swgekwun.woff","deleted","duplicate|generated|stale","Generated/cache/build output; safe only after owner review and regeneration path confirmation."
"dashboard/.next/dev/static/media/KaTeX_Fraktur-Bold.0e-16u10iuyyf.woff","deleted","duplicate|generated|stale","Generated/cache/build output; safe only after owner review and regeneration path confirmation."
"dashboard/.next/dev/static/media/KaTeX_Fraktur-Bold.0et27v~3~4uhe.ttf","deleted","duplicate|generated|stale","Generated/cache/build output; safe only after owner review and regeneration path confirmation."
"dashboard/.next/dev/static/media/KaTeX_Fraktur-Bold.0w23i72~hprpq.woff2","deleted","duplicate|generated|stale","Generated/cache/build output; safe only after owner review and regeneration path confirmation."
"dashboard/.next/dev/static/media/KaTeX_Fraktur-Regular.0b.riegzdfue2.woff","deleted","duplicate|generated|stale","Generated/cache/build output; safe only after owner review and regeneration path confirmation."
"dashboard/.next/dev/static/media/KaTeX_Fraktur-Regular.0rekyoa-52fj_.woff2","deleted","duplicate|generated|stale","Generated/cache/build output; safe only after owner review and regeneration path confirmation."
"dashboard/.next/dev/static/media/KaTeX_Fraktur-Regular.0vjwa15znhk~4.ttf","deleted","duplicate|generated|stale","Generated/cache/build output; safe only after owner review and regeneration path confirmation."
"dashboard/.next/dev/static/media/KaTeX_Main-Bold.09i7~607shf-h.ttf","deleted","duplicate|generated|stale","Generated/cache/build output; safe only after owner review and regeneration path confirmation."
"dashboard/.next/dev/static/media/KaTeX_Main-Bold.09lmynrorhcbw.woff","deleted","duplicate|generated|stale","Generated/cache/build output; safe only after owner review and regeneration path confirmation."
"dashboard/.next/dev/static/media/KaTeX_Main-Bold.16pfc63_du6mx.woff2","deleted","duplicate|generated|stale","Generated/cache/build output; safe only after owner review and regeneration path confirmation."
"dashboard/.next/dev/static/media/KaTeX_Main-BoldItalic.0cp37g7x1q8h6.woff","deleted","duplicate|generated|stale","Generated/cache/build output; safe only after owner review and regeneration path confirmation."
"dashboard/.next/dev/static/media/KaTeX_Main-BoldItalic.0d54rk08rx11s.woff2","deleted","duplicate|generated|stale","Generated/cache/build output; safe only after owner review and regeneration path confirmation."
"dashboard/.next/dev/static/media/KaTeX_Main-BoldItalic.15j6k~hix2t_0.ttf","deleted","duplicate|generated|stale","Generated/cache/build output; safe only after owner review and regeneration path confirmation."
"dashboard/.next/dev/static/media/KaTeX_Main-Italic.0382gqciexmbu.woff","deleted","duplicate|generated|stale","Generated/cache/build output; safe only after owner review and regeneration path confirmation."
"dashboard/.next/dev/static/media/KaTeX_Main-Italic.06o5nq0_91v60.woff2","deleted","duplicate|generated|stale","Generated/cache/build output; safe only after owner review and regeneration path confirmation."
"dashboard/.next/dev/static/media/KaTeX_Main-Italic.0su4i6mm18-wo.ttf","deleted","duplicate|generated|stale","Generated/cache/build output; safe only after owner review and regeneration path confirmation."
"dashboard/.next/dev/static/media/KaTeX_Main-Regular.08zh8z.7shijf.ttf","deleted","duplicate|generated|stale","Generated/cache/build output; safe only after owner review and regeneration path confirmation."
"dashboard/.next/dev/static/media/KaTeX_Main-Regular.0diheg01zyoph.woff","deleted","duplicate|generated|stale","Generated/cache/build output; safe only after owner review and regeneration path confirmation."
"dashboard/.next/dev/static/media/KaTeX_Main-Regular.0kaf-ag2_wkm-.woff2","deleted","duplicate|generated|stale","Generated/cache/build output; safe only after owner review and regeneration path confirmation."
"dashboard/.next/dev/static/media/KaTeX_Math-BoldItalic.0ajzxypnbx1h1.ttf","deleted","duplicate|generated|stale","Generated/cache/build output; safe only after owner review and regeneration path confirmation."
"dashboard/.next/dev/static/media/KaTeX_Math-BoldItalic.0ck1myuerwyqw.woff","deleted","duplicate|generated|stale","Generated/cache/build output; safe only after owner review and regeneration path confirmation."
"dashboard/.next/dev/static/media/KaTeX_Math-BoldItalic.0ja97dn.cpc87.woff2","deleted","duplicate|generated|stale","Generated/cache/build output; safe only after owner review and regeneration path confirmation."
"dashboard/.next/dev/static/media/KaTeX_Math-Italic.09xkhecjcn5r9.woff","deleted","duplicate|generated|stale","Generated/cache/build output; safe only after owner review and regeneration path confirmation."
"dashboard/.next/dev/static/media/KaTeX_Math-Italic.0x23a-bmp-5tg.ttf","deleted","duplicate|generated|stale","Generated/cache/build output; safe only after owner review and regeneration path confirmation."
"dashboard/.next/dev/static/media/KaTeX_Math-Italic.0zrha2c4sl2je.woff2","deleted","duplicate|generated|stale","Generated/cache/build output; safe only after owner review and regeneration path confirmation."
"dashboard/.next/dev/static/media/KaTeX_SansSerif-Bold.05a9.pc1j_zx9.woff2","deleted","duplicate|generated|stale","Generated/cache/build output; safe only after owner review and regeneration path confirmation."
"dashboard/.next/dev/static/media/KaTeX_SansSerif-Bold.0jcl-ayi1uun0.woff","deleted","duplicate|generated|stale","Generated/cache/build output; safe only after owner review and regeneration path confirmation."
"dashboard/.next/dev/static/media/KaTeX_SansSerif-Bold.0re8y.dm7.mt5.ttf","deleted","duplicate|generated|stale","Generated/cache/build output; safe only after owner review and regeneration path confirmation."
"dashboard/.next/dev/static/media/KaTeX_SansSerif-Italic.0a0234dc3s62j.woff2","deleted","duplicate|generated|stale","Generated/cache/build output; safe only after owner review and regeneration path confirmation."
"dashboard/.next/dev/static/media/KaTeX_SansSerif-Italic.0judofdln9731.woff","deleted","duplicate|generated|stale","Generated/cache/build output; safe only after owner review and regeneration path confirmation."
"dashboard/.next/dev/static/media/KaTeX_SansSerif-Italic.10z1iap9pfus8.ttf","deleted","duplicate|generated|stale","Generated/cache/build output; safe only after owner review and regeneration path confirmation."
"dashboard/.next/dev/static/media/KaTeX_SansSerif-Regular.0h9yjlugq4q_e.woff","deleted","duplicate|generated|stale","Generated/cache/build output; safe only after owner review and regeneration path confirmation."
"dashboard/.next/dev/static/media/KaTeX_SansSerif-Regular.0v6gcj32-czft.woff2","deleted","duplicate|generated|stale","Generated/cache/build output; safe only after owner review and regeneration path confirmation."
"dashboard/.next/dev/static/media/KaTeX_SansSerif-Regular.0zm18kga42ebc.ttf","deleted","duplicate|generated|stale","Generated/cache/build output; safe only after owner review and regeneration path confirmation."
"dashboard/.next/dev/static/media/KaTeX_Script-Regular.0c4.h-mer83d_.woff2","deleted","duplicate|generated|stale","Generated/cache/build output; safe only after owner review and regeneration path confirmation."
"dashboard/.next/dev/static/media/KaTeX_Script-Regular.0q14y6zkzlpob.ttf","deleted","duplicate|generated|stale","Generated/cache/build output; safe only after owner review and regeneration path confirmation."
"dashboard/.next/dev/static/media/KaTeX_Script-Regular.0ze6v4r_-99oy.woff","deleted","duplicate|generated|stale","Generated/cache/build output; safe only after owner review and regeneration path confirmation."
"dashboard/.next/dev/static/media/KaTeX_Size1-Regular.013x6a4ierotp.woff2","deleted","duplicate|generated|stale","Generated/cache/build output; safe only after owner review and regeneration path confirmation."
"dashboard/.next/dev/static/media/KaTeX_Size1-Regular.0kidw0oi.m68o.woff","deleted","duplicate|generated|stale","Generated/cache/build output; safe only after owner review and regeneration path confirmation."
"dashboard/.next/dev/static/media/KaTeX_Size1-Regular.0m6y-i6wfokni.ttf","deleted","duplicate|generated|stale","Generated/cache/build output; safe only after owner review and regeneration path confirmation."
"dashboard/.next/dev/static/media/KaTeX_Size2-Regular.0blpmluwilgbg.woff","deleted","duplicate|generated|stale","Generated/cache/build output; safe only after owner review and regeneration path confirmation."
"dashboard/.next/dev/static/media/KaTeX_Size2-Regular.0d5inmyp-tyv3.woff2","deleted","duplicate|generated|stale","Generated/cache/build output; safe only after owner review and regeneration path confirmation."
"dashboard/.next/dev/static/media/KaTeX_Size2-Regular.0wnhnvj-.k9d5.ttf","deleted","duplicate|generated|stale","Generated/cache/build output; safe only after owner review and regeneration path confirmation."
"dashboard/.next/dev/static/media/KaTeX_Size3-Regular.01h0xm_sfctj3.woff","deleted","duplicate|generated|stale","Generated/cache/build output; safe only after owner review and regeneration path confirmation."
"dashboard/.next/dev/static/media/KaTeX_Size3-Regular.0iukctyhw5j56.woff2","deleted","duplicate|generated|stale","Generated/cache/build output; safe only after owner review and regeneration path confirmation."
"dashboard/.next/dev/static/media/KaTeX_Size3-Regular.0jl8mqyf4gzpn.ttf","deleted","duplicate|generated|stale","Generated/cache/build output; safe only after owner review and regeneration path confirmation."
"dashboard/.next/dev/static/media/KaTeX_Size4-Regular.0w3.rb_c4stzk.woff2","deleted","duplicate|generated|stale","Generated/cache/build output; safe only after owner review and regeneration path confirmation."
"dashboard/.next/dev/static/media/KaTeX_Size4-Regular.0wr_9l81-mu06.ttf","deleted","duplicate|generated|stale","Generated/cache/build output; safe only after owner review and regeneration path confirmation."
"dashboard/.next/dev/static/media/KaTeX_Size4-Regular.12tvaesf3.zl3.woff","deleted","duplicate|generated|stale","Generated/cache/build output; safe only after owner review and regeneration path confirmation."
"dashboard/.next/dev/static/media/KaTeX_Typewriter-Regular.0c4zdxz~8frhm.woff2","deleted","duplicate|generated|stale","Generated/cache/build output; safe only after owner review and regeneration path confirmation."
"dashboard/.next/dev/static/media/KaTeX_Typewriter-Regular.0cgrzn5l3kao5.woff","deleted","duplicate|generated|stale","Generated/cache/build output; safe only after owner review and regeneration path confirmation."
"dashboard/.next/dev/static/media/KaTeX_Typewriter-Regular.128~qc3858otl.ttf","deleted","duplicate|generated|stale","Generated/cache/build output; safe only after owner review and regeneration path confirmation."
"dashboard/.next/dev/trace","deleted","generated|stale","Generated/cache/build output; safe only after owner review and regeneration path confirmation."
"dashboard/.next/dev/types/cache-life.d.ts","deleted","duplicate|generated|stale","Generated/cache/build output; safe only after owner review and regeneration path confirmation."
"dashboard/.next/dev/types/routes.d.ts","deleted","duplicate|generated|stale","Generated/cache/build output; safe only after owner review and regeneration path confirmation."
"dashboard/.next/dev/types/validator.ts","deleted","generated|stale","Generated/cache/build output; safe only after owner review and regeneration path confirmation."
"dashboard/.next/diagnostics/build-diagnostics.json","deleted","generated|stale","Generated/cache/build output; safe only after owner review and regeneration path confirmation."
"dashboard/.next/diagnostics/framework.json","deleted","generated|stale","Generated/cache/build output; safe only after owner review and regeneration path confirmation."
"dashboard/.next/diagnostics/route-bundle-stats.json","deleted","generated|stale","Generated/cache/build output; safe only after owner review and regeneration path confirmation."
"dashboard/.next/export-marker.json","deleted","generated|stale","Generated/cache/build output; safe only after owner review and regeneration path confirmation."
"dashboard/.next/fallback-build-manifest.json","deleted","generated|stale","Generated/cache/build output; safe only after owner review and regeneration path confirmation."
"dashboard/.next/images-manifest.json","deleted","generated|stale","Generated/cache/build output; safe only after owner review and regeneration path confirmation."
"dashboard/.next/next-minimal-server.js.nft.json","deleted","generated|stale","Generated/cache/build output; safe only after owner review and regeneration path confirmation."
"dashboard/.next/next-server.js.nft.json","deleted","generated|stale","Generated/cache/build output; safe only after owner review and regeneration path confirmation."
"dashboard/.next/package.json","deleted","duplicate|generated|stale","Generated/cache/build output; safe only after owner review and regeneration path confirmation."
"dashboard/.next/prerender-manifest.json","deleted","generated|stale","Generated/cache/build output; safe only after owner review and regeneration path confirmation."
"dashboard/.next/required-server-files.js","deleted","generated|stale","Generated/cache/build output; safe only after owner review and regeneration path confirmation."
"dashboard/.next/required-server-files.json","deleted","generated|stale","Generated/cache/build output; safe only after owner review and regeneration path confirmation."
"dashboard/.next/routes-manifest.json","deleted","generated|stale","Generated/cache/build output; safe only after owner review and regeneration path confirmation."
"dashboard/.next/server/app-paths-manifest.json","deleted","generated|stale","Generated/cache/build output; safe only after owner review and regeneration path confirmation."
"dashboard/.next/server/app/_global-error.html","deleted","duplicate|generated|stale","Generated/cache/build output; safe only after owner review and regeneration path confirmation."
"dashboard/.next/server/app/_global-error.meta","deleted","generated|stale","Generated/cache/build output; safe only after owner review and regeneration path confirmation."
"dashboard/.next/server/app/_global-error.rsc","deleted","duplicate|generated|stale","Generated/cache/build output; safe only after owner review and regeneration path confirmation."
"dashboard/.next/server/app/_global-error.segments/__PAGE__.segment.rsc","deleted","generated|stale","Generated/cache/build output; safe only after owner review and regeneration path confirmation."
"dashboard/.next/server/app/_global-error.segments/_full.segment.rsc","deleted","duplicate|generated|stale","Generated/cache/build output; safe only after owner review and regeneration path confirmation."
"dashboard/.next/server/app/_global-error.segments/_head.segment.rsc","deleted","generated|stale","Generated/cache/build output; safe only after owner review and regeneration path confirmation."
"dashboard/.next/server/app/_global-error.segments/_index.segment.rsc","deleted","duplicate|generated|stale","Generated/cache/build output; safe only after owner review and regeneration path confirmation."
"dashboard/.next/server/app/_global-error.segments/_tree.segment.rsc","deleted","generated|stale","Generated/cache/build output; safe only after owner review and regeneration path confirmation."
"dashboard/.next/server/app/_global-error/page_client-reference-manifest.js","deleted","generated|stale","Generated/cache/build output; safe only after owner review and regeneration path confirmation."
"dashboard/.next/server/app/_global-error/page.js","deleted","generated|stale","Generated/cache/build output; safe only after owner review and regeneration path confirmation."
"dashboard/.next/server/app/_global-error/page.js.map","deleted","duplicate|generated|stale","Generated/cache/build output; safe only after owner review and regeneration path confirmation."
"dashboard/.next/server/app/_global-error/page.js.nft.json","deleted","generated|stale","Generated/cache/build output; safe only after owner review and regeneration path confirmation."
"dashboard/.next/server/app/_global-error/page/app-paths-manifest.json","deleted","generated|stale","Generated/cache/build output; safe only after owner review and regeneration path confirmation."
"dashboard/.next/server/app/_global-error/page/build-manifest.json","deleted","duplicate|generated|stale","Generated/cache/build output; safe only after owner review and regeneration path confirmation."
"dashboard/.next/server/app/_global-error/page/next-font-manifest.json","deleted","generated|stale","Generated/cache/build output; safe only after owner review and regeneration path confirmation."
"dashboard/.next/server/app/_global-error/page/react-loadable-manifest.json","deleted","duplicate|generated|stale","Generated/cache/build output; safe only after owner review and regeneration path confirmation."
"dashboard/.next/server/app/_global-error/page/server-reference-manifest.json","deleted","duplicate|generated|stale","Generated/cache/build output; safe only after owner review and regeneration path confirmation."
"dashboard/.next/server/app/_not-found.html","deleted","duplicate|generated|stale","Generated/cache/build output; safe only after owner review and regeneration path confirmation."
"dashboard/.next/server/app/_not-found.meta","deleted","generated|stale","Generated/cache/build output; safe only after owner review and regeneration path confirmation."
"dashboard/.next/server/app/_not-found.rsc","deleted","duplicate|generated|stale","Generated/cache/build output; safe only after owner review and regeneration path confirmation."
"dashboard/.next/server/app/_not-found.segments/_full.segment.rsc","deleted","duplicate|generated|stale","Generated/cache/build output; safe only after owner review and regeneration path confirmation."
"dashboard/.next/server/app/_not-found.segments/_head.segment.rsc","deleted","generated|stale","Generated/cache/build output; safe only after owner review and regeneration path confirmation."
"dashboard/.next/server/app/_not-found.segments/_index.segment.rsc","deleted","duplicate|generated|stale","Generated/cache/build output; safe only after owner review and regeneration path confirmation."
"dashboard/.next/server/app/_not-found.segments/_not-found.segment.rsc","deleted","duplicate|generated|stale","Generated/cache/build output; safe only after owner review and regeneration path confirmation."
"dashboard/.next/server/app/_not-found.segments/_not-found/__PAGE__.segment.rsc","deleted","generated|stale","Generated/cache/build output; safe only after owner review and regeneration path confirmation."
"dashboard/.next/server/app/_not-found.segments/_tree.segment.rsc","deleted","generated|stale","Generated/cache/build output; safe only after owner review and regeneration path confirmation."
"dashboard/.next/server/app/_not-found/page_client-reference-manifest.js","deleted","generated|stale","Generated/cache/build output; safe only after owner review and regeneration path confirmation."
"dashboard/.next/server/app/_not-found/page.js","deleted","generated|stale","Generated/cache/build output; safe only after owner review and regeneration path confirmation."
"dashboard/.next/server/app/_not-found/page.js.map","deleted","duplicate|generated|stale","Generated/cache/build output; safe only after owner review and regeneration path confirmation."
"dashboard/.next/server/app/_not-found/page.js.nft.json","deleted","generated|stale","Generated/cache/build output; safe only after owner review and regeneration path confirmation."
"dashboard/.next/server/app/_not-found/page/app-paths-manifest.json","deleted","generated|stale","Generated/cache/build output; safe only after owner review and regeneration path confirmation."
"dashboard/.next/server/app/_not-found/page/build-manifest.json","deleted","duplicate|generated|stale","Generated/cache/build output; safe only after owner review and regeneration path confirmation."
"dashboard/.next/server/app/_not-found/page/next-font-manifest.json","deleted","generated|stale","Generated/cache/build output; safe only after owner review and regeneration path confirmation."
"dashboard/.next/server/app/_not-found/page/react-loadable-manifest.json","deleted","duplicate|generated|stale","Generated/cache/build output; safe only after owner review and regeneration path confirmation."
"dashboard/.next/server/app/_not-found/page/server-reference-manifest.json","deleted","duplicate|generated|stale","Generated/cache/build output; safe only after owner review and regeneration path confirmation."
"dashboard/.next/server/app/[lang]/compare/page_client-reference-manifest.js","deleted","generated|stale","Generated/cache/build output; safe only after owner review and regeneration path confirmation."
"dashboard/.next/server/app/[lang]/compare/page.js","deleted","generated|stale","Generated/cache/build output; safe only after owner review and regeneration path confirmation."
"dashboard/.next/server/app/[lang]/compare/page.js.map","deleted","duplicate|generated|stale","Generated/cache/build output; safe only after owner review and regeneration path confirmation."
"dashboard/.next/server/app/[lang]/compare/page.js.nft.json","deleted","generated|stale","Generated/cache/build output; safe only after owner review and regeneration path confirmation."
"dashboard/.next/server/app/[lang]/compare/page/app-paths-manifest.json","deleted","generated|stale","Generated/cache/build output; safe only after owner review and regeneration path confirmation."
"dashboard/.next/server/app/[lang]/compare/page/build-manifest.json","deleted","duplicate|generated|stale","Generated/cache/build output; safe only after owner review and regeneration path confirmation."
"dashboard/.next/server/app/[lang]/compare/page/next-font-manifest.json","deleted","generated|stale","Generated/cache/build output; safe only after owner review and regeneration path confirmation."
"dashboard/.next/server/app/[lang]/compare/page/react-loadable-manifest.json","deleted","duplicate|generated|stale","Generated/cache/build output; safe only after owner review and regeneration path confirmation."
"dashboard/.next/server/app/[lang]/compare/page/server-reference-manifest.json","deleted","duplicate|generated|stale","Generated/cache/build output; safe only after owner review and regeneration path confirmation."
"dashboard/.next/server/app/[lang]/dashboard/benchmark/page_client-reference-manifest.js","deleted","generated|stale","Generated/cache/build output; safe only after owner review and regeneration path confirmation."
"dashboard/.next/server/app/[lang]/dashboard/benchmark/page.js","deleted","generated|stale","Generated/cache/build output; safe only after owner review and regeneration path confirmation."
"dashboard/.next/server/app/[lang]/dashboard/benchmark/page.js.map","deleted","duplicate|generated|stale","Generated/cache/build output; safe only after owner review and regeneration path confirmation."
"dashboard/.next/server/app/[lang]/dashboard/benchmark/page.js.nft.json","deleted","generated|stale","Generated/cache/build output; safe only after owner review and regeneration path confirmation."
"dashboard/.next/server/app/[lang]/dashboard/benchmark/page/app-paths-manifest.json","deleted","generated|stale","Generated/cache/build output; safe only after owner review and regeneration path confirmation."
"dashboard/.next/server/app/[lang]/dashboard/benchmark/page/build-manifest.json","deleted","duplicate|generated|stale","Generated/cache/build output; safe only after owner review and regeneration path confirmation."
"dashboard/.next/server/app/[lang]/dashboard/benchmark/page/next-font-manifest.json","deleted","generated|stale","Generated/cache/build output; safe only after owner review and regeneration path confirmation."
"dashboard/.next/server/app/[lang]/dashboard/benchmark/page/react-loadable-manifest.json","deleted","generated|stale","Generated/cache/build output; safe only after owner review and regeneration path confirmation."
"dashboard/.next/server/app/[lang]/dashboard/benchmark/page/server-reference-manifest.json","deleted","duplicate|generated|stale","Generated/cache/build output; safe only after owner review and regeneration path confirmation."
"dashboard/.next/server/app/[lang]/dashboard/log/page_client-reference-manifest.js","deleted","generated|stale","Generated/cache/build output; safe only after owner review and regeneration path confirmation."
"dashboard/.next/server/app/[lang]/dashboard/log/page.js","deleted","generated|stale","Generated/cache/build output; safe only after owner review and regeneration path confirmation."
"dashboard/.next/server/app/[lang]/dashboard/log/page.js.map","deleted","duplicate|generated|stale","Generated/cache/build output; safe only after owner review and regeneration path confirmation."
"dashboard/.next/server/app/[lang]/dashboard/log/page.js.nft.json","deleted","generated|stale","Generated/cache/build output; safe only after owner review and regeneration path confirmation."
"dashboard/.next/server/app/[lang]/dashboard/log/page/app-paths-manifest.json","deleted","generated|stale","Generated/cache/build output; safe only after owner review and regeneration path confirmation."
"dashboard/.next/server/app/[lang]/dashboard/log/page/build-manifest.json","deleted","duplicate|generated|stale","Generated/cache/build output; safe only after owner review and regeneration path confirmation."
"dashboard/.next/server/app/[lang]/dashboard/log/page/next-font-manifest.json","deleted","generated|stale","Generated/cache/build output; safe only after owner review and regeneration path confirmation."
"dashboard/.next/server/app/[lang]/dashboard/log/page/react-loadable-manifest.json","deleted","duplicate|generated|stale","Generated/cache/build output; safe only after owner review and regeneration path confirmation."
"dashboard/.next/server/app/[lang]/dashboard/log/page/server-reference-manifest.json","deleted","duplicate|generated|stale","Generated/cache/build output; safe only after owner review and regeneration path confirmation."
"dashboard/.next/server/app/[lang]/dashboard/page_client-reference-manifest.js","deleted","generated|stale","Generated/cache/build output; safe only after owner review and regeneration path confirmation."
"dashboard/.next/server/app/[lang]/dashboard/page.js","deleted","generated|stale","Generated/cache/build output; safe only after owner review and regeneration path confirmation."
"dashboard/.next/server/app/[lang]/dashboard/page.js.map","deleted","duplicate|generated|stale","Generated/cache/build output; safe only after owner review and regeneration path confirmation."
"dashboard/.next/server/app/[lang]/dashboard/page.js.nft.json","deleted","generated|stale","Generated/cache/build output; safe only after owner review and regeneration path confirmation."
"dashboard/.next/server/app/[lang]/dashboard/page/app-paths-manifest.json","deleted","generated|stale","Generated/cache/build output; safe only after owner review and regeneration path confirmation."
"dashboard/.next/server/app/[lang]/dashboard/page/build-manifest.json","deleted","duplicate|generated|stale","Generated/cache/build output; safe only after owner review and regeneration path confirmation."
"dashboard/.next/server/app/[lang]/dashboard/page/next-font-manifest.json","deleted","generated|stale","Generated/cache/build output; safe only after owner review and regeneration path confirmation."
"dashboard/.next/server/app/[lang]/dashboard/page/react-loadable-manifest.json","deleted","duplicate|generated|stale","Generated/cache/build output; safe only after owner review and regeneration path confirmation."
"dashboard/.next/server/app/[lang]/dashboard/page/server-reference-manifest.json","deleted","duplicate|generated|stale","Generated/cache/build output; safe only after owner review and regeneration path confirmation."
"dashboard/.next/server/app/[lang]/dashboard/roadmap/page_client-reference-manifest.js","deleted","generated|stale","Generated/cache/build output; safe only after owner review and regeneration path confirmation."
"dashboard/.next/server/app/[lang]/dashboard/roadmap/page.js","deleted","generated|stale","Generated/cache/build output; safe only after owner review and regeneration path confirmation."
"dashboard/.next/server/app/[lang]/dashboard/roadmap/page.js.map","deleted","duplicate|generated|stale","Generated/cache/build output; safe only after owner review and regeneration path confirmation."
"dashboard/.next/server/app/[lang]/dashboard/roadmap/page.js.nft.json","deleted","generated|stale","Generated/cache/build output; safe only after owner review and regeneration path confirmation."
"dashboard/.next/server/app/[lang]/dashboard/roadmap/page/app-paths-manifest.json","deleted","generated|stale","Generated/cache/build output; safe only after owner review and regeneration path confirmation."
"dashboard/.next/server/app/[lang]/dashboard/roadmap/page/build-manifest.json","deleted","duplicate|generated|stale","Generated/cache/build output; safe only after owner review and regeneration path confirmation."
"dashboard/.next/server/app/[lang]/dashboard/roadmap/page/next-font-manifest.json","deleted","generated|stale","Generated/cache/build output; safe only after owner review and regeneration path confirmation."
"dashboard/.next/server/app/[lang]/dashboard/roadmap/page/react-loadable-manifest.json","deleted","duplicate|generated|stale","Generated/cache/build output; safe only after owner review and regeneration path confirmation."
"dashboard/.next/server/app/[lang]/dashboard/roadmap/page/server-reference-manifest.json","deleted","duplicate|generated|stale","Generated/cache/build output; safe only after owner review and regeneration path confirmation."
"dashboard/.next/server/app/[lang]/dashboard/scientific-log/page_client-reference-manifest.js","deleted","generated|stale","Generated/cache/build output; safe only after owner review and regeneration path confirmation."
"dashboard/.next/server/app/[lang]/dashboard/scientific-log/page.js","deleted","generated|stale","Generated/cache/build output; safe only after owner review and regeneration path confirmation."
"dashboard/.next/server/app/[lang]/dashboard/scientific-log/page.js.map","deleted","duplicate|generated|stale","Generated/cache/build output; safe only after owner review and regeneration path confirmation."
"dashboard/.next/server/app/[lang]/dashboard/scientific-log/page.js.nft.json","deleted","generated|stale","Generated/cache/build output; safe only after owner review and regeneration path confirmation."
"dashboard/.next/server/app/[lang]/dashboard/scientific-log/page/app-paths-manifest.json","deleted","generated|stale","Generated/cache/build output; safe only after owner review and regeneration path confirmation."
"dashboard/.next/server/app/[lang]/dashboard/scientific-log/page/build-manifest.json","deleted","duplicate|generated|stale","Generated/cache/build output; safe only after owner review and regeneration path confirmation."
"dashboard/.next/server/app/[lang]/dashboard/scientific-log/page/next-font-manifest.json","deleted","generated|stale","Generated/cache/build output; safe only after owner review and regeneration path confirmation."
"dashboard/.next/server/app/[lang]/dashboard/scientific-log/page/react-loadable-manifest.json","deleted","duplicate|generated|stale","Generated/cache/build output; safe only after owner review and regeneration path confirmation."
"dashboard/.next/server/app/[lang]/dashboard/scientific-log/page/server-reference-manifest.json","deleted","duplicate|generated|stale","Generated/cache/build output; safe only after owner review and regeneration path confirmation."
"dashboard/.next/server/app/[lang]/dashboard/timeline/page_client-reference-manifest.js","deleted","generated|stale","Generated/cache/build output; safe only after owner review and regeneration path confirmation."
"dashboard/.next/server/app/[lang]/dashboard/timeline/page.js","deleted","generated|stale","Generated/cache/build output; safe only after owner review and regeneration path confirmation."
"dashboard/.next/server/app/[lang]/dashboard/timeline/page.js.map","deleted","duplicate|generated|stale","Generated/cache/build output; safe only after owner review and regeneration path confirmation."
"dashboard/.next/server/app/[lang]/dashboard/timeline/page.js.nft.json","deleted","generated|stale","Generated/cache/build output; safe only after owner review and regeneration path confirmation."
"dashboard/.next/server/app/[lang]/dashboard/timeline/page/app-paths-manifest.json","deleted","generated|stale","Generated/cache/build output; safe only after owner review and regeneration path confirmation."
"dashboard/.next/server/app/[lang]/dashboard/timeline/page/build-manifest.json","deleted","duplicate|generated|stale","Generated/cache/build output; safe only after owner review and regeneration path confirmation."
"dashboard/.next/server/app/[lang]/dashboard/timeline/page/next-font-manifest.json","deleted","generated|stale","Generated/cache/build output; safe only after owner review and regeneration path confirmation."
"dashboard/.next/server/app/[lang]/dashboard/timeline/page/react-loadable-manifest.json","deleted","duplicate|generated|stale","Generated/cache/build output; safe only after owner review and regeneration path confirmation."
"dashboard/.next/server/app/[lang]/dashboard/timeline/page/server-reference-manifest.json","deleted","duplicate|generated|stale","Generated/cache/build output; safe only after owner review and regeneration path confirmation."
"dashboard/.next/server/app/[lang]/discoveries/page_client-reference-manifest.js","deleted","generated|stale","Generated/cache/build output; safe only after owner review and regeneration path confirmation."
"dashboard/.next/server/app/[lang]/discoveries/page.js","deleted","generated|stale","Generated/cache/build output; safe only after owner review and regeneration path confirmation."
"dashboard/.next/server/app/[lang]/discoveries/page.js.map","deleted","duplicate|generated|stale","Generated/cache/build output; safe only after owner review and regeneration path confirmation."
"dashboard/.next/server/app/[lang]/discoveries/page.js.nft.json","deleted","generated|stale","Generated/cache/build output; safe only after owner review and regeneration path confirmation."
"dashboard/.next/server/app/[lang]/discoveries/page/app-paths-manifest.json","deleted","generated|stale","Generated/cache/build output; safe only after owner review and regeneration path confirmation."
"dashboard/.next/server/app/[lang]/discoveries/page/build-manifest.json","deleted","duplicate|generated|stale","Generated/cache/build output; safe only after owner review and regeneration path confirmation."
"dashboard/.next/server/app/[lang]/discoveries/page/next-font-manifest.json","deleted","generated|stale","Generated/cache/build output; safe only after owner review and regeneration path confirmation."
"dashboard/.next/server/app/[lang]/discoveries/page/react-loadable-manifest.json","deleted","duplicate|generated|stale","Generated/cache/build output; safe only after owner review and regeneration path confirmation."
"dashboard/.next/server/app/[lang]/discoveries/page/server-reference-manifest.json","deleted","duplicate|generated|stale","Generated/cache/build output; safe only after owner review and regeneration path confirmation."
"dashboard/.next/server/app/[lang]/interactive/page_client-reference-manifest.js","deleted","generated|stale","Generated/cache/build output; safe only after owner review and regeneration path confirmation."
"dashboard/.next/server/app/[lang]/interactive/page.js","deleted","generated|stale","Generated/cache/build output; safe only after owner review and regeneration path confirmation."
"dashboard/.next/server/app/[lang]/interactive/page.js.map","deleted","duplicate|generated|stale","Generated/cache/build output; safe only after owner review and regeneration path confirmation."
"dashboard/.next/server/app/[lang]/interactive/page.js.nft.json","deleted","generated|stale","Generated/cache/build output; safe only after owner review and regeneration path confirmation."
"dashboard/.next/server/app/[lang]/interactive/page/app-paths-manifest.json","deleted","generated|stale","Generated/cache/build output; safe only after owner review and regeneration path confirmation."
"dashboard/.next/server/app/[lang]/interactive/page/build-manifest.json","deleted","duplicate|generated|stale","Generated/cache/build output; safe only after owner review and regeneration path confirmation."
"dashboard/.next/server/app/[lang]/interactive/page/next-font-manifest.json","deleted","generated|stale","Generated/cache/build output; safe only after owner review and regeneration path confirmation."
"dashboard/.next/server/app/[lang]/interactive/page/react-loadable-manifest.json","deleted","duplicate|generated|stale","Generated/cache/build output; safe only after owner review and regeneration path confirmation."
"dashboard/.next/server/app/[lang]/interactive/page/server-reference-manifest.json","deleted","duplicate|generated|stale","Generated/cache/build output; safe only after owner review and regeneration path confirmation."
"dashboard/.next/server/app/[lang]/learn/page_client-reference-manifest.js","deleted","generated|stale","Generated/cache/build output; safe only after owner review and regeneration path confirmation."
"dashboard/.next/server/app/[lang]/learn/page.js","deleted","generated|stale","Generated/cache/build output; safe only after owner review and regeneration path confirmation."
"dashboard/.next/server/app/[lang]/learn/page.js.map","deleted","duplicate|generated|stale","Generated/cache/build output; safe only after owner review and regeneration path confirmation."
"dashboard/.next/server/app/[lang]/learn/page.js.nft.json","deleted","generated|stale","Generated/cache/build output; safe only after owner review and regeneration path confirmation."
"dashboard/.next/server/app/[lang]/learn/page/app-paths-manifest.json","deleted","generated|stale","Generated/cache/build output; safe only after owner review and regeneration path confirmation."
"dashboard/.next/server/app/[lang]/learn/page/build-manifest.json","deleted","duplicate|generated|stale","Generated/cache/build output; safe only after owner review and regeneration path confirmation."
"dashboard/.next/server/app/[lang]/learn/page/next-font-manifest.json","deleted","generated|stale","Generated/cache/build output; safe only after owner review and regeneration path confirmation."
"dashboard/.next/server/app/[lang]/learn/page/react-loadable-manifest.json","deleted","duplicate|generated|stale","Generated/cache/build output; safe only after owner review and regeneration path confirmation."
"dashboard/.next/server/app/[lang]/learn/page/server-reference-manifest.json","deleted","duplicate|generated|stale","Generated/cache/build output; safe only after owner review and regeneration path confirmation."
"dashboard/.next/server/app/[lang]/mathematics/page_client-reference-manifest.js","deleted","generated|stale","Generated/cache/build output; safe only after owner review and regeneration path confirmation."
"dashboard/.next/server/app/[lang]/mathematics/page.js","deleted","generated|stale","Generated/cache/build output; safe only after owner review and regeneration path confirmation."
"dashboard/.next/server/app/[lang]/mathematics/page.js.map","deleted","duplicate|generated|stale","Generated/cache/build output; safe only after owner review and regeneration path confirmation."
"dashboard/.next/server/app/[lang]/mathematics/page.js.nft.json","deleted","generated|stale","Generated/cache/build output; safe only after owner review and regeneration path confirmation."
"dashboard/.next/server/app/[lang]/mathematics/page/app-paths-manifest.json","deleted","generated|stale","Generated/cache/build output; safe only after owner review and regeneration path confirmation."
"dashboard/.next/server/app/[lang]/mathematics/page/build-manifest.json","deleted","duplicate|generated|stale","Generated/cache/build output; safe only after owner review and regeneration path confirmation."
"dashboard/.next/server/app/[lang]/mathematics/page/next-font-manifest.json","deleted","generated|stale","Generated/cache/build output; safe only after owner review and regeneration path confirmation."
"dashboard/.next/server/app/[lang]/mathematics/page/react-loadable-manifest.json","deleted","duplicate|generated|stale","Generated/cache/build output; safe only after owner review and regeneration path confirmation."
"dashboard/.next/server/app/[lang]/mathematics/page/server-reference-manifest.json","deleted","duplicate|generated|stale","Generated/cache/build output; safe only after owner review and regeneration path confirmation."
"dashboard/.next/server/app/[lang]/physics/page_client-reference-manifest.js","deleted","generated|stale","Generated/cache/build output; safe only after owner review and regeneration path confirmation."
"dashboard/.next/server/app/[lang]/physics/page.js","deleted","generated|stale","Generated/cache/build output; safe only after owner review and regeneration path confirmation."
"dashboard/.next/server/app/[lang]/physics/page.js.map","deleted","duplicate|generated|stale","Generated/cache/build output; safe only after owner review and regeneration path confirmation."
"dashboard/.next/server/app/[lang]/physics/page.js.nft.json","deleted","generated|stale","Generated/cache/build output; safe only after owner review and regeneration path confirmation."
"dashboard/.next/server/app/[lang]/physics/page/app-paths-manifest.json","deleted","generated|stale","Generated/cache/build output; safe only after owner review and regeneration path confirmation."
"dashboard/.next/server/app/[lang]/physics/page/build-manifest.json","deleted","duplicate|generated|stale","Generated/cache/build output; safe only after owner review and regeneration path confirmation."
"dashboard/.next/server/app/[lang]/physics/page/next-font-manifest.json","deleted","generated|stale","Generated/cache/build output; safe only after owner review and regeneration path confirmation."
"dashboard/.next/server/app/[lang]/physics/page/react-loadable-manifest.json","deleted","duplicate|generated|stale","Generated/cache/build output; safe only after owner review and regeneration path confirmation."
"dashboard/.next/server/app/[lang]/physics/page/server-reference-manifest.json","deleted","duplicate|generated|stale","Generated/cache/build output; safe only after owner review and regeneration path confirmation."
"dashboard/.next/server/app/[lang]/quantum/page_client-reference-manifest.js","deleted","generated|stale","Generated/cache/build output; safe only after owner review and regeneration path confirmation."
"dashboard/.next/server/app/[lang]/quantum/page.js","deleted","generated|stale","Generated/cache/build output; safe only after owner review and regeneration path confirmation."
"dashboard/.next/server/app/[lang]/quantum/page.js.map","deleted","duplicate|generated|stale","Generated/cache/build output; safe only after owner review and regeneration path confirmation."
"dashboard/.next/server/app/[lang]/quantum/page.js.nft.json","deleted","generated|stale","Generated/cache/build output; safe only after owner review and regeneration path confirmation."
"dashboard/.next/server/app/[lang]/quantum/page/app-paths-manifest.json","deleted","generated|stale","Generated/cache/build output; safe only after owner review and regeneration path confirmation."
"dashboard/.next/server/app/[lang]/quantum/page/build-manifest.json","deleted","duplicate|generated|stale","Generated/cache/build output; safe only after owner review and regeneration path confirmation."
"dashboard/.next/server/app/[lang]/quantum/page/next-font-manifest.json","deleted","generated|stale","Generated/cache/build output; safe only after owner review and regeneration path confirmation."
"dashboard/.next/server/app/[lang]/quantum/page/react-loadable-manifest.json","deleted","duplicate|generated|stale","Generated/cache/build output; safe only after owner review and regeneration path confirmation."
"dashboard/.next/server/app/[lang]/quantum/page/server-reference-manifest.json","deleted","duplicate|generated|stale","Generated/cache/build output; safe only after owner review and regeneration path confirmation."
"dashboard/.next/server/app/[lang]/satellite/page_client-reference-manifest.js","deleted","generated|stale","Generated/cache/build output; safe only after owner review and regeneration path confirmation."
"dashboard/.next/server/app/[lang]/satellite/page.js","deleted","generated|stale","Generated/cache/build output; safe only after owner review and regeneration path confirmation."
"dashboard/.next/server/app/[lang]/satellite/page.js.map","deleted","duplicate|generated|stale","Generated/cache/build output; safe only after owner review and regeneration path confirmation."
"dashboard/.next/server/app/[lang]/satellite/page.js.nft.json","deleted","generated|stale","Generated/cache/build output; safe only after owner review and regeneration path confirmation."
"dashboard/.next/server/app/[lang]/satellite/page/app-paths-manifest.json","deleted","duplicate|generated|stale","Generated/cache/build output; safe only after owner review and regeneration path confirmation."
"dashboard/.next/server/app/[lang]/satellite/page/build-manifest.json","deleted","duplicate|generated|stale","Generated/cache/build output; safe only after owner review and regeneration path confirmation."
"dashboard/.next/server/app/[lang]/satellite/page/next-font-manifest.json","deleted","duplicate|generated|stale","Generated/cache/build output; safe only after owner review and regeneration path confirmation."
"dashboard/.next/server/app/[lang]/satellite/page/react-loadable-manifest.json","deleted","duplicate|generated|stale","Generated/cache/build output; safe only after owner review and regeneration path confirmation."
"dashboard/.next/server/app/[lang]/satellite/page/server-reference-manifest.json","deleted","duplicate|generated|stale","Generated/cache/build output; safe only after owner review and regeneration path confirmation."
"dashboard/.next/server/app/discoveries.html","deleted","generated|stale","Generated/cache/build output; safe only after owner review and regeneration path confirmation."
"dashboard/.next/server/app/discoveries.meta","deleted","generated|stale","Generated/cache/build output; safe only after owner review and regeneration path confirmation."
"dashboard/.next/server/app/discoveries.rsc","deleted","duplicate|generated|stale","Generated/cache/build output; safe only after owner review and regeneration path confirmation."
"dashboard/.next/server/app/discoveries.segments/_full.segment.rsc","deleted","duplicate|generated|stale","Generated/cache/build output; safe only after owner review and regeneration path confirmation."
"dashboard/.next/server/app/discoveries.segments/_head.segment.rsc","deleted","duplicate|generated|stale","Generated/cache/build output; safe only after owner review and regeneration path confirmation."
"dashboard/.next/server/app/discoveries.segments/_index.segment.rsc","deleted","duplicate|generated|stale","Generated/cache/build output; safe only after owner review and regeneration path confirmation."
"dashboard/.next/server/app/discoveries.segments/_tree.segment.rsc","deleted","generated|stale","Generated/cache/build output; safe only after owner review and regeneration path confirmation."
"dashboard/.next/server/app/discoveries.segments/discoveries.segment.rsc","deleted","duplicate|generated|stale","Generated/cache/build output; safe only after owner review and regeneration path confirmation."
"dashboard/.next/server/app/discoveries.segments/discoveries/__PAGE__.segment.rsc","deleted","generated|stale","Generated/cache/build output; safe only after owner review and regeneration path confirmation."
"dashboard/.next/server/app/discoveries/page_client-reference-manifest.js","deleted","generated|stale","Generated/cache/build output; safe only after owner review and regeneration path confirmation."
"dashboard/.next/server/app/discoveries/page.js","deleted","generated|stale","Generated/cache/build output; safe only after owner review and regeneration path confirmation."
"dashboard/.next/server/app/discoveries/page.js.map","deleted","duplicate|generated|stale","Generated/cache/build output; safe only after owner review and regeneration path confirmation."
"dashboard/.next/server/app/discoveries/page.js.nft.json","deleted","generated|stale","Generated/cache/build output; safe only after owner review and regeneration path confirmation."
"dashboard/.next/server/app/discoveries/page/app-paths-manifest.json","deleted","generated|stale","Generated/cache/build output; safe only after owner review and regeneration path confirmation."
"dashboard/.next/server/app/discoveries/page/build-manifest.json","deleted","duplicate|generated|stale","Generated/cache/build output; safe only after owner review and regeneration path confirmation."
"dashboard/.next/server/app/discoveries/page/next-font-manifest.json","deleted","generated|stale","Generated/cache/build output; safe only after owner review and regeneration path confirmation."
"dashboard/.next/server/app/discoveries/page/react-loadable-manifest.json","deleted","duplicate|generated|stale","Generated/cache/build output; safe only after owner review and regeneration path confirmation."
"dashboard/.next/server/app/discoveries/page/server-reference-manifest.json","deleted","duplicate|generated|stale","Generated/cache/build output; safe only after owner review and regeneration path confirmation."
"dashboard/.next/server/app/en/compare.html","deleted","generated|stale","Generated/cache/build output; safe only after owner review and regeneration path confirmation."
"dashboard/.next/server/app/en/compare.meta","deleted","generated|stale","Generated/cache/build output; safe only after owner review and regeneration path confirmation."
"dashboard/.next/server/app/en/compare.rsc","deleted","duplicate|generated|stale","Generated/cache/build output; safe only after owner review and regeneration path confirmation."
"dashboard/.next/server/app/en/compare.segments/_full.segment.rsc","deleted","duplicate|generated|stale","Generated/cache/build output; safe only after owner review and regeneration path confirmation."
"dashboard/.next/server/app/en/compare.segments/_head.segment.rsc","deleted","duplicate|generated|stale","Generated/cache/build output; safe only after owner review and regeneration path confirmation."
"dashboard/.next/server/app/en/compare.segments/_index.segment.rsc","deleted","duplicate|generated|stale","Generated/cache/build output; safe only after owner review and regeneration path confirmation."
"dashboard/.next/server/app/en/compare.segments/_tree.segment.rsc","deleted","generated|stale","Generated/cache/build output; safe only after owner review and regeneration path confirmation."
"dashboard/.next/server/app/en/compare.segments/$d$lang.segment.rsc","deleted","duplicate|generated|stale","Generated/cache/build output; safe only after owner review and regeneration path confirmation."
"dashboard/.next/server/app/en/compare.segments/$d$lang/compare.segment.rsc","deleted","duplicate|generated|stale","Generated/cache/build output; safe only after owner review and regeneration path confirmation."
"dashboard/.next/server/app/en/compare.segments/$d$lang/compare/__PAGE__.segment.rsc","deleted","generated|stale","Generated/cache/build output; safe only after owner review and regeneration path confirmation."
"dashboard/.next/server/app/en/dashboard.html","deleted","generated|stale","Generated/cache/build output; safe only after owner review and regeneration path confirmation."
"dashboard/.next/server/app/en/dashboard.meta","deleted","generated|stale","Generated/cache/build output; safe only after owner review and regeneration path confirmation."
"dashboard/.next/server/app/en/dashboard.rsc","deleted","duplicate|generated|stale","Generated/cache/build output; safe only after owner review and regeneration path confirmation."
"dashboard/.next/server/app/en/dashboard.segments/_full.segment.rsc","deleted","duplicate|generated|stale","Generated/cache/build output; safe only after owner review and regeneration path confirmation."
"dashboard/.next/server/app/en/dashboard.segments/_head.segment.rsc","deleted","duplicate|generated|stale","Generated/cache/build output; safe only after owner review and regeneration path confirmation."
"dashboard/.next/server/app/en/dashboard.segments/_index.segment.rsc","deleted","duplicate|generated|stale","Generated/cache/build output; safe only after owner review and regeneration path confirmation."
"dashboard/.next/server/app/en/dashboard.segments/_tree.segment.rsc","deleted","generated|stale","Generated/cache/build output; safe only after owner review and regeneration path confirmation."
"dashboard/.next/server/app/en/dashboard.segments/$d$lang.segment.rsc","deleted","duplicate|generated|stale","Generated/cache/build output; safe only after owner review and regeneration path confirmation."
"dashboard/.next/server/app/en/dashboard.segments/$d$lang/dashboard.segment.rsc","deleted","duplicate|generated|stale","Generated/cache/build output; safe only after owner review and regeneration path confirmation."
"dashboard/.next/server/app/en/dashboard.segments/$d$lang/dashboard/__PAGE__.segment.rsc","deleted","generated|stale","Generated/cache/build output; safe only after owner review and regeneration path confirmation."
"dashboard/.next/server/app/en/dashboard/benchmark.html","deleted","generated|stale","Generated/cache/build output; safe only after owner review and regeneration path confirmation."
"dashboard/.next/server/app/en/dashboard/benchmark.meta","deleted","generated|stale","Generated/cache/build output; safe only after owner review and regeneration path confirmation."
"dashboard/.next/server/app/en/dashboard/benchmark.rsc","deleted","duplicate|generated|stale","Generated/cache/build output; safe only after owner review and regeneration path confirmation."
"dashboard/.next/server/app/en/dashboard/benchmark.segments/_full.segment.rsc","deleted","duplicate|generated|stale","Generated/cache/build output; safe only after owner review and regeneration path confirmation."
"dashboard/.next/server/app/en/dashboard/benchmark.segments/_head.segment.rsc","deleted","duplicate|generated|stale","Generated/cache/build output; safe only after owner review and regeneration path confirmation."
"dashboard/.next/server/app/en/dashboard/benchmark.segments/_index.segment.rsc","deleted","duplicate|generated|stale","Generated/cache/build output; safe only after owner review and regeneration path confirmation."
"dashboard/.next/server/app/en/dashboard/benchmark.segments/_tree.segment.rsc","deleted","generated|stale","Generated/cache/build output; safe only after owner review and regeneration path confirmation."
"dashboard/.next/server/app/en/dashboard/benchmark.segments/$d$lang.segment.rsc","deleted","duplicate|generated|stale","Generated/cache/build output; safe only after owner review and regeneration path confirmation."
"dashboard/.next/server/app/en/dashboard/benchmark.segments/$d$lang/dashboard.segment.rsc","deleted","duplicate|generated|stale","Generated/cache/build output; safe only after owner review and regeneration path confirmation."
"dashboard/.next/server/app/en/dashboard/benchmark.segments/$d$lang/dashboard/benchmark.segment.rsc","deleted","duplicate|generated|stale","Generated/cache/build output; safe only after owner review and regeneration path confirmation."
"dashboard/.next/server/app/en/dashboard/benchmark.segments/$d$lang/dashboard/benchmark/__PAGE__.segment.rsc","deleted","generated|stale","Generated/cache/build output; safe only after owner review and regeneration path confirmation."
"dashboard/.next/server/app/en/dashboard/log.html","deleted","generated|stale","Generated/cache/build output; safe only after owner review and regeneration path confirmation."
"dashboard/.next/server/app/en/dashboard/log.meta","deleted","generated|stale","Generated/cache/build output; safe only after owner review and regeneration path confirmation."
"dashboard/.next/server/app/en/dashboard/log.rsc","deleted","duplicate|generated|stale","Generated/cache/build output; safe only after owner review and regeneration path confirmation."
"dashboard/.next/server/app/en/dashboard/log.segments/_full.segment.rsc","deleted","duplicate|generated|stale","Generated/cache/build output; safe only after owner review and regeneration path confirmation."
"dashboard/.next/server/app/en/dashboard/log.segments/_head.segment.rsc","deleted","duplicate|generated|stale","Generated/cache/build output; safe only after owner review and regeneration path confirmation."
"dashboard/.next/server/app/en/dashboard/log.segments/_index.segment.rsc","deleted","duplicate|generated|stale","Generated/cache/build output; safe only after owner review and regeneration path confirmation."
"dashboard/.next/server/app/en/dashboard/log.segments/_tree.segment.rsc","deleted","generated|stale","Generated/cache/build output; safe only after owner review and regeneration path confirmation."
"dashboard/.next/server/app/en/dashboard/log.segments/$d$lang.segment.rsc","deleted","duplicate|generated|stale","Generated/cache/build output; safe only after owner review and regeneration path confirmation."
"dashboard/.next/server/app/en/dashboard/log.segments/$d$lang/dashboard.segment.rsc","deleted","duplicate|generated|stale","Generated/cache/build output; safe only after owner review and regeneration path confirmation."
"dashboard/.next/server/app/en/dashboard/log.segments/$d$lang/dashboard/log.segment.rsc","deleted","duplicate|generated|stale","Generated/cache/build output; safe only after owner review and regeneration path confirmation."
"dashboard/.next/server/app/en/dashboard/log.segments/$d$lang/dashboard/log/__PAGE__.segment.rsc","deleted","generated|stale","Generated/cache/build output; safe only after owner review and regeneration path confirmation."
"dashboard/.next/server/app/en/dashboard/roadmap.html","deleted","generated|stale","Generated/cache/build output; safe only after owner review and regeneration path confirmation."
"dashboard/.next/server/app/en/dashboard/roadmap.meta","deleted","generated|stale","Generated/cache/build output; safe only after owner review and regeneration path confirmation."
"dashboard/.next/server/app/en/dashboard/roadmap.rsc","deleted","duplicate|generated|stale","Generated/cache/build output; safe only after owner review and regeneration path confirmation."
"dashboard/.next/server/app/en/dashboard/roadmap.segments/_full.segment.rsc","deleted","duplicate|generated|stale","Generated/cache/build output; safe only after owner review and regeneration path confirmation."
"dashboard/.next/server/app/en/dashboard/roadmap.segments/_head.segment.rsc","deleted","duplicate|generated|stale","Generated/cache/build output; safe only after owner review and regeneration path confirmation."
"dashboard/.next/server/app/en/dashboard/roadmap.segments/_index.segment.rsc","deleted","duplicate|generated|stale","Generated/cache/build output; safe only after owner review and regeneration path confirmation."
"dashboard/.next/server/app/en/dashboard/roadmap.segments/_tree.segment.rsc","deleted","generated|stale","Generated/cache/build output; safe only after owner review and regeneration path confirmation."
"dashboard/.next/server/app/en/dashboard/roadmap.segments/$d$lang.segment.rsc","deleted","duplicate|generated|stale","Generated/cache/build output; safe only after owner review and regeneration path confirmation."
"dashboard/.next/server/app/en/dashboard/roadmap.segments/$d$lang/dashboard.segment.rsc","deleted","duplicate|generated|stale","Generated/cache/build output; safe only after owner review and regeneration path confirmation."
"dashboard/.next/server/app/en/dashboard/roadmap.segments/$d$lang/dashboard/roadmap.segment.rsc","deleted","duplicate|generated|stale","Generated/cache/build output; safe only after owner review and regeneration path confirmation."
"dashboard/.next/server/app/en/dashboard/roadmap.segments/$d$lang/dashboard/roadmap/__PAGE__.segment.rsc","deleted","generated|stale","Generated/cache/build output; safe only after owner review and regeneration path confirmation."
"dashboard/.next/server/app/en/dashboard/scientific-log.html","deleted","generated|stale","Generated/cache/build output; safe only after owner review and regeneration path confirmation."
"dashboard/.next/server/app/en/dashboard/scientific-log.meta","deleted","generated|stale","Generated/cache/build output; safe only after owner review and regeneration path confirmation."
"dashboard/.next/server/app/en/dashboard/scientific-log.rsc","deleted","duplicate|generated|stale","Generated/cache/build output; safe only after owner review and regeneration path confirmation."
"dashboard/.next/server/app/en/dashboard/scientific-log.segments/_full.segment.rsc","deleted","duplicate|generated|stale","Generated/cache/build output; safe only after owner review and regeneration path confirmation."
"dashboard/.next/server/app/en/dashboard/scientific-log.segments/_head.segment.rsc","deleted","duplicate|generated|stale","Generated/cache/build output; safe only after owner review and regeneration path confirmation."
"dashboard/.next/server/app/en/dashboard/scientific-log.segments/_index.segment.rsc","deleted","duplicate|generated|stale","Generated/cache/build output; safe only after owner review and regeneration path confirmation."
"dashboard/.next/server/app/en/dashboard/scientific-log.segments/_tree.segment.rsc","deleted","generated|stale","Generated/cache/build output; safe only after owner review and regeneration path confirmation."
"dashboard/.next/server/app/en/dashboard/scientific-log.segments/$d$lang.segment.rsc","deleted","duplicate|generated|stale","Generated/cache/build output; safe only after owner review and regeneration path confirmation."
"dashboard/.next/server/app/en/dashboard/scientific-log.segments/$d$lang/dashboard.segment.rsc","deleted","duplicate|generated|stale","Generated/cache/build output; safe only after owner review and regeneration path confirmation."
"dashboard/.next/server/app/en/dashboard/scientific-log.segments/$d$lang/dashboard/scientific-log.segment.rsc","deleted","duplicate|generated|stale","Generated/cache/build output; safe only after owner review and regeneration path confirmation."
"dashboard/.next/server/app/en/dashboard/scientific-log.segments/$d$lang/dashboard/scientific-log/__PAGE__.segment.rsc","deleted","generated|stale","Generated/cache/build output; safe only after owner review and regeneration path confirmation."
"dashboard/.next/server/app/en/dashboard/timeline.html","deleted","generated|stale","Generated/cache/build output; safe only after owner review and regeneration path confirmation."
"dashboard/.next/server/app/en/dashboard/timeline.meta","deleted","generated|stale","Generated/cache/build output; safe only after owner review and regeneration path confirmation."
"dashboard/.next/server/app/en/dashboard/timeline.rsc","deleted","duplicate|generated|stale","Generated/cache/build output; safe only after owner review and regeneration path confirmation."
"dashboard/.next/server/app/en/dashboard/timeline.segments/_full.segment.rsc","deleted","duplicate|generated|stale","Generated/cache/build output; safe only after owner review and regeneration path confirmation."
"dashboard/.next/server/app/en/dashboard/timeline.segments/_head.segment.rsc","deleted","duplicate|generated|stale","Generated/cache/build output; safe only after owner review and regeneration path confirmation."
"dashboard/.next/server/app/en/dashboard/timeline.segments/_index.segment.rsc","deleted","duplicate|generated|stale","Generated/cache/build output; safe only after owner review and regeneration path confirmation."
"dashboard/.next/server/app/en/dashboard/timeline.segments/_tree.segment.rsc","deleted","generated|stale","Generated/cache/build output; safe only after owner review and regeneration path confirmation."
"dashboard/.next/server/app/en/dashboard/timeline.segments/$d$lang.segment.rsc","deleted","duplicate|generated|stale","Generated/cache/build output; safe only after owner review and regeneration path confirmation."
"dashboard/.next/server/app/en/dashboard/timeline.segments/$d$lang/dashboard.segment.rsc","deleted","duplicate|generated|stale","Generated/cache/build output; safe only after owner review and regeneration path confirmation."
"dashboard/.next/server/app/en/dashboard/timeline.segments/$d$lang/dashboard/timeline.segment.rsc","deleted","duplicate|generated|stale","Generated/cache/build output; safe only after owner review and regeneration path confirmation."
"dashboard/.next/server/app/en/dashboard/timeline.segments/$d$lang/dashboard/timeline/__PAGE__.segment.rsc","deleted","generated|stale","Generated/cache/build output; safe only after owner review and regeneration path confirmation."
"dashboard/.next/server/app/en/discoveries.html","deleted","generated|stale","Generated/cache/build output; safe only after owner review and regeneration path confirmation."
"dashboard/.next/server/app/en/discoveries.meta","deleted","generated|stale","Generated/cache/build output; safe only after owner review and regeneration path confirmation."
"dashboard/.next/server/app/en/discoveries.rsc","deleted","duplicate|generated|stale","Generated/cache/build output; safe only after owner review and regeneration path confirmation."
"dashboard/.next/server/app/en/discoveries.segments/_full.segment.rsc","deleted","duplicate|generated|stale","Generated/cache/build output; safe only after owner review and regeneration path confirmation."
"dashboard/.next/server/app/en/discoveries.segments/_head.segment.rsc","deleted","duplicate|generated|stale","Generated/cache/build output; safe only after owner review and regeneration path confirmation."
"dashboard/.next/server/app/en/discoveries.segments/_index.segment.rsc","deleted","duplicate|generated|stale","Generated/cache/build output; safe only after owner review and regeneration path confirmation."
"dashboard/.next/server/app/en/discoveries.segments/_tree.segment.rsc","deleted","generated|stale","Generated/cache/build output; safe only after owner review and regeneration path confirmation."
"dashboard/.next/server/app/en/discoveries.segments/$d$lang.segment.rsc","deleted","duplicate|generated|stale","Generated/cache/build output; safe only after owner review and regeneration path confirmation."
"dashboard/.next/server/app/en/discoveries.segments/$d$lang/discoveries.segment.rsc","deleted","duplicate|generated|stale","Generated/cache/build output; safe only after owner review and regeneration path confirmation."
"dashboard/.next/server/app/en/discoveries.segments/$d$lang/discoveries/__PAGE__.segment.rsc","deleted","generated|stale","Generated/cache/build output; safe only after owner review and regeneration path confirmation."
"dashboard/.next/server/app/en/interactive.html","deleted","generated|stale","Generated/cache/build output; safe only after owner review and regeneration path confirmation."
"dashboard/.next/server/app/en/interactive.meta","deleted","generated|stale","Generated/cache/build output; safe only after owner review and regeneration path confirmation."
"dashboard/.next/server/app/en/interactive.rsc","deleted","duplicate|generated|stale","Generated/cache/build output; safe only after owner review and regeneration path confirmation."
"dashboard/.next/server/app/en/interactive.segments/_full.segment.rsc","deleted","duplicate|generated|stale","Generated/cache/build output; safe only after owner review and regeneration path confirmation."
"dashboard/.next/server/app/en/interactive.segments/_head.segment.rsc","deleted","duplicate|generated|stale","Generated/cache/build output; safe only after owner review and regeneration path confirmation."
"dashboard/.next/server/app/en/interactive.segments/_index.segment.rsc","deleted","duplicate|generated|stale","Generated/cache/build output; safe only after owner review and regeneration path confirmation."
"dashboard/.next/server/app/en/interactive.segments/_tree.segment.rsc","deleted","generated|stale","Generated/cache/build output; safe only after owner review and regeneration path confirmation."
"dashboard/.next/server/app/en/interactive.segments/$d$lang.segment.rsc","deleted","duplicate|generated|stale","Generated/cache/build output; safe only after owner review and regeneration path confirmation."
"dashboard/.next/server/app/en/interactive.segments/$d$lang/interactive.segment.rsc","deleted","duplicate|generated|stale","Generated/cache/build output; safe only after owner review and regeneration path confirmation."
"dashboard/.next/server/app/en/interactive.segments/$d$lang/interactive/__PAGE__.segment.rsc","deleted","generated|stale","Generated/cache/build output; safe only after owner review and regeneration path confirmation."
"dashboard/.next/server/app/en/learn.html","deleted","generated|stale","Generated/cache/build output; safe only after owner review and regeneration path confirmation."
"dashboard/.next/server/app/en/learn.meta","deleted","generated|stale","Generated/cache/build output; safe only after owner review and regeneration path confirmation."
"dashboard/.next/server/app/en/learn.rsc","deleted","duplicate|generated|stale","Generated/cache/build output; safe only after owner review and regeneration path confirmation."
"dashboard/.next/server/app/en/learn.segments/_full.segment.rsc","deleted","duplicate|generated|stale","Generated/cache/build output; safe only after owner review and regeneration path confirmation."
"dashboard/.next/server/app/en/learn.segments/_head.segment.rsc","deleted","duplicate|generated|stale","Generated/cache/build output; safe only after owner review and regeneration path confirmation."
"dashboard/.next/server/app/en/learn.segments/_index.segment.rsc","deleted","duplicate|generated|stale","Generated/cache/build output; safe only after owner review and regeneration path confirmation."
"dashboard/.next/server/app/en/learn.segments/_tree.segment.rsc","deleted","generated|stale","Generated/cache/build output; safe only after owner review and regeneration path confirmation."
"dashboard/.next/server/app/en/learn.segments/$d$lang.segment.rsc","deleted","duplicate|generated|stale","Generated/cache/build output; safe only after owner review and regeneration path confirmation."
"dashboard/.next/server/app/en/learn.segments/$d$lang/learn.segment.rsc","deleted","duplicate|generated|stale","Generated/cache/build output; safe only after owner review and regeneration path confirmation."
"dashboard/.next/server/app/en/learn.segments/$d$lang/learn/__PAGE__.segment.rsc","deleted","generated|stale","Generated/cache/build output; safe only after owner review and regeneration path confirmation."
"dashboard/.next/server/app/en/mathematics.html","deleted","generated|stale","Generated/cache/build output; safe only after owner review and regeneration path confirmation."
"dashboard/.next/server/app/en/mathematics.meta","deleted","generated|stale","Generated/cache/build output; safe only after owner review and regeneration path confirmation."
"dashboard/.next/server/app/en/mathematics.rsc","deleted","duplicate|generated|stale","Generated/cache/build output; safe only after owner review and regeneration path confirmation."
"dashboard/.next/server/app/en/mathematics.segments/_full.segment.rsc","deleted","duplicate|generated|stale","Generated/cache/build output; safe only after owner review and regeneration path confirmation."
"dashboard/.next/server/app/en/mathematics.segments/_head.segment.rsc","deleted","duplicate|generated|stale","Generated/cache/build output; safe only after owner review and regeneration path confirmation."
"dashboard/.next/server/app/en/mathematics.segments/_index.segment.rsc","deleted","duplicate|generated|stale","Generated/cache/build output; safe only after owner review and regeneration path confirmation."
"dashboard/.next/server/app/en/mathematics.segments/_tree.segment.rsc","deleted","generated|stale","Generated/cache/build output; safe only after owner review and regeneration path confirmation."
"dashboard/.next/server/app/en/mathematics.segments/$d$lang.segment.rsc","deleted","duplicate|generated|stale","Generated/cache/build output; safe only after owner review and regeneration path confirmation."
"dashboard/.next/server/app/en/mathematics.segments/$d$lang/mathematics.segment.rsc","deleted","duplicate|generated|stale","Generated/cache/build output; safe only after owner review and regeneration path confirmation."
"dashboard/.next/server/app/en/mathematics.segments/$d$lang/mathematics/__PAGE__.segment.rsc","deleted","generated|stale","Generated/cache/build output; safe only after owner review and regeneration path confirmation."
"dashboard/.next/server/app/en/physics.html","deleted","generated|stale","Generated/cache/build output; safe only after owner review and regeneration path confirmation."
"dashboard/.next/server/app/en/physics.meta","deleted","generated|stale","Generated/cache/build output; safe only after owner review and regeneration path confirmation."
"dashboard/.next/server/app/en/physics.rsc","deleted","duplicate|generated|stale","Generated/cache/build output; safe only after owner review and regeneration path confirmation."
"dashboard/.next/server/app/en/physics.segments/_full.segment.rsc","deleted","duplicate|generated|stale","Generated/cache/build output; safe only after owner review and regeneration path confirmation."
"dashboard/.next/server/app/en/physics.segments/_head.segment.rsc","deleted","duplicate|generated|stale","Generated/cache/build output; safe only after owner review and regeneration path confirmation."
"dashboard/.next/server/app/en/physics.segments/_index.segment.rsc","deleted","duplicate|generated|stale","Generated/cache/build output; safe only after owner review and regeneration path confirmation."
"dashboard/.next/server/app/en/physics.segments/_tree.segment.rsc","deleted","generated|stale","Generated/cache/build output; safe only after owner review and regeneration path confirmation."
"dashboard/.next/server/app/en/physics.segments/$d$lang.segment.rsc","deleted","duplicate|generated|stale","Generated/cache/build output; safe only after owner review and regeneration path confirmation."
"dashboard/.next/server/app/en/physics.segments/$d$lang/physics.segment.rsc","deleted","duplicate|generated|stale","Generated/cache/build output; safe only after owner review and regeneration path confirmation."
"dashboard/.next/server/app/en/physics.segments/$d$lang/physics/__PAGE__.segment.rsc","deleted","duplicate|generated|stale","Generated/cache/build output; safe only after owner review and regeneration path confirmation."
"dashboard/.next/server/app/en/quantum.html","deleted","generated|stale","Generated/cache/build output; safe only after owner review and regeneration path confirmation."
"dashboard/.next/server/app/en/quantum.meta","deleted","generated|stale","Generated/cache/build output; safe only after owner review and regeneration path confirmation."
"dashboard/.next/server/app/en/quantum.rsc","deleted","duplicate|generated|stale","Generated/cache/build output; safe only after owner review and regeneration path confirmation."
"dashboard/.next/server/app/en/quantum.segments/_full.segment.rsc","deleted","duplicate|generated|stale","Generated/cache/build output; safe only after owner review and regeneration path confirmation."
"dashboard/.next/server/app/en/quantum.segments/_head.segment.rsc","deleted","duplicate|generated|stale","Generated/cache/build output; safe only after owner review and regeneration path confirmation."
"dashboard/.next/server/app/en/quantum.segments/_index.segment.rsc","deleted","duplicate|generated|stale","Generated/cache/build output; safe only after owner review and regeneration path confirmation."
"dashboard/.next/server/app/en/quantum.segments/_tree.segment.rsc","deleted","generated|stale","Generated/cache/build output; safe only after owner review and regeneration path confirmation."
"dashboard/.next/server/app/en/quantum.segments/$d$lang.segment.rsc","deleted","duplicate|generated|stale","Generated/cache/build output; safe only after owner review and regeneration path confirmation."
"dashboard/.next/server/app/en/quantum.segments/$d$lang/quantum.segment.rsc","deleted","duplicate|generated|stale","Generated/cache/build output; safe only after owner review and regeneration path confirmation."
"dashboard/.next/server/app/en/quantum.segments/$d$lang/quantum/__PAGE__.segment.rsc","deleted","generated|stale","Generated/cache/build output; safe only after owner review and regeneration path confirmation."
"dashboard/.next/server/app/en/satellite.html","deleted","generated|stale","Generated/cache/build output; safe only after owner review and regeneration path confirmation."
"dashboard/.next/server/app/en/satellite.meta","deleted","generated|stale","Generated/cache/build output; safe only after owner review and regeneration path confirmation."
"dashboard/.next/server/app/en/satellite.rsc","deleted","duplicate|generated|stale","Generated/cache/build output; safe only after owner review and regeneration path confirmation."
"dashboard/.next/server/app/en/satellite.segments/_full.segment.rsc","deleted","duplicate|generated|stale","Generated/cache/build output; safe only after owner review and regeneration path confirmation."
"dashboard/.next/server/app/en/satellite.segments/_head.segment.rsc","deleted","duplicate|generated|stale","Generated/cache/build output; safe only after owner review and regeneration path confirmation."
"dashboard/.next/server/app/en/satellite.segments/_index.segment.rsc","deleted","duplicate|generated|stale","Generated/cache/build output; safe only after owner review and regeneration path confirmation."
"dashboard/.next/server/app/en/satellite.segments/_tree.segment.rsc","deleted","generated|stale","Generated/cache/build output; safe only after owner review and regeneration path confirmation."
"dashboard/.next/server/app/en/satellite.segments/$d$lang.segment.rsc","deleted","duplicate|generated|stale","Generated/cache/build output; safe only after owner review and regeneration path confirmation."
"dashboard/.next/server/app/en/satellite.segments/$d$lang/satellite.segment.rsc","deleted","duplicate|generated|stale","Generated/cache/build output; safe only after owner review and regeneration path confirmation."
"dashboard/.next/server/app/en/satellite.segments/$d$lang/satellite/__PAGE__.segment.rsc","deleted","generated|stale","Generated/cache/build output; safe only after owner review and regeneration path confirmation."
"dashboard/.next/server/app/es/compare.html","deleted","generated|stale","Generated/cache/build output; safe only after owner review and regeneration path confirmation."
"dashboard/.next/server/app/es/compare.meta","deleted","generated|stale","Generated/cache/build output; safe only after owner review and regeneration path confirmation."
"dashboard/.next/server/app/es/compare.rsc","deleted","duplicate|generated|stale","Generated/cache/build output; safe only after owner review and regeneration path confirmation."
"dashboard/.next/server/app/es/compare.segments/_full.segment.rsc","deleted","duplicate|generated|stale","Generated/cache/build output; safe only after owner review and regeneration path confirmation."
"dashboard/.next/server/app/es/compare.segments/_head.segment.rsc","deleted","duplicate|generated|stale","Generated/cache/build output; safe only after owner review and regeneration path confirmation."
"dashboard/.next/server/app/es/compare.segments/_index.segment.rsc","deleted","duplicate|generated|stale","Generated/cache/build output; safe only after owner review and regeneration path confirmation."
"dashboard/.next/server/app/es/compare.segments/_tree.segment.rsc","deleted","generated|stale","Generated/cache/build output; safe only after owner review and regeneration path confirmation."
"dashboard/.next/server/app/es/compare.segments/$d$lang.segment.rsc","deleted","duplicate|generated|stale","Generated/cache/build output; safe only after owner review and regeneration path confirmation."
"dashboard/.next/server/app/es/compare.segments/$d$lang/compare.segment.rsc","deleted","duplicate|generated|stale","Generated/cache/build output; safe only after owner review and regeneration path confirmation."
"dashboard/.next/server/app/es/compare.segments/$d$lang/compare/__PAGE__.segment.rsc","deleted","generated|stale","Generated/cache/build output; safe only after owner review and regeneration path confirmation."
"dashboard/.next/server/app/es/dashboard.html","deleted","generated|stale","Generated/cache/build output; safe only after owner review and regeneration path confirmation."
"dashboard/.next/server/app/es/dashboard.meta","deleted","generated|stale","Generated/cache/build output; safe only after owner review and regeneration path confirmation."
"dashboard/.next/server/app/es/dashboard.rsc","deleted","duplicate|generated|stale","Generated/cache/build output; safe only after owner review and regeneration path confirmation."
"dashboard/.next/server/app/es/dashboard.segments/_full.segment.rsc","deleted","duplicate|generated|stale","Generated/cache/build output; safe only after owner review and regeneration path confirmation."
"dashboard/.next/server/app/es/dashboard.segments/_head.segment.rsc","deleted","duplicate|generated|stale","Generated/cache/build output; safe only after owner review and regeneration path confirmation."
"dashboard/.next/server/app/es/dashboard.segments/_index.segment.rsc","deleted","duplicate|generated|stale","Generated/cache/build output; safe only after owner review and regeneration path confirmation."
"dashboard/.next/server/app/es/dashboard.segments/_tree.segment.rsc","deleted","generated|stale","Generated/cache/build output; safe only after owner review and regeneration path confirmation."
"dashboard/.next/server/app/es/dashboard.segments/$d$lang.segment.rsc","deleted","duplicate|generated|stale","Generated/cache/build output; safe only after owner review and regeneration path confirmation."
"dashboard/.next/server/app/es/dashboard.segments/$d$lang/dashboard.segment.rsc","deleted","duplicate|generated|stale","Generated/cache/build output; safe only after owner review and regeneration path confirmation."
"dashboard/.next/server/app/es/dashboard.segments/$d$lang/dashboard/__PAGE__.segment.rsc","deleted","generated|stale","Generated/cache/build output; safe only after owner review and regeneration path confirmation."
"dashboard/.next/server/app/es/dashboard/benchmark.html","deleted","generated|stale","Generated/cache/build output; safe only after owner review and regeneration path confirmation."
"dashboard/.next/server/app/es/dashboard/benchmark.meta","deleted","generated|stale","Generated/cache/build output; safe only after owner review and regeneration path confirmation."
"dashboard/.next/server/app/es/dashboard/benchmark.rsc","deleted","duplicate|generated|stale","Generated/cache/build output; safe only after owner review and regeneration path confirmation."
"dashboard/.next/server/app/es/dashboard/benchmark.segments/_full.segment.rsc","deleted","duplicate|generated|stale","Generated/cache/build output; safe only after owner review and regeneration path confirmation."
"dashboard/.next/server/app/es/dashboard/benchmark.segments/_head.segment.rsc","deleted","duplicate|generated|stale","Generated/cache/build output; safe only after owner review and regeneration path confirmation."
"dashboard/.next/server/app/es/dashboard/benchmark.segments/_index.segment.rsc","deleted","duplicate|generated|stale","Generated/cache/build output; safe only after owner review and regeneration path confirmation."
"dashboard/.next/server/app/es/dashboard/benchmark.segments/_tree.segment.rsc","deleted","generated|stale","Generated/cache/build output; safe only after owner review and regeneration path confirmation."
"dashboard/.next/server/app/es/dashboard/benchmark.segments/$d$lang.segment.rsc","deleted","duplicate|generated|stale","Generated/cache/build output; safe only after owner review and regeneration path confirmation."
"dashboard/.next/server/app/es/dashboard/benchmark.segments/$d$lang/dashboard.segment.rsc","deleted","duplicate|generated|stale","Generated/cache/build output; safe only after owner review and regeneration path confirmation."
"dashboard/.next/server/app/es/dashboard/benchmark.segments/$d$lang/dashboard/benchmark.segment.rsc","deleted","duplicate|generated|stale","Generated/cache/build output; safe only after owner review and regeneration path confirmation."
"dashboard/.next/server/app/es/dashboard/benchmark.segments/$d$lang/dashboard/benchmark/__PAGE__.segment.rsc","deleted","generated|stale","Generated/cache/build output; safe only after owner review and regeneration path confirmation."
"dashboard/.next/server/app/es/dashboard/log.html","deleted","generated|stale","Generated/cache/build output; safe only after owner review and regeneration path confirmation."
"dashboard/.next/server/app/es/dashboard/log.meta","deleted","generated|stale","Generated/cache/build output; safe only after owner review and regeneration path confirmation."
"dashboard/.next/server/app/es/dashboard/log.rsc","deleted","duplicate|generated|stale","Generated/cache/build output; safe only after owner review and regeneration path confirmation."
"dashboard/.next/server/app/es/dashboard/log.segments/_full.segment.rsc","deleted","duplicate|generated|stale","Generated/cache/build output; safe only after owner review and regeneration path confirmation."
"dashboard/.next/server/app/es/dashboard/log.segments/_head.segment.rsc","deleted","duplicate|generated|stale","Generated/cache/build output; safe only after owner review and regeneration path confirmation."
"dashboard/.next/server/app/es/dashboard/log.segments/_index.segment.rsc","deleted","duplicate|generated|stale","Generated/cache/build output; safe only after owner review and regeneration path confirmation."
"dashboard/.next/server/app/es/dashboard/log.segments/_tree.segment.rsc","deleted","generated|stale","Generated/cache/build output; safe only after owner review and regeneration path confirmation."
"dashboard/.next/server/app/es/dashboard/log.segments/$d$lang.segment.rsc","deleted","duplicate|generated|stale","Generated/cache/build output; safe only after owner review and regeneration path confirmation."
"dashboard/.next/server/app/es/dashboard/log.segments/$d$lang/dashboard.segment.rsc","deleted","duplicate|generated|stale","Generated/cache/build output; safe only after owner review and regeneration path confirmation."
"dashboard/.next/server/app/es/dashboard/log.segments/$d$lang/dashboard/log.segment.rsc","deleted","duplicate|generated|stale","Generated/cache/build output; safe only after owner review and regeneration path confirmation."
"dashboard/.next/server/app/es/dashboard/log.segments/$d$lang/dashboard/log/__PAGE__.segment.rsc","deleted","generated|stale","Generated/cache/build output; safe only after owner review and regeneration path confirmation."
"dashboard/.next/server/app/es/dashboard/roadmap.html","deleted","generated|stale","Generated/cache/build output; safe only after owner review and regeneration path confirmation."
"dashboard/.next/server/app/es/dashboard/roadmap.meta","deleted","generated|stale","Generated/cache/build output; safe only after owner review and regeneration path confirmation."
"dashboard/.next/server/app/es/dashboard/roadmap.rsc","deleted","duplicate|generated|stale","Generated/cache/build output; safe only after owner review and regeneration path confirmation."
"dashboard/.next/server/app/es/dashboard/roadmap.segments/_full.segment.rsc","deleted","duplicate|generated|stale","Generated/cache/build output; safe only after owner review and regeneration path confirmation."
"dashboard/.next/server/app/es/dashboard/roadmap.segments/_head.segment.rsc","deleted","duplicate|generated|stale","Generated/cache/build output; safe only after owner review and regeneration path confirmation."
"dashboard/.next/server/app/es/dashboard/roadmap.segments/_index.segment.rsc","deleted","duplicate|generated|stale","Generated/cache/build output; safe only after owner review and regeneration path confirmation."
"dashboard/.next/server/app/es/dashboard/roadmap.segments/_tree.segment.rsc","deleted","generated|stale","Generated/cache/build output; safe only after owner review and regeneration path confirmation."
"dashboard/.next/server/app/es/dashboard/roadmap.segments/$d$lang.segment.rsc","deleted","duplicate|generated|stale","Generated/cache/build output; safe only after owner review and regeneration path confirmation."
"dashboard/.next/server/app/es/dashboard/roadmap.segments/$d$lang/dashboard.segment.rsc","deleted","duplicate|generated|stale","Generated/cache/build output; safe only after owner review and regeneration path confirmation."
"dashboard/.next/server/app/es/dashboard/roadmap.segments/$d$lang/dashboard/roadmap.segment.rsc","deleted","duplicate|generated|stale","Generated/cache/build output; safe only after owner review and regeneration path confirmation."
"dashboard/.next/server/app/es/dashboard/roadmap.segments/$d$lang/dashboard/roadmap/__PAGE__.segment.rsc","deleted","generated|stale","Generated/cache/build output; safe only after owner review and regeneration path confirmation."
"dashboard/.next/server/app/es/dashboard/scientific-log.html","deleted","generated|stale","Generated/cache/build output; safe only after owner review and regeneration path confirmation."
"dashboard/.next/server/app/es/dashboard/scientific-log.meta","deleted","generated|stale","Generated/cache/build output; safe only after owner review and regeneration path confirmation."
"dashboard/.next/server/app/es/dashboard/scientific-log.rsc","deleted","duplicate|generated|stale","Generated/cache/build output; safe only after owner review and regeneration path confirmation."
"dashboard/.next/server/app/es/dashboard/scientific-log.segments/_full.segment.rsc","deleted","duplicate|generated|stale","Generated/cache/build output; safe only after owner review and regeneration path confirmation."
"dashboard/.next/server/app/es/dashboard/scientific-log.segments/_head.segment.rsc","deleted","duplicate|generated|stale","Generated/cache/build output; safe only after owner review and regeneration path confirmation."
"dashboard/.next/server/app/es/dashboard/scientific-log.segments/_index.segment.rsc","deleted","duplicate|generated|stale","Generated/cache/build output; safe only after owner review and regeneration path confirmation."
"dashboard/.next/server/app/es/dashboard/scientific-log.segments/_tree.segment.rsc","deleted","generated|stale","Generated/cache/build output; safe only after owner review and regeneration path confirmation."
"dashboard/.next/server/app/es/dashboard/scientific-log.segments/$d$lang.segment.rsc","deleted","duplicate|generated|stale","Generated/cache/build output; safe only after owner review and regeneration path confirmation."
"dashboard/.next/server/app/es/dashboard/scientific-log.segments/$d$lang/dashboard.segment.rsc","deleted","duplicate|generated|stale","Generated/cache/build output; safe only after owner review and regeneration path confirmation."
"dashboard/.next/server/app/es/dashboard/scientific-log.segments/$d$lang/dashboard/scientific-log.segment.rsc","deleted","duplicate|generated|stale","Generated/cache/build output; safe only after owner review and regeneration path confirmation."
"dashboard/.next/server/app/es/dashboard/scientific-log.segments/$d$lang/dashboard/scientific-log/__PAGE__.segment.rsc","deleted","generated|stale","Generated/cache/build output; safe only after owner review and regeneration path confirmation."
"dashboard/.next/server/app/es/dashboard/timeline.html","deleted","generated|stale","Generated/cache/build output; safe only after owner review and regeneration path confirmation."
"dashboard/.next/server/app/es/dashboard/timeline.meta","deleted","generated|stale","Generated/cache/build output; safe only after owner review and regeneration path confirmation."
"dashboard/.next/server/app/es/dashboard/timeline.rsc","deleted","duplicate|generated|stale","Generated/cache/build output; safe only after owner review and regeneration path confirmation."
"dashboard/.next/server/app/es/dashboard/timeline.segments/_full.segment.rsc","deleted","duplicate|generated|stale","Generated/cache/build output; safe only after owner review and regeneration path confirmation."
"dashboard/.next/server/app/es/dashboard/timeline.segments/_head.segment.rsc","deleted","duplicate|generated|stale","Generated/cache/build output; safe only after owner review and regeneration path confirmation."
"dashboard/.next/server/app/es/dashboard/timeline.segments/_index.segment.rsc","deleted","duplicate|generated|stale","Generated/cache/build output; safe only after owner review and regeneration path confirmation."
"dashboard/.next/server/app/es/dashboard/timeline.segments/_tree.segment.rsc","deleted","generated|stale","Generated/cache/build output; safe only after owner review and regeneration path confirmation."
"dashboard/.next/server/app/es/dashboard/timeline.segments/$d$lang.segment.rsc","deleted","duplicate|generated|stale","Generated/cache/build output; safe only after owner review and regeneration path confirmation."
"dashboard/.next/server/app/es/dashboard/timeline.segments/$d$lang/dashboard.segment.rsc","deleted","duplicate|generated|stale","Generated/cache/build output; safe only after owner review and regeneration path confirmation."
"dashboard/.next/server/app/es/dashboard/timeline.segments/$d$lang/dashboard/timeline.segment.rsc","deleted","duplicate|generated|stale","Generated/cache/build output; safe only after owner review and regeneration path confirmation."
"dashboard/.next/server/app/es/dashboard/timeline.segments/$d$lang/dashboard/timeline/__PAGE__.segment.rsc","deleted","generated|stale","Generated/cache/build output; safe only after owner review and regeneration path confirmation."
"dashboard/.next/server/app/es/discoveries.html","deleted","generated|stale","Generated/cache/build output; safe only after owner review and regeneration path confirmation."
"dashboard/.next/server/app/es/discoveries.meta","deleted","generated|stale","Generated/cache/build output; safe only after owner review and regeneration path confirmation."
"dashboard/.next/server/app/es/discoveries.rsc","deleted","duplicate|generated|stale","Generated/cache/build output; safe only after owner review and regeneration path confirmation."
"dashboard/.next/server/app/es/discoveries.segments/_full.segment.rsc","deleted","duplicate|generated|stale","Generated/cache/build output; safe only after owner review and regeneration path confirmation."
"dashboard/.next/server/app/es/discoveries.segments/_head.segment.rsc","deleted","duplicate|generated|stale","Generated/cache/build output; safe only after owner review and regeneration path confirmation."
"dashboard/.next/server/app/es/discoveries.segments/_index.segment.rsc","deleted","duplicate|generated|stale","Generated/cache/build output; safe only after owner review and regeneration path confirmation."
"dashboard/.next/server/app/es/discoveries.segments/_tree.segment.rsc","deleted","generated|stale","Generated/cache/build output; safe only after owner review and regeneration path confirmation."
"dashboard/.next/server/app/es/discoveries.segments/$d$lang.segment.rsc","deleted","duplicate|generated|stale","Generated/cache/build output; safe only after owner review and regeneration path confirmation."
"dashboard/.next/server/app/es/discoveries.segments/$d$lang/discoveries.segment.rsc","deleted","duplicate|generated|stale","Generated/cache/build output; safe only after owner review and regeneration path confirmation."
"dashboard/.next/server/app/es/discoveries.segments/$d$lang/discoveries/__PAGE__.segment.rsc","deleted","generated|stale","Generated/cache/build output; safe only after owner review and regeneration path confirmation."
"dashboard/.next/server/app/es/interactive.html","deleted","generated|stale","Generated/cache/build output; safe only after owner review and regeneration path confirmation."
"dashboard/.next/server/app/es/interactive.meta","deleted","generated|stale","Generated/cache/build output; safe only after owner review and regeneration path confirmation."
"dashboard/.next/server/app/es/interactive.rsc","deleted","duplicate|generated|stale","Generated/cache/build output; safe only after owner review and regeneration path confirmation."
"dashboard/.next/server/app/es/interactive.segments/_full.segment.rsc","deleted","duplicate|generated|stale","Generated/cache/build output; safe only after owner review and regeneration path confirmation."
"dashboard/.next/server/app/es/interactive.segments/_head.segment.rsc","deleted","duplicate|generated|stale","Generated/cache/build output; safe only after owner review and regeneration path confirmation."
"dashboard/.next/server/app/es/interactive.segments/_index.segment.rsc","deleted","duplicate|generated|stale","Generated/cache/build output; safe only after owner review and regeneration path confirmation."
"dashboard/.next/server/app/es/interactive.segments/_tree.segment.rsc","deleted","generated|stale","Generated/cache/build output; safe only after owner review and regeneration path confirmation."
"dashboard/.next/server/app/es/interactive.segments/$d$lang.segment.rsc","deleted","duplicate|generated|stale","Generated/cache/build output; safe only after owner review and regeneration path confirmation."
"dashboard/.next/server/app/es/interactive.segments/$d$lang/interactive.segment.rsc","deleted","duplicate|generated|stale","Generated/cache/build output; safe only after owner review and regeneration path confirmation."
"dashboard/.next/server/app/es/interactive.segments/$d$lang/interactive/__PAGE__.segment.rsc","deleted","generated|stale","Generated/cache/build output; safe only after owner review and regeneration path confirmation."
"dashboard/.next/server/app/es/learn.html","deleted","generated|stale","Generated/cache/build output; safe only after owner review and regeneration path confirmation."
"dashboard/.next/server/app/es/learn.meta","deleted","generated|stale","Generated/cache/build output; safe only after owner review and regeneration path confirmation."
"dashboard/.next/server/app/es/learn.rsc","deleted","duplicate|generated|stale","Generated/cache/build output; safe only after owner review and regeneration path confirmation."
"dashboard/.next/server/app/es/learn.segments/_full.segment.rsc","deleted","duplicate|generated|stale","Generated/cache/build output; safe only after owner review and regeneration path confirmation."
"dashboard/.next/server/app/es/learn.segments/_head.segment.rsc","deleted","duplicate|generated|stale","Generated/cache/build output; safe only after owner review and regeneration path confirmation."
"dashboard/.next/server/app/es/learn.segments/_index.segment.rsc","deleted","duplicate|generated|stale","Generated/cache/build output; safe only after owner review and regeneration path confirmation."
"dashboard/.next/server/app/es/learn.segments/_tree.segment.rsc","deleted","generated|stale","Generated/cache/build output; safe only after owner review and regeneration path confirmation."
"dashboard/.next/server/app/es/learn.segments/$d$lang.segment.rsc","deleted","duplicate|generated|stale","Generated/cache/build output; safe only after owner review and regeneration path confirmation."
"dashboard/.next/server/app/es/learn.segments/$d$lang/learn.segment.rsc","deleted","duplicate|generated|stale","Generated/cache/build output; safe only after owner review and regeneration path confirmation."
"dashboard/.next/server/app/es/learn.segments/$d$lang/learn/__PAGE__.segment.rsc","deleted","generated|stale","Generated/cache/build output; safe only after owner review and regeneration path confirmation."
"dashboard/.next/server/app/es/mathematics.html","deleted","generated|stale","Generated/cache/build output; safe only after owner review and regeneration path confirmation."
"dashboard/.next/server/app/es/mathematics.meta","deleted","generated|stale","Generated/cache/build output; safe only after owner review and regeneration path confirmation."
"dashboard/.next/server/app/es/mathematics.rsc","deleted","duplicate|generated|stale","Generated/cache/build output; safe only after owner review and regeneration path confirmation."
"dashboard/.next/server/app/es/mathematics.segments/_full.segment.rsc","deleted","duplicate|generated|stale","Generated/cache/build output; safe only after owner review and regeneration path confirmation."
"dashboard/.next/server/app/es/mathematics.segments/_head.segment.rsc","deleted","duplicate|generated|stale","Generated/cache/build output; safe only after owner review and regeneration path confirmation."
"dashboard/.next/server/app/es/mathematics.segments/_index.segment.rsc","deleted","duplicate|generated|stale","Generated/cache/build output; safe only after owner review and regeneration path confirmation."
"dashboard/.next/server/app/es/mathematics.segments/_tree.segment.rsc","deleted","generated|stale","Generated/cache/build output; safe only after owner review and regeneration path confirmation."
"dashboard/.next/server/app/es/mathematics.segments/$d$lang.segment.rsc","deleted","duplicate|generated|stale","Generated/cache/build output; safe only after owner review and regeneration path confirmation."
"dashboard/.next/server/app/es/mathematics.segments/$d$lang/mathematics.segment.rsc","deleted","duplicate|generated|stale","Generated/cache/build output; safe only after owner review and regeneration path confirmation."
"dashboard/.next/server/app/es/mathematics.segments/$d$lang/mathematics/__PAGE__.segment.rsc","deleted","generated|stale","Generated/cache/build output; safe only after owner review and regeneration path confirmation."
"dashboard/.next/server/app/es/physics.html","deleted","generated|stale","Generated/cache/build output; safe only after owner review and regeneration path confirmation."
"dashboard/.next/server/app/es/physics.meta","deleted","generated|stale","Generated/cache/build output; safe only after owner review and regeneration path confirmation."
"dashboard/.next/server/app/es/physics.rsc","deleted","duplicate|generated|stale","Generated/cache/build output; safe only after owner review and regeneration path confirmation."
"dashboard/.next/server/app/es/physics.segments/_full.segment.rsc","deleted","duplicate|generated|stale","Generated/cache/build output; safe only after owner review and regeneration path confirmation."
"dashboard/.next/server/app/es/physics.segments/_head.segment.rsc","deleted","duplicate|generated|stale","Generated/cache/build output; safe only after owner review and regeneration path confirmation."
"dashboard/.next/server/app/es/physics.segments/_index.segment.rsc","deleted","duplicate|generated|stale","Generated/cache/build output; safe only after owner review and regeneration path confirmation."
"dashboard/.next/server/app/es/physics.segments/_tree.segment.rsc","deleted","generated|stale","Generated/cache/build output; safe only after owner review and regeneration path confirmation."
"dashboard/.next/server/app/es/physics.segments/$d$lang.segment.rsc","deleted","duplicate|generated|stale","Generated/cache/build output; safe only after owner review and regeneration path confirmation."
"dashboard/.next/server/app/es/physics.segments/$d$lang/physics.segment.rsc","deleted","duplicate|generated|stale","Generated/cache/build output; safe only after owner review and regeneration path confirmation."
"dashboard/.next/server/app/es/physics.segments/$d$lang/physics/__PAGE__.segment.rsc","deleted","generated|stale","Generated/cache/build output; safe only after owner review and regeneration path confirmation."
"dashboard/.next/server/app/es/quantum.html","deleted","generated|stale","Generated/cache/build output; safe only after owner review and regeneration path confirmation."
"dashboard/.next/server/app/es/quantum.meta","deleted","generated|stale","Generated/cache/build output; safe only after owner review and regeneration path confirmation."
"dashboard/.next/server/app/es/quantum.rsc","deleted","duplicate|generated|stale","Generated/cache/build output; safe only after owner review and regeneration path confirmation."
"dashboard/.next/server/app/es/quantum.segments/_full.segment.rsc","deleted","duplicate|generated|stale","Generated/cache/build output; safe only after owner review and regeneration path confirmation."
"dashboard/.next/server/app/es/quantum.segments/_head.segment.rsc","deleted","duplicate|generated|stale","Generated/cache/build output; safe only after owner review and regeneration path confirmation."
"dashboard/.next/server/app/es/quantum.segments/_index.segment.rsc","deleted","duplicate|generated|stale","Generated/cache/build output; safe only after owner review and regeneration path confirmation."
"dashboard/.next/server/app/es/quantum.segments/_tree.segment.rsc","deleted","generated|stale","Generated/cache/build output; safe only after owner review and regeneration path confirmation."
"dashboard/.next/server/app/es/quantum.segments/$d$lang.segment.rsc","deleted","duplicate|generated|stale","Generated/cache/build output; safe only after owner review and regeneration path confirmation."
"dashboard/.next/server/app/es/quantum.segments/$d$lang/quantum.segment.rsc","deleted","duplicate|generated|stale","Generated/cache/build output; safe only after owner review and regeneration path confirmation."
"dashboard/.next/server/app/es/quantum.segments/$d$lang/quantum/__PAGE__.segment.rsc","deleted","generated|stale","Generated/cache/build output; safe only after owner review and regeneration path confirmation."
"dashboard/.next/server/app/es/satellite.html","deleted","generated|stale","Generated/cache/build output; safe only after owner review and regeneration path confirmation."
"dashboard/.next/server/app/es/satellite.meta","deleted","generated|stale","Generated/cache/build output; safe only after owner review and regeneration path confirmation."
"dashboard/.next/server/app/es/satellite.rsc","deleted","duplicate|generated|stale","Generated/cache/build output; safe only after owner review and regeneration path confirmation."
"dashboard/.next/server/app/es/satellite.segments/_full.segment.rsc","deleted","duplicate|generated|stale","Generated/cache/build output; safe only after owner review and regeneration path confirmation."
"dashboard/.next/server/app/es/satellite.segments/_head.segment.rsc","deleted","duplicate|generated|stale","Generated/cache/build output; safe only after owner review and regeneration path confirmation."
"dashboard/.next/server/app/es/satellite.segments/_index.segment.rsc","deleted","duplicate|generated|stale","Generated/cache/build output; safe only after owner review and regeneration path confirmation."
"dashboard/.next/server/app/es/satellite.segments/_tree.segment.rsc","deleted","generated|stale","Generated/cache/build output; safe only after owner review and regeneration path confirmation."
"dashboard/.next/server/app/es/satellite.segments/$d$lang.segment.rsc","deleted","duplicate|generated|stale","Generated/cache/build output; safe only after owner review and regeneration path confirmation."
"dashboard/.next/server/app/es/satellite.segments/$d$lang/satellite.segment.rsc","deleted","duplicate|generated|stale","Generated/cache/build output; safe only after owner review and regeneration path confirmation."
"dashboard/.next/server/app/es/satellite.segments/$d$lang/satellite/__PAGE__.segment.rsc","deleted","generated|stale","Generated/cache/build output; safe only after owner review and regeneration path confirmation."
"dashboard/.next/server/app/favicon.ico.body","deleted","duplicate|generated|stale","Generated/cache/build output; safe only after owner review and regeneration path confirmation."
"dashboard/.next/server/app/favicon.ico.meta","deleted","generated|stale","Generated/cache/build output; safe only after owner review and regeneration path confirmation."
"dashboard/.next/server/app/favicon.ico/route.js","deleted","generated|stale","Generated/cache/build output; safe only after owner review and regeneration path confirmation."
"dashboard/.next/server/app/favicon.ico/route.js.map","deleted","duplicate|generated|stale","Generated/cache/build output; safe only after owner review and regeneration path confirmation."
"dashboard/.next/server/app/favicon.ico/route.js.nft.json","deleted","generated|stale","Generated/cache/build output; safe only after owner review and regeneration path confirmation."
"dashboard/.next/server/app/favicon.ico/route/app-paths-manifest.json","deleted","generated|stale","Generated/cache/build output; safe only after owner review and regeneration path confirmation."
"dashboard/.next/server/app/favicon.ico/route/build-manifest.json","deleted","generated|stale","Generated/cache/build output; safe only after owner review and regeneration path confirmation."
"dashboard/.next/server/app/index.html","deleted","generated|stale","Generated/cache/build output; safe only after owner review and regeneration path confirmation."
"dashboard/.next/server/app/index.meta","deleted","generated|stale","Generated/cache/build output; safe only after owner review and regeneration path confirmation."
"dashboard/.next/server/app/index.rsc","deleted","duplicate|generated|stale","Generated/cache/build output; safe only after owner review and regeneration path confirmation."
"dashboard/.next/server/app/index.segments/__PAGE__.segment.rsc","deleted","duplicate|generated|stale","Generated/cache/build output; safe only after owner review and regeneration path confirmation."
"dashboard/.next/server/app/index.segments/_full.segment.rsc","deleted","duplicate|generated|stale","Generated/cache/build output; safe only after owner review and regeneration path confirmation."
"dashboard/.next/server/app/index.segments/_head.segment.rsc","deleted","duplicate|generated|stale","Generated/cache/build output; safe only after owner review and regeneration path confirmation."
"dashboard/.next/server/app/index.segments/_index.segment.rsc","deleted","duplicate|generated|stale","Generated/cache/build output; safe only after owner review and regeneration path confirmation."
"dashboard/.next/server/app/index.segments/_tree.segment.rsc","deleted","generated|stale","Generated/cache/build output; safe only after owner review and regeneration path confirmation."
"dashboard/.next/server/app/learn.html","deleted","generated|stale","Generated/cache/build output; safe only after owner review and regeneration path confirmation."
"dashboard/.next/server/app/learn.meta","deleted","generated|stale","Generated/cache/build output; safe only after owner review and regeneration path confirmation."
"dashboard/.next/server/app/learn.rsc","deleted","duplicate|generated|stale","Generated/cache/build output; safe only after owner review and regeneration path confirmation."
"dashboard/.next/server/app/learn.segments/_full.segment.rsc","deleted","duplicate|generated|stale","Generated/cache/build output; safe only after owner review and regeneration path confirmation."
"dashboard/.next/server/app/learn.segments/_head.segment.rsc","deleted","duplicate|generated|stale","Generated/cache/build output; safe only after owner review and regeneration path confirmation."
"dashboard/.next/server/app/learn.segments/_index.segment.rsc","deleted","duplicate|generated|stale","Generated/cache/build output; safe only after owner review and regeneration path confirmation."
"dashboard/.next/server/app/learn.segments/_tree.segment.rsc","deleted","generated|stale","Generated/cache/build output; safe only after owner review and regeneration path confirmation."
"dashboard/.next/server/app/learn.segments/learn.segment.rsc","deleted","duplicate|generated|stale","Generated/cache/build output; safe only after owner review and regeneration path confirmation."
"dashboard/.next/server/app/learn.segments/learn/__PAGE__.segment.rsc","deleted","generated|stale","Generated/cache/build output; safe only after owner review and regeneration path confirmation."
"dashboard/.next/server/app/learn/page_client-reference-manifest.js","deleted","generated|stale","Generated/cache/build output; safe only after owner review and regeneration path confirmation."
"dashboard/.next/server/app/learn/page.js","deleted","generated|stale","Generated/cache/build output; safe only after owner review and regeneration path confirmation."
"dashboard/.next/server/app/learn/page.js.map","deleted","duplicate|generated|stale","Generated/cache/build output; safe only after owner review and regeneration path confirmation."
"dashboard/.next/server/app/learn/page.js.nft.json","deleted","generated|stale","Generated/cache/build output; safe only after owner review and regeneration path confirmation."
"dashboard/.next/server/app/learn/page/app-paths-manifest.json","deleted","generated|stale","Generated/cache/build output; safe only after owner review and regeneration path confirmation."
"dashboard/.next/server/app/learn/page/build-manifest.json","deleted","duplicate|generated|stale","Generated/cache/build output; safe only after owner review and regeneration path confirmation."
"dashboard/.next/server/app/learn/page/next-font-manifest.json","deleted","generated|stale","Generated/cache/build output; safe only after owner review and regeneration path confirmation."
"dashboard/.next/server/app/learn/page/react-loadable-manifest.json","deleted","duplicate|generated|stale","Generated/cache/build output; safe only after owner review and regeneration path confirmation."
"dashboard/.next/server/app/learn/page/server-reference-manifest.json","deleted","duplicate|generated|stale","Generated/cache/build output; safe only after owner review and regeneration path confirmation."
"dashboard/.next/server/app/mathematics.html","deleted","generated|stale","Generated/cache/build output; safe only after owner review and regeneration path confirmation."
"dashboard/.next/server/app/mathematics.meta","deleted","generated|stale","Generated/cache/build output; safe only after owner review and regeneration path confirmation."
"dashboard/.next/server/app/mathematics.rsc","deleted","duplicate|generated|stale","Generated/cache/build output; safe only after owner review and regeneration path confirmation."
"dashboard/.next/server/app/mathematics.segments/_full.segment.rsc","deleted","duplicate|generated|stale","Generated/cache/build output; safe only after owner review and regeneration path confirmation."
"dashboard/.next/server/app/mathematics.segments/_head.segment.rsc","deleted","duplicate|generated|stale","Generated/cache/build output; safe only after owner review and regeneration path confirmation."
"dashboard/.next/server/app/mathematics.segments/_index.segment.rsc","deleted","duplicate|generated|stale","Generated/cache/build output; safe only after owner review and regeneration path confirmation."
"dashboard/.next/server/app/mathematics.segments/_tree.segment.rsc","deleted","generated|stale","Generated/cache/build output; safe only after owner review and regeneration path confirmation."
"dashboard/.next/server/app/mathematics.segments/mathematics.segment.rsc","deleted","duplicate|generated|stale","Generated/cache/build output; safe only after owner review and regeneration path confirmation."
"dashboard/.next/server/app/mathematics.segments/mathematics/__PAGE__.segment.rsc","deleted","generated|stale","Generated/cache/build output; safe only after owner review and regeneration path confirmation."
"dashboard/.next/server/app/mathematics/page_client-reference-manifest.js","deleted","generated|stale","Generated/cache/build output; safe only after owner review and regeneration path confirmation."
"dashboard/.next/server/app/mathematics/page.js","deleted","generated|stale","Generated/cache/build output; safe only after owner review and regeneration path confirmation."
"dashboard/.next/server/app/mathematics/page.js.map","deleted","duplicate|generated|stale","Generated/cache/build output; safe only after owner review and regeneration path confirmation."
"dashboard/.next/server/app/mathematics/page.js.nft.json","deleted","generated|stale","Generated/cache/build output; safe only after owner review and regeneration path confirmation."
"dashboard/.next/server/app/mathematics/page/app-paths-manifest.json","deleted","generated|stale","Generated/cache/build output; safe only after owner review and regeneration path confirmation."
"dashboard/.next/server/app/mathematics/page/build-manifest.json","deleted","duplicate|generated|stale","Generated/cache/build output; safe only after owner review and regeneration path confirmation."
"dashboard/.next/server/app/mathematics/page/next-font-manifest.json","deleted","generated|stale","Generated/cache/build output; safe only after owner review and regeneration path confirmation."
"dashboard/.next/server/app/mathematics/page/react-loadable-manifest.json","deleted","duplicate|generated|stale","Generated/cache/build output; safe only after owner review and regeneration path confirmation."
"dashboard/.next/server/app/mathematics/page/server-reference-manifest.json","deleted","duplicate|generated|stale","Generated/cache/build output; safe only after owner review and regeneration path confirmation."
"dashboard/.next/server/app/page_client-reference-manifest.js","deleted","generated|stale","Generated/cache/build output; safe only after owner review and regeneration path confirmation."
"dashboard/.next/server/app/page.js","deleted","generated|stale","Generated/cache/build output; safe only after owner review and regeneration path confirmation."
"dashboard/.next/server/app/page.js.map","deleted","duplicate|generated|stale","Generated/cache/build output; safe only after owner review and regeneration path confirmation."
"dashboard/.next/server/app/page.js.nft.json","deleted","generated|stale","Generated/cache/build output; safe only after owner review and regeneration path confirmation."
"dashboard/.next/server/app/page/app-paths-manifest.json","deleted","generated|stale","Generated/cache/build output; safe only after owner review and regeneration path confirmation."
"dashboard/.next/server/app/page/build-manifest.json","deleted","duplicate|generated|stale","Generated/cache/build output; safe only after owner review and regeneration path confirmation."
"dashboard/.next/server/app/page/next-font-manifest.json","deleted","generated|stale","Generated/cache/build output; safe only after owner review and regeneration path confirmation."
"dashboard/.next/server/app/page/react-loadable-manifest.json","deleted","duplicate|generated|stale","Generated/cache/build output; safe only after owner review and regeneration path confirmation."
"dashboard/.next/server/app/page/server-reference-manifest.json","deleted","duplicate|generated|stale","Generated/cache/build output; safe only after owner review and regeneration path confirmation."
"dashboard/.next/server/app/physics.html","deleted","generated|stale","Generated/cache/build output; safe only after owner review and regeneration path confirmation."
"dashboard/.next/server/app/physics.meta","deleted","generated|stale","Generated/cache/build output; safe only after owner review and regeneration path confirmation."
"dashboard/.next/server/app/physics.rsc","deleted","duplicate|generated|stale","Generated/cache/build output; safe only after owner review and regeneration path confirmation."
"dashboard/.next/server/app/physics.segments/_full.segment.rsc","deleted","duplicate|generated|stale","Generated/cache/build output; safe only after owner review and regeneration path confirmation."
"dashboard/.next/server/app/physics.segments/_head.segment.rsc","deleted","duplicate|generated|stale","Generated/cache/build output; safe only after owner review and regeneration path confirmation."
"dashboard/.next/server/app/physics.segments/_index.segment.rsc","deleted","duplicate|generated|stale","Generated/cache/build output; safe only after owner review and regeneration path confirmation."
"dashboard/.next/server/app/physics.segments/_tree.segment.rsc","deleted","generated|stale","Generated/cache/build output; safe only after owner review and regeneration path confirmation."
"dashboard/.next/server/app/physics.segments/physics.segment.rsc","deleted","duplicate|generated|stale","Generated/cache/build output; safe only after owner review and regeneration path confirmation."
"dashboard/.next/server/app/physics.segments/physics/__PAGE__.segment.rsc","deleted","duplicate|generated|stale","Generated/cache/build output; safe only after owner review and regeneration path confirmation."
"dashboard/.next/server/app/physics/page_client-reference-manifest.js","deleted","generated|stale","Generated/cache/build output; safe only after owner review and regeneration path confirmation."
"dashboard/.next/server/app/physics/page.js","deleted","generated|stale","Generated/cache/build output; safe only after owner review and regeneration path confirmation."
"dashboard/.next/server/app/physics/page.js.map","deleted","duplicate|generated|stale","Generated/cache/build output; safe only after owner review and regeneration path confirmation."
"dashboard/.next/server/app/physics/page.js.nft.json","deleted","generated|stale","Generated/cache/build output; safe only after owner review and regeneration path confirmation."
"dashboard/.next/server/app/physics/page/app-paths-manifest.json","deleted","generated|stale","Generated/cache/build output; safe only after owner review and regeneration path confirmation."
"dashboard/.next/server/app/physics/page/build-manifest.json","deleted","duplicate|generated|stale","Generated/cache/build output; safe only after owner review and regeneration path confirmation."
"dashboard/.next/server/app/physics/page/next-font-manifest.json","deleted","generated|stale","Generated/cache/build output; safe only after owner review and regeneration path confirmation."
"dashboard/.next/server/app/physics/page/react-loadable-manifest.json","deleted","duplicate|generated|stale","Generated/cache/build output; safe only after owner review and regeneration path confirmation."
"dashboard/.next/server/app/physics/page/server-reference-manifest.json","deleted","duplicate|generated|stale","Generated/cache/build output; safe only after owner review and regeneration path confirmation."
"dashboard/.next/server/app/quantum.html","deleted","generated|stale","Generated/cache/build output; safe only after owner review and regeneration path confirmation."
"dashboard/.next/server/app/quantum.meta","deleted","generated|stale","Generated/cache/build output; safe only after owner review and regeneration path confirmation."
"dashboard/.next/server/app/quantum.rsc","deleted","duplicate|generated|stale","Generated/cache/build output; safe only after owner review and regeneration path confirmation."
"dashboard/.next/server/app/quantum.segments/_full.segment.rsc","deleted","duplicate|generated|stale","Generated/cache/build output; safe only after owner review and regeneration path confirmation."
"dashboard/.next/server/app/quantum.segments/_head.segment.rsc","deleted","duplicate|generated|stale","Generated/cache/build output; safe only after owner review and regeneration path confirmation."
"dashboard/.next/server/app/quantum.segments/_index.segment.rsc","deleted","duplicate|generated|stale","Generated/cache/build output; safe only after owner review and regeneration path confirmation."
"dashboard/.next/server/app/quantum.segments/_tree.segment.rsc","deleted","generated|stale","Generated/cache/build output; safe only after owner review and regeneration path confirmation."
"dashboard/.next/server/app/quantum.segments/quantum.segment.rsc","deleted","duplicate|generated|stale","Generated/cache/build output; safe only after owner review and regeneration path confirmation."
"dashboard/.next/server/app/quantum.segments/quantum/__PAGE__.segment.rsc","deleted","generated|stale","Generated/cache/build output; safe only after owner review and regeneration path confirmation."
"dashboard/.next/server/app/quantum/page_client-reference-manifest.js","deleted","generated|stale","Generated/cache/build output; safe only after owner review and regeneration path confirmation."
"dashboard/.next/server/app/quantum/page.js","deleted","generated|stale","Generated/cache/build output; safe only after owner review and regeneration path confirmation."
"dashboard/.next/server/app/quantum/page.js.map","deleted","duplicate|generated|stale","Generated/cache/build output; safe only after owner review and regeneration path confirmation."
"dashboard/.next/server/app/quantum/page.js.nft.json","deleted","generated|stale","Generated/cache/build output; safe only after owner review and regeneration path confirmation."
"dashboard/.next/server/app/quantum/page/app-paths-manifest.json","deleted","generated|stale","Generated/cache/build output; safe only after owner review and regeneration path confirmation."
"dashboard/.next/server/app/quantum/page/build-manifest.json","deleted","duplicate|generated|stale","Generated/cache/build output; safe only after owner review and regeneration path confirmation."
"dashboard/.next/server/app/quantum/page/next-font-manifest.json","deleted","generated|stale","Generated/cache/build output; safe only after owner review and regeneration path confirmation."
"dashboard/.next/server/app/quantum/page/react-loadable-manifest.json","deleted","duplicate|generated|stale","Generated/cache/build output; safe only after owner review and regeneration path confirmation."
"dashboard/.next/server/app/quantum/page/server-reference-manifest.json","deleted","duplicate|generated|stale","Generated/cache/build output; safe only after owner review and regeneration path confirmation."
"dashboard/.next/server/app/satellite.html","deleted","generated|stale","Generated/cache/build output; safe only after owner review and regeneration path confirmation."
"dashboard/.next/server/app/satellite.meta","deleted","generated|stale","Generated/cache/build output; safe only after owner review and regeneration path confirmation."
"dashboard/.next/server/app/satellite.rsc","deleted","duplicate|generated|stale","Generated/cache/build output; safe only after owner review and regeneration path confirmation."
"dashboard/.next/server/app/satellite.segments/_full.segment.rsc","deleted","duplicate|generated|stale","Generated/cache/build output; safe only after owner review and regeneration path confirmation."
"dashboard/.next/server/app/satellite.segments/_head.segment.rsc","deleted","duplicate|generated|stale","Generated/cache/build output; safe only after owner review and regeneration path confirmation."
"dashboard/.next/server/app/satellite.segments/_index.segment.rsc","deleted","duplicate|generated|stale","Generated/cache/build output; safe only after owner review and regeneration path confirmation."
"dashboard/.next/server/app/satellite.segments/_tree.segment.rsc","deleted","generated|stale","Generated/cache/build output; safe only after owner review and regeneration path confirmation."
"dashboard/.next/server/app/satellite.segments/satellite.segment.rsc","deleted","duplicate|generated|stale","Generated/cache/build output; safe only after owner review and regeneration path confirmation."
"dashboard/.next/server/app/satellite.segments/satellite/__PAGE__.segment.rsc","deleted","generated|stale","Generated/cache/build output; safe only after owner review and regeneration path confirmation."
"dashboard/.next/server/app/satellite/page_client-reference-manifest.js","deleted","generated|stale","Generated/cache/build output; safe only after owner review and regeneration path confirmation."
"dashboard/.next/server/app/satellite/page.js","deleted","generated|stale","Generated/cache/build output; safe only after owner review and regeneration path confirmation."
"dashboard/.next/server/app/satellite/page.js.map","deleted","duplicate|generated|stale","Generated/cache/build output; safe only after owner review and regeneration path confirmation."
"dashboard/.next/server/app/satellite/page.js.nft.json","deleted","generated|stale","Generated/cache/build output; safe only after owner review and regeneration path confirmation."
"dashboard/.next/server/app/satellite/page/app-paths-manifest.json","deleted","generated|stale","Generated/cache/build output; safe only after owner review and regeneration path confirmation."
"dashboard/.next/server/app/satellite/page/build-manifest.json","deleted","duplicate|generated|stale","Generated/cache/build output; safe only after owner review and regeneration path confirmation."
"dashboard/.next/server/app/satellite/page/next-font-manifest.json","deleted","generated|stale","Generated/cache/build output; safe only after owner review and regeneration path confirmation."
"dashboard/.next/server/app/satellite/page/react-loadable-manifest.json","deleted","duplicate|generated|stale","Generated/cache/build output; safe only after owner review and regeneration path confirmation."
"dashboard/.next/server/app/satellite/page/server-reference-manifest.json","deleted","duplicate|generated|stale","Generated/cache/build output; safe only after owner review and regeneration path confirmation."
"dashboard/.next/server/chunks/_next-internal_server_app_favicon_ico_route_actions_095lj93.js","deleted","generated|stale","Generated/cache/build output; safe only after owner review and regeneration path confirmation."
"dashboard/.next/server/chunks/_next-internal_server_app_favicon_ico_route_actions_095lj93.js.map","deleted","duplicate|generated|stale","Generated/cache/build output; safe only after owner review and regeneration path confirmation."
"dashboard/.next/server/chunks/[externals]_next_dist_0arv.vj._.js","deleted","generated|stale","Generated/cache/build output; safe only after owner review and regeneration path confirmation."
"dashboard/.next/server/chunks/[externals]_next_dist_0arv.vj._.js.map","deleted","duplicate|generated|stale","Generated/cache/build output; safe only after owner review and regeneration path confirmation."
"dashboard/.next/server/chunks/[root-of-the-server]__0teziyo._.js","deleted","generated|stale","Generated/cache/build output; safe only after owner review and regeneration path confirmation."
"dashboard/.next/server/chunks/[root-of-the-server]__0teziyo._.js.map","deleted","generated|stale","Generated/cache/build output; safe only after owner review and regeneration path confirmation."
"dashboard/.next/server/chunks/[turbopack]_runtime.js","deleted","generated|stale","Generated/cache/build output; safe only after owner review and regeneration path confirmation."
"dashboard/.next/server/chunks/[turbopack]_runtime.js.map","deleted","duplicate|generated|stale","Generated/cache/build output; safe only after owner review and regeneration path confirmation."
"dashboard/.next/server/chunks/ssr/_0-feljj._.js","deleted","generated|stale","Generated/cache/build output; safe only after owner review and regeneration path confirmation."
"dashboard/.next/server/chunks/ssr/_0-feljj._.js.map","deleted","generated|stale","Generated/cache/build output; safe only after owner review and regeneration path confirmation."
"dashboard/.next/server/chunks/ssr/_0~mqzez._.js","deleted","generated|stale","Generated/cache/build output; safe only after owner review and regeneration path confirmation."
"dashboard/.next/server/chunks/ssr/_0~mqzez._.js.map","deleted","generated|stale","Generated/cache/build output; safe only after owner review and regeneration path confirmation."
"dashboard/.next/server/chunks/ssr/_00t5yzh._.js","deleted","generated|stale","Generated/cache/build output; safe only after owner review and regeneration path confirmation."
"dashboard/.next/server/chunks/ssr/_00t5yzh._.js.map","deleted","generated|stale","Generated/cache/build output; safe only after owner review and regeneration path confirmation."
"dashboard/.next/server/chunks/ssr/_03w667h._.js","deleted","generated|stale","Generated/cache/build output; safe only after owner review and regeneration path confirmation."
"dashboard/.next/server/chunks/ssr/_03w667h._.js.map","deleted","generated|stale","Generated/cache/build output; safe only after owner review and regeneration path confirmation."
"dashboard/.next/server/chunks/ssr/_0bqxywj._.js","deleted","generated|stale","Generated/cache/build output; safe only after owner review and regeneration path confirmation."
"dashboard/.next/server/chunks/ssr/_0bqxywj._.js.map","deleted","generated|stale","Generated/cache/build output; safe only after owner review and regeneration path confirmation."
"dashboard/.next/server/chunks/ssr/_0h7f_q3._.js","deleted","generated|stale","Generated/cache/build output; safe only after owner review and regeneration path confirmation."
"dashboard/.next/server/chunks/ssr/_0h7f_q3._.js.map","deleted","generated|stale","Generated/cache/build output; safe only after owner review and regeneration path confirmation."
"dashboard/.next/server/chunks/ssr/_0kbpv9p._.js","deleted","generated|stale","Generated/cache/build output; safe only after owner review and regeneration path confirmation."
"dashboard/.next/server/chunks/ssr/_0kbpv9p._.js.map","deleted","generated|stale","Generated/cache/build output; safe only after owner review and regeneration path confirmation."
"dashboard/.next/server/chunks/ssr/_0l6ac_u._.js","deleted","generated|stale","Generated/cache/build output; safe only after owner review and regeneration path confirmation."
"dashboard/.next/server/chunks/ssr/_0l6ac_u._.js.map","deleted","generated|stale","Generated/cache/build output; safe only after owner review and regeneration path confirmation."
"dashboard/.next/server/chunks/ssr/_0m1hupg._.js","deleted","generated|stale","Generated/cache/build output; safe only after owner review and regeneration path confirmation."
"dashboard/.next/server/chunks/ssr/_0m1hupg._.js.map","deleted","generated|stale","Generated/cache/build output; safe only after owner review and regeneration path confirmation."
"dashboard/.next/server/chunks/ssr/_0mzruk9._.js","deleted","generated|stale","Generated/cache/build output; safe only after owner review and regeneration path confirmation."
"dashboard/.next/server/chunks/ssr/_0mzruk9._.js.map","deleted","generated|stale","Generated/cache/build output; safe only after owner review and regeneration path confirmation."
"dashboard/.next/server/chunks/ssr/_0oqpykg._.js","deleted","generated|stale","Generated/cache/build output; safe only after owner review and regeneration path confirmation."
"dashboard/.next/server/chunks/ssr/_0oqpykg._.js.map","deleted","generated|stale","Generated/cache/build output; safe only after owner review and regeneration path confirmation."
"dashboard/.next/server/chunks/ssr/_0r_to_3._.js","deleted","generated|stale","Generated/cache/build output; safe only after owner review and regeneration path confirmation."
"dashboard/.next/server/chunks/ssr/_0r_to_3._.js.map","deleted","generated|stale","Generated/cache/build output; safe only after owner review and regeneration path confirmation."
"dashboard/.next/server/chunks/ssr/_0sdd1rf._.js","deleted","generated|stale","Generated/cache/build output; safe only after owner review and regeneration path confirmation."
"dashboard/.next/server/chunks/ssr/_0sdd1rf._.js.map","deleted","generated|stale","Generated/cache/build output; safe only after owner review and regeneration path confirmation."
"dashboard/.next/server/chunks/ssr/_0x7rm-j._.js","deleted","generated|stale","Generated/cache/build output; safe only after owner review and regeneration path confirmation."
"dashboard/.next/server/chunks/ssr/_0x7rm-j._.js.map","deleted","generated|stale","Generated/cache/build output; safe only after owner review and regeneration path confirmation."
"dashboard/.next/server/chunks/ssr/_12i5brm._.js","deleted","generated|stale","Generated/cache/build output; safe only after owner review and regeneration path confirmation."
"dashboard/.next/server/chunks/ssr/_12i5brm._.js.map","deleted","generated|stale","Generated/cache/build output; safe only after owner review and regeneration path confirmation."
"dashboard/.next/server/chunks/ssr/_12y3hc.._.js","deleted","generated|stale","Generated/cache/build output; safe only after owner review and regeneration path confirmation."
"dashboard/.next/server/chunks/ssr/_12y3hc.._.js.map","deleted","generated|stale","Generated/cache/build output; safe only after owner review and regeneration path confirmation."
"dashboard/.next/server/chunks/ssr/_next-internal_server_app__global-error_page_actions_0k77kol.js","deleted","generated|stale","Generated/cache/build output; safe only after owner review and regeneration path confirmation."
"dashboard/.next/server/chunks/ssr/_next-internal_server_app__global-error_page_actions_0k77kol.js.map","deleted","duplicate|generated|stale","Generated/cache/build output; safe only after owner review and regeneration path confirmation."
"dashboard/.next/server/chunks/ssr/_next-internal_server_app__not-found_page_actions_0eq97pa.js","deleted","generated|stale","Generated/cache/build output; safe only after owner review and regeneration path confirmation."
"dashboard/.next/server/chunks/ssr/_next-internal_server_app__not-found_page_actions_0eq97pa.js.map","deleted","duplicate|generated|stale","Generated/cache/build output; safe only after owner review and regeneration path confirmation."
"dashboard/.next/server/chunks/ssr/_next-internal_server_app_[lang]_compare_page_actions_0va.on7.js","deleted","generated|stale","Generated/cache/build output; safe only after owner review and regeneration path confirmation."
"dashboard/.next/server/chunks/ssr/_next-internal_server_app_[lang]_compare_page_actions_0va.on7.js.map","deleted","duplicate|generated|stale","Generated/cache/build output; safe only after owner review and regeneration path confirmation."
"dashboard/.next/server/chunks/ssr/_next-internal_server_app_[lang]_dashboard_benchmark_page_actions_0o1yjyp.js","deleted","generated|stale","Generated/cache/build output; safe only after owner review and regeneration path confirmation."
"dashboard/.next/server/chunks/ssr/_next-internal_server_app_[lang]_dashboard_benchmark_page_actions_0o1yjyp.js.map","deleted","duplicate|generated|stale","Generated/cache/build output; safe only after owner review and regeneration path confirmation."
"dashboard/.next/server/chunks/ssr/_next-internal_server_app_[lang]_dashboard_log_page_actions_0vm5dl1.js","deleted","generated|stale","Generated/cache/build output; safe only after owner review and regeneration path confirmation."
"dashboard/.next/server/chunks/ssr/_next-internal_server_app_[lang]_dashboard_log_page_actions_0vm5dl1.js.map","deleted","duplicate|generated|stale","Generated/cache/build output; safe only after owner review and regeneration path confirmation."
"dashboard/.next/server/chunks/ssr/_next-internal_server_app_[lang]_dashboard_page_actions_108tr6f.js","deleted","generated|stale","Generated/cache/build output; safe only after owner review and regeneration path confirmation."
"dashboard/.next/server/chunks/ssr/_next-internal_server_app_[lang]_dashboard_page_actions_108tr6f.js.map","deleted","duplicate|generated|stale","Generated/cache/build output; safe only after owner review and regeneration path confirmation."
"dashboard/.next/server/chunks/ssr/_next-internal_server_app_[lang]_dashboard_roadmap_page_actions_0inrcky.js","deleted","generated|stale","Generated/cache/build output; safe only after owner review and regeneration path confirmation."
"dashboard/.next/server/chunks/ssr/_next-internal_server_app_[lang]_dashboard_roadmap_page_actions_0inrcky.js.map","deleted","duplicate|generated|stale","Generated/cache/build output; safe only after owner review and regeneration path confirmation."
"dashboard/.next/server/chunks/ssr/_next-internal_server_app_[lang]_dashboard_scientific-log_page_actions_11bqfou.js","deleted","generated|stale","Generated/cache/build output; safe only after owner review and regeneration path confirmation."
"dashboard/.next/server/chunks/ssr/_next-internal_server_app_[lang]_dashboard_scientific-log_page_actions_11bqfou.js.map","deleted","duplicate|generated|stale","Generated/cache/build output; safe only after owner review and regeneration path confirmation."
"dashboard/.next/server/chunks/ssr/_next-internal_server_app_[lang]_dashboard_timeline_page_actions_0f9w-yn.js","deleted","generated|stale","Generated/cache/build output; safe only after owner review and regeneration path confirmation."
"dashboard/.next/server/chunks/ssr/_next-internal_server_app_[lang]_dashboard_timeline_page_actions_0f9w-yn.js.map","deleted","duplicate|generated|stale","Generated/cache/build output; safe only after owner review and regeneration path confirmation."
"dashboard/.next/server/chunks/ssr/_next-internal_server_app_[lang]_discoveries_page_actions_0_~ba9u.js","deleted","generated|stale","Generated/cache/build output; safe only after owner review and regeneration path confirmation."
"dashboard/.next/server/chunks/ssr/_next-internal_server_app_[lang]_discoveries_page_actions_0_~ba9u.js.map","deleted","duplicate|generated|stale","Generated/cache/build output; safe only after owner review and regeneration path confirmation."
"dashboard/.next/server/chunks/ssr/_next-internal_server_app_[lang]_interactive_page_actions_0do7x7~.js","deleted","generated|stale","Generated/cache/build output; safe only after owner review and regeneration path confirmation."
"dashboard/.next/server/chunks/ssr/_next-internal_server_app_[lang]_interactive_page_actions_0do7x7~.js.map","deleted","duplicate|generated|stale","Generated/cache/build output; safe only after owner review and regeneration path confirmation."
"dashboard/.next/server/chunks/ssr/_next-internal_server_app_[lang]_learn_page_actions_0tz6qdh.js","deleted","generated|stale","Generated/cache/build output; safe only after owner review and regeneration path confirmation."
"dashboard/.next/server/chunks/ssr/_next-internal_server_app_[lang]_learn_page_actions_0tz6qdh.js.map","deleted","duplicate|generated|stale","Generated/cache/build output; safe only after owner review and regeneration path confirmation."
"dashboard/.next/server/chunks/ssr/_next-internal_server_app_[lang]_mathematics_page_actions_0_skj7i.js","deleted","generated|stale","Generated/cache/build output; safe only after owner review and regeneration path confirmation."
"dashboard/.next/server/chunks/ssr/_next-internal_server_app_[lang]_mathematics_page_actions_0_skj7i.js.map","deleted","duplicate|generated|stale","Generated/cache/build output; safe only after owner review and regeneration path confirmation."
"dashboard/.next/server/chunks/ssr/_next-internal_server_app_[lang]_physics_page_actions_04fjevj.js","deleted","generated|stale","Generated/cache/build output; safe only after owner review and regeneration path confirmation."
"dashboard/.next/server/chunks/ssr/_next-internal_server_app_[lang]_physics_page_actions_04fjevj.js.map","deleted","duplicate|generated|stale","Generated/cache/build output; safe only after owner review and regeneration path confirmation."
"dashboard/.next/server/chunks/ssr/_next-internal_server_app_[lang]_quantum_page_actions_0inrhvn.js","deleted","generated|stale","Generated/cache/build output; safe only after owner review and regeneration path confirmation."
"dashboard/.next/server/chunks/ssr/_next-internal_server_app_[lang]_quantum_page_actions_0inrhvn.js.map","deleted","duplicate|generated|stale","Generated/cache/build output; safe only after owner review and regeneration path confirmation."
"dashboard/.next/server/chunks/ssr/_next-internal_server_app_[lang]_satellite_page_actions_0vdejvu.js","deleted","generated|stale","Generated/cache/build output; safe only after owner review and regeneration path confirmation."
"dashboard/.next/server/chunks/ssr/_next-internal_server_app_[lang]_satellite_page_actions_0vdejvu.js.map","deleted","duplicate|generated|stale","Generated/cache/build output; safe only after owner review and regeneration path confirmation."
"dashboard/.next/server/chunks/ssr/_next-internal_server_app_discoveries_page_actions_10lflj8.js","deleted","generated|stale","Generated/cache/build output; safe only after owner review and regeneration path confirmation."
"dashboard/.next/server/chunks/ssr/_next-internal_server_app_discoveries_page_actions_10lflj8.js.map","deleted","duplicate|generated|stale","Generated/cache/build output; safe only after owner review and regeneration path confirmation."
"dashboard/.next/server/chunks/ssr/_next-internal_server_app_learn_page_actions_09dl7vk.js","deleted","generated|stale","Generated/cache/build output; safe only after owner review and regeneration path confirmation."
"dashboard/.next/server/chunks/ssr/_next-internal_server_app_learn_page_actions_09dl7vk.js.map","deleted","duplicate|generated|stale","Generated/cache/build output; safe only after owner review and regeneration path confirmation."
"dashboard/.next/server/chunks/ssr/_next-internal_server_app_mathematics_page_actions_0ffs-bs.js","deleted","generated|stale","Generated/cache/build output; safe only after owner review and regeneration path confirmation."
"dashboard/.next/server/chunks/ssr/_next-internal_server_app_mathematics_page_actions_0ffs-bs.js.map","deleted","duplicate|generated|stale","Generated/cache/build output; safe only after owner review and regeneration path confirmation."
"dashboard/.next/server/chunks/ssr/_next-internal_server_app_page_actions_09-gtaw.js","deleted","generated|stale","Generated/cache/build output; safe only after owner review and regeneration path confirmation."
"dashboard/.next/server/chunks/ssr/_next-internal_server_app_page_actions_09-gtaw.js.map","deleted","duplicate|generated|stale","Generated/cache/build output; safe only after owner review and regeneration path confirmation."
"dashboard/.next/server/chunks/ssr/_next-internal_server_app_physics_page_actions_0~4t.5f.js","deleted","generated|stale","Generated/cache/build output; safe only after owner review and regeneration path confirmation."
"dashboard/.next/server/chunks/ssr/_next-internal_server_app_physics_page_actions_0~4t.5f.js.map","deleted","duplicate|generated|stale","Generated/cache/build output; safe only after owner review and regeneration path confirmation."
"dashboard/.next/server/chunks/ssr/_next-internal_server_app_quantum_page_actions_0zj1ae7.js","deleted","generated|stale","Generated/cache/build output; safe only after owner review and regeneration path confirmation."
"dashboard/.next/server/chunks/ssr/_next-internal_server_app_quantum_page_actions_0zj1ae7.js.map","deleted","duplicate|generated|stale","Generated/cache/build output; safe only after owner review and regeneration path confirmation."
"dashboard/.next/server/chunks/ssr/_next-internal_server_app_satellite_page_actions_0p~dpt4.js","deleted","generated|stale","Generated/cache/build output; safe only after owner review and regeneration path confirmation."
"dashboard/.next/server/chunks/ssr/_next-internal_server_app_satellite_page_actions_0p~dpt4.js.map","deleted","duplicate|generated|stale","Generated/cache/build output; safe only after owner review and regeneration path confirmation."
"dashboard/.next/server/chunks/ssr/[root-of-the-server]__0~j_w~b._.js","deleted","generated|stale","Generated/cache/build output; safe only after owner review and regeneration path confirmation."
"dashboard/.next/server/chunks/ssr/[root-of-the-server]__0~j_w~b._.js.map","deleted","generated|stale","Generated/cache/build output; safe only after owner review and regeneration path confirmation."
"dashboard/.next/server/chunks/ssr/[root-of-the-server]__00d9hp9._.js","deleted","generated|stale","Generated/cache/build output; safe only after owner review and regeneration path confirmation."
"dashboard/.next/server/chunks/ssr/[root-of-the-server]__00d9hp9._.js.map","deleted","generated|stale","Generated/cache/build output; safe only after owner review and regeneration path confirmation."
"dashboard/.next/server/chunks/ssr/[root-of-the-server]__04gq-xc._.js","deleted","generated|stale","Generated/cache/build output; safe only after owner review and regeneration path confirmation."
"dashboard/.next/server/chunks/ssr/[root-of-the-server]__04gq-xc._.js.map","deleted","generated|stale","Generated/cache/build output; safe only after owner review and regeneration path confirmation."
"dashboard/.next/server/chunks/ssr/[root-of-the-server]__050fngu._.js","deleted","generated|stale","Generated/cache/build output; safe only after owner review and regeneration path confirmation."
"dashboard/.next/server/chunks/ssr/[root-of-the-server]__050fngu._.js.map","deleted","generated|stale","Generated/cache/build output; safe only after owner review and regeneration path confirmation."
"dashboard/.next/server/chunks/ssr/[root-of-the-server]__05r1o6y._.js","deleted","generated|stale","Generated/cache/build output; safe only after owner review and regeneration path confirmation."
"dashboard/.next/server/chunks/ssr/[root-of-the-server]__05r1o6y._.js.map","deleted","generated|stale","Generated/cache/build output; safe only after owner review and regeneration path confirmation."
"dashboard/.next/server/chunks/ssr/[root-of-the-server]__06.tpi6._.js","deleted","generated|stale","Generated/cache/build output; safe only after owner review and regeneration path confirmation."
"dashboard/.next/server/chunks/ssr/[root-of-the-server]__06.tpi6._.js.map","deleted","generated|stale","Generated/cache/build output; safe only after owner review and regeneration path confirmation."
"dashboard/.next/server/chunks/ssr/[root-of-the-server]__06jreay._.js","deleted","generated|stale","Generated/cache/build output; safe only after owner review and regeneration path confirmation."
"dashboard/.next/server/chunks/ssr/[root-of-the-server]__06jreay._.js.map","deleted","generated|stale","Generated/cache/build output; safe only after owner review and regeneration path confirmation."
"dashboard/.next/server/chunks/ssr/[root-of-the-server]__08e5v4-._.js","deleted","generated|stale","Generated/cache/build output; safe only after owner review and regeneration path confirmation."
"dashboard/.next/server/chunks/ssr/[root-of-the-server]__08e5v4-._.js.map","deleted","generated|stale","Generated/cache/build output; safe only after owner review and regeneration path confirmation."
"dashboard/.next/server/chunks/ssr/[root-of-the-server]__098zro9._.js","deleted","generated|stale","Generated/cache/build output; safe only after owner review and regeneration path confirmation."
"dashboard/.next/server/chunks/ssr/[root-of-the-server]__098zro9._.js.map","deleted","generated|stale","Generated/cache/build output; safe only after owner review and regeneration path confirmation."
"dashboard/.next/server/chunks/ssr/[root-of-the-server]__0gs673v._.js","deleted","generated|stale","Generated/cache/build output; safe only after owner review and regeneration path confirmation."
"dashboard/.next/server/chunks/ssr/[root-of-the-server]__0gs673v._.js.map","deleted","generated|stale","Generated/cache/build output; safe only after owner review and regeneration path confirmation."
"dashboard/.next/server/chunks/ssr/[root-of-the-server]__0i8j5nn._.js","deleted","generated|stale","Generated/cache/build output; safe only after owner review and regeneration path confirmation."
"dashboard/.next/server/chunks/ssr/[root-of-the-server]__0i8j5nn._.js.map","deleted","generated|stale","Generated/cache/build output; safe only after owner review and regeneration path confirmation."
"dashboard/.next/server/chunks/ssr/[root-of-the-server]__0i9qg2.._.js","deleted","generated|stale","Generated/cache/build output; safe only after owner review and regeneration path confirmation."
"dashboard/.next/server/chunks/ssr/[root-of-the-server]__0i9qg2.._.js.map","deleted","generated|stale","Generated/cache/build output; safe only after owner review and regeneration path confirmation."
"dashboard/.next/server/chunks/ssr/[root-of-the-server]__0iay_rz._.js","deleted","generated|stale","Generated/cache/build output; safe only after owner review and regeneration path confirmation."
"dashboard/.next/server/chunks/ssr/[root-of-the-server]__0iay_rz._.js.map","deleted","generated|stale","Generated/cache/build output; safe only after owner review and regeneration path confirmation."
"dashboard/.next/server/chunks/ssr/[root-of-the-server]__0lb38w_._.js","deleted","generated|stale","Generated/cache/build output; safe only after owner review and regeneration path confirmation."
"dashboard/.next/server/chunks/ssr/[root-of-the-server]__0lb38w_._.js.map","deleted","generated|stale","Generated/cache/build output; safe only after owner review and regeneration path confirmation."
"dashboard/.next/server/chunks/ssr/[root-of-the-server]__0lc01vx._.js","deleted","generated|stale","Generated/cache/build output; safe only after owner review and regeneration path confirmation."
"dashboard/.next/server/chunks/ssr/[root-of-the-server]__0lc01vx._.js.map","deleted","generated|stale","Generated/cache/build output; safe only after owner review and regeneration path confirmation."
"dashboard/.next/server/chunks/ssr/[root-of-the-server]__0nhocl6._.js","deleted","generated|stale","Generated/cache/build output; safe only after owner review and regeneration path confirmation."
"dashboard/.next/server/chunks/ssr/[root-of-the-server]__0nhocl6._.js.map","deleted","generated|stale","Generated/cache/build output; safe only after owner review and regeneration path confirmation."
"dashboard/.next/server/chunks/ssr/[root-of-the-server]__0nrd4ps._.js","deleted","generated|stale","Generated/cache/build output; safe only after owner review and regeneration path confirmation."
"dashboard/.next/server/chunks/ssr/[root-of-the-server]__0nrd4ps._.js.map","deleted","generated|stale","Generated/cache/build output; safe only after owner review and regeneration path confirmation."
"dashboard/.next/server/chunks/ssr/[root-of-the-server]__0o6gown._.js","deleted","generated|stale","Generated/cache/build output; safe only after owner review and regeneration path confirmation."
"dashboard/.next/server/chunks/ssr/[root-of-the-server]__0o6gown._.js.map","deleted","generated|stale","Generated/cache/build output; safe only after owner review and regeneration path confirmation."
"dashboard/.next/server/chunks/ssr/[root-of-the-server]__0qnj36-._.js","deleted","generated|stale","Generated/cache/build output; safe only after owner review and regeneration path confirmation."
"dashboard/.next/server/chunks/ssr/[root-of-the-server]__0qnj36-._.js.map","deleted","generated|stale","Generated/cache/build output; safe only after owner review and regeneration path confirmation."
"dashboard/.next/server/chunks/ssr/[root-of-the-server]__0s3gqwx._.js","deleted","generated|stale","Generated/cache/build output; safe only after owner review and regeneration path confirmation."
"dashboard/.next/server/chunks/ssr/[root-of-the-server]__0s3gqwx._.js.map","deleted","generated|stale","Generated/cache/build output; safe only after owner review and regeneration path confirmation."
"dashboard/.next/server/chunks/ssr/[root-of-the-server]__0syhi6t._.js","deleted","generated|stale","Generated/cache/build output; safe only after owner review and regeneration path confirmation."
"dashboard/.next/server/chunks/ssr/[root-of-the-server]__0syhi6t._.js.map","deleted","generated|stale","Generated/cache/build output; safe only after owner review and regeneration path confirmation."
"dashboard/.next/server/chunks/ssr/[root-of-the-server]__0t--w7c._.js","deleted","generated|stale","Generated/cache/build output; safe only after owner review and regeneration path confirmation."
"dashboard/.next/server/chunks/ssr/[root-of-the-server]__0t--w7c._.js.map","deleted","generated|stale","Generated/cache/build output; safe only after owner review and regeneration path confirmation."
"dashboard/.next/server/chunks/ssr/[root-of-the-server]__0ukx1xa._.js","deleted","generated|stale","Generated/cache/build output; safe only after owner review and regeneration path confirmation."
"dashboard/.next/server/chunks/ssr/[root-of-the-server]__0ukx1xa._.js.map","deleted","generated|stale","Generated/cache/build output; safe only after owner review and regeneration path confirmation."
"dashboard/.next/server/chunks/ssr/[root-of-the-server]__0wu2b0.._.js","deleted","generated|stale","Generated/cache/build output; safe only after owner review and regeneration path confirmation."
"dashboard/.next/server/chunks/ssr/[root-of-the-server]__0wu2b0.._.js.map","deleted","generated|stale","Generated/cache/build output; safe only after owner review and regeneration path confirmation."
"dashboard/.next/server/chunks/ssr/[root-of-the-server]__0xghsom._.js","deleted","generated|stale","Generated/cache/build output; safe only after owner review and regeneration path confirmation."
"dashboard/.next/server/chunks/ssr/[root-of-the-server]__0xghsom._.js.map","deleted","generated|stale","Generated/cache/build output; safe only after owner review and regeneration path confirmation."
"dashboard/.next/server/chunks/ssr/[root-of-the-server]__0z9neta._.js","deleted","generated|stale","Generated/cache/build output; safe only after owner review and regeneration path confirmation."
"dashboard/.next/server/chunks/ssr/[root-of-the-server]__0z9neta._.js.map","deleted","generated|stale","Generated/cache/build output; safe only after owner review and regeneration path confirmation."
"dashboard/.next/server/chunks/ssr/[root-of-the-server]__0zh_z6g._.js","deleted","generated|stale","Generated/cache/build output; safe only after owner review and regeneration path confirmation."
"dashboard/.next/server/chunks/ssr/[root-of-the-server]__0zh_z6g._.js.map","deleted","generated|stale","Generated/cache/build output; safe only after owner review and regeneration path confirmation."
"dashboard/.next/server/chunks/ssr/[root-of-the-server]__10y8nnq._.js","deleted","generated|stale","Generated/cache/build output; safe only after owner review and regeneration path confirmation."
"dashboard/.next/server/chunks/ssr/[root-of-the-server]__10y8nnq._.js.map","deleted","generated|stale","Generated/cache/build output; safe only after owner review and regeneration path confirmation."
"dashboard/.next/server/chunks/ssr/[turbopack]_runtime.js","deleted","generated|stale","Generated/cache/build output; safe only after owner review and regeneration path confirmation."
"dashboard/.next/server/chunks/ssr/[turbopack]_runtime.js.map","deleted","duplicate|generated|stale","Generated/cache/build output; safe only after owner review and regeneration path confirmation."
"dashboard/.next/server/chunks/ssr/node_modules_08h8cko._.js","deleted","generated|stale","Generated/cache/build output; safe only after owner review and regeneration path confirmation."
"dashboard/.next/server/chunks/ssr/node_modules_08h8cko._.js.map","deleted","generated|stale","Generated/cache/build output; safe only after owner review and regeneration path confirmation."
"dashboard/.next/server/chunks/ssr/node_modules_097ebwv._.js","deleted","generated|stale","Generated/cache/build output; safe only after owner review and regeneration path confirmation."
"dashboard/.next/server/chunks/ssr/node_modules_097ebwv._.js.map","deleted","generated|stale","Generated/cache/build output; safe only after owner review and regeneration path confirmation."
"dashboard/.next/server/chunks/ssr/node_modules_09w7yel._.js","deleted","generated|stale","Generated/cache/build output; safe only after owner review and regeneration path confirmation."
"dashboard/.next/server/chunks/ssr/node_modules_09w7yel._.js.map","deleted","generated|stale","Generated/cache/build output; safe only after owner review and regeneration path confirmation."
"dashboard/.next/server/chunks/ssr/node_modules_0ge7wzj._.js","deleted","generated|stale","Generated/cache/build output; safe only after owner review and regeneration path confirmation."
"dashboard/.next/server/chunks/ssr/node_modules_0ge7wzj._.js.map","deleted","generated|stale","Generated/cache/build output; safe only after owner review and regeneration path confirmation."
"dashboard/.next/server/chunks/ssr/node_modules_0nnuxyn._.js","deleted","generated|stale","Generated/cache/build output; safe only after owner review and regeneration path confirmation."
"dashboard/.next/server/chunks/ssr/node_modules_0nnuxyn._.js.map","deleted","generated|stale","Generated/cache/build output; safe only after owner review and regeneration path confirmation."
"dashboard/.next/server/chunks/ssr/node_modules_lucide-react_dist_esm_0xi1jkw._.js","deleted","generated|stale","Generated/cache/build output; safe only after owner review and regeneration path confirmation."
"dashboard/.next/server/chunks/ssr/node_modules_lucide-react_dist_esm_0xi1jkw._.js.map","deleted","generated|stale","Generated/cache/build output; safe only after owner review and regeneration path confirmation."
"dashboard/.next/server/chunks/ssr/node_modules_next_dist_0h9llsw._.js","deleted","generated|stale","Generated/cache/build output; safe only after owner review and regeneration path confirmation."
"dashboard/.next/server/chunks/ssr/node_modules_next_dist_0h9llsw._.js.map","deleted","generated|stale","Generated/cache/build output; safe only after owner review and regeneration path confirmation."
"dashboard/.next/server/chunks/ssr/node_modules_next_dist_11dij6w._.js","deleted","generated|stale","Generated/cache/build output; safe only after owner review and regeneration path confirmation."
"dashboard/.next/server/chunks/ssr/node_modules_next_dist_11dij6w._.js.map","deleted","generated|stale","Generated/cache/build output; safe only after owner review and regeneration path confirmation."
"dashboard/.next/server/chunks/ssr/node_modules_next_dist_client_components_0inhx6q._.js","deleted","generated|stale","Generated/cache/build output; safe only after owner review and regeneration path confirmation."
"dashboard/.next/server/chunks/ssr/node_modules_next_dist_client_components_0inhx6q._.js.map","deleted","generated|stale","Generated/cache/build output; safe only after owner review and regeneration path confirmation."
"dashboard/.next/server/chunks/ssr/node_modules_next_dist_client_components_builtin_forbidden_0ghu-f7.js","deleted","generated|stale","Generated/cache/build output; safe only after owner review and regeneration path confirmation."
"dashboard/.next/server/chunks/ssr/node_modules_next_dist_client_components_builtin_forbidden_0ghu-f7.js.map","deleted","generated|stale","Generated/cache/build output; safe only after owner review and regeneration path confirmation."
"dashboard/.next/server/chunks/ssr/node_modules_next_dist_client_components_builtin_global-error_0lgvd_..js","deleted","generated|stale","Generated/cache/build output; safe only after owner review and regeneration path confirmation."
"dashboard/.next/server/chunks/ssr/node_modules_next_dist_client_components_builtin_global-error_0lgvd_..js.map","deleted","generated|stale","Generated/cache/build output; safe only after owner review and regeneration path confirmation."
"dashboard/.next/server/chunks/ssr/node_modules_next_dist_client_components_builtin_unauthorized_0cjv-23.js","deleted","generated|stale","Generated/cache/build output; safe only after owner review and regeneration path confirmation."
"dashboard/.next/server/chunks/ssr/node_modules_next_dist_client_components_builtin_unauthorized_0cjv-23.js.map","deleted","generated|stale","Generated/cache/build output; safe only after owner review and regeneration path confirmation."
"dashboard/.next/server/chunks/ssr/node_modules_next_dist_esm_build_templates_app-page_0-6_ov5.js","deleted","generated|stale","Generated/cache/build output; safe only after owner review and regeneration path confirmation."
"dashboard/.next/server/chunks/ssr/node_modules_next_dist_esm_build_templates_app-page_0-6_ov5.js.map","deleted","generated|stale","Generated/cache/build output; safe only after owner review and regeneration path confirmation."
"dashboard/.next/server/chunks/ssr/node_modules_next_dist_esm_build_templates_app-page_0-ziet6.js","deleted","generated|stale","Generated/cache/build output; safe only after owner review and regeneration path confirmation."
"dashboard/.next/server/chunks/ssr/node_modules_next_dist_esm_build_templates_app-page_0-ziet6.js.map","deleted","generated|stale","Generated/cache/build output; safe only after owner review and regeneration path confirmation."
"dashboard/.next/server/chunks/ssr/node_modules_next_dist_esm_build_templates_app-page_0.p_8xd.js","deleted","generated|stale","Generated/cache/build output; safe only after owner review and regeneration path confirmation."
"dashboard/.next/server/chunks/ssr/node_modules_next_dist_esm_build_templates_app-page_0.p_8xd.js.map","deleted","generated|stale","Generated/cache/build output; safe only after owner review and regeneration path confirmation."
"dashboard/.next/server/chunks/ssr/node_modules_next_dist_esm_build_templates_app-page_03-z2qq.js","deleted","generated|stale","Generated/cache/build output; safe only after owner review and regeneration path confirmation."
"dashboard/.next/server/chunks/ssr/node_modules_next_dist_esm_build_templates_app-page_03-z2qq.js.map","deleted","generated|stale","Generated/cache/build output; safe only after owner review and regeneration path confirmation."
"dashboard/.next/server/chunks/ssr/node_modules_next_dist_esm_build_templates_app-page_033st83.js","deleted","generated|stale","Generated/cache/build output; safe only after owner review and regeneration path confirmation."
"dashboard/.next/server/chunks/ssr/node_modules_next_dist_esm_build_templates_app-page_033st83.js.map","deleted","generated|stale","Generated/cache/build output; safe only after owner review and regeneration path confirmation."
"dashboard/.next/server/chunks/ssr/node_modules_next_dist_esm_build_templates_app-page_04apbcv.js","deleted","generated|stale","Generated/cache/build output; safe only after owner review and regeneration path confirmation."
"dashboard/.next/server/chunks/ssr/node_modules_next_dist_esm_build_templates_app-page_04apbcv.js.map","deleted","generated|stale","Generated/cache/build output; safe only after owner review and regeneration path confirmation."
"dashboard/.next/server/chunks/ssr/node_modules_next_dist_esm_build_templates_app-page_05oh3lz.js","deleted","generated|stale","Generated/cache/build output; safe only after owner review and regeneration path confirmation."
"dashboard/.next/server/chunks/ssr/node_modules_next_dist_esm_build_templates_app-page_05oh3lz.js.map","deleted","generated|stale","Generated/cache/build output; safe only after owner review and regeneration path confirmation."
"dashboard/.next/server/chunks/ssr/node_modules_next_dist_esm_build_templates_app-page_05wgz-s.js","deleted","generated|stale","Generated/cache/build output; safe only after owner review and regeneration path confirmation."
"dashboard/.next/server/chunks/ssr/node_modules_next_dist_esm_build_templates_app-page_05wgz-s.js.map","deleted","generated|stale","Generated/cache/build output; safe only after owner review and regeneration path confirmation."
"dashboard/.next/server/chunks/ssr/node_modules_next_dist_esm_build_templates_app-page_07hultl.js","deleted","generated|stale","Generated/cache/build output; safe only after owner review and regeneration path confirmation."
"dashboard/.next/server/chunks/ssr/node_modules_next_dist_esm_build_templates_app-page_07hultl.js.map","deleted","generated|stale","Generated/cache/build output; safe only after owner review and regeneration path confirmation."
"dashboard/.next/server/chunks/ssr/node_modules_next_dist_esm_build_templates_app-page_07nphbt.js","deleted","generated|stale","Generated/cache/build output; safe only after owner review and regeneration path confirmation."
"dashboard/.next/server/chunks/ssr/node_modules_next_dist_esm_build_templates_app-page_07nphbt.js.map","deleted","generated|stale","Generated/cache/build output; safe only after owner review and regeneration path confirmation."
"dashboard/.next/server/chunks/ssr/node_modules_next_dist_esm_build_templates_app-page_07vh7rm.js","deleted","generated|stale","Generated/cache/build output; safe only after owner review and regeneration path confirmation."
"dashboard/.next/server/chunks/ssr/node_modules_next_dist_esm_build_templates_app-page_07vh7rm.js.map","deleted","generated|stale","Generated/cache/build output; safe only after owner review and regeneration path confirmation."
"dashboard/.next/server/chunks/ssr/node_modules_next_dist_esm_build_templates_app-page_0b-ovj..js","deleted","generated|stale","Generated/cache/build output; safe only after owner review and regeneration path confirmation."
"dashboard/.next/server/chunks/ssr/node_modules_next_dist_esm_build_templates_app-page_0b-ovj..js.map","deleted","generated|stale","Generated/cache/build output; safe only after owner review and regeneration path confirmation."
"dashboard/.next/server/chunks/ssr/node_modules_next_dist_esm_build_templates_app-page_0eeoq2u.js","deleted","generated|stale","Generated/cache/build output; safe only after owner review and regeneration path confirmation."
"dashboard/.next/server/chunks/ssr/node_modules_next_dist_esm_build_templates_app-page_0eeoq2u.js.map","deleted","generated|stale","Generated/cache/build output; safe only after owner review and regeneration path confirmation."
"dashboard/.next/server/chunks/ssr/node_modules_next_dist_esm_build_templates_app-page_0ewo9o-.js","deleted","generated|stale","Generated/cache/build output; safe only after owner review and regeneration path confirmation."
"dashboard/.next/server/chunks/ssr/node_modules_next_dist_esm_build_templates_app-page_0ewo9o-.js.map","deleted","generated|stale","Generated/cache/build output; safe only after owner review and regeneration path confirmation."
"dashboard/.next/server/chunks/ssr/node_modules_next_dist_esm_build_templates_app-page_0f_indg.js","deleted","generated|stale","Generated/cache/build output; safe only after owner review and regeneration path confirmation."
"dashboard/.next/server/chunks/ssr/node_modules_next_dist_esm_build_templates_app-page_0f_indg.js.map","deleted","generated|stale","Generated/cache/build output; safe only after owner review and regeneration path confirmation."
"dashboard/.next/server/chunks/ssr/node_modules_next_dist_esm_build_templates_app-page_0f6huhh.js","deleted","generated|stale","Generated/cache/build output; safe only after owner review and regeneration path confirmation."
"dashboard/.next/server/chunks/ssr/node_modules_next_dist_esm_build_templates_app-page_0f6huhh.js.map","deleted","generated|stale","Generated/cache/build output; safe only after owner review and regeneration path confirmation."
"dashboard/.next/server/chunks/ssr/node_modules_next_dist_esm_build_templates_app-page_0g13kj2.js","deleted","generated|stale","Generated/cache/build output; safe only after owner review and regeneration path confirmation."
"dashboard/.next/server/chunks/ssr/node_modules_next_dist_esm_build_templates_app-page_0g13kj2.js.map","deleted","generated|stale","Generated/cache/build output; safe only after owner review and regeneration path confirmation."
"dashboard/.next/server/chunks/ssr/node_modules_next_dist_esm_build_templates_app-page_0izu5t8.js","deleted","generated|stale","Generated/cache/build output; safe only after owner review and regeneration path confirmation."
"dashboard/.next/server/chunks/ssr/node_modules_next_dist_esm_build_templates_app-page_0izu5t8.js.map","deleted","generated|stale","Generated/cache/build output; safe only after owner review and regeneration path confirmation."
"dashboard/.next/server/chunks/ssr/node_modules_next_dist_esm_build_templates_app-page_0naw0a9.js","deleted","generated|stale","Generated/cache/build output; safe only after owner review and regeneration path confirmation."
"dashboard/.next/server/chunks/ssr/node_modules_next_dist_esm_build_templates_app-page_0naw0a9.js.map","deleted","generated|stale","Generated/cache/build output; safe only after owner review and regeneration path confirmation."
"dashboard/.next/server/chunks/ssr/node_modules_next_dist_esm_build_templates_app-page_0oley7c.js","deleted","generated|stale","Generated/cache/build output; safe only after owner review and regeneration path confirmation."
"dashboard/.next/server/chunks/ssr/node_modules_next_dist_esm_build_templates_app-page_0oley7c.js.map","deleted","generated|stale","Generated/cache/build output; safe only after owner review and regeneration path confirmation."
"dashboard/.next/server/chunks/ssr/node_modules_next_dist_esm_build_templates_app-page_0q-p8vc.js","deleted","generated|stale","Generated/cache/build output; safe only after owner review and regeneration path confirmation."
"dashboard/.next/server/chunks/ssr/node_modules_next_dist_esm_build_templates_app-page_0q-p8vc.js.map","deleted","generated|stale","Generated/cache/build output; safe only after owner review and regeneration path confirmation."
"dashboard/.next/server/chunks/ssr/node_modules_next_dist_esm_build_templates_app-page_0qp4u6g.js","deleted","generated|stale","Generated/cache/build output; safe only after owner review and regeneration path confirmation."
"dashboard/.next/server/chunks/ssr/node_modules_next_dist_esm_build_templates_app-page_0qp4u6g.js.map","deleted","generated|stale","Generated/cache/build output; safe only after owner review and regeneration path confirmation."
"dashboard/.next/server/chunks/ssr/node_modules_next_dist_esm_build_templates_app-page_0r.0jex.js","deleted","generated|stale","Generated/cache/build output; safe only after owner review and regeneration path confirmation."
"dashboard/.next/server/chunks/ssr/node_modules_next_dist_esm_build_templates_app-page_0r.0jex.js.map","deleted","generated|stale","Generated/cache/build output; safe only after owner review and regeneration path confirmation."
"dashboard/.next/server/chunks/ssr/node_modules_recharts_es6_cartesian_Area_00dnrvy.js","deleted","generated|stale","Generated/cache/build output; safe only after owner review and regeneration path confirmation."
"dashboard/.next/server/chunks/ssr/node_modules_recharts_es6_cartesian_Area_00dnrvy.js.map","deleted","generated|stale","Generated/cache/build output; safe only after owner review and regeneration path confirmation."
"dashboard/.next/server/chunks/ssr/node_modules_swr_dist_index_index_mjs_11vxrbp._.js","deleted","generated|stale","Generated/cache/build output; safe only after owner review and regeneration path confirmation."
"dashboard/.next/server/chunks/ssr/node_modules_swr_dist_index_index_mjs_11vxrbp._.js.map","deleted","generated|stale","Generated/cache/build output; safe only after owner review and regeneration path confirmation."
"dashboard/.next/server/chunks/ssr/src_0ozi_lr._.js","deleted","generated|stale","Generated/cache/build output; safe only after owner review and regeneration path confirmation."
"dashboard/.next/server/chunks/ssr/src_0ozi_lr._.js.map","deleted","generated|stale","Generated/cache/build output; safe only after owner review and regeneration path confirmation."
"dashboard/.next/server/chunks/ssr/src_app_[lang]_compare_ComparePageClient_tsx_0ln_qsy._.js","deleted","generated|stale","Generated/cache/build output; safe only after owner review and regeneration path confirmation."
"dashboard/.next/server/chunks/ssr/src_app_[lang]_compare_ComparePageClient_tsx_0ln_qsy._.js.map","deleted","generated|stale","Generated/cache/build output; safe only after owner review and regeneration path confirmation."
"dashboard/.next/server/chunks/ssr/src_app_[lang]_learn_LearnPageClient_tsx_0j1lr~8._.js","deleted","generated|stale","Generated/cache/build output; safe only after owner review and regeneration path confirmation."
"dashboard/.next/server/chunks/ssr/src_app_[lang]_learn_LearnPageClient_tsx_0j1lr~8._.js.map","deleted","generated|stale","Generated/cache/build output; safe only after owner review and regeneration path confirmation."
"dashboard/.next/server/chunks/ssr/src_app_[lang]_satellite_page_tsx_0-pe3ok._.js","deleted","generated|stale","Generated/cache/build output; safe only after owner review and regeneration path confirmation."
"dashboard/.next/server/chunks/ssr/src_app_[lang]_satellite_page_tsx_0-pe3ok._.js.map","deleted","generated|stale","Generated/cache/build output; safe only after owner review and regeneration path confirmation."
"dashboard/.next/server/chunks/ssr/src_components_interactive_DynamicSystemSimulator_tsx_0s0ymk0._.js","deleted","generated|stale","Generated/cache/build output; safe only after owner review and regeneration path confirmation."
"dashboard/.next/server/chunks/ssr/src_components_interactive_DynamicSystemSimulator_tsx_0s0ymk0._.js.map","deleted","generated|stale","Generated/cache/build output; safe only after owner review and regeneration path confirmation."
"dashboard/.next/server/chunks/ssr/src_components_interactive_EmbeddingExplorer_tsx_07uyn9a._.js","deleted","generated|stale","Generated/cache/build output; safe only after owner review and regeneration path confirmation."
"dashboard/.next/server/chunks/ssr/src_components_interactive_EmbeddingExplorer_tsx_07uyn9a._.js.map","deleted","generated|stale","Generated/cache/build output; safe only after owner review and regeneration path confirmation."
"dashboard/.next/server/chunks/ssr/src_components_interactive_GeometryVisualizer_tsx_07jcyed._.js","deleted","generated|stale","Generated/cache/build output; safe only after owner review and regeneration path confirmation."
"dashboard/.next/server/chunks/ssr/src_components_interactive_GeometryVisualizer_tsx_07jcyed._.js.map","deleted","generated|stale","Generated/cache/build output; safe only after owner review and regeneration path confirmation."
"dashboard/.next/server/chunks/ssr/src_components_interactive_ModelComparator_tsx_07u4snz._.js","deleted","generated|stale","Generated/cache/build output; safe only after owner review and regeneration path confirmation."
"dashboard/.next/server/chunks/ssr/src_components_interactive_ModelComparator_tsx_07u4snz._.js.map","deleted","generated|stale","Generated/cache/build output; safe only after owner review and regeneration path confirmation."
"dashboard/.next/server/chunks/ssr/src_components_interactive_NoiseVisualizer_tsx_0vjepf3._.js","deleted","generated|stale","Generated/cache/build output; safe only after owner review and regeneration path confirmation."
"dashboard/.next/server/chunks/ssr/src_components_interactive_NoiseVisualizer_tsx_0vjepf3._.js.map","deleted","generated|stale","Generated/cache/build output; safe only after owner review and regeneration path confirmation."
"dashboard/.next/server/chunks/ssr/src_components_interactive_SignalPlayground_tsx_0kp_g7x._.js","deleted","generated|stale","Generated/cache/build output; safe only after owner review and regeneration path confirmation."
"dashboard/.next/server/chunks/ssr/src_components_interactive_SignalPlayground_tsx_0kp_g7x._.js.map","deleted","generated|stale","Generated/cache/build output; safe only after owner review and regeneration path confirmation."
"dashboard/.next/server/chunks/ssr/src_components_motion_AnimatedCounter_tsx_0rhl5rm._.js","deleted","generated|stale","Generated/cache/build output; safe only after owner review and regeneration path confirmation."
"dashboard/.next/server/chunks/ssr/src_components_motion_AnimatedCounter_tsx_0rhl5rm._.js.map","deleted","generated|stale","Generated/cache/build output; safe only after owner review and regeneration path confirmation."
"dashboard/.next/server/chunks/ssr/src_components_motion_Reveal_tsx_0zynns2._.js","deleted","generated|stale","Generated/cache/build output; safe only after owner review and regeneration path confirmation."
"dashboard/.next/server/chunks/ssr/src_components_motion_Reveal_tsx_0zynns2._.js.map","deleted","generated|stale","Generated/cache/build output; safe only after owner review and regeneration path confirmation."
"dashboard/.next/server/chunks/ssr/src_components_scientific_NoiseRobustnessObservatory_tsx_0qaz6h4._.js","deleted","generated|stale","Generated/cache/build output; safe only after owner review and regeneration path confirmation."
"dashboard/.next/server/chunks/ssr/src_components_scientific_NoiseRobustnessObservatory_tsx_0qaz6h4._.js.map","deleted","generated|stale","Generated/cache/build output; safe only after owner review and regeneration path confirmation."
"dashboard/.next/server/chunks/ssr/src_components_scientific_ScientificObservabilityDashboard_tsx_0cmrkop._.js","deleted","generated|stale","Generated/cache/build output; safe only after owner review and regeneration path confirmation."
"dashboard/.next/server/chunks/ssr/src_components_scientific_ScientificObservabilityDashboard_tsx_0cmrkop._.js.map","deleted","generated|stale","Generated/cache/build output; safe only after owner review and regeneration path confirmation."
"dashboard/.next/server/chunks/ssr/src_components_ui_KaTeX_tsx_093j--4._.js","deleted","generated|stale","Generated/cache/build output; safe only after owner review and regeneration path confirmation."
"dashboard/.next/server/chunks/ssr/src_components_ui_KaTeX_tsx_093j--4._.js.map","deleted","generated|stale","Generated/cache/build output; safe only after owner review and regeneration path confirmation."
"dashboard/.next/server/functions-config-manifest.json","deleted","generated|stale","Generated/cache/build output; safe only after owner review and regeneration path confirmation."
"dashboard/.next/server/interception-route-rewrite-manifest.js","deleted","duplicate|generated|stale","Generated/cache/build output; safe only after owner review and regeneration path confirmation."
"dashboard/.next/server/middleware-build-manifest.js","deleted","generated|stale","Generated/cache/build output; safe only after owner review and regeneration path confirmation."
"dashboard/.next/server/middleware-manifest.json","deleted","duplicate|generated|stale","Generated/cache/build output; safe only after owner review and regeneration path confirmation."
"dashboard/.next/server/next-font-manifest.js","deleted","generated|stale","Generated/cache/build output; safe only after owner review and regeneration path confirmation."
"dashboard/.next/server/next-font-manifest.json","deleted","generated|stale","Generated/cache/build output; safe only after owner review and regeneration path confirmation."
"dashboard/.next/server/pages-manifest.json","deleted","generated|stale","Generated/cache/build output; safe only after owner review and regeneration path confirmation."
"dashboard/.next/server/pages/404.html","deleted","duplicate|generated|stale","Generated/cache/build output; safe only after owner review and regeneration path confirmation."
"dashboard/.next/server/pages/500.html","deleted","duplicate|generated|stale","Generated/cache/build output; safe only after owner review and regeneration path confirmation."
"dashboard/.next/server/prefetch-hints.json","deleted","duplicate|generated|stale","Generated/cache/build output; safe only after owner review and regeneration path confirmation."
"dashboard/.next/server/server-reference-manifest.js","deleted","generated|stale","Generated/cache/build output; safe only after owner review and regeneration path confirmation."
"dashboard/.next/server/server-reference-manifest.json","deleted","generated|stale","Generated/cache/build output; safe only after owner review and regeneration path confirmation."
"dashboard/.next/static/9G6HKhtgaLiX8VTlQZa9O/_buildManifest.js","deleted","duplicate|generated|stale","Generated/cache/build output; safe only after owner review and regeneration path confirmation."
"dashboard/.next/static/9G6HKhtgaLiX8VTlQZa9O/_clientMiddlewareManifest.js","deleted","duplicate|generated|stale","Generated/cache/build output; safe only after owner review and regeneration path confirmation."
"dashboard/.next/static/9G6HKhtgaLiX8VTlQZa9O/_ssgManifest.js","deleted","generated|stale","Generated/cache/build output; safe only after owner review and regeneration path confirmation."
"dashboard/.next/static/chunks/0-xmsowl50zp7.js","deleted","generated|stale","Generated/cache/build output; safe only after owner review and regeneration path confirmation."
"dashboard/.next/static/chunks/01xlw8hd842-c.js","deleted","generated|stale","Generated/cache/build output; safe only after owner review and regeneration path confirmation."
"dashboard/.next/static/chunks/02n2iqt~dc.fl.js","deleted","generated|stale","Generated/cache/build output; safe only after owner review and regeneration path confirmation."
"dashboard/.next/static/chunks/02ycggswef1.6.js","deleted","generated|stale","Generated/cache/build output; safe only after owner review and regeneration path confirmation."
"dashboard/.next/static/chunks/03~yq9q893hmn.js","deleted","duplicate|generated|stale","Generated/cache/build output; safe only after owner review and regeneration path confirmation."
"dashboard/.next/static/chunks/04-ldfvsvcfag.css","deleted","generated|stale","Generated/cache/build output; safe only after owner review and regeneration path confirmation."
"dashboard/.next/static/chunks/063l64ffbt9o3.js","deleted","generated|stale","Generated/cache/build output; safe only after owner review and regeneration path confirmation."
"dashboard/.next/static/chunks/06za5ohidx-vd.js","deleted","generated|stale","Generated/cache/build output; safe only after owner review and regeneration path confirmation."
"dashboard/.next/static/chunks/07b3---~xoe0n.js","deleted","generated|stale","Generated/cache/build output; safe only after owner review and regeneration path confirmation."
"dashboard/.next/static/chunks/07pwycp.6ghcx.js","deleted","generated|stale","Generated/cache/build output; safe only after owner review and regeneration path confirmation."
"dashboard/.next/static/chunks/0c86bwf.wf167.js","deleted","generated|stale","Generated/cache/build output; safe only after owner review and regeneration path confirmation."
"dashboard/.next/static/chunks/0cw5kwmwdh06p.js","deleted","generated|stale","Generated/cache/build output; safe only after owner review and regeneration path confirmation."
"dashboard/.next/static/chunks/0dsen4-v7y9rj.js","deleted","generated|stale","Generated/cache/build output; safe only after owner review and regeneration path confirmation."
"dashboard/.next/static/chunks/0egkt5awp7~8j.js","deleted","generated|stale","Generated/cache/build output; safe only after owner review and regeneration path confirmation."
"dashboard/.next/static/chunks/0fkiqc3x-shax.js","deleted","generated|stale","Generated/cache/build output; safe only after owner review and regeneration path confirmation."
"dashboard/.next/static/chunks/0fy78gub0byw0.css","deleted","generated|stale","Generated/cache/build output; safe only after owner review and regeneration path confirmation."
"dashboard/.next/static/chunks/0isgse.r9i17u.js","deleted","generated|stale","Generated/cache/build output; safe only after owner review and regeneration path confirmation."
"dashboard/.next/static/chunks/0n4z.7yu76je-.js","deleted","generated|stale","Generated/cache/build output; safe only after owner review and regeneration path confirmation."
"dashboard/.next/static/chunks/0nf73z5xz5.4r.js","deleted","generated|stale","Generated/cache/build output; safe only after owner review and regeneration path confirmation."
"dashboard/.next/static/chunks/0p~cdk9z4t9st.js","deleted","generated|stale","Generated/cache/build output; safe only after owner review and regeneration path confirmation."
"dashboard/.next/static/chunks/0q_8.tqs5n-zm.js","deleted","generated|stale","Generated/cache/build output; safe only after owner review and regeneration path confirmation."
"dashboard/.next/static/chunks/0r4_lo3.crlxy.js","deleted","generated|stale","Generated/cache/build output; safe only after owner review and regeneration path confirmation."
"dashboard/.next/static/chunks/0rn2njpqfi98n.js","deleted","generated|stale","Generated/cache/build output; safe only after owner review and regeneration path confirmation."
"dashboard/.next/static/chunks/0tmg9vcbw.fm2.css","deleted","generated|stale","Generated/cache/build output; safe only after owner review and regeneration path confirmation."
"dashboard/.next/static/chunks/0tsl40rmjrwbd.js","deleted","generated|stale","Generated/cache/build output; safe only after owner review and regeneration path confirmation."
"dashboard/.next/static/chunks/0u7llgeix5xmj.js","deleted","generated|stale","Generated/cache/build output; safe only after owner review and regeneration path confirmation."
"dashboard/.next/static/chunks/0vgv6um5zc6v~.js","deleted","generated|stale","Generated/cache/build output; safe only after owner review and regeneration path confirmation."
"dashboard/.next/static/chunks/0yviih0e4tgc3.js","deleted","generated|stale","Generated/cache/build output; safe only after owner review and regeneration path confirmation."
"dashboard/.next/static/chunks/1164frm5c~kh-.js","deleted","generated|stale","Generated/cache/build output; safe only after owner review and regeneration path confirmation."
"dashboard/.next/static/chunks/11mzrkliuoi~4.js","deleted","generated|stale","Generated/cache/build output; safe only after owner review and regeneration path confirmation."
"dashboard/.next/static/chunks/14g7uoi7ajpw..js","deleted","generated|stale","Generated/cache/build output; safe only after owner review and regeneration path confirmation."
"dashboard/.next/static/chunks/15pithoqa2z_6.js","deleted","generated|stale","Generated/cache/build output; safe only after owner review and regeneration path confirmation."
"dashboard/.next/static/chunks/turbopack-0x3640y6~xk9f.js","deleted","generated|stale","Generated/cache/build output; safe only after owner review and regeneration path confirmation."
"dashboard/.next/static/media/1bffadaabf893a1e-s.16ipb6fqu393i.woff2","deleted","duplicate|generated|stale","Generated/cache/build output; safe only after owner review and regeneration path confirmation."
"dashboard/.next/static/media/2bbe8d2671613f1f-s.067x_6k0k23tk.woff2","deleted","duplicate|generated|stale","Generated/cache/build output; safe only after owner review and regeneration path confirmation."
"dashboard/.next/static/media/2c55a0e60120577a-s.0bjc5tiuqdqro.woff2","deleted","duplicate|generated|stale","Generated/cache/build output; safe only after owner review and regeneration path confirmation."
"dashboard/.next/static/media/5476f68d60460930-s.0wxq9webf.ew4.woff2","deleted","duplicate|generated|stale","Generated/cache/build output; safe only after owner review and regeneration path confirmation."
"dashboard/.next/static/media/83afe278b6a6bb3c-s.p.0q-301v4kxxnr.woff2","deleted","duplicate|generated|stale","Generated/cache/build output; safe only after owner review and regeneration path confirmation."
"dashboard/.next/static/media/9c72aa0f40e4eef8-s.0m6w47a4e5dy9.woff2","deleted","duplicate|generated|stale","Generated/cache/build output; safe only after owner review and regeneration path confirmation."
"dashboard/.next/static/media/ad66f9afd8947f86-s.11u06r12fd6v_.woff2","deleted","duplicate|generated|stale","Generated/cache/build output; safe only after owner review and regeneration path confirmation."
"dashboard/.next/static/media/favicon.0x3dzn~oxb6tn.ico","deleted","duplicate|generated|stale","Generated/cache/build output; safe only after owner review and regeneration path confirmation."
"dashboard/.next/static/media/KaTeX_AMS-Regular.0b~8ki5y928w2.woff","deleted","duplicate|generated|stale","Generated/cache/build output; safe only after owner review and regeneration path confirmation."
"dashboard/.next/static/media/KaTeX_AMS-Regular.0p1vbqd84i2~o.woff2","deleted","duplicate|generated|stale","Generated/cache/build output; safe only after owner review and regeneration path confirmation."
"dashboard/.next/static/media/KaTeX_AMS-Regular.173t6ktr7uf-w.ttf","deleted","duplicate|generated|stale","Generated/cache/build output; safe only after owner review and regeneration path confirmation."
"dashboard/.next/static/media/KaTeX_Caligraphic-Bold.01-pzluls4zgb.woff2","deleted","duplicate|generated|stale","Generated/cache/build output; safe only after owner review and regeneration path confirmation."
"dashboard/.next/static/media/KaTeX_Caligraphic-Bold.0x2v1lwn~880f.woff","deleted","duplicate|generated|stale","Generated/cache/build output; safe only after owner review and regeneration path confirmation."
"dashboard/.next/static/media/KaTeX_Caligraphic-Bold.16zv5fax0h0ka.ttf","deleted","duplicate|generated|stale","Generated/cache/build output; safe only after owner review and regeneration path confirmation."
"dashboard/.next/static/media/KaTeX_Caligraphic-Regular.02i3z7wig438t.ttf","deleted","duplicate|generated|stale","Generated/cache/build output; safe only after owner review and regeneration path confirmation."
"dashboard/.next/static/media/KaTeX_Caligraphic-Regular.0rysu1t-ncjq8.woff2","deleted","duplicate|generated|stale","Generated/cache/build output; safe only after owner review and regeneration path confirmation."
"dashboard/.next/static/media/KaTeX_Caligraphic-Regular.10927swgekwun.woff","deleted","duplicate|generated|stale","Generated/cache/build output; safe only after owner review and regeneration path confirmation."
"dashboard/.next/static/media/KaTeX_Fraktur-Bold.0e-16u10iuyyf.woff","deleted","duplicate|generated|stale","Generated/cache/build output; safe only after owner review and regeneration path confirmation."
"dashboard/.next/static/media/KaTeX_Fraktur-Bold.0et27v~3~4uhe.ttf","deleted","duplicate|generated|stale","Generated/cache/build output; safe only after owner review and regeneration path confirmation."
"dashboard/.next/static/media/KaTeX_Fraktur-Bold.0w23i72~hprpq.woff2","deleted","duplicate|generated|stale","Generated/cache/build output; safe only after owner review and regeneration path confirmation."
"dashboard/.next/static/media/KaTeX_Fraktur-Regular.0b.riegzdfue2.woff","deleted","duplicate|generated|stale","Generated/cache/build output; safe only after owner review and regeneration path confirmation."
"dashboard/.next/static/media/KaTeX_Fraktur-Regular.0rekyoa-52fj_.woff2","deleted","duplicate|generated|stale","Generated/cache/build output; safe only after owner review and regeneration path confirmation."
"dashboard/.next/static/media/KaTeX_Fraktur-Regular.0vjwa15znhk~4.ttf","deleted","duplicate|generated|stale","Generated/cache/build output; safe only after owner review and regeneration path confirmation."
"dashboard/.next/static/media/KaTeX_Main-Bold.09i7~607shf-h.ttf","deleted","duplicate|generated|stale","Generated/cache/build output; safe only after owner review and regeneration path confirmation."
"dashboard/.next/static/media/KaTeX_Main-Bold.09lmynrorhcbw.woff","deleted","duplicate|generated|stale","Generated/cache/build output; safe only after owner review and regeneration path confirmation."
"dashboard/.next/static/media/KaTeX_Main-Bold.16pfc63_du6mx.woff2","deleted","duplicate|generated|stale","Generated/cache/build output; safe only after owner review and regeneration path confirmation."
"dashboard/.next/static/media/KaTeX_Main-BoldItalic.0cp37g7x1q8h6.woff","deleted","duplicate|generated|stale","Generated/cache/build output; safe only after owner review and regeneration path confirmation."
"dashboard/.next/static/media/KaTeX_Main-BoldItalic.0d54rk08rx11s.woff2","deleted","duplicate|generated|stale","Generated/cache/build output; safe only after owner review and regeneration path confirmation."
"dashboard/.next/static/media/KaTeX_Main-BoldItalic.15j6k~hix2t_0.ttf","deleted","duplicate|generated|stale","Generated/cache/build output; safe only after owner review and regeneration path confirmation."
"dashboard/.next/static/media/KaTeX_Main-Italic.0382gqciexmbu.woff","deleted","duplicate|generated|stale","Generated/cache/build output; safe only after owner review and regeneration path confirmation."
"dashboard/.next/static/media/KaTeX_Main-Italic.06o5nq0_91v60.woff2","deleted","duplicate|generated|stale","Generated/cache/build output; safe only after owner review and regeneration path confirmation."
"dashboard/.next/static/media/KaTeX_Main-Italic.0su4i6mm18-wo.ttf","deleted","duplicate|generated|stale","Generated/cache/build output; safe only after owner review and regeneration path confirmation."
"dashboard/.next/static/media/KaTeX_Main-Regular.08zh8z.7shijf.ttf","deleted","duplicate|generated|stale","Generated/cache/build output; safe only after owner review and regeneration path confirmation."
"dashboard/.next/static/media/KaTeX_Main-Regular.0diheg01zyoph.woff","deleted","duplicate|generated|stale","Generated/cache/build output; safe only after owner review and regeneration path confirmation."
"dashboard/.next/static/media/KaTeX_Main-Regular.0kaf-ag2_wkm-.woff2","deleted","duplicate|generated|stale","Generated/cache/build output; safe only after owner review and regeneration path confirmation."
"dashboard/.next/static/media/KaTeX_Math-BoldItalic.0ajzxypnbx1h1.ttf","deleted","duplicate|generated|stale","Generated/cache/build output; safe only after owner review and regeneration path confirmation."
"dashboard/.next/static/media/KaTeX_Math-BoldItalic.0ck1myuerwyqw.woff","deleted","duplicate|generated|stale","Generated/cache/build output; safe only after owner review and regeneration path confirmation."
"dashboard/.next/static/media/KaTeX_Math-BoldItalic.0ja97dn.cpc87.woff2","deleted","duplicate|generated|stale","Generated/cache/build output; safe only after owner review and regeneration path confirmation."
"dashboard/.next/static/media/KaTeX_Math-Italic.09xkhecjcn5r9.woff","deleted","duplicate|generated|stale","Generated/cache/build output; safe only after owner review and regeneration path confirmation."
"dashboard/.next/static/media/KaTeX_Math-Italic.0x23a-bmp-5tg.ttf","deleted","duplicate|generated|stale","Generated/cache/build output; safe only after owner review and regeneration path confirmation."
"dashboard/.next/static/media/KaTeX_Math-Italic.0zrha2c4sl2je.woff2","deleted","duplicate|generated|stale","Generated/cache/build output; safe only after owner review and regeneration path confirmation."
"dashboard/.next/static/media/KaTeX_SansSerif-Bold.05a9.pc1j_zx9.woff2","deleted","duplicate|generated|stale","Generated/cache/build output; safe only after owner review and regeneration path confirmation."
"dashboard/.next/static/media/KaTeX_SansSerif-Bold.0jcl-ayi1uun0.woff","deleted","duplicate|generated|stale","Generated/cache/build output; safe only after owner review and regeneration path confirmation."
"dashboard/.next/static/media/KaTeX_SansSerif-Bold.0re8y.dm7.mt5.ttf","deleted","duplicate|generated|stale","Generated/cache/build output; safe only after owner review and regeneration path confirmation."
"dashboard/.next/static/media/KaTeX_SansSerif-Italic.0a0234dc3s62j.woff2","deleted","duplicate|generated|stale","Generated/cache/build output; safe only after owner review and regeneration path confirmation."
"dashboard/.next/static/media/KaTeX_SansSerif-Italic.0judofdln9731.woff","deleted","duplicate|generated|stale","Generated/cache/build output; safe only after owner review and regeneration path confirmation."
"dashboard/.next/static/media/KaTeX_SansSerif-Italic.10z1iap9pfus8.ttf","deleted","duplicate|generated|stale","Generated/cache/build output; safe only after owner review and regeneration path confirmation."
"dashboard/.next/static/media/KaTeX_SansSerif-Regular.0h9yjlugq4q_e.woff","deleted","duplicate|generated|stale","Generated/cache/build output; safe only after owner review and regeneration path confirmation."
"dashboard/.next/static/media/KaTeX_SansSerif-Regular.0v6gcj32-czft.woff2","deleted","duplicate|generated|stale","Generated/cache/build output; safe only after owner review and regeneration path confirmation."
"dashboard/.next/static/media/KaTeX_SansSerif-Regular.0zm18kga42ebc.ttf","deleted","duplicate|generated|stale","Generated/cache/build output; safe only after owner review and regeneration path confirmation."
"dashboard/.next/static/media/KaTeX_Script-Regular.0c4.h-mer83d_.woff2","deleted","duplicate|generated|stale","Generated/cache/build output; safe only after owner review and regeneration path confirmation."
"dashboard/.next/static/media/KaTeX_Script-Regular.0q14y6zkzlpob.ttf","deleted","duplicate|generated|stale","Generated/cache/build output; safe only after owner review and regeneration path confirmation."
"dashboard/.next/static/media/KaTeX_Script-Regular.0ze6v4r_-99oy.woff","deleted","duplicate|generated|stale","Generated/cache/build output; safe only after owner review and regeneration path confirmation."
"dashboard/.next/static/media/KaTeX_Size1-Regular.013x6a4ierotp.woff2","deleted","duplicate|generated|stale","Generated/cache/build output; safe only after owner review and regeneration path confirmation."
"dashboard/.next/static/media/KaTeX_Size1-Regular.0kidw0oi.m68o.woff","deleted","duplicate|generated|stale","Generated/cache/build output; safe only after owner review and regeneration path confirmation."
"dashboard/.next/static/media/KaTeX_Size1-Regular.0m6y-i6wfokni.ttf","deleted","duplicate|generated|stale","Generated/cache/build output; safe only after owner review and regeneration path confirmation."
"dashboard/.next/static/media/KaTeX_Size2-Regular.0blpmluwilgbg.woff","deleted","duplicate|generated|stale","Generated/cache/build output; safe only after owner review and regeneration path confirmation."
"dashboard/.next/static/media/KaTeX_Size2-Regular.0d5inmyp-tyv3.woff2","deleted","duplicate|generated|stale","Generated/cache/build output; safe only after owner review and regeneration path confirmation."
"dashboard/.next/static/media/KaTeX_Size2-Regular.0wnhnvj-.k9d5.ttf","deleted","duplicate|generated|stale","Generated/cache/build output; safe only after owner review and regeneration path confirmation."
"dashboard/.next/static/media/KaTeX_Size3-Regular.01h0xm_sfctj3.woff","deleted","duplicate|generated|stale","Generated/cache/build output; safe only after owner review and regeneration path confirmation."
"dashboard/.next/static/media/KaTeX_Size3-Regular.0iukctyhw5j56.woff2","deleted","duplicate|generated|stale","Generated/cache/build output; safe only after owner review and regeneration path confirmation."
"dashboard/.next/static/media/KaTeX_Size3-Regular.0jl8mqyf4gzpn.ttf","deleted","duplicate|generated|stale","Generated/cache/build output; safe only after owner review and regeneration path confirmation."
"dashboard/.next/static/media/KaTeX_Size4-Regular.0w3.rb_c4stzk.woff2","deleted","duplicate|generated|stale","Generated/cache/build output; safe only after owner review and regeneration path confirmation."
"dashboard/.next/static/media/KaTeX_Size4-Regular.0wr_9l81-mu06.ttf","deleted","duplicate|generated|stale","Generated/cache/build output; safe only after owner review and regeneration path confirmation."
"dashboard/.next/static/media/KaTeX_Size4-Regular.12tvaesf3.zl3.woff","deleted","duplicate|generated|stale","Generated/cache/build output; safe only after owner review and regeneration path confirmation."
"dashboard/.next/static/media/KaTeX_Typewriter-Regular.0c4zdxz~8frhm.woff2","deleted","duplicate|generated|stale","Generated/cache/build output; safe only after owner review and regeneration path confirmation."
"dashboard/.next/static/media/KaTeX_Typewriter-Regular.0cgrzn5l3kao5.woff","deleted","duplicate|generated|stale","Generated/cache/build output; safe only after owner review and regeneration path confirmation."
"dashboard/.next/static/media/KaTeX_Typewriter-Regular.128~qc3858otl.ttf","deleted","duplicate|generated|stale","Generated/cache/build output; safe only after owner review and regeneration path confirmation."
"dashboard/.next/trace","deleted","generated|stale","Generated/cache/build output; safe only after owner review and regeneration path confirmation."
"dashboard/.next/trace-build","deleted","generated|stale","Generated/cache/build output; safe only after owner review and regeneration path confirmation."
"dashboard/.next/turbopack","deleted","duplicate|generated|stale","Generated/cache/build output; safe only after owner review and regeneration path confirmation."
"dashboard/.next/types/cache-life.d.ts","deleted","duplicate|generated|stale","Generated/cache/build output; safe only after owner review and regeneration path confirmation."
"dashboard/.next/types/routes.d.ts","deleted","duplicate|generated|stale","Generated/cache/build output; safe only after owner review and regeneration path confirmation."
"dashboard/.next/types/validator.ts","deleted","generated|stale","Generated/cache/build output; safe only after owner review and regeneration path confirmation."
"dashboard/next-start-observability-3051.err.log","deleted","duplicate|generated|stale","Generated/cache/build output; safe only after owner review and regeneration path confirmation."
"dashboard/next-start-observability-3051.out.log","deleted","duplicate|generated|stale","Generated/cache/build output; safe only after owner review and regeneration path confirmation."
"dashboard/next-start-observability-3052.err.log","deleted","duplicate|generated|stale","Generated/cache/build output; safe only after owner review and regeneration path confirmation."
"dashboard/next-start-observability-3052.out.log","deleted","duplicate|generated|stale","Generated/cache/build output; safe only after owner review and regeneration path confirmation."
"dashboard/next-start-observability.err.log","deleted","duplicate|generated|stale","Generated/cache/build output; safe only after owner review and regeneration path confirmation."
"dashboard/next-start-observability.out.log","deleted","duplicate|generated|stale","Generated/cache/build output; safe only after owner review and regeneration path confirmation."
"papers/system/representation_aware_system_identification.log","deleted","duplicate|generated|stale","Generated/cache/build output; safe only after owner review and regeneration path confirmation."
"physics/artifacts/logs_y_reportes/cross_system_generalization_phase48.log","deleted","generated|stale","Generated/cache/build output; safe only after owner review and regeneration path confirmation."
"physics/artifacts/results/harmonic/pipeline.log","deleted","generated|stale","Generated/cache/build output; safe only after owner review and regeneration path confirmation."
"physics/papers/papers/texput.log","deleted","generated|stale","Generated/cache/build output; safe only after owner review and regeneration path confirmation."
"physics/papers/pdflatex_error.log","deleted","generated|stale","Generated/cache/build output; safe only after owner review and regeneration path confirmation."
"physics/papers/representation_aware_system_identification.log","deleted","duplicate|generated|stale","Generated/cache/build output; safe only after owner review and regeneration path confirmation."
"physics/papers/system_paper.log","deleted","generated|stale","Generated/cache/build output; safe only after owner review and regeneration path confirmation."
"results/harmonic/pipeline.log","deleted","generated|stale","Generated/cache/build output; safe only after owner review and regeneration path confirmation."
"satelite/audit_execution_logs/astos_cfs_app_check_misra.py.log","deleted","generated|stale","Generated/cache/build output; safe only after owner review and regeneration path confirmation."
"satelite/audit_execution_logs/astos_cfs_app_fault_injection.py.log","deleted","generated|stale","Generated/cache/build output; safe only after owner review and regeneration path confirmation."
"satelite/audit_execution_logs/astos_cfs_app_mpc_benchmark.py.log","deleted","generated|stale","Generated/cache/build output; safe only after owner review and regeneration path confirmation."
"satelite/audit_execution_logs/benchmarks_run_cad_benchmark.py.log","deleted","generated|stale","Generated/cache/build output; safe only after owner review and regeneration path confirmation."
"satelite/audit_execution_logs/benchmarks_run_pinn_benchmark.py.log","deleted","generated|stale","Generated/cache/build output; safe only after owner review and regeneration path confirmation."
"satelite/audit_execution_logs/benchmarks_run_tvac_benchmark.py.log","deleted","generated|stale","Generated/cache/build output; safe only after owner review and regeneration path confirmation."
"satelite/audit_execution_logs/real_telemetry_pipeline_pipeline.py.log","deleted","generated|stale","Generated/cache/build output; safe only after owner review and regeneration path confirmation."
"satelite/audit_execution_logs/satellite_comms_model_update.py.log","deleted","generated|stale","Generated/cache/build output; safe only after owner review and regeneration path confirmation."
"satelite/audit_execution_logs/satellite_comms_state_sync.py.log","deleted","generated|stale","Generated/cache/build output; safe only after owner review and regeneration path confirmation."
"satelite/dashboard/next-start-observability-3051.err.log","deleted","duplicate|generated|stale","Generated/cache/build output; safe only after owner review and regeneration path confirmation."
"satelite/dashboard/next-start-observability-3051.out.log","deleted","duplicate|generated|stale","Generated/cache/build output; safe only after owner review and regeneration path confirmation."
"satelite/dashboard/next-start-observability-3052.err.log","deleted","duplicate|generated|stale","Generated/cache/build output; safe only after owner review and regeneration path confirmation."
"satelite/dashboard/next-start-observability-3052.out.log","deleted","duplicate|generated|stale","Generated/cache/build output; safe only after owner review and regeneration path confirmation."
"satelite/dashboard/next-start-observability.err.log","deleted","duplicate|generated|stale","Generated/cache/build output; safe only after owner review and regeneration path confirmation."
"satelite/dashboard/next-start-observability.out.log","deleted","duplicate|generated|stale","Generated/cache/build output; safe only after owner review and regeneration path confirmation."
"satelite/logs/thermal_api.log","deleted","generated|stale","Generated/cache/build output; safe only after owner review and regeneration path confirmation."
".pytest_cache","deleted","explicit-cache-cleanup","Repository-level temporary/cache directory."
".ruff_cache","deleted","explicit-cache-cleanup","Repository-level temporary/cache directory."
"__pycache__","deleted","explicit-cache-cleanup","Repository-level temporary/cache directory."
"tests/__pycache__","deleted","explicit-cache-cleanup","Temporary/cache directory removed during final cleanup."
"satelite/tests/__pycache__","deleted","explicit-cache-cleanup","Temporary/cache directory removed during final cleanup."
"satelite/satellite/warp/__pycache__","deleted","explicit-cache-cleanup","Temporary/cache directory removed during final cleanup."
"satelite/satellite/validation/__pycache__","deleted","explicit-cache-cleanup","Temporary/cache directory removed during final cleanup."
"satelite/satellite/uq/__pycache__","deleted","explicit-cache-cleanup","Temporary/cache directory removed during final cleanup."
"satelite/satellite/tvac/__pycache__","deleted","explicit-cache-cleanup","Temporary/cache directory removed during final cleanup."
"satelite/satellite/thermal/__pycache__","deleted","explicit-cache-cleanup","Temporary/cache directory removed during final cleanup."
"satelite/satellite/tests/__pycache__","deleted","explicit-cache-cleanup","Temporary/cache directory removed during final cleanup."
"satelite/satellite/structural/__pycache__","deleted","explicit-cache-cleanup","Temporary/cache directory removed during final cleanup."
"satelite/satellite/streaming/__pycache__","deleted","explicit-cache-cleanup","Temporary/cache directory removed during final cleanup."
"satelite/satellite/radiation/__pycache__","deleted","explicit-cache-cleanup","Temporary/cache directory removed during final cleanup."
"satelite/satellite/qualification/__pycache__","deleted","explicit-cache-cleanup","Temporary/cache directory removed during final cleanup."
"satelite/satellite/platform/__pycache__","deleted","explicit-cache-cleanup","Temporary/cache directory removed during final cleanup."
"satelite/satellite/ops/__pycache__","deleted","explicit-cache-cleanup","Temporary/cache directory removed during final cleanup."
"satelite/satellite/investor/__pycache__","deleted","explicit-cache-cleanup","Temporary/cache directory removed during final cleanup."
"satelite/satellite/flight/__pycache__","deleted","explicit-cache-cleanup","Temporary/cache directory removed during final cleanup."
"satelite/satellite/estimation/__pycache__","deleted","explicit-cache-cleanup","Temporary/cache directory removed during final cleanup."
"satelite/satellite/emc/__pycache__","deleted","explicit-cache-cleanup","Temporary/cache directory removed during final cleanup."
"satelite/satellite/demo/__pycache__","deleted","explicit-cache-cleanup","Temporary/cache directory removed during final cleanup."
"satelite/satellite/db/__pycache__","deleted","explicit-cache-cleanup","Temporary/cache directory removed during final cleanup."
"satelite/satellite/constellation/__pycache__","deleted","explicit-cache-cleanup","Temporary/cache directory removed during final cleanup."
"satelite/satellite/comms/__pycache__","deleted","explicit-cache-cleanup","Temporary/cache directory removed during final cleanup."
"satelite/satellite/cloud/__pycache__","deleted","explicit-cache-cleanup","Temporary/cache directory removed during final cleanup."
"satelite/satellite/autonomy/__pycache__","deleted","explicit-cache-cleanup","Temporary/cache directory removed during final cleanup."
"satelite/satellite/auth/__pycache__","deleted","explicit-cache-cleanup","Temporary/cache directory removed during final cleanup."
"satelite/satellite/api/__pycache__","deleted","explicit-cache-cleanup","Temporary/cache directory removed during final cleanup."
"satelite/satellite/adcs/__pycache__","deleted","explicit-cache-cleanup","Temporary/cache directory removed during final cleanup."
"satelite/satellite/__pycache__","deleted","explicit-cache-cleanup","Temporary/cache directory removed during final cleanup."
"satelite/reproduce/__pycache__","deleted","explicit-cache-cleanup","Temporary/cache directory removed during final cleanup."
"satelite/real_telemetry_pipeline/__pycache__","deleted","explicit-cache-cleanup","Temporary/cache directory removed during final cleanup."
"satelite/physics/core/neurosymbolic/__pycache__","deleted","explicit-cache-cleanup","Temporary/cache directory removed during final cleanup."
"satelite/physics/core/__pycache__","deleted","explicit-cache-cleanup","Temporary/cache directory removed during final cleanup."
"satelite/physics/__pycache__","deleted","explicit-cache-cleanup","Temporary/cache directory removed during final cleanup."
"satelite/openmdao_integration/__pycache__","deleted","explicit-cache-cleanup","Temporary/cache directory removed during final cleanup."
"satelite/openmdao_examples/__pycache__","deleted","explicit-cache-cleanup","Temporary/cache directory removed during final cleanup."
"satelite/benchmarks/__pycache__","deleted","explicit-cache-cleanup","Temporary/cache directory removed during final cleanup."
"satelite/backend/__pycache__","deleted","explicit-cache-cleanup","Temporary/cache directory removed during final cleanup."
"satelite/astos_cfs_app/unit_tests/__pycache__","deleted","explicit-cache-cleanup","Temporary/cache directory removed during final cleanup."
"satelite/astos_cfs_app/integration_tests/__pycache__","deleted","explicit-cache-cleanup","Temporary/cache directory removed during final cleanup."
"satelite/astos_cfs_app/__pycache__","deleted","explicit-cache-cleanup","Temporary/cache directory removed during final cleanup."
"satelite/__pycache__","deleted","explicit-cache-cleanup","Temporary/cache directory removed during final cleanup."
"quantum/validation/__pycache__","deleted","explicit-cache-cleanup","Temporary/cache directory removed during final cleanup."
"quantum/theory/__pycache__","deleted","explicit-cache-cleanup","Temporary/cache directory removed during final cleanup."
"quantum/tests/__pycache__","deleted","explicit-cache-cleanup","Temporary/cache directory removed during final cleanup."
"quantum/simulation/__pycache__","deleted","explicit-cache-cleanup","Temporary/cache directory removed during final cleanup."
"quantum/scientific_reproduction/__pycache__","deleted","explicit-cache-cleanup","Temporary/cache directory removed during final cleanup."
"quantum/sandbox/__pycache__","deleted","explicit-cache-cleanup","Temporary/cache directory removed during final cleanup."
"quantum/revision/__pycache__","deleted","explicit-cache-cleanup","Temporary/cache directory removed during final cleanup."
"quantum/research/__pycache__","deleted","explicit-cache-cleanup","Temporary/cache directory removed during final cleanup."
"quantum/reality_native/__pycache__","deleted","explicit-cache-cleanup","Temporary/cache directory removed during final cleanup."
"quantum/qml/__pycache__","deleted","explicit-cache-cleanup","Temporary/cache directory removed during final cleanup."
"quantum/optimization/__pycache__","deleted","explicit-cache-cleanup","Temporary/cache directory removed during final cleanup."
"quantum/novel_physics/__pycache__","deleted","explicit-cache-cleanup","Temporary/cache directory removed during final cleanup."
"quantum/noise/__pycache__","deleted","explicit-cache-cleanup","Temporary/cache directory removed during final cleanup."
"quantum/memory/__pycache__","deleted","explicit-cache-cleanup","Temporary/cache directory removed during final cleanup."
"quantum/law_validation/__pycache__","deleted","explicit-cache-cleanup","Temporary/cache directory removed during final cleanup."
"quantum/law_discovery/__pycache__","deleted","explicit-cache-cleanup","Temporary/cache directory removed during final cleanup."
"quantum/knowledge/__pycache__","deleted","explicit-cache-cleanup","Temporary/cache directory removed during final cleanup."
"quantum/interfaces/__pycache__","deleted","explicit-cache-cleanup","Temporary/cache directory removed during final cleanup."
"quantum/integration/__pycache__","deleted","explicit-cache-cleanup","Temporary/cache directory removed during final cleanup."
"quantum/hardware/__pycache__","deleted","explicit-cache-cleanup","Temporary/cache directory removed during final cleanup."
"quantum/graph/__pycache__","deleted","explicit-cache-cleanup","Temporary/cache directory removed during final cleanup."
"quantum/generators/__pycache__","deleted","explicit-cache-cleanup","Temporary/cache directory removed during final cleanup."
"quantum/factories/__pycache__","deleted","explicit-cache-cleanup","Temporary/cache directory removed during final cleanup."
"quantum/external_audit/__pycache__","deleted","explicit-cache-cleanup","Temporary/cache directory removed during final cleanup."
"quantum/explainability/__pycache__","deleted","explicit-cache-cleanup","Temporary/cache directory removed during final cleanup."
"quantum/evolution/__pycache__","deleted","explicit-cache-cleanup","Temporary/cache directory removed during final cleanup."
"quantum/evidence_audit/__pycache__","deleted","explicit-cache-cleanup","Temporary/cache directory removed during final cleanup."
"quantum/discovery/__pycache__","deleted","explicit-cache-cleanup","Temporary/cache directory removed during final cleanup."
"quantum/critics/__pycache__","deleted","explicit-cache-cleanup","Temporary/cache directory removed during final cleanup."
"quantum/benchmarks/__pycache__","deleted","explicit-cache-cleanup","Temporary/cache directory removed during final cleanup."
"quantum/audits/__pycache__","deleted","explicit-cache-cleanup","Temporary/cache directory removed during final cleanup."
"quantum/analysis/__pycache__","deleted","explicit-cache-cleanup","Temporary/cache directory removed during final cleanup."
"quantum/__pycache__","deleted","explicit-cache-cleanup","Temporary/cache directory removed during final cleanup."
"physics/tests/neurosymbolic/__pycache__","deleted","explicit-cache-cleanup","Temporary/cache directory removed during final cleanup."
"physics/tests/__pycache__","deleted","explicit-cache-cleanup","Temporary/cache directory removed during final cleanup."
"physics/neurosymbolic/metrics/__pycache__","deleted","explicit-cache-cleanup","Temporary/cache directory removed during final cleanup."
"physics/neurosymbolic/__pycache__","deleted","explicit-cache-cleanup","Temporary/cache directory removed during final cleanup."
"physics/factories/__pycache__","deleted","explicit-cache-cleanup","Temporary/cache directory removed during final cleanup."
"physics/core/validation/__pycache__","deleted","explicit-cache-cleanup","Temporary/cache directory removed during final cleanup."
"physics/core/schemas/__pycache__","deleted","explicit-cache-cleanup","Temporary/cache directory removed during final cleanup."
"physics/core/neurosymbolic/__pycache__","deleted","explicit-cache-cleanup","Temporary/cache directory removed during final cleanup."
"physics/core/io/__pycache__","deleted","explicit-cache-cleanup","Temporary/cache directory removed during final cleanup."
"physics/core/empirical/__pycache__","deleted","explicit-cache-cleanup","Temporary/cache directory removed during final cleanup."
"physics/core/autonomous/__pycache__","deleted","explicit-cache-cleanup","Temporary/cache directory removed during final cleanup."
"physics/core/__pycache__","deleted","explicit-cache-cleanup","Temporary/cache directory removed during final cleanup."
"physics/benchmark/__pycache__","deleted","explicit-cache-cleanup","Temporary/cache directory removed during final cleanup."
"physics/artifacts/temp_scripts/__pycache__","deleted","explicit-cache-cleanup","Temporary/cache directory removed during final cleanup."
"physics/artifacts/experiments_archive/__pycache__","deleted","explicit-cache-cleanup","Temporary/cache directory removed during final cleanup."
"physics/agents/__pycache__","deleted","explicit-cache-cleanup","Temporary/cache directory removed during final cleanup."
"physics/adapters/__pycache__","deleted","explicit-cache-cleanup","Temporary/cache directory removed during final cleanup."
"physics/__pycache__","deleted","explicit-cache-cleanup","Temporary/cache directory removed during final cleanup."
"dashboard/__pycache__","deleted","explicit-cache-cleanup","Temporary/cache directory removed during final cleanup."
"dashboard/.next","deleted","explicit-cache-cleanup","Temporary/cache directory removed during final cleanup."
"core/orchestration/__pycache__","deleted","explicit-cache-cleanup","Temporary/cache directory removed during final cleanup."
"core/observability/__pycache__","deleted","explicit-cache-cleanup","Temporary/cache directory removed during final cleanup."
"core/domains/__pycache__","deleted","explicit-cache-cleanup","Temporary/cache directory removed during final cleanup."
"core/abstractions/__pycache__","deleted","explicit-cache-cleanup","Temporary/cache directory removed during final cleanup."
"core/__pycache__","deleted","explicit-cache-cleanup","Temporary/cache directory removed during final cleanup."
"benchmarks/__pycache__","deleted","explicit-cache-cleanup","Temporary/cache directory removed during final cleanup."
".agent/skills/ui-ux-pro-max/scripts/__pycache__","deleted","explicit-cache-cleanup","Temporary/cache directory removed during final cleanup."
"tests/__pycache__","deleted_post_validation","explicit-cache-cleanup","Cache recreated by compile/test/benchmark validation and removed after validation."
"satelite/__pycache__","deleted_post_validation","explicit-cache-cleanup","Cache recreated by compile/test/benchmark validation and removed after validation."
"quantum/tests/__pycache__","deleted_post_validation","explicit-cache-cleanup","Cache recreated by compile/test/benchmark validation and removed after validation."
"quantum/sandbox/__pycache__","deleted_post_validation","explicit-cache-cleanup","Cache recreated by compile/test/benchmark validation and removed after validation."
"quantum/optimization/__pycache__","deleted_post_validation","explicit-cache-cleanup","Cache recreated by compile/test/benchmark validation and removed after validation."
"quantum/memory/__pycache__","deleted_post_validation","explicit-cache-cleanup","Cache recreated by compile/test/benchmark validation and removed after validation."
"quantum/knowledge/__pycache__","deleted_post_validation","explicit-cache-cleanup","Cache recreated by compile/test/benchmark validation and removed after validation."
"quantum/interfaces/__pycache__","deleted_post_validation","explicit-cache-cleanup","Cache recreated by compile/test/benchmark validation and removed after validation."
"quantum/integration/__pycache__","deleted_post_validation","explicit-cache-cleanup","Cache recreated by compile/test/benchmark validation and removed after validation."
"quantum/generators/__pycache__","deleted_post_validation","explicit-cache-cleanup","Cache recreated by compile/test/benchmark validation and removed after validation."
"quantum/factories/__pycache__","deleted_post_validation","explicit-cache-cleanup","Cache recreated by compile/test/benchmark validation and removed after validation."
"quantum/evolution/__pycache__","deleted_post_validation","explicit-cache-cleanup","Cache recreated by compile/test/benchmark validation and removed after validation."
"quantum/critics/__pycache__","deleted_post_validation","explicit-cache-cleanup","Cache recreated by compile/test/benchmark validation and removed after validation."
"quantum/benchmarks/__pycache__","deleted_post_validation","explicit-cache-cleanup","Cache recreated by compile/test/benchmark validation and removed after validation."
"quantum/__pycache__","deleted_post_validation","explicit-cache-cleanup","Cache recreated by compile/test/benchmark validation and removed after validation."
"physics/neurosymbolic/__pycache__","deleted_post_validation","explicit-cache-cleanup","Cache recreated by compile/test/benchmark validation and removed after validation."
"physics/factories/__pycache__","deleted_post_validation","explicit-cache-cleanup","Cache recreated by compile/test/benchmark validation and removed after validation."
"physics/core/validation/__pycache__","deleted_post_validation","explicit-cache-cleanup","Cache recreated by compile/test/benchmark validation and removed after validation."
"physics/core/schemas/__pycache__","deleted_post_validation","explicit-cache-cleanup","Cache recreated by compile/test/benchmark validation and removed after validation."
"physics/core/io/__pycache__","deleted_post_validation","explicit-cache-cleanup","Cache recreated by compile/test/benchmark validation and removed after validation."
"physics/core/autonomous/__pycache__","deleted_post_validation","explicit-cache-cleanup","Cache recreated by compile/test/benchmark validation and removed after validation."
"physics/core/__pycache__","deleted_post_validation","explicit-cache-cleanup","Cache recreated by compile/test/benchmark validation and removed after validation."
"physics/agents/__pycache__","deleted_post_validation","explicit-cache-cleanup","Cache recreated by compile/test/benchmark validation and removed after validation."
"physics/adapters/__pycache__","deleted_post_validation","explicit-cache-cleanup","Cache recreated by compile/test/benchmark validation and removed after validation."
"physics/__pycache__","deleted_post_validation","explicit-cache-cleanup","Cache recreated by compile/test/benchmark validation and removed after validation."
"core/orchestration/__pycache__","deleted_post_validation","explicit-cache-cleanup","Cache recreated by compile/test/benchmark validation and removed after validation."
"core/observability/__pycache__","deleted_post_validation","explicit-cache-cleanup","Cache recreated by compile/test/benchmark validation and removed after validation."
"core/domains/__pycache__","deleted_post_validation","explicit-cache-cleanup","Cache recreated by compile/test/benchmark validation and removed after validation."
"core/abstractions/__pycache__","deleted_post_validation","explicit-cache-cleanup","Cache recreated by compile/test/benchmark validation and removed after validation."
"core/__pycache__","deleted_post_validation","explicit-cache-cleanup","Cache recreated by compile/test/benchmark validation and removed after validation."
"benchmarks/__pycache__","deleted_post_validation","explicit-cache-cleanup","Cache recreated by compile/test/benchmark validation and removed after validation."
"__pycache__","deleted_post_validation","explicit-cache-cleanup","Cache recreated by compile/test/benchmark validation and removed after validation."
".pytest_cache","deleted_post_validation","explicit-cache-cleanup","Cache recreated by compile/test/benchmark validation and removed after validation."
"quantum/sandbox/__pycache__","deleted_final_pass","explicit-cache-cleanup","Final cache cleanup after last benchmark shim validation."
"quantum/optimization/__pycache__","deleted_final_pass","explicit-cache-cleanup","Final cache cleanup after last benchmark shim validation."
"quantum/knowledge/__pycache__","deleted_final_pass","explicit-cache-cleanup","Final cache cleanup after last benchmark shim validation."
"quantum/interfaces/__pycache__","deleted_final_pass","explicit-cache-cleanup","Final cache cleanup after last benchmark shim validation."
"quantum/integration/__pycache__","deleted_final_pass","explicit-cache-cleanup","Final cache cleanup after last benchmark shim validation."
"quantum/evolution/__pycache__","deleted_final_pass","explicit-cache-cleanup","Final cache cleanup after last benchmark shim validation."
"quantum/critics/__pycache__","deleted_final_pass","explicit-cache-cleanup","Final cache cleanup after last benchmark shim validation."
"quantum/benchmarks/__pycache__","deleted_final_pass","explicit-cache-cleanup","Final cache cleanup after last benchmark shim validation."
"quantum/__pycache__","deleted_final_pass","explicit-cache-cleanup","Final cache cleanup after last benchmark shim validation."
"core/abstractions/__pycache__","deleted_final_pass","explicit-cache-cleanup","Final cache cleanup after last benchmark shim validation."
"core/__pycache__","deleted_final_pass","explicit-cache-cleanup","Final cache cleanup after last benchmark shim validation."
"quantum/sandbox/__pycache__","deleted_shim_patch_validation","explicit-cache-cleanup","Cache cleanup after validating patched benchmark shim behavior."
"quantum/optimization/__pycache__","deleted_shim_patch_validation","explicit-cache-cleanup","Cache cleanup after validating patched benchmark shim behavior."
"quantum/knowledge/__pycache__","deleted_shim_patch_validation","explicit-cache-cleanup","Cache cleanup after validating patched benchmark shim behavior."
"quantum/interfaces/__pycache__","deleted_shim_patch_validation","explicit-cache-cleanup","Cache cleanup after validating patched benchmark shim behavior."
"quantum/integration/__pycache__","deleted_shim_patch_validation","explicit-cache-cleanup","Cache cleanup after validating patched benchmark shim behavior."
"quantum/evolution/__pycache__","deleted_shim_patch_validation","explicit-cache-cleanup","Cache cleanup after validating patched benchmark shim behavior."
"quantum/critics/__pycache__","deleted_shim_patch_validation","explicit-cache-cleanup","Cache cleanup after validating patched benchmark shim behavior."
"quantum/benchmarks/__pycache__","deleted_shim_patch_validation","explicit-cache-cleanup","Cache cleanup after validating patched benchmark shim behavior."
"quantum/__pycache__","deleted_shim_patch_validation","explicit-cache-cleanup","Cache cleanup after validating patched benchmark shim behavior."
"core/abstractions/__pycache__","deleted_shim_patch_validation","explicit-cache-cleanup","Cache cleanup after validating patched benchmark shim behavior."
"core/__pycache__","deleted_shim_patch_validation","explicit-cache-cleanup","Cache cleanup after validating patched benchmark shim behavior."
"benchmarks/__pycache__","deleted_shim_patch_validation","explicit-cache-cleanup","Cache cleanup after validating patched benchmark shim behavior."
"__pycache__","deleted_shim_patch_validation","explicit-cache-cleanup","Cache cleanup after validating patched benchmark shim behavior."
