file,owner_subsystem,type,bytes,reason,recommendation
adversarial_feature_report.json,<root>,.json,1117,generated extension or report pattern,"keep if cited, otherwise archive by domain"
bayesian_theory_report.json,<root>,.json,3612,generated extension or report pattern,"keep if cited, otherwise archive by domain"
blind_validation_report.json,<root>,.json,7413,generated extension or report pattern,"keep if cited, otherwise archive by domain"
calibration_audit_report.json,<root>,.json,373,generated extension or report pattern,"keep if cited, otherwise archive by domain"
consistency_audit_report.json,<root>,.json,3401,generated extension or report pattern,"keep if cited, otherwise archive by domain"
counterfactual_scaffold_report.json,<root>,.json,1017,generated extension or report pattern,"keep if cited, otherwise archive by domain"
cross_domain_discovery_report.json,<root>,.json,933,generated extension or report pattern,"keep if cited, otherwise archive by domain"
cross_simulator_report.json,<root>,.json,9394,generated extension or report pattern,"keep if cited, otherwise archive by domain"
dataset_integrity_report.json,<root>,.json,896,generated extension or report pattern,"keep if cited, otherwise archive by domain"
discovery_benchmark_report.json,<root>,.json,720,generated extension or report pattern,"keep if cited, otherwise archive by domain"
discovery_compression_report.json,<root>,.json,694,generated extension or report pattern,"keep if cited, otherwise archive by domain"
domain_holdout_report.json,<root>,.json,274,generated extension or report pattern,"keep if cited, otherwise archive by domain"
evidence_memory.db,<root>,.db,53248,generated extension or report pattern,"keep if cited, otherwise archive by domain"
external_reproduction_report.json,<root>,.json,280,generated extension or report pattern,"keep if cited, otherwise archive by domain"
failure_cause_report.json,<root>,.json,1603,generated extension or report pattern,"keep if cited, otherwise archive by domain"
fdr_report.json,<root>,.json,5356,generated extension or report pattern,"keep if cited, otherwise archive by domain"
hardware_adversary_report.json,<root>,.json,296,generated extension or report pattern,"keep if cited, otherwise archive by domain"
hardware_consensus_report.json,<root>,.json,440,generated extension or report pattern,"keep if cited, otherwise archive by domain"
hardware_fdr_report.json,<root>,.json,428,generated extension or report pattern,"keep if cited, otherwise archive by domain"
hardware_replication_report.json,<root>,.json,1176,generated extension or report pattern,"keep if cited, otherwise archive by domain"
hardware_theory_tournament_report.json,<root>,.json,360,generated extension or report pattern,"keep if cited, otherwise archive by domain"
historical_recovery_report.json,<root>,.json,1805,generated extension or report pattern,"keep if cited, otherwise archive by domain"
historical_theory_recovery_report.json,<root>,.json,915,generated extension or report pattern,"keep if cited, otherwise archive by domain"
holdout_report.json,<root>,.json,9744,generated extension or report pattern,"keep if cited, otherwise archive by domain"
label_shuffle_report.json,<root>,.json,1606,generated extension or report pattern,"keep if cited, otherwise archive by domain"
law_discovery_benchmark_report.json,<root>,.json,523,generated extension or report pattern,"keep if cited, otherwise archive by domain"
leakage_forensics_report.json,<root>,.json,4970,generated extension or report pattern,"keep if cited, otherwise archive by domain"
lineage_report.json,<root>,.json,2280,generated extension or report pattern,"keep if cited, otherwise archive by domain"
meta_law_validation_report.json,<root>,.json,624,generated extension or report pattern,"keep if cited, otherwise archive by domain"
minimality_report.json,<root>,.json,8171,generated extension or report pattern,"keep if cited, otherwise archive by domain"
novel_structure_report.json,<root>,.json,315,generated extension or report pattern,"keep if cited, otherwise archive by domain"
ood_hardware_validation_report.json,<root>,.json,440,generated extension or report pattern,"keep if cited, otherwise archive by domain"
optimization_removal_report.json,<root>,.json,393,generated extension or report pattern,"keep if cited, otherwise archive by domain"
physical_mechanism_validation_report.json,<root>,.json,519,generated extension or report pattern,"keep if cited, otherwise archive by domain"
random_evolution_report.json,<root>,.json,457,generated extension or report pattern,"keep if cited, otherwise archive by domain"
realism_audit_report.json,<root>,.json,633,generated extension or report pattern,"keep if cited, otherwise archive by domain"
reality_evolution_report.json,<root>,.json,317,generated extension or report pattern,"keep if cited, otherwise archive by domain"
reality_gap_report.json,<root>,.json,4309,generated extension or report pattern,"keep if cited, otherwise archive by domain"
reality_native.db,<root>,.db,86016,generated extension or report pattern,"keep if cited, otherwise archive by domain"
reproducibility_report.json,<root>,.json,1046,generated extension or report pattern,"keep if cited, otherwise archive by domain"
residual_discovery_report.json,<root>,.json,669,generated extension or report pattern,"keep if cited, otherwise archive by domain"
scientific_consensus_report.json,<root>,.json,315,generated extension or report pattern,"keep if cited, otherwise archive by domain"
scientific_kb.db,<root>,.db,28672,generated extension or report pattern,"keep if cited, otherwise archive by domain"
synthetic_theory_recovery_report.json,<root>,.json,531,generated extension or report pattern,"keep if cited, otherwise archive by domain"
synthetic_world_report.json,<root>,.json,1112,generated extension or report pattern,"keep if cited, otherwise archive by domain"
temporal_stability_report.json,<root>,.json,417,generated extension or report pattern,"keep if cited, otherwise archive by domain"
theory_memory.db,<root>,.db,110592,generated extension or report pattern,"keep if cited, otherwise archive by domain"
theory_surgery_report.json,<root>,.json,3703,generated extension or report pattern,"keep if cited, otherwise archive by domain"
artifacts/autonomous_session.json,artifacts,.json,2737,artifact/result/report folder,"keep if cited, otherwise archive by domain"
artifacts/discovery_report.md,artifacts,.md,911,artifact/result/report folder,"keep if cited, otherwise archive by domain"
artifacts/experiments.db,artifacts,.db,110592,artifact/result/report folder,"keep if cited, otherwise archive by domain"
artifacts/qg_discovery_report.md,artifacts,.md,1321,artifact/result/report folder,"keep if cited, otherwise archive by domain"
artifacts/qg_geometric_audit.json,artifacts,.json,963,artifact/result/report folder,"keep if cited, otherwise archive by domain"
artifacts/robustness_report.md,artifacts,.md,1911,artifact/result/report folder,"keep if cited, otherwise archive by domain"
artifacts/robustness_results.csv,artifacts,.csv,808,artifact/result/report folder,"keep if cited, otherwise archive by domain"
artifacts/sota_report.md,artifacts,.md,2312,artifact/result/report folder,"keep if cited, otherwise archive by domain"
artifacts/sota_results.csv,artifacts,.csv,689,artifact/result/report folder,"keep if cited, otherwise archive by domain"
artifacts/sota_summary.csv,artifacts,.csv,578,artifact/result/report folder,"keep if cited, otherwise archive by domain"
dashboard/next-start-observability-3051.err.log,dashboard,.log,0,generated extension or report pattern,"keep if cited, otherwise archive by domain"
dashboard/next-start-observability-3051.out.log,dashboard,.log,167,generated extension or report pattern,"keep if cited, otherwise archive by domain"
dashboard/next-start-observability-3052.err.log,dashboard,.log,0,generated extension or report pattern,"keep if cited, otherwise archive by domain"
dashboard/next-start-observability-3052.out.log,dashboard,.log,167,generated extension or report pattern,"keep if cited, otherwise archive by domain"
dashboard/next-start-observability.err.log,dashboard,.log,286,generated extension or report pattern,"keep if cited, otherwise archive by domain"
dashboard/next-start-observability.out.log,dashboard,.log,47,generated extension or report pattern,"keep if cited, otherwise archive by domain"
databases/novel_predictions.db,databases,.db,28672,artifact/result/report folder,"keep if cited, otherwise archive by domain"
databases/reality_native_calibration_drift.db,databases,.db,61440,artifact/result/report folder,"keep if cited, otherwise archive by domain"
databases/reality_native_cross_vendor_transfer.db,databases,.db,61440,artifact/result/report folder,"keep if cited, otherwise archive by domain"
databases/reality_native_device_aging.db,databases,.db,61440,artifact/result/report folder,"keep if cited, otherwise archive by domain"
databases/reality_native_gate_error.db,databases,.db,61440,artifact/result/report folder,"keep if cited, otherwise archive by domain"
databases/reality_native_hardware_stability.db,databases,.db,61440,artifact/result/report folder,"keep if cited, otherwise archive by domain"
databases/reality_native_leakage_rate.db,databases,.db,61440,artifact/result/report folder,"keep if cited, otherwise archive by domain"
databases/reality_native_quantum_hardware_noise.db,databases,.db,61440,artifact/result/report folder,"keep if cited, otherwise archive by domain"
databases/reality_native_readout_error.db,databases,.db,61440,artifact/result/report folder,"keep if cited, otherwise archive by domain"
databases/reality_native_spectator_crosstalk.db,databases,.db,61440,artifact/result/report folder,"keep if cited, otherwise archive by domain"
databases/reality_native_thermal_relaxation.db,databases,.db,61440,artifact/result/report folder,"keep if cited, otherwise archive by domain"
figures/collapse_evolution.png,figures,.png,106266,artifact/result/report folder,"keep if cited, otherwise archive by domain"
figures/dynamic_curvature.png,figures,.png,75966,artifact/result/report folder,"keep if cited, otherwise archive by domain"
figures/horizon_evolution.png,figures,.png,80059,artifact/result/report folder,"keep if cited, otherwise archive by domain"
figures/inhomogeneous_evolution.png,figures,.png,68668,artifact/result/report folder,"keep if cited, otherwise archive by domain"
figures/mass_inflation.png,figures,.png,76353,artifact/result/report folder,"keep if cited, otherwise archive by domain"
figures/non_spherical_perturbations.png,figures,.png,60394,artifact/result/report folder,"keep if cited, otherwise archive by domain"
figures/parameter_scan.png,figures,.png,98719,artifact/result/report folder,"keep if cited, otherwise archive by domain"
figures/phase_space.png,figures,.png,68911,artifact/result/report folder,"keep if cited, otherwise archive by domain"
figures/qg_audit_bec_horizon.pdf,figures,.pdf,16896,artifact/result/report folder,"keep if cited, otherwise archive by domain"
figures/qg_audit_phase_transition.pdf,figures,.pdf,26036,artifact/result/report folder,"keep if cited, otherwise archive by domain"
figures/qg_audit_spin_network.pdf,figures,.pdf,27597,artifact/result/report folder,"keep if cited, otherwise archive by domain"
figures/qg_curvature_profiles.png,figures,.png,113230,artifact/result/report folder,"keep if cited, otherwise archive by domain"
figures/qg_kretschmann_profiles.png,figures,.png,152379,artifact/result/report folder,"keep if cited, otherwise archive by domain"
figures/qg_metric_profiles.png,figures,.png,143461,artifact/result/report folder,"keep if cited, otherwise archive by domain"
figures/qnm_spectrum.png,figures,.png,105516,artifact/result/report folder,"keep if cited, otherwise archive by domain"
figures/quantum_core_growth.png,figures,.png,100576,artifact/result/report folder,"keep if cited, otherwise archive by domain"
figures/remnant_falsification_phase.png,figures,.png,74743,artifact/result/report folder,"keep if cited, otherwise archive by domain"
figures/scalar_evolution.png,figures,.png,115069,artifact/result/report folder,"keep if cited, otherwise archive by domain"
figures/shockwave_formation.png,figures,.png,75817,artifact/result/report folder,"keep if cited, otherwise archive by domain"
physics/final_report.json,physics,.json,3283,generated extension or report pattern,"keep if cited, otherwise archive by domain"
physics/scientific_kb.db,physics,.db,28672,generated extension or report pattern,"keep if cited, otherwise archive by domain"
benchmarks/reports/CALIBRATION_AWARE_REPORT.md,benchmarks,.md,3153,artifact/result/report folder,"keep if cited, otherwise archive by domain"
benchmarks/reports/COMMERCIAL_POSITION_FINAL.md,benchmarks,.md,889,artifact/result/report folder,"keep if cited, otherwise archive by domain"
benchmarks/reports/COMPILER_COMPARISON_REPORT.md,benchmarks,.md,2098,artifact/result/report folder,"keep if cited, otherwise archive by domain"
benchmarks/reports/EVOLUTION_ABLATION_REPORT.md,benchmarks,.md,1251,artifact/result/report folder,"keep if cited, otherwise archive by domain"
benchmarks/reports/investor_executive_summary.md,benchmarks,.md,904,artifact/result/report folder,"keep if cited, otherwise archive by domain"
benchmarks/reports/PHASE3_HARDWARE_AWARE_REPORT.md,benchmarks,.md,2665,artifact/result/report folder,"keep if cited, otherwise archive by domain"
benchmarks/reports/PHASE3_INVESTOR_SUMMARY.md,benchmarks,.md,904,artifact/result/report folder,"keep if cited, otherwise archive by domain"
benchmarks/reports/PHASE4_COMMERCIAL_POSITIONING.md,benchmarks,.md,2440,artifact/result/report folder,"keep if cited, otherwise archive by domain"
benchmarks/reports/PHASE4_COMPETITIVE_ADVANTAGE_REPORT.md,benchmarks,.md,9454,artifact/result/report folder,"keep if cited, otherwise archive by domain"
benchmarks/reports/PHASE4_INVESTOR_SUMMARY.md,benchmarks,.md,1005,artifact/result/report folder,"keep if cited, otherwise archive by domain"
benchmarks/reports/PHASE5_INVESTOR_SUMMARY.md,benchmarks,.md,811,artifact/result/report folder,"keep if cited, otherwise archive by domain"
benchmarks/reports/PHASE5_IP_REPORT.md,benchmarks,.md,2411,artifact/result/report folder,"keep if cited, otherwise archive by domain"
benchmarks/reports/PHASE6_COMPETITIVE_MOAT_REPORT.md,benchmarks,.md,841,artifact/result/report folder,"keep if cited, otherwise archive by domain"
benchmarks/reports/PHASE6_ECONOMIC_IMPACT_REPORT.md,benchmarks,.md,1269,artifact/result/report folder,"keep if cited, otherwise archive by domain"
benchmarks/reports/PHASE6_INVESTOR_SUMMARY.md,benchmarks,.md,1019,artifact/result/report folder,"keep if cited, otherwise archive by domain"
benchmarks/reports/PHASE6_IP_VALUATION_REPORT.md,benchmarks,.md,366,artifact/result/report folder,"keep if cited, otherwise archive by domain"
benchmarks/reports/PHASE6_LICENSING_MODEL.md,benchmarks,.md,285,artifact/result/report folder,"keep if cited, otherwise archive by domain"
benchmarks/reports/PHASE6_RISK_ANALYSIS.md,benchmarks,.md,1134,artifact/result/report folder,"keep if cited, otherwise archive by domain"
benchmarks/reports/PHASE7_COMPETITIVE_GAP_REPORT.md,benchmarks,.md,678,artifact/result/report folder,"keep if cited, otherwise archive by domain"
benchmarks/reports/PHASE7_ECONOMIC_MOAT_REPORT.md,benchmarks,.md,1070,artifact/result/report folder,"keep if cited, otherwise archive by domain"
benchmarks/reports/PHASE7_EXECUTIVE_SUMMARY.md,benchmarks,.md,1305,artifact/result/report folder,"keep if cited, otherwise archive by domain"
benchmarks/reports/PHASE7_INVESTOR_POSITIONING.md,benchmarks,.md,748,artifact/result/report folder,"keep if cited, otherwise archive by domain"
benchmarks/reports/PHASE7_KNOWLEDGE_FLYWHEEL_REPORT.md,benchmarks,.md,1096,artifact/result/report folder,"keep if cited, otherwise archive by domain"
benchmarks/reports/PHASE7_NETWORK_EFFECT_REPORT.md,benchmarks,.md,823,artifact/result/report folder,"keep if cited, otherwise archive by domain"
benchmarks/reports/PHASE7_PLATFORM_ANALYSIS.md,benchmarks,.md,581,artifact/result/report folder,"keep if cited, otherwise archive by domain"
benchmarks/reports/PLACEMENT_ABLATION_REPORT.md,benchmarks,.md,1053,artifact/result/report folder,"keep if cited, otherwise archive by domain"
benchmarks/reports/REPRODUCIBILITY_GUIDE.md,benchmarks,.md,494,artifact/result/report folder,"keep if cited, otherwise archive by domain"
benchmarks/reports/ROUTING_COMPARISON_REPORT.md,benchmarks,.md,1745,artifact/result/report folder,"keep if cited, otherwise archive by domain"
benchmarks/reports/SCALING_REPORT.md,benchmarks,.md,1038,artifact/result/report folder,"keep if cited, otherwise archive by domain"
benchmarks/results/COMPILER_COMPARISON.csv,benchmarks,.csv,26890,artifact/result/report folder,"keep if cited, otherwise archive by domain"
benchmarks/results/COMPLETE_PHASE3_RESULTS.csv,benchmarks,.csv,20397,artifact/result/report folder,"keep if cited, otherwise archive by domain"
benchmarks/results/PHASE3_HARDWARE_AWARE_RESULTS.csv,benchmarks,.csv,20397,artifact/result/report folder,"keep if cited, otherwise archive by domain"
benchmarks/results/PHASE3_ROUTING_PLACEMENT_ABLATION.csv,benchmarks,.csv,3855,artifact/result/report folder,"keep if cited, otherwise archive by domain"
benchmarks/results/PHASE4_CATEGORY_SUMMARY.csv,benchmarks,.csv,2731,artifact/result/report folder,"keep if cited, otherwise archive by domain"
benchmarks/results/PHASE4_FAMILY_SUMMARY.csv,benchmarks,.csv,7432,artifact/result/report folder,"keep if cited, otherwise archive by domain"
benchmarks/results/PHASE4_WORKLOAD_ANALYSIS.csv,benchmarks,.csv,54037,artifact/result/report folder,"keep if cited, otherwise archive by domain"
benchmarks/results/PHASE5_GENERALIZATION_RESULTS.csv,benchmarks,.csv,2002,artifact/result/report folder,"keep if cited, otherwise archive by domain"
benchmarks/results/PHASE5_MOTIF_DATABASE.csv,benchmarks,.csv,5446,artifact/result/report folder,"keep if cited, otherwise archive by domain"
benchmarks/results/PHASE5_MOTIF_DATABASE.json,benchmarks,.json,13268,artifact/result/report folder,"keep if cited, otherwise archive by domain"
benchmarks/results/PHASE5_TOP_MOTIFS.csv,benchmarks,.csv,5655,artifact/result/report folder,"keep if cited, otherwise archive by domain"
benchmarks/results/PHASE6_IP_PORTFOLIO_VALUE.csv,benchmarks,.csv,463,artifact/result/report folder,"keep if cited, otherwise archive by domain"
benchmarks/results/PHASE6_MOTIF_ECONOMICS.csv,benchmarks,.csv,3015,artifact/result/report folder,"keep if cited, otherwise archive by domain"
benchmarks/results/PHASE6_WORKLOAD_ECONOMICS.csv,benchmarks,.csv,1062,artifact/result/report folder,"keep if cited, otherwise archive by domain"
benchmarks/results/PHASE7_COMPETITIVE_GAP.csv,benchmarks,.csv,319,artifact/result/report folder,"keep if cited, otherwise archive by domain"
benchmarks/results/PHASE7_KNOWLEDGE_GROWTH.csv,benchmarks,.csv,592,artifact/result/report folder,"keep if cited, otherwise archive by domain"
benchmarks/results/PHASE7_MOAT_SCORES.csv,benchmarks,.csv,352,artifact/result/report folder,"keep if cited, otherwise archive by domain"
benchmarks/results/PHASE7_NETWORK_EFFECT.csv,benchmarks,.csv,590,artifact/result/report folder,"keep if cited, otherwise archive by domain"
benchmarks/results/QADE_MOTIF_DATABASE.csv,benchmarks,.csv,5446,artifact/result/report folder,"keep if cited, otherwise archive by domain"
benchmarks/results/QADE_MOTIF_DATABASE.json,benchmarks,.json,13268,artifact/result/report folder,"keep if cited, otherwise archive by domain"
dashboard/.next/app-path-routes-manifest.json,dashboard,.json,1110,generated extension or report pattern,"keep if cited, otherwise archive by domain"
dashboard/.next/build-manifest.json,dashboard,.json,503,generated extension or report pattern,"keep if cited, otherwise archive by domain"
dashboard/.next/BUILD_ID,dashboard,none,21,generated extension or report pattern,"keep if cited, otherwise archive by domain"
dashboard/.next/export-marker.json,dashboard,.json,111,generated extension or report pattern,"keep if cited, otherwise archive by domain"
dashboard/.next/fallback-build-manifest.json,dashboard,.json,299,generated extension or report pattern,"keep if cited, otherwise archive by domain"
dashboard/.next/images-manifest.json,dashboard,.json,1193,generated extension or report pattern,"keep if cited, otherwise archive by domain"
dashboard/.next/next-minimal-server.js.nft.json,dashboard,.json,5544,generated extension or report pattern,"keep if cited, otherwise archive by domain"
dashboard/.next/next-server.js.nft.json,dashboard,.json,40744,generated extension or report pattern,"keep if cited, otherwise archive by domain"
dashboard/.next/package.json,dashboard,.json,20,generated extension or report pattern,"keep if cited, otherwise archive by domain"
dashboard/.next/prerender-manifest.json,dashboard,.json,35534,generated extension or report pattern,"keep if cited, otherwise archive by domain"
dashboard/.next/required-server-files.js,dashboard,.js,9367,generated extension or report pattern,"keep if cited, otherwise archive by domain"
dashboard/.next/required-server-files.json,dashboard,.json,9338,generated extension or report pattern,"keep if cited, otherwise archive by domain"
dashboard/.next/routes-manifest.json,dashboard,.json,5719,generated extension or report pattern,"keep if cited, otherwise archive by domain"
dashboard/.next/trace,dashboard,none,12351,generated extension or report pattern,"keep if cited, otherwise archive by domain"
dashboard/.next/trace-build,dashboard,none,1203,generated extension or report pattern,"keep if cited, otherwise archive by domain"
dashboard/.next/turbopack,dashboard,none,0,generated extension or report pattern,"keep if cited, otherwise archive by domain"
dashboard/.next/build/package.json,dashboard,.json,20,generated extension or report pattern,"keep if cited, otherwise archive by domain"
dashboard/.next/build/postcss.js,dashboard,.js,913,generated extension or report pattern,"keep if cited, otherwise archive by domain"
dashboard/.next/build/postcss.js.map,dashboard,.map,53,generated extension or report pattern,"keep if cited, otherwise archive by domain"
dashboard/.next/cache/.previewinfo,dashboard,none,262,generated extension or report pattern,"keep if cited, otherwise archive by domain"
dashboard/.next/cache/.rscinfo,dashboard,none,102,generated extension or report pattern,"keep if cited, otherwise archive by domain"
dashboard/.next/cache/.tsbuildinfo,dashboard,none,181057,generated extension or report pattern,"keep if cited, otherwise archive by domain"
dashboard/.next/dev/build-manifest.json,dashboard,.json,1021,generated extension or report pattern,"keep if cited, otherwise archive by domain"
dashboard/.next/dev/fallback-build-manifest.json,dashboard,.json,269,generated extension or report pattern,"keep if cited, otherwise archive by domain"
dashboard/.next/dev/package.json,dashboard,.json,24,generated extension or report pattern,"keep if cited, otherwise archive by domain"
dashboard/.next/dev/prerender-manifest.json,dashboard,.json,560,generated extension or report pattern,"keep if cited, otherwise archive by domain"
dashboard/.next/dev/routes-manifest.json,dashboard,.json,308,generated extension or report pattern,"keep if cited, otherwise archive by domain"
dashboard/.next/dev/trace,dashboard,none,2754,generated extension or report pattern,"keep if cited, otherwise archive by domain"
dashboard/.next/diagnostics/build-diagnostics.json,dashboard,.json,93,generated extension or report pattern,"keep if cited, otherwise archive by domain"
dashboard/.next/diagnostics/framework.json,dashboard,.json,37,generated extension or report pattern,"keep if cited, otherwise archive by domain"
dashboard/.next/diagnostics/route-bundle-stats.json,dashboard,.json,13152,generated extension or report pattern,"keep if cited, otherwise archive by domain"
dashboard/.next/server/app-paths-manifest.json,dashboard,.json,1374,generated extension or report pattern,"keep if cited, otherwise archive by domain"
dashboard/.next/server/functions-config-manifest.json,dashboard,.json,37,generated extension or report pattern,"keep if cited, otherwise archive by domain"
dashboard/.next/server/interception-route-rewrite-manifest.js,dashboard,.js,48,generated extension or report pattern,"keep if cited, otherwise archive by domain"
dashboard/.next/server/middleware-build-manifest.js,dashboard,.js,535,generated extension or report pattern,"keep if cited, otherwise archive by domain"
dashboard/.next/server/middleware-manifest.json,dashboard,.json,83,generated extension or report pattern,"keep if cited, otherwise archive by domain"
dashboard/.next/server/next-font-manifest.js,dashboard,.js,2860,generated extension or report pattern,"keep if cited, otherwise archive by domain"
dashboard/.next/server/next-font-manifest.json,dashboard,.json,2664,generated extension or report pattern,"keep if cited, otherwise archive by domain"
dashboard/.next/server/pages-manifest.json,dashboard,.json,58,generated extension or report pattern,"keep if cited, otherwise archive by domain"
dashboard/.next/server/prefetch-hints.json,dashboard,.json,2,generated extension or report pattern,"keep if cited, otherwise archive by domain"
dashboard/.next/server/server-reference-manifest.js,dashboard,.js,138,generated extension or report pattern,"keep if cited, otherwise archive by domain"
dashboard/.next/server/server-reference-manifest.json,dashboard,.json,97,generated extension or report pattern,"keep if cited, otherwise archive by domain"
dashboard/.next/types/cache-life.d.ts,dashboard,.ts,5854,generated extension or report pattern,"keep if cited, otherwise archive by domain"
dashboard/.next/types/routes.d.ts,dashboard,.ts,2651,generated extension or report pattern,"keep if cited, otherwise archive by domain"
dashboard/.next/types/validator.ts,dashboard,.ts,8561,generated extension or report pattern,"keep if cited, otherwise archive by domain"
dashboard/.next/build/chunks/node_modules_13sb.px._.js,dashboard,.js,258646,generated extension or report pattern,"keep if cited, otherwise archive by domain"
dashboard/.next/build/chunks/node_modules_13sb.px._.js.map,dashboard,.map,415805,generated extension or report pattern,"keep if cited, otherwise archive by domain"
dashboard/.next/build/chunks/[root-of-the-server]__0d-m0h0._.js,dashboard,.js,8436,generated extension or report pattern,"keep if cited, otherwise archive by domain"
dashboard/.next/build/chunks/[root-of-the-server]__0d-m0h0._.js.map,dashboard,.map,9993,generated extension or report pattern,"keep if cited, otherwise archive by domain"
dashboard/.next/build/chunks/[root-of-the-server]__0ubbtyl._.js,dashboard,.js,17727,generated extension or report pattern,"keep if cited, otherwise archive by domain"
dashboard/.next/build/chunks/[root-of-the-server]__0ubbtyl._.js.map,dashboard,.map,26429,generated extension or report pattern,"keep if cited, otherwise archive by domain"
dashboard/.next/build/chunks/[turbopack-node]_transforms_postcss_ts_06e.r3r._.js,dashboard,.js,597,generated extension or report pattern,"keep if cited, otherwise archive by domain"
dashboard/.next/build/chunks/[turbopack-node]_transforms_postcss_ts_06e.r3r._.js.map,dashboard,.map,53,generated extension or report pattern,"keep if cited, otherwise archive by domain"
dashboard/.next/build/chunks/[turbopack]_runtime.js,dashboard,.js,33660,generated extension or report pattern,"keep if cited, otherwise archive by domain"
dashboard/.next/build/chunks/[turbopack]_runtime.js.map,dashboard,.map,62756,generated extension or report pattern,"keep if cited, otherwise archive by domain"
dashboard/.next/dev/build/package.json,dashboard,.json,20,generated extension or report pattern,"keep if cited, otherwise archive by domain"
dashboard/.next/dev/build/postcss.js,dashboard,.js,913,generated extension or report pattern,"keep if cited, otherwise archive by domain"
dashboard/.next/dev/build/postcss.js.map,dashboard,.map,53,generated extension or report pattern,"keep if cited, otherwise archive by domain"
dashboard/.next/dev/cache/.rscinfo,dashboard,none,102,generated extension or report pattern,"keep if cited, otherwise archive by domain"
dashboard/.next/dev/cache/next-devtools-config.json,dashboard,.json,2,generated extension or report pattern,"keep if cited, otherwise archive by domain"
dashboard/.next/dev/logs/next-development.log,dashboard,.log,2833,generated extension or report pattern,"keep if cited, otherwise archive by domain"
dashboard/.next/dev/server/app-paths-manifest.json,dashboard,.json,62,generated extension or report pattern,"keep if cited, otherwise archive by domain"
dashboard/.next/dev/server/interception-route-rewrite-manifest.js,dashboard,.js,48,generated extension or report pattern,"keep if cited, otherwise archive by domain"
dashboard/.next/dev/server/middleware-build-manifest.js,dashboard,.js,1053,generated extension or report pattern,"keep if cited, otherwise archive by domain"
dashboard/.next/dev/server/middleware-manifest.json,dashboard,.json,83,generated extension or report pattern,"keep if cited, otherwise archive by domain"
dashboard/.next/dev/server/next-font-manifest.js,dashboard,.js,262,generated extension or report pattern,"keep if cited, otherwise archive by domain"
dashboard/.next/dev/server/next-font-manifest.json,dashboard,.json,213,generated extension or report pattern,"keep if cited, otherwise archive by domain"
dashboard/.next/dev/server/pages-manifest.json,dashboard,.json,2,generated extension or report pattern,"keep if cited, otherwise archive by domain"
dashboard/.next/dev/server/server-reference-manifest.js,dashboard,.js,138,generated extension or report pattern,"keep if cited, otherwise archive by domain"
dashboard/.next/dev/server/server-reference-manifest.json,dashboard,.json,97,generated extension or report pattern,"keep if cited, otherwise archive by domain"
dashboard/.next/dev/types/cache-life.d.ts,dashboard,.ts,5854,generated extension or report pattern,"keep if cited, otherwise archive by domain"
dashboard/.next/dev/types/routes.d.ts,dashboard,.ts,2651,generated extension or report pattern,"keep if cited, otherwise archive by domain"
dashboard/.next/dev/types/validator.ts,dashboard,.ts,8699,generated extension or report pattern,"keep if cited, otherwise archive by domain"
dashboard/.next/dev/build/chunks/node_modules_13sb.px._.js,dashboard,.js,260639,generated extension or report pattern,"keep if cited, otherwise archive by domain"
dashboard/.next/dev/build/chunks/node_modules_13sb.px._.js.map,dashboard,.map,416861,generated extension or report pattern,"keep if cited, otherwise archive by domain"
dashboard/.next/dev/build/chunks/[root-of-the-server]__0d-m0h0._.js,dashboard,.js,8436,generated extension or report pattern,"keep if cited, otherwise archive by domain"
dashboard/.next/dev/build/chunks/[root-of-the-server]__0d-m0h0._.js.map,dashboard,.map,9993,generated extension or report pattern,"keep if cited, otherwise archive by domain"
dashboard/.next/dev/build/chunks/[root-of-the-server]__0ubbtyl._.js,dashboard,.js,18063,generated extension or report pattern,"keep if cited, otherwise archive by domain"
dashboard/.next/dev/build/chunks/[root-of-the-server]__0ubbtyl._.js.map,dashboard,.map,26570,generated extension or report pattern,"keep if cited, otherwise archive by domain"
dashboard/.next/dev/build/chunks/[turbopack-node]_transforms_postcss_ts_06e.r3r._.js,dashboard,.js,597,generated extension or report pattern,"keep if cited, otherwise archive by domain"
dashboard/.next/dev/build/chunks/[turbopack-node]_transforms_postcss_ts_06e.r3r._.js.map,dashboard,.map,53,generated extension or report pattern,"keep if cited, otherwise archive by domain"
dashboard/.next/dev/build/chunks/[turbopack]_runtime.js,dashboard,.js,69002,generated extension or report pattern,"keep if cited, otherwise archive by domain"
dashboard/.next/dev/build/chunks/[turbopack]_runtime.js.map,dashboard,.map,122994,generated extension or report pattern,"keep if cited, otherwise archive by domain"
dashboard/.next/dev/cache/turbopack/ee6e79b1/00000001.sst,dashboard,.sst,74079,generated extension or report pattern,"keep if cited, otherwise archive by domain"
dashboard/.next/dev/cache/turbopack/ee6e79b1/00000002.sst,dashboard,.sst,12492,generated extension or report pattern,"keep if cited, otherwise archive by domain"
dashboard/.next/dev/cache/turbopack/ee6e79b1/00000003.sst,dashboard,.sst,52,generated extension or report pattern,"keep if cited, otherwise archive by domain"
dashboard/.next/dev/cache/turbopack/ee6e79b1/00000004.sst,dashboard,.sst,5937,generated extension or report pattern,"keep if cited, otherwise archive by domain"
dashboard/.next/dev/cache/turbopack/ee6e79b1/00000005.meta,dashboard,.meta,674,generated extension or report pattern,"keep if cited, otherwise archive by domain"
dashboard/.next/dev/cache/turbopack/ee6e79b1/00000006.meta,dashboard,.meta,1773,generated extension or report pattern,"keep if cited, otherwise archive by domain"
dashboard/.next/dev/cache/turbopack/ee6e79b1/00000007.meta,dashboard,.meta,1773,generated extension or report pattern,"keep if cited, otherwise archive by domain"
dashboard/.next/dev/cache/turbopack/ee6e79b1/00000008.meta,dashboard,.meta,1773,generated extension or report pattern,"keep if cited, otherwise archive by domain"
dashboard/.next/dev/cache/turbopack/ee6e79b1/00000009.sst,dashboard,.sst,26820572,generated extension or report pattern,"keep if cited, otherwise archive by domain"
dashboard/.next/dev/cache/turbopack/ee6e79b1/00000010.sst,dashboard,.sst,22497700,generated extension or report pattern,"keep if cited, otherwise archive by domain"
dashboard/.next/dev/cache/turbopack/ee6e79b1/00000011.sst,dashboard,.sst,20072076,generated extension or report pattern,"keep if cited, otherwise archive by domain"
dashboard/.next/dev/cache/turbopack/ee6e79b1/00000012.sst,dashboard,.sst,21622459,generated extension or report pattern,"keep if cited, otherwise archive by domain"
dashboard/.next/dev/cache/turbopack/ee6e79b1/00000013.sst,dashboard,.sst,14666616,generated extension or report pattern,"keep if cited, otherwise archive by domain"
dashboard/.next/dev/cache/turbopack/ee6e79b1/00000014.sst,dashboard,.sst,52,generated extension or report pattern,"keep if cited, otherwise archive by domain"
dashboard/.next/dev/cache/turbopack/ee6e79b1/00000015.sst,dashboard,.sst,2901789,generated extension or report pattern,"keep if cited, otherwise archive by domain"
dashboard/.next/dev/cache/turbopack/ee6e79b1/00000016.meta,dashboard,.meta,674,generated extension or report pattern,"keep if cited, otherwise archive by domain"
dashboard/.next/dev/cache/turbopack/ee6e79b1/00000017.meta,dashboard,.meta,299617,generated extension or report pattern,"keep if cited, otherwise archive by domain"
dashboard/.next/dev/cache/turbopack/ee6e79b1/00000018.meta,dashboard,.meta,299834,generated extension or report pattern,"keep if cited, otherwise archive by domain"
dashboard/.next/dev/cache/turbopack/ee6e79b1/00000019.meta,dashboard,.meta,299617,generated extension or report pattern,"keep if cited, otherwise archive by domain"
dashboard/.next/dev/cache/turbopack/ee6e79b1/CURRENT,dashboard,none,4,generated extension or report pattern,"keep if cited, otherwise archive by domain"
dashboard/.next/dev/cache/turbopack/ee6e79b1/LOG,dashboard,none,2307,generated extension or report pattern,"keep if cited, otherwise archive by domain"
dashboard/.next/dev/server/app/[lang]/satellite/page.js,dashboard,.js,3427,generated extension or report pattern,"keep if cited, otherwise archive by domain"
dashboard/.next/dev/server/app/[lang]/satellite/page.js.map,dashboard,.map,53,generated extension or report pattern,"keep if cited, otherwise archive by domain"
dashboard/.next/dev/server/app/[lang]/satellite/page_client-reference-manifest.js,dashboard,.js,24759,generated extension or report pattern,"keep if cited, otherwise archive by domain"
dashboard/.next/dev/server/app/[lang]/satellite/page/app-paths-manifest.json,dashboard,.json,62,generated extension or report pattern,"keep if cited, otherwise archive by domain"
dashboard/.next/dev/server/app/[lang]/satellite/page/build-manifest.json,dashboard,.json,903,generated extension or report pattern,"keep if cited, otherwise archive by domain"
dashboard/.next/dev/server/app/[lang]/satellite/page/next-font-manifest.json,dashboard,.json,213,generated extension or report pattern,"keep if cited, otherwise archive by domain"
dashboard/.next/dev/server/app/[lang]/satellite/page/react-loadable-manifest.json,dashboard,.json,2,generated extension or report pattern,"keep if cited, otherwise archive by domain"
dashboard/.next/dev/server/app/[lang]/satellite/page/server-reference-manifest.json,dashboard,.json,30,generated extension or report pattern,"keep if cited, otherwise archive by domain"
dashboard/.next/dev/server/chunks/ssr/node_modules_09w7yel._.js,dashboard,.js,12770,generated extension or report pattern,"keep if cited, otherwise archive by domain"
dashboard/.next/dev/server/chunks/ssr/node_modules_09w7yel._.js.map,dashboard,.map,12336,generated extension or report pattern,"keep if cited, otherwise archive by domain"
dashboard/.next/dev/server/chunks/ssr/node_modules_0elhrjp._.js,dashboard,.js,124416,generated extension or report pattern,"keep if cited, otherwise archive by domain"
dashboard/.next/dev/server/chunks/ssr/node_modules_0elhrjp._.js.map,dashboard,.map,171725,generated extension or report pattern,"keep if cited, otherwise archive by domain"
dashboard/.next/dev/server/chunks/ssr/node_modules_0uq1~sk._.js,dashboard,.js,805356,generated extension or report pattern,"keep if cited, otherwise archive by domain"
dashboard/.next/dev/server/chunks/ssr/node_modules_0uq1~sk._.js.map,dashboard,.map,1374652,generated extension or report pattern,"keep if cited, otherwise archive by domain"
dashboard/.next/dev/server/chunks/ssr/node_modules_0_kga3_._.js,dashboard,.js,321806,generated extension or report pattern,"keep if cited, otherwise archive by domain"
dashboard/.next/dev/server/chunks/ssr/node_modules_0_kga3_._.js.map,dashboard,.map,392639,generated extension or report pattern,"keep if cited, otherwise archive by domain"
dashboard/.next/dev/server/chunks/ssr/node_modules_framer-motion_dist_es_0zo-5a2._.js,dashboard,.js,225327,generated extension or report pattern,"keep if cited, otherwise archive by domain"
dashboard/.next/dev/server/chunks/ssr/node_modules_framer-motion_dist_es_0zo-5a2._.js.map,dashboard,.map,215070,generated extension or report pattern,"keep if cited, otherwise archive by domain"
dashboard/.next/dev/server/chunks/ssr/node_modules_motion-dom_dist_es_07wn477._.js,dashboard,.js,603038,generated extension or report pattern,"keep if cited, otherwise archive by domain"
dashboard/.next/dev/server/chunks/ssr/node_modules_motion-dom_dist_es_07wn477._.js.map,dashboard,.map,681042,generated extension or report pattern,"keep if cited, otherwise archive by domain"
dashboard/.next/dev/server/chunks/ssr/node_modules_next_09_q75t._.js,dashboard,.js,642669,generated extension or report pattern,"keep if cited, otherwise archive by domain"
dashboard/.next/dev/server/chunks/ssr/node_modules_next_09_q75t._.js.map,dashboard,.map,978895,generated extension or report pattern,"keep if cited, otherwise archive by domain"
dashboard/.next/dev/server/chunks/ssr/node_modules_next_dist_0yh1sr3._.js,dashboard,.js,979460,generated extension or report pattern,"keep if cited, otherwise archive by domain"
dashboard/.next/dev/server/chunks/ssr/node_modules_next_dist_0yh1sr3._.js.map,dashboard,.map,1214260,generated extension or report pattern,"keep if cited, otherwise archive by domain"
dashboard/.next/dev/server/chunks/ssr/node_modules_next_dist_client_components_0inhx6q._.js,dashboard,.js,6330,generated extension or report pattern,"keep if cited, otherwise archive by domain"
dashboard/.next/dev/server/chunks/ssr/node_modules_next_dist_client_components_0inhx6q._.js.map,dashboard,.map,4956,generated extension or report pattern,"keep if cited, otherwise archive by domain"
dashboard/.next/dev/server/chunks/ssr/node_modules_next_dist_client_components_builtin_forbidden_0ghu-f7.js,dashboard,.js,1644,generated extension or report pattern,"keep if cited, otherwise archive by domain"
dashboard/.next/dev/server/chunks/ssr/node_modules_next_dist_client_components_builtin_forbidden_0ghu-f7.js.map,dashboard,.map,766,generated extension or report pattern,"keep if cited, otherwise archive by domain"
dashboard/.next/dev/server/chunks/ssr/node_modules_next_dist_client_components_builtin_global-error_0lgvd_..js,dashboard,.js,2696,generated extension or report pattern,"keep if cited, otherwise archive by domain"
dashboard/.next/dev/server/chunks/ssr/node_modules_next_dist_client_components_builtin_global-error_0lgvd_..js.map,dashboard,.map,4237,generated extension or report pattern,"keep if cited, otherwise archive by domain"
dashboard/.next/dev/server/chunks/ssr/node_modules_next_dist_client_components_builtin_unauthorized_0cjv-23.js,dashboard,.js,1672,generated extension or report pattern,"keep if cited, otherwise archive by domain"
dashboard/.next/dev/server/chunks/ssr/node_modules_next_dist_client_components_builtin_unauthorized_0cjv-23.js.map,dashboard,.map,785,generated extension or report pattern,"keep if cited, otherwise archive by domain"
dashboard/.next/dev/server/chunks/ssr/node_modules_next_dist_compiled_07ho8ku._.js,dashboard,.js,258176,generated extension or report pattern,"keep if cited, otherwise archive by domain"
dashboard/.next/dev/server/chunks/ssr/node_modules_next_dist_compiled_07ho8ku._.js.map,dashboard,.map,431152,generated extension or report pattern,"keep if cited, otherwise archive by domain"
dashboard/.next/dev/server/chunks/ssr/node_modules_next_dist_esm_0gybpgt._.js,dashboard,.js,1002120,generated extension or report pattern,"keep if cited, otherwise archive by domain"
dashboard/.next/dev/server/chunks/ssr/node_modules_next_dist_esm_0gybpgt._.js.map,dashboard,.map,1270086,generated extension or report pattern,"keep if cited, otherwise archive by domain"
dashboard/.next/dev/server/chunks/ssr/node_modules_next_dist_server_route-modules_app-page_0f6k0sl._.js,dashboard,.js,2782,generated extension or report pattern,"keep if cited, otherwise archive by domain"
dashboard/.next/dev/server/chunks/ssr/node_modules_next_dist_server_route-modules_app-page_0f6k0sl._.js.map,dashboard,.map,4869,generated extension or report pattern,"keep if cited, otherwise archive by domain"
dashboard/.next/dev/server/chunks/ssr/node_modules_recharts_es6_0tlc6yv._.js,dashboard,.js,297779,generated extension or report pattern,"keep if cited, otherwise archive by domain"
dashboard/.next/dev/server/chunks/ssr/node_modules_recharts_es6_0tlc6yv._.js.map,dashboard,.map,279790,generated extension or report pattern,"keep if cited, otherwise archive by domain"
dashboard/.next/dev/server/chunks/ssr/node_modules_recharts_es6_cartesian_034y2kl._.js,dashboard,.js,209427,generated extension or report pattern,"keep if cited, otherwise archive by domain"
dashboard/.next/dev/server/chunks/ssr/node_modules_recharts_es6_cartesian_034y2kl._.js.map,dashboard,.map,197439,generated extension or report pattern,"keep if cited, otherwise archive by domain"
dashboard/.next/dev/server/chunks/ssr/node_modules_recharts_es6_component_00bzutr._.js,dashboard,.js,146974,generated extension or report pattern,"keep if cited, otherwise archive by domain"
dashboard/.next/dev/server/chunks/ssr/node_modules_recharts_es6_component_00bzutr._.js.map,dashboard,.map,144530,generated extension or report pattern,"keep if cited, otherwise archive by domain"
dashboard/.next/dev/server/chunks/ssr/node_modules_recharts_es6_state_0qnno4n._.js,dashboard,.js,430695,generated extension or report pattern,"keep if cited, otherwise archive by domain"
dashboard/.next/dev/server/chunks/ssr/node_modules_recharts_es6_state_0qnno4n._.js.map,dashboard,.map,375671,generated extension or report pattern,"keep if cited, otherwise archive by domain"
dashboard/.next/dev/server/chunks/ssr/node_modules_recharts_es6_util_0.-x9yf._.js,dashboard,.js,182164,generated extension or report pattern,"keep if cited, otherwise archive by domain"
dashboard/.next/dev/server/chunks/ssr/node_modules_recharts_es6_util_0.-x9yf._.js.map,dashboard,.map,249848,generated extension or report pattern,"keep if cited, otherwise archive by domain"
dashboard/.next/dev/server/chunks/ssr/node_modules_tailwind-merge_dist_bundle-mjs_mjs_01.58mi._.js,dashboard,.js,153150,generated extension or report pattern,"keep if cited, otherwise archive by domain"
dashboard/.next/dev/server/chunks/ssr/node_modules_tailwind-merge_dist_bundle-mjs_mjs_01.58mi._.js.map,dashboard,.map,209755,generated extension or report pattern,"keep if cited, otherwise archive by domain"
dashboard/.next/dev/server/chunks/ssr/src_0e6bx6~._.js,dashboard,.js,156678,generated extension or report pattern,"keep if cited, otherwise archive by domain"
dashboard/.next/dev/server/chunks/ssr/src_0e6bx6~._.js.map,dashboard,.map,74164,generated extension or report pattern,"keep if cited, otherwise archive by domain"
dashboard/.next/dev/server/chunks/ssr/src_0k50kpq._.js,dashboard,.js,162568,generated extension or report pattern,"keep if cited, otherwise archive by domain"
dashboard/.next/dev/server/chunks/ssr/src_0k50kpq._.js.map,dashboard,.map,51845,generated extension or report pattern,"keep if cited, otherwise archive by domain"
dashboard/.next/dev/server/chunks/ssr/[externals]_next_dist_0yew8f-._.js,dashboard,.js,2533,generated extension or report pattern,"keep if cited, otherwise archive by domain"
dashboard/.next/dev/server/chunks/ssr/[externals]_next_dist_0yew8f-._.js.map,dashboard,.map,53,generated extension or report pattern,"keep if cited, otherwise archive by domain"
dashboard/.next/dev/server/chunks/ssr/[externals]__0n13xf4._.js,dashboard,.js,3417,generated extension or report pattern,"keep if cited, otherwise archive by domain"
dashboard/.next/dev/server/chunks/ssr/[externals]__0n13xf4._.js.map,dashboard,.map,53,generated extension or report pattern,"keep if cited, otherwise archive by domain"
dashboard/.next/dev/server/chunks/ssr/[root-of-the-server]__06jreay._.js,dashboard,.js,5380,generated extension or report pattern,"keep if cited, otherwise archive by domain"
dashboard/.next/dev/server/chunks/ssr/[root-of-the-server]__06jreay._.js.map,dashboard,.map,2495,generated extension or report pattern,"keep if cited, otherwise archive by domain"
dashboard/.next/dev/server/chunks/ssr/[root-of-the-server]__0j5dduv._.js,dashboard,.js,4631,generated extension or report pattern,"keep if cited, otherwise archive by domain"
dashboard/.next/dev/server/chunks/ssr/[root-of-the-server]__0j5dduv._.js.map,dashboard,.map,3642,generated extension or report pattern,"keep if cited, otherwise archive by domain"
dashboard/.next/dev/server/chunks/ssr/[turbopack]_runtime.js,dashboard,.js,69575,generated extension or report pattern,"keep if cited, otherwise archive by domain"
dashboard/.next/dev/server/chunks/ssr/[turbopack]_runtime.js.map,dashboard,.map,122995,generated extension or report pattern,"keep if cited, otherwise archive by domain"
dashboard/.next/dev/server/chunks/ssr/_0l0i7jy._.js,dashboard,.js,141370,generated extension or report pattern,"keep if cited, otherwise archive by domain"
dashboard/.next/dev/server/chunks/ssr/_0l0i7jy._.js.map,dashboard,.map,162559,generated extension or report pattern,"keep if cited, otherwise archive by domain"
dashboard/.next/dev/server/chunks/ssr/_next-internal_server_app_[lang]_satellite_page_actions_0vdejvu.js,dashboard,.js,288,generated extension or report pattern,"keep if cited, otherwise archive by domain"
dashboard/.next/dev/server/chunks/ssr/_next-internal_server_app_[lang]_satellite_page_actions_0vdejvu.js.map,dashboard,.map,154,generated extension or report pattern,"keep if cited, otherwise archive by domain"
dashboard/.next/dev/static/chunks/node_modules_042r824._.js,dashboard,.js,823985,generated extension or report pattern,"keep if cited, otherwise archive by domain"
dashboard/.next/dev/static/chunks/node_modules_042r824._.js.map,dashboard,.map,1379429,generated extension or report pattern,"keep if cited, otherwise archive by domain"
dashboard/.next/dev/static/chunks/node_modules_13rrv~w._.js,dashboard,.js,1169880,generated extension or report pattern,"keep if cited, otherwise archive by domain"
dashboard/.next/dev/static/chunks/node_modules_13rrv~w._.js.map,dashboard,.map,1356344,generated extension or report pattern,"keep if cited, otherwise archive by domain"
dashboard/.next/dev/static/chunks/node_modules_@swc_helpers_cjs_0-4ujiy._.js,dashboard,.js,1984,generated extension or report pattern,"keep if cited, otherwise archive by domain"
dashboard/.next/dev/static/chunks/node_modules_@swc_helpers_cjs_0-4ujiy._.js.map,dashboard,.map,3534,generated extension or report pattern,"keep if cited, otherwise archive by domain"
dashboard/.next/dev/static/chunks/node_modules_katex_dist_katex_min_css_0w3-wzy._.single.css,dashboard,.css,28010,generated extension or report pattern,"keep if cited, otherwise archive by domain"
dashboard/.next/dev/static/chunks/node_modules_katex_dist_katex_min_css_0w3-wzy._.single.css.map,dashboard,.map,26665,generated extension or report pattern,"keep if cited, otherwise archive by domain"
dashboard/.next/dev/static/chunks/node_modules_next_dist_0tt2wve._.js,dashboard,.js,208717,generated extension or report pattern,"keep if cited, otherwise archive by domain"
dashboard/.next/dev/static/chunks/node_modules_next_dist_0tt2wve._.js.map,dashboard,.map,295673,generated extension or report pattern,"keep if cited, otherwise archive by domain"
dashboard/.next/dev/static/chunks/node_modules_next_dist_115brz8._.js,dashboard,.js,248032,generated extension or report pattern,"keep if cited, otherwise archive by domain"
dashboard/.next/dev/static/chunks/node_modules_next_dist_115brz8._.js.map,dashboard,.map,352019,generated extension or report pattern,"keep if cited, otherwise archive by domain"
dashboard/.next/dev/static/chunks/node_modules_next_dist_build_polyfills_polyfill-nomodule.js,dashboard,.js,112594,generated extension or report pattern,"keep if cited, otherwise archive by domain"
dashboard/.next/dev/static/chunks/node_modules_next_dist_build_polyfills_polyfill-nomodule.js.map,dashboard,.map,115717,generated extension or report pattern,"keep if cited, otherwise archive by domain"
dashboard/.next/dev/static/chunks/node_modules_next_dist_client_0fhqo1d._.js,dashboard,.js,744211,generated extension or report pattern,"keep if cited, otherwise archive by domain"
dashboard/.next/dev/static/chunks/node_modules_next_dist_client_0fhqo1d._.js.map,dashboard,.map,1056013,generated extension or report pattern,"keep if cited, otherwise archive by domain"
dashboard/.next/dev/static/chunks/node_modules_next_dist_client_components_builtin_global-error_0r.3k2f.js,dashboard,.js,212,generated extension or report pattern,"keep if cited, otherwise archive by domain"
dashboard/.next/dev/static/chunks/node_modules_next_dist_compiled_0rpq4pf._.js,dashboard,.js,144344,generated extension or report pattern,"keep if cited, otherwise archive by domain"
dashboard/.next/dev/static/chunks/node_modules_next_dist_compiled_0rpq4pf._.js.map,dashboard,.map,200624,generated extension or report pattern,"keep if cited, otherwise archive by domain"
dashboard/.next/dev/static/chunks/node_modules_next_dist_compiled_next-devtools_index_0553esy.js,dashboard,.js,746608,generated extension or report pattern,"keep if cited, otherwise archive by domain"
dashboard/.next/dev/static/chunks/node_modules_next_dist_compiled_next-devtools_index_0553esy.js.map,dashboard,.map,2622239,generated extension or report pattern,"keep if cited, otherwise archive by domain"
dashboard/.next/dev/static/chunks/node_modules_next_dist_compiled_react-dom_058-ah~._.js,dashboard,.js,1057980,generated extension or report pattern,"keep if cited, otherwise archive by domain"
dashboard/.next/dev/static/chunks/node_modules_next_dist_compiled_react-dom_058-ah~._.js.map,dashboard,.map,1864160,generated extension or report pattern,"keep if cited, otherwise archive by domain"
dashboard/.next/dev/static/chunks/node_modules_next_dist_compiled_react-server-dom-turbopack_0p3wegg._.js,dashboard,.js,174652,generated extension or report pattern,"keep if cited, otherwise archive by domain"
dashboard/.next/dev/static/chunks/node_modules_next_dist_compiled_react-server-dom-turbopack_0p3wegg._.js.map,dashboard,.map,315338,generated extension or report pattern,"keep if cited, otherwise archive by domain"
dashboard/.next/dev/static/chunks/node_modules_recharts_es6_0.yy-if._.js,dashboard,.js,302701,generated extension or report pattern,"keep if cited, otherwise archive by domain"
dashboard/.next/dev/static/chunks/node_modules_recharts_es6_0.yy-if._.js.map,dashboard,.map,280130,generated extension or report pattern,"keep if cited, otherwise archive by domain"
dashboard/.next/dev/static/chunks/node_modules_recharts_es6_cartesian_0zwscvw._.js,dashboard,.js,210123,generated extension or report pattern,"keep if cited, otherwise archive by domain"
dashboard/.next/dev/static/chunks/node_modules_recharts_es6_cartesian_0zwscvw._.js.map,dashboard,.map,197567,generated extension or report pattern,"keep if cited, otherwise archive by domain"
dashboard/.next/dev/static/chunks/node_modules_recharts_es6_component_07ip~6p._.js,dashboard,.js,145866,generated extension or report pattern,"keep if cited, otherwise archive by domain"
dashboard/.next/dev/static/chunks/node_modules_recharts_es6_component_07ip~6p._.js.map,dashboard,.map,144620,generated extension or report pattern,"keep if cited, otherwise archive by domain"
dashboard/.next/dev/static/chunks/node_modules_recharts_es6_state_027zpuo._.js,dashboard,.js,435886,generated extension or report pattern,"keep if cited, otherwise archive by domain"
dashboard/.next/dev/static/chunks/node_modules_recharts_es6_state_027zpuo._.js.map,dashboard,.map,375760,generated extension or report pattern,"keep if cited, otherwise archive by domain"
dashboard/.next/dev/static/chunks/node_modules_recharts_es6_util_0ze3_c3._.js,dashboard,.js,182377,generated extension or report pattern,"keep if cited, otherwise archive by domain"
dashboard/.next/dev/static/chunks/node_modules_recharts_es6_util_0ze3_c3._.js.map,dashboard,.map,249855,generated extension or report pattern,"keep if cited, otherwise archive by domain"
dashboard/.next/dev/static/chunks/src_0hdc3fd._.js,dashboard,.js,158811,generated extension or report pattern,"keep if cited, otherwise archive by domain"
dashboard/.next/dev/static/chunks/src_0hdc3fd._.js.map,dashboard,.map,51996,generated extension or report pattern,"keep if cited, otherwise archive by domain"
dashboard/.next/dev/static/chunks/src_0whc-z6._.js,dashboard,.js,159635,generated extension or report pattern,"keep if cited, otherwise archive by domain"
dashboard/.next/dev/static/chunks/src_0whc-z6._.js.map,dashboard,.map,74580,generated extension or report pattern,"keep if cited, otherwise archive by domain"
dashboard/.next/dev/static/chunks/src_app_globals_css_0w3-wzy._.single.css,dashboard,.css,191175,generated extension or report pattern,"keep if cited, otherwise archive by domain"
dashboard/.next/dev/static/chunks/src_app_globals_css_0w3-wzy._.single.css.map,dashboard,.map,219757,generated extension or report pattern,"keep if cited, otherwise archive by domain"
dashboard/.next/dev/static/chunks/src_app_layout_tsx_004glpo._.js,dashboard,.js,315,generated extension or report pattern,"keep if cited, otherwise archive by domain"
dashboard/.next/dev/static/chunks/src_app_[lang]_layout_tsx_0r.3k2f._.js,dashboard,.js,286,generated extension or report pattern,"keep if cited, otherwise archive by domain"
dashboard/.next/dev/static/chunks/src_app_[lang]_satellite_page_tsx_0spznpf._.js,dashboard,.js,592,generated extension or report pattern,"keep if cited, otherwise archive by domain"
dashboard/.next/dev/static/chunks/turbopack-_0p44nws._.js,dashboard,.js,92351,generated extension or report pattern,"keep if cited, otherwise archive by domain"
dashboard/.next/dev/static/chunks/[next]_internal_font_google_inter_c15e96cb_module_css_0w3-wzy._.single.css,dashboard,.css,2630,generated extension or report pattern,"keep if cited, otherwise archive by domain"
dashboard/.next/dev/static/chunks/[next]_internal_font_google_inter_c15e96cb_module_css_0w3-wzy._.single.css.map,dashboard,.map,4114,generated extension or report pattern,"keep if cited, otherwise archive by domain"
dashboard/.next/dev/static/chunks/[root-of-the-server]__0bt.fam._.css,dashboard,.css,221624,generated extension or report pattern,"keep if cited, otherwise archive by domain"
dashboard/.next/dev/static/chunks/[root-of-the-server]__0bt.fam._.css.map,dashboard,.map,250516,generated extension or report pattern,"keep if cited, otherwise archive by domain"
dashboard/.next/dev/static/chunks/[turbopack]_browser_dev_hmr-client_hmr-client_ts_0yjw1oe._.js,dashboard,.js,15615,generated extension or report pattern,"keep if cited, otherwise archive by domain"
dashboard/.next/dev/static/chunks/[turbopack]_browser_dev_hmr-client_hmr-client_ts_0yjw1oe._.js.map,dashboard,.map,27581,generated extension or report pattern,"keep if cited, otherwise archive by domain"
dashboard/.next/dev/static/chunks/[turbopack]_browser_dev_hmr-client_hmr-client_ts_10mygs7._.js,dashboard,.js,289,generated extension or report pattern,"keep if cited, otherwise archive by domain"
dashboard/.next/dev/static/chunks/[turbopack]_browser_dev_hmr-client_hmr-client_ts_10z625~._.js,dashboard,.js,675,generated extension or report pattern,"keep if cited, otherwise archive by domain"
dashboard/.next/dev/static/chunks/[turbopack]_browser_dev_hmr-client_hmr-client_ts_10z625~._.js.map,dashboard,.map,53,generated extension or report pattern,"keep if cited, otherwise archive by domain"
dashboard/.next/dev/static/chunks/_0p44nws._.js.map,dashboard,.map,159225,generated extension or report pattern,"keep if cited, otherwise archive by domain"
dashboard/.next/dev/static/chunks/_0rqeker._.js,dashboard,.js,756,generated extension or report pattern,"keep if cited, otherwise archive by domain"
dashboard/.next/dev/static/development/_buildManifest.js,dashboard,.js,219,generated extension or report pattern,"keep if cited, otherwise archive by domain"
dashboard/.next/dev/static/development/_clientMiddlewareManifest.js,dashboard,.js,96,generated extension or report pattern,"keep if cited, otherwise archive by domain"
dashboard/.next/dev/static/development/_ssgManifest.js,dashboard,.js,76,generated extension or report pattern,"keep if cited, otherwise archive by domain"
dashboard/.next/dev/static/media/1bffadaabf893a1e-s.16ipb6fqu393i.woff2,dashboard,.woff2,85272,generated extension or report pattern,"keep if cited, otherwise archive by domain"
dashboard/.next/dev/static/media/2bbe8d2671613f1f-s.067x_6k0k23tk.woff2,dashboard,.woff2,10280,generated extension or report pattern,"keep if cited, otherwise archive by domain"
dashboard/.next/dev/static/media/2c55a0e60120577a-s.0bjc5tiuqdqro.woff2,dashboard,.woff2,25844,generated extension or report pattern,"keep if cited, otherwise archive by domain"
dashboard/.next/dev/static/media/5476f68d60460930-s.0wxq9webf.ew4.woff2,dashboard,.woff2,19044,generated extension or report pattern,"keep if cited, otherwise archive by domain"
dashboard/.next/dev/static/media/83afe278b6a6bb3c-s.p.0q-301v4kxxnr.woff2,dashboard,.woff2,48432,generated extension or report pattern,"keep if cited, otherwise archive by domain"
dashboard/.next/dev/static/media/9c72aa0f40e4eef8-s.0m6w47a4e5dy9.woff2,dashboard,.woff2,18744,generated extension or report pattern,"keep if cited, otherwise archive by domain"
dashboard/.next/dev/static/media/ad66f9afd8947f86-s.11u06r12fd6v_.woff2,dashboard,.woff2,11272,generated extension or report pattern,"keep if cited, otherwise archive by domain"
dashboard/.next/dev/static/media/favicon.0x3dzn~oxb6tn.ico,dashboard,.ico,25931,generated extension or report pattern,"keep if cited, otherwise archive by domain"
dashboard/.next/dev/static/media/KaTeX_AMS-Regular.0b~8ki5y928w2.woff,dashboard,.woff,33516,generated extension or report pattern,"keep if cited, otherwise archive by domain"
dashboard/.next/dev/static/media/KaTeX_AMS-Regular.0p1vbqd84i2~o.woff2,dashboard,.woff2,28076,generated extension or report pattern,"keep if cited, otherwise archive by domain"
dashboard/.next/dev/static/media/KaTeX_AMS-Regular.173t6ktr7uf-w.ttf,dashboard,.ttf,63632,generated extension or report pattern,"keep if cited, otherwise archive by domain"
dashboard/.next/dev/static/media/KaTeX_Caligraphic-Bold.01-pzluls4zgb.woff2,dashboard,.woff2,6912,generated extension or report pattern,"keep if cited, otherwise archive by domain"
dashboard/.next/dev/static/media/KaTeX_Caligraphic-Bold.0x2v1lwn~880f.woff,dashboard,.woff,7716,generated extension or report pattern,"keep if cited, otherwise archive by domain"
dashboard/.next/dev/static/media/KaTeX_Caligraphic-Bold.16zv5fax0h0ka.ttf,dashboard,.ttf,12368,generated extension or report pattern,"keep if cited, otherwise archive by domain"
dashboard/.next/dev/static/media/KaTeX_Caligraphic-Regular.02i3z7wig438t.ttf,dashboard,.ttf,12344,generated extension or report pattern,"keep if cited, otherwise archive by domain"
dashboard/.next/dev/static/media/KaTeX_Caligraphic-Regular.0rysu1t-ncjq8.woff2,dashboard,.woff2,6908,generated extension or report pattern,"keep if cited, otherwise archive by domain"
dashboard/.next/dev/static/media/KaTeX_Caligraphic-Regular.10927swgekwun.woff,dashboard,.woff,7656,generated extension or report pattern,"keep if cited, otherwise archive by domain"
dashboard/.next/dev/static/media/KaTeX_Fraktur-Bold.0e-16u10iuyyf.woff,dashboard,.woff,13296,generated extension or report pattern,"keep if cited, otherwise archive by domain"
dashboard/.next/dev/static/media/KaTeX_Fraktur-Bold.0et27v~3~4uhe.ttf,dashboard,.ttf,19584,generated extension or report pattern,"keep if cited, otherwise archive by domain"
dashboard/.next/dev/static/media/KaTeX_Fraktur-Bold.0w23i72~hprpq.woff2,dashboard,.woff2,11348,generated extension or report pattern,"keep if cited, otherwise archive by domain"
dashboard/.next/dev/static/media/KaTeX_Fraktur-Regular.0b.riegzdfue2.woff,dashboard,.woff,13208,generated extension or report pattern,"keep if cited, otherwise archive by domain"
dashboard/.next/dev/static/media/KaTeX_Fraktur-Regular.0rekyoa-52fj_.woff2,dashboard,.woff2,11316,generated extension or report pattern,"keep if cited, otherwise archive by domain"
dashboard/.next/dev/static/media/KaTeX_Fraktur-Regular.0vjwa15znhk~4.ttf,dashboard,.ttf,19572,generated extension or report pattern,"keep if cited, otherwise archive by domain"
dashboard/.next/dev/static/media/KaTeX_Main-Bold.09i7~607shf-h.ttf,dashboard,.ttf,51336,generated extension or report pattern,"keep if cited, otherwise archive by domain"
dashboard/.next/dev/static/media/KaTeX_Main-Bold.09lmynrorhcbw.woff,dashboard,.woff,29912,generated extension or report pattern,"keep if cited, otherwise archive by domain"
dashboard/.next/dev/static/media/KaTeX_Main-Bold.16pfc63_du6mx.woff2,dashboard,.woff2,25324,generated extension or report pattern,"keep if cited, otherwise archive by domain"
dashboard/.next/dev/static/media/KaTeX_Main-BoldItalic.0cp37g7x1q8h6.woff,dashboard,.woff,19412,generated extension or report pattern,"keep if cited, otherwise archive by domain"
dashboard/.next/dev/static/media/KaTeX_Main-BoldItalic.0d54rk08rx11s.woff2,dashboard,.woff2,16780,generated extension or report pattern,"keep if cited, otherwise archive by domain"
dashboard/.next/dev/static/media/KaTeX_Main-BoldItalic.15j6k~hix2t_0.ttf,dashboard,.ttf,32968,generated extension or report pattern,"keep if cited, otherwise archive by domain"
dashboard/.next/dev/static/media/KaTeX_Main-Italic.0382gqciexmbu.woff,dashboard,.woff,19676,generated extension or report pattern,"keep if cited, otherwise archive by domain"
dashboard/.next/dev/static/media/KaTeX_Main-Italic.06o5nq0_91v60.woff2,dashboard,.woff2,16988,generated extension or report pattern,"keep if cited, otherwise archive by domain"
dashboard/.next/dev/static/media/KaTeX_Main-Italic.0su4i6mm18-wo.ttf,dashboard,.ttf,33580,generated extension or report pattern,"keep if cited, otherwise archive by domain"
dashboard/.next/dev/static/media/KaTeX_Main-Regular.08zh8z.7shijf.ttf,dashboard,.ttf,53580,generated extension or report pattern,"keep if cited, otherwise archive by domain"
dashboard/.next/dev/static/media/KaTeX_Main-Regular.0diheg01zyoph.woff,dashboard,.woff,30772,generated extension or report pattern,"keep if cited, otherwise archive by domain"
dashboard/.next/dev/static/media/KaTeX_Main-Regular.0kaf-ag2_wkm-.woff2,dashboard,.woff2,26272,generated extension or report pattern,"keep if cited, otherwise archive by domain"
dashboard/.next/dev/static/media/KaTeX_Math-BoldItalic.0ajzxypnbx1h1.ttf,dashboard,.ttf,31196,generated extension or report pattern,"keep if cited, otherwise archive by domain"
dashboard/.next/dev/static/media/KaTeX_Math-BoldItalic.0ck1myuerwyqw.woff,dashboard,.woff,18668,generated extension or report pattern,"keep if cited, otherwise archive by domain"
dashboard/.next/dev/static/media/KaTeX_Math-BoldItalic.0ja97dn.cpc87.woff2,dashboard,.woff2,16400,generated extension or report pattern,"keep if cited, otherwise archive by domain"
dashboard/.next/dev/static/media/KaTeX_Math-Italic.09xkhecjcn5r9.woff,dashboard,.woff,18748,generated extension or report pattern,"keep if cited, otherwise archive by domain"
dashboard/.next/dev/static/media/KaTeX_Math-Italic.0x23a-bmp-5tg.ttf,dashboard,.ttf,31308,generated extension or report pattern,"keep if cited, otherwise archive by domain"
dashboard/.next/dev/static/media/KaTeX_Math-Italic.0zrha2c4sl2je.woff2,dashboard,.woff2,16440,generated extension or report pattern,"keep if cited, otherwise archive by domain"
dashboard/.next/dev/static/media/KaTeX_SansSerif-Bold.05a9.pc1j_zx9.woff2,dashboard,.woff2,12216,generated extension or report pattern,"keep if cited, otherwise archive by domain"
dashboard/.next/dev/static/media/KaTeX_SansSerif-Bold.0jcl-ayi1uun0.woff,dashboard,.woff,14408,generated extension or report pattern,"keep if cited, otherwise archive by domain"
dashboard/.next/dev/static/media/KaTeX_SansSerif-Bold.0re8y.dm7.mt5.ttf,dashboard,.ttf,24504,generated extension or report pattern,"keep if cited, otherwise archive by domain"
dashboard/.next/dev/static/media/KaTeX_SansSerif-Italic.0a0234dc3s62j.woff2,dashboard,.woff2,12028,generated extension or report pattern,"keep if cited, otherwise archive by domain"
dashboard/.next/dev/static/media/KaTeX_SansSerif-Italic.0judofdln9731.woff,dashboard,.woff,14112,generated extension or report pattern,"keep if cited, otherwise archive by domain"
dashboard/.next/dev/static/media/KaTeX_SansSerif-Italic.10z1iap9pfus8.ttf,dashboard,.ttf,22364,generated extension or report pattern,"keep if cited, otherwise archive by domain"
dashboard/.next/dev/static/media/KaTeX_SansSerif-Regular.0h9yjlugq4q_e.woff,dashboard,.woff,12316,generated extension or report pattern,"keep if cited, otherwise archive by domain"
dashboard/.next/dev/static/media/KaTeX_SansSerif-Regular.0v6gcj32-czft.woff2,dashboard,.woff2,10344,generated extension or report pattern,"keep if cited, otherwise archive by domain"
dashboard/.next/dev/static/media/KaTeX_SansSerif-Regular.0zm18kga42ebc.ttf,dashboard,.ttf,19436,generated extension or report pattern,"keep if cited, otherwise archive by domain"
dashboard/.next/dev/static/media/KaTeX_Script-Regular.0c4.h-mer83d_.woff2,dashboard,.woff2,9644,generated extension or report pattern,"keep if cited, otherwise archive by domain"
dashboard/.next/dev/static/media/KaTeX_Script-Regular.0q14y6zkzlpob.ttf,dashboard,.ttf,16648,generated extension or report pattern,"keep if cited, otherwise archive by domain"
dashboard/.next/dev/static/media/KaTeX_Script-Regular.0ze6v4r_-99oy.woff,dashboard,.woff,10588,generated extension or report pattern,"keep if cited, otherwise archive by domain"
dashboard/.next/dev/static/media/KaTeX_Size1-Regular.013x6a4ierotp.woff2,dashboard,.woff2,5468,generated extension or report pattern,"keep if cited, otherwise archive by domain"
dashboard/.next/dev/static/media/KaTeX_Size1-Regular.0kidw0oi.m68o.woff,dashboard,.woff,6496,generated extension or report pattern,"keep if cited, otherwise archive by domain"
dashboard/.next/dev/static/media/KaTeX_Size1-Regular.0m6y-i6wfokni.ttf,dashboard,.ttf,12228,generated extension or report pattern,"keep if cited, otherwise archive by domain"
dashboard/.next/dev/static/media/KaTeX_Size2-Regular.0blpmluwilgbg.woff,dashboard,.woff,6188,generated extension or report pattern,"keep if cited, otherwise archive by domain"
dashboard/.next/dev/static/media/KaTeX_Size2-Regular.0d5inmyp-tyv3.woff2,dashboard,.woff2,5208,generated extension or report pattern,"keep if cited, otherwise archive by domain"
dashboard/.next/dev/static/media/KaTeX_Size2-Regular.0wnhnvj-.k9d5.ttf,dashboard,.ttf,11508,generated extension or report pattern,"keep if cited, otherwise archive by domain"
dashboard/.next/dev/static/media/KaTeX_Size3-Regular.01h0xm_sfctj3.woff,dashboard,.woff,4420,generated extension or report pattern,"keep if cited, otherwise archive by domain"
dashboard/.next/dev/static/media/KaTeX_Size3-Regular.0iukctyhw5j56.woff2,dashboard,.woff2,3624,generated extension or report pattern,"keep if cited, otherwise archive by domain"
dashboard/.next/dev/static/media/KaTeX_Size3-Regular.0jl8mqyf4gzpn.ttf,dashboard,.ttf,7588,generated extension or report pattern,"keep if cited, otherwise archive by domain"
dashboard/.next/dev/static/media/KaTeX_Size4-Regular.0w3.rb_c4stzk.woff2,dashboard,.woff2,4928,generated extension or report pattern,"keep if cited, otherwise archive by domain"
dashboard/.next/dev/static/media/KaTeX_Size4-Regular.0wr_9l81-mu06.ttf,dashboard,.ttf,10364,generated extension or report pattern,"keep if cited, otherwise archive by domain"
dashboard/.next/dev/static/media/KaTeX_Size4-Regular.12tvaesf3.zl3.woff,dashboard,.woff,5980,generated extension or report pattern,"keep if cited, otherwise archive by domain"
dashboard/.next/dev/static/media/KaTeX_Typewriter-Regular.0c4zdxz~8frhm.woff2,dashboard,.woff2,13568,generated extension or report pattern,"keep if cited, otherwise archive by domain"
dashboard/.next/dev/static/media/KaTeX_Typewriter-Regular.0cgrzn5l3kao5.woff,dashboard,.woff,16028,generated extension or report pattern,"keep if cited, otherwise archive by domain"
dashboard/.next/dev/static/media/KaTeX_Typewriter-Regular.128~qc3858otl.ttf,dashboard,.ttf,27556,generated extension or report pattern,"keep if cited, otherwise archive by domain"
dashboard/.next/server/app/discoveries.html,dashboard,.html,8215,generated extension or report pattern,"keep if cited, otherwise archive by domain"
dashboard/.next/server/app/discoveries.meta,dashboard,.meta,375,generated extension or report pattern,"keep if cited, otherwise archive by domain"
dashboard/.next/server/app/discoveries.rsc,dashboard,.rsc,5640,generated extension or report pattern,"keep if cited, otherwise archive by domain"
dashboard/.next/server/app/favicon.ico.body,dashboard,.body,25931,generated extension or report pattern,"keep if cited, otherwise archive by domain"
dashboard/.next/server/app/favicon.ico.meta,dashboard,.meta,211,generated extension or report pattern,"keep if cited, otherwise archive by domain"
dashboard/.next/server/app/index.html,dashboard,.html,7689,generated extension or report pattern,"keep if cited, otherwise archive by domain"
dashboard/.next/server/app/index.meta,dashboard,.meta,305,generated extension or report pattern,"keep if cited, otherwise archive by domain"
dashboard/.next/server/app/index.rsc,dashboard,.rsc,5223,generated extension or report pattern,"keep if cited, otherwise archive by domain"
dashboard/.next/server/app/learn.html,dashboard,.html,8197,generated extension or report pattern,"keep if cited, otherwise archive by domain"
dashboard/.next/server/app/learn.meta,dashboard,.meta,339,generated extension or report pattern,"keep if cited, otherwise archive by domain"
dashboard/.next/server/app/learn.rsc,dashboard,.rsc,5622,generated extension or report pattern,"keep if cited, otherwise archive by domain"
dashboard/.next/server/app/mathematics.html,dashboard,.html,8215,generated extension or report pattern,"keep if cited, otherwise archive by domain"
dashboard/.next/server/app/mathematics.meta,dashboard,.meta,375,generated extension or report pattern,"keep if cited, otherwise archive by domain"
dashboard/.next/server/app/mathematics.rsc,dashboard,.rsc,5640,generated extension or report pattern,"keep if cited, otherwise archive by domain"
dashboard/.next/server/app/page.js,dashboard,.js,1006,generated extension or report pattern,"keep if cited, otherwise archive by domain"
dashboard/.next/server/app/page.js.map,dashboard,.map,53,generated extension or report pattern,"keep if cited, otherwise archive by domain"
dashboard/.next/server/app/page.js.nft.json,dashboard,.json,7550,generated extension or report pattern,"keep if cited, otherwise archive by domain"
dashboard/.next/server/app/page_client-reference-manifest.js,dashboard,.js,6433,generated extension or report pattern,"keep if cited, otherwise archive by domain"
dashboard/.next/server/app/physics.html,dashboard,.html,8205,generated extension or report pattern,"keep if cited, otherwise archive by domain"
dashboard/.next/server/app/physics.meta,dashboard,.meta,353,generated extension or report pattern,"keep if cited, otherwise archive by domain"
dashboard/.next/server/app/physics.rsc,dashboard,.rsc,5630,generated extension or report pattern,"keep if cited, otherwise archive by domain"
dashboard/.next/server/app/quantum.html,dashboard,.html,8203,generated extension or report pattern,"keep if cited, otherwise archive by domain"
dashboard/.next/server/app/quantum.meta,dashboard,.meta,351,generated extension or report pattern,"keep if cited, otherwise archive by domain"
dashboard/.next/server/app/quantum.rsc,dashboard,.rsc,5628,generated extension or report pattern,"keep if cited, otherwise archive by domain"
dashboard/.next/server/app/satellite.html,dashboard,.html,8209,generated extension or report pattern,"keep if cited, otherwise archive by domain"
dashboard/.next/server/app/satellite.meta,dashboard,.meta,363,generated extension or report pattern,"keep if cited, otherwise archive by domain"
dashboard/.next/server/app/satellite.rsc,dashboard,.rsc,5634,generated extension or report pattern,"keep if cited, otherwise archive by domain"
dashboard/.next/server/app/_global-error.html,dashboard,.html,9550,generated extension or report pattern,"keep if cited, otherwise archive by domain"
dashboard/.next/server/app/_global-error.meta,dashboard,.meta,314,generated extension or report pattern,"keep if cited, otherwise archive by domain"
dashboard/.next/server/app/_global-error.rsc,dashboard,.rsc,5135,generated extension or report pattern,"keep if cited, otherwise archive by domain"
dashboard/.next/server/app/_not-found.html,dashboard,.html,10273,generated extension or report pattern,"keep if cited, otherwise archive by domain"
dashboard/.next/server/app/_not-found.meta,dashboard,.meta,335,generated extension or report pattern,"keep if cited, otherwise archive by domain"
dashboard/.next/server/app/_not-found.rsc,dashboard,.rsc,6585,generated extension or report pattern,"keep if cited, otherwise archive by domain"
dashboard/.next/server/chunks/[externals]_next_dist_0arv.vj._.js,dashboard,.js,1054,generated extension or report pattern,"keep if cited, otherwise archive by domain"
dashboard/.next/server/chunks/[externals]_next_dist_0arv.vj._.js.map,dashboard,.map,51,generated extension or report pattern,"keep if cited, otherwise archive by domain"
dashboard/.next/server/chunks/[root-of-the-server]__0teziyo._.js,dashboard,.js,195117,generated extension or report pattern,"keep if cited, otherwise archive by domain"
dashboard/.next/server/chunks/[root-of-the-server]__0teziyo._.js.map,dashboard,.map,777914,generated extension or report pattern,"keep if cited, otherwise archive by domain"
dashboard/.next/server/chunks/[turbopack]_runtime.js,dashboard,.js,34223,generated extension or report pattern,"keep if cited, otherwise archive by domain"
dashboard/.next/server/chunks/[turbopack]_runtime.js.map,dashboard,.map,62757,generated extension or report pattern,"keep if cited, otherwise archive by domain"
dashboard/.next/server/chunks/_next-internal_server_app_favicon_ico_route_actions_095lj93.js,dashboard,.js,124,generated extension or report pattern,"keep if cited, otherwise archive by domain"
dashboard/.next/server/chunks/_next-internal_server_app_favicon_ico_route_actions_095lj93.js.map,dashboard,.map,51,generated extension or report pattern,"keep if cited, otherwise archive by domain"
dashboard/.next/server/pages/404.html,dashboard,.html,10273,generated extension or report pattern,"keep if cited, otherwise archive by domain"
dashboard/.next/server/pages/500.html,dashboard,.html,9550,generated extension or report pattern,"keep if cited, otherwise archive by domain"
dashboard/.next/server/app/discoveries/page.js,dashboard,.js,1033,generated extension or report pattern,"keep if cited, otherwise archive by domain"
dashboard/.next/server/app/discoveries/page.js.map,dashboard,.map,53,generated extension or report pattern,"keep if cited, otherwise archive by domain"
dashboard/.next/server/app/discoveries/page.js.nft.json,dashboard,.json,7877,generated extension or report pattern,"keep if cited, otherwise archive by domain"
dashboard/.next/server/app/discoveries/page_client-reference-manifest.js,dashboard,.js,6445,generated extension or report pattern,"keep if cited, otherwise archive by domain"
dashboard/.next/server/app/discoveries.segments/discoveries.segment.rsc,dashboard,.rsc,445,generated extension or report pattern,"keep if cited, otherwise archive by domain"
dashboard/.next/server/app/discoveries.segments/_full.segment.rsc,dashboard,.rsc,5640,generated extension or report pattern,"keep if cited, otherwise archive by domain"
dashboard/.next/server/app/discoveries.segments/_head.segment.rsc,dashboard,.rsc,1349,generated extension or report pattern,"keep if cited, otherwise archive by domain"
dashboard/.next/server/app/discoveries.segments/_index.segment.rsc,dashboard,.rsc,2390,generated extension or report pattern,"keep if cited, otherwise archive by domain"
dashboard/.next/server/app/discoveries.segments/_tree.segment.rsc,dashboard,.rsc,541,generated extension or report pattern,"keep if cited, otherwise archive by domain"
dashboard/.next/server/app/en/compare.html,dashboard,.html,63301,generated extension or report pattern,"keep if cited, otherwise archive by domain"
dashboard/.next/server/app/en/compare.meta,dashboard,.meta,372,generated extension or report pattern,"keep if cited, otherwise archive by domain"
dashboard/.next/server/app/en/compare.rsc,dashboard,.rsc,9644,generated extension or report pattern,"keep if cited, otherwise archive by domain"
dashboard/.next/server/app/en/dashboard.html,dashboard,.html,76982,generated extension or report pattern,"keep if cited, otherwise archive by domain"
dashboard/.next/server/app/en/dashboard.meta,dashboard,.meta,382,generated extension or report pattern,"keep if cited, otherwise archive by domain"
dashboard/.next/server/app/en/dashboard.rsc,dashboard,.rsc,27338,generated extension or report pattern,"keep if cited, otherwise archive by domain"
dashboard/.next/server/app/en/discoveries.html,dashboard,.html,78191,generated extension or report pattern,"keep if cited, otherwise archive by domain"
dashboard/.next/server/app/en/discoveries.meta,dashboard,.meta,392,generated extension or report pattern,"keep if cited, otherwise archive by domain"
dashboard/.next/server/app/en/discoveries.rsc,dashboard,.rsc,29508,generated extension or report pattern,"keep if cited, otherwise archive by domain"
dashboard/.next/server/app/en/interactive.html,dashboard,.html,112129,generated extension or report pattern,"keep if cited, otherwise archive by domain"
dashboard/.next/server/app/en/interactive.meta,dashboard,.meta,392,generated extension or report pattern,"keep if cited, otherwise archive by domain"
dashboard/.next/server/app/en/interactive.rsc,dashboard,.rsc,20112,generated extension or report pattern,"keep if cited, otherwise archive by domain"
dashboard/.next/server/app/en/learn.html,dashboard,.html,127129,generated extension or report pattern,"keep if cited, otherwise archive by domain"
dashboard/.next/server/app/en/learn.meta,dashboard,.meta,362,generated extension or report pattern,"keep if cited, otherwise archive by domain"
dashboard/.next/server/app/en/learn.rsc,dashboard,.rsc,9891,generated extension or report pattern,"keep if cited, otherwise archive by domain"
dashboard/.next/server/app/en/mathematics.html,dashboard,.html,52212,generated extension or report pattern,"keep if cited, otherwise archive by domain"
dashboard/.next/server/app/en/mathematics.meta,dashboard,.meta,392,generated extension or report pattern,"keep if cited, otherwise archive by domain"
dashboard/.next/server/app/en/mathematics.rsc,dashboard,.rsc,17351,generated extension or report pattern,"keep if cited, otherwise archive by domain"
dashboard/.next/server/app/en/physics.html,dashboard,.html,12350,generated extension or report pattern,"keep if cited, otherwise archive by domain"
dashboard/.next/server/app/en/physics.meta,dashboard,.meta,422,generated extension or report pattern,"keep if cited, otherwise archive by domain"
dashboard/.next/server/app/en/physics.rsc,dashboard,.rsc,9192,generated extension or report pattern,"keep if cited, otherwise archive by domain"
dashboard/.next/server/app/en/quantum.html,dashboard,.html,52800,generated extension or report pattern,"keep if cited, otherwise archive by domain"
dashboard/.next/server/app/en/quantum.meta,dashboard,.meta,372,generated extension or report pattern,"keep if cited, otherwise archive by domain"
dashboard/.next/server/app/en/quantum.rsc,dashboard,.rsc,17575,generated extension or report pattern,"keep if cited, otherwise archive by domain"
dashboard/.next/server/app/en/satellite.html,dashboard,.html,62426,generated extension or report pattern,"keep if cited, otherwise archive by domain"
dashboard/.next/server/app/en/satellite.meta,dashboard,.meta,382,generated extension or report pattern,"keep if cited, otherwise archive by domain"
dashboard/.next/server/app/en/satellite.rsc,dashboard,.rsc,10184,generated extension or report pattern,"keep if cited, otherwise archive by domain"
dashboard/.next/server/app/es/compare.html,dashboard,.html,63518,generated extension or report pattern,"keep if cited, otherwise archive by domain"
dashboard/.next/server/app/es/compare.meta,dashboard,.meta,372,generated extension or report pattern,"keep if cited, otherwise archive by domain"
dashboard/.next/server/app/es/compare.rsc,dashboard,.rsc,9743,generated extension or report pattern,"keep if cited, otherwise archive by domain"
dashboard/.next/server/app/es/dashboard.html,dashboard,.html,77325,generated extension or report pattern,"keep if cited, otherwise archive by domain"
dashboard/.next/server/app/es/dashboard.meta,dashboard,.meta,382,generated extension or report pattern,"keep if cited, otherwise archive by domain"
dashboard/.next/server/app/es/dashboard.rsc,dashboard,.rsc,27542,generated extension or report pattern,"keep if cited, otherwise archive by domain"
dashboard/.next/server/app/es/discoveries.html,dashboard,.html,78382,generated extension or report pattern,"keep if cited, otherwise archive by domain"
dashboard/.next/server/app/es/discoveries.meta,dashboard,.meta,392,generated extension or report pattern,"keep if cited, otherwise archive by domain"
dashboard/.next/server/app/es/discoveries.rsc,dashboard,.rsc,29616,generated extension or report pattern,"keep if cited, otherwise archive by domain"
dashboard/.next/server/app/es/interactive.html,dashboard,.html,112467,generated extension or report pattern,"keep if cited, otherwise archive by domain"
dashboard/.next/server/app/es/interactive.meta,dashboard,.meta,392,generated extension or report pattern,"keep if cited, otherwise archive by domain"
dashboard/.next/server/app/es/interactive.rsc,dashboard,.rsc,20233,generated extension or report pattern,"keep if cited, otherwise archive by domain"
dashboard/.next/server/app/es/learn.html,dashboard,.html,127639,generated extension or report pattern,"keep if cited, otherwise archive by domain"
dashboard/.next/server/app/es/learn.meta,dashboard,.meta,362,generated extension or report pattern,"keep if cited, otherwise archive by domain"
dashboard/.next/server/app/es/learn.rsc,dashboard,.rsc,9986,generated extension or report pattern,"keep if cited, otherwise archive by domain"
dashboard/.next/server/app/es/mathematics.html,dashboard,.html,52598,generated extension or report pattern,"keep if cited, otherwise archive by domain"
dashboard/.next/server/app/es/mathematics.meta,dashboard,.meta,392,generated extension or report pattern,"keep if cited, otherwise archive by domain"
dashboard/.next/server/app/es/mathematics.rsc,dashboard,.rsc,17584,generated extension or report pattern,"keep if cited, otherwise archive by domain"
dashboard/.next/server/app/es/physics.html,dashboard,.html,12453,generated extension or report pattern,"keep if cited, otherwise archive by domain"
dashboard/.next/server/app/es/physics.meta,dashboard,.meta,422,generated extension or report pattern,"keep if cited, otherwise archive by domain"
dashboard/.next/server/app/es/physics.rsc,dashboard,.rsc,9291,generated extension or report pattern,"keep if cited, otherwise archive by domain"
dashboard/.next/server/app/es/quantum.html,dashboard,.html,53148,generated extension or report pattern,"keep if cited, otherwise archive by domain"
dashboard/.next/server/app/es/quantum.meta,dashboard,.meta,372,generated extension or report pattern,"keep if cited, otherwise archive by domain"
dashboard/.next/server/app/es/quantum.rsc,dashboard,.rsc,17786,generated extension or report pattern,"keep if cited, otherwise archive by domain"
dashboard/.next/server/app/es/satellite.html,dashboard,.html,62631,generated extension or report pattern,"keep if cited, otherwise archive by domain"
dashboard/.next/server/app/es/satellite.meta,dashboard,.meta,382,generated extension or report pattern,"keep if cited, otherwise archive by domain"
dashboard/.next/server/app/es/satellite.rsc,dashboard,.rsc,10283,generated extension or report pattern,"keep if cited, otherwise archive by domain"
dashboard/.next/server/app/favicon.ico/route.js,dashboard,.js,329,generated extension or report pattern,"keep if cited, otherwise archive by domain"
dashboard/.next/server/app/favicon.ico/route.js.map,dashboard,.map,53,generated extension or report pattern,"keep if cited, otherwise archive by domain"
dashboard/.next/server/app/favicon.ico/route.js.nft.json,dashboard,.json,7086,generated extension or report pattern,"keep if cited, otherwise archive by domain"
dashboard/.next/server/app/index.segments/_full.segment.rsc,dashboard,.rsc,5223,generated extension or report pattern,"keep if cited, otherwise archive by domain"
dashboard/.next/server/app/index.segments/_head.segment.rsc,dashboard,.rsc,1349,generated extension or report pattern,"keep if cited, otherwise archive by domain"
dashboard/.next/server/app/index.segments/_index.segment.rsc,dashboard,.rsc,2390,generated extension or report pattern,"keep if cited, otherwise archive by domain"
dashboard/.next/server/app/index.segments/_tree.segment.rsc,dashboard,.rsc,466,generated extension or report pattern,"keep if cited, otherwise archive by domain"
dashboard/.next/server/app/index.segments/__PAGE__.segment.rsc,dashboard,.rsc,447,generated extension or report pattern,"keep if cited, otherwise archive by domain"
dashboard/.next/server/app/learn/page.js,dashboard,.js,1021,generated extension or report pattern,"keep if cited, otherwise archive by domain"
dashboard/.next/server/app/learn/page.js.map,dashboard,.map,53,generated extension or report pattern,"keep if cited, otherwise archive by domain"
dashboard/.next/server/app/learn/page.js.nft.json,dashboard,.json,7871,generated extension or report pattern,"keep if cited, otherwise archive by domain"
dashboard/.next/server/app/learn/page_client-reference-manifest.js,dashboard,.js,6439,generated extension or report pattern,"keep if cited, otherwise archive by domain"
dashboard/.next/server/app/learn.segments/learn.segment.rsc,dashboard,.rsc,445,generated extension or report pattern,"keep if cited, otherwise archive by domain"
dashboard/.next/server/app/learn.segments/_full.segment.rsc,dashboard,.rsc,5622,generated extension or report pattern,"keep if cited, otherwise archive by domain"
dashboard/.next/server/app/learn.segments/_head.segment.rsc,dashboard,.rsc,1349,generated extension or report pattern,"keep if cited, otherwise archive by domain"
dashboard/.next/server/app/learn.segments/_index.segment.rsc,dashboard,.rsc,2390,generated extension or report pattern,"keep if cited, otherwise archive by domain"
dashboard/.next/server/app/learn.segments/_tree.segment.rsc,dashboard,.rsc,535,generated extension or report pattern,"keep if cited, otherwise archive by domain"
dashboard/.next/server/app/mathematics/page.js,dashboard,.js,1033,generated extension or report pattern,"keep if cited, otherwise archive by domain"
dashboard/.next/server/app/mathematics/page.js.map,dashboard,.map,53,generated extension or report pattern,"keep if cited, otherwise archive by domain"
dashboard/.next/server/app/mathematics/page.js.nft.json,dashboard,.json,7877,generated extension or report pattern,"keep if cited, otherwise archive by domain"
dashboard/.next/server/app/mathematics/page_client-reference-manifest.js,dashboard,.js,6445,generated extension or report pattern,"keep if cited, otherwise archive by domain"
dashboard/.next/server/app/mathematics.segments/mathematics.segment.rsc,dashboard,.rsc,445,generated extension or report pattern,"keep if cited, otherwise archive by domain"
dashboard/.next/server/app/mathematics.segments/_full.segment.rsc,dashboard,.rsc,5640,generated extension or report pattern,"keep if cited, otherwise archive by domain"
dashboard/.next/server/app/mathematics.segments/_head.segment.rsc,dashboard,.rsc,1349,generated extension or report pattern,"keep if cited, otherwise archive by domain"
dashboard/.next/server/app/mathematics.segments/_index.segment.rsc,dashboard,.rsc,2390,generated extension or report pattern,"keep if cited, otherwise archive by domain"
dashboard/.next/server/app/mathematics.segments/_tree.segment.rsc,dashboard,.rsc,541,generated extension or report pattern,"keep if cited, otherwise archive by domain"
dashboard/.next/server/app/page/app-paths-manifest.json,dashboard,.json,28,generated extension or report pattern,"keep if cited, otherwise archive by domain"
dashboard/.next/server/app/page/build-manifest.json,dashboard,.json,355,generated extension or report pattern,"keep if cited, otherwise archive by domain"
dashboard/.next/server/app/page/next-font-manifest.json,dashboard,.json,196,generated extension or report pattern,"keep if cited, otherwise archive by domain"
dashboard/.next/server/app/page/react-loadable-manifest.json,dashboard,.json,2,generated extension or report pattern,"keep if cited, otherwise archive by domain"
dashboard/.next/server/app/page/server-reference-manifest.json,dashboard,.json,30,generated extension or report pattern,"keep if cited, otherwise archive by domain"
dashboard/.next/server/app/physics/page.js,dashboard,.js,1025,generated extension or report pattern,"keep if cited, otherwise archive by domain"
dashboard/.next/server/app/physics/page.js.map,dashboard,.map,53,generated extension or report pattern,"keep if cited, otherwise archive by domain"
dashboard/.next/server/app/physics/page.js.nft.json,dashboard,.json,7873,generated extension or report pattern,"keep if cited, otherwise archive by domain"
dashboard/.next/server/app/physics/page_client-reference-manifest.js,dashboard,.js,6441,generated extension or report pattern,"keep if cited, otherwise archive by domain"
dashboard/.next/server/app/physics.segments/physics.segment.rsc,dashboard,.rsc,445,generated extension or report pattern,"keep if cited, otherwise archive by domain"
dashboard/.next/server/app/physics.segments/_full.segment.rsc,dashboard,.rsc,5630,generated extension or report pattern,"keep if cited, otherwise archive by domain"
dashboard/.next/server/app/physics.segments/_head.segment.rsc,dashboard,.rsc,1349,generated extension or report pattern,"keep if cited, otherwise archive by domain"
dashboard/.next/server/app/physics.segments/_index.segment.rsc,dashboard,.rsc,2390,generated extension or report pattern,"keep if cited, otherwise archive by domain"
dashboard/.next/server/app/physics.segments/_tree.segment.rsc,dashboard,.rsc,537,generated extension or report pattern,"keep if cited, otherwise archive by domain"
dashboard/.next/server/app/quantum/page.js,dashboard,.js,1023,generated extension or report pattern,"keep if cited, otherwise archive by domain"
dashboard/.next/server/app/quantum/page.js.map,dashboard,.map,53,generated extension or report pattern,"keep if cited, otherwise archive by domain"
dashboard/.next/server/app/quantum/page.js.nft.json,dashboard,.json,7873,generated extension or report pattern,"keep if cited, otherwise archive by domain"
dashboard/.next/server/app/quantum/page_client-reference-manifest.js,dashboard,.js,6441,generated extension or report pattern,"keep if cited, otherwise archive by domain"
dashboard/.next/server/app/quantum.segments/quantum.segment.rsc,dashboard,.rsc,445,generated extension or report pattern,"keep if cited, otherwise archive by domain"
dashboard/.next/server/app/quantum.segments/_full.segment.rsc,dashboard,.rsc,5628,generated extension or report pattern,"keep if cited, otherwise archive by domain"
dashboard/.next/server/app/quantum.segments/_head.segment.rsc,dashboard,.rsc,1349,generated extension or report pattern,"keep if cited, otherwise archive by domain"
dashboard/.next/server/app/quantum.segments/_index.segment.rsc,dashboard,.rsc,2390,generated extension or report pattern,"keep if cited, otherwise archive by domain"
dashboard/.next/server/app/quantum.segments/_tree.segment.rsc,dashboard,.rsc,537,generated extension or report pattern,"keep if cited, otherwise archive by domain"
dashboard/.next/server/app/satellite/page.js,dashboard,.js,1029,generated extension or report pattern,"keep if cited, otherwise archive by domain"
dashboard/.next/server/app/satellite/page.js.map,dashboard,.map,53,generated extension or report pattern,"keep if cited, otherwise archive by domain"
dashboard/.next/server/app/satellite/page.js.nft.json,dashboard,.json,7875,generated extension or report pattern,"keep if cited, otherwise archive by domain"
dashboard/.next/server/app/satellite/page_client-reference-manifest.js,dashboard,.js,6443,generated extension or report pattern,"keep if cited, otherwise archive by domain"
dashboard/.next/server/app/satellite.segments/satellite.segment.rsc,dashboard,.rsc,445,generated extension or report pattern,"keep if cited, otherwise archive by domain"
dashboard/.next/server/app/satellite.segments/_full.segment.rsc,dashboard,.rsc,5634,generated extension or report pattern,"keep if cited, otherwise archive by domain"
dashboard/.next/server/app/satellite.segments/_head.segment.rsc,dashboard,.rsc,1349,generated extension or report pattern,"keep if cited, otherwise archive by domain"
dashboard/.next/server/app/satellite.segments/_index.segment.rsc,dashboard,.rsc,2390,generated extension or report pattern,"keep if cited, otherwise archive by domain"
dashboard/.next/server/app/satellite.segments/_tree.segment.rsc,dashboard,.rsc,539,generated extension or report pattern,"keep if cited, otherwise archive by domain"
dashboard/.next/server/app/_global-error/page.js,dashboard,.js,644,generated extension or report pattern,"keep if cited, otherwise archive by domain"
dashboard/.next/server/app/_global-error/page.js.map,dashboard,.map,53,generated extension or report pattern,"keep if cited, otherwise archive by domain"
dashboard/.next/server/app/_global-error/page.js.nft.json,dashboard,.json,7471,generated extension or report pattern,"keep if cited, otherwise archive by domain"
dashboard/.next/server/app/_global-error/page_client-reference-manifest.js,dashboard,.js,5924,generated extension or report pattern,"keep if cited, otherwise archive by domain"
dashboard/.next/server/app/_global-error.segments/_full.segment.rsc,dashboard,.rsc,5135,generated extension or report pattern,"keep if cited, otherwise archive by domain"
dashboard/.next/server/app/_global-error.segments/_head.segment.rsc,dashboard,.rsc,981,generated extension or report pattern,"keep if cited, otherwise archive by domain"
dashboard/.next/server/app/_global-error.segments/_index.segment.rsc,dashboard,.rsc,445,generated extension or report pattern,"keep if cited, otherwise archive by domain"
dashboard/.next/server/app/_global-error.segments/_tree.segment.rsc,dashboard,.rsc,189,generated extension or report pattern,"keep if cited, otherwise archive by domain"
dashboard/.next/server/app/_global-error.segments/__PAGE__.segment.rsc,dashboard,.rsc,3417,generated extension or report pattern,"keep if cited, otherwise archive by domain"
dashboard/.next/server/app/_not-found/page.js,dashboard,.js,872,generated extension or report pattern,"keep if cited, otherwise archive by domain"
dashboard/.next/server/app/_not-found/page.js.map,dashboard,.map,53,generated extension or report pattern,"keep if cited, otherwise archive by domain"
dashboard/.next/server/app/_not-found/page.js.nft.json,dashboard,.json,7729,generated extension or report pattern,"keep if cited, otherwise archive by domain"
dashboard/.next/server/app/_not-found/page_client-reference-manifest.js,dashboard,.js,6444,generated extension or report pattern,"keep if cited, otherwise archive by domain"
dashboard/.next/server/app/_not-found.segments/_full.segment.rsc,dashboard,.rsc,6585,generated extension or report pattern,"keep if cited, otherwise archive by domain"
dashboard/.next/server/app/_not-found.segments/_head.segment.rsc,dashboard,.rsc,1400,generated extension or report pattern,"keep if cited, otherwise archive by domain"
dashboard/.next/server/app/_not-found.segments/_index.segment.rsc,dashboard,.rsc,2390,generated extension or report pattern,"keep if cited, otherwise archive by domain"
dashboard/.next/server/app/_not-found.segments/_not-found.segment.rsc,dashboard,.rsc,445,generated extension or report pattern,"keep if cited, otherwise archive by domain"
dashboard/.next/server/app/_not-found.segments/_tree.segment.rsc,dashboard,.rsc,427,generated extension or report pattern,"keep if cited, otherwise archive by domain"
dashboard/.next/server/app/discoveries/page/app-paths-manifest.json,dashboard,.json,52,generated extension or report pattern,"keep if cited, otherwise archive by domain"
dashboard/.next/server/app/discoveries/page/build-manifest.json,dashboard,.json,355,generated extension or report pattern,"keep if cited, otherwise archive by domain"
dashboard/.next/server/app/discoveries/page/next-font-manifest.json,dashboard,.json,208,generated extension or report pattern,"keep if cited, otherwise archive by domain"
dashboard/.next/server/app/discoveries/page/react-loadable-manifest.json,dashboard,.json,2,generated extension or report pattern,"keep if cited, otherwise archive by domain"
dashboard/.next/server/app/discoveries/page/server-reference-manifest.json,dashboard,.json,30,generated extension or report pattern,"keep if cited, otherwise archive by domain"
dashboard/.next/server/app/discoveries.segments/discoveries/__PAGE__.segment.rsc,dashboard,.rsc,449,generated extension or report pattern,"keep if cited, otherwise archive by domain"
dashboard/.next/server/app/en/compare.segments/$d$lang.segment.rsc,dashboard,.rsc,3473,generated extension or report pattern,"keep if cited, otherwise archive by domain"
dashboard/.next/server/app/en/compare.segments/_full.segment.rsc,dashboard,.rsc,9644,generated extension or report pattern,"keep if cited, otherwise archive by domain"
dashboard/.next/server/app/en/compare.segments/_head.segment.rsc,dashboard,.rsc,1371,generated extension or report pattern,"keep if cited, otherwise archive by domain"
dashboard/.next/server/app/en/compare.segments/_index.segment.rsc,dashboard,.rsc,2390,generated extension or report pattern,"keep if cited, otherwise archive by domain"
dashboard/.next/server/app/en/compare.segments/_tree.segment.rsc,dashboard,.rsc,640,generated extension or report pattern,"keep if cited, otherwise archive by domain"
dashboard/.next/server/app/en/dashboard/benchmark.html,dashboard,.html,76144,generated extension or report pattern,"keep if cited, otherwise archive by domain"
dashboard/.next/server/app/en/dashboard/benchmark.meta,dashboard,.meta,488,generated extension or report pattern,"keep if cited, otherwise archive by domain"
dashboard/.next/server/app/en/dashboard/benchmark.rsc,dashboard,.rsc,25228,generated extension or report pattern,"keep if cited, otherwise archive by domain"
dashboard/.next/server/app/en/dashboard/log.html,dashboard,.html,60354,generated extension or report pattern,"keep if cited, otherwise archive by domain"
dashboard/.next/server/app/en/dashboard/log.meta,dashboard,.meta,458,generated extension or report pattern,"keep if cited, otherwise archive by domain"
dashboard/.next/server/app/en/dashboard/log.rsc,dashboard,.rsc,18389,generated extension or report pattern,"keep if cited, otherwise archive by domain"
dashboard/.next/server/app/en/dashboard/roadmap.html,dashboard,.html,65025,generated extension or report pattern,"keep if cited, otherwise archive by domain"
dashboard/.next/server/app/en/dashboard/roadmap.meta,dashboard,.meta,478,generated extension or report pattern,"keep if cited, otherwise archive by domain"
dashboard/.next/server/app/en/dashboard/roadmap.rsc,dashboard,.rsc,23914,generated extension or report pattern,"keep if cited, otherwise archive by domain"
dashboard/.next/server/app/en/dashboard/scientific-log.html,dashboard,.html,91689,generated extension or report pattern,"keep if cited, otherwise archive by domain"
dashboard/.next/server/app/en/dashboard/scientific-log.meta,dashboard,.meta,513,generated extension or report pattern,"keep if cited, otherwise archive by domain"
dashboard/.next/server/app/en/dashboard/scientific-log.rsc,dashboard,.rsc,34700,generated extension or report pattern,"keep if cited, otherwise archive by domain"
dashboard/.next/server/app/en/dashboard/timeline.html,dashboard,.html,80731,generated extension or report pattern,"keep if cited, otherwise archive by domain"
dashboard/.next/server/app/en/dashboard/timeline.meta,dashboard,.meta,483,generated extension or report pattern,"keep if cited, otherwise archive by domain"
dashboard/.next/server/app/en/dashboard/timeline.rsc,dashboard,.rsc,17852,generated extension or report pattern,"keep if cited, otherwise archive by domain"
dashboard/.next/server/app/en/dashboard.segments/$d$lang.segment.rsc,dashboard,.rsc,3473,generated extension or report pattern,"keep if cited, otherwise archive by domain"
dashboard/.next/server/app/en/dashboard.segments/_full.segment.rsc,dashboard,.rsc,27338,generated extension or report pattern,"keep if cited, otherwise archive by domain"
dashboard/.next/server/app/en/dashboard.segments/_head.segment.rsc,dashboard,.rsc,1330,generated extension or report pattern,"keep if cited, otherwise archive by domain"
dashboard/.next/server/app/en/dashboard.segments/_index.segment.rsc,dashboard,.rsc,2390,generated extension or report pattern,"keep if cited, otherwise archive by domain"
dashboard/.next/server/app/en/dashboard.segments/_tree.segment.rsc,dashboard,.rsc,642,generated extension or report pattern,"keep if cited, otherwise archive by domain"
dashboard/.next/server/app/en/discoveries.segments/$d$lang.segment.rsc,dashboard,.rsc,3473,generated extension or report pattern,"keep if cited, otherwise archive by domain"
dashboard/.next/server/app/en/discoveries.segments/_full.segment.rsc,dashboard,.rsc,29508,generated extension or report pattern,"keep if cited, otherwise archive by domain"
dashboard/.next/server/app/en/discoveries.segments/_head.segment.rsc,dashboard,.rsc,1340,generated extension or report pattern,"keep if cited, otherwise archive by domain"
dashboard/.next/server/app/en/discoveries.segments/_index.segment.rsc,dashboard,.rsc,2390,generated extension or report pattern,"keep if cited, otherwise archive by domain"
dashboard/.next/server/app/en/discoveries.segments/_tree.segment.rsc,dashboard,.rsc,644,generated extension or report pattern,"keep if cited, otherwise archive by domain"
dashboard/.next/server/app/en/interactive.segments/$d$lang.segment.rsc,dashboard,.rsc,3473,generated extension or report pattern,"keep if cited, otherwise archive by domain"
dashboard/.next/server/app/en/interactive.segments/_full.segment.rsc,dashboard,.rsc,20112,generated extension or report pattern,"keep if cited, otherwise archive by domain"
dashboard/.next/server/app/en/interactive.segments/_head.segment.rsc,dashboard,.rsc,1345,generated extension or report pattern,"keep if cited, otherwise archive by domain"
dashboard/.next/server/app/en/interactive.segments/_index.segment.rsc,dashboard,.rsc,2390,generated extension or report pattern,"keep if cited, otherwise archive by domain"
dashboard/.next/server/app/en/interactive.segments/_tree.segment.rsc,dashboard,.rsc,644,generated extension or report pattern,"keep if cited, otherwise archive by domain"
dashboard/.next/server/app/en/learn.segments/$d$lang.segment.rsc,dashboard,.rsc,3473,generated extension or report pattern,"keep if cited, otherwise archive by domain"
dashboard/.next/server/app/en/learn.segments/_full.segment.rsc,dashboard,.rsc,9891,generated extension or report pattern,"keep if cited, otherwise archive by domain"
dashboard/.next/server/app/en/learn.segments/_head.segment.rsc,dashboard,.rsc,1327,generated extension or report pattern,"keep if cited, otherwise archive by domain"
dashboard/.next/server/app/en/learn.segments/_index.segment.rsc,dashboard,.rsc,2390,generated extension or report pattern,"keep if cited, otherwise archive by domain"
dashboard/.next/server/app/en/learn.segments/_tree.segment.rsc,dashboard,.rsc,638,generated extension or report pattern,"keep if cited, otherwise archive by domain"
dashboard/.next/server/app/en/mathematics.segments/$d$lang.segment.rsc,dashboard,.rsc,3473,generated extension or report pattern,"keep if cited, otherwise archive by domain"
dashboard/.next/server/app/en/mathematics.segments/_full.segment.rsc,dashboard,.rsc,17351,generated extension or report pattern,"keep if cited, otherwise archive by domain"
dashboard/.next/server/app/en/mathematics.segments/_head.segment.rsc,dashboard,.rsc,1337,generated extension or report pattern,"keep if cited, otherwise archive by domain"
dashboard/.next/server/app/en/mathematics.segments/_index.segment.rsc,dashboard,.rsc,2390,generated extension or report pattern,"keep if cited, otherwise archive by domain"
dashboard/.next/server/app/en/mathematics.segments/_tree.segment.rsc,dashboard,.rsc,644,generated extension or report pattern,"keep if cited, otherwise archive by domain"
dashboard/.next/server/app/en/physics.segments/$d$lang.segment.rsc,dashboard,.rsc,3473,generated extension or report pattern,"keep if cited, otherwise archive by domain"
dashboard/.next/server/app/en/physics.segments/_full.segment.rsc,dashboard,.rsc,9192,generated extension or report pattern,"keep if cited, otherwise archive by domain"
dashboard/.next/server/app/en/physics.segments/_head.segment.rsc,dashboard,.rsc,1371,generated extension or report pattern,"keep if cited, otherwise archive by domain"
dashboard/.next/server/app/en/physics.segments/_index.segment.rsc,dashboard,.rsc,2390,generated extension or report pattern,"keep if cited, otherwise archive by domain"
dashboard/.next/server/app/en/physics.segments/_tree.segment.rsc,dashboard,.rsc,640,generated extension or report pattern,"keep if cited, otherwise archive by domain"
dashboard/.next/server/app/en/quantum.segments/$d$lang.segment.rsc,dashboard,.rsc,3473,generated extension or report pattern,"keep if cited, otherwise archive by domain"
dashboard/.next/server/app/en/quantum.segments/_full.segment.rsc,dashboard,.rsc,17575,generated extension or report pattern,"keep if cited, otherwise archive by domain"
dashboard/.next/server/app/en/quantum.segments/_head.segment.rsc,dashboard,.rsc,1333,generated extension or report pattern,"keep if cited, otherwise archive by domain"
dashboard/.next/server/app/en/quantum.segments/_index.segment.rsc,dashboard,.rsc,2390,generated extension or report pattern,"keep if cited, otherwise archive by domain"
dashboard/.next/server/app/en/quantum.segments/_tree.segment.rsc,dashboard,.rsc,640,generated extension or report pattern,"keep if cited, otherwise archive by domain"
dashboard/.next/server/app/en/satellite.segments/$d$lang.segment.rsc,dashboard,.rsc,3473,generated extension or report pattern,"keep if cited, otherwise archive by domain"
dashboard/.next/server/app/en/satellite.segments/_full.segment.rsc,dashboard,.rsc,10184,generated extension or report pattern,"keep if cited, otherwise archive by domain"
dashboard/.next/server/app/en/satellite.segments/_head.segment.rsc,dashboard,.rsc,1371,generated extension or report pattern,"keep if cited, otherwise archive by domain"
dashboard/.next/server/app/en/satellite.segments/_index.segment.rsc,dashboard,.rsc,2390,generated extension or report pattern,"keep if cited, otherwise archive by domain"
dashboard/.next/server/app/en/satellite.segments/_tree.segment.rsc,dashboard,.rsc,642,generated extension or report pattern,"keep if cited, otherwise archive by domain"
dashboard/.next/server/app/en/compare.segments/$d$lang/compare.segment.rsc,dashboard,.rsc,445,generated extension or report pattern,"keep if cited, otherwise archive by domain"
dashboard/.next/server/app/en/compare.segments/$d$lang/compare/__PAGE__.segment.rsc,dashboard,.rsc,2067,generated extension or report pattern,"keep if cited, otherwise archive by domain"
dashboard/.next/server/app/en/dashboard/benchmark.segments/$d$lang.segment.rsc,dashboard,.rsc,3473,generated extension or report pattern,"keep if cited, otherwise archive by domain"
dashboard/.next/server/app/en/dashboard/benchmark.segments/_full.segment.rsc,dashboard,.rsc,25228,generated extension or report pattern,"keep if cited, otherwise archive by domain"
dashboard/.next/server/app/en/dashboard/benchmark.segments/_head.segment.rsc,dashboard,.rsc,1331,generated extension or report pattern,"keep if cited, otherwise archive by domain"
dashboard/.next/server/app/en/dashboard/benchmark.segments/_index.segment.rsc,dashboard,.rsc,2390,generated extension or report pattern,"keep if cited, otherwise archive by domain"
dashboard/.next/server/app/en/dashboard/benchmark.segments/_tree.segment.rsc,dashboard,.rsc,715,generated extension or report pattern,"keep if cited, otherwise archive by domain"
dashboard/.next/server/app/en/dashboard/log.segments/$d$lang.segment.rsc,dashboard,.rsc,3473,generated extension or report pattern,"keep if cited, otherwise archive by domain"
dashboard/.next/server/app/en/dashboard/log.segments/_full.segment.rsc,dashboard,.rsc,18389,generated extension or report pattern,"keep if cited, otherwise archive by domain"
dashboard/.next/server/app/en/dashboard/log.segments/_head.segment.rsc,dashboard,.rsc,1336,generated extension or report pattern,"keep if cited, otherwise archive by domain"
dashboard/.next/server/app/en/dashboard/log.segments/_index.segment.rsc,dashboard,.rsc,2390,generated extension or report pattern,"keep if cited, otherwise archive by domain"
dashboard/.next/server/app/en/dashboard/log.segments/_tree.segment.rsc,dashboard,.rsc,709,generated extension or report pattern,"keep if cited, otherwise archive by domain"
dashboard/.next/server/app/en/dashboard/roadmap.segments/$d$lang.segment.rsc,dashboard,.rsc,3473,generated extension or report pattern,"keep if cited, otherwise archive by domain"
dashboard/.next/server/app/en/dashboard/roadmap.segments/_full.segment.rsc,dashboard,.rsc,23914,generated extension or report pattern,"keep if cited, otherwise archive by domain"
dashboard/.next/server/app/en/dashboard/roadmap.segments/_head.segment.rsc,dashboard,.rsc,1329,generated extension or report pattern,"keep if cited, otherwise archive by domain"
dashboard/.next/server/app/en/dashboard/roadmap.segments/_index.segment.rsc,dashboard,.rsc,2390,generated extension or report pattern,"keep if cited, otherwise archive by domain"
dashboard/.next/server/app/en/dashboard/roadmap.segments/_tree.segment.rsc,dashboard,.rsc,713,generated extension or report pattern,"keep if cited, otherwise archive by domain"
dashboard/.next/server/app/en/dashboard/scientific-log.segments/$d$lang.segment.rsc,dashboard,.rsc,3473,generated extension or report pattern,"keep if cited, otherwise archive by domain"
dashboard/.next/server/app/en/dashboard/scientific-log.segments/_full.segment.rsc,dashboard,.rsc,34700,generated extension or report pattern,"keep if cited, otherwise archive by domain"
dashboard/.next/server/app/en/dashboard/scientific-log.segments/_head.segment.rsc,dashboard,.rsc,1342,generated extension or report pattern,"keep if cited, otherwise archive by domain"
dashboard/.next/server/app/en/dashboard/scientific-log.segments/_index.segment.rsc,dashboard,.rsc,2390,generated extension or report pattern,"keep if cited, otherwise archive by domain"
dashboard/.next/server/app/en/dashboard/scientific-log.segments/_tree.segment.rsc,dashboard,.rsc,720,generated extension or report pattern,"keep if cited, otherwise archive by domain"
dashboard/.next/server/app/en/dashboard/timeline.segments/$d$lang.segment.rsc,dashboard,.rsc,3473,generated extension or report pattern,"keep if cited, otherwise archive by domain"
dashboard/.next/server/app/en/dashboard/timeline.segments/_full.segment.rsc,dashboard,.rsc,17852,generated extension or report pattern,"keep if cited, otherwise archive by domain"
dashboard/.next/server/app/en/dashboard/timeline.segments/_head.segment.rsc,dashboard,.rsc,1330,generated extension or report pattern,"keep if cited, otherwise archive by domain"
dashboard/.next/server/app/en/dashboard/timeline.segments/_index.segment.rsc,dashboard,.rsc,2390,generated extension or report pattern,"keep if cited, otherwise archive by domain"
dashboard/.next/server/app/en/dashboard/timeline.segments/_tree.segment.rsc,dashboard,.rsc,714,generated extension or report pattern,"keep if cited, otherwise archive by domain"
dashboard/.next/server/app/en/dashboard/benchmark.segments/$d$lang/dashboard.segment.rsc,dashboard,.rsc,445,generated extension or report pattern,"keep if cited, otherwise archive by domain"
dashboard/.next/server/app/en/dashboard/benchmark.segments/$d$lang/dashboard/benchmark.segment.rsc,dashboard,.rsc,445,generated extension or report pattern,"keep if cited, otherwise archive by domain"
dashboard/.next/server/app/en/dashboard/benchmark.segments/$d$lang/dashboard/benchmark/__PAGE__.segment.rsc,dashboard,.rsc,15987,generated extension or report pattern,"keep if cited, otherwise archive by domain"
dashboard/.next/server/app/en/dashboard/log.segments/$d$lang/dashboard.segment.rsc,dashboard,.rsc,445,generated extension or report pattern,"keep if cited, otherwise archive by domain"
dashboard/.next/server/app/en/dashboard/log.segments/$d$lang/dashboard/log.segment.rsc,dashboard,.rsc,445,generated extension or report pattern,"keep if cited, otherwise archive by domain"
dashboard/.next/server/app/en/dashboard/log.segments/$d$lang/dashboard/log/__PAGE__.segment.rsc,dashboard,.rsc,9217,generated extension or report pattern,"keep if cited, otherwise archive by domain"
dashboard/.next/server/app/en/dashboard/roadmap.segments/$d$lang/dashboard.segment.rsc,dashboard,.rsc,445,generated extension or report pattern,"keep if cited, otherwise archive by domain"
dashboard/.next/server/app/en/dashboard/roadmap.segments/$d$lang/dashboard/roadmap.segment.rsc,dashboard,.rsc,445,generated extension or report pattern,"keep if cited, otherwise archive by domain"
dashboard/.next/server/app/en/dashboard/roadmap.segments/$d$lang/dashboard/roadmap/__PAGE__.segment.rsc,dashboard,.rsc,14680,generated extension or report pattern,"keep if cited, otherwise archive by domain"
dashboard/.next/server/app/en/dashboard/scientific-log.segments/$d$lang/dashboard.segment.rsc,dashboard,.rsc,445,generated extension or report pattern,"keep if cited, otherwise archive by domain"
dashboard/.next/server/app/en/dashboard/scientific-log.segments/$d$lang/dashboard/scientific-log.segment.rsc,dashboard,.rsc,445,generated extension or report pattern,"keep if cited, otherwise archive by domain"
dashboard/.next/server/app/en/dashboard/scientific-log.segments/$d$lang/dashboard/scientific-log/__PAGE__.segment.rsc,dashboard,.rsc,25419,generated extension or report pattern,"keep if cited, otherwise archive by domain"
dashboard/.next/server/app/en/dashboard/timeline.segments/$d$lang/dashboard.segment.rsc,dashboard,.rsc,445,generated extension or report pattern,"keep if cited, otherwise archive by domain"
dashboard/.next/server/app/en/dashboard/timeline.segments/$d$lang/dashboard/timeline.segment.rsc,dashboard,.rsc,445,generated extension or report pattern,"keep if cited, otherwise archive by domain"
dashboard/.next/server/app/en/dashboard/timeline.segments/$d$lang/dashboard/timeline/__PAGE__.segment.rsc,dashboard,.rsc,8672,generated extension or report pattern,"keep if cited, otherwise archive by domain"
dashboard/.next/server/app/en/dashboard.segments/$d$lang/dashboard.segment.rsc,dashboard,.rsc,445,generated extension or report pattern,"keep if cited, otherwise archive by domain"
dashboard/.next/server/app/en/dashboard.segments/$d$lang/dashboard/__PAGE__.segment.rsc,dashboard,.rsc,18452,generated extension or report pattern,"keep if cited, otherwise archive by domain"
dashboard/.next/server/app/en/discoveries.segments/$d$lang/discoveries.segment.rsc,dashboard,.rsc,445,generated extension or report pattern,"keep if cited, otherwise archive by domain"
dashboard/.next/server/app/en/discoveries.segments/$d$lang/discoveries/__PAGE__.segment.rsc,dashboard,.rsc,20598,generated extension or report pattern,"keep if cited, otherwise archive by domain"
dashboard/.next/server/app/en/interactive.segments/$d$lang/interactive.segment.rsc,dashboard,.rsc,445,generated extension or report pattern,"keep if cited, otherwise archive by domain"
dashboard/.next/server/app/en/interactive.segments/$d$lang/interactive/__PAGE__.segment.rsc,dashboard,.rsc,11211,generated extension or report pattern,"keep if cited, otherwise archive by domain"
dashboard/.next/server/app/en/learn.segments/$d$lang/learn.segment.rsc,dashboard,.rsc,445,generated extension or report pattern,"keep if cited, otherwise archive by domain"
dashboard/.next/server/app/en/learn.segments/$d$lang/learn/__PAGE__.segment.rsc,dashboard,.rsc,2320,generated extension or report pattern,"keep if cited, otherwise archive by domain"
dashboard/.next/server/app/en/mathematics.segments/$d$lang/mathematics.segment.rsc,dashboard,.rsc,445,generated extension or report pattern,"keep if cited, otherwise archive by domain"
dashboard/.next/server/app/en/mathematics.segments/$d$lang/mathematics/__PAGE__.segment.rsc,dashboard,.rsc,8527,generated extension or report pattern,"keep if cited, otherwise archive by domain"
dashboard/.next/server/app/en/physics.segments/$d$lang/physics.segment.rsc,dashboard,.rsc,445,generated extension or report pattern,"keep if cited, otherwise archive by domain"
dashboard/.next/server/app/en/physics.segments/$d$lang/physics/__PAGE__.segment.rsc,dashboard,.rsc,447,generated extension or report pattern,"keep if cited, otherwise archive by domain"
dashboard/.next/server/app/en/quantum.segments/$d$lang/quantum.segment.rsc,dashboard,.rsc,445,generated extension or report pattern,"keep if cited, otherwise archive by domain"
dashboard/.next/server/app/en/quantum.segments/$d$lang/quantum/__PAGE__.segment.rsc,dashboard,.rsc,8759,generated extension or report pattern,"keep if cited, otherwise archive by domain"
dashboard/.next/server/app/en/satellite.segments/$d$lang/satellite.segment.rsc,dashboard,.rsc,445,generated extension or report pattern,"keep if cited, otherwise archive by domain"
dashboard/.next/server/app/en/satellite.segments/$d$lang/satellite/__PAGE__.segment.rsc,dashboard,.rsc,1329,generated extension or report pattern,"keep if cited, otherwise archive by domain"
dashboard/.next/server/app/es/compare.segments/$d$lang.segment.rsc,dashboard,.rsc,3568,generated extension or report pattern,"keep if cited, otherwise archive by domain"
dashboard/.next/server/app/es/compare.segments/_full.segment.rsc,dashboard,.rsc,9743,generated extension or report pattern,"keep if cited, otherwise archive by domain"
dashboard/.next/server/app/es/compare.segments/_head.segment.rsc,dashboard,.rsc,1375,generated extension or report pattern,"keep if cited, otherwise archive by domain"
dashboard/.next/server/app/es/compare.segments/_index.segment.rsc,dashboard,.rsc,2390,generated extension or report pattern,"keep if cited, otherwise archive by domain"
dashboard/.next/server/app/es/compare.segments/_tree.segment.rsc,dashboard,.rsc,640,generated extension or report pattern,"keep if cited, otherwise archive by domain"
dashboard/.next/server/app/es/dashboard/benchmark.html,dashboard,.html,76331,generated extension or report pattern,"keep if cited, otherwise archive by domain"
dashboard/.next/server/app/es/dashboard/benchmark.meta,dashboard,.meta,488,generated extension or report pattern,"keep if cited, otherwise archive by domain"
dashboard/.next/server/app/es/dashboard/benchmark.rsc,dashboard,.rsc,25307,generated extension or report pattern,"keep if cited, otherwise archive by domain"
dashboard/.next/server/app/es/dashboard/log.html,dashboard,.html,60515,generated extension or report pattern,"keep if cited, otherwise archive by domain"
dashboard/.next/server/app/es/dashboard/log.meta,dashboard,.meta,458,generated extension or report pattern,"keep if cited, otherwise archive by domain"
dashboard/.next/server/app/es/dashboard/log.rsc,dashboard,.rsc,18481,generated extension or report pattern,"keep if cited, otherwise archive by domain"
dashboard/.next/server/app/es/dashboard/roadmap.html,dashboard,.html,65584,generated extension or report pattern,"keep if cited, otherwise archive by domain"
dashboard/.next/server/app/es/dashboard/roadmap.meta,dashboard,.meta,478,generated extension or report pattern,"keep if cited, otherwise archive by domain"
dashboard/.next/server/app/es/dashboard/roadmap.rsc,dashboard,.rsc,24225,generated extension or report pattern,"keep if cited, otherwise archive by domain"
dashboard/.next/server/app/es/dashboard/scientific-log.html,dashboard,.html,92041,generated extension or report pattern,"keep if cited, otherwise archive by domain"
dashboard/.next/server/app/es/dashboard/scientific-log.meta,dashboard,.meta,513,generated extension or report pattern,"keep if cited, otherwise archive by domain"
dashboard/.next/server/app/es/dashboard/scientific-log.rsc,dashboard,.rsc,34807,generated extension or report pattern,"keep if cited, otherwise archive by domain"
dashboard/.next/server/app/es/dashboard/timeline.html,dashboard,.html,81025,generated extension or report pattern,"keep if cited, otherwise archive by domain"
dashboard/.next/server/app/es/dashboard/timeline.meta,dashboard,.meta,483,generated extension or report pattern,"keep if cited, otherwise archive by domain"
dashboard/.next/server/app/es/dashboard/timeline.rsc,dashboard,.rsc,17981,generated extension or report pattern,"keep if cited, otherwise archive by domain"
dashboard/.next/server/app/es/dashboard.segments/$d$lang.segment.rsc,dashboard,.rsc,3568,generated extension or report pattern,"keep if cited, otherwise archive by domain"
dashboard/.next/server/app/es/dashboard.segments/_full.segment.rsc,dashboard,.rsc,27542,generated extension or report pattern,"keep if cited, otherwise archive by domain"
dashboard/.next/server/app/es/dashboard.segments/_head.segment.rsc,dashboard,.rsc,1330,generated extension or report pattern,"keep if cited, otherwise archive by domain"
dashboard/.next/server/app/es/dashboard.segments/_index.segment.rsc,dashboard,.rsc,2390,generated extension or report pattern,"keep if cited, otherwise archive by domain"
dashboard/.next/server/app/es/dashboard.segments/_tree.segment.rsc,dashboard,.rsc,642,generated extension or report pattern,"keep if cited, otherwise archive by domain"
dashboard/.next/server/app/es/discoveries.segments/$d$lang.segment.rsc,dashboard,.rsc,3568,generated extension or report pattern,"keep if cited, otherwise archive by domain"
dashboard/.next/server/app/es/discoveries.segments/_full.segment.rsc,dashboard,.rsc,29616,generated extension or report pattern,"keep if cited, otherwise archive by domain"
dashboard/.next/server/app/es/discoveries.segments/_head.segment.rsc,dashboard,.rsc,1340,generated extension or report pattern,"keep if cited, otherwise archive by domain"
dashboard/.next/server/app/es/discoveries.segments/_index.segment.rsc,dashboard,.rsc,2390,generated extension or report pattern,"keep if cited, otherwise archive by domain"
dashboard/.next/server/app/es/discoveries.segments/_tree.segment.rsc,dashboard,.rsc,644,generated extension or report pattern,"keep if cited, otherwise archive by domain"
dashboard/.next/server/app/es/interactive.segments/$d$lang.segment.rsc,dashboard,.rsc,3568,generated extension or report pattern,"keep if cited, otherwise archive by domain"
dashboard/.next/server/app/es/interactive.segments/_full.segment.rsc,dashboard,.rsc,20233,generated extension or report pattern,"keep if cited, otherwise archive by domain"
dashboard/.next/server/app/es/interactive.segments/_head.segment.rsc,dashboard,.rsc,1345,generated extension or report pattern,"keep if cited, otherwise archive by domain"
dashboard/.next/server/app/es/interactive.segments/_index.segment.rsc,dashboard,.rsc,2390,generated extension or report pattern,"keep if cited, otherwise archive by domain"
dashboard/.next/server/app/es/interactive.segments/_tree.segment.rsc,dashboard,.rsc,644,generated extension or report pattern,"keep if cited, otherwise archive by domain"
dashboard/.next/server/app/es/learn.segments/$d$lang.segment.rsc,dashboard,.rsc,3568,generated extension or report pattern,"keep if cited, otherwise archive by domain"
dashboard/.next/server/app/es/learn.segments/_full.segment.rsc,dashboard,.rsc,9986,generated extension or report pattern,"keep if cited, otherwise archive by domain"
dashboard/.next/server/app/es/learn.segments/_head.segment.rsc,dashboard,.rsc,1327,generated extension or report pattern,"keep if cited, otherwise archive by domain"
dashboard/.next/server/app/es/learn.segments/_index.segment.rsc,dashboard,.rsc,2390,generated extension or report pattern,"keep if cited, otherwise archive by domain"
dashboard/.next/server/app/es/learn.segments/_tree.segment.rsc,dashboard,.rsc,638,generated extension or report pattern,"keep if cited, otherwise archive by domain"
dashboard/.next/server/app/es/mathematics.segments/$d$lang.segment.rsc,dashboard,.rsc,3568,generated extension or report pattern,"keep if cited, otherwise archive by domain"
dashboard/.next/server/app/es/mathematics.segments/_full.segment.rsc,dashboard,.rsc,17584,generated extension or report pattern,"keep if cited, otherwise archive by domain"
dashboard/.next/server/app/es/mathematics.segments/_head.segment.rsc,dashboard,.rsc,1337,generated extension or report pattern,"keep if cited, otherwise archive by domain"
dashboard/.next/server/app/es/mathematics.segments/_index.segment.rsc,dashboard,.rsc,2390,generated extension or report pattern,"keep if cited, otherwise archive by domain"
dashboard/.next/server/app/es/mathematics.segments/_tree.segment.rsc,dashboard,.rsc,644,generated extension or report pattern,"keep if cited, otherwise archive by domain"
dashboard/.next/server/app/es/physics.segments/$d$lang.segment.rsc,dashboard,.rsc,3568,generated extension or report pattern,"keep if cited, otherwise archive by domain"
dashboard/.next/server/app/es/physics.segments/_full.segment.rsc,dashboard,.rsc,9291,generated extension or report pattern,"keep if cited, otherwise archive by domain"
dashboard/.next/server/app/es/physics.segments/_head.segment.rsc,dashboard,.rsc,1375,generated extension or report pattern,"keep if cited, otherwise archive by domain"
dashboard/.next/server/app/es/physics.segments/_index.segment.rsc,dashboard,.rsc,2390,generated extension or report pattern,"keep if cited, otherwise archive by domain"
dashboard/.next/server/app/es/physics.segments/_tree.segment.rsc,dashboard,.rsc,640,generated extension or report pattern,"keep if cited, otherwise archive by domain"
dashboard/.next/server/app/es/quantum.segments/$d$lang.segment.rsc,dashboard,.rsc,3568,generated extension or report pattern,"keep if cited, otherwise archive by domain"
dashboard/.next/server/app/es/quantum.segments/_full.segment.rsc,dashboard,.rsc,17786,generated extension or report pattern,"keep if cited, otherwise archive by domain"
dashboard/.next/server/app/es/quantum.segments/_head.segment.rsc,dashboard,.rsc,1333,generated extension or report pattern,"keep if cited, otherwise archive by domain"
dashboard/.next/server/app/es/quantum.segments/_index.segment.rsc,dashboard,.rsc,2390,generated extension or report pattern,"keep if cited, otherwise archive by domain"
dashboard/.next/server/app/es/quantum.segments/_tree.segment.rsc,dashboard,.rsc,640,generated extension or report pattern,"keep if cited, otherwise archive by domain"
dashboard/.next/server/app/es/satellite.segments/$d$lang.segment.rsc,dashboard,.rsc,3568,generated extension or report pattern,"keep if cited, otherwise archive by domain"
dashboard/.next/server/app/es/satellite.segments/_full.segment.rsc,dashboard,.rsc,10283,generated extension or report pattern,"keep if cited, otherwise archive by domain"
dashboard/.next/server/app/es/satellite.segments/_head.segment.rsc,dashboard,.rsc,1375,generated extension or report pattern,"keep if cited, otherwise archive by domain"
dashboard/.next/server/app/es/satellite.segments/_index.segment.rsc,dashboard,.rsc,2390,generated extension or report pattern,"keep if cited, otherwise archive by domain"
dashboard/.next/server/app/es/satellite.segments/_tree.segment.rsc,dashboard,.rsc,642,generated extension or report pattern,"keep if cited, otherwise archive by domain"
dashboard/.next/server/app/es/compare.segments/$d$lang/compare.segment.rsc,dashboard,.rsc,445,generated extension or report pattern,"keep if cited, otherwise archive by domain"
dashboard/.next/server/app/es/compare.segments/$d$lang/compare/__PAGE__.segment.rsc,dashboard,.rsc,2162,generated extension or report pattern,"keep if cited, otherwise archive by domain"
dashboard/.next/server/app/es/dashboard/benchmark.segments/$d$lang.segment.rsc,dashboard,.rsc,3568,generated extension or report pattern,"keep if cited, otherwise archive by domain"
dashboard/.next/server/app/es/dashboard/benchmark.segments/_full.segment.rsc,dashboard,.rsc,25307,generated extension or report pattern,"keep if cited, otherwise archive by domain"
dashboard/.next/server/app/es/dashboard/benchmark.segments/_head.segment.rsc,dashboard,.rsc,1331,generated extension or report pattern,"keep if cited, otherwise archive by domain"
dashboard/.next/server/app/es/dashboard/benchmark.segments/_index.segment.rsc,dashboard,.rsc,2390,generated extension or report pattern,"keep if cited, otherwise archive by domain"
dashboard/.next/server/app/es/dashboard/benchmark.segments/_tree.segment.rsc,dashboard,.rsc,715,generated extension or report pattern,"keep if cited, otherwise archive by domain"
dashboard/.next/server/app/es/dashboard/log.segments/$d$lang.segment.rsc,dashboard,.rsc,3568,generated extension or report pattern,"keep if cited, otherwise archive by domain"
dashboard/.next/server/app/es/dashboard/log.segments/_full.segment.rsc,dashboard,.rsc,18481,generated extension or report pattern,"keep if cited, otherwise archive by domain"
dashboard/.next/server/app/es/dashboard/log.segments/_head.segment.rsc,dashboard,.rsc,1336,generated extension or report pattern,"keep if cited, otherwise archive by domain"
dashboard/.next/server/app/es/dashboard/log.segments/_index.segment.rsc,dashboard,.rsc,2390,generated extension or report pattern,"keep if cited, otherwise archive by domain"
dashboard/.next/server/app/es/dashboard/log.segments/_tree.segment.rsc,dashboard,.rsc,709,generated extension or report pattern,"keep if cited, otherwise archive by domain"
dashboard/.next/server/app/es/dashboard/roadmap.segments/$d$lang.segment.rsc,dashboard,.rsc,3568,generated extension or report pattern,"keep if cited, otherwise archive by domain"
dashboard/.next/server/app/es/dashboard/roadmap.segments/_full.segment.rsc,dashboard,.rsc,24225,generated extension or report pattern,"keep if cited, otherwise archive by domain"
dashboard/.next/server/app/es/dashboard/roadmap.segments/_head.segment.rsc,dashboard,.rsc,1329,generated extension or report pattern,"keep if cited, otherwise archive by domain"
dashboard/.next/server/app/es/dashboard/roadmap.segments/_index.segment.rsc,dashboard,.rsc,2390,generated extension or report pattern,"keep if cited, otherwise archive by domain"
dashboard/.next/server/app/es/dashboard/roadmap.segments/_tree.segment.rsc,dashboard,.rsc,713,generated extension or report pattern,"keep if cited, otherwise archive by domain"
dashboard/.next/server/app/es/dashboard/scientific-log.segments/$d$lang.segment.rsc,dashboard,.rsc,3568,generated extension or report pattern,"keep if cited, otherwise archive by domain"
dashboard/.next/server/app/es/dashboard/scientific-log.segments/_full.segment.rsc,dashboard,.rsc,34807,generated extension or report pattern,"keep if cited, otherwise archive by domain"
dashboard/.next/server/app/es/dashboard/scientific-log.segments/_head.segment.rsc,dashboard,.rsc,1342,generated extension or report pattern,"keep if cited, otherwise archive by domain"
dashboard/.next/server/app/es/dashboard/scientific-log.segments/_index.segment.rsc,dashboard,.rsc,2390,generated extension or report pattern,"keep if cited, otherwise archive by domain"
dashboard/.next/server/app/es/dashboard/scientific-log.segments/_tree.segment.rsc,dashboard,.rsc,720,generated extension or report pattern,"keep if cited, otherwise archive by domain"
dashboard/.next/server/app/es/dashboard/timeline.segments/$d$lang.segment.rsc,dashboard,.rsc,3568,generated extension or report pattern,"keep if cited, otherwise archive by domain"
dashboard/.next/server/app/es/dashboard/timeline.segments/_full.segment.rsc,dashboard,.rsc,17981,generated extension or report pattern,"keep if cited, otherwise archive by domain"
dashboard/.next/server/app/es/dashboard/timeline.segments/_head.segment.rsc,dashboard,.rsc,1330,generated extension or report pattern,"keep if cited, otherwise archive by domain"
dashboard/.next/server/app/es/dashboard/timeline.segments/_index.segment.rsc,dashboard,.rsc,2390,generated extension or report pattern,"keep if cited, otherwise archive by domain"
dashboard/.next/server/app/es/dashboard/timeline.segments/_tree.segment.rsc,dashboard,.rsc,714,generated extension or report pattern,"keep if cited, otherwise archive by domain"
dashboard/.next/server/app/es/dashboard/benchmark.segments/$d$lang/dashboard.segment.rsc,dashboard,.rsc,445,generated extension or report pattern,"keep if cited, otherwise archive by domain"
dashboard/.next/server/app/es/dashboard/benchmark.segments/$d$lang/dashboard/benchmark.segment.rsc,dashboard,.rsc,445,generated extension or report pattern,"keep if cited, otherwise archive by domain"
dashboard/.next/server/app/es/dashboard/benchmark.segments/$d$lang/dashboard/benchmark/__PAGE__.segment.rsc,dashboard,.rsc,15991,generated extension or report pattern,"keep if cited, otherwise archive by domain"
dashboard/.next/server/app/es/dashboard/log.segments/$d$lang/dashboard.segment.rsc,dashboard,.rsc,445,generated extension or report pattern,"keep if cited, otherwise archive by domain"
dashboard/.next/server/app/es/dashboard/log.segments/$d$lang/dashboard/log.segment.rsc,dashboard,.rsc,445,generated extension or report pattern,"keep if cited, otherwise archive by domain"
dashboard/.next/server/app/es/dashboard/log.segments/$d$lang/dashboard/log/__PAGE__.segment.rsc,dashboard,.rsc,9214,generated extension or report pattern,"keep if cited, otherwise archive by domain"
dashboard/.next/server/app/es/dashboard/roadmap.segments/$d$lang/dashboard.segment.rsc,dashboard,.rsc,445,generated extension or report pattern,"keep if cited, otherwise archive by domain"
dashboard/.next/server/app/es/dashboard/roadmap.segments/$d$lang/dashboard/roadmap.segment.rsc,dashboard,.rsc,445,generated extension or report pattern,"keep if cited, otherwise archive by domain"
dashboard/.next/server/app/es/dashboard/roadmap.segments/$d$lang/dashboard/roadmap/__PAGE__.segment.rsc,dashboard,.rsc,14896,generated extension or report pattern,"keep if cited, otherwise archive by domain"
dashboard/.next/server/app/es/dashboard/scientific-log.segments/$d$lang/dashboard.segment.rsc,dashboard,.rsc,445,generated extension or report pattern,"keep if cited, otherwise archive by domain"
dashboard/.next/server/app/es/dashboard/scientific-log.segments/$d$lang/dashboard/scientific-log.segment.rsc,dashboard,.rsc,445,generated extension or report pattern,"keep if cited, otherwise archive by domain"
dashboard/.next/server/app/es/dashboard/scientific-log.segments/$d$lang/dashboard/scientific-log/__PAGE__.segment.rsc,dashboard,.rsc,25431,generated extension or report pattern,"keep if cited, otherwise archive by domain"
dashboard/.next/server/app/es/dashboard/timeline.segments/$d$lang/dashboard.segment.rsc,dashboard,.rsc,445,generated extension or report pattern,"keep if cited, otherwise archive by domain"
dashboard/.next/server/app/es/dashboard/timeline.segments/$d$lang/dashboard/timeline.segment.rsc,dashboard,.rsc,445,generated extension or report pattern,"keep if cited, otherwise archive by domain"
dashboard/.next/server/app/es/dashboard/timeline.segments/$d$lang/dashboard/timeline/__PAGE__.segment.rsc,dashboard,.rsc,8706,generated extension or report pattern,"keep if cited, otherwise archive by domain"
dashboard/.next/server/app/es/dashboard.segments/$d$lang/dashboard.segment.rsc,dashboard,.rsc,445,generated extension or report pattern,"keep if cited, otherwise archive by domain"
dashboard/.next/server/app/es/dashboard.segments/$d$lang/dashboard/__PAGE__.segment.rsc,dashboard,.rsc,18561,generated extension or report pattern,"keep if cited, otherwise archive by domain"
dashboard/.next/server/app/es/discoveries.segments/$d$lang/discoveries.segment.rsc,dashboard,.rsc,445,generated extension or report pattern,"keep if cited, otherwise archive by domain"
dashboard/.next/server/app/es/discoveries.segments/$d$lang/discoveries/__PAGE__.segment.rsc,dashboard,.rsc,20611,generated extension or report pattern,"keep if cited, otherwise archive by domain"
dashboard/.next/server/app/es/interactive.segments/$d$lang/interactive.segment.rsc,dashboard,.rsc,445,generated extension or report pattern,"keep if cited, otherwise archive by domain"
dashboard/.next/server/app/es/interactive.segments/$d$lang/interactive/__PAGE__.segment.rsc,dashboard,.rsc,11237,generated extension or report pattern,"keep if cited, otherwise archive by domain"
dashboard/.next/server/app/es/learn.segments/$d$lang/learn.segment.rsc,dashboard,.rsc,445,generated extension or report pattern,"keep if cited, otherwise archive by domain"
dashboard/.next/server/app/es/learn.segments/$d$lang/learn/__PAGE__.segment.rsc,dashboard,.rsc,2415,generated extension or report pattern,"keep if cited, otherwise archive by domain"
dashboard/.next/server/app/es/mathematics.segments/$d$lang/mathematics.segment.rsc,dashboard,.rsc,445,generated extension or report pattern,"keep if cited, otherwise archive by domain"
dashboard/.next/server/app/es/mathematics.segments/$d$lang/mathematics/__PAGE__.segment.rsc,dashboard,.rsc,8673,generated extension or report pattern,"keep if cited, otherwise archive by domain"
dashboard/.next/server/app/es/physics.segments/$d$lang/physics.segment.rsc,dashboard,.rsc,445,generated extension or report pattern,"keep if cited, otherwise archive by domain"
dashboard/.next/server/app/es/physics.segments/$d$lang/physics/__PAGE__.segment.rsc,dashboard,.rsc,447,generated extension or report pattern,"keep if cited, otherwise archive by domain"
dashboard/.next/server/app/es/quantum.segments/$d$lang/quantum.segment.rsc,dashboard,.rsc,445,generated extension or report pattern,"keep if cited, otherwise archive by domain"
dashboard/.next/server/app/es/quantum.segments/$d$lang/quantum/__PAGE__.segment.rsc,dashboard,.rsc,8875,generated extension or report pattern,"keep if cited, otherwise archive by domain"
dashboard/.next/server/app/es/satellite.segments/$d$lang/satellite.segment.rsc,dashboard,.rsc,445,generated extension or report pattern,"keep if cited, otherwise archive by domain"
dashboard/.next/server/app/es/satellite.segments/$d$lang/satellite/__PAGE__.segment.rsc,dashboard,.rsc,1329,generated extension or report pattern,"keep if cited, otherwise archive by domain"
dashboard/.next/server/app/favicon.ico/route/app-paths-manifest.json,dashboard,.json,54,generated extension or report pattern,"keep if cited, otherwise archive by domain"
dashboard/.next/server/app/favicon.ico/route/build-manifest.json,dashboard,.json,151,generated extension or report pattern,"keep if cited, otherwise archive by domain"
dashboard/.next/server/app/learn/page/app-paths-manifest.json,dashboard,.json,40,generated extension or report pattern,"keep if cited, otherwise archive by domain"
dashboard/.next/server/app/learn/page/build-manifest.json,dashboard,.json,355,generated extension or report pattern,"keep if cited, otherwise archive by domain"
dashboard/.next/server/app/learn/page/next-font-manifest.json,dashboard,.json,202,generated extension or report pattern,"keep if cited, otherwise archive by domain"
dashboard/.next/server/app/learn/page/react-loadable-manifest.json,dashboard,.json,2,generated extension or report pattern,"keep if cited, otherwise archive by domain"
dashboard/.next/server/app/learn/page/server-reference-manifest.json,dashboard,.json,30,generated extension or report pattern,"keep if cited, otherwise archive by domain"
dashboard/.next/server/app/learn.segments/learn/__PAGE__.segment.rsc,dashboard,.rsc,443,generated extension or report pattern,"keep if cited, otherwise archive by domain"
dashboard/.next/server/app/mathematics/page/app-paths-manifest.json,dashboard,.json,52,generated extension or report pattern,"keep if cited, otherwise archive by domain"
dashboard/.next/server/app/mathematics/page/build-manifest.json,dashboard,.json,355,generated extension or report pattern,"keep if cited, otherwise archive by domain"
dashboard/.next/server/app/mathematics/page/next-font-manifest.json,dashboard,.json,208,generated extension or report pattern,"keep if cited, otherwise archive by domain"
dashboard/.next/server/app/mathematics/page/react-loadable-manifest.json,dashboard,.json,2,generated extension or report pattern,"keep if cited, otherwise archive by domain"
dashboard/.next/server/app/mathematics/page/server-reference-manifest.json,dashboard,.json,30,generated extension or report pattern,"keep if cited, otherwise archive by domain"
dashboard/.next/server/app/mathematics.segments/mathematics/__PAGE__.segment.rsc,dashboard,.rsc,449,generated extension or report pattern,"keep if cited, otherwise archive by domain"
dashboard/.next/server/app/physics/page/app-paths-manifest.json,dashboard,.json,44,generated extension or report pattern,"keep if cited, otherwise archive by domain"
dashboard/.next/server/app/physics/page/build-manifest.json,dashboard,.json,355,generated extension or report pattern,"keep if cited, otherwise archive by domain"
dashboard/.next/server/app/physics/page/next-font-manifest.json,dashboard,.json,204,generated extension or report pattern,"keep if cited, otherwise archive by domain"
dashboard/.next/server/app/physics/page/react-loadable-manifest.json,dashboard,.json,2,generated extension or report pattern,"keep if cited, otherwise archive by domain"
dashboard/.next/server/app/physics/page/server-reference-manifest.json,dashboard,.json,30,generated extension or report pattern,"keep if cited, otherwise archive by domain"
dashboard/.next/server/app/physics.segments/physics/__PAGE__.segment.rsc,dashboard,.rsc,447,generated extension or report pattern,"keep if cited, otherwise archive by domain"
dashboard/.next/server/app/quantum/page/app-paths-manifest.json,dashboard,.json,44,generated extension or report pattern,"keep if cited, otherwise archive by domain"
dashboard/.next/server/app/quantum/page/build-manifest.json,dashboard,.json,355,generated extension or report pattern,"keep if cited, otherwise archive by domain"
dashboard/.next/server/app/quantum/page/next-font-manifest.json,dashboard,.json,204,generated extension or report pattern,"keep if cited, otherwise archive by domain"
dashboard/.next/server/app/quantum/page/react-loadable-manifest.json,dashboard,.json,2,generated extension or report pattern,"keep if cited, otherwise archive by domain"
dashboard/.next/server/app/quantum/page/server-reference-manifest.json,dashboard,.json,30,generated extension or report pattern,"keep if cited, otherwise archive by domain"
dashboard/.next/server/app/quantum.segments/quantum/__PAGE__.segment.rsc,dashboard,.rsc,445,generated extension or report pattern,"keep if cited, otherwise archive by domain"
dashboard/.next/server/app/satellite/page/app-paths-manifest.json,dashboard,.json,48,generated extension or report pattern,"keep if cited, otherwise archive by domain"
dashboard/.next/server/app/satellite/page/build-manifest.json,dashboard,.json,355,generated extension or report pattern,"keep if cited, otherwise archive by domain"
dashboard/.next/server/app/satellite/page/next-font-manifest.json,dashboard,.json,206,generated extension or report pattern,"keep if cited, otherwise archive by domain"
dashboard/.next/server/app/satellite/page/react-loadable-manifest.json,dashboard,.json,2,generated extension or report pattern,"keep if cited, otherwise archive by domain"
dashboard/.next/server/app/satellite/page/server-reference-manifest.json,dashboard,.json,30,generated extension or report pattern,"keep if cited, otherwise archive by domain"
dashboard/.next/server/app/satellite.segments/satellite/__PAGE__.segment.rsc,dashboard,.rsc,447,generated extension or report pattern,"keep if cited, otherwise archive by domain"
dashboard/.next/server/app/[lang]/compare/page.js,dashboard,.js,1081,generated extension or report pattern,"keep if cited, otherwise archive by domain"
dashboard/.next/server/app/[lang]/compare/page.js.map,dashboard,.map,53,generated extension or report pattern,"keep if cited, otherwise archive by domain"
dashboard/.next/server/app/[lang]/compare/page.js.nft.json,dashboard,.json,8576,generated extension or report pattern,"keep if cited, otherwise archive by domain"
dashboard/.next/server/app/[lang]/compare/page_client-reference-manifest.js,dashboard,.js,13093,generated extension or report pattern,"keep if cited, otherwise archive by domain"
dashboard/.next/server/app/[lang]/dashboard/page.js,dashboard,.js,1158,generated extension or report pattern,"keep if cited, otherwise archive by domain"
dashboard/.next/server/app/[lang]/dashboard/page.js.map,dashboard,.map,53,generated extension or report pattern,"keep if cited, otherwise archive by domain"
dashboard/.next/server/app/[lang]/dashboard/page.js.nft.json,dashboard,.json,8572,generated extension or report pattern,"keep if cited, otherwise archive by domain"
dashboard/.next/server/app/[lang]/dashboard/page_client-reference-manifest.js,dashboard,.js,19402,generated extension or report pattern,"keep if cited, otherwise archive by domain"
dashboard/.next/server/app/[lang]/discoveries/page.js,dashboard,.js,1162,generated extension or report pattern,"keep if cited, otherwise archive by domain"
dashboard/.next/server/app/[lang]/discoveries/page.js.map,dashboard,.map,53,generated extension or report pattern,"keep if cited, otherwise archive by domain"
dashboard/.next/server/app/[lang]/discoveries/page.js.nft.json,dashboard,.json,8560,generated extension or report pattern,"keep if cited, otherwise archive by domain"
dashboard/.next/server/app/[lang]/discoveries/page_client-reference-manifest.js,dashboard,.js,17157,generated extension or report pattern,"keep if cited, otherwise archive by domain"
dashboard/.next/server/app/[lang]/interactive/page.js,dashboard,.js,1162,generated extension or report pattern,"keep if cited, otherwise archive by domain"
dashboard/.next/server/app/[lang]/interactive/page.js.map,dashboard,.map,53,generated extension or report pattern,"keep if cited, otherwise archive by domain"
dashboard/.next/server/app/[lang]/interactive/page.js.nft.json,dashboard,.json,9002,generated extension or report pattern,"keep if cited, otherwise archive by domain"
dashboard/.next/server/app/[lang]/interactive/page_client-reference-manifest.js,dashboard,.js,26396,generated extension or report pattern,"keep if cited, otherwise archive by domain"
dashboard/.next/server/app/[lang]/learn/page.js,dashboard,.js,1077,generated extension or report pattern,"keep if cited, otherwise archive by domain"
dashboard/.next/server/app/[lang]/learn/page.js.map,dashboard,.map,53,generated extension or report pattern,"keep if cited, otherwise archive by domain"
dashboard/.next/server/app/[lang]/learn/page.js.nft.json,dashboard,.json,8560,generated extension or report pattern,"keep if cited, otherwise archive by domain"
dashboard/.next/server/app/[lang]/learn/page_client-reference-manifest.js,dashboard,.js,13295,generated extension or report pattern,"keep if cited, otherwise archive by domain"
dashboard/.next/server/app/[lang]/mathematics/page.js,dashboard,.js,1162,generated extension or report pattern,"keep if cited, otherwise archive by domain"
dashboard/.next/server/app/[lang]/mathematics/page.js.map,dashboard,.map,53,generated extension or report pattern,"keep if cited, otherwise archive by domain"
dashboard/.next/server/app/[lang]/mathematics/page.js.nft.json,dashboard,.json,8529,generated extension or report pattern,"keep if cited, otherwise archive by domain"
dashboard/.next/server/app/[lang]/mathematics/page_client-reference-manifest.js,dashboard,.js,14206,generated extension or report pattern,"keep if cited, otherwise archive by domain"
dashboard/.next/server/app/[lang]/physics/page.js,dashboard,.js,1081,generated extension or report pattern,"keep if cited, otherwise archive by domain"
dashboard/.next/server/app/[lang]/physics/page.js.map,dashboard,.map,53,generated extension or report pattern,"keep if cited, otherwise archive by domain"
dashboard/.next/server/app/[lang]/physics/page.js.nft.json,dashboard,.json,8387,generated extension or report pattern,"keep if cited, otherwise archive by domain"
dashboard/.next/server/app/[lang]/physics/page_client-reference-manifest.js,dashboard,.js,11244,generated extension or report pattern,"keep if cited, otherwise archive by domain"
dashboard/.next/server/app/[lang]/quantum/page.js,dashboard,.js,1154,generated extension or report pattern,"keep if cited, otherwise archive by domain"
dashboard/.next/server/app/[lang]/quantum/page.js.map,dashboard,.map,53,generated extension or report pattern,"keep if cited, otherwise archive by domain"
dashboard/.next/server/app/[lang]/quantum/page.js.nft.json,dashboard,.json,8525,generated extension or report pattern,"keep if cited, otherwise archive by domain"
dashboard/.next/server/app/[lang]/quantum/page_client-reference-manifest.js,dashboard,.js,14194,generated extension or report pattern,"keep if cited, otherwise archive by domain"
dashboard/.next/server/app/[lang]/satellite/page.js,dashboard,.js,1085,generated extension or report pattern,"keep if cited, otherwise archive by domain"
dashboard/.next/server/app/[lang]/satellite/page.js.map,dashboard,.map,53,generated extension or report pattern,"keep if cited, otherwise archive by domain"
dashboard/.next/server/app/[lang]/satellite/page.js.nft.json,dashboard,.json,8616,generated extension or report pattern,"keep if cited, otherwise archive by domain"
dashboard/.next/server/app/[lang]/satellite/page_client-reference-manifest.js,dashboard,.js,13343,generated extension or report pattern,"keep if cited, otherwise archive by domain"
dashboard/.next/server/app/[lang]/compare/page/app-paths-manifest.json,dashboard,.json,58,generated extension or report pattern,"keep if cited, otherwise archive by domain"
dashboard/.next/server/app/[lang]/compare/page/build-manifest.json,dashboard,.json,355,generated extension or report pattern,"keep if cited, otherwise archive by domain"
dashboard/.next/server/app/[lang]/compare/page/next-font-manifest.json,dashboard,.json,211,generated extension or report pattern,"keep if cited, otherwise archive by domain"
dashboard/.next/server/app/[lang]/compare/page/react-loadable-manifest.json,dashboard,.json,2,generated extension or report pattern,"keep if cited, otherwise archive by domain"
dashboard/.next/server/app/[lang]/compare/page/server-reference-manifest.json,dashboard,.json,30,generated extension or report pattern,"keep if cited, otherwise archive by domain"
dashboard/.next/server/app/[lang]/dashboard/benchmark/page.js,dashboard,.js,1181,generated extension or report pattern,"keep if cited, otherwise archive by domain"
dashboard/.next/server/app/[lang]/dashboard/benchmark/page.js.map,dashboard,.map,53,generated extension or report pattern,"keep if cited, otherwise archive by domain"
dashboard/.next/server/app/[lang]/dashboard/benchmark/page.js.nft.json,dashboard,.json,9426,generated extension or report pattern,"keep if cited, otherwise archive by domain"
dashboard/.next/server/app/[lang]/dashboard/benchmark/page_client-reference-manifest.js,dashboard,.js,31884,generated extension or report pattern,"keep if cited, otherwise archive by domain"
dashboard/.next/server/app/[lang]/dashboard/log/page.js,dashboard,.js,1169,generated extension or report pattern,"keep if cited, otherwise archive by domain"
dashboard/.next/server/app/[lang]/dashboard/log/page.js.map,dashboard,.map,53,generated extension or report pattern,"keep if cited, otherwise archive by domain"
dashboard/.next/server/app/[lang]/dashboard/log/page.js.nft.json,dashboard,.json,8915,generated extension or report pattern,"keep if cited, otherwise archive by domain"
dashboard/.next/server/app/[lang]/dashboard/log/page_client-reference-manifest.js,dashboard,.js,18153,generated extension or report pattern,"keep if cited, otherwise archive by domain"
dashboard/.next/server/app/[lang]/dashboard/page/app-paths-manifest.json,dashboard,.json,62,generated extension or report pattern,"keep if cited, otherwise archive by domain"
dashboard/.next/server/app/[lang]/dashboard/page/build-manifest.json,dashboard,.json,355,generated extension or report pattern,"keep if cited, otherwise archive by domain"
dashboard/.next/server/app/[lang]/dashboard/page/next-font-manifest.json,dashboard,.json,213,generated extension or report pattern,"keep if cited, otherwise archive by domain"
dashboard/.next/server/app/[lang]/dashboard/page/react-loadable-manifest.json,dashboard,.json,2,generated extension or report pattern,"keep if cited, otherwise archive by domain"
dashboard/.next/server/app/[lang]/dashboard/page/server-reference-manifest.json,dashboard,.json,30,generated extension or report pattern,"keep if cited, otherwise archive by domain"
dashboard/.next/server/app/[lang]/dashboard/roadmap/page.js,dashboard,.js,1177,generated extension or report pattern,"keep if cited, otherwise archive by domain"
dashboard/.next/server/app/[lang]/dashboard/roadmap/page.js.map,dashboard,.map,53,generated extension or report pattern,"keep if cited, otherwise archive by domain"
dashboard/.next/server/app/[lang]/dashboard/roadmap/page.js.nft.json,dashboard,.json,8839,generated extension or report pattern,"keep if cited, otherwise archive by domain"
dashboard/.next/server/app/[lang]/dashboard/roadmap/page_client-reference-manifest.js,dashboard,.js,16574,generated extension or report pattern,"keep if cited, otherwise archive by domain"
dashboard/.next/server/app/[lang]/dashboard/scientific-log/page.js,dashboard,.js,1233,generated extension or report pattern,"keep if cited, otherwise archive by domain"
dashboard/.next/server/app/[lang]/dashboard/scientific-log/page.js.map,dashboard,.map,53,generated extension or report pattern,"keep if cited, otherwise archive by domain"
dashboard/.next/server/app/[lang]/dashboard/scientific-log/page.js.nft.json,dashboard,.json,8888,generated extension or report pattern,"keep if cited, otherwise archive by domain"
dashboard/.next/server/app/[lang]/dashboard/scientific-log/page_client-reference-manifest.js,dashboard,.js,15434,generated extension or report pattern,"keep if cited, otherwise archive by domain"
dashboard/.next/server/app/[lang]/dashboard/timeline/page.js,dashboard,.js,1179,generated extension or report pattern,"keep if cited, otherwise archive by domain"
dashboard/.next/server/app/[lang]/dashboard/timeline/page.js.map,dashboard,.map,53,generated extension or report pattern,"keep if cited, otherwise archive by domain"
dashboard/.next/server/app/[lang]/dashboard/timeline/page.js.nft.json,dashboard,.json,8986,generated extension or report pattern,"keep if cited, otherwise archive by domain"
dashboard/.next/server/app/[lang]/dashboard/timeline/page_client-reference-manifest.js,dashboard,.js,17502,generated extension or report pattern,"keep if cited, otherwise archive by domain"
dashboard/.next/server/app/[lang]/dashboard/benchmark/page/app-paths-manifest.json,dashboard,.json,82,generated extension or report pattern,"keep if cited, otherwise archive by domain"
dashboard/.next/server/app/[lang]/dashboard/benchmark/page/build-manifest.json,dashboard,.json,355,generated extension or report pattern,"keep if cited, otherwise archive by domain"
dashboard/.next/server/app/[lang]/dashboard/benchmark/page/next-font-manifest.json,dashboard,.json,223,generated extension or report pattern,"keep if cited, otherwise archive by domain"
dashboard/.next/server/app/[lang]/dashboard/benchmark/page/react-loadable-manifest.json,dashboard,.json,97,generated extension or report pattern,"keep if cited, otherwise archive by domain"
dashboard/.next/server/app/[lang]/dashboard/benchmark/page/server-reference-manifest.json,dashboard,.json,30,generated extension or report pattern,"keep if cited, otherwise archive by domain"
dashboard/.next/server/app/[lang]/dashboard/log/page/app-paths-manifest.json,dashboard,.json,70,generated extension or report pattern,"keep if cited, otherwise archive by domain"
dashboard/.next/server/app/[lang]/dashboard/log/page/build-manifest.json,dashboard,.json,355,generated extension or report pattern,"keep if cited, otherwise archive by domain"
dashboard/.next/server/app/[lang]/dashboard/log/page/next-font-manifest.json,dashboard,.json,217,generated extension or report pattern,"keep if cited, otherwise archive by domain"
dashboard/.next/server/app/[lang]/dashboard/log/page/react-loadable-manifest.json,dashboard,.json,2,generated extension or report pattern,"keep if cited, otherwise archive by domain"
dashboard/.next/server/app/[lang]/dashboard/log/page/server-reference-manifest.json,dashboard,.json,30,generated extension or report pattern,"keep if cited, otherwise archive by domain"
dashboard/.next/server/app/[lang]/dashboard/roadmap/page/app-paths-manifest.json,dashboard,.json,78,generated extension or report pattern,"keep if cited, otherwise archive by domain"
dashboard/.next/server/app/[lang]/dashboard/roadmap/page/build-manifest.json,dashboard,.json,355,generated extension or report pattern,"keep if cited, otherwise archive by domain"
dashboard/.next/server/app/[lang]/dashboard/roadmap/page/next-font-manifest.json,dashboard,.json,221,generated extension or report pattern,"keep if cited, otherwise archive by domain"
dashboard/.next/server/app/[lang]/dashboard/roadmap/page/react-loadable-manifest.json,dashboard,.json,2,generated extension or report pattern,"keep if cited, otherwise archive by domain"
dashboard/.next/server/app/[lang]/dashboard/roadmap/page/server-reference-manifest.json,dashboard,.json,30,generated extension or report pattern,"keep if cited, otherwise archive by domain"
dashboard/.next/server/app/[lang]/dashboard/scientific-log/page/app-paths-manifest.json,dashboard,.json,92,generated extension or report pattern,"keep if cited, otherwise archive by domain"
dashboard/.next/server/app/[lang]/dashboard/scientific-log/page/build-manifest.json,dashboard,.json,355,generated extension or report pattern,"keep if cited, otherwise archive by domain"
dashboard/.next/server/app/[lang]/dashboard/scientific-log/page/next-font-manifest.json,dashboard,.json,228,generated extension or report pattern,"keep if cited, otherwise archive by domain"
dashboard/.next/server/app/[lang]/dashboard/scientific-log/page/react-loadable-manifest.json,dashboard,.json,2,generated extension or report pattern,"keep if cited, otherwise archive by domain"
dashboard/.next/server/app/[lang]/dashboard/scientific-log/page/server-reference-manifest.json,dashboard,.json,30,generated extension or report pattern,"keep if cited, otherwise archive by domain"
dashboard/.next/server/app/[lang]/dashboard/timeline/page/app-paths-manifest.json,dashboard,.json,80,generated extension or report pattern,"keep if cited, otherwise archive by domain"
dashboard/.next/server/app/[lang]/dashboard/timeline/page/build-manifest.json,dashboard,.json,355,generated extension or report pattern,"keep if cited, otherwise archive by domain"
dashboard/.next/server/app/[lang]/dashboard/timeline/page/next-font-manifest.json,dashboard,.json,222,generated extension or report pattern,"keep if cited, otherwise archive by domain"
dashboard/.next/server/app/[lang]/dashboard/timeline/page/react-loadable-manifest.json,dashboard,.json,2,generated extension or report pattern,"keep if cited, otherwise archive by domain"
dashboard/.next/server/app/[lang]/dashboard/timeline/page/server-reference-manifest.json,dashboard,.json,30,generated extension or report pattern,"keep if cited, otherwise archive by domain"
dashboard/.next/server/app/[lang]/discoveries/page/app-paths-manifest.json,dashboard,.json,66,generated extension or report pattern,"keep if cited, otherwise archive by domain"
dashboard/.next/server/app/[lang]/discoveries/page/build-manifest.json,dashboard,.json,355,generated extension or report pattern,"keep if cited, otherwise archive by domain"
dashboard/.next/server/app/[lang]/discoveries/page/next-font-manifest.json,dashboard,.json,215,generated extension or report pattern,"keep if cited, otherwise archive by domain"
dashboard/.next/server/app/[lang]/discoveries/page/react-loadable-manifest.json,dashboard,.json,2,generated extension or report pattern,"keep if cited, otherwise archive by domain"
dashboard/.next/server/app/[lang]/discoveries/page/server-reference-manifest.json,dashboard,.json,30,generated extension or report pattern,"keep if cited, otherwise archive by domain"
dashboard/.next/server/app/[lang]/interactive/page/app-paths-manifest.json,dashboard,.json,66,generated extension or report pattern,"keep if cited, otherwise archive by domain"
dashboard/.next/server/app/[lang]/interactive/page/build-manifest.json,dashboard,.json,355,generated extension or report pattern,"keep if cited, otherwise archive by domain"
dashboard/.next/server/app/[lang]/interactive/page/next-font-manifest.json,dashboard,.json,215,generated extension or report pattern,"keep if cited, otherwise archive by domain"
dashboard/.next/server/app/[lang]/interactive/page/react-loadable-manifest.json,dashboard,.json,2,generated extension or report pattern,"keep if cited, otherwise archive by domain"
dashboard/.next/server/app/[lang]/interactive/page/server-reference-manifest.json,dashboard,.json,30,generated extension or report pattern,"keep if cited, otherwise archive by domain"
dashboard/.next/server/app/[lang]/learn/page/app-paths-manifest.json,dashboard,.json,54,generated extension or report pattern,"keep if cited, otherwise archive by domain"
dashboard/.next/server/app/[lang]/learn/page/build-manifest.json,dashboard,.json,355,generated extension or report pattern,"keep if cited, otherwise archive by domain"
dashboard/.next/server/app/[lang]/learn/page/next-font-manifest.json,dashboard,.json,209,generated extension or report pattern,"keep if cited, otherwise archive by domain"
dashboard/.next/server/app/[lang]/learn/page/react-loadable-manifest.json,dashboard,.json,2,generated extension or report pattern,"keep if cited, otherwise archive by domain"
dashboard/.next/server/app/[lang]/learn/page/server-reference-manifest.json,dashboard,.json,30,generated extension or report pattern,"keep if cited, otherwise archive by domain"
dashboard/.next/server/app/[lang]/mathematics/page/app-paths-manifest.json,dashboard,.json,66,generated extension or report pattern,"keep if cited, otherwise archive by domain"
dashboard/.next/server/app/[lang]/mathematics/page/build-manifest.json,dashboard,.json,355,generated extension or report pattern,"keep if cited, otherwise archive by domain"
dashboard/.next/server/app/[lang]/mathematics/page/next-font-manifest.json,dashboard,.json,215,generated extension or report pattern,"keep if cited, otherwise archive by domain"
dashboard/.next/server/app/[lang]/mathematics/page/react-loadable-manifest.json,dashboard,.json,2,generated extension or report pattern,"keep if cited, otherwise archive by domain"
dashboard/.next/server/app/[lang]/mathematics/page/server-reference-manifest.json,dashboard,.json,30,generated extension or report pattern,"keep if cited, otherwise archive by domain"
dashboard/.next/server/app/[lang]/physics/page/app-paths-manifest.json,dashboard,.json,58,generated extension or report pattern,"keep if cited, otherwise archive by domain"
dashboard/.next/server/app/[lang]/physics/page/build-manifest.json,dashboard,.json,355,generated extension or report pattern,"keep if cited, otherwise archive by domain"
dashboard/.next/server/app/[lang]/physics/page/next-font-manifest.json,dashboard,.json,211,generated extension or report pattern,"keep if cited, otherwise archive by domain"
dashboard/.next/server/app/[lang]/physics/page/react-loadable-manifest.json,dashboard,.json,2,generated extension or report pattern,"keep if cited, otherwise archive by domain"
dashboard/.next/server/app/[lang]/physics/page/server-reference-manifest.json,dashboard,.json,30,generated extension or report pattern,"keep if cited, otherwise archive by domain"
dashboard/.next/server/app/[lang]/quantum/page/app-paths-manifest.json,dashboard,.json,58,generated extension or report pattern,"keep if cited, otherwise archive by domain"
dashboard/.next/server/app/[lang]/quantum/page/build-manifest.json,dashboard,.json,355,generated extension or report pattern,"keep if cited, otherwise archive by domain"
dashboard/.next/server/app/[lang]/quantum/page/next-font-manifest.json,dashboard,.json,211,generated extension or report pattern,"keep if cited, otherwise archive by domain"
dashboard/.next/server/app/[lang]/quantum/page/react-loadable-manifest.json,dashboard,.json,2,generated extension or report pattern,"keep if cited, otherwise archive by domain"
dashboard/.next/server/app/[lang]/quantum/page/server-reference-manifest.json,dashboard,.json,30,generated extension or report pattern,"keep if cited, otherwise archive by domain"
dashboard/.next/server/app/[lang]/satellite/page/app-paths-manifest.json,dashboard,.json,62,generated extension or report pattern,"keep if cited, otherwise archive by domain"
dashboard/.next/server/app/[lang]/satellite/page/build-manifest.json,dashboard,.json,355,generated extension or report pattern,"keep if cited, otherwise archive by domain"
dashboard/.next/server/app/[lang]/satellite/page/next-font-manifest.json,dashboard,.json,213,generated extension or report pattern,"keep if cited, otherwise archive by domain"
dashboard/.next/server/app/[lang]/satellite/page/react-loadable-manifest.json,dashboard,.json,2,generated extension or report pattern,"keep if cited, otherwise archive by domain"
dashboard/.next/server/app/[lang]/satellite/page/server-reference-manifest.json,dashboard,.json,30,generated extension or report pattern,"keep if cited, otherwise archive by domain"
dashboard/.next/server/app/_global-error/page/app-paths-manifest.json,dashboard,.json,56,generated extension or report pattern,"keep if cited, otherwise archive by domain"
dashboard/.next/server/app/_global-error/page/build-manifest.json,dashboard,.json,355,generated extension or report pattern,"keep if cited, otherwise archive by domain"
dashboard/.next/server/app/_global-error/page/next-font-manifest.json,dashboard,.json,94,generated extension or report pattern,"keep if cited, otherwise archive by domain"
dashboard/.next/server/app/_global-error/page/react-loadable-manifest.json,dashboard,.json,2,generated extension or report pattern,"keep if cited, otherwise archive by domain"
dashboard/.next/server/app/_global-error/page/server-reference-manifest.json,dashboard,.json,30,generated extension or report pattern,"keep if cited, otherwise archive by domain"
dashboard/.next/server/app/_not-found/page/app-paths-manifest.json,dashboard,.json,50,generated extension or report pattern,"keep if cited, otherwise archive by domain"
dashboard/.next/server/app/_not-found/page/build-manifest.json,dashboard,.json,355,generated extension or report pattern,"keep if cited, otherwise archive by domain"
dashboard/.next/server/app/_not-found/page/next-font-manifest.json,dashboard,.json,207,generated extension or report pattern,"keep if cited, otherwise archive by domain"
dashboard/.next/server/app/_not-found/page/react-loadable-manifest.json,dashboard,.json,2,generated extension or report pattern,"keep if cited, otherwise archive by domain"
dashboard/.next/server/app/_not-found/page/server-reference-manifest.json,dashboard,.json,30,generated extension or report pattern,"keep if cited, otherwise archive by domain"
dashboard/.next/server/app/_not-found.segments/_not-found/__PAGE__.segment.rsc,dashboard,.rsc,1462,generated extension or report pattern,"keep if cited, otherwise archive by domain"
dashboard/.next/server/chunks/ssr/node_modules_08h8cko._.js,dashboard,.js,57146,generated extension or report pattern,"keep if cited, otherwise archive by domain"
dashboard/.next/server/chunks/ssr/node_modules_08h8cko._.js.map,dashboard,.map,240789,generated extension or report pattern,"keep if cited, otherwise archive by domain"
dashboard/.next/server/chunks/ssr/node_modules_097ebwv._.js,dashboard,.js,389515,generated extension or report pattern,"keep if cited, otherwise archive by domain"
dashboard/.next/server/chunks/ssr/node_modules_097ebwv._.js.map,dashboard,.map,1954540,generated extension or report pattern,"keep if cited, otherwise archive by domain"
dashboard/.next/server/chunks/ssr/node_modules_09w7yel._.js,dashboard,.js,5915,generated extension or report pattern,"keep if cited, otherwise archive by domain"
dashboard/.next/server/chunks/ssr/node_modules_09w7yel._.js.map,dashboard,.map,11380,generated extension or report pattern,"keep if cited, otherwise archive by domain"
dashboard/.next/server/chunks/ssr/node_modules_0ge7wzj._.js,dashboard,.js,389515,generated extension or report pattern,"keep if cited, otherwise archive by domain"
dashboard/.next/server/chunks/ssr/node_modules_0ge7wzj._.js.map,dashboard,.map,1953125,generated extension or report pattern,"keep if cited, otherwise archive by domain"
dashboard/.next/server/chunks/ssr/node_modules_0nnuxyn._.js,dashboard,.js,138709,generated extension or report pattern,"keep if cited, otherwise archive by domain"
dashboard/.next/server/chunks/ssr/node_modules_0nnuxyn._.js.map,dashboard,.map,771220,generated extension or report pattern,"keep if cited, otherwise archive by domain"
dashboard/.next/server/chunks/ssr/node_modules_lucide-react_dist_esm_0xi1jkw._.js,dashboard,.js,29158,generated extension or report pattern,"keep if cited, otherwise archive by domain"
dashboard/.next/server/chunks/ssr/node_modules_lucide-react_dist_esm_0xi1jkw._.js.map,dashboard,.map,210378,generated extension or report pattern,"keep if cited, otherwise archive by domain"
dashboard/.next/server/chunks/ssr/node_modules_next_dist_0h9llsw._.js,dashboard,.js,74334,generated extension or report pattern,"keep if cited, otherwise archive by domain"
dashboard/.next/server/chunks/ssr/node_modules_next_dist_0h9llsw._.js.map,dashboard,.map,819166,generated extension or report pattern,"keep if cited, otherwise archive by domain"
dashboard/.next/server/chunks/ssr/node_modules_next_dist_11dij6w._.js,dashboard,.js,40294,generated extension or report pattern,"keep if cited, otherwise archive by domain"
dashboard/.next/server/chunks/ssr/node_modules_next_dist_11dij6w._.js.map,dashboard,.map,131847,generated extension or report pattern,"keep if cited, otherwise archive by domain"
dashboard/.next/server/chunks/ssr/node_modules_next_dist_client_components_0inhx6q._.js,dashboard,.js,2518,generated extension or report pattern,"keep if cited, otherwise archive by domain"
dashboard/.next/server/chunks/ssr/node_modules_next_dist_client_components_0inhx6q._.js.map,dashboard,.map,4304,generated extension or report pattern,"keep if cited, otherwise archive by domain"
dashboard/.next/server/chunks/ssr/node_modules_next_dist_client_components_builtin_forbidden_0ghu-f7.js,dashboard,.js,651,generated extension or report pattern,"keep if cited, otherwise archive by domain"
dashboard/.next/server/chunks/ssr/node_modules_next_dist_client_components_builtin_forbidden_0ghu-f7.js.map,dashboard,.map,620,generated extension or report pattern,"keep if cited, otherwise archive by domain"
dashboard/.next/server/chunks/ssr/node_modules_next_dist_client_components_builtin_global-error_0lgvd_..js,dashboard,.js,508,generated extension or report pattern,"keep if cited, otherwise archive by domain"
dashboard/.next/server/chunks/ssr/node_modules_next_dist_client_components_builtin_global-error_0lgvd_..js.map,dashboard,.map,3247,generated extension or report pattern,"keep if cited, otherwise archive by domain"
dashboard/.next/server/chunks/ssr/node_modules_next_dist_client_components_builtin_unauthorized_0cjv-23.js,dashboard,.js,664,generated extension or report pattern,"keep if cited, otherwise archive by domain"
dashboard/.next/server/chunks/ssr/node_modules_next_dist_client_components_builtin_unauthorized_0cjv-23.js.map,dashboard,.map,639,generated extension or report pattern,"keep if cited, otherwise archive by domain"
dashboard/.next/server/chunks/ssr/node_modules_next_dist_esm_build_templates_app-page_0-6_ov5.js,dashboard,.js,23493,generated extension or report pattern,"keep if cited, otherwise archive by domain"
dashboard/.next/server/chunks/ssr/node_modules_next_dist_esm_build_templates_app-page_0-6_ov5.js.map,dashboard,.map,120313,generated extension or report pattern,"keep if cited, otherwise archive by domain"
dashboard/.next/server/chunks/ssr/node_modules_next_dist_esm_build_templates_app-page_0-ziet6.js,dashboard,.js,23590,generated extension or report pattern,"keep if cited, otherwise archive by domain"
dashboard/.next/server/chunks/ssr/node_modules_next_dist_esm_build_templates_app-page_0-ziet6.js.map,dashboard,.map,120515,generated extension or report pattern,"keep if cited, otherwise archive by domain"
dashboard/.next/server/chunks/ssr/node_modules_next_dist_esm_build_templates_app-page_0.p_8xd.js,dashboard,.js,23297,generated extension or report pattern,"keep if cited, otherwise archive by domain"
dashboard/.next/server/chunks/ssr/node_modules_next_dist_esm_build_templates_app-page_0.p_8xd.js.map,dashboard,.map,119779,generated extension or report pattern,"keep if cited, otherwise archive by domain"
dashboard/.next/server/chunks/ssr/node_modules_next_dist_esm_build_templates_app-page_03-z2qq.js,dashboard,.js,22926,generated extension or report pattern,"keep if cited, otherwise archive by domain"
dashboard/.next/server/chunks/ssr/node_modules_next_dist_esm_build_templates_app-page_03-z2qq.js.map,dashboard,.map,118512,generated extension or report pattern,"keep if cited, otherwise archive by domain"
dashboard/.next/server/chunks/ssr/node_modules_next_dist_esm_build_templates_app-page_033st83.js,dashboard,.js,23472,generated extension or report pattern,"keep if cited, otherwise archive by domain"
dashboard/.next/server/chunks/ssr/node_modules_next_dist_esm_build_templates_app-page_033st83.js.map,dashboard,.map,120289,generated extension or report pattern,"keep if cited, otherwise archive by domain"
dashboard/.next/server/chunks/ssr/node_modules_next_dist_esm_build_templates_app-page_04apbcv.js,dashboard,.js,23463,generated extension or report pattern,"keep if cited, otherwise archive by domain"
dashboard/.next/server/chunks/ssr/node_modules_next_dist_esm_build_templates_app-page_04apbcv.js.map,dashboard,.map,120277,generated extension or report pattern,"keep if cited, otherwise archive by domain"
dashboard/.next/server/chunks/ssr/node_modules_next_dist_esm_build_templates_app-page_05oh3lz.js,dashboard,.js,23563,generated extension or report pattern,"keep if cited, otherwise archive by domain"
dashboard/.next/server/chunks/ssr/node_modules_next_dist_esm_build_templates_app-page_05oh3lz.js.map,dashboard,.map,120483,generated extension or report pattern,"keep if cited, otherwise archive by domain"
dashboard/.next/server/chunks/ssr/node_modules_next_dist_esm_build_templates_app-page_05wgz-s.js,dashboard,.js,23560,generated extension or report pattern,"keep if cited, otherwise archive by domain"
dashboard/.next/server/chunks/ssr/node_modules_next_dist_esm_build_templates_app-page_05wgz-s.js.map,dashboard,.map,120477,generated extension or report pattern,"keep if cited, otherwise archive by domain"
dashboard/.next/server/chunks/ssr/node_modules_next_dist_esm_build_templates_app-page_07hultl.js,dashboard,.js,23555,generated extension or report pattern,"keep if cited, otherwise archive by domain"
dashboard/.next/server/chunks/ssr/node_modules_next_dist_esm_build_templates_app-page_07hultl.js.map,dashboard,.map,120471,generated extension or report pattern,"keep if cited, otherwise archive by domain"
dashboard/.next/server/chunks/ssr/node_modules_next_dist_esm_build_templates_app-page_07nphbt.js,dashboard,.js,23473,generated extension or report pattern,"keep if cited, otherwise archive by domain"
dashboard/.next/server/chunks/ssr/node_modules_next_dist_esm_build_templates_app-page_07nphbt.js.map,dashboard,.map,120289,generated extension or report pattern,"keep if cited, otherwise archive by domain"
dashboard/.next/server/chunks/ssr/node_modules_next_dist_esm_build_templates_app-page_07vh7rm.js,dashboard,.js,23206,generated extension or report pattern,"keep if cited, otherwise archive by domain"
dashboard/.next/server/chunks/ssr/node_modules_next_dist_esm_build_templates_app-page_07vh7rm.js.map,dashboard,.map,119582,generated extension or report pattern,"keep if cited, otherwise archive by domain"
dashboard/.next/server/chunks/ssr/node_modules_next_dist_esm_build_templates_app-page_0b-ovj..js,dashboard,.js,23483,generated extension or report pattern,"keep if cited, otherwise archive by domain"
dashboard/.next/server/chunks/ssr/node_modules_next_dist_esm_build_templates_app-page_0b-ovj..js.map,dashboard,.map,120301,generated extension or report pattern,"keep if cited, otherwise archive by domain"
dashboard/.next/server/chunks/ssr/node_modules_next_dist_esm_build_templates_app-page_0eeoq2u.js,dashboard,.js,23286,generated extension or report pattern,"keep if cited, otherwise archive by domain"
dashboard/.next/server/chunks/ssr/node_modules_next_dist_esm_build_templates_app-page_0eeoq2u.js.map,dashboard,.map,119767,generated extension or report pattern,"keep if cited, otherwise archive by domain"
dashboard/.next/server/chunks/ssr/node_modules_next_dist_esm_build_templates_app-page_0ewo9o-.js,dashboard,.js,23483,generated extension or report pattern,"keep if cited, otherwise archive by domain"
dashboard/.next/server/chunks/ssr/node_modules_next_dist_esm_build_templates_app-page_0ewo9o-.js.map,dashboard,.map,120301,generated extension or report pattern,"keep if cited, otherwise archive by domain"
dashboard/.next/server/chunks/ssr/node_modules_next_dist_esm_build_templates_app-page_0f6huhh.js,dashboard,.js,23297,generated extension or report pattern,"keep if cited, otherwise archive by domain"
dashboard/.next/server/chunks/ssr/node_modules_next_dist_esm_build_templates_app-page_0f6huhh.js.map,dashboard,.map,119779,generated extension or report pattern,"keep if cited, otherwise archive by domain"
dashboard/.next/server/chunks/ssr/node_modules_next_dist_esm_build_templates_app-page_0f_indg.js,dashboard,.js,23493,generated extension or report pattern,"keep if cited, otherwise archive by domain"
dashboard/.next/server/chunks/ssr/node_modules_next_dist_esm_build_templates_app-page_0f_indg.js.map,dashboard,.map,120313,generated extension or report pattern,"keep if cited, otherwise archive by domain"
dashboard/.next/server/chunks/ssr/node_modules_next_dist_esm_build_templates_app-page_0g13kj2.js,dashboard,.js,23277,generated extension or report pattern,"keep if cited, otherwise archive by domain"
dashboard/.next/server/chunks/ssr/node_modules_next_dist_esm_build_templates_app-page_0g13kj2.js.map,dashboard,.map,119755,generated extension or report pattern,"keep if cited, otherwise archive by domain"
dashboard/.next/server/chunks/ssr/node_modules_next_dist_esm_build_templates_app-page_0izu5t8.js,dashboard,.js,23533,generated extension or report pattern,"keep if cited, otherwise archive by domain"
dashboard/.next/server/chunks/ssr/node_modules_next_dist_esm_build_templates_app-page_0izu5t8.js.map,dashboard,.map,120447,generated extension or report pattern,"keep if cited, otherwise archive by domain"
dashboard/.next/server/chunks/ssr/node_modules_next_dist_esm_build_templates_app-page_0naw0a9.js,dashboard,.js,23275,generated extension or report pattern,"keep if cited, otherwise archive by domain"
dashboard/.next/server/chunks/ssr/node_modules_next_dist_esm_build_templates_app-page_0naw0a9.js.map,dashboard,.map,119755,generated extension or report pattern,"keep if cited, otherwise archive by domain"
dashboard/.next/server/chunks/ssr/node_modules_next_dist_esm_build_templates_app-page_0oley7c.js,dashboard,.js,23473,generated extension or report pattern,"keep if cited, otherwise archive by domain"
dashboard/.next/server/chunks/ssr/node_modules_next_dist_esm_build_templates_app-page_0oley7c.js.map,dashboard,.map,120289,generated extension or report pattern,"keep if cited, otherwise archive by domain"
dashboard/.next/server/chunks/ssr/node_modules_next_dist_esm_build_templates_app-page_0q-p8vc.js,dashboard,.js,23265,generated extension or report pattern,"keep if cited, otherwise archive by domain"
dashboard/.next/server/chunks/ssr/node_modules_next_dist_esm_build_templates_app-page_0q-p8vc.js.map,dashboard,.map,119741,generated extension or report pattern,"keep if cited, otherwise archive by domain"
dashboard/.next/server/chunks/ssr/node_modules_next_dist_esm_build_templates_app-page_0qp4u6g.js,dashboard,.js,23327,generated extension or report pattern,"keep if cited, otherwise archive by domain"
dashboard/.next/server/chunks/ssr/node_modules_next_dist_esm_build_templates_app-page_0qp4u6g.js.map,dashboard,.map,119808,generated extension or report pattern,"keep if cited, otherwise archive by domain"
dashboard/.next/server/chunks/ssr/node_modules_next_dist_esm_build_templates_app-page_0r.0jex.js,dashboard,.js,23493,generated extension or report pattern,"keep if cited, otherwise archive by domain"
dashboard/.next/server/chunks/ssr/node_modules_next_dist_esm_build_templates_app-page_0r.0jex.js.map,dashboard,.map,120313,generated extension or report pattern,"keep if cited, otherwise archive by domain"
dashboard/.next/server/chunks/ssr/node_modules_recharts_es6_cartesian_Area_00dnrvy.js,dashboard,.js,13752,generated extension or report pattern,"keep if cited, otherwise archive by domain"
dashboard/.next/server/chunks/ssr/node_modules_recharts_es6_cartesian_Area_00dnrvy.js.map,dashboard,.map,55012,generated extension or report pattern,"keep if cited, otherwise archive by domain"
dashboard/.next/server/chunks/ssr/node_modules_swr_dist_index_index_mjs_11vxrbp._.js,dashboard,.js,10102,generated extension or report pattern,"keep if cited, otherwise archive by domain"
dashboard/.next/server/chunks/ssr/node_modules_swr_dist_index_index_mjs_11vxrbp._.js.map,dashboard,.map,78926,generated extension or report pattern,"keep if cited, otherwise archive by domain"
dashboard/.next/server/chunks/ssr/src_0ozi_lr._.js,dashboard,.js,20634,generated extension or report pattern,"keep if cited, otherwise archive by domain"
dashboard/.next/server/chunks/ssr/src_0ozi_lr._.js.map,dashboard,.map,44458,generated extension or report pattern,"keep if cited, otherwise archive by domain"
dashboard/.next/server/chunks/ssr/src_app_[lang]_compare_ComparePageClient_tsx_0ln_qsy._.js,dashboard,.js,27880,generated extension or report pattern,"keep if cited, otherwise archive by domain"
dashboard/.next/server/chunks/ssr/src_app_[lang]_compare_ComparePageClient_tsx_0ln_qsy._.js.map,dashboard,.map,79637,generated extension or report pattern,"keep if cited, otherwise archive by domain"
dashboard/.next/server/chunks/ssr/src_app_[lang]_learn_LearnPageClient_tsx_0j1lr~8._.js,dashboard,.js,63890,generated extension or report pattern,"keep if cited, otherwise archive by domain"
dashboard/.next/server/chunks/ssr/src_app_[lang]_learn_LearnPageClient_tsx_0j1lr~8._.js.map,dashboard,.map,132529,generated extension or report pattern,"keep if cited, otherwise archive by domain"
dashboard/.next/server/chunks/ssr/src_app_[lang]_satellite_page_tsx_0-pe3ok._.js,dashboard,.js,54697,generated extension or report pattern,"keep if cited, otherwise archive by domain"
dashboard/.next/server/chunks/ssr/src_app_[lang]_satellite_page_tsx_0-pe3ok._.js.map,dashboard,.map,156002,generated extension or report pattern,"keep if cited, otherwise archive by domain"
dashboard/.next/server/chunks/ssr/src_components_interactive_DynamicSystemSimulator_tsx_0s0ymk0._.js,dashboard,.js,1162,generated extension or report pattern,"keep if cited, otherwise archive by domain"
dashboard/.next/server/chunks/ssr/src_components_interactive_DynamicSystemSimulator_tsx_0s0ymk0._.js.map,dashboard,.map,1063,generated extension or report pattern,"keep if cited, otherwise archive by domain"
dashboard/.next/server/chunks/ssr/src_components_interactive_EmbeddingExplorer_tsx_07uyn9a._.js,dashboard,.js,1107,generated extension or report pattern,"keep if cited, otherwise archive by domain"
dashboard/.next/server/chunks/ssr/src_components_interactive_EmbeddingExplorer_tsx_07uyn9a._.js.map,dashboard,.map,1028,generated extension or report pattern,"keep if cited, otherwise archive by domain"
dashboard/.next/server/chunks/ssr/src_components_interactive_GeometryVisualizer_tsx_07jcyed._.js,dashboard,.js,1120,generated extension or report pattern,"keep if cited, otherwise archive by domain"
dashboard/.next/server/chunks/ssr/src_components_interactive_GeometryVisualizer_tsx_07jcyed._.js.map,dashboard,.map,1035,generated extension or report pattern,"keep if cited, otherwise archive by domain"
dashboard/.next/server/chunks/ssr/src_components_interactive_ModelComparator_tsx_07u4snz._.js,dashboard,.js,1085,generated extension or report pattern,"keep if cited, otherwise archive by domain"
dashboard/.next/server/chunks/ssr/src_components_interactive_ModelComparator_tsx_07u4snz._.js.map,dashboard,.map,1014,generated extension or report pattern,"keep if cited, otherwise archive by domain"
dashboard/.next/server/chunks/ssr/src_components_interactive_NoiseVisualizer_tsx_0vjepf3._.js,dashboard,.js,1087,generated extension or report pattern,"keep if cited, otherwise archive by domain"
dashboard/.next/server/chunks/ssr/src_components_interactive_NoiseVisualizer_tsx_0vjepf3._.js.map,dashboard,.map,1014,generated extension or report pattern,"keep if cited, otherwise archive by domain"
dashboard/.next/server/chunks/ssr/src_components_interactive_SignalPlayground_tsx_0kp_g7x._.js,dashboard,.js,1094,generated extension or report pattern,"keep if cited, otherwise archive by domain"
dashboard/.next/server/chunks/ssr/src_components_interactive_SignalPlayground_tsx_0kp_g7x._.js.map,dashboard,.map,1021,generated extension or report pattern,"keep if cited, otherwise archive by domain"
dashboard/.next/server/chunks/ssr/src_components_motion_AnimatedCounter_tsx_0rhl5rm._.js,dashboard,.js,8946,generated extension or report pattern,"keep if cited, otherwise archive by domain"
dashboard/.next/server/chunks/ssr/src_components_motion_AnimatedCounter_tsx_0rhl5rm._.js.map,dashboard,.map,74728,generated extension or report pattern,"keep if cited, otherwise archive by domain"
dashboard/.next/server/chunks/ssr/src_components_motion_Reveal_tsx_0zynns2._.js,dashboard,.js,435,generated extension or report pattern,"keep if cited, otherwise archive by domain"
dashboard/.next/server/chunks/ssr/src_components_motion_Reveal_tsx_0zynns2._.js.map,dashboard,.map,1278,generated extension or report pattern,"keep if cited, otherwise archive by domain"
dashboard/.next/server/chunks/ssr/src_components_scientific_NoiseRobustnessObservatory_tsx_0qaz6h4._.js,dashboard,.js,1201,generated extension or report pattern,"keep if cited, otherwise archive by domain"
dashboard/.next/server/chunks/ssr/src_components_scientific_NoiseRobustnessObservatory_tsx_0qaz6h4._.js.map,dashboard,.map,1089,generated extension or report pattern,"keep if cited, otherwise archive by domain"
dashboard/.next/server/chunks/ssr/src_components_scientific_ScientificObservabilityDashboard_tsx_0cmrkop._.js,dashboard,.js,1271,generated extension or report pattern,"keep if cited, otherwise archive by domain"
dashboard/.next/server/chunks/ssr/src_components_scientific_ScientificObservabilityDashboard_tsx_0cmrkop._.js.map,dashboard,.map,1131,generated extension or report pattern,"keep if cited, otherwise archive by domain"
dashboard/.next/server/chunks/ssr/src_components_ui_KaTeX_tsx_093j--4._.js,dashboard,.js,263749,generated extension or report pattern,"keep if cited, otherwise archive by domain"
dashboard/.next/server/chunks/ssr/src_components_ui_KaTeX_tsx_093j--4._.js.map,dashboard,.map,1009432,generated extension or report pattern,"keep if cited, otherwise archive by domain"
dashboard/.next/server/chunks/ssr/[root-of-the-server]__00d9hp9._.js,dashboard,.js,882,generated extension or report pattern,"keep if cited, otherwise archive by domain"
dashboard/.next/server/chunks/ssr/[root-of-the-server]__00d9hp9._.js.map,dashboard,.map,1268,generated extension or report pattern,"keep if cited, otherwise archive by domain"
dashboard/.next/server/chunks/ssr/[root-of-the-server]__04gq-xc._.js,dashboard,.js,8560,generated extension or report pattern,"keep if cited, otherwise archive by domain"
dashboard/.next/server/chunks/ssr/[root-of-the-server]__04gq-xc._.js.map,dashboard,.map,23858,generated extension or report pattern,"keep if cited, otherwise archive by domain"
dashboard/.next/server/chunks/ssr/[root-of-the-server]__050fngu._.js,dashboard,.js,881,generated extension or report pattern,"keep if cited, otherwise archive by domain"
dashboard/.next/server/chunks/ssr/[root-of-the-server]__050fngu._.js.map,dashboard,.map,1259,generated extension or report pattern,"keep if cited, otherwise archive by domain"
dashboard/.next/server/chunks/ssr/[root-of-the-server]__05r1o6y._.js,dashboard,.js,1009,generated extension or report pattern,"keep if cited, otherwise archive by domain"
dashboard/.next/server/chunks/ssr/[root-of-the-server]__05r1o6y._.js.map,dashboard,.map,2592,generated extension or report pattern,"keep if cited, otherwise archive by domain"
dashboard/.next/server/chunks/ssr/[root-of-the-server]__06.tpi6._.js,dashboard,.js,12311,generated extension or report pattern,"keep if cited, otherwise archive by domain"
dashboard/.next/server/chunks/ssr/[root-of-the-server]__06.tpi6._.js.map,dashboard,.map,36814,generated extension or report pattern,"keep if cited, otherwise archive by domain"
dashboard/.next/server/chunks/ssr/[root-of-the-server]__06jreay._.js,dashboard,.js,1450,generated extension or report pattern,"keep if cited, otherwise archive by domain"
dashboard/.next/server/chunks/ssr/[root-of-the-server]__06jreay._.js.map,dashboard,.map,1211,generated extension or report pattern,"keep if cited, otherwise archive by domain"
dashboard/.next/server/chunks/ssr/[root-of-the-server]__08e5v4-._.js,dashboard,.js,1801,generated extension or report pattern,"keep if cited, otherwise archive by domain"
dashboard/.next/server/chunks/ssr/[root-of-the-server]__08e5v4-._.js.map,dashboard,.map,4156,generated extension or report pattern,"keep if cited, otherwise archive by domain"
dashboard/.next/server/chunks/ssr/[root-of-the-server]__098zro9._.js,dashboard,.js,219050,generated extension or report pattern,"keep if cited, otherwise archive by domain"
dashboard/.next/server/chunks/ssr/[root-of-the-server]__098zro9._.js.map,dashboard,.map,1212296,generated extension or report pattern,"keep if cited, otherwise archive by domain"
dashboard/.next/server/chunks/ssr/[root-of-the-server]__0gs673v._.js,dashboard,.js,1133,generated extension or report pattern,"keep if cited, otherwise archive by domain"
dashboard/.next/server/chunks/ssr/[root-of-the-server]__0gs673v._.js.map,dashboard,.map,4120,generated extension or report pattern,"keep if cited, otherwise archive by domain"
dashboard/.next/server/chunks/ssr/[root-of-the-server]__0i8j5nn._.js,dashboard,.js,12186,generated extension or report pattern,"keep if cited, otherwise archive by domain"
dashboard/.next/server/chunks/ssr/[root-of-the-server]__0i8j5nn._.js.map,dashboard,.map,34632,generated extension or report pattern,"keep if cited, otherwise archive by domain"
dashboard/.next/server/chunks/ssr/[root-of-the-server]__0i9qg2.._.js,dashboard,.js,7647,generated extension or report pattern,"keep if cited, otherwise archive by domain"
dashboard/.next/server/chunks/ssr/[root-of-the-server]__0i9qg2.._.js.map,dashboard,.map,15449,generated extension or report pattern,"keep if cited, otherwise archive by domain"
dashboard/.next/server/chunks/ssr/[root-of-the-server]__0iay_rz._.js,dashboard,.js,15632,generated extension or report pattern,"keep if cited, otherwise archive by domain"
dashboard/.next/server/chunks/ssr/[root-of-the-server]__0iay_rz._.js.map,dashboard,.map,39897,generated extension or report pattern,"keep if cited, otherwise archive by domain"
dashboard/.next/server/chunks/ssr/[root-of-the-server]__0lb38w_._.js,dashboard,.js,885,generated extension or report pattern,"keep if cited, otherwise archive by domain"
dashboard/.next/server/chunks/ssr/[root-of-the-server]__0lb38w_._.js.map,dashboard,.map,1276,generated extension or report pattern,"keep if cited, otherwise archive by domain"
dashboard/.next/server/chunks/ssr/[root-of-the-server]__0lc01vx._.js,dashboard,.js,22848,generated extension or report pattern,"keep if cited, otherwise archive by domain"
dashboard/.next/server/chunks/ssr/[root-of-the-server]__0lc01vx._.js.map,dashboard,.map,64530,generated extension or report pattern,"keep if cited, otherwise archive by domain"
dashboard/.next/server/chunks/ssr/[root-of-the-server]__0nhocl6._.js,dashboard,.js,5730,generated extension or report pattern,"keep if cited, otherwise archive by domain"
dashboard/.next/server/chunks/ssr/[root-of-the-server]__0nhocl6._.js.map,dashboard,.map,9386,generated extension or report pattern,"keep if cited, otherwise archive by domain"
dashboard/.next/server/chunks/ssr/[root-of-the-server]__0nrd4ps._.js,dashboard,.js,1793,generated extension or report pattern,"keep if cited, otherwise archive by domain"
dashboard/.next/server/chunks/ssr/[root-of-the-server]__0nrd4ps._.js.map,dashboard,.map,2525,generated extension or report pattern,"keep if cited, otherwise archive by domain"
dashboard/.next/server/chunks/ssr/[root-of-the-server]__0o6gown._.js,dashboard,.js,1735,generated extension or report pattern,"keep if cited, otherwise archive by domain"
dashboard/.next/server/chunks/ssr/[root-of-the-server]__0o6gown._.js.map,dashboard,.map,5262,generated extension or report pattern,"keep if cited, otherwise archive by domain"
dashboard/.next/server/chunks/ssr/[root-of-the-server]__0qnj36-._.js,dashboard,.js,879,generated extension or report pattern,"keep if cited, otherwise archive by domain"
dashboard/.next/server/chunks/ssr/[root-of-the-server]__0qnj36-._.js.map,dashboard,.map,1251,generated extension or report pattern,"keep if cited, otherwise archive by domain"
dashboard/.next/server/chunks/ssr/[root-of-the-server]__0s3gqwx._.js,dashboard,.js,883,generated extension or report pattern,"keep if cited, otherwise archive by domain"
dashboard/.next/server/chunks/ssr/[root-of-the-server]__0s3gqwx._.js.map,dashboard,.map,1262,generated extension or report pattern,"keep if cited, otherwise archive by domain"
dashboard/.next/server/chunks/ssr/[root-of-the-server]__0syhi6t._.js,dashboard,.js,883,generated extension or report pattern,"keep if cited, otherwise archive by domain"
dashboard/.next/server/chunks/ssr/[root-of-the-server]__0syhi6t._.js.map,dashboard,.map,1276,generated extension or report pattern,"keep if cited, otherwise archive by domain"
dashboard/.next/server/chunks/ssr/[root-of-the-server]__0t--w7c._.js,dashboard,.js,8618,generated extension or report pattern,"keep if cited, otherwise archive by domain"
dashboard/.next/server/chunks/ssr/[root-of-the-server]__0t--w7c._.js.map,dashboard,.map,25927,generated extension or report pattern,"keep if cited, otherwise archive by domain"
dashboard/.next/server/chunks/ssr/[root-of-the-server]__0ukx1xa._.js,dashboard,.js,14648,generated extension or report pattern,"keep if cited, otherwise archive by domain"
dashboard/.next/server/chunks/ssr/[root-of-the-server]__0ukx1xa._.js.map,dashboard,.map,53000,generated extension or report pattern,"keep if cited, otherwise archive by domain"
dashboard/.next/server/chunks/ssr/[root-of-the-server]__0wu2b0.._.js,dashboard,.js,619,generated extension or report pattern,"keep if cited, otherwise archive by domain"
dashboard/.next/server/chunks/ssr/[root-of-the-server]__0wu2b0.._.js.map,dashboard,.map,860,generated extension or report pattern,"keep if cited, otherwise archive by domain"
dashboard/.next/server/chunks/ssr/[root-of-the-server]__0xghsom._.js,dashboard,.js,13524,generated extension or report pattern,"keep if cited, otherwise archive by domain"
dashboard/.next/server/chunks/ssr/[root-of-the-server]__0xghsom._.js.map,dashboard,.map,42596,generated extension or report pattern,"keep if cited, otherwise archive by domain"
dashboard/.next/server/chunks/ssr/[root-of-the-server]__0z9neta._.js,dashboard,.js,883,generated extension or report pattern,"keep if cited, otherwise archive by domain"
dashboard/.next/server/chunks/ssr/[root-of-the-server]__0z9neta._.js.map,dashboard,.map,1271,generated extension or report pattern,"keep if cited, otherwise archive by domain"
dashboard/.next/server/chunks/ssr/[root-of-the-server]__0zh_z6g._.js,dashboard,.js,4779,generated extension or report pattern,"keep if cited, otherwise archive by domain"
dashboard/.next/server/chunks/ssr/[root-of-the-server]__0zh_z6g._.js.map,dashboard,.map,13746,generated extension or report pattern,"keep if cited, otherwise archive by domain"
dashboard/.next/server/chunks/ssr/[root-of-the-server]__0~j_w~b._.js,dashboard,.js,1649,generated extension or report pattern,"keep if cited, otherwise archive by domain"
dashboard/.next/server/chunks/ssr/[root-of-the-server]__0~j_w~b._.js.map,dashboard,.map,2193,generated extension or report pattern,"keep if cited, otherwise archive by domain"
dashboard/.next/server/chunks/ssr/[root-of-the-server]__10y8nnq._.js,dashboard,.js,26467,generated extension or report pattern,"keep if cited, otherwise archive by domain"
dashboard/.next/server/chunks/ssr/[root-of-the-server]__10y8nnq._.js.map,dashboard,.map,65118,generated extension or report pattern,"keep if cited, otherwise archive by domain"
dashboard/.next/server/chunks/ssr/[turbopack]_runtime.js,dashboard,.js,34233,generated extension or report pattern,"keep if cited, otherwise archive by domain"
dashboard/.next/server/chunks/ssr/[turbopack]_runtime.js.map,dashboard,.map,62757,generated extension or report pattern,"keep if cited, otherwise archive by domain"
dashboard/.next/server/chunks/ssr/_0-feljj._.js,dashboard,.js,28543,generated extension or report pattern,"keep if cited, otherwise archive by domain"
dashboard/.next/server/chunks/ssr/_0-feljj._.js.map,dashboard,.map,208402,generated extension or report pattern,"keep if cited, otherwise archive by domain"
dashboard/.next/server/chunks/ssr/_00t5yzh._.js,dashboard,.js,37653,generated extension or report pattern,"keep if cited, otherwise archive by domain"
dashboard/.next/server/chunks/ssr/_00t5yzh._.js.map,dashboard,.map,133830,generated extension or report pattern,"keep if cited, otherwise archive by domain"
dashboard/.next/server/chunks/ssr/_03w667h._.js,dashboard,.js,14786,generated extension or report pattern,"keep if cited, otherwise archive by domain"
dashboard/.next/server/chunks/ssr/_03w667h._.js.map,dashboard,.map,51086,generated extension or report pattern,"keep if cited, otherwise archive by domain"
dashboard/.next/server/chunks/ssr/_0bqxywj._.js,dashboard,.js,14537,generated extension or report pattern,"keep if cited, otherwise archive by domain"
dashboard/.next/server/chunks/ssr/_0bqxywj._.js.map,dashboard,.map,47804,generated extension or report pattern,"keep if cited, otherwise archive by domain"
dashboard/.next/server/chunks/ssr/_0h7f_q3._.js,dashboard,.js,4960,generated extension or report pattern,"keep if cited, otherwise archive by domain"
dashboard/.next/server/chunks/ssr/_0h7f_q3._.js.map,dashboard,.map,35235,generated extension or report pattern,"keep if cited, otherwise archive by domain"
dashboard/.next/server/chunks/ssr/_0kbpv9p._.js,dashboard,.js,7532,generated extension or report pattern,"keep if cited, otherwise archive by domain"
dashboard/.next/server/chunks/ssr/_0kbpv9p._.js.map,dashboard,.map,13823,generated extension or report pattern,"keep if cited, otherwise archive by domain"
dashboard/.next/server/chunks/ssr/_0l6ac_u._.js,dashboard,.js,15203,generated extension or report pattern,"keep if cited, otherwise archive by domain"
dashboard/.next/server/chunks/ssr/_0l6ac_u._.js.map,dashboard,.map,112294,generated extension or report pattern,"keep if cited, otherwise archive by domain"
dashboard/.next/server/chunks/ssr/_0m1hupg._.js,dashboard,.js,8426,generated extension or report pattern,"keep if cited, otherwise archive by domain"
dashboard/.next/server/chunks/ssr/_0m1hupg._.js.map,dashboard,.map,48189,generated extension or report pattern,"keep if cited, otherwise archive by domain"
dashboard/.next/server/chunks/ssr/_0mzruk9._.js,dashboard,.js,4575,generated extension or report pattern,"keep if cited, otherwise archive by domain"
dashboard/.next/server/chunks/ssr/_0mzruk9._.js.map,dashboard,.map,13306,generated extension or report pattern,"keep if cited, otherwise archive by domain"
dashboard/.next/server/chunks/ssr/_0oqpykg._.js,dashboard,.js,49790,generated extension or report pattern,"keep if cited, otherwise archive by domain"
dashboard/.next/server/chunks/ssr/_0oqpykg._.js.map,dashboard,.map,142080,generated extension or report pattern,"keep if cited, otherwise archive by domain"
dashboard/.next/server/chunks/ssr/_0r_to_3._.js,dashboard,.js,7730,generated extension or report pattern,"keep if cited, otherwise archive by domain"
dashboard/.next/server/chunks/ssr/_0r_to_3._.js.map,dashboard,.map,44107,generated extension or report pattern,"keep if cited, otherwise archive by domain"
dashboard/.next/server/chunks/ssr/_0sdd1rf._.js,dashboard,.js,39454,generated extension or report pattern,"keep if cited, otherwise archive by domain"
dashboard/.next/server/chunks/ssr/_0sdd1rf._.js.map,dashboard,.map,170675,generated extension or report pattern,"keep if cited, otherwise archive by domain"
dashboard/.next/server/chunks/ssr/_0x7rm-j._.js,dashboard,.js,171659,generated extension or report pattern,"keep if cited, otherwise archive by domain"
dashboard/.next/server/chunks/ssr/_0x7rm-j._.js.map,dashboard,.map,962453,generated extension or report pattern,"keep if cited, otherwise archive by domain"
dashboard/.next/server/chunks/ssr/_0~mqzez._.js,dashboard,.js,6386,generated extension or report pattern,"keep if cited, otherwise archive by domain"
dashboard/.next/server/chunks/ssr/_0~mqzez._.js.map,dashboard,.map,25896,generated extension or report pattern,"keep if cited, otherwise archive by domain"
dashboard/.next/server/chunks/ssr/_12i5brm._.js,dashboard,.js,7992,generated extension or report pattern,"keep if cited, otherwise archive by domain"
dashboard/.next/server/chunks/ssr/_12i5brm._.js.map,dashboard,.map,55542,generated extension or report pattern,"keep if cited, otherwise archive by domain"
dashboard/.next/server/chunks/ssr/_12y3hc.._.js,dashboard,.js,13583,generated extension or report pattern,"keep if cited, otherwise archive by domain"
dashboard/.next/server/chunks/ssr/_12y3hc.._.js.map,dashboard,.map,66517,generated extension or report pattern,"keep if cited, otherwise archive by domain"
dashboard/.next/server/chunks/ssr/_next-internal_server_app_discoveries_page_actions_10lflj8.js,dashboard,.js,123,generated extension or report pattern,"keep if cited, otherwise archive by domain"
dashboard/.next/server/chunks/ssr/_next-internal_server_app_discoveries_page_actions_10lflj8.js.map,dashboard,.map,51,generated extension or report pattern,"keep if cited, otherwise archive by domain"
dashboard/.next/server/chunks/ssr/_next-internal_server_app_learn_page_actions_09dl7vk.js,dashboard,.js,116,generated extension or report pattern,"keep if cited, otherwise archive by domain"
dashboard/.next/server/chunks/ssr/_next-internal_server_app_learn_page_actions_09dl7vk.js.map,dashboard,.map,51,generated extension or report pattern,"keep if cited, otherwise archive by domain"
dashboard/.next/server/chunks/ssr/_next-internal_server_app_mathematics_page_actions_0ffs-bs.js,dashboard,.js,123,generated extension or report pattern,"keep if cited, otherwise archive by domain"
dashboard/.next/server/chunks/ssr/_next-internal_server_app_mathematics_page_actions_0ffs-bs.js.map,dashboard,.map,51,generated extension or report pattern,"keep if cited, otherwise archive by domain"
dashboard/.next/server/chunks/ssr/_next-internal_server_app_page_actions_09-gtaw.js,dashboard,.js,111,generated extension or report pattern,"keep if cited, otherwise archive by domain"
dashboard/.next/server/chunks/ssr/_next-internal_server_app_page_actions_09-gtaw.js.map,dashboard,.map,51,generated extension or report pattern,"keep if cited, otherwise archive by domain"
dashboard/.next/server/chunks/ssr/_next-internal_server_app_physics_page_actions_0~4t.5f.js,dashboard,.js,119,generated extension or report pattern,"keep if cited, otherwise archive by domain"
dashboard/.next/server/chunks/ssr/_next-internal_server_app_physics_page_actions_0~4t.5f.js.map,dashboard,.map,51,generated extension or report pattern,"keep if cited, otherwise archive by domain"
dashboard/.next/server/chunks/ssr/_next-internal_server_app_quantum_page_actions_0zj1ae7.js,dashboard,.js,119,generated extension or report pattern,"keep if cited, otherwise archive by domain"
dashboard/.next/server/chunks/ssr/_next-internal_server_app_quantum_page_actions_0zj1ae7.js.map,dashboard,.map,51,generated extension or report pattern,"keep if cited, otherwise archive by domain"
dashboard/.next/server/chunks/ssr/_next-internal_server_app_satellite_page_actions_0p~dpt4.js,dashboard,.js,121,generated extension or report pattern,"keep if cited, otherwise archive by domain"
dashboard/.next/server/chunks/ssr/_next-internal_server_app_satellite_page_actions_0p~dpt4.js.map,dashboard,.map,51,generated extension or report pattern,"keep if cited, otherwise archive by domain"
dashboard/.next/server/chunks/ssr/_next-internal_server_app_[lang]_compare_page_actions_0va.on7.js,dashboard,.js,130,generated extension or report pattern,"keep if cited, otherwise archive by domain"
dashboard/.next/server/chunks/ssr/_next-internal_server_app_[lang]_compare_page_actions_0va.on7.js.map,dashboard,.map,51,generated extension or report pattern,"keep if cited, otherwise archive by domain"
dashboard/.next/server/chunks/ssr/_next-internal_server_app_[lang]_dashboard_benchmark_page_actions_0o1yjyp.js,dashboard,.js,142,generated extension or report pattern,"keep if cited, otherwise archive by domain"
dashboard/.next/server/chunks/ssr/_next-internal_server_app_[lang]_dashboard_benchmark_page_actions_0o1yjyp.js.map,dashboard,.map,51,generated extension or report pattern,"keep if cited, otherwise archive by domain"
dashboard/.next/server/chunks/ssr/_next-internal_server_app_[lang]_dashboard_log_page_actions_0vm5dl1.js,dashboard,.js,136,generated extension or report pattern,"keep if cited, otherwise archive by domain"
dashboard/.next/server/chunks/ssr/_next-internal_server_app_[lang]_dashboard_log_page_actions_0vm5dl1.js.map,dashboard,.map,51,generated extension or report pattern,"keep if cited, otherwise archive by domain"
dashboard/.next/server/chunks/ssr/_next-internal_server_app_[lang]_dashboard_page_actions_108tr6f.js,dashboard,.js,131,generated extension or report pattern,"keep if cited, otherwise archive by domain"
dashboard/.next/server/chunks/ssr/_next-internal_server_app_[lang]_dashboard_page_actions_108tr6f.js.map,dashboard,.map,51,generated extension or report pattern,"keep if cited, otherwise archive by domain"
dashboard/.next/server/chunks/ssr/_next-internal_server_app_[lang]_dashboard_roadmap_page_actions_0inrcky.js,dashboard,.js,140,generated extension or report pattern,"keep if cited, otherwise archive by domain"
dashboard/.next/server/chunks/ssr/_next-internal_server_app_[lang]_dashboard_roadmap_page_actions_0inrcky.js.map,dashboard,.map,51,generated extension or report pattern,"keep if cited, otherwise archive by domain"
dashboard/.next/server/chunks/ssr/_next-internal_server_app_[lang]_dashboard_scientific-log_page_actions_11bqfou.js,dashboard,.js,147,generated extension or report pattern,"keep if cited, otherwise archive by domain"
dashboard/.next/server/chunks/ssr/_next-internal_server_app_[lang]_dashboard_scientific-log_page_actions_11bqfou.js.map,dashboard,.map,51,generated extension or report pattern,"keep if cited, otherwise archive by domain"
dashboard/.next/server/chunks/ssr/_next-internal_server_app_[lang]_dashboard_timeline_page_actions_0f9w-yn.js,dashboard,.js,141,generated extension or report pattern,"keep if cited, otherwise archive by domain"
dashboard/.next/server/chunks/ssr/_next-internal_server_app_[lang]_dashboard_timeline_page_actions_0f9w-yn.js.map,dashboard,.map,51,generated extension or report pattern,"keep if cited, otherwise archive by domain"
dashboard/.next/server/chunks/ssr/_next-internal_server_app_[lang]_discoveries_page_actions_0_~ba9u.js,dashboard,.js,134,generated extension or report pattern,"keep if cited, otherwise archive by domain"
dashboard/.next/server/chunks/ssr/_next-internal_server_app_[lang]_discoveries_page_actions_0_~ba9u.js.map,dashboard,.map,51,generated extension or report pattern,"keep if cited, otherwise archive by domain"
dashboard/.next/server/chunks/ssr/_next-internal_server_app_[lang]_interactive_page_actions_0do7x7~.js,dashboard,.js,134,generated extension or report pattern,"keep if cited, otherwise archive by domain"
dashboard/.next/server/chunks/ssr/_next-internal_server_app_[lang]_interactive_page_actions_0do7x7~.js.map,dashboard,.map,51,generated extension or report pattern,"keep if cited, otherwise archive by domain"
dashboard/.next/server/chunks/ssr/_next-internal_server_app_[lang]_learn_page_actions_0tz6qdh.js,dashboard,.js,128,generated extension or report pattern,"keep if cited, otherwise archive by domain"
dashboard/.next/server/chunks/ssr/_next-internal_server_app_[lang]_learn_page_actions_0tz6qdh.js.map,dashboard,.map,51,generated extension or report pattern,"keep if cited, otherwise archive by domain"
dashboard/.next/server/chunks/ssr/_next-internal_server_app_[lang]_mathematics_page_actions_0_skj7i.js,dashboard,.js,134,generated extension or report pattern,"keep if cited, otherwise archive by domain"
dashboard/.next/server/chunks/ssr/_next-internal_server_app_[lang]_mathematics_page_actions_0_skj7i.js.map,dashboard,.map,51,generated extension or report pattern,"keep if cited, otherwise archive by domain"
dashboard/.next/server/chunks/ssr/_next-internal_server_app_[lang]_physics_page_actions_04fjevj.js,dashboard,.js,130,generated extension or report pattern,"keep if cited, otherwise archive by domain"
dashboard/.next/server/chunks/ssr/_next-internal_server_app_[lang]_physics_page_actions_04fjevj.js.map,dashboard,.map,51,generated extension or report pattern,"keep if cited, otherwise archive by domain"
dashboard/.next/server/chunks/ssr/_next-internal_server_app_[lang]_quantum_page_actions_0inrhvn.js,dashboard,.js,130,generated extension or report pattern,"keep if cited, otherwise archive by domain"
dashboard/.next/server/chunks/ssr/_next-internal_server_app_[lang]_quantum_page_actions_0inrhvn.js.map,dashboard,.map,51,generated extension or report pattern,"keep if cited, otherwise archive by domain"
dashboard/.next/server/chunks/ssr/_next-internal_server_app_[lang]_satellite_page_actions_0vdejvu.js,dashboard,.js,132,generated extension or report pattern,"keep if cited, otherwise archive by domain"
dashboard/.next/server/chunks/ssr/_next-internal_server_app_[lang]_satellite_page_actions_0vdejvu.js.map,dashboard,.map,51,generated extension or report pattern,"keep if cited, otherwise archive by domain"
dashboard/.next/server/chunks/ssr/_next-internal_server_app__global-error_page_actions_0k77kol.js,dashboard,.js,125,generated extension or report pattern,"keep if cited, otherwise archive by domain"
dashboard/.next/server/chunks/ssr/_next-internal_server_app__global-error_page_actions_0k77kol.js.map,dashboard,.map,51,generated extension or report pattern,"keep if cited, otherwise archive by domain"
dashboard/.next/server/chunks/ssr/_next-internal_server_app__not-found_page_actions_0eq97pa.js,dashboard,.js,122,generated extension or report pattern,"keep if cited, otherwise archive by domain"
dashboard/.next/server/chunks/ssr/_next-internal_server_app__not-found_page_actions_0eq97pa.js.map,dashboard,.map,51,generated extension or report pattern,"keep if cited, otherwise archive by domain"
dashboard/.next/static/9G6HKhtgaLiX8VTlQZa9O/_buildManifest.js,dashboard,.js,219,generated extension or report pattern,"keep if cited, otherwise archive by domain"
dashboard/.next/static/9G6HKhtgaLiX8VTlQZa9O/_clientMiddlewareManifest.js,dashboard,.js,96,generated extension or report pattern,"keep if cited, otherwise archive by domain"
dashboard/.next/static/9G6HKhtgaLiX8VTlQZa9O/_ssgManifest.js,dashboard,.js,566,generated extension or report pattern,"keep if cited, otherwise archive by domain"
dashboard/.next/static/chunks/0-xmsowl50zp7.js,dashboard,.js,4645184,generated extension or report pattern,"keep if cited, otherwise archive by domain"
dashboard/.next/static/chunks/01xlw8hd842-c.js,dashboard,.js,3377,generated extension or report pattern,"keep if cited, otherwise archive by domain"
dashboard/.next/static/chunks/02n2iqt~dc.fl.js,dashboard,.js,73162,generated extension or report pattern,"keep if cited, otherwise archive by domain"
dashboard/.next/static/chunks/02ycggswef1.6.js,dashboard,.js,142592,generated extension or report pattern,"keep if cited, otherwise archive by domain"
dashboard/.next/static/chunks/03~yq9q893hmn.js,dashboard,.js,112594,generated extension or report pattern,"keep if cited, otherwise archive by domain"
dashboard/.next/static/chunks/04-ldfvsvcfag.css,dashboard,.css,156974,generated extension or report pattern,"keep if cited, otherwise archive by domain"
dashboard/.next/static/chunks/063l64ffbt9o3.js,dashboard,.js,263779,generated extension or report pattern,"keep if cited, otherwise archive by domain"
dashboard/.next/static/chunks/06za5ohidx-vd.js,dashboard,.js,15335,generated extension or report pattern,"keep if cited, otherwise archive by domain"
dashboard/.next/static/chunks/07b3---~xoe0n.js,dashboard,.js,28596,generated extension or report pattern,"keep if cited, otherwise archive by domain"
dashboard/.next/static/chunks/07pwycp.6ghcx.js,dashboard,.js,14590,generated extension or report pattern,"keep if cited, otherwise archive by domain"
dashboard/.next/static/chunks/0c86bwf.wf167.js,dashboard,.js,7837,generated extension or report pattern,"keep if cited, otherwise archive by domain"
dashboard/.next/static/chunks/0cw5kwmwdh06p.js,dashboard,.js,54715,generated extension or report pattern,"keep if cited, otherwise archive by domain"
dashboard/.next/static/chunks/0dsen4-v7y9rj.js,dashboard,.js,390683,generated extension or report pattern,"keep if cited, otherwise archive by domain"
dashboard/.next/static/chunks/0egkt5awp7~8j.js,dashboard,.js,190016,generated extension or report pattern,"keep if cited, otherwise archive by domain"
dashboard/.next/static/chunks/0fkiqc3x-shax.js,dashboard,.js,29949,generated extension or report pattern,"keep if cited, otherwise archive by domain"
dashboard/.next/static/chunks/0fy78gub0byw0.css,dashboard,.css,2111,generated extension or report pattern,"keep if cited, otherwise archive by domain"
dashboard/.next/static/chunks/0isgse.r9i17u.js,dashboard,.js,5060,generated extension or report pattern,"keep if cited, otherwise archive by domain"
dashboard/.next/static/chunks/0n4z.7yu76je-.js,dashboard,.js,54646,generated extension or report pattern,"keep if cited, otherwise archive by domain"
dashboard/.next/static/chunks/0nf73z5xz5.4r.js,dashboard,.js,390683,generated extension or report pattern,"keep if cited, otherwise archive by domain"
dashboard/.next/static/chunks/0p~cdk9z4t9st.js,dashboard,.js,49916,generated extension or report pattern,"keep if cited, otherwise archive by domain"
dashboard/.next/static/chunks/0q_8.tqs5n-zm.js,dashboard,.js,227537,generated extension or report pattern,"keep if cited, otherwise archive by domain"
dashboard/.next/static/chunks/0r4_lo3.crlxy.js,dashboard,.js,63905,generated extension or report pattern,"keep if cited, otherwise archive by domain"
dashboard/.next/static/chunks/0rn2njpqfi98n.js,dashboard,.js,37816,generated extension or report pattern,"keep if cited, otherwise archive by domain"
dashboard/.next/static/chunks/0tmg9vcbw.fm2.css,dashboard,.css,24383,generated extension or report pattern,"keep if cited, otherwise archive by domain"
dashboard/.next/static/chunks/0tsl40rmjrwbd.js,dashboard,.js,17374,generated extension or report pattern,"keep if cited, otherwise archive by domain"
dashboard/.next/static/chunks/0u7llgeix5xmj.js,dashboard,.js,460,generated extension or report pattern,"keep if cited, otherwise archive by domain"
dashboard/.next/static/chunks/0vgv6um5zc6v~.js,dashboard,.js,14268,generated extension or report pattern,"keep if cited, otherwise archive by domain"
dashboard/.next/static/chunks/0yviih0e4tgc3.js,dashboard,.js,28379,generated extension or report pattern,"keep if cited, otherwise archive by domain"
dashboard/.next/static/chunks/1164frm5c~kh-.js,dashboard,.js,4632,generated extension or report pattern,"keep if cited, otherwise archive by domain"
dashboard/.next/static/chunks/11mzrkliuoi~4.js,dashboard,.js,22232,generated extension or report pattern,"keep if cited, otherwise archive by domain"
dashboard/.next/static/chunks/14g7uoi7ajpw..js,dashboard,.js,52446,generated extension or report pattern,"keep if cited, otherwise archive by domain"
dashboard/.next/static/chunks/15pithoqa2z_6.js,dashboard,.js,23738,generated extension or report pattern,"keep if cited, otherwise archive by domain"
dashboard/.next/static/chunks/turbopack-0x3640y6~xk9f.js,dashboard,.js,10547,generated extension or report pattern,"keep if cited, otherwise archive by domain"
dashboard/.next/static/media/1bffadaabf893a1e-s.16ipb6fqu393i.woff2,dashboard,.woff2,85272,generated extension or report pattern,"keep if cited, otherwise archive by domain"
dashboard/.next/static/media/2bbe8d2671613f1f-s.067x_6k0k23tk.woff2,dashboard,.woff2,10280,generated extension or report pattern,"keep if cited, otherwise archive by domain"
dashboard/.next/static/media/2c55a0e60120577a-s.0bjc5tiuqdqro.woff2,dashboard,.woff2,25844,generated extension or report pattern,"keep if cited, otherwise archive by domain"
dashboard/.next/static/media/5476f68d60460930-s.0wxq9webf.ew4.woff2,dashboard,.woff2,19044,generated extension or report pattern,"keep if cited, otherwise archive by domain"
dashboard/.next/static/media/83afe278b6a6bb3c-s.p.0q-301v4kxxnr.woff2,dashboard,.woff2,48432,generated extension or report pattern,"keep if cited, otherwise archive by domain"
dashboard/.next/static/media/9c72aa0f40e4eef8-s.0m6w47a4e5dy9.woff2,dashboard,.woff2,18744,generated extension or report pattern,"keep if cited, otherwise archive by domain"
dashboard/.next/static/media/ad66f9afd8947f86-s.11u06r12fd6v_.woff2,dashboard,.woff2,11272,generated extension or report pattern,"keep if cited, otherwise archive by domain"
dashboard/.next/static/media/favicon.0x3dzn~oxb6tn.ico,dashboard,.ico,25931,generated extension or report pattern,"keep if cited, otherwise archive by domain"
dashboard/.next/static/media/KaTeX_AMS-Regular.0b~8ki5y928w2.woff,dashboard,.woff,33516,generated extension or report pattern,"keep if cited, otherwise archive by domain"
dashboard/.next/static/media/KaTeX_AMS-Regular.0p1vbqd84i2~o.woff2,dashboard,.woff2,28076,generated extension or report pattern,"keep if cited, otherwise archive by domain"
dashboard/.next/static/media/KaTeX_AMS-Regular.173t6ktr7uf-w.ttf,dashboard,.ttf,63632,generated extension or report pattern,"keep if cited, otherwise archive by domain"
dashboard/.next/static/media/KaTeX_Caligraphic-Bold.01-pzluls4zgb.woff2,dashboard,.woff2,6912,generated extension or report pattern,"keep if cited, otherwise archive by domain"
dashboard/.next/static/media/KaTeX_Caligraphic-Bold.0x2v1lwn~880f.woff,dashboard,.woff,7716,generated extension or report pattern,"keep if cited, otherwise archive by domain"
dashboard/.next/static/media/KaTeX_Caligraphic-Bold.16zv5fax0h0ka.ttf,dashboard,.ttf,12368,generated extension or report pattern,"keep if cited, otherwise archive by domain"
dashboard/.next/static/media/KaTeX_Caligraphic-Regular.02i3z7wig438t.ttf,dashboard,.ttf,12344,generated extension or report pattern,"keep if cited, otherwise archive by domain"
dashboard/.next/static/media/KaTeX_Caligraphic-Regular.0rysu1t-ncjq8.woff2,dashboard,.woff2,6908,generated extension or report pattern,"keep if cited, otherwise archive by domain"
dashboard/.next/static/media/KaTeX_Caligraphic-Regular.10927swgekwun.woff,dashboard,.woff,7656,generated extension or report pattern,"keep if cited, otherwise archive by domain"
dashboard/.next/static/media/KaTeX_Fraktur-Bold.0e-16u10iuyyf.woff,dashboard,.woff,13296,generated extension or report pattern,"keep if cited, otherwise archive by domain"
dashboard/.next/static/media/KaTeX_Fraktur-Bold.0et27v~3~4uhe.ttf,dashboard,.ttf,19584,generated extension or report pattern,"keep if cited, otherwise archive by domain"
dashboard/.next/static/media/KaTeX_Fraktur-Bold.0w23i72~hprpq.woff2,dashboard,.woff2,11348,generated extension or report pattern,"keep if cited, otherwise archive by domain"
dashboard/.next/static/media/KaTeX_Fraktur-Regular.0b.riegzdfue2.woff,dashboard,.woff,13208,generated extension or report pattern,"keep if cited, otherwise archive by domain"
dashboard/.next/static/media/KaTeX_Fraktur-Regular.0rekyoa-52fj_.woff2,dashboard,.woff2,11316,generated extension or report pattern,"keep if cited, otherwise archive by domain"
dashboard/.next/static/media/KaTeX_Fraktur-Regular.0vjwa15znhk~4.ttf,dashboard,.ttf,19572,generated extension or report pattern,"keep if cited, otherwise archive by domain"
dashboard/.next/static/media/KaTeX_Main-Bold.09i7~607shf-h.ttf,dashboard,.ttf,51336,generated extension or report pattern,"keep if cited, otherwise archive by domain"
dashboard/.next/static/media/KaTeX_Main-Bold.09lmynrorhcbw.woff,dashboard,.woff,29912,generated extension or report pattern,"keep if cited, otherwise archive by domain"
dashboard/.next/static/media/KaTeX_Main-Bold.16pfc63_du6mx.woff2,dashboard,.woff2,25324,generated extension or report pattern,"keep if cited, otherwise archive by domain"
dashboard/.next/static/media/KaTeX_Main-BoldItalic.0cp37g7x1q8h6.woff,dashboard,.woff,19412,generated extension or report pattern,"keep if cited, otherwise archive by domain"
dashboard/.next/static/media/KaTeX_Main-BoldItalic.0d54rk08rx11s.woff2,dashboard,.woff2,16780,generated extension or report pattern,"keep if cited, otherwise archive by domain"
dashboard/.next/static/media/KaTeX_Main-BoldItalic.15j6k~hix2t_0.ttf,dashboard,.ttf,32968,generated extension or report pattern,"keep if cited, otherwise archive by domain"
dashboard/.next/static/media/KaTeX_Main-Italic.0382gqciexmbu.woff,dashboard,.woff,19676,generated extension or report pattern,"keep if cited, otherwise archive by domain"
dashboard/.next/static/media/KaTeX_Main-Italic.06o5nq0_91v60.woff2,dashboard,.woff2,16988,generated extension or report pattern,"keep if cited, otherwise archive by domain"
dashboard/.next/static/media/KaTeX_Main-Italic.0su4i6mm18-wo.ttf,dashboard,.ttf,33580,generated extension or report pattern,"keep if cited, otherwise archive by domain"
dashboard/.next/static/media/KaTeX_Main-Regular.08zh8z.7shijf.ttf,dashboard,.ttf,53580,generated extension or report pattern,"keep if cited, otherwise archive by domain"
dashboard/.next/static/media/KaTeX_Main-Regular.0diheg01zyoph.woff,dashboard,.woff,30772,generated extension or report pattern,"keep if cited, otherwise archive by domain"
dashboard/.next/static/media/KaTeX_Main-Regular.0kaf-ag2_wkm-.woff2,dashboard,.woff2,26272,generated extension or report pattern,"keep if cited, otherwise archive by domain"
dashboard/.next/static/media/KaTeX_Math-BoldItalic.0ajzxypnbx1h1.ttf,dashboard,.ttf,31196,generated extension or report pattern,"keep if cited, otherwise archive by domain"
dashboard/.next/static/media/KaTeX_Math-BoldItalic.0ck1myuerwyqw.woff,dashboard,.woff,18668,generated extension or report pattern,"keep if cited, otherwise archive by domain"
dashboard/.next/static/media/KaTeX_Math-BoldItalic.0ja97dn.cpc87.woff2,dashboard,.woff2,16400,generated extension or report pattern,"keep if cited, otherwise archive by domain"
dashboard/.next/static/media/KaTeX_Math-Italic.09xkhecjcn5r9.woff,dashboard,.woff,18748,generated extension or report pattern,"keep if cited, otherwise archive by domain"
dashboard/.next/static/media/KaTeX_Math-Italic.0x23a-bmp-5tg.ttf,dashboard,.ttf,31308,generated extension or report pattern,"keep if cited, otherwise archive by domain"
dashboard/.next/static/media/KaTeX_Math-Italic.0zrha2c4sl2je.woff2,dashboard,.woff2,16440,generated extension or report pattern,"keep if cited, otherwise archive by domain"
dashboard/.next/static/media/KaTeX_SansSerif-Bold.05a9.pc1j_zx9.woff2,dashboard,.woff2,12216,generated extension or report pattern,"keep if cited, otherwise archive by domain"
dashboard/.next/static/media/KaTeX_SansSerif-Bold.0jcl-ayi1uun0.woff,dashboard,.woff,14408,generated extension or report pattern,"keep if cited, otherwise archive by domain"
dashboard/.next/static/media/KaTeX_SansSerif-Bold.0re8y.dm7.mt5.ttf,dashboard,.ttf,24504,generated extension or report pattern,"keep if cited, otherwise archive by domain"
dashboard/.next/static/media/KaTeX_SansSerif-Italic.0a0234dc3s62j.woff2,dashboard,.woff2,12028,generated extension or report pattern,"keep if cited, otherwise archive by domain"
dashboard/.next/static/media/KaTeX_SansSerif-Italic.0judofdln9731.woff,dashboard,.woff,14112,generated extension or report pattern,"keep if cited, otherwise archive by domain"
dashboard/.next/static/media/KaTeX_SansSerif-Italic.10z1iap9pfus8.ttf,dashboard,.ttf,22364,generated extension or report pattern,"keep if cited, otherwise archive by domain"
dashboard/.next/static/media/KaTeX_SansSerif-Regular.0h9yjlugq4q_e.woff,dashboard,.woff,12316,generated extension or report pattern,"keep if cited, otherwise archive by domain"
dashboard/.next/static/media/KaTeX_SansSerif-Regular.0v6gcj32-czft.woff2,dashboard,.woff2,10344,generated extension or report pattern,"keep if cited, otherwise archive by domain"
dashboard/.next/static/media/KaTeX_SansSerif-Regular.0zm18kga42ebc.ttf,dashboard,.ttf,19436,generated extension or report pattern,"keep if cited, otherwise archive by domain"
dashboard/.next/static/media/KaTeX_Script-Regular.0c4.h-mer83d_.woff2,dashboard,.woff2,9644,generated extension or report pattern,"keep if cited, otherwise archive by domain"
dashboard/.next/static/media/KaTeX_Script-Regular.0q14y6zkzlpob.ttf,dashboard,.ttf,16648,generated extension or report pattern,"keep if cited, otherwise archive by domain"
dashboard/.next/static/media/KaTeX_Script-Regular.0ze6v4r_-99oy.woff,dashboard,.woff,10588,generated extension or report pattern,"keep if cited, otherwise archive by domain"
dashboard/.next/static/media/KaTeX_Size1-Regular.013x6a4ierotp.woff2,dashboard,.woff2,5468,generated extension or report pattern,"keep if cited, otherwise archive by domain"
dashboard/.next/static/media/KaTeX_Size1-Regular.0kidw0oi.m68o.woff,dashboard,.woff,6496,generated extension or report pattern,"keep if cited, otherwise archive by domain"
dashboard/.next/static/media/KaTeX_Size1-Regular.0m6y-i6wfokni.ttf,dashboard,.ttf,12228,generated extension or report pattern,"keep if cited, otherwise archive by domain"
dashboard/.next/static/media/KaTeX_Size2-Regular.0blpmluwilgbg.woff,dashboard,.woff,6188,generated extension or report pattern,"keep if cited, otherwise archive by domain"
dashboard/.next/static/media/KaTeX_Size2-Regular.0d5inmyp-tyv3.woff2,dashboard,.woff2,5208,generated extension or report pattern,"keep if cited, otherwise archive by domain"
dashboard/.next/static/media/KaTeX_Size2-Regular.0wnhnvj-.k9d5.ttf,dashboard,.ttf,11508,generated extension or report pattern,"keep if cited, otherwise archive by domain"
dashboard/.next/static/media/KaTeX_Size3-Regular.01h0xm_sfctj3.woff,dashboard,.woff,4420,generated extension or report pattern,"keep if cited, otherwise archive by domain"
dashboard/.next/static/media/KaTeX_Size3-Regular.0iukctyhw5j56.woff2,dashboard,.woff2,3624,generated extension or report pattern,"keep if cited, otherwise archive by domain"
dashboard/.next/static/media/KaTeX_Size3-Regular.0jl8mqyf4gzpn.ttf,dashboard,.ttf,7588,generated extension or report pattern,"keep if cited, otherwise archive by domain"
dashboard/.next/static/media/KaTeX_Size4-Regular.0w3.rb_c4stzk.woff2,dashboard,.woff2,4928,generated extension or report pattern,"keep if cited, otherwise archive by domain"
dashboard/.next/static/media/KaTeX_Size4-Regular.0wr_9l81-mu06.ttf,dashboard,.ttf,10364,generated extension or report pattern,"keep if cited, otherwise archive by domain"
dashboard/.next/static/media/KaTeX_Size4-Regular.12tvaesf3.zl3.woff,dashboard,.woff,5980,generated extension or report pattern,"keep if cited, otherwise archive by domain"
dashboard/.next/static/media/KaTeX_Typewriter-Regular.0c4zdxz~8frhm.woff2,dashboard,.woff2,13568,generated extension or report pattern,"keep if cited, otherwise archive by domain"
dashboard/.next/static/media/KaTeX_Typewriter-Regular.0cgrzn5l3kao5.woff,dashboard,.woff,16028,generated extension or report pattern,"keep if cited, otherwise archive by domain"
dashboard/.next/static/media/KaTeX_Typewriter-Regular.128~qc3858otl.ttf,dashboard,.ttf,27556,generated extension or report pattern,"keep if cited, otherwise archive by domain"
dashboard/public/artifacts/baselines/baseline_index.json,dashboard,.json,182,artifact/result/report folder,"keep if cited, otherwise archive by domain"
dashboard/public/artifacts/baselines/massive_sweep_2026-05-20T23-02-23Z.json,dashboard,.json,10840,artifact/result/report folder,"keep if cited, otherwise archive by domain"
dashboard/public/artifacts/benchmarks/benchmark_results.json,dashboard,.json,243,artifact/result/report folder,"keep if cited, otherwise archive by domain"
dashboard/public/artifacts/discoveries/adversarial_audit_report.json,dashboard,.json,34831,artifact/result/report folder,"keep if cited, otherwise archive by domain"
dashboard/public/artifacts/discoveries/adversarial_scientific_audit_report.json,dashboard,.json,2395190,artifact/result/report folder,"keep if cited, otherwise archive by domain"
dashboard/public/artifacts/discoveries/causal_ablation_report.json,dashboard,.json,10424,artifact/result/report folder,"keep if cited, otherwise archive by domain"
dashboard/public/artifacts/discoveries/causal_continuity_report.json,dashboard,.json,7958,artifact/result/report folder,"keep if cited, otherwise archive by domain"
dashboard/public/artifacts/discoveries/causal_validation_report.json,dashboard,.json,8691,artifact/result/report folder,"keep if cited, otherwise archive by domain"
dashboard/public/artifacts/discoveries/cross_system_generalization_report.json,dashboard,.json,12295,artifact/result/report folder,"keep if cited, otherwise archive by domain"
dashboard/public/artifacts/discoveries/dataset_bias_elimination_report.json,dashboard,.json,1365,artifact/result/report folder,"keep if cited, otherwise archive by domain"
dashboard/public/artifacts/discoveries/dynamic_discrimination_report.json,dashboard,.json,9430,artifact/result/report folder,"keep if cited, otherwise archive by domain"
dashboard/public/artifacts/discoveries/embedding_intrinsic_stability_report.json,dashboard,.json,7196,artifact/result/report folder,"keep if cited, otherwise archive by domain"
dashboard/public/artifacts/discoveries/epistemological_validity_report.json,dashboard,.json,6820,artifact/result/report folder,"keep if cited, otherwise archive by domain"
dashboard/public/artifacts/discoveries/hyperparameter_stability_report.json,dashboard,.json,30772,artifact/result/report folder,"keep if cited, otherwise archive by domain"
dashboard/public/artifacts/discoveries/manifold_diagnosis_report.json,dashboard,.json,34222,artifact/result/report folder,"keep if cited, otherwise archive by domain"
dashboard/public/artifacts/discoveries/massive_sweep_report.json,dashboard,.json,10840,artifact/result/report folder,"keep if cited, otherwise archive by domain"
dashboard/public/artifacts/discoveries/mit_bih_bifurcated_report.json,dashboard,.json,7181,artifact/result/report folder,"keep if cited, otherwise archive by domain"
dashboard/public/artifacts/discoveries/noise_robustness_report.json,dashboard,.json,2920,artifact/result/report folder,"keep if cited, otherwise archive by domain"
dashboard/public/artifacts/discoveries/physionet_empirical_report.json,dashboard,.json,6027,artifact/result/report folder,"keep if cited, otherwise archive by domain"
dashboard/public/artifacts/discoveries/raw_embedding_robustness_report.json,dashboard,.json,8168,artifact/result/report folder,"keep if cited, otherwise archive by domain"
dashboard/public/artifacts/discoveries/reproducibility_report.json,dashboard,.json,9583,artifact/result/report folder,"keep if cited, otherwise archive by domain"
dashboard/public/artifacts/discoveries/scientific_regression_report.json,dashboard,.json,2255,artifact/result/report folder,"keep if cited, otherwise archive by domain"
dashboard/public/artifacts/discoveries/strict_leakage_audit_report.json,dashboard,.json,1452,artifact/result/report folder,"keep if cited, otherwise archive by domain"
dashboard/public/artifacts/discoveries/structural_invariance_report.json,dashboard,.json,19980,artifact/result/report folder,"keep if cited, otherwise archive by domain"
dashboard/public/artifacts/embeddings/latent_embeddings.json,dashboard,.json,23136,artifact/result/report folder,"keep if cited, otherwise archive by domain"
dashboard/public/artifacts/embeddings/manifold_snapshots.json,dashboard,.json,2553369,artifact/result/report folder,"keep if cited, otherwise archive by domain"
dashboard/public/artifacts/experiments/pipeline_state.json,dashboard,.json,649,artifact/result/report folder,"keep if cited, otherwise archive by domain"
dashboard/public/artifacts/history/history_index.json,dashboard,.json,2749,artifact/result/report folder,"keep if cited, otherwise archive by domain"
dashboard/public/artifacts/history/massive_sweep_2026-05-20T22-56-14Z.json,dashboard,.json,10840,artifact/result/report folder,"keep if cited, otherwise archive by domain"
dashboard/public/artifacts/history/massive_sweep_2026-05-20T23-02-23Z.json,dashboard,.json,10840,artifact/result/report folder,"keep if cited, otherwise archive by domain"
dashboard/public/artifacts/history/massive_sweep_2026-05-21T09-54-05Z.json,dashboard,.json,10840,artifact/result/report folder,"keep if cited, otherwise archive by domain"
dashboard/public/artifacts/history/massive_sweep_2026-05-21T10-02-11Z.json,dashboard,.json,10840,artifact/result/report folder,"keep if cited, otherwise archive by domain"
dashboard/public/artifacts/history/massive_sweep_2026-05-21T10-09-25Z.json,dashboard,.json,10840,artifact/result/report folder,"keep if cited, otherwise archive by domain"
dashboard/public/artifacts/sessions/lorenz.json,dashboard,.json,5167,artifact/result/report folder,"keep if cited, otherwise archive by domain"
dashboard/public/artifacts/sessions/lorenz_isolation_noise0_seed42.json,dashboard,.json,5210,artifact/result/report folder,"keep if cited, otherwise archive by domain"
dashboard/public/artifacts/sessions/lorenz_isolation_noise1_seed42.json,dashboard,.json,2750,artifact/result/report folder,"keep if cited, otherwise archive by domain"
dashboard/public/artifacts/sessions/lorenz_noise_0.0.json,dashboard,.json,5177,artifact/result/report folder,"keep if cited, otherwise archive by domain"
dashboard/public/artifacts/sessions/lorenz_noise_0.0000_seed_1337.json,dashboard,.json,2699,artifact/result/report folder,"keep if cited, otherwise archive by domain"
dashboard/public/artifacts/sessions/lorenz_noise_0.0000_seed_42.json,dashboard,.json,2696,artifact/result/report folder,"keep if cited, otherwise archive by domain"
dashboard/public/artifacts/sessions/lorenz_noise_0.0000_seed_9001.json,dashboard,.json,2699,artifact/result/report folder,"keep if cited, otherwise archive by domain"
dashboard/public/artifacts/sessions/lorenz_noise_0.2.json,dashboard,.json,5199,artifact/result/report folder,"keep if cited, otherwise archive by domain"
dashboard/public/artifacts/sessions/lorenz_noise_0.2222_seed_1337.json,dashboard,.json,2715,artifact/result/report folder,"keep if cited, otherwise archive by domain"
dashboard/public/artifacts/sessions/lorenz_noise_0.2222_seed_42.json,dashboard,.json,2700,artifact/result/report folder,"keep if cited, otherwise archive by domain"
dashboard/public/artifacts/sessions/lorenz_noise_0.2222_seed_9001.json,dashboard,.json,2706,artifact/result/report folder,"keep if cited, otherwise archive by domain"
dashboard/public/artifacts/sessions/lorenz_noise_0.2500_seed_42.json,dashboard,.json,5235,artifact/result/report folder,"keep if cited, otherwise archive by domain"
dashboard/public/artifacts/sessions/lorenz_noise_0.4444_seed_1337.json,dashboard,.json,2714,artifact/result/report folder,"keep if cited, otherwise archive by domain"
dashboard/public/artifacts/sessions/lorenz_noise_0.4444_seed_42.json,dashboard,.json,2705,artifact/result/report folder,"keep if cited, otherwise archive by domain"
dashboard/public/artifacts/sessions/lorenz_noise_0.4444_seed_9001.json,dashboard,.json,2703,artifact/result/report folder,"keep if cited, otherwise archive by domain"
dashboard/public/artifacts/sessions/lorenz_noise_0.5.json,dashboard,.json,5205,artifact/result/report folder,"keep if cited, otherwise archive by domain"
dashboard/public/artifacts/sessions/lorenz_noise_0.5000_seed_42.json,dashboard,.json,5194,artifact/result/report folder,"keep if cited, otherwise archive by domain"
dashboard/public/artifacts/sessions/lorenz_noise_0.6667_seed_1337.json,dashboard,.json,2716,artifact/result/report folder,"keep if cited, otherwise archive by domain"
dashboard/public/artifacts/sessions/lorenz_noise_0.6667_seed_42.json,dashboard,.json,2711,artifact/result/report folder,"keep if cited, otherwise archive by domain"
dashboard/public/artifacts/sessions/lorenz_noise_0.6667_seed_9001.json,dashboard,.json,2714,artifact/result/report folder,"keep if cited, otherwise archive by domain"
dashboard/public/artifacts/sessions/lorenz_noise_0.7500_seed_42.json,dashboard,.json,5195,artifact/result/report folder,"keep if cited, otherwise archive by domain"
dashboard/public/artifacts/sessions/lorenz_noise_0.8889_seed_1337.json,dashboard,.json,2719,artifact/result/report folder,"keep if cited, otherwise archive by domain"
dashboard/public/artifacts/sessions/lorenz_noise_0.8889_seed_42.json,dashboard,.json,2715,artifact/result/report folder,"keep if cited, otherwise archive by domain"
dashboard/public/artifacts/sessions/lorenz_noise_0.8889_seed_9001.json,dashboard,.json,2716,artifact/result/report folder,"keep if cited, otherwise archive by domain"
dashboard/public/artifacts/sessions/lorenz_noise_1.0000_seed_42.json,dashboard,.json,5235,artifact/result/report folder,"keep if cited, otherwise archive by domain"
dashboard/public/artifacts/sessions/lorenz_noise_1.1111_seed_1337.json,dashboard,.json,2718,artifact/result/report folder,"keep if cited, otherwise archive by domain"
dashboard/public/artifacts/sessions/lorenz_noise_1.1111_seed_1337_debug.json,dashboard,.json,3071,artifact/result/report folder,"keep if cited, otherwise archive by domain"
dashboard/public/artifacts/sessions/lorenz_noise_1.1111_seed_42.json,dashboard,.json,2716,artifact/result/report folder,"keep if cited, otherwise archive by domain"
dashboard/public/artifacts/sessions/lorenz_noise_1.1111_seed_9001.json,dashboard,.json,2718,artifact/result/report folder,"keep if cited, otherwise archive by domain"
dashboard/public/artifacts/sessions/lorenz_noise_1.3333_seed_1337.json,dashboard,.json,2722,artifact/result/report folder,"keep if cited, otherwise archive by domain"
dashboard/public/artifacts/sessions/lorenz_noise_1.3333_seed_42.json,dashboard,.json,2714,artifact/result/report folder,"keep if cited, otherwise archive by domain"
dashboard/public/artifacts/sessions/lorenz_noise_1.3333_seed_9001.json,dashboard,.json,2721,artifact/result/report folder,"keep if cited, otherwise archive by domain"
dashboard/public/artifacts/sessions/lorenz_noise_1.5556_seed_1337.json,dashboard,.json,2718,artifact/result/report folder,"keep if cited, otherwise archive by domain"
dashboard/public/artifacts/sessions/lorenz_noise_1.5556_seed_42.json,dashboard,.json,2715,artifact/result/report folder,"keep if cited, otherwise archive by domain"
dashboard/public/artifacts/sessions/lorenz_noise_1.5556_seed_9001.json,dashboard,.json,2718,artifact/result/report folder,"keep if cited, otherwise archive by domain"
dashboard/public/artifacts/sessions/lorenz_noise_1.7778_seed_1337.json,dashboard,.json,2718,artifact/result/report folder,"keep if cited, otherwise archive by domain"
dashboard/public/artifacts/sessions/lorenz_noise_1.7778_seed_42.json,dashboard,.json,2715,artifact/result/report folder,"keep if cited, otherwise archive by domain"
dashboard/public/artifacts/sessions/lorenz_noise_1.7778_seed_9001.json,dashboard,.json,2716,artifact/result/report folder,"keep if cited, otherwise archive by domain"
dashboard/public/artifacts/sessions/lorenz_noise_2.0000_seed_1337.json,dashboard,.json,2717,artifact/result/report folder,"keep if cited, otherwise archive by domain"
dashboard/public/artifacts/sessions/lorenz_noise_2.0000_seed_42.json,dashboard,.json,2712,artifact/result/report folder,"keep if cited, otherwise archive by domain"
dashboard/public/artifacts/sessions/lorenz_noise_2.0000_seed_9001.json,dashboard,.json,2717,artifact/result/report folder,"keep if cited, otherwise archive by domain"
dashboard/public/artifacts/sessions/rossler_noise_0.0000_seed_1337.json,dashboard,.json,2710,artifact/result/report folder,"keep if cited, otherwise archive by domain"
dashboard/public/artifacts/sessions/rossler_noise_0.0000_seed_42.json,dashboard,.json,2704,artifact/result/report folder,"keep if cited, otherwise archive by domain"
dashboard/public/artifacts/sessions/rossler_noise_0.0000_seed_9001.json,dashboard,.json,2707,artifact/result/report folder,"keep if cited, otherwise archive by domain"
dashboard/public/artifacts/sessions/rossler_noise_0.2222_seed_1337.json,dashboard,.json,2712,artifact/result/report folder,"keep if cited, otherwise archive by domain"
dashboard/public/artifacts/sessions/rossler_noise_0.2222_seed_42.json,dashboard,.json,2708,artifact/result/report folder,"keep if cited, otherwise archive by domain"
dashboard/public/artifacts/sessions/rossler_noise_0.2222_seed_9001.json,dashboard,.json,2717,artifact/result/report folder,"keep if cited, otherwise archive by domain"
dashboard/public/artifacts/sessions/rossler_noise_0.2500_seed_42.json,dashboard,.json,5196,artifact/result/report folder,"keep if cited, otherwise archive by domain"
dashboard/public/artifacts/sessions/rossler_noise_0.4444_seed_1337.json,dashboard,.json,2717,artifact/result/report folder,"keep if cited, otherwise archive by domain"
dashboard/public/artifacts/sessions/rossler_noise_0.4444_seed_42.json,dashboard,.json,2708,artifact/result/report folder,"keep if cited, otherwise archive by domain"
dashboard/public/artifacts/sessions/rossler_noise_0.4444_seed_9001.json,dashboard,.json,2713,artifact/result/report folder,"keep if cited, otherwise archive by domain"
dashboard/public/artifacts/sessions/rossler_noise_0.5000_seed_42.json,dashboard,.json,5194,artifact/result/report folder,"keep if cited, otherwise archive by domain"
dashboard/public/artifacts/sessions/rossler_noise_0.6667_seed_1337.json,dashboard,.json,2713,artifact/result/report folder,"keep if cited, otherwise archive by domain"
dashboard/public/artifacts/sessions/rossler_noise_0.6667_seed_42.json,dashboard,.json,2711,artifact/result/report folder,"keep if cited, otherwise archive by domain"
dashboard/public/artifacts/sessions/rossler_noise_0.6667_seed_9001.json,dashboard,.json,2712,artifact/result/report folder,"keep if cited, otherwise archive by domain"
dashboard/public/artifacts/sessions/rossler_noise_0.7500_seed_42.json,dashboard,.json,5196,artifact/result/report folder,"keep if cited, otherwise archive by domain"
dashboard/public/artifacts/sessions/rossler_noise_0.8889_seed_1337.json,dashboard,.json,2713,artifact/result/report folder,"keep if cited, otherwise archive by domain"
dashboard/public/artifacts/sessions/rossler_noise_0.8889_seed_42.json,dashboard,.json,2712,artifact/result/report folder,"keep if cited, otherwise archive by domain"
dashboard/public/artifacts/sessions/rossler_noise_0.8889_seed_9001.json,dashboard,.json,2713,artifact/result/report folder,"keep if cited, otherwise archive by domain"
dashboard/public/artifacts/sessions/rossler_noise_1.0000_seed_42.json,dashboard,.json,5236,artifact/result/report folder,"keep if cited, otherwise archive by domain"
dashboard/public/artifacts/sessions/rossler_noise_1.1111_seed_1337.json,dashboard,.json,2715,artifact/result/report folder,"keep if cited, otherwise archive by domain"
dashboard/public/artifacts/sessions/rossler_noise_1.1111_seed_42.json,dashboard,.json,2711,artifact/result/report folder,"keep if cited, otherwise archive by domain"
dashboard/public/artifacts/sessions/rossler_noise_1.1111_seed_9001.json,dashboard,.json,2714,artifact/result/report folder,"keep if cited, otherwise archive by domain"
dashboard/public/artifacts/sessions/rossler_noise_1.3333_seed_1337.json,dashboard,.json,2718,artifact/result/report folder,"keep if cited, otherwise archive by domain"
dashboard/public/artifacts/sessions/rossler_noise_1.3333_seed_42.json,dashboard,.json,2713,artifact/result/report folder,"keep if cited, otherwise archive by domain"
dashboard/public/artifacts/sessions/rossler_noise_1.3333_seed_9001.json,dashboard,.json,2720,artifact/result/report folder,"keep if cited, otherwise archive by domain"
dashboard/public/artifacts/sessions/rossler_noise_1.5556_seed_1337.json,dashboard,.json,2719,artifact/result/report folder,"keep if cited, otherwise archive by domain"
dashboard/public/artifacts/sessions/rossler_noise_1.5556_seed_42.json,dashboard,.json,2712,artifact/result/report folder,"keep if cited, otherwise archive by domain"
dashboard/public/artifacts/sessions/rossler_noise_1.5556_seed_9001.json,dashboard,.json,2716,artifact/result/report folder,"keep if cited, otherwise archive by domain"
dashboard/public/artifacts/sessions/rossler_noise_1.7778_seed_1337.json,dashboard,.json,2718,artifact/result/report folder,"keep if cited, otherwise archive by domain"
dashboard/public/artifacts/sessions/rossler_noise_1.7778_seed_42.json,dashboard,.json,2714,artifact/result/report folder,"keep if cited, otherwise archive by domain"
dashboard/public/artifacts/sessions/rossler_noise_1.7778_seed_9001.json,dashboard,.json,2717,artifact/result/report folder,"keep if cited, otherwise archive by domain"
dashboard/public/artifacts/sessions/rossler_noise_2.0000_seed_1337.json,dashboard,.json,2717,artifact/result/report folder,"keep if cited, otherwise archive by domain"
dashboard/public/artifacts/sessions/rossler_noise_2.0000_seed_42.json,dashboard,.json,2715,artifact/result/report folder,"keep if cited, otherwise archive by domain"
dashboard/public/artifacts/sessions/rossler_noise_2.0000_seed_9001.json,dashboard,.json,2714,artifact/result/report folder,"keep if cited, otherwise archive by domain"
dashboard/public/artifacts/sessions/smoke_test.json,dashboard,.json,2669,artifact/result/report folder,"keep if cited, otherwise archive by domain"
dashboard/public/artifacts/sessions/test_graph.json,dashboard,.json,3014,artifact/result/report folder,"keep if cited, otherwise archive by domain"
dashboard/public/artifacts/sessions/test_phase6_pipeline.json,dashboard,.json,2688,artifact/result/report folder,"keep if cited, otherwise archive by domain"
dashboard/public/artifacts/sessions/VerificationExperiment.json,dashboard,.json,5931,artifact/result/report folder,"keep if cited, otherwise archive by domain"
dashboard/public/artifacts/telemetry/lorenz_telemetry.json,dashboard,.json,19048,artifact/result/report folder,"keep if cited, otherwise archive by domain"
dashboard/public/artifacts/sessions/experiment_001/benchmark.json,dashboard,.json,383,artifact/result/report folder,"keep if cited, otherwise archive by domain"
dashboard/public/artifacts/sessions/experiment_001/embeddings.json,dashboard,.json,522,artifact/result/report folder,"keep if cited, otherwise archive by domain"
dashboard/public/artifacts/sessions/experiment_001/logs.json,dashboard,.json,1077,artifact/result/report folder,"keep if cited, otherwise archive by domain"
dashboard/public/artifacts/sessions/experiment_001/metadata.json,dashboard,.json,542,artifact/result/report folder,"keep if cited, otherwise archive by domain"
dashboard/public/artifacts/sessions/experiment_001/telemetry.json,dashboard,.json,826,artifact/result/report folder,"keep if cited, otherwise archive by domain"
dashboard/public/artifacts/sessions/experiment_002/benchmark.json,dashboard,.json,383,artifact/result/report folder,"keep if cited, otherwise archive by domain"
dashboard/public/artifacts/sessions/experiment_002/embeddings.json,dashboard,.json,522,artifact/result/report folder,"keep if cited, otherwise archive by domain"
dashboard/public/artifacts/sessions/experiment_002/logs.json,dashboard,.json,1317,artifact/result/report folder,"keep if cited, otherwise archive by domain"
dashboard/public/artifacts/sessions/experiment_002/metadata.json,dashboard,.json,594,artifact/result/report folder,"keep if cited, otherwise archive by domain"
dashboard/public/artifacts/sessions/experiment_002/telemetry.json,dashboard,.json,829,artifact/result/report folder,"keep if cited, otherwise archive by domain"
outputs/20260601_181428_DVRFa6/checkpoint.pkl,outputs,.pkl,202091,artifact/result/report folder,"keep if cited, otherwise archive by domain"
outputs/20260601_181428_DVRFa6/hall_of_fame.csv,outputs,.csv,244,artifact/result/report folder,"keep if cited, otherwise archive by domain"
outputs/20260601_181428_DVRFa6/hall_of_fame.csv.bak,outputs,.bak,244,artifact/result/report folder,"keep if cited, otherwise archive by domain"
outputs/20260601_183744_cUWRpJ/checkpoint.pkl,outputs,.pkl,218538,artifact/result/report folder,"keep if cited, otherwise archive by domain"
outputs/20260601_183744_cUWRpJ/hall_of_fame.csv,outputs,.csv,326,artifact/result/report folder,"keep if cited, otherwise archive by domain"
outputs/20260601_183744_cUWRpJ/hall_of_fame.csv.bak,outputs,.bak,326,artifact/result/report folder,"keep if cited, otherwise archive by domain"
papers/system/representation_aware_system_identification.log,papers,.log,20372,generated extension or report pattern,"keep if cited, otherwise archive by domain"
physics/artifacts/ablation_report.md,physics,.md,2588,artifact/result/report folder,"keep if cited, otherwise archive by domain"
physics/artifacts/ablation_results.csv,physics,.csv,34393,artifact/result/report folder,"keep if cited, otherwise archive by domain"
physics/artifacts/ablation_summary.csv,physics,.csv,626,artifact/result/report folder,"keep if cited, otherwise archive by domain"
physics/artifacts/adversarial_validation_dataset.json,physics,.json,12611,artifact/result/report folder,"keep if cited, otherwise archive by domain"
physics/artifacts/adversarial_validation_metrics.json,physics,.json,2309,artifact/result/report folder,"keep if cited, otherwise archive by domain"
physics/artifacts/adversarial_validation_report.md,physics,.md,1538,artifact/result/report folder,"keep if cited, otherwise archive by domain"
physics/artifacts/adversarial_validation_summary.md,physics,.md,603,artifact/result/report folder,"keep if cited, otherwise archive by domain"
physics/artifacts/agent_specialization_report.md,physics,.md,296,artifact/result/report folder,"keep if cited, otherwise archive by domain"
physics/artifacts/autonomous_cycle_benchmark.json,physics,.json,16791,artifact/result/report folder,"keep if cited, otherwise archive by domain"
physics/artifacts/autonomous_cycle_benchmark.md,physics,.md,249,artifact/result/report folder,"keep if cited, otherwise archive by domain"
physics/artifacts/autonomous_cycle_candidates.json,physics,.json,14433,artifact/result/report folder,"keep if cited, otherwise archive by domain"
physics/artifacts/autonomous_cycle_execution_results.json,physics,.json,29542,artifact/result/report folder,"keep if cited, otherwise archive by domain"
physics/artifacts/autonomous_cycle_memory_update.json,physics,.json,76,artifact/result/report folder,"keep if cited, otherwise archive by domain"
physics/artifacts/autonomous_cycle_meta_update.json,physics,.json,149,artifact/result/report folder,"keep if cited, otherwise archive by domain"
physics/artifacts/autonomous_cycle_metrics.json,physics,.json,774,artifact/result/report folder,"keep if cited, otherwise archive by domain"
physics/artifacts/autonomous_cycle_prevalidation.json,physics,.json,18763,artifact/result/report folder,"keep if cited, otherwise archive by domain"
physics/artifacts/autonomous_cycle_protocols.json,physics,.json,29802,artifact/result/report folder,"keep if cited, otherwise archive by domain"
physics/artifacts/autonomous_cycle_ranking.json,physics,.json,17009,artifact/result/report folder,"keep if cited, otherwise archive by domain"
physics/artifacts/autonomous_cycle_report.md,physics,.md,582,artifact/result/report folder,"keep if cited, otherwise archive by domain"
physics/artifacts/autonomous_session.json,physics,.json,7520,artifact/result/report folder,"keep if cited, otherwise archive by domain"
physics/artifacts/benchmark_accuracy_time.png,physics,.png,44612,artifact/result/report folder,"keep if cited, otherwise archive by domain"
physics/artifacts/benchmark_report.md,physics,.md,5999,artifact/result/report folder,"keep if cited, otherwise archive by domain"
physics/artifacts/benchmark_results.csv,physics,.csv,4266,artifact/result/report folder,"keep if cited, otherwise archive by domain"
physics/artifacts/benchmark_results.json,physics,.json,300,artifact/result/report folder,"keep if cited, otherwise archive by domain"
physics/artifacts/bias_knockoff_filter.csv,physics,.csv,444,artifact/result/report folder,"keep if cited, otherwise archive by domain"
physics/artifacts/bias_leakage_scan.csv,physics,.csv,1186,artifact/result/report folder,"keep if cited, otherwise archive by domain"
physics/artifacts/bias_report.md,physics,.md,643,artifact/result/report folder,"keep if cited, otherwise archive by domain"
physics/artifacts/bias_report.tagged.md,physics,.md,643,artifact/result/report folder,"keep if cited, otherwise archive by domain"
physics/artifacts/bias_spurious_correlations.csv,physics,.csv,328,artifact/result/report folder,"keep if cited, otherwise archive by domain"
physics/artifacts/blind_benchmark_metrics.json,physics,.json,369,artifact/result/report folder,"keep if cited, otherwise archive by domain"
physics/artifacts/blind_benchmark_report.md,physics,.md,562,artifact/result/report folder,"keep if cited, otherwise archive by domain"
physics/artifacts/blind_benchmark_summary.json,physics,.json,2452,artifact/result/report folder,"keep if cited, otherwise archive by domain"
physics/artifacts/bootstrap_results.json,physics,.json,58344,artifact/result/report folder,"keep if cited, otherwise archive by domain"
physics/artifacts/claim_level_report.md,physics,.md,348,artifact/result/report folder,"keep if cited, otherwise archive by domain"
physics/artifacts/continuity_significance_audit.json,physics,.json,763,artifact/result/report folder,"keep if cited, otherwise archive by domain"
physics/artifacts/correlated_features.json,physics,.json,272,artifact/result/report folder,"keep if cited, otherwise archive by domain"
physics/artifacts/cross_domain_report.md,physics,.md,354,artifact/result/report folder,"keep if cited, otherwise archive by domain"
physics/artifacts/cross_domain_results.json,physics,.json,1253,artifact/result/report folder,"keep if cited, otherwise archive by domain"
physics/artifacts/curvature_clusters.png,physics,.png,385685,artifact/result/report folder,"keep if cited, otherwise archive by domain"
physics/artifacts/deep_cka_comparison.json,physics,.json,849,artifact/result/report folder,"keep if cited, otherwise archive by domain"
physics/artifacts/deformation_flow_pca.png,physics,.png,1460126,artifact/result/report folder,"keep if cited, otherwise archive by domain"
physics/artifacts/deformation_flow_projection.json,physics,.json,680789,artifact/result/report folder,"keep if cited, otherwise archive by domain"
physics/artifacts/deformation_flow_velocity.png,physics,.png,159978,artifact/result/report folder,"keep if cited, otherwise archive by domain"
physics/artifacts/discovery_benchmark_report.json,physics,.json,1665,artifact/result/report folder,"keep if cited, otherwise archive by domain"
physics/artifacts/discovery_duffing_sindy.json,physics,.json,675,artifact/result/report folder,"keep if cited, otherwise archive by domain"
physics/artifacts/discovery_logistic_pysr.json,physics,.json,575,artifact/result/report folder,"keep if cited, otherwise archive by domain"
physics/artifacts/discovery_logistic_sindy.json,physics,.json,383,artifact/result/report folder,"keep if cited, otherwise archive by domain"
physics/artifacts/discovery_lorenz_sindy.json,physics,.json,606,artifact/result/report folder,"keep if cited, otherwise archive by domain"
physics/artifacts/discovery_report.md,physics,.md,1807,artifact/result/report folder,"keep if cited, otherwise archive by domain"
physics/artifacts/discovery_rossler_sindy.json,physics,.json,546,artifact/result/report folder,"keep if cited, otherwise archive by domain"
physics/artifacts/discovery_van_der_pol_sindy.json,physics,.json,439,artifact/result/report folder,"keep if cited, otherwise archive by domain"
physics/artifacts/domain_adaptation_report.md,physics,.md,595,artifact/result/report folder,"keep if cited, otherwise archive by domain"
physics/artifacts/domain_adaptation_results.json,physics,.json,2,artifact/result/report folder,"keep if cited, otherwise archive by domain"
physics/artifacts/duffing_oscillator_signature_v2.json,physics,.json,324,artifact/result/report folder,"keep if cited, otherwise archive by domain"
physics/artifacts/duffing_signature.json,physics,.json,129,artifact/result/report folder,"keep if cited, otherwise archive by domain"
physics/artifacts/epistemic_calibration_metrics.json,physics,.json,5080,artifact/result/report folder,"keep if cited, otherwise archive by domain"
physics/artifacts/epistemic_calibration_report.md,physics,.md,1762,artifact/result/report folder,"keep if cited, otherwise archive by domain"
physics/artifacts/epistemic_calibration_summary.md,physics,.md,450,artifact/result/report folder,"keep if cited, otherwise archive by domain"
physics/artifacts/epistemic_hardening_metrics.json,physics,.json,13680,artifact/result/report folder,"keep if cited, otherwise archive by domain"
physics/artifacts/epistemic_hardening_report.md,physics,.md,1651,artifact/result/report folder,"keep if cited, otherwise archive by domain"
physics/artifacts/epistemic_hardening_summary.md,physics,.md,457,artifact/result/report folder,"keep if cited, otherwise archive by domain"
physics/artifacts/epistemic_recommendations.json,physics,.json,384,artifact/result/report folder,"keep if cited, otherwise archive by domain"
physics/artifacts/experiments.db,physics,.db,12288,artifact/result/report folder,"keep if cited, otherwise archive by domain"
physics/artifacts/experiment_cache.db,physics,.db,266240,artifact/result/report folder,"keep if cited, otherwise archive by domain"
physics/artifacts/expert_review_hypotheses.json,physics,.json,250,artifact/result/report folder,"keep if cited, otherwise archive by domain"
physics/artifacts/expert_validation_report.md,physics,.md,830,artifact/result/report folder,"keep if cited, otherwise archive by domain"
physics/artifacts/failure_mode_analysis.json,physics,.json,373,artifact/result/report folder,"keep if cited, otherwise archive by domain"
physics/artifacts/falsification_001_results.json,physics,.json,147,artifact/result/report folder,"keep if cited, otherwise archive by domain"
physics/artifacts/falsification_002_results.json,physics,.json,136,artifact/result/report folder,"keep if cited, otherwise archive by domain"
physics/artifacts/feature_importance_mi.json,physics,.json,3034,artifact/result/report folder,"keep if cited, otherwise archive by domain"
physics/artifacts/feature_importance_shap.json,physics,.json,3271,artifact/result/report folder,"keep if cited, otherwise archive by domain"
physics/artifacts/final_scientific_assessment.json,physics,.json,368,artifact/result/report folder,"keep if cited, otherwise archive by domain"
physics/artifacts/final_scientific_assessment.md,physics,.md,2385,artifact/result/report folder,"keep if cited, otherwise archive by domain"
physics/artifacts/frontier_audit.json,physics,.json,597,artifact/result/report folder,"keep if cited, otherwise archive by domain"
physics/artifacts/frontier_candidates.json,physics,.json,12702,artifact/result/report folder,"keep if cited, otherwise archive by domain"
physics/artifacts/frontier_report.md,physics,.md,375,artifact/result/report folder,"keep if cited, otherwise archive by domain"
physics/artifacts/frontier_umap.npy,physics,.npy,208,artifact/result/report folder,"keep if cited, otherwise archive by domain"
physics/artifacts/generated_experiment_001.md,physics,.md,887,artifact/result/report folder,"keep if cited, otherwise archive by domain"
physics/artifacts/generated_experiment_002.md,physics,.md,928,artifact/result/report folder,"keep if cited, otherwise archive by domain"
physics/artifacts/geodesic_divergence.png,physics,.png,889261,artifact/result/report folder,"keep if cited, otherwise archive by domain"
physics/artifacts/geodesic_field.png,physics,.png,733577,artifact/result/report folder,"keep if cited, otherwise archive by domain"
physics/artifacts/geodesic_flow_data.json,physics,.json,419417,artifact/result/report folder,"keep if cited, otherwise archive by domain"
physics/artifacts/gp_prediction.png,physics,.png,1278597,artifact/result/report folder,"keep if cited, otherwise archive by domain"
physics/artifacts/hpc_audit.json,physics,.json,893,artifact/result/report folder,"keep if cited, otherwise archive by domain"
physics/artifacts/hpc_benchmark.csv,physics,.csv,473,artifact/result/report folder,"keep if cited, otherwise archive by domain"
physics/artifacts/hpc_benchmark.md,physics,.md,471,artifact/result/report folder,"keep if cited, otherwise archive by domain"
physics/artifacts/hpc_efficiency_report.md,physics,.md,555,artifact/result/report folder,"keep if cited, otherwise archive by domain"
physics/artifacts/jacobian_determinant.png,physics,.png,169749,artifact/result/report folder,"keep if cited, otherwise archive by domain"
physics/artifacts/knowledge_report.md,physics,.md,398,artifact/result/report folder,"keep if cited, otherwise archive by domain"
physics/artifacts/kuramoto_model_signature_v2.json,physics,.json,329,artifact/result/report folder,"keep if cited, otherwise archive by domain"
physics/artifacts/latent_curvature.png,physics,.png,1040952,artifact/result/report folder,"keep if cited, otherwise archive by domain"
physics/artifacts/latent_curvature_data.json,physics,.json,468718,artifact/result/report folder,"keep if cited, otherwise archive by domain"
physics/artifacts/latent_dynamics_data.json,physics,.json,815882,artifact/result/report folder,"keep if cited, otherwise archive by domain"
physics/artifacts/latent_instability.png,physics,.png,119617,artifact/result/report folder,"keep if cited, otherwise archive by domain"
physics/artifacts/latent_metric_density.png,physics,.png,165819,artifact/result/report folder,"keep if cited, otherwise archive by domain"
physics/artifacts/logistic_delta_d.png,physics,.png,340029,artifact/result/report folder,"keep if cited, otherwise archive by domain"
physics/artifacts/logistic_map_signature_v2.json,physics,.json,315,artifact/result/report folder,"keep if cited, otherwise archive by domain"
physics/artifacts/logistic_pca_trajectory.png,physics,.png,359095,artifact/result/report folder,"keep if cited, otherwise archive by domain"
physics/artifacts/longitudinal_stability_metrics.json,physics,.json,2322,artifact/result/report folder,"keep if cited, otherwise archive by domain"
physics/artifacts/longitudinal_stability_report.md,physics,.md,2808,artifact/result/report folder,"keep if cited, otherwise archive by domain"
physics/artifacts/longitudinal_stability_summary.md,physics,.md,516,artifact/result/report folder,"keep if cited, otherwise archive by domain"
physics/artifacts/lorenz_rho_comparison.png,physics,.png,292841,artifact/result/report folder,"keep if cited, otherwise archive by domain"
physics/artifacts/memory_audit.json,physics,.json,403,artifact/result/report folder,"keep if cited, otherwise archive by domain"
physics/artifacts/memory_clusters.json,physics,.json,3622,artifact/result/report folder,"keep if cited, otherwise archive by domain"
physics/artifacts/memory_compression_metrics.json,physics,.json,236,artifact/result/report folder,"keep if cited, otherwise archive by domain"
physics/artifacts/memory_consolidation_report.md,physics,.md,2964,artifact/result/report folder,"keep if cited, otherwise archive by domain"
physics/artifacts/memory_consolidation_summary.md,physics,.md,481,artifact/result/report folder,"keep if cited, otherwise archive by domain"
physics/artifacts/memory_health_score.json,physics,.json,241,artifact/result/report folder,"keep if cited, otherwise archive by domain"
physics/artifacts/memory_report.md,physics,.md,526,artifact/result/report folder,"keep if cited, otherwise archive by domain"
physics/artifacts/memory_stress_report.md,physics,.md,616,artifact/result/report folder,"keep if cited, otherwise archive by domain"
physics/artifacts/meta_history_cache.csv,physics,.csv,1235,artifact/result/report folder,"keep if cited, otherwise archive by domain"
physics/artifacts/meta_history_cache.meta.json,physics,.json,102,artifact/result/report folder,"keep if cited, otherwise archive by domain"
physics/artifacts/meta_history_expanded.csv,physics,.csv,24059,artifact/result/report folder,"keep if cited, otherwise archive by domain"
physics/artifacts/meta_learning_audit.json,physics,.json,1127,artifact/result/report folder,"keep if cited, otherwise archive by domain"
physics/artifacts/meta_learning_benchmark.csv,physics,.csv,2218,artifact/result/report folder,"keep if cited, otherwise archive by domain"
physics/artifacts/meta_learning_benchmark.md,physics,.md,556,artifact/result/report folder,"keep if cited, otherwise archive by domain"
physics/artifacts/meta_learning_expansion_report.md,physics,.md,1268,artifact/result/report folder,"keep if cited, otherwise archive by domain"
physics/artifacts/meta_learning_report.md,physics,.md,548,artifact/result/report folder,"keep if cited, otherwise archive by domain"
physics/artifacts/multi_agent_audit.json,physics,.json,384,artifact/result/report folder,"keep if cited, otherwise archive by domain"
physics/artifacts/multi_agent_benchmark.md,physics,.md,1403,artifact/result/report folder,"keep if cited, otherwise archive by domain"
physics/artifacts/multi_agent_debates.json,physics,.json,29784,artifact/result/report folder,"keep if cited, otherwise archive by domain"
physics/artifacts/neural_ode_duffing.pth,physics,.pth,72580,artifact/result/report folder,"keep if cited, otherwise archive by domain"
physics/artifacts/optimal_features.json,physics,.json,73,artifact/result/report folder,"keep if cited, otherwise archive by domain"
physics/artifacts/pca_variance.json,physics,.json,2465,artifact/result/report folder,"keep if cited, otherwise archive by domain"
physics/artifacts/permutation_results.json,physics,.json,133,artifact/result/report folder,"keep if cited, otherwise archive by domain"
physics/artifacts/phase8_completion_report.md,physics,.md,1525,artifact/result/report folder,"keep if cited, otherwise archive by domain"
physics/artifacts/physical_validation_anomalies.json,physics,.json,7607,artifact/result/report folder,"keep if cited, otherwise archive by domain"
physics/artifacts/physical_validation_report.md,physics,.md,442,artifact/result/report folder,"keep if cited, otherwise archive by domain"
physics/artifacts/physical_validation_telemetry.csv,physics,.csv,1202,artifact/result/report folder,"keep if cited, otherwise archive by domain"
physics/artifacts/pinn_sigma_diagnosis.md,physics,.md,2075,artifact/result/report folder,"keep if cited, otherwise archive by domain"
physics/artifacts/pysr_results.csv,physics,.csv,918,artifact/result/report folder,"keep if cited, otherwise archive by domain"
physics/artifacts/qg_discovery_report.md,physics,.md,2032,artifact/result/report folder,"keep if cited, otherwise archive by domain"
physics/artifacts/qg_geometric_audit.json,physics,.json,1127,artifact/result/report folder,"keep if cited, otherwise archive by domain"
physics/artifacts/qg_pipeline_status.json,physics,.json,1860,artifact/result/report folder,"keep if cited, otherwise archive by domain"
physics/artifacts/reality_gap_metrics.json,physics,.json,413,artifact/result/report folder,"keep if cited, otherwise archive by domain"
physics/artifacts/reality_gap_report.md,physics,.md,1641,artifact/result/report folder,"keep if cited, otherwise archive by domain"
physics/artifacts/reality_gap_summary.md,physics,.md,311,artifact/result/report folder,"keep if cited, otherwise archive by domain"
physics/artifacts/real_data_ingestion_report.md,physics,.md,452,artifact/result/report folder,"keep if cited, otherwise archive by domain"
physics/artifacts/recalibrated_hypotheses.json,physics,.json,6444,artifact/result/report folder,"keep if cited, otherwise archive by domain"
physics/artifacts/recommended_frontier_regions.json,physics,.json,2015,artifact/result/report folder,"keep if cited, otherwise archive by domain"
physics/artifacts/redundancy_report.md,physics,.md,891,artifact/result/report folder,"keep if cited, otherwise archive by domain"
physics/artifacts/red_team_failures.json,physics,.json,4093,artifact/result/report folder,"keep if cited, otherwise archive by domain"
physics/artifacts/renormalization_cycles.png,physics,.png,194952,artifact/result/report folder,"keep if cited, otherwise archive by domain"
physics/artifacts/reproducibility_checkpoint_final.csv,physics,.csv,5415,artifact/result/report folder,"keep if cited, otherwise archive by domain"
physics/artifacts/reproducibility_metrics.json,physics,.json,292,artifact/result/report folder,"keep if cited, otherwise archive by domain"
physics/artifacts/reproducibility_report.md,physics,.md,491,artifact/result/report folder,"keep if cited, otherwise archive by domain"
physics/artifacts/reproducibility_results.csv,physics,.csv,8494,artifact/result/report folder,"keep if cited, otherwise archive by domain"
physics/artifacts/reproducibility_summary.json,physics,.json,4524,artifact/result/report folder,"keep if cited, otherwise archive by domain"
physics/artifacts/resnet1d_ecg.pt,physics,.pt,15459060,artifact/result/report folder,"keep if cited, otherwise archive by domain"
physics/artifacts/resnet_metrics.json,physics,.json,2734,artifact/result/report folder,"keep if cited, otherwise archive by domain"
physics/artifacts/resnet_predictions.json,physics,.json,158199,artifact/result/report folder,"keep if cited, otherwise archive by domain"
physics/artifacts/reviewer_invitation_template.txt,physics,.txt,672,artifact/result/report folder,"keep if cited, otherwise archive by domain"
physics/artifacts/review_cycle_log.md,physics,.md,704,artifact/result/report folder,"keep if cited, otherwise archive by domain"
physics/artifacts/robustness_report.md,physics,.md,7783,artifact/result/report folder,"keep if cited, otherwise archive by domain"
physics/artifacts/robustness_results.csv,physics,.csv,6020,artifact/result/report folder,"keep if cited, otherwise archive by domain"
physics/artifacts/sanity_cache.json,physics,.json,316010,artifact/result/report folder,"keep if cited, otherwise archive by domain"
physics/artifacts/sanity_log.json,physics,.json,933,artifact/result/report folder,"keep if cited, otherwise archive by domain"
physics/artifacts/sanity_report.md,physics,.md,333,artifact/result/report folder,"keep if cited, otherwise archive by domain"
physics/artifacts/sanity_report.tagged.md,physics,.md,333,artifact/result/report folder,"keep if cited, otherwise archive by domain"
physics/artifacts/scientific_impact_metrics.json,physics,.json,346,artifact/result/report folder,"keep if cited, otherwise archive by domain"
physics/artifacts/scientific_impact_report.md,physics,.md,3610,artifact/result/report folder,"keep if cited, otherwise archive by domain"
physics/artifacts/scientific_impact_summary.json,physics,.json,577,artifact/result/report folder,"keep if cited, otherwise archive by domain"
physics/artifacts/scientific_impact_summary.md,physics,.md,561,artifact/result/report folder,"keep if cited, otherwise archive by domain"
physics/artifacts/scientific_readiness_metrics.json,physics,.json,794,artifact/result/report folder,"keep if cited, otherwise archive by domain"
physics/artifacts/scientific_readiness_report.md,physics,.md,2112,artifact/result/report folder,"keep if cited, otherwise archive by domain"
physics/artifacts/scientific_readiness_summary.md,physics,.md,364,artifact/result/report folder,"keep if cited, otherwise archive by domain"
physics/artifacts/scientific_stability_score.json,physics,.json,286,artifact/result/report folder,"keep if cited, otherwise archive by domain"
physics/artifacts/skeptic_report_lorenz.json,physics,.json,368,artifact/result/report folder,"keep if cited, otherwise archive by domain"
physics/artifacts/skeptic_report_lorenz_1.json,physics,.json,368,artifact/result/report folder,"keep if cited, otherwise archive by domain"
physics/artifacts/skeptic_report_lorenz_10.json,physics,.json,368,artifact/result/report folder,"keep if cited, otherwise archive by domain"
physics/artifacts/skeptic_report_lorenz_11.json,physics,.json,368,artifact/result/report folder,"keep if cited, otherwise archive by domain"
physics/artifacts/skeptic_report_lorenz_12.json,physics,.json,368,artifact/result/report folder,"keep if cited, otherwise archive by domain"
physics/artifacts/skeptic_report_lorenz_13.json,physics,.json,368,artifact/result/report folder,"keep if cited, otherwise archive by domain"
physics/artifacts/skeptic_report_lorenz_14.json,physics,.json,368,artifact/result/report folder,"keep if cited, otherwise archive by domain"
physics/artifacts/skeptic_report_lorenz_15.json,physics,.json,368,artifact/result/report folder,"keep if cited, otherwise archive by domain"
physics/artifacts/skeptic_report_lorenz_16.json,physics,.json,368,artifact/result/report folder,"keep if cited, otherwise archive by domain"
physics/artifacts/skeptic_report_lorenz_17.json,physics,.json,368,artifact/result/report folder,"keep if cited, otherwise archive by domain"
physics/artifacts/skeptic_report_lorenz_18.json,physics,.json,368,artifact/result/report folder,"keep if cited, otherwise archive by domain"
physics/artifacts/skeptic_report_lorenz_19.json,physics,.json,368,artifact/result/report folder,"keep if cited, otherwise archive by domain"
physics/artifacts/skeptic_report_lorenz_2.json,physics,.json,368,artifact/result/report folder,"keep if cited, otherwise archive by domain"
physics/artifacts/skeptic_report_lorenz_20.json,physics,.json,368,artifact/result/report folder,"keep if cited, otherwise archive by domain"
physics/artifacts/skeptic_report_lorenz_3.json,physics,.json,368,artifact/result/report folder,"keep if cited, otherwise archive by domain"
physics/artifacts/skeptic_report_lorenz_4.json,physics,.json,368,artifact/result/report folder,"keep if cited, otherwise archive by domain"
physics/artifacts/skeptic_report_lorenz_5.json,physics,.json,368,artifact/result/report folder,"keep if cited, otherwise archive by domain"
physics/artifacts/skeptic_report_lorenz_6.json,physics,.json,368,artifact/result/report folder,"keep if cited, otherwise archive by domain"
physics/artifacts/skeptic_report_lorenz_7.json,physics,.json,368,artifact/result/report folder,"keep if cited, otherwise archive by domain"
physics/artifacts/skeptic_report_lorenz_8.json,physics,.json,368,artifact/result/report folder,"keep if cited, otherwise archive by domain"
physics/artifacts/skeptic_report_lorenz_9.json,physics,.json,368,artifact/result/report folder,"keep if cited, otherwise archive by domain"
physics/artifacts/sota_report.md,physics,.md,2313,artifact/result/report folder,"keep if cited, otherwise archive by domain"
physics/artifacts/sota_results.csv,physics,.csv,3094,artifact/result/report folder,"keep if cited, otherwise archive by domain"
physics/artifacts/sota_summary.csv,physics,.csv,689,artifact/result/report folder,"keep if cited, otherwise archive by domain"
physics/artifacts/stress_test_data.json,physics,.json,14698,artifact/result/report folder,"keep if cited, otherwise archive by domain"
physics/artifacts/stress_test_report.md,physics,.md,1072,artifact/result/report folder,"keep if cited, otherwise archive by domain"
physics/artifacts/system_capability_matrix.json,physics,.json,500,artifact/result/report folder,"keep if cited, otherwise archive by domain"
physics/artifacts/system_gap_analysis.json,physics,.json,1176,artifact/result/report folder,"keep if cited, otherwise archive by domain"
physics/artifacts/system_health_report.json,physics,.json,5589,artifact/result/report folder,"keep if cited, otherwise archive by domain"
physics/artifacts/system_health_report.md,physics,.md,1188,artifact/result/report folder,"keep if cited, otherwise archive by domain"
physics/artifacts/system_maturity_assessment.md,physics,.md,4398,artifact/result/report folder,"keep if cited, otherwise archive by domain"
physics/artifacts/system_maturity_metrics.json,physics,.json,1336,artifact/result/report folder,"keep if cited, otherwise archive by domain"
physics/artifacts/system_maturity_report.json,physics,.json,3419,artifact/result/report folder,"keep if cited, otherwise archive by domain"
physics/artifacts/system_maturity_report.md,physics,.md,431,artifact/result/report folder,"keep if cited, otherwise archive by domain"
physics/artifacts/system_maturity_summary.md,physics,.md,1391,artifact/result/report folder,"keep if cited, otherwise archive by domain"
physics/artifacts/test_knowledge_report.md,physics,.md,398,artifact/result/report folder,"keep if cited, otherwise archive by domain"
physics/artifacts/theory_audit.json,physics,.json,346,artifact/result/report folder,"keep if cited, otherwise archive by domain"
physics/artifacts/theory_autowriter_report.md,physics,.md,372,artifact/result/report folder,"keep if cited, otherwise archive by domain"
physics/artifacts/theory_demo.md,physics,.md,2145,artifact/result/report folder,"keep if cited, otherwise archive by domain"
physics/artifacts/topological_robustness_ecg200_results.json,physics,.json,1512,artifact/result/report folder,"keep if cited, otherwise archive by domain"
physics/artifacts/topological_robustness_lorenz_results.json,physics,.json,1505,artifact/result/report folder,"keep if cited, otherwise archive by domain"
physics/artifacts/transfer_audit.json,physics,.json,679,artifact/result/report folder,"keep if cited, otherwise archive by domain"
physics/artifacts/universal_atlas_data.json,physics,.json,21885,artifact/result/report folder,"keep if cited, otherwise archive by domain"
physics/artifacts/universal_atlas_pca.png,physics,.png,275926,artifact/result/report folder,"keep if cited, otherwise archive by domain"
physics/artifacts/universal_atlas_report.md,physics,.md,1117,artifact/result/report folder,"keep if cited, otherwise archive by domain"
physics/artifacts/universal_geodesics.png,physics,.png,386425,artifact/result/report folder,"keep if cited, otherwise archive by domain"
physics/artifacts/validation_drift_analysis.json,physics,.json,660,artifact/result/report folder,"keep if cited, otherwise archive by domain"
physics/artifacts/van_der_pol_signature_v2.json,physics,.json,329,artifact/result/report folder,"keep if cited, otherwise archive by domain"
physics/audits/diversity_report.json,physics,.json,2554,generated extension or report pattern,"keep if cited, otherwise archive by domain"
physics/audits/file_integrity_report.json,physics,.json,3229,generated extension or report pattern,"keep if cited, otherwise archive by domain"
physics/benchmark/benchmark_environment_report.json,physics,.json,490,generated extension or report pattern,"keep if cited, otherwise archive by domain"
physics/figures/ablation_heatmap.pdf,physics,.pdf,23737,artifact/result/report folder,"keep if cited, otherwise archive by domain"
physics/figures/ablation_heatmap.png,physics,.png,89102,artifact/result/report folder,"keep if cited, otherwise archive by domain"
physics/figures/architecture_diagram.pdf,physics,.pdf,13528,artifact/result/report folder,"keep if cited, otherwise archive by domain"
physics/figures/benchmark_radar.pdf,physics,.pdf,22873,artifact/result/report folder,"keep if cited, otherwise archive by domain"
physics/figures/cka_ev3.pdf,physics,.pdf,16246,artifact/result/report folder,"keep if cited, otherwise archive by domain"
physics/figures/cka_layers.pdf,physics,.pdf,18019,artifact/result/report folder,"keep if cited, otherwise archive by domain"
physics/figures/cka_layers_ptbxl.pdf,physics,.pdf,24615,artifact/result/report folder,"keep if cited, otherwise archive by domain"
physics/figures/demo_attractor.png,physics,.png,1264251,artifact/result/report folder,"keep if cited, otherwise archive by domain"
physics/figures/ecg200_topological_robustness.pdf,physics,.pdf,37043,artifact/result/report folder,"keep if cited, otherwise archive by domain"
physics/figures/ev3_vs_drop_ptbxl.pdf,physics,.pdf,32710,artifact/result/report folder,"keep if cited, otherwise archive by domain"
physics/figures/extrapolation.pdf,physics,.pdf,21579,artifact/result/report folder,"keep if cited, otherwise archive by domain"
physics/figures/fig1_epistemological_pipeline.pdf,physics,.pdf,298085,artifact/result/report folder,"keep if cited, otherwise archive by domain"
physics/figures/fig1_epistemological_pipeline.png,physics,.png,325194,artifact/result/report folder,"keep if cited, otherwise archive by domain"
physics/figures/fig1_epistemological_pipeline.svg,physics,.svg,49891,artifact/result/report folder,"keep if cited, otherwise archive by domain"
physics/figures/fig2_causal_reranking.pdf,physics,.pdf,238254,artifact/result/report folder,"keep if cited, otherwise archive by domain"
physics/figures/fig2_causal_reranking.png,physics,.png,416391,artifact/result/report folder,"keep if cited, otherwise archive by domain"
physics/figures/fig2_causal_reranking.svg,physics,.svg,47729,artifact/result/report folder,"keep if cited, otherwise archive by domain"
physics/figures/fig3_geometry_vs_attribution.pdf,physics,.pdf,232206,artifact/result/report folder,"keep if cited, otherwise archive by domain"
physics/figures/fig3_geometry_vs_attribution.png,physics,.png,161477,artifact/result/report folder,"keep if cited, otherwise archive by domain"
physics/figures/fig3_geometry_vs_attribution.svg,physics,.svg,44250,artifact/result/report folder,"keep if cited, otherwise archive by domain"
physics/figures/fig4_phase_space_deformation.pdf,physics,.pdf,222462,artifact/result/report folder,"keep if cited, otherwise archive by domain"
physics/figures/fig4_phase_space_deformation.png,physics,.png,1417390,artifact/result/report folder,"keep if cited, otherwise archive by domain"
physics/figures/fig4_phase_space_deformation.svg,physics,.svg,254093,artifact/result/report folder,"keep if cited, otherwise archive by domain"
physics/figures/fig5_bootstrap_kde_final.pdf,physics,.pdf,31094,artifact/result/report folder,"keep if cited, otherwise archive by domain"
physics/figures/fig5_bootstrap_kde_final.png,physics,.png,345397,artifact/result/report folder,"keep if cited, otherwise archive by domain"
physics/figures/fig5_bootstrap_kde_final.svg,physics,.svg,83059,artifact/result/report folder,"keep if cited, otherwise archive by domain"
physics/figures/lorenz_topological_robustness.pdf,physics,.pdf,35747,artifact/result/report folder,"keep if cited, otherwise archive by domain"
physics/figures/qg_audit_bec_horizon.pdf,physics,.pdf,17694,artifact/result/report folder,"keep if cited, otherwise archive by domain"
physics/figures/qg_audit_phase_transition.pdf,physics,.pdf,27296,artifact/result/report folder,"keep if cited, otherwise archive by domain"
physics/figures/qg_audit_spin_network.pdf,physics,.pdf,28492,artifact/result/report folder,"keep if cited, otherwise archive by domain"
physics/figures/reproducibility_violin.pdf,physics,.pdf,17245,artifact/result/report folder,"keep if cited, otherwise archive by domain"
physics/figures/reproducibility_violin.png,physics,.png,52839,artifact/result/report folder,"keep if cited, otherwise archive by domain"
physics/figures/robustness_degradation.pdf,physics,.pdf,19008,artifact/result/report folder,"keep if cited, otherwise archive by domain"
physics/figures/robustness_degradation.png,physics,.png,57282,artifact/result/report folder,"keep if cited, otherwise archive by domain"
physics/figures/robustness_ood.pdf,physics,.pdf,17303,artifact/result/report folder,"keep if cited, otherwise archive by domain"
physics/figures/robustness_ood.png,physics,.png,44660,artifact/result/report folder,"keep if cited, otherwise archive by domain"
physics/figures/sota_cost_performance.pdf,physics,.pdf,20139,artifact/result/report folder,"keep if cited, otherwise archive by domain"
physics/figures/sota_cost_performance.png,physics,.png,46961,artifact/result/report folder,"keep if cited, otherwise archive by domain"
physics/figures/sota_radar.pdf,physics,.pdf,19001,artifact/result/report folder,"keep if cited, otherwise archive by domain"
physics/figures/sota_radar.png,physics,.png,97575,artifact/result/report folder,"keep if cited, otherwise archive by domain"
physics/figures/stress_test_epistemic_gain.pdf,physics,.pdf,23569,artifact/result/report folder,"keep if cited, otherwise archive by domain"
physics/figures/stress_test_hypothesis_diversity.pdf,physics,.pdf,19090,artifact/result/report folder,"keep if cited, otherwise archive by domain"
physics/figures/stress_test_memory.pdf,physics,.pdf,22207,artifact/result/report folder,"keep if cited, otherwise archive by domain"
physics/figures/umap_features.pdf,physics,.pdf,47935,artifact/result/report folder,"keep if cited, otherwise archive by domain"
physics/models/meta_prior_learner.pkl,physics,.pkl,435751,generated extension or report pattern,"keep if cited, otherwise archive by domain"
physics/papers/pdflatex_error.log,physics,.log,9183,generated extension or report pattern,"keep if cited, otherwise archive by domain"
physics/papers/representation_aware_system_identification.log,physics,.log,20372,generated extension or report pattern,"keep if cited, otherwise archive by domain"
physics/papers/system_paper.log,physics,.log,23230,generated extension or report pattern,"keep if cited, otherwise archive by domain"
physics/artifacts/experiments/ecg_noise_robustness.csv,physics,.csv,264,artifact/result/report folder,"keep if cited, otherwise archive by domain"
physics/artifacts/experiments/ev3_stability.txt,physics,.txt,544,artifact/result/report folder,"keep if cited, otherwise archive by domain"
physics/artifacts/experiments/lorenz_autonomous_metrics.csv,physics,.csv,226,artifact/result/report folder,"keep if cited, otherwise archive by domain"
physics/artifacts/experiments/lorenz_extrapolation.npz,physics,.npz,113562,artifact/result/report folder,"keep if cited, otherwise archive by domain"
physics/artifacts/experiments/noise_robustness_dense.csv,physics,.csv,212,artifact/result/report folder,"keep if cited, otherwise archive by domain"
physics/artifacts/experiments/noise_robustness_results.csv,physics,.csv,97,artifact/result/report folder,"keep if cited, otherwise archive by domain"
physics/artifacts/experiments/ptbxl_noise_robustness.csv,physics,.csv,339,artifact/result/report folder,"keep if cited, otherwise archive by domain"
physics/artifacts/experiments/sindy_library_ablation.csv,physics,.csv,149,artifact/result/report folder,"keep if cited, otherwise archive by domain"
physics/artifacts/experiments_archive/baseline_benchmark.py,physics,.py,7957,artifact/result/report folder,"keep if cited, otherwise archive by domain"
physics/artifacts/experiments_archive/complex_roots_numerical.py,physics,.py,632,artifact/result/report folder,"keep if cited, otherwise archive by domain"
physics/artifacts/experiments_archive/conjecture_engine.py,physics,.py,9839,artifact/result/report folder,"keep if cited, otherwise archive by domain"
physics/artifacts/experiments_archive/continuous_attractors.py,physics,.py,5217,artifact/result/report folder,"keep if cited, otherwise archive by domain"
physics/artifacts/experiments_archive/continuous_geometry.py,physics,.py,7518,artifact/result/report folder,"keep if cited, otherwise archive by domain"
physics/artifacts/experiments_archive/deformation_flow.py,physics,.py,5954,artifact/result/report folder,"keep if cited, otherwise archive by domain"
physics/artifacts/experiments_archive/deformation_flow_visualization.py,physics,.py,2497,artifact/result/report folder,"keep if cited, otherwise archive by domain"
physics/artifacts/experiments_archive/discriminant_check.py,physics,.py,916,artifact/result/report folder,"keep if cited, otherwise archive by domain"
physics/artifacts/experiments_archive/dummy.py,physics,.py,31,artifact/result/report folder,"keep if cited, otherwise archive by domain"
physics/artifacts/experiments_archive/embedding_neighbors.py,physics,.py,5988,artifact/result/report folder,"keep if cited, otherwise archive by domain"
physics/artifacts/experiments_archive/falsification_001.py,physics,.py,4361,artifact/result/report folder,"keep if cited, otherwise archive by domain"
physics/artifacts/experiments_archive/falsification_002.py,physics,.py,5820,artifact/result/report folder,"keep if cited, otherwise archive by domain"
physics/artifacts/experiments_archive/feigenbaum_hunt.py,physics,.py,2816,artifact/result/report folder,"keep if cited, otherwise archive by domain"
physics/artifacts/experiments_archive/generate_phase8a.py,physics,.py,2069,artifact/result/report folder,"keep if cited, otherwise archive by domain"
physics/artifacts/experiments_archive/geodesic_flow.py,physics,.py,5363,artifact/result/report folder,"keep if cited, otherwise archive by domain"
physics/artifacts/experiments_archive/geodesic_visualization.py,physics,.py,2776,artifact/result/report folder,"keep if cited, otherwise archive by domain"
physics/artifacts/experiments_archive/latent_curvature.py,physics,.py,4380,artifact/result/report folder,"keep if cited, otherwise archive by domain"
physics/artifacts/experiments_archive/latent_curvature_visualization.py,physics,.py,2361,artifact/result/report folder,"keep if cited, otherwise archive by domain"
physics/artifacts/experiments_archive/latent_dynamics.py,physics,.py,4892,artifact/result/report folder,"keep if cited, otherwise archive by domain"
physics/artifacts/experiments_archive/latent_dynamics_visualization.py,physics,.py,3529,artifact/result/report folder,"keep if cited, otherwise archive by domain"
physics/artifacts/experiments_archive/latent_visualization.py,physics,.py,5029,artifact/result/report folder,"keep if cited, otherwise archive by domain"
physics/artifacts/experiments_archive/lorenz_sim.py,physics,.py,1052,artifact/result/report folder,"keep if cited, otherwise archive by domain"
physics/artifacts/experiments_archive/lorenz_stability.py,physics,.py,2380,artifact/result/report folder,"keep if cited, otherwise archive by domain"
physics/artifacts/experiments_archive/real_roots_sturm.py,physics,.py,503,artifact/result/report folder,"keep if cited, otherwise archive by domain"
physics/artifacts/experiments_archive/solvability_check.py,physics,.py,661,artifact/result/report folder,"keep if cited, otherwise archive by domain"
physics/artifacts/experiments_archive/test01_num.py,physics,.py,138,artifact/result/report folder,"keep if cited, otherwise archive by domain"
physics/artifacts/experiments_archive/test01_sym.py,physics,.py,178,artifact/result/report folder,"keep if cited, otherwise archive by domain"
physics/artifacts/experiments_archive/test02_num.py,physics,.py,188,artifact/result/report folder,"keep if cited, otherwise archive by domain"
physics/artifacts/experiments_archive/test02_sym.py,physics,.py,240,artifact/result/report folder,"keep if cited, otherwise archive by domain"
physics/artifacts/experiments_archive/test03_num.py,physics,.py,218,artifact/result/report folder,"keep if cited, otherwise archive by domain"
physics/artifacts/experiments_archive/test03_sym.py,physics,.py,236,artifact/result/report folder,"keep if cited, otherwise archive by domain"
physics/artifacts/experiments_archive/test04_num.py,physics,.py,436,artifact/result/report folder,"keep if cited, otherwise archive by domain"
physics/artifacts/experiments_archive/test04_sym.py,physics,.py,343,artifact/result/report folder,"keep if cited, otherwise archive by domain"
physics/artifacts/experiments_archive/test05_num.py,physics,.py,297,artifact/result/report folder,"keep if cited, otherwise archive by domain"
physics/artifacts/experiments_archive/test05_sym.py,physics,.py,172,artifact/result/report folder,"keep if cited, otherwise archive by domain"
physics/artifacts/experiments_archive/test_feigenbaum.py,physics,.py,2721,artifact/result/report folder,"keep if cited, otherwise archive by domain"
physics/artifacts/experiments_archive/test_num_1.py,physics,.py,97,artifact/result/report folder,"keep if cited, otherwise archive by domain"
physics/artifacts/experiments_archive/test_sym_1.py,physics,.py,103,artifact/result/report folder,"keep if cited, otherwise archive by domain"
physics/artifacts/experiments_archive/test_sym_2.py,physics,.py,103,artifact/result/report folder,"keep if cited, otherwise archive by domain"
physics/artifacts/experiments_archive/topology_miner.py,physics,.py,2529,artifact/result/report folder,"keep if cited, otherwise archive by domain"
physics/artifacts/experiments_archive/topology_miner_v2.py,physics,.py,11628,artifact/result/report folder,"keep if cited, otherwise archive by domain"
physics/artifacts/experiments_archive/universal_atlas_visualization.py,physics,.py,3371,artifact/result/report folder,"keep if cited, otherwise archive by domain"
physics/artifacts/experiments_archive/_insight_injector.py,physics,.py,1363,artifact/result/report folder,"keep if cited, otherwise archive by domain"
physics/artifacts/logs_y_reportes/cert_B1_galois.json,physics,.json,1041,artifact/result/report folder,"keep if cited, otherwise archive by domain"
physics/artifacts/logs_y_reportes/cert_B2_bring.json,physics,.json,250,artifact/result/report folder,"keep if cited, otherwise archive by domain"
physics/artifacts/logs_y_reportes/cert_B3_sturm.json,physics,.json,673,artifact/result/report folder,"keep if cited, otherwise archive by domain"
physics/artifacts/logs_y_reportes/cross_system_generalization_phase48.log,physics,.log,21370,artifact/result/report folder,"keep if cited, otherwise archive by domain"
physics/artifacts/logs_y_reportes/file_dependencies.json,physics,.json,3111,artifact/result/report folder,"keep if cited, otherwise archive by domain"
physics/artifacts/logs_y_reportes/reporte_final.json,physics,.json,4398,artifact/result/report folder,"keep if cited, otherwise archive by domain"
physics/artifacts/migrations/add_noise_seed.sql,physics,.sql,2716,artifact/result/report folder,"keep if cited, otherwise archive by domain"
physics/artifacts/phase8_flags/8a_done,physics,none,277,artifact/result/report folder,"keep if cited, otherwise archive by domain"
physics/artifacts/phase8_flags/8b_done,physics,none,244,artifact/result/report folder,"keep if cited, otherwise archive by domain"
physics/artifacts/phase8_flags/8c_done,physics,none,257,artifact/result/report folder,"keep if cited, otherwise archive by domain"
physics/artifacts/phase8_flags/8d_done,physics,none,344,artifact/result/report folder,"keep if cited, otherwise archive by domain"
physics/artifacts/phase8_flags/8e_done,physics,none,327,artifact/result/report folder,"keep if cited, otherwise archive by domain"
physics/artifacts/results/cka_layers.npy,physics,.npy,248,artifact/result/report folder,"keep if cited, otherwise archive by domain"
physics/artifacts/results/cka_layers_ptbxl.npy,physics,.npy,1328,artifact/result/report folder,"keep if cited, otherwise archive by domain"
physics/artifacts/results/ev3_ptbxl.npy,physics,.npy,176,artifact/result/report folder,"keep if cited, otherwise archive by domain"
physics/artifacts/results/pwcca_layers_ptbxl.npy,physics,.npy,1328,artifact/result/report folder,"keep if cited, otherwise archive by domain"
physics/artifacts/results/svcca_layers_ptbxl.npy,physics,.npy,1328,artifact/result/report folder,"keep if cited, otherwise archive by domain"
physics/artifacts/runs/math_search.db,physics,.db,843776,artifact/result/report folder,"keep if cited, otherwise archive by domain"
physics/artifacts/temp_scripts/audit_sqlite.py,physics,.py,1895,artifact/result/report folder,"keep if cited, otherwise archive by domain"
physics/artifacts/temp_scripts/continuity_significance_audit.py,physics,.py,3433,artifact/result/report folder,"keep if cited, otherwise archive by domain"
physics/artifacts/temp_scripts/fig1_epistemological_pipeline.py,physics,.py,3584,artifact/result/report folder,"keep if cited, otherwise archive by domain"
physics/artifacts/temp_scripts/fig2_causal_reranking.py,physics,.py,2281,artifact/result/report folder,"keep if cited, otherwise archive by domain"
physics/artifacts/temp_scripts/fig3_geometry_vs_attribution.py,physics,.py,1507,artifact/result/report folder,"keep if cited, otherwise archive by domain"
physics/artifacts/temp_scripts/fig4_phase_space_deformation.py,physics,.py,2361,artifact/result/report folder,"keep if cited, otherwise archive by domain"
physics/artifacts/temp_scripts/fig5_bootstrap_kde.py,physics,.py,3426,artifact/result/report folder,"keep if cited, otherwise archive by domain"
physics/artifacts/temp_scripts/inspect_schema.py,physics,.py,201,artifact/result/report folder,"keep if cited, otherwise archive by domain"
physics/artifacts/temp_scripts/show_certification.py,physics,.py,1840,artifact/result/report folder,"keep if cited, otherwise archive by domain"
physics/artifacts/temp_scripts/test_isolation.py,physics,.py,1802,artifact/result/report folder,"keep if cited, otherwise archive by domain"
physics/artifacts/outputs/20260524_180152_cFvZaI/checkpoint.pkl,physics,.pkl,335710,artifact/result/report folder,"keep if cited, otherwise archive by domain"
physics/artifacts/outputs/20260524_180152_cFvZaI/hall_of_fame.csv,physics,.csv,1144,artifact/result/report folder,"keep if cited, otherwise archive by domain"
physics/artifacts/outputs/20260524_180152_cFvZaI/hall_of_fame.csv.bak,physics,.bak,1144,artifact/result/report folder,"keep if cited, otherwise archive by domain"
physics/artifacts/outputs/20260524_180327_rDFO3r/checkpoint.pkl,physics,.pkl,334226,artifact/result/report folder,"keep if cited, otherwise archive by domain"
physics/artifacts/outputs/20260524_180327_rDFO3r/hall_of_fame.csv,physics,.csv,557,artifact/result/report folder,"keep if cited, otherwise archive by domain"
physics/artifacts/outputs/20260524_180327_rDFO3r/hall_of_fame.csv.bak,physics,.bak,557,artifact/result/report folder,"keep if cited, otherwise archive by domain"
physics/artifacts/outputs/20260524_180439_Wye1C4/checkpoint.pkl,physics,.pkl,329439,artifact/result/report folder,"keep if cited, otherwise archive by domain"
physics/artifacts/outputs/20260524_180439_Wye1C4/hall_of_fame.csv,physics,.csv,965,artifact/result/report folder,"keep if cited, otherwise archive by domain"
physics/artifacts/outputs/20260524_180439_Wye1C4/hall_of_fame.csv.bak,physics,.bak,965,artifact/result/report folder,"keep if cited, otherwise archive by domain"
physics/artifacts/outputs/20260525_174118_5jPp6q/checkpoint.pkl,physics,.pkl,83539,artifact/result/report folder,"keep if cited, otherwise archive by domain"
physics/artifacts/outputs/20260525_174118_5jPp6q/hall_of_fame.csv,physics,.csv,181,artifact/result/report folder,"keep if cited, otherwise archive by domain"
physics/artifacts/outputs/20260525_174118_5jPp6q/hall_of_fame.csv.bak,physics,.bak,181,artifact/result/report folder,"keep if cited, otherwise archive by domain"
physics/artifacts/outputs/20260525_174613_HCyVIO/checkpoint.pkl,physics,.pkl,58046,artifact/result/report folder,"keep if cited, otherwise archive by domain"
physics/artifacts/outputs/20260525_174613_HCyVIO/hall_of_fame.csv,physics,.csv,110,artifact/result/report folder,"keep if cited, otherwise archive by domain"
physics/artifacts/outputs/20260525_174613_HCyVIO/hall_of_fame.csv.bak,physics,.bak,110,artifact/result/report folder,"keep if cited, otherwise archive by domain"
physics/artifacts/outputs/20260525_175035_aMn83x/checkpoint.pkl,physics,.pkl,81416,artifact/result/report folder,"keep if cited, otherwise archive by domain"
physics/artifacts/outputs/20260525_175035_aMn83x/hall_of_fame.csv,physics,.csv,170,artifact/result/report folder,"keep if cited, otherwise archive by domain"
physics/artifacts/outputs/20260525_175035_aMn83x/hall_of_fame.csv.bak,physics,.bak,170,artifact/result/report folder,"keep if cited, otherwise archive by domain"
physics/artifacts/outputs/20260525_175453_GdmbdH/checkpoint.pkl,physics,.pkl,60409,artifact/result/report folder,"keep if cited, otherwise archive by domain"
physics/artifacts/outputs/20260525_175453_GdmbdH/hall_of_fame.csv,physics,.csv,133,artifact/result/report folder,"keep if cited, otherwise archive by domain"
physics/artifacts/outputs/20260525_175453_GdmbdH/hall_of_fame.csv.bak,physics,.bak,133,artifact/result/report folder,"keep if cited, otherwise archive by domain"
physics/artifacts/outputs/20260525_175919_aMn83x/checkpoint.pkl,physics,.pkl,53835,artifact/result/report folder,"keep if cited, otherwise archive by domain"
physics/artifacts/outputs/20260525_175919_aMn83x/hall_of_fame.csv,physics,.csv,320,artifact/result/report folder,"keep if cited, otherwise archive by domain"
physics/artifacts/outputs/20260525_175919_aMn83x/hall_of_fame.csv.bak,physics,.bak,320,artifact/result/report folder,"keep if cited, otherwise archive by domain"
physics/artifacts/results/harmonic/metrics.csv,physics,.csv,163,artifact/result/report folder,"keep if cited, otherwise archive by domain"
physics/artifacts/results/harmonic/neural_ode_loss.png,physics,.png,40275,artifact/result/report folder,"keep if cited, otherwise archive by domain"
physics/artifacts/results/harmonic/pipeline.log,physics,.log,1020,artifact/result/report folder,"keep if cited, otherwise archive by domain"
physics/artifacts/results/harmonic/symbolic_coefficients.csv,physics,.csv,119,artifact/result/report folder,"keep if cited, otherwise archive by domain"
physics/artifacts/results/harmonic/trajectory.png,physics,.png,51843,artifact/result/report folder,"keep if cited, otherwise archive by domain"
physics/artifacts/results/phase8c/sota_benchmark.csv,physics,.csv,681,artifact/result/report folder,"keep if cited, otherwise archive by domain"
physics/artifacts/results/phase8e/robustness_all.json,physics,.json,1540,artifact/result/report folder,"keep if cited, otherwise archive by domain"
physics/artifacts/results/phase8e/robustness_missing_data.csv,physics,.csv,182,artifact/result/report folder,"keep if cited, otherwise archive by domain"
physics/artifacts/results/phase8e/robustness_noise.csv,physics,.csv,219,artifact/result/report folder,"keep if cited, otherwise archive by domain"
physics/artifacts/results/phase8e/robustness_ood.csv,physics,.csv,167,artifact/result/report folder,"keep if cited, otherwise archive by domain"
physics/artifacts/results/phase8e/robustness_parameter_drift.csv,physics,.csv,212,artifact/result/report folder,"keep if cited, otherwise archive by domain"
physics/papers/papers/texput.log,physics,.log,790,generated extension or report pattern,"keep if cited, otherwise archive by domain"
physics/results/phase8a/reproducibility_full.json,physics,.json,56597,artifact/result/report folder,"keep if cited, otherwise archive by domain"
physics/results/phase8a/reproducibility_report.csv,physics,.csv,8494,artifact/result/report folder,"keep if cited, otherwise archive by domain"
physics/results/phase8b/ablation_report.csv,physics,.csv,34393,artifact/result/report folder,"keep if cited, otherwise archive by domain"
physics/results/phase8c/sota_benchmark.csv,physics,.csv,3094,artifact/result/report folder,"keep if cited, otherwise archive by domain"
physics/results/phase8e/robustness_all.json,physics,.json,18609,artifact/result/report folder,"keep if cited, otherwise archive by domain"
physics/results/phase8e/robustness_missing_data.csv,physics,.csv,1834,artifact/result/report folder,"keep if cited, otherwise archive by domain"
physics/results/phase8e/robustness_noise.csv,physics,.csv,1978,artifact/result/report folder,"keep if cited, otherwise archive by domain"
physics/results/phase8e/robustness_ood.csv,physics,.csv,470,artifact/result/report folder,"keep if cited, otherwise archive by domain"
physics/results/phase8e/robustness_parameter_drift.csv,physics,.csv,670,artifact/result/report folder,"keep if cited, otherwise archive by domain"
results/harmonic/metrics.csv,results,.csv,163,artifact/result/report folder,"keep if cited, otherwise archive by domain"
results/harmonic/neural_ode_loss.png,results,.png,40275,artifact/result/report folder,"keep if cited, otherwise archive by domain"
results/harmonic/pipeline.log,results,.log,518,artifact/result/report folder,"keep if cited, otherwise archive by domain"
results/harmonic/symbolic_coefficients.csv,results,.csv,119,artifact/result/report folder,"keep if cited, otherwise archive by domain"
results/harmonic/trajectory.png,results,.png,51843,artifact/result/report folder,"keep if cited, otherwise archive by domain"
results/phase8c/sota_benchmark.csv,results,.csv,689,artifact/result/report folder,"keep if cited, otherwise archive by domain"
results/phase8e/robustness_all.json,results,.json,1540,artifact/result/report folder,"keep if cited, otherwise archive by domain"
results/phase8e/robustness_missing_data.csv,results,.csv,182,artifact/result/report folder,"keep if cited, otherwise archive by domain"
results/phase8e/robustness_noise.csv,results,.csv,219,artifact/result/report folder,"keep if cited, otherwise archive by domain"
results/phase8e/robustness_ood.csv,results,.csv,167,artifact/result/report folder,"keep if cited, otherwise archive by domain"
results/phase8e/robustness_parameter_drift.csv,results,.csv,212,artifact/result/report folder,"keep if cited, otherwise archive by domain"
satelite/audit_execution_logs/astos_cfs_app_check_misra.py.log,satelite,.log,180,generated extension or report pattern,"keep if cited, otherwise archive by domain"
satelite/audit_execution_logs/astos_cfs_app_fault_injection.py.log,satelite,.log,221,generated extension or report pattern,"keep if cited, otherwise archive by domain"
satelite/audit_execution_logs/astos_cfs_app_mpc_benchmark.py.log,satelite,.log,1560,generated extension or report pattern,"keep if cited, otherwise archive by domain"
satelite/audit_execution_logs/benchmarks_run_cad_benchmark.py.log,satelite,.log,246,generated extension or report pattern,"keep if cited, otherwise archive by domain"
satelite/audit_execution_logs/benchmarks_run_pinn_benchmark.py.log,satelite,.log,302,generated extension or report pattern,"keep if cited, otherwise archive by domain"
satelite/audit_execution_logs/benchmarks_run_tvac_benchmark.py.log,satelite,.log,256,generated extension or report pattern,"keep if cited, otherwise archive by domain"
satelite/audit_execution_logs/real_telemetry_pipeline_pipeline.py.log,satelite,.log,663,generated extension or report pattern,"keep if cited, otherwise archive by domain"
satelite/audit_execution_logs/satellite_comms_model_update.py.log,satelite,.log,593,generated extension or report pattern,"keep if cited, otherwise archive by domain"
satelite/audit_execution_logs/satellite_comms_state_sync.py.log,satelite,.log,299,generated extension or report pattern,"keep if cited, otherwise archive by domain"
satelite/backend/auth.db,satelite,.db,40960,generated extension or report pattern,"keep if cited, otherwise archive by domain"
satelite/dashboard/next-start-observability-3051.err.log,satelite,.log,0,generated extension or report pattern,"keep if cited, otherwise archive by domain"
satelite/dashboard/next-start-observability-3051.out.log,satelite,.log,167,generated extension or report pattern,"keep if cited, otherwise archive by domain"
satelite/dashboard/next-start-observability-3052.err.log,satelite,.log,0,generated extension or report pattern,"keep if cited, otherwise archive by domain"
satelite/dashboard/next-start-observability-3052.out.log,satelite,.log,167,generated extension or report pattern,"keep if cited, otherwise archive by domain"
satelite/dashboard/next-start-observability.err.log,satelite,.log,286,generated extension or report pattern,"keep if cited, otherwise archive by domain"
satelite/dashboard/next-start-observability.out.log,satelite,.log,47,generated extension or report pattern,"keep if cited, otherwise archive by domain"
satelite/logs/thermal_api.log,satelite,.log,480,generated extension or report pattern,"keep if cited, otherwise archive by domain"
satelite/dashboard/public/artifacts/baselines/baseline_index.json,satelite,.json,182,artifact/result/report folder,"keep if cited, otherwise archive by domain"
satelite/dashboard/public/artifacts/baselines/massive_sweep_2026-05-20T23-02-23Z.json,satelite,.json,10840,artifact/result/report folder,"keep if cited, otherwise archive by domain"
satelite/dashboard/public/artifacts/benchmarks/benchmark_results.json,satelite,.json,243,artifact/result/report folder,"keep if cited, otherwise archive by domain"
satelite/dashboard/public/artifacts/discoveries/adversarial_audit_report.json,satelite,.json,34831,artifact/result/report folder,"keep if cited, otherwise archive by domain"
satelite/dashboard/public/artifacts/discoveries/adversarial_scientific_audit_report.json,satelite,.json,2395190,artifact/result/report folder,"keep if cited, otherwise archive by domain"
satelite/dashboard/public/artifacts/discoveries/causal_ablation_report.json,satelite,.json,10424,artifact/result/report folder,"keep if cited, otherwise archive by domain"
satelite/dashboard/public/artifacts/discoveries/causal_continuity_report.json,satelite,.json,7958,artifact/result/report folder,"keep if cited, otherwise archive by domain"
satelite/dashboard/public/artifacts/discoveries/causal_validation_report.json,satelite,.json,8691,artifact/result/report folder,"keep if cited, otherwise archive by domain"
satelite/dashboard/public/artifacts/discoveries/cross_system_generalization_report.json,satelite,.json,12295,artifact/result/report folder,"keep if cited, otherwise archive by domain"
satelite/dashboard/public/artifacts/discoveries/dataset_bias_elimination_report.json,satelite,.json,1365,artifact/result/report folder,"keep if cited, otherwise archive by domain"
satelite/dashboard/public/artifacts/discoveries/dynamic_discrimination_report.json,satelite,.json,9430,artifact/result/report folder,"keep if cited, otherwise archive by domain"
satelite/dashboard/public/artifacts/discoveries/embedding_intrinsic_stability_report.json,satelite,.json,7196,artifact/result/report folder,"keep if cited, otherwise archive by domain"
satelite/dashboard/public/artifacts/discoveries/epistemological_validity_report.json,satelite,.json,6820,artifact/result/report folder,"keep if cited, otherwise archive by domain"
satelite/dashboard/public/artifacts/discoveries/hyperparameter_stability_report.json,satelite,.json,30772,artifact/result/report folder,"keep if cited, otherwise archive by domain"
satelite/dashboard/public/artifacts/discoveries/manifold_diagnosis_report.json,satelite,.json,34222,artifact/result/report folder,"keep if cited, otherwise archive by domain"
satelite/dashboard/public/artifacts/discoveries/massive_sweep_report.json,satelite,.json,10840,artifact/result/report folder,"keep if cited, otherwise archive by domain"
satelite/dashboard/public/artifacts/discoveries/mit_bih_bifurcated_report.json,satelite,.json,7181,artifact/result/report folder,"keep if cited, otherwise archive by domain"
satelite/dashboard/public/artifacts/discoveries/noise_robustness_report.json,satelite,.json,2920,artifact/result/report folder,"keep if cited, otherwise archive by domain"
satelite/dashboard/public/artifacts/discoveries/physionet_empirical_report.json,satelite,.json,6027,artifact/result/report folder,"keep if cited, otherwise archive by domain"
satelite/dashboard/public/artifacts/discoveries/raw_embedding_robustness_report.json,satelite,.json,8168,artifact/result/report folder,"keep if cited, otherwise archive by domain"
satelite/dashboard/public/artifacts/discoveries/reproducibility_report.json,satelite,.json,9583,artifact/result/report folder,"keep if cited, otherwise archive by domain"
satelite/dashboard/public/artifacts/discoveries/scientific_regression_report.json,satelite,.json,2255,artifact/result/report folder,"keep if cited, otherwise archive by domain"
satelite/dashboard/public/artifacts/discoveries/strict_leakage_audit_report.json,satelite,.json,1452,artifact/result/report folder,"keep if cited, otherwise archive by domain"
satelite/dashboard/public/artifacts/discoveries/structural_invariance_report.json,satelite,.json,19980,artifact/result/report folder,"keep if cited, otherwise archive by domain"
satelite/dashboard/public/artifacts/embeddings/latent_embeddings.json,satelite,.json,23136,artifact/result/report folder,"keep if cited, otherwise archive by domain"
satelite/dashboard/public/artifacts/embeddings/manifold_snapshots.json,satelite,.json,2553369,artifact/result/report folder,"keep if cited, otherwise archive by domain"
satelite/dashboard/public/artifacts/experiments/pipeline_state.json,satelite,.json,649,artifact/result/report folder,"keep if cited, otherwise archive by domain"
satelite/dashboard/public/artifacts/history/history_index.json,satelite,.json,2749,artifact/result/report folder,"keep if cited, otherwise archive by domain"
satelite/dashboard/public/artifacts/history/massive_sweep_2026-05-20T22-56-14Z.json,satelite,.json,10840,artifact/result/report folder,"keep if cited, otherwise archive by domain"
satelite/dashboard/public/artifacts/history/massive_sweep_2026-05-20T23-02-23Z.json,satelite,.json,10840,artifact/result/report folder,"keep if cited, otherwise archive by domain"
satelite/dashboard/public/artifacts/history/massive_sweep_2026-05-21T09-54-05Z.json,satelite,.json,10840,artifact/result/report folder,"keep if cited, otherwise archive by domain"
satelite/dashboard/public/artifacts/history/massive_sweep_2026-05-21T10-02-11Z.json,satelite,.json,10840,artifact/result/report folder,"keep if cited, otherwise archive by domain"
satelite/dashboard/public/artifacts/history/massive_sweep_2026-05-21T10-09-25Z.json,satelite,.json,10840,artifact/result/report folder,"keep if cited, otherwise archive by domain"
satelite/dashboard/public/artifacts/sessions/lorenz.json,satelite,.json,5167,artifact/result/report folder,"keep if cited, otherwise archive by domain"
satelite/dashboard/public/artifacts/sessions/lorenz_isolation_noise0_seed42.json,satelite,.json,5210,artifact/result/report folder,"keep if cited, otherwise archive by domain"
satelite/dashboard/public/artifacts/sessions/lorenz_isolation_noise1_seed42.json,satelite,.json,2750,artifact/result/report folder,"keep if cited, otherwise archive by domain"
satelite/dashboard/public/artifacts/sessions/lorenz_noise_0.0.json,satelite,.json,5177,artifact/result/report folder,"keep if cited, otherwise archive by domain"
satelite/dashboard/public/artifacts/sessions/lorenz_noise_0.0000_seed_1337.json,satelite,.json,2699,artifact/result/report folder,"keep if cited, otherwise archive by domain"
satelite/dashboard/public/artifacts/sessions/lorenz_noise_0.0000_seed_42.json,satelite,.json,2696,artifact/result/report folder,"keep if cited, otherwise archive by domain"
satelite/dashboard/public/artifacts/sessions/lorenz_noise_0.0000_seed_9001.json,satelite,.json,2699,artifact/result/report folder,"keep if cited, otherwise archive by domain"
satelite/dashboard/public/artifacts/sessions/lorenz_noise_0.2.json,satelite,.json,5199,artifact/result/report folder,"keep if cited, otherwise archive by domain"
satelite/dashboard/public/artifacts/sessions/lorenz_noise_0.2222_seed_1337.json,satelite,.json,2715,artifact/result/report folder,"keep if cited, otherwise archive by domain"
satelite/dashboard/public/artifacts/sessions/lorenz_noise_0.2222_seed_42.json,satelite,.json,2700,artifact/result/report folder,"keep if cited, otherwise archive by domain"
satelite/dashboard/public/artifacts/sessions/lorenz_noise_0.2222_seed_9001.json,satelite,.json,2706,artifact/result/report folder,"keep if cited, otherwise archive by domain"
satelite/dashboard/public/artifacts/sessions/lorenz_noise_0.2500_seed_42.json,satelite,.json,5235,artifact/result/report folder,"keep if cited, otherwise archive by domain"
satelite/dashboard/public/artifacts/sessions/lorenz_noise_0.4444_seed_1337.json,satelite,.json,2714,artifact/result/report folder,"keep if cited, otherwise archive by domain"
satelite/dashboard/public/artifacts/sessions/lorenz_noise_0.4444_seed_42.json,satelite,.json,2705,artifact/result/report folder,"keep if cited, otherwise archive by domain"
satelite/dashboard/public/artifacts/sessions/lorenz_noise_0.4444_seed_9001.json,satelite,.json,2703,artifact/result/report folder,"keep if cited, otherwise archive by domain"
satelite/dashboard/public/artifacts/sessions/lorenz_noise_0.5.json,satelite,.json,5205,artifact/result/report folder,"keep if cited, otherwise archive by domain"
satelite/dashboard/public/artifacts/sessions/lorenz_noise_0.5000_seed_42.json,satelite,.json,5194,artifact/result/report folder,"keep if cited, otherwise archive by domain"
satelite/dashboard/public/artifacts/sessions/lorenz_noise_0.6667_seed_1337.json,satelite,.json,2716,artifact/result/report folder,"keep if cited, otherwise archive by domain"
satelite/dashboard/public/artifacts/sessions/lorenz_noise_0.6667_seed_42.json,satelite,.json,2711,artifact/result/report folder,"keep if cited, otherwise archive by domain"
satelite/dashboard/public/artifacts/sessions/lorenz_noise_0.6667_seed_9001.json,satelite,.json,2714,artifact/result/report folder,"keep if cited, otherwise archive by domain"
satelite/dashboard/public/artifacts/sessions/lorenz_noise_0.7500_seed_42.json,satelite,.json,5195,artifact/result/report folder,"keep if cited, otherwise archive by domain"
satelite/dashboard/public/artifacts/sessions/lorenz_noise_0.8889_seed_1337.json,satelite,.json,2719,artifact/result/report folder,"keep if cited, otherwise archive by domain"
satelite/dashboard/public/artifacts/sessions/lorenz_noise_0.8889_seed_42.json,satelite,.json,2715,artifact/result/report folder,"keep if cited, otherwise archive by domain"
satelite/dashboard/public/artifacts/sessions/lorenz_noise_0.8889_seed_9001.json,satelite,.json,2716,artifact/result/report folder,"keep if cited, otherwise archive by domain"
satelite/dashboard/public/artifacts/sessions/lorenz_noise_1.0000_seed_42.json,satelite,.json,5235,artifact/result/report folder,"keep if cited, otherwise archive by domain"
satelite/dashboard/public/artifacts/sessions/lorenz_noise_1.1111_seed_1337.json,satelite,.json,2718,artifact/result/report folder,"keep if cited, otherwise archive by domain"
satelite/dashboard/public/artifacts/sessions/lorenz_noise_1.1111_seed_1337_debug.json,satelite,.json,3071,artifact/result/report folder,"keep if cited, otherwise archive by domain"
satelite/dashboard/public/artifacts/sessions/lorenz_noise_1.1111_seed_42.json,satelite,.json,2716,artifact/result/report folder,"keep if cited, otherwise archive by domain"
satelite/dashboard/public/artifacts/sessions/lorenz_noise_1.1111_seed_9001.json,satelite,.json,2718,artifact/result/report folder,"keep if cited, otherwise archive by domain"
satelite/dashboard/public/artifacts/sessions/lorenz_noise_1.3333_seed_1337.json,satelite,.json,2722,artifact/result/report folder,"keep if cited, otherwise archive by domain"
satelite/dashboard/public/artifacts/sessions/lorenz_noise_1.3333_seed_42.json,satelite,.json,2714,artifact/result/report folder,"keep if cited, otherwise archive by domain"
satelite/dashboard/public/artifacts/sessions/lorenz_noise_1.3333_seed_9001.json,satelite,.json,2721,artifact/result/report folder,"keep if cited, otherwise archive by domain"
satelite/dashboard/public/artifacts/sessions/lorenz_noise_1.5556_seed_1337.json,satelite,.json,2718,artifact/result/report folder,"keep if cited, otherwise archive by domain"
satelite/dashboard/public/artifacts/sessions/lorenz_noise_1.5556_seed_42.json,satelite,.json,2715,artifact/result/report folder,"keep if cited, otherwise archive by domain"
satelite/dashboard/public/artifacts/sessions/lorenz_noise_1.5556_seed_9001.json,satelite,.json,2718,artifact/result/report folder,"keep if cited, otherwise archive by domain"
satelite/dashboard/public/artifacts/sessions/lorenz_noise_1.7778_seed_1337.json,satelite,.json,2718,artifact/result/report folder,"keep if cited, otherwise archive by domain"
satelite/dashboard/public/artifacts/sessions/lorenz_noise_1.7778_seed_42.json,satelite,.json,2715,artifact/result/report folder,"keep if cited, otherwise archive by domain"
satelite/dashboard/public/artifacts/sessions/lorenz_noise_1.7778_seed_9001.json,satelite,.json,2716,artifact/result/report folder,"keep if cited, otherwise archive by domain"
satelite/dashboard/public/artifacts/sessions/lorenz_noise_2.0000_seed_1337.json,satelite,.json,2717,artifact/result/report folder,"keep if cited, otherwise archive by domain"
satelite/dashboard/public/artifacts/sessions/lorenz_noise_2.0000_seed_42.json,satelite,.json,2712,artifact/result/report folder,"keep if cited, otherwise archive by domain"
satelite/dashboard/public/artifacts/sessions/lorenz_noise_2.0000_seed_9001.json,satelite,.json,2717,artifact/result/report folder,"keep if cited, otherwise archive by domain"
satelite/dashboard/public/artifacts/sessions/rossler_noise_0.0000_seed_1337.json,satelite,.json,2710,artifact/result/report folder,"keep if cited, otherwise archive by domain"
satelite/dashboard/public/artifacts/sessions/rossler_noise_0.0000_seed_42.json,satelite,.json,2704,artifact/result/report folder,"keep if cited, otherwise archive by domain"
satelite/dashboard/public/artifacts/sessions/rossler_noise_0.0000_seed_9001.json,satelite,.json,2707,artifact/result/report folder,"keep if cited, otherwise archive by domain"
satelite/dashboard/public/artifacts/sessions/rossler_noise_0.2222_seed_1337.json,satelite,.json,2712,artifact/result/report folder,"keep if cited, otherwise archive by domain"
satelite/dashboard/public/artifacts/sessions/rossler_noise_0.2222_seed_42.json,satelite,.json,2708,artifact/result/report folder,"keep if cited, otherwise archive by domain"
satelite/dashboard/public/artifacts/sessions/rossler_noise_0.2222_seed_9001.json,satelite,.json,2717,artifact/result/report folder,"keep if cited, otherwise archive by domain"
satelite/dashboard/public/artifacts/sessions/rossler_noise_0.2500_seed_42.json,satelite,.json,5196,artifact/result/report folder,"keep if cited, otherwise archive by domain"
satelite/dashboard/public/artifacts/sessions/rossler_noise_0.4444_seed_1337.json,satelite,.json,2717,artifact/result/report folder,"keep if cited, otherwise archive by domain"
satelite/dashboard/public/artifacts/sessions/rossler_noise_0.4444_seed_42.json,satelite,.json,2708,artifact/result/report folder,"keep if cited, otherwise archive by domain"
satelite/dashboard/public/artifacts/sessions/rossler_noise_0.4444_seed_9001.json,satelite,.json,2713,artifact/result/report folder,"keep if cited, otherwise archive by domain"
satelite/dashboard/public/artifacts/sessions/rossler_noise_0.5000_seed_42.json,satelite,.json,5194,artifact/result/report folder,"keep if cited, otherwise archive by domain"
satelite/dashboard/public/artifacts/sessions/rossler_noise_0.6667_seed_1337.json,satelite,.json,2713,artifact/result/report folder,"keep if cited, otherwise archive by domain"
satelite/dashboard/public/artifacts/sessions/rossler_noise_0.6667_seed_42.json,satelite,.json,2711,artifact/result/report folder,"keep if cited, otherwise archive by domain"
satelite/dashboard/public/artifacts/sessions/rossler_noise_0.6667_seed_9001.json,satelite,.json,2712,artifact/result/report folder,"keep if cited, otherwise archive by domain"
satelite/dashboard/public/artifacts/sessions/rossler_noise_0.7500_seed_42.json,satelite,.json,5196,artifact/result/report folder,"keep if cited, otherwise archive by domain"
satelite/dashboard/public/artifacts/sessions/rossler_noise_0.8889_seed_1337.json,satelite,.json,2713,artifact/result/report folder,"keep if cited, otherwise archive by domain"
satelite/dashboard/public/artifacts/sessions/rossler_noise_0.8889_seed_42.json,satelite,.json,2712,artifact/result/report folder,"keep if cited, otherwise archive by domain"
satelite/dashboard/public/artifacts/sessions/rossler_noise_0.8889_seed_9001.json,satelite,.json,2713,artifact/result/report folder,"keep if cited, otherwise archive by domain"
satelite/dashboard/public/artifacts/sessions/rossler_noise_1.0000_seed_42.json,satelite,.json,5236,artifact/result/report folder,"keep if cited, otherwise archive by domain"
satelite/dashboard/public/artifacts/sessions/rossler_noise_1.1111_seed_1337.json,satelite,.json,2715,artifact/result/report folder,"keep if cited, otherwise archive by domain"
satelite/dashboard/public/artifacts/sessions/rossler_noise_1.1111_seed_42.json,satelite,.json,2711,artifact/result/report folder,"keep if cited, otherwise archive by domain"
satelite/dashboard/public/artifacts/sessions/rossler_noise_1.1111_seed_9001.json,satelite,.json,2714,artifact/result/report folder,"keep if cited, otherwise archive by domain"
satelite/dashboard/public/artifacts/sessions/rossler_noise_1.3333_seed_1337.json,satelite,.json,2718,artifact/result/report folder,"keep if cited, otherwise archive by domain"
satelite/dashboard/public/artifacts/sessions/rossler_noise_1.3333_seed_42.json,satelite,.json,2713,artifact/result/report folder,"keep if cited, otherwise archive by domain"
satelite/dashboard/public/artifacts/sessions/rossler_noise_1.3333_seed_9001.json,satelite,.json,2720,artifact/result/report folder,"keep if cited, otherwise archive by domain"
satelite/dashboard/public/artifacts/sessions/rossler_noise_1.5556_seed_1337.json,satelite,.json,2719,artifact/result/report folder,"keep if cited, otherwise archive by domain"
satelite/dashboard/public/artifacts/sessions/rossler_noise_1.5556_seed_42.json,satelite,.json,2712,artifact/result/report folder,"keep if cited, otherwise archive by domain"
satelite/dashboard/public/artifacts/sessions/rossler_noise_1.5556_seed_9001.json,satelite,.json,2716,artifact/result/report folder,"keep if cited, otherwise archive by domain"
satelite/dashboard/public/artifacts/sessions/rossler_noise_1.7778_seed_1337.json,satelite,.json,2718,artifact/result/report folder,"keep if cited, otherwise archive by domain"
satelite/dashboard/public/artifacts/sessions/rossler_noise_1.7778_seed_42.json,satelite,.json,2714,artifact/result/report folder,"keep if cited, otherwise archive by domain"
satelite/dashboard/public/artifacts/sessions/rossler_noise_1.7778_seed_9001.json,satelite,.json,2717,artifact/result/report folder,"keep if cited, otherwise archive by domain"
satelite/dashboard/public/artifacts/sessions/rossler_noise_2.0000_seed_1337.json,satelite,.json,2717,artifact/result/report folder,"keep if cited, otherwise archive by domain"
satelite/dashboard/public/artifacts/sessions/rossler_noise_2.0000_seed_42.json,satelite,.json,2715,artifact/result/report folder,"keep if cited, otherwise archive by domain"
satelite/dashboard/public/artifacts/sessions/rossler_noise_2.0000_seed_9001.json,satelite,.json,2714,artifact/result/report folder,"keep if cited, otherwise archive by domain"
satelite/dashboard/public/artifacts/sessions/smoke_test.json,satelite,.json,2669,artifact/result/report folder,"keep if cited, otherwise archive by domain"
satelite/dashboard/public/artifacts/sessions/test_graph.json,satelite,.json,3014,artifact/result/report folder,"keep if cited, otherwise archive by domain"
satelite/dashboard/public/artifacts/sessions/test_phase6_pipeline.json,satelite,.json,2688,artifact/result/report folder,"keep if cited, otherwise archive by domain"
satelite/dashboard/public/artifacts/sessions/VerificationExperiment.json,satelite,.json,5931,artifact/result/report folder,"keep if cited, otherwise archive by domain"
satelite/dashboard/public/artifacts/telemetry/lorenz_telemetry.json,satelite,.json,19048,artifact/result/report folder,"keep if cited, otherwise archive by domain"
satelite/dashboard/public/artifacts/sessions/experiment_001/benchmark.json,satelite,.json,383,artifact/result/report folder,"keep if cited, otherwise archive by domain"
satelite/dashboard/public/artifacts/sessions/experiment_001/embeddings.json,satelite,.json,522,artifact/result/report folder,"keep if cited, otherwise archive by domain"
satelite/dashboard/public/artifacts/sessions/experiment_001/logs.json,satelite,.json,1077,artifact/result/report folder,"keep if cited, otherwise archive by domain"
satelite/dashboard/public/artifacts/sessions/experiment_001/metadata.json,satelite,.json,542,artifact/result/report folder,"keep if cited, otherwise archive by domain"
satelite/dashboard/public/artifacts/sessions/experiment_001/telemetry.json,satelite,.json,826,artifact/result/report folder,"keep if cited, otherwise archive by domain"
satelite/dashboard/public/artifacts/sessions/experiment_002/benchmark.json,satelite,.json,383,artifact/result/report folder,"keep if cited, otherwise archive by domain"
satelite/dashboard/public/artifacts/sessions/experiment_002/embeddings.json,satelite,.json,522,artifact/result/report folder,"keep if cited, otherwise archive by domain"
satelite/dashboard/public/artifacts/sessions/experiment_002/logs.json,satelite,.json,1317,artifact/result/report folder,"keep if cited, otherwise archive by domain"
satelite/dashboard/public/artifacts/sessions/experiment_002/metadata.json,satelite,.json,594,artifact/result/report folder,"keep if cited, otherwise archive by domain"
satelite/dashboard/public/artifacts/sessions/experiment_002/telemetry.json,satelite,.json,829,artifact/result/report folder,"keep if cited, otherwise archive by domain"
satelite/physics/artifacts/experiments.db,satelite,.db,12288,artifact/result/report folder,"keep if cited, otherwise archive by domain"
satelite/satellite/models/scaler_X.pkl,satelite,.pkl,521,generated extension or report pattern,"keep if cited, otherwise archive by domain"
satelite/satellite/models/scaler_y.pkl,satelite,.pkl,497,generated extension or report pattern,"keep if cited, otherwise archive by domain"
satelite/satellite/models/surrogate_rf.pkl,satelite,.pkl,1508967,generated extension or report pattern,"keep if cited, otherwise archive by domain"
satelite/satellite/models/surrogate_rf_calibrated.pkl,satelite,.pkl,1920080,generated extension or report pattern,"keep if cited, otherwise archive by domain"
satelite/satellite/models/surrogate_xgb.pkl,satelite,.pkl,1189671,generated extension or report pattern,"keep if cited, otherwise archive by domain"
