file,source_domain,target_domain,import,cross_domain,note
run_all_benchmarks.py,<root>,quantum,quantum.integration.qiskit_adapter,False,
run_all_benchmarks.py,<root>,quantum,quantum.integration.pyzx_adapter,False,
run_all_benchmarks.py,<root>,quantum,quantum.integration.tket_adapter,False,
run_all_benchmarks.py,<root>,quantum,quantum.integration.bqskit_adapter,False,
run_all_benchmarks.py,<root>,quantum,quantum.integration.cirq_adapter,False,
run_all_benchmarks.py,<root>,quantum,quantum.optimization.qubit_placement,False,
run_all_benchmarks.py,<root>,quantum,quantum.optimization.routing_engine,False,
run_all_benchmarks.py,<root>,quantum,quantum.optimization.calibration_model,False,
run_all_benchmarks.py,<root>,quantum,quantum.optimization.hardware_cost_model,False,
run_all_benchmarks.py,<root>,quantum,quantum.optimization.qiskit_plugin,False,
run_all_benchmarks.py,<root>,quantum,quantum.optimization.motif_discovery,False,
run_all_benchmarks.py,<root>,quantum,quantum.optimization.motif_knowledge_graph,False,
run_all_benchmarks.py,<root>,quantum,quantum.optimization.motif_ranking,False,
run_all_benchmarks.py,<root>,quantum,quantum.optimization.motif_rewriter,False,
run_all_benchmarks.py,<root>,quantum,quantum.optimization.motif_economic_analysis,False,
run_all_benchmarks.py,<root>,quantum,quantum.optimization.execution_cost_model,False,
run_all_benchmarks.py,<root>,quantum,quantum.optimization.ip_portfolio_valuation,False,
run_all_benchmarks.py,<root>,quantum,quantum.optimization.licensing_model,False,
run_all_benchmarks.py,<root>,quantum,quantum.optimization.knowledge_flywheel,False,
run_all_benchmarks.py,<root>,quantum,quantum.optimization.knowledge_value_model,False,
run_all_benchmarks.py,<root>,quantum,quantum.optimization.competitive_gap_model,False,
run_all_benchmarks.py,<root>,quantum,quantum.optimization.network_effect_model,False,
run_all_benchmarks.py,<root>,quantum,quantum.optimization.platform_transition,False,
run_all_benchmarks.py,<root>,quantum,quantum.optimization.economic_moat,False,
run_all_benchmarks.py,<root>,quantum,quantum.evolution.population_manager,False,
run_all_benchmarks.py,<root>,quantum,quantum.evolution.evolution_engine,False,
run_all_benchmarks.py,<root>,quantum,quantum.critics.quantum_critic,False,
run_all_benchmarks.py,<root>,quantum,quantum.sandbox.qiskit_quantum_sandbox,False,
run_all_benchmarks.py,<root>,quantum,quantum.optimization.pyzx_optimizer,False,
benchmarks/run_all_benchmarks.py,benchmarks,quantum,quantum.integration.qiskit_adapter,True,
benchmarks/run_all_benchmarks.py,benchmarks,quantum,quantum.integration.pyzx_adapter,True,
benchmarks/run_all_benchmarks.py,benchmarks,quantum,quantum.integration.tket_adapter,True,
benchmarks/run_all_benchmarks.py,benchmarks,quantum,quantum.integration.bqskit_adapter,True,
benchmarks/run_all_benchmarks.py,benchmarks,quantum,quantum.integration.cirq_adapter,True,
benchmarks/run_all_benchmarks.py,benchmarks,quantum,quantum.optimization.qubit_placement,True,
benchmarks/run_all_benchmarks.py,benchmarks,quantum,quantum.optimization.routing_engine,True,
benchmarks/run_all_benchmarks.py,benchmarks,quantum,quantum.optimization.calibration_model,True,
benchmarks/run_all_benchmarks.py,benchmarks,quantum,quantum.optimization.hardware_cost_model,True,
benchmarks/run_all_benchmarks.py,benchmarks,quantum,quantum.optimization.qiskit_plugin,True,
benchmarks/run_all_benchmarks.py,benchmarks,quantum,quantum.optimization.motif_discovery,True,
benchmarks/run_all_benchmarks.py,benchmarks,quantum,quantum.optimization.motif_knowledge_graph,True,
benchmarks/run_all_benchmarks.py,benchmarks,quantum,quantum.optimization.motif_ranking,True,
benchmarks/run_all_benchmarks.py,benchmarks,quantum,quantum.optimization.motif_rewriter,True,
benchmarks/run_all_benchmarks.py,benchmarks,quantum,quantum.optimization.motif_economic_analysis,True,
benchmarks/run_all_benchmarks.py,benchmarks,quantum,quantum.optimization.execution_cost_model,True,
benchmarks/run_all_benchmarks.py,benchmarks,quantum,quantum.optimization.ip_portfolio_valuation,True,
benchmarks/run_all_benchmarks.py,benchmarks,quantum,quantum.optimization.licensing_model,True,
benchmarks/run_all_benchmarks.py,benchmarks,quantum,quantum.optimization.knowledge_flywheel,True,
benchmarks/run_all_benchmarks.py,benchmarks,quantum,quantum.optimization.knowledge_value_model,True,
benchmarks/run_all_benchmarks.py,benchmarks,quantum,quantum.optimization.competitive_gap_model,True,
benchmarks/run_all_benchmarks.py,benchmarks,quantum,quantum.optimization.network_effect_model,True,
benchmarks/run_all_benchmarks.py,benchmarks,quantum,quantum.optimization.platform_transition,True,
benchmarks/run_all_benchmarks.py,benchmarks,quantum,quantum.optimization.economic_moat,True,
benchmarks/run_all_benchmarks.py,benchmarks,quantum,quantum.evolution.population_manager,True,
benchmarks/run_all_benchmarks.py,benchmarks,quantum,quantum.evolution.evolution_engine,True,
benchmarks/run_all_benchmarks.py,benchmarks,quantum,quantum.critics.quantum_critic,True,
benchmarks/run_all_benchmarks.py,benchmarks,quantum,quantum.sandbox.qiskit_quantum_sandbox,True,
benchmarks/run_all_benchmarks.py,benchmarks,quantum,quantum.optimization.pyzx_optimizer,True,
dashboard/app.py,dashboard,dashboard,dashboard.warp_page,False,
physics/ablation_study.py,physics,core,core.autonomous.latent_snapshot_exporter,True,
physics/adversarial_scientific_validation.py,physics,physics,physics.core.base_module,False,
physics/adversarial_scientific_validation.py,physics,physics,physics.physics_sanity_engine,False,
physics/adversarial_scientific_validation.py,physics,physics,physics.scientific_guard,False,
physics/adversarial_scientific_validation.py,physics,physics,physics.bias_detector,False,
physics/adversarial_scientific_validation.py,physics,physics,physics.multi_agent_system,False,
physics/adversarial_scientific_validation.py,physics,physics,physics.scientific_memory_advanced,False,
physics/adversarial_scientific_validation.py,physics,physics,physics.autonomous_scientific_cycle,False,
physics/adversarial_scientific_validation.py,physics,physics,physics.knowledge_graph,False,
physics/adversarial_scientific_validation.py,physics,core,core.base_module,True,
physics/autonomous_scientific_cycle.py,physics,physics,physics.core.base_module,False,
physics/autonomous_scientific_cycle.py,physics,physics,physics.cross_domain_transfer,False,
physics/autonomous_scientific_cycle.py,physics,physics,physics.distributed_execution,False,
physics/autonomous_scientific_cycle.py,physics,physics,physics.domain_adaptation,False,
physics/autonomous_scientific_cycle.py,physics,physics,physics.frontier_discovery,False,
physics/autonomous_scientific_cycle.py,physics,physics,physics.knowledge_graph,False,
physics/autonomous_scientific_cycle.py,physics,physics,physics.meta_learning_engine,False,
physics/autonomous_scientific_cycle.py,physics,physics,physics.multi_agent_system,False,
physics/autonomous_scientific_cycle.py,physics,physics,physics.physics_sanity_engine,False,
physics/autonomous_scientific_cycle.py,physics,physics,physics.scientific_guard,False,
physics/autonomous_scientific_cycle.py,physics,physics,physics.scientific_memory_advanced,False,
physics/autonomous_scientific_cycle.py,physics,core,core.base_module,True,
physics/benchmark_scientific_system.py,physics,core,core.autonomous.latent_snapshot_exporter,True,
physics/benchmark_scientific_system.py,physics,physics,physics.core.autonomous.autonomous_scientist,False,
physics/bias_detector.py,physics,physics,physics.core.base_module,False,
physics/bias_detector.py,physics,core,core.base_module,True,
physics/blind_scientific_benchmark.py,physics,physics,physics.core.base_module,False,
physics/blind_scientific_benchmark.py,physics,physics,physics.core.neurosymbolic.symbolic,False,
physics/blind_scientific_benchmark.py,physics,physics,physics.agents.theory_critic,False,
physics/blind_scientific_benchmark.py,physics,physics,physics.agents.hypothesis_generator,False,
physics/cross_domain_transfer.py,physics,physics,physics.core.base_module,False,
physics/cross_domain_transfer.py,physics,physics,physics.domain_adaptation,False,
physics/cross_domain_transfer.py,physics,physics,physics.real_data_ingestor,False,
physics/cross_domain_transfer.py,physics,core,core.base_module,True,
physics/deep_representation_audit.py,physics,core,core.empirical.causal_continuity_audit,True,
physics/distributed_execution.py,physics,physics,physics.core.base_module,False,
physics/distributed_execution.py,physics,core,core.base_module,True,
physics/domain_adaptation.py,physics,physics,physics.core.base_module,False,
physics/domain_adaptation.py,physics,physics,physics.neurosymbolic.audit,False,
physics/domain_adaptation.py,physics,core,core.base_module,True,
physics/epistemic_calibration_audit.py,physics,physics,physics.core.base_module,False,
physics/epistemic_calibration_audit.py,physics,physics,physics.knowledge_graph,False,
physics/epistemic_calibration_audit.py,physics,physics,physics.scientific_memory_advanced,False,
physics/epistemic_calibration_audit.py,physics,core,core.base_module,True,
physics/epistemic_hardening_engine.py,physics,physics,physics.core.base_module,False,
physics/epistemic_hardening_engine.py,physics,physics,physics.epistemic_calibration_audit,False,
physics/epistemic_hardening_engine.py,physics,physics,physics.scientific_memory_advanced,False,
physics/epistemic_hardening_engine.py,physics,core,core.base_module,True,
physics/ev3_neural.py,physics,core,core.autonomous.latent_snapshot_exporter,True,
physics/expert_validation.py,physics,physics,physics.core.base_module,False,
physics/expert_validation.py,physics,core,core.base_module,True,
physics/feature_redundancy_analysis.py,physics,core,core.autonomous.latent_snapshot_exporter,True,
physics/frontier_discovery.py,physics,physics,physics.core.base_module,False,
physics/frontier_discovery.py,physics,physics,physics.knowledge_graph,False,
physics/frontier_discovery.py,physics,physics,physics.meta_learning_engine,False,
physics/frontier_discovery.py,physics,physics,physics.multi_agent_system,False,
physics/frontier_discovery.py,physics,physics,physics.physics_sanity_engine,False,
physics/frontier_discovery.py,physics,physics,physics.scientific_guard,False,
physics/frontier_discovery.py,physics,physics,physics.scientific_memory_advanced,False,
physics/frontier_discovery.py,physics,core,core.base_module,True,
physics/longitudinal_stability_audit.py,physics,physics,physics.core.base_module,False,
physics/longitudinal_stability_audit.py,physics,physics,physics.autonomous_scientific_cycle,False,
physics/longitudinal_stability_audit.py,physics,physics,physics.epistemic_calibration_audit,False,
physics/longitudinal_stability_audit.py,physics,physics,physics.epistemic_hardening_engine,False,
physics/longitudinal_stability_audit.py,physics,physics,physics.scientific_memory_advanced,False,
physics/longitudinal_stability_audit.py,physics,physics,physics.knowledge_graph,False,
physics/longitudinal_stability_audit.py,physics,core,core.base_module,True,
physics/memory_consolidation_engine.py,physics,physics,physics.core.base_module,False,
physics/memory_consolidation_engine.py,physics,physics,physics.scientific_memory_advanced,False,
physics/memory_consolidation_engine.py,physics,physics,physics.knowledge_graph,False,
physics/memory_consolidation_engine.py,physics,core,core.base_module,True,
physics/meta_learning_engine.py,physics,physics,physics.core.base_module,False,
physics/meta_learning_engine.py,physics,physics,physics.core.model_registry,False,
physics/meta_learning_engine.py,physics,physics,physics.knowledge_graph,False,
physics/meta_learning_engine.py,physics,core,core.base_module,True,
physics/meta_learning_engine.py,physics,core,core.model_registry,True,
physics/multi_agent_system.py,physics,physics,physics.core.base_module,False,
physics/multi_agent_system.py,physics,physics,physics.physics_sanity_engine,False,
physics/multi_agent_system.py,physics,physics,physics.scientific_guard,False,
physics/multi_agent_system.py,physics,core,core.base_module,True,
physics/neural_ode_module.py,physics,physics,physics.core.neurosymbolic.neural_ode,False,
physics/null_models.py,physics,core,core.autonomous.latent_snapshot_exporter,True,
physics/physical_lab_interface.py,physics,satellite,satellite.thermal.fdir_engine,True,
physics/physical_lab_interface.py,physics,satellite,satellite.thermal.hardware_in_the_loop,True,
physics/physical_lab_interface.py,physics,satellite,satellite.thermal.hil_real_hardware,True,
physics/physical_lab_interface.py,physics,physics,physics.core.base_module,False,
physics/physical_lab_interface.py,physics,physics,physics.scientific_guard,False,
physics/physical_lab_interface.py,physics,core,core.base_module,True,
physics/physics_sanity_engine.py,physics,physics,physics.core.base_module,False,
physics/physics_sanity_engine.py,physics,physics,physics.scientific_guard,False,
physics/physics_sanity_engine.py,physics,physics,physics.symbolic_discovery,False,
physics/physics_sanity_engine.py,physics,physics,physics.synthetic_systems,False,
physics/physics_sanity_engine.py,physics,core,core.base_module,True,
physics/plugin.py,physics,core,core.domains.domain_registry,True,
physics/plugin.py,physics,physics,physics.factories.classical_factory,False,
physics/qg_autonomous_discovery.py,physics,physics,physics.core.autonomous.autonomous_scientist,False,
physics/quantum_gravity_features.py,physics,core,core.autonomous.latent_snapshot_exporter,True,
physics/reality_gap_audit.py,physics,physics,physics.core.base_module,False,
physics/reality_gap_audit.py,physics,core,core.base_module,True,
physics/real_data_ingestor.py,physics,physics,physics.core.base_module,False,
physics/real_data_ingestor.py,physics,physics,physics.core.autonomous.latent_snapshot_exporter,False,
physics/real_data_ingestor.py,physics,core,core.base_module,True,
physics/real_data_ingestor.py,physics,core,core.autonomous.latent_snapshot_exporter,True,
physics/reproducibility_audit.py,physics,core,core.autonomous.latent_snapshot_exporter,True,
physics/reproducibility_verification.py,physics,physics,physics.core.base_module,False,
physics/robustness_audit.py,physics,core,core.autonomous.latent_snapshot_exporter,True,
physics/robustness_audit.py,physics,core,core.autonomous.latent_snapshot_exporter,True,
physics/robustness_stress_test.py,physics,core,core.autonomous.latent_snapshot_exporter,True,
physics/run_autonomous_sweep.py,physics,core,core.autonomous,True,
physics/run_massive_sweep.py,physics,core,core.autonomous,True,
physics/run_pipeline.py,physics,core,core.io,True,
physics/run_pipeline.py,physics,physics,physics.core.autonomous.autonomous_scientist,False,
physics/scientific_impact_assessment.py,physics,physics,physics.core.base_module,False,
physics/scientific_impact_assessment.py,physics,core,core.base_module,True,
physics/scientific_memory_advanced.py,physics,physics,physics.core.base_module,False,
physics/scientific_memory_advanced.py,physics,physics,physics.core.model_registry,False,
physics/scientific_memory_advanced.py,physics,physics,physics.knowledge_graph,False,
physics/scientific_memory_advanced.py,physics,core,core.abstractions.base_memory,True,
physics/scientific_memory_advanced.py,physics,core,core.base_module,True,
physics/scientific_memory_advanced.py,physics,core,core.model_registry,True,
physics/scientific_readiness_assessment.py,physics,physics,physics.core.base_module,False,
physics/scientific_readiness_assessment.py,physics,core,core.base_module,True,
physics/sota_benchmark.py,physics,core,core.autonomous.latent_snapshot_exporter,True,
physics/stress_test_autonomous.py,physics,physics,physics.core.autonomous.autonomous_scientist,False,
physics/stress_test_autonomous.py,physics,physics,physics.core.autonomous.llm_reasoner,False,
physics/stress_test_autonomous.py,physics,physics,physics.core.autonomous.sandbox_executor,False,
physics/symbolic_discovery.py,physics,physics,physics.core.neurosymbolic.symbolic,False,
physics/symbolic_discovery.py,physics,core,core.autonomous.latent_snapshot_exporter,True,
physics/system_audit_phase18.py,physics,physics,physics.core.artifact_manager,False,
physics/system_audit_phase18.py,physics,physics,physics.core.base_module,False,
physics/system_audit_phase18.py,physics,physics,physics.core.config_manager,False,
physics/system_audit_phase18.py,physics,physics,physics.core.report_manager,False,
physics/system_audit_phase18.py,physics,core,core.artifact_manager,True,
physics/system_audit_phase18.py,physics,core,core.base_module,True,
physics/system_audit_phase18.py,physics,core,core.config_manager,True,
physics/system_audit_phase18.py,physics,core,core.report_manager,True,
physics/system_maturation_phase.py,physics,physics,physics.core.base_module,False,
physics/system_maturation_phase.py,physics,physics,physics.meta_learning_engine,False,
physics/system_maturation_phase.py,physics,physics,physics.multi_agent_system,False,
physics/system_maturation_phase.py,physics,physics,physics.scientific_memory_advanced,False,
physics/system_maturation_phase.py,physics,core,core.base_module,True,
physics/system_maturity_assessment.py,physics,physics,physics.core.base_module,False,
physics/system_maturity_assessment.py,physics,core,core.base_module,True,
physics/theory_autowriter.py,physics,physics,physics.core.base_module,False,
physics/theory_autowriter.py,physics,physics,physics.physics_sanity_engine,False,
physics/theory_autowriter.py,physics,physics,physics.scientific_guard,False,
physics/theory_autowriter.py,physics,core,core.base_module,True,
physics/ucr_loader.py,physics,core,core.autonomous.latent_snapshot_exporter,True,
quantum/plugin.py,quantum,core,core.domains.domain_registry,True,
quantum/plugin.py,quantum,quantum,quantum.factories.quantum_factory,False,
satelite/plugin.py,satelite,core,core.domains.domain_registry,True,
satelite/plugin.py,satelite,core,core.orchestration.scientific_container,True,
tests/test_abstractions.py,tests,core,core.abstractions.base_hypothesis_generator,True,
tests/test_abstractions.py,tests,core,core.abstractions.base_critic,True,
tests/test_abstractions.py,tests,core,core.abstractions.base_sandbox,True,
tests/test_abstractions.py,tests,core,core.abstractions.base_memory,True,
tests/test_abstractions.py,tests,physics,physics.adapters.classical_hypothesis_generator,True,
tests/test_abstractions.py,tests,physics,physics.adapters.classical_physics_critic,True,
tests/test_abstractions.py,tests,physics,physics.agents.hypothesis_generator,True,
tests/test_causal_observability.py,tests,quantum,quantum.evolution.population_manager,True,
tests/test_causal_observability.py,tests,quantum,quantum.sandbox.qiskit_quantum_sandbox,True,
tests/test_causal_observability.py,tests,quantum,quantum.critics.quantum_critic,True,
tests/test_causal_observability.py,tests,quantum,quantum.memory.quantum_memory,True,
tests/test_causal_observability.py,tests,quantum,quantum.evolution.evolution_engine,True,
tests/test_causal_observability.py,tests,core,core.observability.dashboard,True,
tests/test_confidence_weighted_retrieval.py,tests,quantum,quantum.memory.quantum_memory,True,
tests/test_confidence_weighted_retrieval.py,tests,quantum,quantum.evolution.evolution_engine,True,
tests/test_confidence_weighted_retrieval.py,tests,quantum,quantum.evolution.population_manager,True,
tests/test_confidence_weighted_retrieval.py,tests,quantum,quantum.sandbox.qiskit_quantum_sandbox,True,
tests/test_confidence_weighted_retrieval.py,tests,quantum,quantum.critics.quantum_critic,True,
tests/test_dependency_injection.py,tests,core,core.orchestration.scientific_container,True,
tests/test_dependency_injection.py,tests,physics,physics.factories.classical_factory,True,
tests/test_dependency_injection.py,tests,physics,physics.core.autonomous.autonomous_scientist,True,
tests/test_dependency_injection.py,tests,core,core.abstractions.base_hypothesis_generator,True,
tests/test_dependency_injection.py,tests,core,core.abstractions.base_critic,True,
tests/test_dependency_injection.py,tests,core,core.abstractions.base_sandbox,True,
tests/test_dependency_injection.py,tests,core,core.abstractions.base_memory,True,
tests/test_dependency_injection.py,tests,physics,physics.core.autonomous.sandbox_executor,True,
tests/test_dependency_injection.py,tests,physics,physics.core.autonomous.llm_reasoner,True,
tests/test_dependency_injection.py,tests,physics,physics.core.autonomous.autonomous_scientist,True,
tests/test_domain_registry.py,tests,core,core.domains.domain_spec,True,
tests/test_domain_registry.py,tests,core,core.domains.domain_registry,True,
tests/test_domain_registry.py,tests,core,core.domains.plugin_loader,True,
tests/test_domain_registry.py,tests,core,core.orchestration.scientist_factory,True,
tests/test_domain_registry.py,tests,core,core.orchestration.scientific_container,True,
tests/test_domain_registry.py,tests,physics,physics.core.autonomous.autonomous_scientist,True,
tests/test_observability.py,tests,core,core.observability.capability_registry,True,
tests/test_observability.py,tests,core,core.observability.documentation_manager,True,
tests/test_observability.py,tests,core,core.observability.experiment_logger,True,
tests/test_observability.py,tests,core,core.observability.dashboard,True,
tests/test_observability.py,tests,core,core.observability.snapshot_generator,True,
tests/test_pattern_valuation.py,tests,quantum,quantum.knowledge.pattern_valuation,True,
.agent/skills/ui-ux-pro-max/scripts/design_system.py,.agent,core,core,True,
.agent/skills/ui-ux-pro-max/scripts/design_system.py,.agent,core,core,True,
.agent/skills/ui-ux-pro-max/scripts/search.py,.agent,core,core,True,
core/domains/domain_registry.py,core,core,core.domains.domain_spec,False,
core/observability/cli.py,core,core,core.observability.documentation_manager,False,
core/observability/cli.py,core,core,core.observability.snapshot_generator,False,
core/observability/documentation_manager.py,core,core,core.observability.capability_registry,False,
core/observability/documentation_manager.py,core,core,core.observability.snapshot_generator,False,
core/observability/snapshot_generator.py,core,core,core.observability.capability_registry,False,
core/observability/__init__.py,core,core,core.observability.capability_registry,False,
core/observability/__init__.py,core,core,core.observability.snapshot_generator,False,
core/observability/__init__.py,core,core,core.observability.experiment_logger,False,
core/observability/__init__.py,core,core,core.observability.dashboard,False,
core/observability/__init__.py,core,core,core.observability.documentation_manager,False,
core/orchestration/scientist_factory.py,core,core,core.domains.domain_registry,False,
core/orchestration/scientist_factory.py,core,core,core.domains.plugin_loader,False,
core/orchestration/scientist_factory.py,core,physics,physics.core.autonomous.autonomous_scientist,True,
physics/adapters/classical_hypothesis_generator.py,physics,core,core.abstractions.base_hypothesis_generator,True,
physics/adapters/classical_hypothesis_generator.py,physics,physics,physics.agents.hypothesis_generator,False,
physics/adapters/classical_physics_critic.py,physics,core,core.abstractions.base_critic,True,
physics/adapters/classical_physics_critic.py,physics,physics,physics.agents.theory_critic,False,
physics/agents/experiment_planner.py,physics,physics,physics.agents.hypothesis_generator,False,
physics/benchmark/blind_benchmark.py,physics,physics,physics.benchmark.isolated_environment,False,
physics/benchmark/blind_benchmark.py,physics,physics,physics.benchmark.benchmark_scorer,False,
physics/benchmark/blind_benchmark.py,physics,physics,physics.core.autonomous_scientific_cycle,False,
physics/benchmark/blind_benchmark.py,physics,physics,physics.agents.hypothesis_generator,False,
physics/benchmark/blind_benchmark.py,physics,physics,physics.agents.theory_critic,False,
physics/benchmark/blind_benchmark.py,physics,physics,physics.agents.experiment_planner,False,
physics/benchmark/blind_benchmark.py,physics,physics,physics.agents.metric_analyst,False,
physics/benchmark/diagnostic_trace.py,physics,physics,physics.benchmark.isolated_environment,False,
physics/benchmark/diagnostic_trace.py,physics,physics,physics.agents.hypothesis_generator,False,
physics/benchmark/diagnostic_trace.py,physics,physics,physics.agents.theory_critic,False,
physics/benchmark/reproducibility_challenge.py,physics,physics,physics.benchmark.isolated_environment,False,
physics/benchmark/reproducibility_challenge.py,physics,physics,physics.benchmark.benchmark_scorer,False,
physics/benchmark/reproducibility_challenge.py,physics,physics,physics.core.autonomous_scientific_cycle,False,
physics/benchmark/reproducibility_challenge.py,physics,physics,physics.agents.hypothesis_generator,False,
physics/benchmark/reproducibility_challenge.py,physics,physics,physics.agents.theory_critic,False,
physics/benchmark/reproducibility_challenge.py,physics,physics,physics.agents.experiment_planner,False,
physics/benchmark/reproducibility_challenge.py,physics,physics,physics.agents.metric_analyst,False,
physics/core/artifact_manager.py,physics,physics,physics.core.io.artifact_manager,False,
physics/core/artifact_manager.py,physics,core,core.io.artifact_manager,True,
physics/core/autonomous_scientific_cycle.py,physics,physics,physics.core.io.knowledge_graph,False,
physics/core/base_module.py,physics,physics,physics.core.artifact_manager,False,
physics/core/base_module.py,physics,physics,physics.core.config_manager,False,
physics/core/base_module.py,physics,physics,physics.core.experiment_registry,False,
physics/core/base_module.py,physics,physics,physics.core.report_manager,False,
physics/core/base_module.py,physics,core,core.artifact_manager,True,
physics/core/base_module.py,physics,core,core.config_manager,True,
physics/core/base_module.py,physics,core,core.experiment_registry,True,
physics/core/base_module.py,physics,core,core.report_manager,True,
physics/core/experiment_registry.py,physics,physics,physics.experiment_versioning,False,
physics/core/test_cycle.py,physics,physics,physics.core.autonomous_scientific_cycle,False,
physics/factories/classical_factory.py,physics,core,core.orchestration.scientific_container,True,
physics/factories/classical_factory.py,physics,physics,physics.adapters.classical_hypothesis_generator,False,
physics/factories/classical_factory.py,physics,physics,physics.adapters.classical_physics_critic,False,
physics/factories/classical_factory.py,physics,physics,physics.core.autonomous.sandbox_executor,False,
physics/factories/classical_factory.py,physics,physics,physics.scientific_memory_advanced,False,
physics/factories/classical_factory.py,physics,physics,physics.core.autonomous.llm_reasoner,False,
physics/tests/test_adversarial_validation.py,physics,physics,physics.adversarial_scientific_validation,False,
physics/tests/test_blind_benchmark.py,physics,physics,physics.benchmark.isolated_environment,False,
physics/tests/test_blind_benchmark.py,physics,physics,physics.benchmark.benchmark_scorer,False,
physics/tests/test_epistemic_calibration.py,physics,physics,physics.epistemic_calibration_audit,False,
physics/tests/test_epistemic_hardening.py,physics,physics,physics.epistemic_hardening_engine,False,
physics/tests/test_longitudinal_stability.py,physics,physics,physics.longitudinal_stability_audit,False,
physics/tests/test_memory_consolidation.py,physics,physics,physics.memory_consolidation_engine,False,
physics/tests/test_phase1_integration.py,physics,core,core.autonomous.latent_snapshot_exporter,True,
physics/tests/test_phase4_integration.py,physics,core,core.autonomous.latent_snapshot_exporter,True,
physics/tests/test_phase5_integration.py,physics,physics,physics.core.autonomous.llm_reasoner,False,
physics/tests/test_phase5_integration.py,physics,physics,physics.core.autonomous.sandbox_executor,False,
physics/tests/test_phase5_integration.py,physics,physics,physics.core.autonomous.autonomous_scientist,False,
physics/tests/test_reality_gap_audit.py,physics,physics,physics.reality_gap_audit,False,
physics/tests/test_reproducibility_challenge.py,physics,physics,physics.benchmark.isolated_environment,False,
physics/tests/test_reproducibility_challenge.py,physics,physics,physics.benchmark.benchmark_scorer,False,
physics/tests/test_reproducibility_verification.py,physics,physics,physics.reproducibility_verification,False,
physics/tests/test_scientific_impact.py,physics,physics,physics.scientific_impact_assessment,False,
physics/tests/test_scientific_readiness.py,physics,physics,physics.scientific_readiness_assessment,False,
physics/tests/test_system_maturity.py,physics,physics,physics.system_maturity_assessment,False,
physics/unification_search/run_qg_search.py,physics,physics,physics.core.autonomous_scientific_cycle,False,
physics/unification_search/run_qg_search.py,physics,physics,physics.agents.hypothesis_generator,False,
physics/unification_search/run_qg_search.py,physics,physics,physics.agents.theory_critic,False,
physics/unification_search/run_qg_search.py,physics,physics,physics.agents.experiment_planner,False,
physics/unification_search/run_qg_search.py,physics,physics,physics.agents.metric_analyst,False,
physics/artifacts/experiments_archive/_insight_injector.py,physics,core,core.evaluator_db,True,
physics/core/autonomous/autonomous_scientist.py,physics,core,core.orchestration.domain_configuration,True,
physics/core/autonomous/autonomous_scientist.py,physics,physics,physics.core.autonomous.sandbox_executor,False,
physics/core/autonomous/autonomous_scientist.py,physics,physics,physics.core.autonomous.llm_reasoner,False,
physics/core/autonomous/autonomous_scientist.py,physics,core,core.observability.dashboard,True,
physics/core/autonomous/autonomous_scientist.py,physics,physics,physics.scientific_guard,False,
physics/core/autonomous/autonomous_scientist.py,physics,physics,physics.knowledge_graph,False,
physics/core/autonomous/research_reporter.py,physics,core,core.io,True,
physics/core/autonomous/sandbox_executor.py,physics,core,core.abstractions.base_sandbox,True,
physics/core/autonomous/session_analyzer.py,physics,core,core.io,True,
physics/core/autonomous/session_analyzer.py,physics,core,core.validation,True,
physics/core/empirical/causal_continuity_audit.py,physics,core,core.autonomous.latent_snapshot_exporter,True,
physics/core/empirical/mit_bih_bifurcated_audit.py,physics,core,core.autonomous.latent_snapshot_exporter,True,
physics/core/empirical/physionet_ecg_audit.py,physics,core,core.autonomous.latent_snapshot_exporter,True,
physics/core/io/session_exporter.py,physics,physics,physics.core.schemas,False,
physics/core/io/session_exporter.py,physics,physics,physics.core.io.artifact_manager,False,
physics/core/io/session_exporter.py,physics,core,core.schemas,True,
physics/core/io/session_exporter.py,physics,core,core.io.artifact_manager,True,
physics/core/neurosymbolic/pinn.py,physics,physics,physics.pinn_module,False,
physics/core/neurosymbolic/__init__.py,physics,physics,physics.core.neurosymbolic.pinn,False,
physics/core/neurosymbolic/__init__.py,physics,physics,physics.core.neurosymbolic.neural_ode,False,
physics/core/neurosymbolic/__init__.py,physics,physics,physics.core.neurosymbolic.symbolic,False,
physics/core/validation/adversarial_scientific_audit.py,physics,core,core.autonomous.latent_snapshot_exporter,True,
physics/core/validation/causal_ablation_audit.py,physics,core,core.autonomous.latent_snapshot_exporter,True,
physics/core/validation/causal_robustness.py,physics,core,core.autonomous.latent_snapshot_exporter,True,
physics/core/validation/cross_system_generalization_tests.py,physics,core,core.autonomous.latent_snapshot_exporter,True,
physics/core/validation/dataset_bias_elimination_audit.py,physics,core,core.autonomous.latent_snapshot_exporter,True,
physics/core/validation/dynamic_discrimination_tests.py,physics,core,core.autonomous.latent_snapshot_exporter,True,
physics/core/validation/embedding_intrinsic_stability_audit.py,physics,core,core.validation.cross_system_generalization_tests,True,
physics/core/validation/epistemological_validity_audit.py,physics,core,core.autonomous.latent_snapshot_exporter,True,
physics/core/validation/hyperparameter_stability_audit.py,physics,core,core.validation.cross_system_generalization_tests,True,
physics/core/validation/manifold_failure_diagnosis.py,physics,core,core.validation.cross_system_generalization_tests,True,
physics/core/validation/raw_embedding_robustness_closure_audit.py,physics,core,core.validation.cross_system_generalization_tests,True,
physics/core/validation/strict_leakage_audit.py,physics,core,core.autonomous.latent_snapshot_exporter,True,
physics/core/validation/structural_invariance_tests.py,physics,core,core.autonomous.latent_snapshot_exporter,True,
quantum/analysis/novelty_metrics.py,quantum,quantum,quantum.memory.context_compatibility,False,
quantum/analysis/pairwise_synergy_audit.py,quantum,quantum,quantum.memory.context_compatibility,False,
quantum/analysis/pairwise_synergy_audit.py,quantum,quantum,quantum.analysis.interaction_classifier,False,
quantum/analysis/pairwise_synergy_audit.py,quantum,quantum,quantum.analysis.novelty_metrics,False,
quantum/analysis/synergy_predictor.py,quantum,quantum,quantum.memory.context_compatibility,False,
quantum/audits/counterfactual_scaffold_audit.py,quantum,quantum,quantum.analysis.transferability_features,False,
quantum/audits/cross_domain_discovery_audit.py,quantum,quantum,quantum.discovery.autonomous_scaffold_generator,False,
quantum/audits/discovery_compression_audit.py,quantum,quantum,quantum.discovery.autonomous_scaffold_generator,False,
quantum/audits/discovery_compression_audit.py,quantum,quantum,quantum.optimization.pyzx_optimizer,False,
quantum/audits/discovery_compression_audit.py,quantum,quantum,quantum.simulation.simulation_manager,False,
quantum/audits/label_shuffle_audit.py,quantum,quantum,quantum.qml.pennylane_models,False,
quantum/audits/label_shuffle_audit.py,quantum,quantum,quantum.qml.tfq_models,False,
quantum/audits/label_shuffle_audit.py,quantum,quantum,quantum.qml.torchquantum_models,False,
quantum/audits/optimization_removal_audit.py,quantum,quantum,quantum.simulation.simulation_manager,False,
quantum/audits/optimization_removal_audit.py,quantum,quantum,quantum.optimization.pyzx_optimizer,False,
quantum/audits/random_evolution_control.py,quantum,quantum,quantum.discovery.autonomous_scaffold_generator,False,
quantum/audits/realism_audit.py,quantum,quantum,quantum.simulation.simulation_manager,False,
quantum/audits/realism_audit.py,quantum,quantum,quantum.noise.noise_model,False,
quantum/benchmarks/benchmark_all_compilers.py,quantum,quantum,quantum.integration.qiskit_adapter,False,
quantum/benchmarks/benchmark_all_compilers.py,quantum,quantum,quantum.integration.pyzx_adapter,False,
quantum/benchmarks/benchmark_all_compilers.py,quantum,quantum,quantum.integration.tket_adapter,False,
quantum/benchmarks/benchmark_all_compilers.py,quantum,quantum,quantum.integration.bqskit_adapter,False,
quantum/benchmarks/benchmark_all_compilers.py,quantum,quantum,quantum.integration.cirq_adapter,False,
quantum/benchmarks/benchmark_all_compilers.py,quantum,quantum,quantum.optimization.qiskit_plugin,False,
quantum/benchmarks/benchmark_all_compilers.py,quantum,quantum,quantum.evolution.population_manager,False,
quantum/benchmarks/benchmark_all_compilers.py,quantum,quantum,quantum.evolution.evolution_engine,False,
quantum/benchmarks/benchmark_all_compilers.py,quantum,quantum,quantum.optimization.pyzx_optimizer,False,
quantum/benchmarks/benchmark_all_compilers.py,quantum,quantum,quantum.sandbox.qiskit_quantum_sandbox,False,
quantum/benchmarks/benchmark_all_compilers.py,quantum,quantum,quantum.critics.quantum_critic,False,
quantum/benchmarks/benchmark_all_compilers.py,quantum,quantum,quantum.knowledge.knowledge_graph,False,
quantum/benchmarks/benchmark_all_compilers.py,quantum,quantum,quantum.optimization.pyzx_optimizer,False,
quantum/benchmarks/benchmark_biased_retrieval.py,quantum,quantum,quantum.critics.quantum_critic,False,
quantum/benchmarks/benchmark_biased_retrieval.py,quantum,quantum,quantum.evolution.evolution_engine,False,
quantum/benchmarks/benchmark_biased_retrieval.py,quantum,quantum,quantum.evolution.population_manager,False,
quantum/benchmarks/benchmark_biased_retrieval.py,quantum,quantum,quantum.memory.quantum_memory,False,
quantum/benchmarks/benchmark_biased_retrieval.py,quantum,quantum,quantum.sandbox.qiskit_quantum_sandbox,False,
quantum/benchmarks/benchmark_biased_retrieval.py,quantum,core,core.observability,True,
quantum/benchmarks/benchmark_causal_audit.py,quantum,quantum,quantum.critics.quantum_critic,False,
quantum/benchmarks/benchmark_causal_audit.py,quantum,quantum,quantum.evolution.evolution_engine,False,
quantum/benchmarks/benchmark_causal_audit.py,quantum,quantum,quantum.evolution.population_manager,False,
quantum/benchmarks/benchmark_causal_audit.py,quantum,quantum,quantum.memory.quantum_memory,False,
quantum/benchmarks/benchmark_causal_audit.py,quantum,quantum,quantum.sandbox.qiskit_quantum_sandbox,False,
quantum/benchmarks/benchmark_causal_audit.py,quantum,core,core.observability.dashboard,True,
quantum/benchmarks/benchmark_causal_audit.py,quantum,core,core.observability,True,
quantum/benchmarks/benchmark_context_retrieval.py,quantum,quantum,quantum.critics.quantum_critic,False,
quantum/benchmarks/benchmark_context_retrieval.py,quantum,quantum,quantum.evolution.evolution_engine,False,
quantum/benchmarks/benchmark_context_retrieval.py,quantum,quantum,quantum.evolution.population_manager,False,
quantum/benchmarks/benchmark_context_retrieval.py,quantum,quantum,quantum.memory.quantum_memory,False,
quantum/benchmarks/benchmark_context_retrieval.py,quantum,quantum,quantum.sandbox.qiskit_quantum_sandbox,False,
quantum/benchmarks/benchmark_context_retrieval.py,quantum,quantum,quantum.knowledge.context_schema,False,
quantum/benchmarks/benchmark_context_retrieval.py,quantum,core,core.observability.experiment_logger,True,
quantum/benchmarks/benchmark_context_retrieval.py,quantum,core,core.observability.documentation_manager,True,
quantum/benchmarks/benchmark_context_retrieval.py,quantum,quantum,quantum.benchmarks.benchmark_context_validation,False,
quantum/benchmarks/benchmark_context_validation.py,quantum,quantum,quantum.critics.quantum_critic,False,
quantum/benchmarks/benchmark_context_validation.py,quantum,quantum,quantum.evolution.evolution_engine,False,
quantum/benchmarks/benchmark_context_validation.py,quantum,quantum,quantum.evolution.population_manager,False,
quantum/benchmarks/benchmark_context_validation.py,quantum,quantum,quantum.memory.quantum_memory,False,
quantum/benchmarks/benchmark_context_validation.py,quantum,quantum,quantum.sandbox.qiskit_quantum_sandbox,False,
quantum/benchmarks/benchmark_context_validation.py,quantum,quantum,quantum.knowledge.representation_analyzer,False,
quantum/benchmarks/benchmark_context_validation.py,quantum,quantum,quantum.knowledge.context_schema,False,
quantum/benchmarks/benchmark_cuquantum_scaling.py,quantum,quantum,quantum.simulation.simulation_manager,False,
quantum/benchmarks/benchmark_emergent_scaffolds.py,quantum,quantum,quantum.critics.quantum_critic,False,
quantum/benchmarks/benchmark_emergent_scaffolds.py,quantum,quantum,quantum.evolution.evolution_engine,False,
quantum/benchmarks/benchmark_emergent_scaffolds.py,quantum,quantum,quantum.evolution.population_manager,False,
quantum/benchmarks/benchmark_emergent_scaffolds.py,quantum,quantum,quantum.memory.quantum_memory,False,
quantum/benchmarks/benchmark_emergent_scaffolds.py,quantum,quantum,quantum.sandbox.qiskit_quantum_sandbox,False,
quantum/benchmarks/benchmark_emergent_scaffolds.py,quantum,quantum,quantum.knowledge.context_schema,False,
quantum/benchmarks/benchmark_emergent_scaffolds.py,quantum,quantum,quantum.memory.context_compatibility,False,
quantum/benchmarks/benchmark_emergent_scaffolds.py,quantum,quantum,quantum.memory.scaffold_builder,False,
quantum/benchmarks/benchmark_emergent_scaffolds.py,quantum,quantum,quantum.analysis.scaffold_counterfactual_evaluator,False,
quantum/benchmarks/benchmark_emergent_scaffolds.py,quantum,quantum,quantum.analysis.novelty_metrics,False,
quantum/benchmarks/benchmark_emergent_scaffolds.py,quantum,core,core.observability.experiment_logger,True,
quantum/benchmarks/benchmark_emergent_scaffolds.py,quantum,core,core.observability.documentation_manager,True,
quantum/benchmarks/benchmark_emergent_scaffolds.py,quantum,quantum,quantum.memory.scaffold_builder,False,
quantum/benchmarks/benchmark_gold_standard.py,quantum,quantum,quantum.integration.qiskit_adapter,False,
quantum/benchmarks/benchmark_gold_standard.py,quantum,quantum,quantum.optimization.qiskit_plugin,False,
quantum/benchmarks/benchmark_hierarchical_composition.py,quantum,quantum,quantum.critics.quantum_critic,False,
quantum/benchmarks/benchmark_hierarchical_composition.py,quantum,quantum,quantum.evolution.evolution_engine,False,
quantum/benchmarks/benchmark_hierarchical_composition.py,quantum,quantum,quantum.evolution.population_manager,False,
quantum/benchmarks/benchmark_hierarchical_composition.py,quantum,quantum,quantum.memory.quantum_memory,False,
quantum/benchmarks/benchmark_hierarchical_composition.py,quantum,quantum,quantum.sandbox.qiskit_quantum_sandbox,False,
quantum/benchmarks/benchmark_hierarchical_composition.py,quantum,quantum,quantum.knowledge.context_schema,False,
quantum/benchmarks/benchmark_hierarchical_composition.py,quantum,quantum,quantum.memory.context_compatibility,False,
quantum/benchmarks/benchmark_hierarchical_composition.py,quantum,quantum,quantum.memory.scaffold_builder,False,
quantum/benchmarks/benchmark_hierarchical_composition.py,quantum,quantum,quantum.analysis.scaffold_evaluator,False,
quantum/benchmarks/benchmark_hierarchical_composition.py,quantum,core,core.observability.experiment_logger,True,
quantum/benchmarks/benchmark_hierarchical_composition.py,quantum,core,core.observability.documentation_manager,True,
quantum/benchmarks/benchmark_noise_resilience.py,quantum,quantum,quantum.noise.mitiq_backend,False,
quantum/benchmarks/benchmark_pyzx_synergy.py,quantum,quantum,quantum.optimization.pyzx_optimizer,False,
quantum/benchmarks/benchmark_quality_audit.py,quantum,quantum,quantum.critics.quantum_critic,False,
quantum/benchmarks/benchmark_quality_audit.py,quantum,quantum,quantum.evolution.evolution_engine,False,
quantum/benchmarks/benchmark_quality_audit.py,quantum,quantum,quantum.evolution.population_manager,False,
quantum/benchmarks/benchmark_quality_audit.py,quantum,quantum,quantum.memory.quantum_memory,False,
quantum/benchmarks/benchmark_quality_audit.py,quantum,quantum,quantum.sandbox.qiskit_quantum_sandbox,False,
quantum/benchmarks/benchmark_quality_audit.py,quantum,quantum,quantum.knowledge.pattern_valuation,False,
quantum/benchmarks/benchmark_quality_audit.py,quantum,core,core.observability,True,
quantum/benchmarks/benchmark_realistic_scaling.py,quantum,quantum,quantum.simulation.simulation_manager,False,
quantum/benchmarks/benchmark_representation_audit.py,quantum,quantum,quantum.critics.quantum_critic,False,
quantum/benchmarks/benchmark_representation_audit.py,quantum,quantum,quantum.evolution.evolution_engine,False,
quantum/benchmarks/benchmark_representation_audit.py,quantum,quantum,quantum.evolution.population_manager,False,
quantum/benchmarks/benchmark_representation_audit.py,quantum,quantum,quantum.memory.quantum_memory,False,
quantum/benchmarks/benchmark_representation_audit.py,quantum,quantum,quantum.sandbox.qiskit_quantum_sandbox,False,
quantum/benchmarks/benchmark_representation_audit.py,quantum,quantum,quantum.knowledge.representation_analyzer,False,
quantum/benchmarks/benchmark_representation_audit.py,quantum,core,core.observability,True,
quantum/benchmarks/benchmark_research_infrastructure.py,quantum,quantum,quantum.research.research_registry,False,
quantum/benchmarks/benchmark_research_infrastructure.py,quantum,quantum,quantum.graph.knowledge_graph_analyzer,False,
quantum/benchmarks/benchmark_research_infrastructure.py,quantum,quantum,quantum.explainability.shap_analyzer,False,
quantum/benchmarks/benchmark_research_infrastructure.py,quantum,quantum,quantum.benchmarks.benchmark_cuquantum_scaling,False,
quantum/benchmarks/benchmark_research_infrastructure.py,quantum,quantum,quantum.benchmarks.benchmark_pyzx_synergy,False,
quantum/benchmarks/benchmark_research_infrastructure.py,quantum,quantum,quantum.benchmarks.benchmark_noise_resilience,False,
quantum/benchmarks/benchmark_research_infrastructure.py,quantum,quantum,quantum.benchmarks.benchmark_tfq_models,False,
quantum/benchmarks/benchmark_research_infrastructure.py,quantum,quantum,quantum.benchmarks.benchmark_torchquantum,False,
quantum/benchmarks/benchmark_synergy_discovery.py,quantum,quantum,quantum.critics.quantum_critic,False,
quantum/benchmarks/benchmark_synergy_discovery.py,quantum,quantum,quantum.evolution.evolution_engine,False,
quantum/benchmarks/benchmark_synergy_discovery.py,quantum,quantum,quantum.evolution.population_manager,False,
quantum/benchmarks/benchmark_synergy_discovery.py,quantum,quantum,quantum.memory.quantum_memory,False,
quantum/benchmarks/benchmark_synergy_discovery.py,quantum,quantum,quantum.sandbox.qiskit_quantum_sandbox,False,
quantum/benchmarks/benchmark_synergy_discovery.py,quantum,quantum,quantum.knowledge.context_schema,False,
quantum/benchmarks/benchmark_synergy_discovery.py,quantum,quantum,quantum.memory.context_compatibility,False,
quantum/benchmarks/benchmark_synergy_discovery.py,quantum,quantum,quantum.memory.scaffold_builder,False,
quantum/benchmarks/benchmark_synergy_discovery.py,quantum,quantum,quantum.analysis.scaffold_counterfactual_evaluator,False,
quantum/benchmarks/benchmark_synergy_discovery.py,quantum,quantum,quantum.analysis.novelty_metrics,False,
quantum/benchmarks/benchmark_synergy_discovery.py,quantum,quantum,quantum.analysis.interaction_classifier,False,
quantum/benchmarks/benchmark_synergy_discovery.py,quantum,quantum,quantum.analysis.pairwise_synergy_audit,False,
quantum/benchmarks/benchmark_synergy_discovery.py,quantum,quantum,quantum.analysis.synergy_predictor,False,
quantum/benchmarks/benchmark_synergy_discovery.py,quantum,quantum,quantum.analysis.synergy_registry,False,
quantum/benchmarks/benchmark_synergy_discovery.py,quantum,core,core.observability.experiment_logger,True,
quantum/benchmarks/benchmark_synergy_discovery.py,quantum,core,core.observability.documentation_manager,True,
quantum/benchmarks/benchmark_synergy_discovery.py,quantum,quantum,quantum.memory.scaffold_builder,False,
quantum/benchmarks/benchmark_synergy_transfer.py,quantum,quantum,quantum.critics.quantum_critic,False,
quantum/benchmarks/benchmark_synergy_transfer.py,quantum,quantum,quantum.evolution.evolution_engine,False,
quantum/benchmarks/benchmark_synergy_transfer.py,quantum,quantum,quantum.evolution.population_manager,False,
quantum/benchmarks/benchmark_synergy_transfer.py,quantum,quantum,quantum.memory.quantum_memory,False,
quantum/benchmarks/benchmark_synergy_transfer.py,quantum,quantum,quantum.sandbox.qiskit_quantum_sandbox,False,
quantum/benchmarks/benchmark_synergy_transfer.py,quantum,quantum,quantum.knowledge.context_schema,False,
quantum/benchmarks/benchmark_synergy_transfer.py,quantum,quantum,quantum.analysis.interaction_classifier,False,
quantum/benchmarks/benchmark_synergy_transfer.py,quantum,quantum,quantum.analysis.novelty_metrics,False,
quantum/benchmarks/benchmark_synergy_transfer.py,quantum,quantum,quantum.analysis.pairwise_synergy_audit,False,
quantum/benchmarks/benchmark_synergy_transfer.py,quantum,quantum,quantum.analysis.synergy_transfer_registry,False,
quantum/benchmarks/benchmark_synergy_transfer.py,quantum,core,core.observability.experiment_logger,True,
quantum/benchmarks/benchmark_synergy_transfer.py,quantum,core,core.observability.documentation_manager,True,
quantum/benchmarks/benchmark_tfq_models.py,quantum,quantum,quantum.qml.pennylane_models,False,
quantum/benchmarks/benchmark_tfq_models.py,quantum,quantum,quantum.qml.tfq_models,False,
quantum/benchmarks/benchmark_torchquantum.py,quantum,quantum,quantum.qml.torchquantum_models,False,
quantum/benchmarks/benchmark_transferability.py,quantum,quantum,quantum.critics.quantum_critic,False,
quantum/benchmarks/benchmark_transferability.py,quantum,quantum,quantum.evolution.evolution_engine,False,
quantum/benchmarks/benchmark_transferability.py,quantum,quantum,quantum.evolution.population_manager,False,
quantum/benchmarks/benchmark_transferability.py,quantum,quantum,quantum.memory.quantum_memory,False,
quantum/benchmarks/benchmark_transferability.py,quantum,quantum,quantum.sandbox.qiskit_quantum_sandbox,False,
quantum/benchmarks/benchmark_transferability.py,quantum,quantum,quantum.knowledge.context_schema,False,
quantum/benchmarks/benchmark_transferability.py,quantum,quantum,quantum.analysis.transferability_features,False,
quantum/benchmarks/benchmark_transferability.py,quantum,quantum,quantum.analysis.transferability_predictor,False,
quantum/benchmarks/benchmark_transferability.py,quantum,core,core.observability.experiment_logger,True,
quantum/benchmarks/benchmark_transferability.py,quantum,core,core.observability.documentation_manager,True,
quantum/benchmarks/benchmark_transfer_learning.py,quantum,quantum,quantum.critics.quantum_critic,False,
quantum/benchmarks/benchmark_transfer_learning.py,quantum,quantum,quantum.evolution.evolution_engine,False,
quantum/benchmarks/benchmark_transfer_learning.py,quantum,quantum,quantum.evolution.population_manager,False,
quantum/benchmarks/benchmark_transfer_learning.py,quantum,quantum,quantum.memory.quantum_memory,False,
quantum/benchmarks/benchmark_transfer_learning.py,quantum,quantum,quantum.sandbox.qiskit_quantum_sandbox,False,
quantum/benchmarks/benchmark_transfer_learning.py,quantum,core,core.observability.experiment_logger,True,
quantum/benchmarks/benchmark_transfer_learning.py,quantum,core,core.observability.dashboard,True,
quantum/benchmarks/explainability_audit.py,quantum,quantum,quantum.explainability.shap_analyzer,False,
quantum/benchmarks/verify_real_benchmarks.py,quantum,quantum,quantum.integration.qiskit_adapter,False,
quantum/benchmarks/verify_real_benchmarks.py,quantum,quantum,quantum.optimization.qiskit_plugin,False,
quantum/critics/quantum_critic.py,quantum,core,core.abstractions.base_critic,True,
quantum/discovery/autonomous_scaffold_generator.py,quantum,quantum,quantum.simulation.simulation_manager,False,
quantum/discovery/autonomous_scaffold_generator.py,quantum,quantum,quantum.optimization.pyzx_optimizer,False,
quantum/discovery/autonomous_scaffold_generator.py,quantum,quantum,quantum.noise.mitiq_backend,False,
quantum/discovery/autonomous_scaffold_generator.py,quantum,quantum,quantum.analysis.transferability_features,False,
quantum/discovery/discovery_benchmark.py,quantum,quantum,quantum.discovery.autonomous_scaffold_generator,False,
quantum/discovery/discovery_benchmark.py,quantum,quantum,quantum.qml.pennylane_models,False,
quantum/evidence_audit/correlation_forensics.py,quantum,quantum,quantum.theory.theory_memory,False,
quantum/evidence_audit/counterfactual_evidence.py,quantum,quantum,quantum.theory.theory_memory,False,
quantum/evidence_audit/vendor_independence.py,quantum,quantum,quantum.theory.theory_memory,False,
quantum/evolution/evolution_engine.py,quantum,quantum,quantum.evolution.population_manager,False,
quantum/evolution/evolution_engine.py,quantum,quantum,quantum.knowledge.canonicalizer,False,
quantum/evolution/evolution_engine.py,quantum,quantum,quantum.knowledge.quantum_pattern_extractor,False,
quantum/evolution/evolution_engine.py,quantum,quantum,quantum.knowledge.knowledge_graph,False,
quantum/evolution/evolution_engine.py,quantum,quantum,quantum.knowledge.context_schema,False,
quantum/evolution/evolution_engine.py,quantum,quantum,quantum.knowledge.context_schema,False,
quantum/evolution/evolution_engine.py,quantum,quantum,quantum.memory.scaffold_builder,False,
quantum/evolution/evolution_engine.py,quantum,quantum,quantum.memory.scaffold_builder,False,
quantum/evolution/__init__.py,quantum,quantum,quantum.evolution.evolution_engine,False,
quantum/evolution/__init__.py,quantum,quantum,quantum.evolution.population_manager,False,
quantum/external_audit/adversarial_model_tournament.py,quantum,quantum,quantum.reality_native.domain_expansion_engine,False,
quantum/external_audit/adversarial_model_tournament.py,quantum,quantum,quantum.reality_native.parallel_theory_discovery,False,
quantum/external_audit/double_blind_reproduction.py,quantum,quantum,quantum.reality_native.domain_expansion_engine,False,
quantum/external_audit/double_blind_reproduction.py,quantum,quantum,quantum.reality_native.parallel_theory_discovery,False,
quantum/external_audit/external_hardware_challenge.py,quantum,quantum,quantum.reality_native.domain_expansion_engine,False,
quantum/external_audit/external_hardware_challenge.py,quantum,quantum,quantum.reality_native.parallel_theory_discovery,False,
quantum/external_audit/hostile_leakage_audit.py,quantum,quantum,quantum.reality_native.domain_expansion_engine,False,
quantum/external_audit/independent_physics_review.py,quantum,quantum,quantum.reality_native.domain_expansion_engine,False,
quantum/external_audit/independent_physics_review.py,quantum,quantum,quantum.reality_native.parallel_theory_discovery,False,
quantum/external_audit/independent_physics_review.py,quantum,quantum,quantum.novel_physics.alternative_explanation_audit,False,
quantum/external_audit/meta_reproduction_engine.py,quantum,quantum,quantum.reality_native.domain_expansion_engine,False,
quantum/external_audit/meta_reproduction_engine.py,quantum,quantum,quantum.reality_native.parallel_theory_discovery,False,
quantum/external_audit/red_team_reimplementation.py,quantum,quantum,quantum.reality_native.domain_expansion_engine,False,
quantum/external_audit/red_team_reimplementation.py,quantum,quantum,quantum.reality_native.parallel_theory_discovery,False,
quantum/factories/quantum_factory.py,quantum,core,core.orchestration.scientific_container,True,
quantum/factories/quantum_factory.py,quantum,quantum,quantum.generators.quantum_hypothesis_generator,False,
quantum/factories/quantum_factory.py,quantum,quantum,quantum.critics.quantum_critic,False,
quantum/factories/quantum_factory.py,quantum,quantum,quantum.sandbox.qiskit_quantum_sandbox,False,
quantum/factories/quantum_factory.py,quantum,quantum,quantum.memory.quantum_memory,False,
quantum/factories/quantum_factory.py,quantum,quantum,quantum.evolution.evolution_engine,False,
quantum/factories/quantum_factory.py,quantum,quantum,quantum.evolution.population_manager,False,
quantum/generators/quantum_hypothesis_generator.py,quantum,core,core.abstractions.base_hypothesis_generator,True,
quantum/hardware/calibration_audit.py,quantum,quantum,quantum.hardware.hardware_runner,False,
quantum/hardware/calibration_audit.py,quantum,quantum,quantum.theory.theory_memory,False,
quantum/hardware/hardware_adversary.py,quantum,quantum,quantum.hardware.hardware_runner,False,
quantum/hardware/hardware_adversary.py,quantum,quantum,quantum.theory.theory_memory,False,
quantum/hardware/hardware_fdr_audit.py,quantum,quantum,quantum.theory.theory_memory,False,
quantum/hardware/hardware_fdr_audit.py,quantum,quantum,quantum.hardware.physical_mechanism_validation,False,
quantum/hardware/hardware_replication.py,quantum,quantum,quantum.hardware.hardware_runner,False,
quantum/hardware/hardware_replication.py,quantum,quantum,quantum.theory.theory_memory,False,
quantum/hardware/hardware_runner.py,quantum,quantum,quantum.theory.theory_memory,False,
quantum/hardware/hardware_theory_tournament.py,quantum,quantum,quantum.theory.theory_memory,False,
quantum/hardware/negative_results_repository.py,quantum,quantum,quantum.theory.theory_memory,False,
quantum/hardware/ood_hardware_validation.py,quantum,quantum,quantum.hardware.hardware_runner,False,
quantum/hardware/ood_hardware_validation.py,quantum,quantum,quantum.theory.theory_memory,False,
quantum/hardware/physical_mechanism_validation.py,quantum,quantum,quantum.theory.theory_memory,False,
quantum/hardware/physical_mechanism_validation.py,quantum,quantum,quantum.theory.mechanism_engine,False,
quantum/hardware/preregistered_predictions.py,quantum,quantum,quantum.theory.theory_memory,False,
quantum/hardware/reality_evolution.py,quantum,quantum,quantum.theory.theory_memory,False,
quantum/hardware/reality_evolution.py,quantum,quantum,quantum.hardware.negative_results_repository,False,
quantum/hardware/temporal_stability.py,quantum,quantum,quantum.hardware.hardware_runner,False,
quantum/hardware/temporal_stability.py,quantum,quantum,quantum.theory.theory_memory,False,
quantum/hardware/theory_experiment_generator.py,quantum,quantum,quantum.theory.theory_memory,False,
quantum/integration/bqskit_adapter.py,quantum,quantum,quantum.integration.qiskit_adapter,False,
quantum/integration/pyzx_adapter.py,quantum,quantum,quantum.optimization.pyzx_optimizer,False,
quantum/integration/pyzx_adapter.py,quantum,quantum,quantum.optimization.pyzx_optimizer,False,
quantum/integration/tket_adapter.py,quantum,quantum,quantum.integration.qiskit_adapter,False,
quantum/law_discovery/benchmark_law_discovery.py,quantum,quantum,quantum.law_discovery.scientific_loop,False,
quantum/law_discovery/law_discovery_audit.py,quantum,quantum,quantum.law_discovery.law_memory,False,
quantum/law_discovery/scientific_loop.py,quantum,quantum,quantum.law_discovery.scientific_observer,False,
quantum/law_discovery/scientific_loop.py,quantum,quantum,quantum.law_discovery.pattern_miner,False,
quantum/law_discovery/scientific_loop.py,quantum,quantum,quantum.law_discovery.symbolic_law_generator,False,
quantum/law_discovery/scientific_loop.py,quantum,quantum,quantum.law_discovery.hypothesis_generator,False,
quantum/law_discovery/scientific_loop.py,quantum,quantum,quantum.law_discovery.mechanistic_explainer,False,
quantum/law_discovery/scientific_loop.py,quantum,quantum,quantum.law_discovery.causal_law_verifier,False,
quantum/law_discovery/scientific_loop.py,quantum,quantum,quantum.law_discovery.law_falsification_engine,False,
quantum/law_discovery/scientific_loop.py,quantum,quantum,quantum.law_discovery.law_tournament,False,
quantum/law_discovery/scientific_loop.py,quantum,quantum,quantum.law_discovery.theory_refinement,False,
quantum/law_discovery/scientific_loop.py,quantum,quantum,quantum.law_discovery.law_memory,False,
quantum/law_discovery/scientific_loop.py,quantum,quantum,quantum.law_discovery.mdl_analyzer,False,
quantum/law_discovery/scientific_loop.py,quantum,quantum,quantum.law_discovery.meta_law_discovery,False,
quantum/law_discovery/synthetic_law_benchmark.py,quantum,quantum,quantum.law_discovery.scientific_observer,False,
quantum/law_discovery/synthetic_law_benchmark.py,quantum,quantum,quantum.law_discovery.pattern_miner,False,
quantum/law_discovery/synthetic_law_benchmark.py,quantum,quantum,quantum.law_discovery.symbolic_law_generator,False,
quantum/law_validation/counterexample_discovery.py,quantum,quantum,quantum.law_validation.replication_engine,False,
quantum/law_validation/cross_simulator_validator.py,quantum,quantum,quantum.law_validation.replication_engine,False,
quantum/law_validation/fdr_audit.py,quantum,quantum,quantum.law_validation.replication_engine,False,
quantum/law_validation/grand_adversarial_audit.py,quantum,quantum,quantum.law_validation.replication_engine,False,
quantum/law_validation/historical_recovery.py,quantum,quantum,quantum.law_validation.replication_engine,False,
quantum/law_validation/holdout_validation.py,quantum,quantum,quantum.law_discovery.scientific_observer,False,
quantum/law_validation/holdout_validation.py,quantum,quantum,quantum.law_validation.replication_engine,False,
quantum/law_validation/law_blind_validation.py,quantum,quantum,quantum.law_discovery.scientific_observer,False,
quantum/law_validation/law_blind_validation.py,quantum,quantum,quantum.law_validation.replication_engine,False,
quantum/law_validation/law_compression.py,quantum,quantum,quantum.law_validation.replication_engine,False,
quantum/law_validation/law_minimality.py,quantum,quantum,quantum.law_validation.replication_engine,False,
quantum/memory/context_compatibility.py,quantum,quantum,quantum.knowledge.context_schema,False,
quantum/memory/quantum_memory.py,quantum,core,core.abstractions.base_memory,True,
quantum/memory/quantum_memory.py,quantum,quantum,quantum.knowledge.context_schema,False,
quantum/memory/quantum_memory.py,quantum,quantum,quantum.knowledge.pattern_valuation,False,
quantum/memory/quantum_memory.py,quantum,quantum,quantum.memory.context_compatibility,False,
quantum/memory/scaffold_builder.py,quantum,quantum,quantum.knowledge.context_schema,False,
quantum/memory/scaffold_builder.py,quantum,quantum,quantum.memory.context_compatibility,False,
quantum/memory/scaffold_builder.py,quantum,quantum,quantum.knowledge.knowledge_graph,False,
quantum/memory/scaffold_builder.py,quantum,quantum,quantum.optimization.pyzx_optimizer,False,
quantum/novel_physics/novel_effect_extractor.py,quantum,quantum,quantum.novel_physics.known_effect_catalog,False,
quantum/novel_physics/physics_baseline_library.py,quantum,quantum,quantum.novel_physics.standard_physics_models,False,
quantum/novel_physics/residual_frontier_engine.py,quantum,quantum,quantum.novel_physics.physics_baseline_library,False,
quantum/optimization/calibration_model.py,quantum,quantum,quantum.optimization.hardware_cost_model,False,
quantum/optimization/hardware_cost_model.py,quantum,quantum,quantum.integration.qiskit_adapter,False,
quantum/optimization/motif_discovery.py,quantum,quantum,quantum.integration.qiskit_adapter,False,
quantum/optimization/motif_discovery.py,quantum,quantum,quantum.optimization.hardware_cost_model,False,
quantum/optimization/motif_discovery.py,quantum,quantum,quantum.optimization.motif_validator,False,
quantum/optimization/motif_economic_analysis.py,quantum,quantum,quantum.optimization.hardware_savings_model,False,
quantum/optimization/motif_rewriter.py,quantum,quantum,quantum.integration.qiskit_adapter,False,
quantum/optimization/motif_validator.py,quantum,quantum,quantum.integration.qiskit_adapter,False,
quantum/optimization/pyzx_optimizer.py,quantum,quantum,quantum.integration.pyzx_adapter,False,
quantum/optimization/qiskit_plugin.py,quantum,quantum,quantum.integration.qiskit_adapter,False,
quantum/optimization/qiskit_plugin.py,quantum,quantum,quantum.sandbox.qiskit_quantum_sandbox,False,
quantum/optimization/qiskit_plugin.py,quantum,quantum,quantum.critics.quantum_critic,False,
quantum/optimization/qiskit_plugin.py,quantum,quantum,quantum.evolution.population_manager,False,
quantum/optimization/qiskit_plugin.py,quantum,quantum,quantum.evolution.evolution_engine,False,
quantum/optimization/qiskit_plugin.py,quantum,quantum,quantum.optimization.pyzx_optimizer,False,
quantum/optimization/qiskit_plugin.py,quantum,quantum,quantum.optimization.qubit_placement,False,
quantum/optimization/qiskit_plugin.py,quantum,quantum,quantum.optimization.routing_engine,False,
quantum/optimization/qubit_placement.py,quantum,quantum,quantum.optimization.hardware_cost_model,False,
quantum/optimization/routing_engine.py,quantum,quantum,quantum.optimization.hardware_cost_model,False,
quantum/optimization/routing_engine.py,quantum,quantum,quantum.evolution.evolution_engine,False,
quantum/optimization/routing_engine.py,quantum,quantum,quantum.evolution.evolution_engine,False,
quantum/reality_native/adversarial_factory_challenge.py,quantum,quantum,quantum.reality_native.domain_expansion_engine,False,
quantum/reality_native/adversarial_review.py,quantum,quantum,quantum.reality_native.reality_native_memory,False,
quantum/reality_native/anomaly_clustering.py,quantum,quantum,quantum.reality_native.reality_native_memory,False,
quantum/reality_native/causal_mechanism_discovery.py,quantum,quantum,quantum.theory.theory_memory,False,
quantum/reality_native/causal_mechanism_discovery.py,quantum,quantum,quantum.reality_native.reality_native_memory,False,
quantum/reality_native/cross_lab_simulation.py,quantum,quantum,quantum.reality_native.theory_reconstruction,False,
quantum/reality_native/cross_lab_simulation.py,quantum,quantum,quantum.reality_native.independent_validation_dataset,False,
quantum/reality_native/epistemic_classification.py,quantum,quantum,quantum.reality_native.reality_native_memory,False,
quantum/reality_native/external_reimplementation_challenge.py,quantum,quantum,quantum.reality_native.theory_reconstruction,False,
quantum/reality_native/independent_reproduction_tournament.py,quantum,quantum,quantum.reality_native.theory_reconstruction,False,
quantum/reality_native/independent_reproduction_tournament.py,quantum,quantum,quantum.reality_native.independent_validation_dataset,False,
quantum/reality_native/parallel_theory_discovery.py,quantum,quantum,quantum.reality_native.domain_expansion_engine,False,
quantum/reality_native/prediction_generator.py,quantum,quantum,quantum.reality_native.reality_native_memory,False,
quantum/reality_native/reality_gap_extractor.py,quantum,quantum,quantum.theory.theory_memory,False,
quantum/reality_native/reality_gap_extractor.py,quantum,quantum,quantum.reality_native.reality_native_memory,False,
quantum/reality_native/reality_native_law_discovery.py,quantum,quantum,quantum.theory.theory_memory,False,
quantum/reality_native/reality_native_law_discovery.py,quantum,quantum,quantum.reality_native.reality_native_memory,False,
quantum/reality_native/replication_audit.py,quantum,quantum,quantum.reality_native.reality_native_memory,False,
quantum/reality_native/theory_synthesis.py,quantum,quantum,quantum.reality_native.reality_native_memory,False,
quantum/revision/bayesian_updating.py,quantum,quantum,quantum.theory.theory_memory,False,
quantum/revision/failure_attribution.py,quantum,quantum,quantum.theory.theory_memory,False,
quantum/revision/noise_meta_law_discovery.py,quantum,quantum,quantum.theory.theory_memory,False,
quantum/revision/reality_gap_quantification.py,quantum,quantum,quantum.theory.theory_memory,False,
quantum/revision/residual_discovery.py,quantum,quantum,quantum.theory.theory_memory,False,
quantum/revision/theory_revision_tournament.py,quantum,quantum,quantum.theory.theory_memory,False,
quantum/revision/theory_surgery.py,quantum,quantum,quantum.theory.theory_memory,False,
quantum/sandbox/qiskit_quantum_sandbox.py,quantum,core,core.abstractions.base_sandbox,True,
quantum/sandbox/quantum_sandbox.py,quantum,core,core.abstractions.base_sandbox,True,
quantum/scientific_reproduction/alternative_explanation_factory.py,quantum,quantum,quantum.reality_native.domain_expansion_engine,False,
quantum/scientific_reproduction/alternative_explanation_factory.py,quantum,quantum,quantum.reality_native.parallel_theory_discovery,False,
quantum/scientific_reproduction/assumption_destruction.py,quantum,quantum,quantum.reality_native.domain_expansion_engine,False,
quantum/scientific_reproduction/assumption_destruction.py,quantum,quantum,quantum.reality_native.parallel_theory_discovery,False,
quantum/scientific_reproduction/independent_reanalysis.py,quantum,quantum,quantum.reality_native.domain_expansion_engine,False,
quantum/scientific_reproduction/independent_reanalysis.py,quantum,quantum,quantum.reality_native.parallel_theory_discovery,False,
quantum/scientific_reproduction/multi_lab_consensus.py,quantum,quantum,quantum.reality_native.domain_expansion_engine,False,
quantum/scientific_reproduction/multi_lab_consensus.py,quantum,quantum,quantum.reality_native.parallel_theory_discovery,False,
quantum/scientific_reproduction/scientific_dossier_export.py,quantum,quantum,quantum.reality_native.domain_expansion_engine,False,
quantum/scientific_reproduction/scientific_dossier_export.py,quantum,quantum,quantum.reality_native.parallel_theory_discovery,False,
quantum/simulation/cuquantum_backend.py,quantum,quantum,quantum.sandbox.qiskit_quantum_sandbox,False,
quantum/simulation/simulation_manager.py,quantum,quantum,quantum.simulation.cuquantum_backend,False,
quantum/tests/test_adversarial_tournament.py,quantum,quantum,quantum.external_audit.adversarial_model_tournament,False,
quantum/tests/test_alternative_explanation.py,quantum,quantum,quantum.novel_physics.alternative_explanation_audit,False,
quantum/tests/test_alternative_explanation_factory.py,quantum,quantum,quantum.scientific_reproduction.alternative_explanation_factory,False,
quantum/tests/test_assumption_destruction.py,quantum,quantum,quantum.scientific_reproduction.assumption_destruction,False,
quantum/tests/test_blind_validation.py,quantum,quantum,quantum.law_validation.law_blind_validation,False,
quantum/tests/test_blind_validation.py,quantum,quantum,quantum.law_validation.replication_engine,False,
quantum/tests/test_blind_validation.py,quantum,quantum,quantum.law_discovery.scientific_observer,False,
quantum/tests/test_chain_of_custody.py,quantum,quantum,quantum.external_audit.forensic_export_engine,False,
quantum/tests/test_chain_of_custody.py,quantum,quantum,quantum.external_audit.chain_of_custody,False,
quantum/tests/test_circular_validation.py,quantum,quantum,quantum.external_audit.circular_validation_audit,False,
quantum/tests/test_community_acceptance.py,quantum,quantum,quantum.scientific_reproduction.community_acceptance,False,
quantum/tests/test_context_memory.py,quantum,quantum,quantum.knowledge.context_schema,False,
quantum/tests/test_context_memory.py,quantum,quantum,quantum.memory.quantum_memory,False,
quantum/tests/test_cross_lab_reproduction.py,quantum,quantum,quantum.reality_native.cross_lab_simulation,False,
quantum/tests/test_discovery_authenticity.py,quantum,quantum,quantum.audits.novel_structure_audit,False,
quantum/tests/test_discovery_authenticity.py,quantum,quantum,quantum.audits.optimization_removal_audit,False,
quantum/tests/test_discovery_authenticity.py,quantum,quantum,quantum.audits.random_evolution_control,False,
quantum/tests/test_discovery_authenticity.py,quantum,quantum,quantum.audits.cross_domain_discovery_audit,False,
quantum/tests/test_discovery_authenticity.py,quantum,quantum,quantum.audits.discovery_compression_audit,False,
quantum/tests/test_discovery_authenticity.py,quantum,quantum,quantum.audits.lineage_reconstruction,False,
quantum/tests/test_discovery_authenticity.py,quantum,quantum,quantum.audits.discovery_authenticity_verdict,False,
quantum/tests/test_double_blind.py,quantum,quantum,quantum.external_audit.double_blind_reproduction,False,
quantum/tests/test_evidence_audit.py,quantum,quantum,quantum.evidence_audit.evidence_memory,False,
quantum/tests/test_evidence_audit.py,quantum,quantum,quantum.evidence_audit.hardware_evidence_inventory,False,
quantum/tests/test_evidence_audit.py,quantum,quantum,quantum.evidence_audit.effective_sample_size,False,
quantum/tests/test_evidence_audit.py,quantum,quantum,quantum.evidence_audit.dependence_leakage_audit,False,
quantum/tests/test_evidence_audit.py,quantum,quantum,quantum.evidence_audit.correlation_forensics,False,
quantum/tests/test_evidence_audit.py,quantum,quantum,quantum.evidence_audit.technology_diversity,False,
quantum/tests/test_evidence_audit.py,quantum,quantum,quantum.evidence_audit.vendor_independence,False,
quantum/tests/test_evidence_audit.py,quantum,quantum,quantum.evidence_audit.calibration_diversity,False,
quantum/tests/test_evidence_audit.py,quantum,quantum,quantum.evidence_audit.benchmark_diversity,False,
quantum/tests/test_evidence_audit.py,quantum,quantum,quantum.evidence_audit.noise_law_redundancy,False,
quantum/tests/test_evidence_audit.py,quantum,quantum,quantum.evidence_audit.counterfactual_evidence,False,
quantum/tests/test_evidence_audit.py,quantum,quantum,quantum.evidence_audit.evidence_stress_tests,False,
quantum/tests/test_evidence_audit.py,quantum,quantum,quantum.evidence_audit.discovery_readiness,False,
quantum/tests/test_evidence_audit.py,quantum,quantum,quantum.evidence_audit.evidence_consensus,False,
quantum/tests/test_evidence_audit.py,quantum,quantum,quantum.validation.run_evidence_audit,False,
quantum/tests/test_evidence_quality.py,quantum,quantum,quantum.scientific_reproduction.evidence_quality_engine,False,
quantum/tests/test_experiment_designer.py,quantum,quantum,quantum.novel_physics.experiment_designer,False,
quantum/tests/test_external_hardware.py,quantum,quantum,quantum.external_audit.external_hardware_challenge,False,
quantum/tests/test_external_panel.py,quantum,quantum,quantum.external_audit.external_review_panel,False,
quantum/tests/test_external_reimplementation.py,quantum,quantum,quantum.reality_native.external_reimplementation_challenge,False,
quantum/tests/test_external_verdict.py,quantum,quantum,quantum.external_audit.external_epistemic_verdict,False,
quantum/tests/test_factory_pipeline.py,quantum,quantum,quantum.validation.run_theory_factory,False,
quantum/tests/test_factory_score.py,quantum,quantum,quantum.reality_native.theory_factory_score,False,
quantum/tests/test_false_discovery_control.py,quantum,quantum,quantum.reality_native.false_discovery_control,False,
quantum/tests/test_fdr_audit.py,quantum,quantum,quantum.law_validation.fdr_audit,False,
quantum/tests/test_fdr_audit.py,quantum,quantum,quantum.law_validation.replication_engine,False,
quantum/tests/test_forensic_export.py,quantum,quantum,quantum.external_audit.forensic_export_engine,False,
quantum/tests/test_hardware_aware_optimization.py,quantum,quantum,quantum.integration.qiskit_adapter,False,
quantum/tests/test_hardware_aware_optimization.py,quantum,quantum,quantum.optimization.hardware_cost_model,False,
quantum/tests/test_hardware_aware_optimization.py,quantum,quantum,quantum.optimization.qubit_placement,False,
quantum/tests/test_hardware_aware_optimization.py,quantum,quantum,quantum.optimization.routing_engine,False,
quantum/tests/test_hardware_validation.py,quantum,quantum,quantum.theory.theory_memory,False,
quantum/tests/test_hardware_validation.py,quantum,quantum,quantum.hardware.hardware_runner,False,
quantum/tests/test_hardware_validation.py,quantum,quantum,quantum.hardware.theory_experiment_generator,False,
quantum/tests/test_hardware_validation.py,quantum,quantum,quantum.hardware.preregistered_predictions,False,
quantum/tests/test_hardware_validation.py,quantum,quantum,quantum.hardware.hardware_replication,False,
quantum/tests/test_hardware_validation.py,quantum,quantum,quantum.hardware.temporal_stability,False,
quantum/tests/test_hardware_validation.py,quantum,quantum,quantum.hardware.calibration_audit,False,
quantum/tests/test_hardware_validation.py,quantum,quantum,quantum.hardware.hardware_adversary,False,
quantum/tests/test_hardware_validation.py,quantum,quantum,quantum.hardware.ood_hardware_validation,False,
quantum/tests/test_hardware_validation.py,quantum,quantum,quantum.hardware.physical_mechanism_validation,False,
quantum/tests/test_hardware_validation.py,quantum,quantum,quantum.hardware.hardware_fdr_audit,False,
quantum/tests/test_hardware_validation.py,quantum,quantum,quantum.hardware.hardware_theory_tournament,False,
quantum/tests/test_hardware_validation.py,quantum,quantum,quantum.hardware.reality_evolution,False,
quantum/tests/test_hardware_validation.py,quantum,quantum,quantum.hardware.external_reproduction,False,
quantum/tests/test_hardware_validation.py,quantum,quantum,quantum.hardware.negative_results_repository,False,
quantum/tests/test_hardware_validation.py,quantum,quantum,quantum.hardware.hardware_consensus,False,
quantum/tests/test_hierarchical_composition.py,quantum,quantum,quantum.knowledge.context_schema,False,
quantum/tests/test_hierarchical_composition.py,quantum,quantum,quantum.memory.quantum_memory,False,
quantum/tests/test_hierarchical_composition.py,quantum,quantum,quantum.memory.context_compatibility,False,
quantum/tests/test_hierarchical_composition.py,quantum,quantum,quantum.memory.scaffold_builder,False,
quantum/tests/test_hierarchical_composition.py,quantum,quantum,quantum.analysis.scaffold_evaluator,False,
quantum/tests/test_hierarchical_composition.py,quantum,quantum,quantum.analysis.scaffold_counterfactual_evaluator,False,
quantum/tests/test_hierarchical_composition.py,quantum,quantum,quantum.analysis.novelty_metrics,False,
quantum/tests/test_historical_recovery.py,quantum,quantum,quantum.law_validation.historical_recovery,False,
quantum/tests/test_historical_recovery.py,quantum,quantum,quantum.law_validation.replication_engine,False,
quantum/tests/test_hostile_leakage.py,quantum,quantum,quantum.external_audit.hostile_leakage_audit,False,
quantum/tests/test_impossible_prediction.py,quantum,quantum,quantum.novel_physics.impossible_prediction_generator,False,
quantum/tests/test_independent_physics_review.py,quantum,quantum,quantum.external_audit.independent_physics_review,False,
quantum/tests/test_independent_reanalysis.py,quantum,quantum,quantum.scientific_reproduction.independent_reanalysis,False,
quantum/tests/test_independent_reproduction_pipeline.py,quantum,quantum,quantum.validation.run_independent_reproduction,False,
quantum/tests/test_independent_theory_export.py,quantum,quantum,quantum.reality_native.independent_theory_export,False,
quantum/tests/test_law_compression.py,quantum,quantum,quantum.law_validation.law_compression,False,
quantum/tests/test_law_compression.py,quantum,quantum,quantum.law_validation.law_minimality,False,
quantum/tests/test_law_compression.py,quantum,quantum,quantum.law_validation.replication_engine,False,
quantum/tests/test_law_discovery.py,quantum,quantum,quantum.law_discovery.scientific_observer,False,
quantum/tests/test_law_discovery.py,quantum,quantum,quantum.law_discovery.pattern_miner,False,
quantum/tests/test_law_discovery.py,quantum,quantum,quantum.law_discovery.symbolic_law_generator,False,
quantum/tests/test_law_discovery.py,quantum,quantum,quantum.law_discovery.hypothesis_generator,False,
quantum/tests/test_law_discovery.py,quantum,quantum,quantum.law_discovery.mechanistic_explainer,False,
quantum/tests/test_law_discovery.py,quantum,quantum,quantum.law_discovery.synthetic_law_benchmark,False,
quantum/tests/test_law_discovery.py,quantum,quantum,quantum.law_discovery.causal_law_verifier,False,
quantum/tests/test_law_discovery.py,quantum,quantum,quantum.law_discovery.law_falsification_engine,False,
quantum/tests/test_law_discovery.py,quantum,quantum,quantum.law_discovery.law_tournament,False,
quantum/tests/test_law_discovery.py,quantum,quantum,quantum.law_discovery.theory_refinement,False,
quantum/tests/test_law_discovery.py,quantum,quantum,quantum.law_discovery.law_memory,False,
quantum/tests/test_law_discovery.py,quantum,quantum,quantum.law_discovery.mdl_analyzer,False,
quantum/tests/test_law_discovery.py,quantum,quantum,quantum.law_discovery.meta_law_discovery,False,
quantum/tests/test_law_discovery.py,quantum,quantum,quantum.law_discovery.scientific_loop,False,
quantum/tests/test_law_discovery.py,quantum,quantum,quantum.law_discovery.law_discovery_audit,False,
quantum/tests/test_law_discovery.py,quantum,quantum,quantum.graph.knowledge_graph_analyzer,False,
quantum/tests/test_law_replication.py,quantum,quantum,quantum.law_validation.replication_engine,False,
quantum/tests/test_law_replication.py,quantum,quantum,quantum.law_validation.cross_simulator_validator,False,
quantum/tests/test_mass_confirmation.py,quantum,quantum,quantum.reality_native.domain_expansion_engine,False,
quantum/tests/test_mass_confirmation.py,quantum,quantum,quantum.reality_native.parallel_theory_discovery,False,
quantum/tests/test_mass_confirmation.py,quantum,quantum,quantum.reality_native.mass_confirmation_engine,False,
quantum/tests/test_mass_reproduction.py,quantum,quantum,quantum.reality_native.domain_expansion_engine,False,
quantum/tests/test_mass_reproduction.py,quantum,quantum,quantum.reality_native.parallel_theory_discovery,False,
quantum/tests/test_mass_reproduction.py,quantum,quantum,quantum.reality_native.mass_reproduction_engine,False,
quantum/tests/test_meta_analysis.py,quantum,quantum,quantum.scientific_reproduction.meta_analysis,False,
quantum/tests/test_meta_reproduction.py,quantum,quantum,quantum.external_audit.meta_reproduction_engine,False,
quantum/tests/test_multi_lab_consensus.py,quantum,quantum,quantum.scientific_reproduction.multi_lab_consensus,False,
quantum/tests/test_novel_effect_extractor.py,quantum,quantum,quantum.novel_physics.novel_effect_extractor,False,
quantum/tests/test_novel_physics_pipeline.py,quantum,quantum,quantum.validation.run_novel_physics,False,
quantum/tests/test_novel_physics_validation.py,quantum,quantum,quantum.reality_native.domain_expansion_engine,False,
quantum/tests/test_novel_physics_validation.py,quantum,quantum,quantum.reality_native.parallel_theory_discovery,False,
quantum/tests/test_novel_physics_validation.py,quantum,quantum,quantum.novel_physics.impossible_prediction_generator,False,
quantum/tests/test_novel_physics_validation.py,quantum,quantum,quantum.novel_physics.independent_novel_physics_validation,False,
quantum/tests/test_novel_prediction_lock.py,quantum,quantum,quantum.novel_physics.novel_prediction_lock,False,
quantum/tests/test_parallel_discovery.py,quantum,quantum,quantum.reality_native.domain_expansion_engine,False,
quantum/tests/test_parallel_discovery.py,quantum,quantum,quantum.reality_native.parallel_theory_discovery,False,
quantum/tests/test_physics_impact.py,quantum,quantum,quantum.novel_physics.physics_impact_assessor,False,
quantum/tests/test_prediction_locking.py,quantum,quantum,quantum.reality_native.prediction_locking_engine,False,
quantum/tests/test_publication_readiness.py,quantum,quantum,quantum.scientific_reproduction.publication_readiness,False,
quantum/tests/test_qiskit_adapter.py,quantum,quantum,quantum.integration.qiskit_adapter,False,
quantum/tests/test_qiskit_plugin.py,quantum,quantum,quantum.optimization.qiskit_plugin,False,
quantum/tests/test_qiskit_sandbox.py,quantum,quantum,quantum.sandbox.qiskit_quantum_sandbox,False,
quantum/tests/test_quantum_domain.py,quantum,core,core.domains.domain_registry,True,
quantum/tests/test_quantum_domain.py,quantum,core,core.domains.plugin_loader,True,
quantum/tests/test_quantum_domain.py,quantum,core,core.orchestration.scientist_factory,True,
quantum/tests/test_quantum_domain.py,quantum,core,core.orchestration.scientific_container,True,
quantum/tests/test_quantum_domain.py,quantum,physics,physics.core.autonomous.autonomous_scientist,True,
quantum/tests/test_quantum_domain.py,quantum,core,core.abstractions.base_hypothesis_generator,True,
quantum/tests/test_quantum_domain.py,quantum,core,core.abstractions.base_critic,True,
quantum/tests/test_quantum_domain.py,quantum,core,core.abstractions.base_sandbox,True,
quantum/tests/test_quantum_domain.py,quantum,core,core.abstractions.base_memory,True,
quantum/tests/test_quantum_domain.py,quantum,quantum,quantum.generators.quantum_hypothesis_generator,False,
quantum/tests/test_quantum_domain.py,quantum,quantum,quantum.critics.quantum_critic,False,
quantum/tests/test_quantum_domain.py,quantum,quantum,quantum.sandbox.qiskit_quantum_sandbox,False,
quantum/tests/test_quantum_domain.py,quantum,quantum,quantum.memory.quantum_memory,False,
quantum/tests/test_quantum_evolution.py,quantum,quantum,quantum.critics.quantum_critic,False,
quantum/tests/test_quantum_evolution.py,quantum,quantum,quantum.evolution.evolution_engine,False,
quantum/tests/test_quantum_evolution.py,quantum,quantum,quantum.evolution.population_manager,False,
quantum/tests/test_quantum_evolution.py,quantum,quantum,quantum.factories.quantum_factory,False,
quantum/tests/test_quantum_evolution.py,quantum,quantum,quantum.memory.quantum_memory,False,
quantum/tests/test_quantum_evolution.py,quantum,quantum,quantum.sandbox.qiskit_quantum_sandbox,False,
quantum/tests/test_quantum_fidelity.py,quantum,quantum,quantum.sandbox.qiskit_quantum_sandbox,False,
quantum/tests/test_quantum_fidelity.py,quantum,quantum,quantum.critics.quantum_critic,False,
quantum/tests/test_quantum_knowledge.py,quantum,quantum,quantum.knowledge.canonicalizer,False,
quantum/tests/test_quantum_knowledge.py,quantum,quantum,quantum.knowledge.quantum_pattern_extractor,False,
quantum/tests/test_quantum_knowledge.py,quantum,quantum,quantum.knowledge.knowledge_graph,False,
quantum/tests/test_quantum_knowledge.py,quantum,quantum,quantum.memory.quantum_memory,False,
quantum/tests/test_quantum_knowledge.py,quantum,quantum,quantum.evolution.evolution_engine,False,
quantum/tests/test_quantum_knowledge.py,quantum,quantum,quantum.evolution.population_manager,False,
quantum/tests/test_quantum_knowledge.py,quantum,quantum,quantum.sandbox.qiskit_quantum_sandbox,False,
quantum/tests/test_quantum_knowledge.py,quantum,quantum,quantum.critics.quantum_critic,False,
quantum/tests/test_reality_native_confirmation.py,quantum,quantum,quantum.reality_native.reality_native_confirmation,False,
quantum/tests/test_reality_native_confirmation.py,quantum,quantum,quantum.validation.run_reality_native_confirmation,False,
quantum/tests/test_reality_native_discovery.py,quantum,quantum,quantum.reality_native.reality_native_memory,False,
quantum/tests/test_reality_native_discovery.py,quantum,quantum,quantum.reality_native.reality_gap_extractor,False,
quantum/tests/test_reality_native_discovery.py,quantum,quantum,quantum.reality_native.anomaly_clustering,False,
quantum/tests/test_reality_native_discovery.py,quantum,quantum,quantum.reality_native.reality_native_law_discovery,False,
quantum/tests/test_reality_native_discovery.py,quantum,quantum,quantum.reality_native.causal_mechanism_discovery,False,
quantum/tests/test_reality_native_discovery.py,quantum,quantum,quantum.reality_native.theory_synthesis,False,
quantum/tests/test_reality_native_discovery.py,quantum,quantum,quantum.reality_native.prediction_generator,False,
quantum/tests/test_reality_native_discovery.py,quantum,quantum,quantum.reality_native.replication_audit,False,
quantum/tests/test_reality_native_discovery.py,quantum,quantum,quantum.reality_native.adversarial_review,False,
quantum/tests/test_reality_native_discovery.py,quantum,quantum,quantum.reality_native.epistemic_classification,False,
quantum/tests/test_red_team_reimplementation.py,quantum,quantum,quantum.external_audit.red_team_reimplementation,False,
quantum/tests/test_representation_audit.py,quantum,quantum,quantum.knowledge.representation_analyzer,False,
quantum/tests/test_research_infrastructure.py,quantum,quantum,quantum.simulation.cuquantum_backend,False,
quantum/tests/test_research_infrastructure.py,quantum,quantum,quantum.simulation.simulation_manager,False,
quantum/tests/test_research_infrastructure.py,quantum,quantum,quantum.optimization.pyzx_optimizer,False,
quantum/tests/test_research_infrastructure.py,quantum,quantum,quantum.noise.mitiq_backend,False,
quantum/tests/test_research_infrastructure.py,quantum,quantum,quantum.qml.pennylane_models,False,
quantum/tests/test_research_infrastructure.py,quantum,quantum,quantum.qml.tfq_models,False,
quantum/tests/test_research_infrastructure.py,quantum,quantum,quantum.qml.torchquantum_models,False,
quantum/tests/test_research_infrastructure.py,quantum,quantum,quantum.graph.knowledge_graph_analyzer,False,
quantum/tests/test_research_infrastructure.py,quantum,quantum,quantum.explainability.shap_analyzer,False,
quantum/tests/test_research_infrastructure.py,quantum,quantum,quantum.research.research_registry,False,
quantum/tests/test_research_infrastructure.py,quantum,quantum,quantum.analysis.dataset_integrity_auditor,False,
quantum/tests/test_research_infrastructure.py,quantum,quantum,quantum.benchmarks.imbalance_audit,False,
quantum/tests/test_research_infrastructure.py,quantum,quantum,quantum.benchmarks.explainability_audit,False,
quantum/tests/test_research_infrastructure.py,quantum,quantum,quantum.benchmarks.reproducibility_suite,False,
quantum/tests/test_research_infrastructure.py,quantum,quantum,quantum.benchmarks.benchmark_research_infrastructure,False,
quantum/tests/test_research_infrastructure.py,quantum,quantum,quantum.graph.knowledge_graph_analyzer,False,
quantum/tests/test_residual_frontier.py,quantum,quantum,quantum.novel_physics.residual_frontier_engine,False,
quantum/tests/test_revision_engine.py,quantum,quantum,quantum.revision.failure_attribution,False,
quantum/tests/test_revision_engine.py,quantum,quantum,quantum.revision.mechanism_survival,False,
quantum/tests/test_revision_engine.py,quantum,quantum,quantum.revision.theory_surgery,False,
quantum/tests/test_revision_engine.py,quantum,quantum,quantum.revision.residual_discovery,False,
quantum/tests/test_revision_engine.py,quantum,quantum,quantum.revision.noise_meta_law_discovery,False,
quantum/tests/test_revision_engine.py,quantum,quantum,quantum.revision.theory_revision_tournament,False,
quantum/tests/test_revision_engine.py,quantum,quantum,quantum.revision.bayesian_updating,False,
quantum/tests/test_revision_engine.py,quantum,quantum,quantum.revision.reality_gap_quantification,False,
quantum/tests/test_revision_engine.py,quantum,quantum,quantum.validation.run_revision_engine,False,
quantum/tests/test_scaffold_discovery.py,quantum,quantum,quantum.discovery.autonomous_scaffold_generator,False,
quantum/tests/test_scaffold_discovery.py,quantum,quantum,quantum.discovery.discovery_benchmark,False,
quantum/tests/test_scientific_audits.py,quantum,quantum,quantum.audits.label_shuffle_audit,False,
quantum/tests/test_scientific_audits.py,quantum,quantum,quantum.audits.domain_holdout_audit,False,
quantum/tests/test_scientific_audits.py,quantum,quantum,quantum.audits.adversarial_feature_audit,False,
quantum/tests/test_scientific_audits.py,quantum,quantum,quantum.audits.counterfactual_scaffold_audit,False,
quantum/tests/test_scientific_audits.py,quantum,quantum,quantum.audits.leakage_forensics,False,
quantum/tests/test_scientific_audits.py,quantum,quantum,quantum.audits.realism_audit,False,
quantum/tests/test_scientific_audits.py,quantum,quantum,quantum.audits.scientific_verdict,False,
quantum/tests/test_scientific_consensus.py,quantum,quantum,quantum.law_validation.scientific_consensus,False,
quantum/tests/test_scientific_consensus.py,quantum,quantum,quantum.law_validation.law_retraction,False,
quantum/tests/test_scientific_consensus_verdict.py,quantum,quantum,quantum.scientific_reproduction.scientific_consensus_verdict,False,
quantum/tests/test_scientific_dossier.py,quantum,quantum,quantum.scientific_reproduction.scientific_dossier_export,False,
quantum/tests/test_standard_physics_models.py,quantum,quantum,quantum.novel_physics.standard_physics_models,False,
quantum/tests/test_standard_physics_models.py,quantum,quantum,quantum.novel_physics.physics_baseline_library,False,
quantum/tests/test_standard_physics_models.py,quantum,quantum,quantum.novel_physics.known_effect_catalog,False,
quantum/tests/test_synergy_discovery.py,quantum,quantum,quantum.analysis.interaction_classifier,False,
quantum/tests/test_synergy_discovery.py,quantum,quantum,quantum.analysis.novelty_metrics,False,
quantum/tests/test_synergy_discovery.py,quantum,quantum,quantum.analysis.scaffold_counterfactual_evaluator,False,
quantum/tests/test_synergy_discovery.py,quantum,quantum,quantum.analysis.pairwise_synergy_audit,False,
quantum/tests/test_synergy_discovery.py,quantum,quantum,quantum.analysis.synergy_predictor,False,
quantum/tests/test_synergy_transfer.py,quantum,quantum,quantum.analysis.synergy_transfer_registry,False,
quantum/tests/test_synergy_transfer.py,quantum,quantum,quantum.benchmarks.benchmark_synergy_transfer,False,
quantum/tests/test_synthetic_worlds.py,quantum,quantum,quantum.law_validation.synthetic_world_generator,False,
quantum/tests/test_theory_diversity.py,quantum,quantum,quantum.reality_native.domain_expansion_engine,False,
quantum/tests/test_theory_diversity.py,quantum,quantum,quantum.reality_native.parallel_theory_discovery,False,
quantum/tests/test_theory_diversity.py,quantum,quantum,quantum.reality_native.theory_diversity_analyzer,False,
quantum/tests/test_theory_engine.py,quantum,quantum,quantum.theory.theory_memory,False,
quantum/tests/test_theory_engine.py,quantum,quantum,quantum.theory.theory_generator,False,
quantum/tests/test_theory_engine.py,quantum,quantum,quantum.theory.mechanism_engine,False,
quantum/tests/test_theory_engine.py,quantum,quantum,quantum.theory.mechanistic_grounding,False,
quantum/tests/test_theory_engine.py,quantum,quantum,quantum.theory.theory_compression,False,
quantum/tests/test_theory_engine.py,quantum,quantum,quantum.theory.law_coverage,False,
quantum/tests/test_theory_engine.py,quantum,quantum,quantum.theory.prediction_engine,False,
quantum/tests/test_theory_engine.py,quantum,quantum,quantum.theory.independent_confirmation,False,
quantum/tests/test_theory_engine.py,quantum,quantum,quantum.theory.synthetic_theory_recovery,False,
quantum/tests/test_theory_engine.py,quantum,quantum,quantum.theory.historical_recovery,False,
quantum/tests/test_theory_engine.py,quantum,quantum,quantum.theory.theory_tournament,False,
quantum/tests/test_theory_engine.py,quantum,quantum,quantum.theory.theory_evolution,False,
quantum/tests/test_theory_engine.py,quantum,quantum,quantum.theory.blind_validation,False,
quantum/tests/test_theory_engine.py,quantum,quantum,quantum.theory.adversarial_theory_tests,False,
quantum/tests/test_theory_reconstruction.py,quantum,quantum,quantum.reality_native.theory_reconstruction,False,
quantum/tests/test_transferability.py,quantum,quantum,quantum.analysis.transferability_features,False,
quantum/tests/test_transferability.py,quantum,quantum,quantum.analysis.transferability_predictor,False,
quantum/theory/adversarial_theory_tests.py,quantum,quantum,quantum.theory.theory_memory,False,
quantum/theory/adversarial_theory_tests.py,quantum,quantum,quantum.theory.mechanism_engine,False,
quantum/theory/historical_recovery.py,quantum,quantum,quantum.theory.theory_memory,False,
quantum/theory/independent_confirmation.py,quantum,quantum,quantum.theory.theory_memory,False,
quantum/theory/independent_confirmation.py,quantum,quantum,quantum.theory.mechanism_engine,False,
quantum/theory/law_coverage.py,quantum,quantum,quantum.theory.theory_memory,False,
quantum/theory/mechanism_engine.py,quantum,quantum,quantum.theory.theory_memory,False,
quantum/theory/mechanism_engine.py,quantum,quantum,quantum.law_discovery.scientific_observer,False,
quantum/theory/mechanistic_grounding.py,quantum,quantum,quantum.theory.theory_memory,False,
quantum/theory/mechanistic_grounding.py,quantum,quantum,quantum.theory.mechanism_engine,False,
quantum/theory/prediction_engine.py,quantum,quantum,quantum.theory.theory_memory,False,
quantum/theory/prediction_engine.py,quantum,quantum,quantum.theory.mechanism_engine,False,
quantum/theory/theory_compression.py,quantum,quantum,quantum.theory.theory_memory,False,
quantum/theory/theory_evolution.py,quantum,quantum,quantum.theory.theory_memory,False,
quantum/theory/theory_generator.py,quantum,quantum,quantum.theory.theory_memory,False,
quantum/theory/theory_tournament.py,quantum,quantum,quantum.theory.theory_memory,False,
quantum/validation/run_adversarial_audit.py,quantum,quantum,quantum.law_validation.replication_engine,False,
quantum/validation/run_adversarial_audit.py,quantum,quantum,quantum.law_validation.cross_simulator_validator,False,
quantum/validation/run_adversarial_audit.py,quantum,quantum,quantum.law_validation.holdout_validation,False,
quantum/validation/run_adversarial_audit.py,quantum,quantum,quantum.law_validation.counterexample_discovery,False,
quantum/validation/run_adversarial_audit.py,quantum,quantum,quantum.law_validation.law_blind_validation,False,
quantum/validation/run_adversarial_audit.py,quantum,quantum,quantum.law_validation.synthetic_world_generator,False,
quantum/validation/run_adversarial_audit.py,quantum,quantum,quantum.law_validation.historical_recovery,False,
quantum/validation/run_adversarial_audit.py,quantum,quantum,quantum.law_validation.fdr_audit,False,
quantum/validation/run_adversarial_audit.py,quantum,quantum,quantum.law_validation.law_compression,False,
quantum/validation/run_adversarial_audit.py,quantum,quantum,quantum.law_validation.law_minimality,False,
quantum/validation/run_adversarial_audit.py,quantum,quantum,quantum.law_validation.meta_law_validation,False,
quantum/validation/run_adversarial_audit.py,quantum,quantum,quantum.law_validation.law_retraction,False,
quantum/validation/run_adversarial_audit.py,quantum,quantum,quantum.law_validation.scientific_consensus,False,
quantum/validation/run_adversarial_audit.py,quantum,quantum,quantum.law_validation.grand_adversarial_audit,False,
quantum/validation/run_cross_simulator_validation.py,quantum,quantum,quantum.law_validation.cross_simulator_validator,False,
quantum/validation/run_evidence_audit.py,quantum,quantum,quantum.evidence_audit.evidence_memory,False,
quantum/validation/run_evidence_audit.py,quantum,quantum,quantum.evidence_audit.hardware_evidence_inventory,False,
quantum/validation/run_evidence_audit.py,quantum,quantum,quantum.evidence_audit.effective_sample_size,False,
quantum/validation/run_evidence_audit.py,quantum,quantum,quantum.evidence_audit.dependence_leakage_audit,False,
quantum/validation/run_evidence_audit.py,quantum,quantum,quantum.evidence_audit.correlation_forensics,False,
quantum/validation/run_evidence_audit.py,quantum,quantum,quantum.evidence_audit.technology_diversity,False,
quantum/validation/run_evidence_audit.py,quantum,quantum,quantum.evidence_audit.vendor_independence,False,
quantum/validation/run_evidence_audit.py,quantum,quantum,quantum.evidence_audit.calibration_diversity,False,
quantum/validation/run_evidence_audit.py,quantum,quantum,quantum.evidence_audit.benchmark_diversity,False,
quantum/validation/run_evidence_audit.py,quantum,quantum,quantum.evidence_audit.noise_law_redundancy,False,
quantum/validation/run_evidence_audit.py,quantum,quantum,quantum.evidence_audit.counterfactual_evidence,False,
quantum/validation/run_evidence_audit.py,quantum,quantum,quantum.evidence_audit.evidence_stress_tests,False,
quantum/validation/run_evidence_audit.py,quantum,quantum,quantum.evidence_audit.discovery_readiness,False,
quantum/validation/run_evidence_audit.py,quantum,quantum,quantum.evidence_audit.evidence_consensus,False,
quantum/validation/run_external_audit.py,quantum,quantum,quantum.external_audit.forensic_export_engine,False,
quantum/validation/run_external_audit.py,quantum,quantum,quantum.external_audit.chain_of_custody,False,
quantum/validation/run_external_audit.py,quantum,quantum,quantum.external_audit.hostile_leakage_audit,False,
quantum/validation/run_external_audit.py,quantum,quantum,quantum.external_audit.circular_validation_audit,False,
quantum/validation/run_external_audit.py,quantum,quantum,quantum.external_audit.red_team_reimplementation,False,
quantum/validation/run_external_audit.py,quantum,quantum,quantum.external_audit.double_blind_reproduction,False,
quantum/validation/run_external_audit.py,quantum,quantum,quantum.external_audit.adversarial_model_tournament,False,
quantum/validation/run_external_audit.py,quantum,quantum,quantum.external_audit.external_hardware_challenge,False,
quantum/validation/run_external_audit.py,quantum,quantum,quantum.external_audit.independent_physics_review,False,
quantum/validation/run_external_audit.py,quantum,quantum,quantum.external_audit.external_review_panel,False,
quantum/validation/run_external_audit.py,quantum,quantum,quantum.external_audit.meta_reproduction_engine,False,
quantum/validation/run_external_audit.py,quantum,quantum,quantum.external_audit.external_epistemic_verdict,False,
quantum/validation/run_hardware_validation.py,quantum,quantum,quantum.hardware.hardware_runner,False,
quantum/validation/run_hardware_validation.py,quantum,quantum,quantum.hardware.theory_experiment_generator,False,
quantum/validation/run_hardware_validation.py,quantum,quantum,quantum.hardware.preregistered_predictions,False,
quantum/validation/run_hardware_validation.py,quantum,quantum,quantum.hardware.hardware_replication,False,
quantum/validation/run_hardware_validation.py,quantum,quantum,quantum.hardware.temporal_stability,False,
quantum/validation/run_hardware_validation.py,quantum,quantum,quantum.hardware.calibration_audit,False,
quantum/validation/run_hardware_validation.py,quantum,quantum,quantum.hardware.hardware_adversary,False,
quantum/validation/run_hardware_validation.py,quantum,quantum,quantum.hardware.ood_hardware_validation,False,
quantum/validation/run_hardware_validation.py,quantum,quantum,quantum.hardware.physical_mechanism_validation,False,
quantum/validation/run_hardware_validation.py,quantum,quantum,quantum.hardware.hardware_fdr_audit,False,
quantum/validation/run_hardware_validation.py,quantum,quantum,quantum.hardware.hardware_theory_tournament,False,
quantum/validation/run_hardware_validation.py,quantum,quantum,quantum.hardware.reality_evolution,False,
quantum/validation/run_hardware_validation.py,quantum,quantum,quantum.hardware.external_reproduction,False,
quantum/validation/run_hardware_validation.py,quantum,quantum,quantum.hardware.negative_results_repository,False,
quantum/validation/run_hardware_validation.py,quantum,quantum,quantum.hardware.hardware_consensus,False,
quantum/validation/run_historical_recovery.py,quantum,quantum,quantum.law_validation.historical_recovery,False,
quantum/validation/run_independent_reproduction.py,quantum,quantum,quantum.reality_native.independent_theory_export,False,
quantum/validation/run_independent_reproduction.py,quantum,quantum,quantum.reality_native.theory_reconstruction,False,
quantum/validation/run_independent_reproduction.py,quantum,quantum,quantum.reality_native.prediction_locking_engine,False,
quantum/validation/run_independent_reproduction.py,quantum,quantum,quantum.reality_native.independent_validation_dataset,False,
quantum/validation/run_independent_reproduction.py,quantum,quantum,quantum.reality_native.independent_reproduction_tournament,False,
quantum/validation/run_independent_reproduction.py,quantum,quantum,quantum.reality_native.cross_lab_simulation,False,
quantum/validation/run_independent_reproduction.py,quantum,quantum,quantum.reality_native.reproduction_leakage_audit,False,
quantum/validation/run_independent_reproduction.py,quantum,quantum,quantum.reality_native.independent_epistemic_verdict,False,
quantum/validation/run_independent_reproduction.py,quantum,quantum,quantum.reality_native.external_reimplementation_challenge,False,
quantum/validation/run_novel_physics.py,quantum,quantum,quantum.reality_native.domain_expansion_engine,False,
quantum/validation/run_novel_physics.py,quantum,quantum,quantum.reality_native.parallel_theory_discovery,False,
quantum/validation/run_novel_physics.py,quantum,quantum,quantum.novel_physics.standard_physics_models,False,
quantum/validation/run_novel_physics.py,quantum,quantum,quantum.novel_physics.physics_baseline_library,False,
quantum/validation/run_novel_physics.py,quantum,quantum,quantum.novel_physics.known_effect_catalog,False,
quantum/validation/run_novel_physics.py,quantum,quantum,quantum.novel_physics.residual_frontier_engine,False,
quantum/validation/run_novel_physics.py,quantum,quantum,quantum.novel_physics.novel_effect_extractor,False,
quantum/validation/run_novel_physics.py,quantum,quantum,quantum.novel_physics.impossible_prediction_generator,False,
quantum/validation/run_novel_physics.py,quantum,quantum,quantum.novel_physics.experiment_designer,False,
quantum/validation/run_novel_physics.py,quantum,quantum,quantum.novel_physics.novel_prediction_lock,False,
quantum/validation/run_novel_physics.py,quantum,quantum,quantum.novel_physics.novel_prediction_registry,False,
quantum/validation/run_novel_physics.py,quantum,quantum,quantum.novel_physics.independent_novel_physics_validation,False,
quantum/validation/run_novel_physics.py,quantum,quantum,quantum.novel_physics.alternative_explanation_audit,False,
quantum/validation/run_novel_physics.py,quantum,quantum,quantum.novel_physics.physics_impact_assessor,False,
quantum/validation/run_reality_native_confirmation.py,quantum,quantum,quantum.reality_native.reality_native_confirmation,False,
quantum/validation/run_reality_native_discovery.py,quantum,quantum,quantum.reality_native.reality_gap_extractor,False,
quantum/validation/run_reality_native_discovery.py,quantum,quantum,quantum.reality_native.anomaly_clustering,False,
quantum/validation/run_reality_native_discovery.py,quantum,quantum,quantum.reality_native.reality_native_law_discovery,False,
quantum/validation/run_reality_native_discovery.py,quantum,quantum,quantum.reality_native.causal_mechanism_discovery,False,
quantum/validation/run_reality_native_discovery.py,quantum,quantum,quantum.reality_native.theory_synthesis,False,
quantum/validation/run_reality_native_discovery.py,quantum,quantum,quantum.reality_native.prediction_generator,False,
quantum/validation/run_reality_native_discovery.py,quantum,quantum,quantum.reality_native.replication_audit,False,
quantum/validation/run_reality_native_discovery.py,quantum,quantum,quantum.reality_native.adversarial_review,False,
quantum/validation/run_reality_native_discovery.py,quantum,quantum,quantum.reality_native.epistemic_classification,False,
quantum/validation/run_replication_program.py,quantum,quantum,quantum.law_validation.replication_engine,False,
quantum/validation/run_revision_engine.py,quantum,quantum,quantum.revision.failure_attribution,False,
quantum/validation/run_revision_engine.py,quantum,quantum,quantum.revision.mechanism_survival,False,
quantum/validation/run_revision_engine.py,quantum,quantum,quantum.revision.theory_surgery,False,
quantum/validation/run_revision_engine.py,quantum,quantum,quantum.revision.residual_discovery,False,
quantum/validation/run_revision_engine.py,quantum,quantum,quantum.revision.noise_meta_law_discovery,False,
quantum/validation/run_revision_engine.py,quantum,quantum,quantum.revision.theory_revision_tournament,False,
quantum/validation/run_revision_engine.py,quantum,quantum,quantum.revision.bayesian_updating,False,
quantum/validation/run_revision_engine.py,quantum,quantum,quantum.revision.reality_gap_quantification,False,
quantum/validation/run_scientific_reproduction.py,quantum,quantum,quantum.scientific_reproduction.scientific_dossier_export,False,
quantum/validation/run_scientific_reproduction.py,quantum,quantum,quantum.scientific_reproduction.independent_reanalysis,False,
quantum/validation/run_scientific_reproduction.py,quantum,quantum,quantum.scientific_reproduction.assumption_destruction,False,
quantum/validation/run_scientific_reproduction.py,quantum,quantum,quantum.scientific_reproduction.alternative_explanation_factory,False,
quantum/validation/run_scientific_reproduction.py,quantum,quantum,quantum.scientific_reproduction.multi_lab_consensus,False,
quantum/validation/run_scientific_reproduction.py,quantum,quantum,quantum.scientific_reproduction.evidence_quality_engine,False,
quantum/validation/run_scientific_reproduction.py,quantum,quantum,quantum.scientific_reproduction.publication_readiness,False,
quantum/validation/run_scientific_reproduction.py,quantum,quantum,quantum.scientific_reproduction.community_acceptance,False,
quantum/validation/run_scientific_reproduction.py,quantum,quantum,quantum.scientific_reproduction.meta_analysis,False,
quantum/validation/run_scientific_reproduction.py,quantum,quantum,quantum.scientific_reproduction.scientific_consensus_verdict,False,
quantum/validation/run_synthetic_worlds.py,quantum,quantum,quantum.law_validation.synthetic_world_generator,False,
quantum/validation/run_theory_engine.py,quantum,quantum,quantum.theory.theory_generator,False,
quantum/validation/run_theory_engine.py,quantum,quantum,quantum.theory.mechanism_engine,False,
quantum/validation/run_theory_engine.py,quantum,quantum,quantum.theory.mechanistic_grounding,False,
quantum/validation/run_theory_engine.py,quantum,quantum,quantum.theory.theory_compression,False,
quantum/validation/run_theory_engine.py,quantum,quantum,quantum.theory.law_coverage,False,
quantum/validation/run_theory_engine.py,quantum,quantum,quantum.theory.prediction_engine,False,
quantum/validation/run_theory_engine.py,quantum,quantum,quantum.theory.independent_confirmation,False,
quantum/validation/run_theory_engine.py,quantum,quantum,quantum.theory.synthetic_theory_recovery,False,
quantum/validation/run_theory_engine.py,quantum,quantum,quantum.theory.historical_recovery,False,
quantum/validation/run_theory_engine.py,quantum,quantum,quantum.theory.theory_tournament,False,
quantum/validation/run_theory_engine.py,quantum,quantum,quantum.theory.theory_evolution,False,
quantum/validation/run_theory_engine.py,quantum,quantum,quantum.theory.blind_validation,False,
quantum/validation/run_theory_engine.py,quantum,quantum,quantum.theory.adversarial_theory_tests,False,
quantum/validation/run_theory_factory.py,quantum,quantum,quantum.reality_native.domain_expansion_engine,False,
quantum/validation/run_theory_factory.py,quantum,quantum,quantum.reality_native.parallel_theory_discovery,False,
quantum/validation/run_theory_factory.py,quantum,quantum,quantum.reality_native.theory_diversity_analyzer,False,
quantum/validation/run_theory_factory.py,quantum,quantum,quantum.reality_native.mass_confirmation_engine,False,
quantum/validation/run_theory_factory.py,quantum,quantum,quantum.reality_native.mass_reproduction_engine,False,
quantum/validation/run_theory_factory.py,quantum,quantum,quantum.reality_native.theory_survival_analysis,False,
quantum/validation/run_theory_factory.py,quantum,quantum,quantum.reality_native.theory_factory_score,False,
quantum/validation/run_theory_factory.py,quantum,quantum,quantum.reality_native.false_discovery_control,False,
quantum/validation/run_theory_factory.py,quantum,quantum,quantum.reality_native.theory_economics_engine,False,
quantum/validation/run_theory_factory.py,quantum,quantum,quantum.reality_native.theory_factory_classifier,False,
quantum/validation/run_theory_factory.py,quantum,quantum,quantum.reality_native.adversarial_factory_challenge,False,
satelite/satellite/run_warp_simulation.py,satelite,satellite,satellite.warp.warp_thermal_injection,True,
satelite/satellite/run_warp_simulation.py,satelite,satellite,satellite.thermal.fdir_engine,True,
satelite/tests/test_run_thermal_pipeline.py,satelite,satellite,satellite.run_thermal_pipeline,True,
satelite/tests/test_run_thermal_pipeline.py,satelite,satellite,satellite.run_thermal_pipeline,True,
satelite/physics/core/neurosymbolic/pinn.py,satelite,physics,physics.pinn_module,True,
satelite/physics/core/neurosymbolic/__init__.py,satelite,physics,physics.core.neurosymbolic.pinn,True,
satelite/physics/core/neurosymbolic/__init__.py,satelite,physics,physics.core.neurosymbolic.neural_ode,True,
satelite/physics/core/neurosymbolic/__init__.py,satelite,physics,physics.core.neurosymbolic.symbolic,True,
satelite/satellite/adcs/adcs_thermal_coupling.py,satelite,satellite,satellite.thermal.multi_node_thermal_network,True,
satelite/satellite/autonomy/self_healing_twin.py,satelite,satellite,satellite.thermal.multi_node_thermal_network,True,
satelite/satellite/estimation/nominal_ekf_validation.py,satelite,satellite,satellite.thermal.multi_node_thermal_network,True,
satelite/satellite/estimation/nominal_ekf_validation.py,satelite,satellite,satellite.estimation.robust_los_ekf,True,
satelite/satellite/estimation/robust_los_ekf.py,satelite,satellite,satellite.thermal.multi_node_thermal_network,True,
satelite/satellite/flight/export_to_onnx.py,satelite,physics,physics.core.neurosymbolic.pinn,True,
satelite/satellite/flight/export_to_onnx.py,satelite,satellite,satellite.thermal.train_surrogate_models,True,
satelite/satellite/ops/mission_operations.py,satelite,satellite,satellite.thermal.multi_node_thermal_network,True,
satelite/satellite/platform/thermal_os.py,satelite,satellite,satellite.thermal.multi_node_thermal_network,True,
satelite/satellite/radiation/seu_analysis.py,satelite,satellite,satellite.thermal.train_surrogate_models,True,
satelite/satellite/thermal/cavity_radiation_model.py,satelite,satellite,satellite.thermal.multi_node_thermal_network,True,
satelite/satellite/thermal/discover_thermal_equations.py,satelite,physics,physics.core.neurosymbolic.symbolic,True,
satelite/satellite/thermal/fdir_engine.py,satelite,satellite,satellite.thermal.multi_node_thermal_network,True,
satelite/satellite/thermal/hil_real_hardware.py,satelite,satellite,satellite.thermal.multi_node_thermal_network,True,
satelite/satellite/thermal/observability_analysis.py,satelite,satellite,satellite.thermal.multi_node_thermal_network,True,
satelite/satellite/thermal/stiff_solver_benchmark.py,satelite,satellite,satellite.thermal.multi_node_thermal_network,True,
satelite/satellite/thermal/train_thermal_neural_ode.py,satelite,physics,physics.core.neurosymbolic.neural_ode,True,
satelite/satellite/thermal/train_thermal_neural_ode.py,satelite,physics,physics.experiment_versioning,True,
satelite/satellite/thermal/train_thermal_pinn.py,satelite,physics,physics.core.neurosymbolic.pinn,True,
satelite/satellite/thermal/train_thermal_pinn.py,satelite,physics,physics.experiment_versioning,True,
satelite/satellite/thermal/transient_power_profiles.py,satelite,satellite,satellite.thermal.multi_node_thermal_network,True,
satelite/satellite/uq/full_orbit_montecarlo.py,satelite,satellite,satellite.thermal.multi_node_thermal_network,True,
satelite/satellite/validation/flight_heritage_compare.py,satelite,satellite,satellite.thermal.multi_node_thermal_network,True,
satelite/satellite/warp/warp_thermal_injection.py,satelite,satellite,satellite.thermal.multi_node_thermal_network,True,
