run_id,backend,circuit_type,qubits,workflow,depth,gate_count,two_qubit_count,swap_count,fidelity,compile_time
1,ibm_brisbane,GHZ,2,Qiskit,7,9,1,0,0.9674251550430374,1.445767800003523
1,ibm_brisbane,GHZ,2,Qiskit,7,9,1,0,0.9674251550430374,0.007029799999145325
1,ibm_brisbane,GHZ,2,Qiskit,4,4,1,0,0.9722768261233005,0.005756300000939518
1,ibm_brisbane,GHZ,2,Qiskit,7,9,1,0,0.9674251550430374,0.006205799996678252
1,ibm_brisbane,GHZ,2,Qiskit,7,9,1,0,0.9674251550430374,0.005877800002053846
1,ibm_brisbane,GHZ,2,Qiskit,4,4,1,0,0.9722768261233005,0.005653000000165775
1,ibm_brisbane,GHZ,2,Qiskit,4,4,1,0,0.9722768261233005,0.005529099995328579
1,ibm_brisbane,GHZ,2,Qiskit,7,9,1,0,0.9674251550430374,0.005495400000654627
1,ibm_brisbane,GHZ,2,Qiskit,7,9,1,0,0.9674251550430374,0.0059846999938599765
1,ibm_brisbane,GHZ,2,Qiskit,7,9,1,0,0.9674251550430374,0.00587009999435395
1,ibm_brisbane,GHZ,2,Qiskit,7,9,1,0,0.9674251550430374,0.005931699997745454
1,ibm_brisbane,GHZ,2,Qiskit,4,4,1,0,0.9722768261233005,0.005986600001051556
1,ibm_brisbane,GHZ,2,Qiskit,4,4,1,0,0.9722768261233005,0.00575159999425523
1,ibm_brisbane,GHZ,2,Qiskit,4,4,1,0,0.9722768261233005,0.006208899998455308
1,ibm_brisbane,GHZ,2,Qiskit,4,4,1,0,0.9722768261233005,0.006391599999915343
1,ibm_brisbane,GHZ,2,Qiskit,7,9,1,0,0.9674251550430374,0.0063306000010925345
1,ibm_brisbane,GHZ,2,Qiskit,4,4,1,0,0.9722768261233005,0.005513699994480703
1,ibm_brisbane,GHZ,2,Qiskit,4,4,1,0,0.9722768261233005,0.00567859999864595
1,ibm_brisbane,GHZ,2,Qiskit,7,9,1,0,0.9674251550430374,0.005786400004581083
1,ibm_brisbane,GHZ,2,Qiskit,4,4,1,0,0.9722768261233005,0.005436399995232932
1,ibm_brisbane,GHZ,2,Qiskit,4,4,1,0,0.9722768261233005,0.005392599996412173
1,ibm_brisbane,GHZ,2,Qiskit,7,9,1,0,0.9674251550430374,0.005508700000063982
1,ibm_brisbane,GHZ,2,Qiskit,4,4,1,0,0.9722768261233005,0.005316800001310185
1,ibm_brisbane,GHZ,2,Qiskit,4,4,1,0,0.9722768261233005,0.005367400000977796
1,ibm_brisbane,GHZ,2,Qiskit,7,9,1,0,0.9674251550430374,0.006586300005437806
1,ibm_brisbane,GHZ,2,Qiskit,7,9,1,0,0.9674251550430374,0.005650799997965805
1,ibm_brisbane,GHZ,2,Qiskit,7,9,1,0,0.9674251550430374,0.005858199998328928
1,ibm_brisbane,GHZ,2,Qiskit,7,9,1,0,0.9674251550430374,0.006350699994072784
1,ibm_brisbane,GHZ,2,Qiskit,4,4,1,0,0.9722768261233005,0.005255399999441579
1,ibm_brisbane,GHZ,2,Qiskit,4,4,1,0,0.9722768261233005,0.005580799996096175
1,ibm_brisbane,GHZ,2,PyZX,3,4,1,0,0.9722768261233005,0.003315699999802746
1,ibm_brisbane,GHZ,2,PyZX,3,4,1,0,0.9722768261233005,0.0009558000019751489
1,ibm_brisbane,GHZ,2,PyZX,3,4,1,0,0.9722768261233005,0.0006891999946674332
1,ibm_brisbane,GHZ,2,PyZX,3,4,1,0,0.9722768261233005,0.0007145999989006668
1,ibm_brisbane,GHZ,2,PyZX,3,4,1,0,0.9722768261233005,0.0007441999987349845
1,ibm_brisbane,GHZ,2,PyZX,3,4,1,0,0.9722768261233005,0.0008686000001034699
1,ibm_brisbane,GHZ,2,PyZX,3,4,1,0,0.9722768261233005,0.0007923000011942349
1,ibm_brisbane,GHZ,2,PyZX,3,4,1,0,0.9722768261233005,0.0007100000002537854
1,ibm_brisbane,GHZ,2,PyZX,3,4,1,0,0.9722768261233005,0.0007292999944183975
1,ibm_brisbane,GHZ,2,PyZX,3,4,1,0,0.9722768261233005,0.0006637000042246655
1,ibm_brisbane,GHZ,2,PyZX,3,4,1,0,0.9722768261233005,0.0007035999951767735
1,ibm_brisbane,GHZ,2,PyZX,3,4,1,0,0.9722768261233005,0.000654499999654945
1,ibm_brisbane,GHZ,2,PyZX,3,4,1,0,0.9722768261233005,0.0006462000019382685
1,ibm_brisbane,GHZ,2,PyZX,3,4,1,0,0.9722768261233005,0.0006712999966111965
1,ibm_brisbane,GHZ,2,PyZX,3,4,1,0,0.9722768261233005,0.0007565000050817616
1,ibm_brisbane,GHZ,2,PyZX,3,4,1,0,0.9722768261233005,0.0007834999996703118
1,ibm_brisbane,GHZ,2,PyZX,3,4,1,0,0.9722768261233005,0.0006891000011819415
1,ibm_brisbane,GHZ,2,PyZX,3,4,1,0,0.9722768261233005,0.0006633999946643598
1,ibm_brisbane,GHZ,2,PyZX,3,4,1,0,0.9722768261233005,0.0006653000018559396
1,ibm_brisbane,GHZ,2,PyZX,3,4,1,0,0.9722768261233005,0.0006348000024445355
1,ibm_brisbane,GHZ,2,PyZX,3,4,1,0,0.9722768261233005,0.0006303999980445951
1,ibm_brisbane,GHZ,2,PyZX,3,4,1,0,0.9722768261233005,0.000672199996188283
1,ibm_brisbane,GHZ,2,PyZX,3,4,1,0,0.9722768261233005,0.0006241000010049902
1,ibm_brisbane,GHZ,2,PyZX,3,4,1,0,0.9722768261233005,0.000665100000333041
1,ibm_brisbane,GHZ,2,PyZX,3,4,1,0,0.9722768261233005,0.0007846000007702969
1,ibm_brisbane,GHZ,2,PyZX,3,4,1,0,0.9722768261233005,0.0007152000034693629
1,ibm_brisbane,GHZ,2,PyZX,3,4,1,0,0.9722768261233005,0.0007034000009298325
1,ibm_brisbane,GHZ,2,PyZX,3,4,1,0,0.9722768261233005,0.0006584000002476387
1,ibm_brisbane,GHZ,2,PyZX,3,4,1,0,0.9722768261233005,0.0006340999971143901
1,ibm_brisbane,GHZ,2,PyZX,3,4,1,0,0.9722768261233005,0.0006730000022798777
1,ibm_brisbane,GHZ,2,TKET,4,4,1,0,0.9722768261233005,0.03114530000311788
1,ibm_brisbane,GHZ,2,TKET,4,4,1,0,0.9722768261233005,0.011570700000447687
1,ibm_brisbane,GHZ,2,TKET,4,4,1,0,0.9722768261233005,0.011377100003301166
1,ibm_brisbane,GHZ,2,TKET,4,4,1,0,0.9722768261233005,0.011283100000582635
1,ibm_brisbane,GHZ,2,TKET,4,4,1,0,0.9722768261233005,0.011169200006406754
1,ibm_brisbane,GHZ,2,TKET,4,4,1,0,0.9722768261233005,0.011309500005154405
1,ibm_brisbane,GHZ,2,TKET,4,4,1,0,0.9722768261233005,0.010914400001638569
1,ibm_brisbane,GHZ,2,TKET,4,4,1,0,0.9722768261233005,0.01087050000205636
1,ibm_brisbane,GHZ,2,TKET,4,4,1,0,0.9722768261233005,0.011034599992854055
1,ibm_brisbane,GHZ,2,TKET,4,4,1,0,0.9722768261233005,0.010814099994604476
1,ibm_brisbane,GHZ,2,TKET,4,4,1,0,0.9722768261233005,0.011231800002860837
1,ibm_brisbane,GHZ,2,TKET,4,4,1,0,0.9722768261233005,0.01088319999689702
1,ibm_brisbane,GHZ,2,TKET,4,4,1,0,0.9722768261233005,0.010835500004759524
1,ibm_brisbane,GHZ,2,TKET,4,4,1,0,0.9722768261233005,0.011037099997338373
1,ibm_brisbane,GHZ,2,TKET,4,4,1,0,0.9722768261233005,0.011045700004615355
1,ibm_brisbane,GHZ,2,TKET,4,4,1,0,0.9722768261233005,0.011046799998439383
1,ibm_brisbane,GHZ,2,TKET,4,4,1,0,0.9722768261233005,0.010707000001275446
1,ibm_brisbane,GHZ,2,TKET,4,4,1,0,0.9722768261233005,0.01065089999610791
1,ibm_brisbane,GHZ,2,TKET,4,4,1,0,0.9722768261233005,0.010899099994276185
1,ibm_brisbane,GHZ,2,TKET,4,4,1,0,0.9722768261233005,0.010725200001616031
1,ibm_brisbane,GHZ,2,TKET,4,4,1,0,0.9722768261233005,0.010837699999683537
1,ibm_brisbane,GHZ,2,TKET,4,4,1,0,0.9722768261233005,0.010559200003626756
1,ibm_brisbane,GHZ,2,TKET,4,4,1,0,0.9722768261233005,0.011130599996249657
1,ibm_brisbane,GHZ,2,TKET,4,4,1,0,0.9722768261233005,0.01112210000428604
1,ibm_brisbane,GHZ,2,TKET,4,4,1,0,0.9722768261233005,0.010635599996021483
1,ibm_brisbane,GHZ,2,TKET,4,4,1,0,0.9722768261233005,0.011044099999708124
1,ibm_brisbane,GHZ,2,TKET,4,4,1,0,0.9722768261233005,0.011066499995649792
1,ibm_brisbane,GHZ,2,TKET,4,4,1,0,0.9722768261233005,0.010983799998939503
1,ibm_brisbane,GHZ,2,TKET,4,4,1,0,0.9722768261233005,0.010928299998340663
1,ibm_brisbane,GHZ,2,TKET,4,4,1,0,0.9722768261233005,0.01114390000293497
1,ibm_brisbane,GHZ,2,BQSKit,2,2,1,0,0.9742243005,2.8162559000047622
1,ibm_brisbane,GHZ,2,BQSKit,2,2,1,0,0.9742243005,0.05719430000317516
1,ibm_brisbane,GHZ,2,BQSKit,2,2,1,0,0.9742243005,0.05600610000692541
1,ibm_brisbane,GHZ,2,BQSKit,2,2,1,0,0.9742243005,0.056322299999010283
1,ibm_brisbane,GHZ,2,BQSKit,2,2,1,0,0.9742243005,0.05645799999911105
1,ibm_brisbane,GHZ,2,BQSKit,2,2,1,0,0.9742243005,0.05776000000332715
1,ibm_brisbane,GHZ,2,BQSKit,2,2,1,0,0.9742243005,0.057412800000747666
1,ibm_brisbane,GHZ,2,BQSKit,2,2,1,0,0.9742243005,0.056201399995188694
1,ibm_brisbane,GHZ,2,BQSKit,2,2,1,0,0.9742243005,0.056433400000969414
1,ibm_brisbane,GHZ,2,BQSKit,2,2,1,0,0.9742243005,0.056500400001823436
1,ibm_brisbane,GHZ,2,BQSKit,2,2,1,0,0.9742243005,0.05694890000449959
1,ibm_brisbane,GHZ,2,BQSKit,2,2,1,0,0.9742243005,0.056612700005644
1,ibm_brisbane,GHZ,2,BQSKit,2,2,1,0,0.9742243005,0.056292900000698864
1,ibm_brisbane,GHZ,2,BQSKit,2,2,1,0,0.9742243005,0.05641559999639867
1,ibm_brisbane,GHZ,2,BQSKit,2,2,1,0,0.9742243005,0.0559817999965162
1,ibm_brisbane,GHZ,2,BQSKit,2,2,1,0,0.9742243005,0.056084999996528495
1,ibm_brisbane,GHZ,2,BQSKit,2,2,1,0,0.9742243005,0.0563758999996935
1,ibm_brisbane,GHZ,2,BQSKit,2,2,1,0,0.9742243005,0.05618949999916367
1,ibm_brisbane,GHZ,2,BQSKit,2,2,1,0,0.9742243005,0.056210800001281314
1,ibm_brisbane,GHZ,2,BQSKit,2,2,1,0,0.9742243005,0.05588070000521839
1,ibm_brisbane,GHZ,2,BQSKit,2,2,1,0,0.9742243005,0.056520499994803686
1,ibm_brisbane,GHZ,2,BQSKit,2,2,1,0,0.9742243005,0.05608100000245031
1,ibm_brisbane,GHZ,2,BQSKit,2,2,1,0,0.9742243005,0.055980300006922334
1,ibm_brisbane,GHZ,2,BQSKit,2,2,1,0,0.9742243005,0.056149300005927216
1,ibm_brisbane,GHZ,2,BQSKit,2,2,1,0,0.9742243005,0.05598190000455361
1,ibm_brisbane,GHZ,2,BQSKit,2,2,1,0,0.9742243005,0.05652869999903487
1,ibm_brisbane,GHZ,2,BQSKit,2,2,1,0,0.9742243005,0.05639379999774974
1,ibm_brisbane,GHZ,2,BQSKit,2,2,1,0,0.9742243005,0.056128100004571024
1,ibm_brisbane,GHZ,2,BQSKit,2,2,1,0,0.9742243005,0.0563276999964728
1,ibm_brisbane,GHZ,2,BQSKit,2,2,1,0,0.9742243005,0.05604739999398589
1,ibm_brisbane,GHZ,2,Cirq-native,2,2,1,0,0.9742243005,0.001279600000998471
1,ibm_brisbane,GHZ,2,Cirq-native,2,2,1,0,0.9742243005,0.0006610999989788979
1,ibm_brisbane,GHZ,2,Cirq-native,2,2,1,0,0.9742243005,0.00047569999878760427
1,ibm_brisbane,GHZ,2,Cirq-native,2,2,1,0,0.9742243005,0.00044239999988349155
1,ibm_brisbane,GHZ,2,Cirq-native,2,2,1,0,0.9742243005,0.0004386000000522472
1,ibm_brisbane,GHZ,2,Cirq-native,2,2,1,0,0.9742243005,0.00045530000352300704
1,ibm_brisbane,GHZ,2,Cirq-native,2,2,1,0,0.9742243005,0.000432699998782482
1,ibm_brisbane,GHZ,2,Cirq-native,2,2,1,0,0.9742243005,0.0004285000031813979
1,ibm_brisbane,GHZ,2,Cirq-native,2,2,1,0,0.9742243005,0.00048070000048028305
1,ibm_brisbane,GHZ,2,Cirq-native,2,2,1,0,0.9742243005,0.0005136999971000478
1,ibm_brisbane,GHZ,2,Cirq-native,2,2,1,0,0.9742243005,0.00043649999861372635
1,ibm_brisbane,GHZ,2,Cirq-native,2,2,1,0,0.9742243005,0.0004195000001345761
1,ibm_brisbane,GHZ,2,Cirq-native,2,2,1,0,0.9742243005,0.0004124999977648258
1,ibm_brisbane,GHZ,2,Cirq-native,2,2,1,0,0.9742243005,0.00044499999785330147
1,ibm_brisbane,GHZ,2,Cirq-native,2,2,1,0,0.9742243005,0.0004847000018344261
1,ibm_brisbane,GHZ,2,Cirq-native,2,2,1,0,0.9742243005,0.00042720000055851415
1,ibm_brisbane,GHZ,2,Cirq-native,2,2,1,0,0.9742243005,0.00041590000182623044
1,ibm_brisbane,GHZ,2,Cirq-native,2,2,1,0,0.9742243005,0.0004107999993721023
1,ibm_brisbane,GHZ,2,Cirq-native,2,2,1,0,0.9742243005,0.0004512999948929064
1,ibm_brisbane,GHZ,2,Cirq-native,2,2,1,0,0.9742243005,0.0004273000013199635
1,ibm_brisbane,GHZ,2,Cirq-native,2,2,1,0,0.9742243005,0.00041319999581901357
1,ibm_brisbane,GHZ,2,Cirq-native,2,2,1,0,0.9742243005,0.0004257000036886893
1,ibm_brisbane,GHZ,2,Cirq-native,2,2,1,0,0.9742243005,0.0004216999950585887
1,ibm_brisbane,GHZ,2,Cirq-native,2,2,1,0,0.9742243005,0.00042440000106580555
1,ibm_brisbane,GHZ,2,Cirq-native,2,2,1,0,0.9742243005,0.0004307999988668598
1,ibm_brisbane,GHZ,2,Cirq-native,2,2,1,0,0.9742243005,0.00045900000259280205
1,ibm_brisbane,GHZ,2,Cirq-native,2,2,1,0,0.9742243005,0.0004158000010647811
1,ibm_brisbane,GHZ,2,Cirq-native,2,2,1,0,0.9742243005,0.000421799995820038
1,ibm_brisbane,GHZ,2,Cirq-native,2,2,1,0,0.9742243005,0.000519900000654161
1,ibm_brisbane,GHZ,2,Cirq-native,2,2,1,0,0.9742243005,0.00044630000047618523
1,ibm_brisbane,GHZ,2,QADE,2,2,1,0,0.9742243005,0.007840199999918696
1,ibm_brisbane,GHZ,2,QADE,2,2,1,0,0.9742243005,0.005411399994045496
1,ibm_brisbane,GHZ,2,QADE,2,2,1,0,0.9742243005,0.00566669999534497
1,ibm_brisbane,GHZ,2,QADE,2,2,1,0,0.9742243005,0.007660499999474268
1,ibm_brisbane,GHZ,2,QADE,2,2,1,0,0.9742243005,0.005114600004162639
1,ibm_brisbane,GHZ,2,QADE,2,2,1,0,0.9742243005,0.005178299994440749
1,ibm_brisbane,GHZ,2,QADE,2,2,1,0,0.9742243005,0.004900299994915258
1,ibm_brisbane,GHZ,2,QADE,2,2,1,0,0.9742243005,0.0050895999956992455
1,ibm_brisbane,GHZ,2,QADE,2,2,1,0,0.9742243005,0.00535669999953825
1,ibm_brisbane,GHZ,2,QADE,2,2,1,0,0.9742243005,0.005164000001968816
1,ibm_brisbane,GHZ,2,QADE,2,2,1,0,0.9742243005,0.004484500001126435
1,ibm_brisbane,GHZ,2,QADE,2,2,1,0,0.9742243005,0.004858099993725773
1,ibm_brisbane,GHZ,2,QADE,2,2,1,0,0.9742243005,0.0065524000019649975
1,ibm_brisbane,GHZ,2,QADE,2,2,1,0,0.9742243005,0.0060684999989462085
1,ibm_brisbane,GHZ,2,QADE,2,2,1,0,0.9742243005,0.005015000002458692
1,ibm_brisbane,GHZ,2,QADE,2,2,1,0,0.9742243005,0.00565679999999702
1,ibm_brisbane,GHZ,2,QADE,2,2,1,0,0.9742243005,0.004644799999368843
1,ibm_brisbane,GHZ,2,QADE,2,2,1,0,0.9742243005,0.00478339999972377
1,ibm_brisbane,GHZ,2,QADE,2,2,1,0,0.9742243005,0.0044646000023931265
1,ibm_brisbane,GHZ,2,QADE,2,2,1,0,0.9742243005,0.005462399996758904
1,ibm_brisbane,GHZ,2,QADE,2,2,1,0,0.9742243005,0.004768699996930081
1,ibm_brisbane,GHZ,2,QADE,2,2,1,0,0.9742243005,0.004607899994880427
1,ibm_brisbane,GHZ,2,QADE,2,2,1,0,0.9742243005,0.0052467999994405545
1,ibm_brisbane,GHZ,2,QADE,2,2,1,0,0.9742243005,0.007090699997206684
1,ibm_brisbane,GHZ,2,QADE,2,2,1,0,0.9742243005,0.00479260000429349
1,ibm_brisbane,GHZ,2,QADE,2,2,1,0,0.9742243005,0.006840900001407135
1,ibm_brisbane,GHZ,2,QADE,2,2,1,0,0.9742243005,0.005174600002646912
1,ibm_brisbane,GHZ,2,QADE,2,2,1,0,0.9742243005,0.006485300000349525
1,ibm_brisbane,GHZ,2,QADE,2,2,1,0,0.9742243005,0.004880499996943399
1,ibm_brisbane,GHZ,2,QADE,2,2,1,0,0.9742243005,0.005664299998898059
1,ibm_brisbane,GHZ,2,QADE + PyZX,3,4,1,0,0.9722768261233005,0.007307100000616629
1,ibm_brisbane,GHZ,2,QADE + PyZX,3,4,1,0,0.9722768261233005,0.006338299994240515
1,ibm_brisbane,GHZ,2,QADE + PyZX,3,4,1,0,0.9722768261233005,0.006492000000434928
1,ibm_brisbane,GHZ,2,QADE + PyZX,3,4,1,0,0.9722768261233005,0.005947400000877678
1,ibm_brisbane,GHZ,2,QADE + PyZX,3,4,1,0,0.9722768261233005,0.006407699998817407
1,ibm_brisbane,GHZ,2,QADE + PyZX,3,4,1,0,0.9722768261233005,0.0057879000014509074
1,ibm_brisbane,GHZ,2,QADE + PyZX,3,4,1,0,0.9722768261233005,0.006219599999894854
1,ibm_brisbane,GHZ,2,QADE + PyZX,3,4,1,0,0.9722768261233005,0.007075199995597359
1,ibm_brisbane,GHZ,2,QADE + PyZX,3,4,1,0,0.9722768261233005,0.00557709999702638
1,ibm_brisbane,GHZ,2,QADE + PyZX,3,4,1,0,0.9722768261233005,0.005656300003465731
1,ibm_brisbane,GHZ,2,QADE + PyZX,3,4,1,0,0.9722768261233005,0.00754389999929117
1,ibm_brisbane,GHZ,2,QADE + PyZX,3,4,1,0,0.9722768261233005,0.006662400002824143
1,ibm_brisbane,GHZ,2,QADE + PyZX,3,4,1,0,0.9722768261233005,0.00727280000137398
1,ibm_brisbane,GHZ,2,QADE + PyZX,3,4,1,0,0.9722768261233005,0.0066031999958795495
1,ibm_brisbane,GHZ,2,QADE + PyZX,3,4,1,0,0.9722768261233005,0.006105799999204464
1,ibm_brisbane,GHZ,2,QADE + PyZX,3,4,1,0,0.9722768261233005,0.006106599998020101
1,ibm_brisbane,GHZ,2,QADE + PyZX,3,4,1,0,0.9722768261233005,0.006786699996155221
1,ibm_brisbane,GHZ,2,QADE + PyZX,3,4,1,0,0.9722768261233005,0.00739400000020396
1,ibm_brisbane,GHZ,2,QADE + PyZX,3,4,1,0,0.9722768261233005,0.005975099993520416
1,ibm_brisbane,GHZ,2,QADE + PyZX,3,4,1,0,0.9722768261233005,0.006081200001062825
1,ibm_brisbane,GHZ,2,QADE + PyZX,3,4,1,0,0.9722768261233005,0.005532000002858695
1,ibm_brisbane,GHZ,2,QADE + PyZX,3,4,1,0,0.9722768261233005,0.007246700006362516
1,ibm_brisbane,GHZ,2,QADE + PyZX,3,4,1,0,0.9722768261233005,0.0060534000003826804
1,ibm_brisbane,GHZ,2,QADE + PyZX,3,4,1,0,0.9722768261233005,0.006150299996079411
1,ibm_brisbane,GHZ,2,QADE + PyZX,3,4,1,0,0.9722768261233005,0.005939900001976639
1,ibm_brisbane,GHZ,2,QADE + PyZX,3,4,1,0,0.9722768261233005,0.005721199995605275
1,ibm_brisbane,GHZ,2,QADE + PyZX,3,4,1,0,0.9722768261233005,0.0077345000026980415
1,ibm_brisbane,GHZ,2,QADE + PyZX,3,4,1,0,0.9722768261233005,0.0064647000035620295
1,ibm_brisbane,GHZ,2,QADE + PyZX,3,4,1,0,0.9722768261233005,0.00684940000064671
1,ibm_brisbane,GHZ,2,QADE + PyZX,3,4,1,0,0.9722768261233005,0.007679199996346142
1,ibm_brisbane,GHZ,2,QADE + Knowledge Graph,3,4,1,0,0.9722768261233005,0.0012366000009933487
1,ibm_brisbane,GHZ,2,QADE + Knowledge Graph,3,4,1,0,0.9722768261233005,0.0007885000013629906
1,ibm_brisbane,GHZ,2,QADE + Knowledge Graph,3,4,1,0,0.9722768261233005,0.0007253000003402121
1,ibm_brisbane,GHZ,2,QADE + Knowledge Graph,3,4,1,0,0.9722768261233005,0.0006817000030423515
1,ibm_brisbane,GHZ,2,QADE + Knowledge Graph,3,4,1,0,0.9722768261233005,0.0006887999988975935
1,ibm_brisbane,GHZ,2,QADE + Knowledge Graph,3,4,1,0,0.9722768261233005,0.0006905999980517663
1,ibm_brisbane,GHZ,2,QADE + Knowledge Graph,3,4,1,0,0.9722768261233005,0.0006648000053246506
1,ibm_brisbane,GHZ,2,QADE + Knowledge Graph,3,4,1,0,0.9722768261233005,0.0006843000010121614
1,ibm_brisbane,GHZ,2,QADE + Knowledge Graph,3,4,1,0,0.9722768261233005,0.0006868999989819713
1,ibm_brisbane,GHZ,2,QADE + Knowledge Graph,3,4,1,0,0.9722768261233005,0.000669400003971532
1,ibm_brisbane,GHZ,2,QADE + Knowledge Graph,3,4,1,0,0.9722768261233005,0.0006783999997423962
1,ibm_brisbane,GHZ,2,QADE + Knowledge Graph,3,4,1,0,0.9722768261233005,0.0006702000027871691
1,ibm_brisbane,GHZ,2,QADE + Knowledge Graph,3,4,1,0,0.9722768261233005,0.0006644999957643449
1,ibm_brisbane,GHZ,2,QADE + Knowledge Graph,3,4,1,0,0.9722768261233005,0.0006811999992351048
1,ibm_brisbane,GHZ,2,QADE + Knowledge Graph,3,4,1,0,0.9722768261233005,0.0006685999978799373
1,ibm_brisbane,GHZ,2,QADE + Knowledge Graph,3,4,1,0,0.9722768261233005,0.0006823000003350899
1,ibm_brisbane,GHZ,2,QADE + Knowledge Graph,3,4,1,0,0.9722768261233005,0.0006751999972038902
1,ibm_brisbane,GHZ,2,QADE + Knowledge Graph,3,4,1,0,0.9722768261233005,0.0006853000013506971
1,ibm_brisbane,GHZ,2,QADE + Knowledge Graph,3,4,1,0,0.9722768261233005,0.000708799998392351
1,ibm_brisbane,GHZ,2,QADE + Knowledge Graph,3,4,1,0,0.9722768261233005,0.0006670000002486631
1,ibm_brisbane,GHZ,2,QADE + Knowledge Graph,3,4,1,0,0.9722768261233005,0.0006843999944976531
1,ibm_brisbane,GHZ,2,QADE + Knowledge Graph,3,4,1,0,0.9722768261233005,0.0006880000000819564
1,ibm_brisbane,GHZ,2,QADE + Knowledge Graph,3,4,1,0,0.9722768261233005,0.0006733999980497174
1,ibm_brisbane,GHZ,2,QADE + Knowledge Graph,3,4,1,0,0.9722768261233005,0.0006576999949174933
1,ibm_brisbane,GHZ,2,QADE + Knowledge Graph,3,4,1,0,0.9722768261233005,0.0006828999976278283
1,ibm_brisbane,GHZ,2,QADE + Knowledge Graph,3,4,1,0,0.9722768261233005,0.0006776000009267591
1,ibm_brisbane,GHZ,2,QADE + Knowledge Graph,3,4,1,0,0.9722768261233005,0.0006611000062548555
1,ibm_brisbane,GHZ,2,QADE + Knowledge Graph,3,4,1,0,0.9722768261233005,0.0006747000006726012
1,ibm_brisbane,GHZ,2,QADE + Knowledge Graph,3,4,1,0,0.9722768261233005,0.0006834999949205667
1,ibm_brisbane,GHZ,2,QADE + Knowledge Graph,3,4,1,0,0.9722768261233005,0.0006529000020236708
1,ibm_brisbane,GHZ,2,QADE + Evolution + PyZX,3,4,1,0,0.9722768261233005,0.02805590000207303
1,ibm_brisbane,GHZ,2,QADE + Evolution + PyZX,3,4,1,0,0.9722768261233005,0.024033399997279048
1,ibm_brisbane,GHZ,2,QADE + Evolution + PyZX,3,4,1,0,0.9722768261233005,0.04595859999972163
1,ibm_brisbane,GHZ,2,QADE + Evolution + PyZX,3,4,1,0,0.9722768261233005,0.03040599999803817
1,ibm_brisbane,GHZ,2,QADE + Evolution + PyZX,3,4,1,0,0.9722768261233005,0.04924570000002859
1,ibm_brisbane,GHZ,2,QADE + Evolution + PyZX,3,4,1,0,0.9722768261233005,0.02628050000203075
1,ibm_brisbane,GHZ,2,QADE + Evolution + PyZX,3,4,1,0,0.9722768261233005,0.026314099995943252
1,ibm_brisbane,GHZ,2,QADE + Evolution + PyZX,3,4,1,0,0.9722768261233005,0.03631320000567939
1,ibm_brisbane,GHZ,2,QADE + Evolution + PyZX,3,4,1,0,0.9722768261233005,0.024411400001554284
1,ibm_brisbane,GHZ,2,QADE + Evolution + PyZX,3,4,1,0,0.9722768261233005,0.028103899996494874
1,ibm_brisbane,GHZ,2,QADE + Evolution + PyZX,3,4,1,0,0.9722768261233005,0.03005229999689618
1,ibm_brisbane,GHZ,2,QADE + Evolution + PyZX,3,4,1,0,0.9722768261233005,0.029143600004317705
1,ibm_brisbane,GHZ,2,QADE + Evolution + PyZX,3,4,1,0,0.9722768261233005,0.017319999999017455
1,ibm_brisbane,GHZ,2,QADE + Evolution + PyZX,3,4,1,0,0.9722768261233005,0.028054900001734495
1,ibm_brisbane,GHZ,2,QADE + Evolution + PyZX,3,4,1,0,0.9722768261233005,0.023127000000386033
1,ibm_brisbane,GHZ,2,QADE + Evolution + PyZX,3,4,1,0,0.9722768261233005,0.027839800000947434
1,ibm_brisbane,GHZ,2,QADE + Evolution + PyZX,3,4,1,0,0.9722768261233005,0.0418262999955914
1,ibm_brisbane,GHZ,2,QADE + Evolution + PyZX,3,4,1,0,0.9722768261233005,0.023870099998021033
1,ibm_brisbane,GHZ,2,QADE + Evolution + PyZX,3,4,1,0,0.9722768261233005,0.03168510000250535
1,ibm_brisbane,GHZ,2,QADE + Evolution + PyZX,3,4,1,0,0.9722768261233005,0.028211800003191456
1,ibm_brisbane,GHZ,2,QADE + Evolution + PyZX,3,4,1,0,0.9722768261233005,0.020727099996292964
1,ibm_brisbane,GHZ,2,QADE + Evolution + PyZX,3,4,1,0,0.9722768261233005,0.03412320000643376
1,ibm_brisbane,GHZ,2,QADE + Evolution + PyZX,3,4,1,0,0.9722768261233005,0.0225741999965976
1,ibm_brisbane,GHZ,2,QADE + Evolution + PyZX,3,4,1,0,0.9722768261233005,0.023506099998485297
1,ibm_brisbane,GHZ,2,QADE + Evolution + PyZX,3,4,1,0,0.9722768261233005,0.023924599998281337
1,ibm_brisbane,GHZ,2,QADE + Evolution + PyZX,3,4,1,0,0.9722768261233005,0.020256499999959487
1,ibm_brisbane,GHZ,2,QADE + Evolution + PyZX,3,4,1,0,0.9722768261233005,0.03207069999916712
1,ibm_brisbane,GHZ,2,QADE + Evolution + PyZX,3,4,1,0,0.9722768261233005,0.026296399999409914
1,ibm_brisbane,GHZ,2,QADE + Evolution + PyZX,3,4,1,0,0.9722768261233005,0.02205569999932777
1,ibm_brisbane,GHZ,2,QADE + Evolution + PyZX,3,4,1,0,0.9722768261233005,0.03650129999732599
2,ibm_brisbane,QFT,2,Qiskit,4,7,1,0,0.9693629115031321,0.00654950000171084
2,ibm_brisbane,QFT,2,Qiskit,4,7,1,0,0.9693629115031321,0.005653599997458514
2,ibm_brisbane,QFT,2,Qiskit,4,7,1,0,0.9693629115031321,0.005476899998029694
2,ibm_brisbane,QFT,2,Qiskit,4,7,1,0,0.9693629115031321,0.005505900000571273
2,ibm_brisbane,QFT,2,Qiskit,4,7,1,0,0.9693629115031321,0.005520899998373352
2,ibm_brisbane,QFT,2,Qiskit,4,7,1,0,0.9693629115031321,0.005429500000900589
2,ibm_brisbane,QFT,2,Qiskit,4,7,1,0,0.9693629115031321,0.005309799998940434
2,ibm_brisbane,QFT,2,Qiskit,4,7,1,0,0.9693629115031321,0.005168000003322959
2,ibm_brisbane,QFT,2,Qiskit,4,7,1,0,0.9693629115031321,0.0052687999996123835
2,ibm_brisbane,QFT,2,Qiskit,4,7,1,0,0.9693629115031321,0.005416500003775582
2,ibm_brisbane,QFT,2,Qiskit,4,7,1,0,0.9693629115031321,0.005188999995880295
2,ibm_brisbane,QFT,2,Qiskit,4,7,1,0,0.9693629115031321,0.005182900000363588
2,ibm_brisbane,QFT,2,Qiskit,4,7,1,0,0.9693629115031321,0.005346300000383053
2,ibm_brisbane,QFT,2,Qiskit,4,7,1,0,0.9693629115031321,0.005630400002701208
2,ibm_brisbane,QFT,2,Qiskit,4,7,1,0,0.9693629115031321,0.00556749999668682
2,ibm_brisbane,QFT,2,Qiskit,4,7,1,0,0.9693629115031321,0.00552340000285767
2,ibm_brisbane,QFT,2,Qiskit,4,7,1,0,0.9693629115031321,0.005267599997750949
2,ibm_brisbane,QFT,2,Qiskit,4,7,1,0,0.9693629115031321,0.005407900003774557
2,ibm_brisbane,QFT,2,Qiskit,4,7,1,0,0.9693629115031321,0.005433400001493283
2,ibm_brisbane,QFT,2,Qiskit,4,7,1,0,0.9693629115031321,0.005866899999091402
2,ibm_brisbane,QFT,2,Qiskit,4,7,1,0,0.9693629115031321,0.005227099994954187
2,ibm_brisbane,QFT,2,Qiskit,4,7,1,0,0.9693629115031321,0.005153199999767821
2,ibm_brisbane,QFT,2,Qiskit,4,7,1,0,0.9693629115031321,0.005423000002338085
2,ibm_brisbane,QFT,2,Qiskit,4,7,1,0,0.9693629115031321,0.005410599995229859
2,ibm_brisbane,QFT,2,Qiskit,4,7,1,0,0.9693629115031321,0.005301100005453918
2,ibm_brisbane,QFT,2,Qiskit,4,7,1,0,0.9693629115031321,0.005196099999011494
2,ibm_brisbane,QFT,2,Qiskit,4,7,1,0,0.9693629115031321,0.0052427999980864115
2,ibm_brisbane,QFT,2,Qiskit,4,7,1,0,0.9693629115031321,0.0054249000022537075
2,ibm_brisbane,QFT,2,Qiskit,4,7,1,0,0.9693629115031321,0.005309200001647696
2,ibm_brisbane,QFT,2,Qiskit,4,7,1,0,0.9693629115031321,0.005223599997407291
2,ibm_brisbane,QFT,2,PyZX,3,3,1,0,0.9732500761995,0.0013035000010859221
2,ibm_brisbane,QFT,2,PyZX,3,3,1,0,0.9732500761995,0.0010062000001198612
2,ibm_brisbane,QFT,2,PyZX,3,3,1,0,0.9732500761995,0.0007705999960307963
2,ibm_brisbane,QFT,2,PyZX,3,3,1,0,0.9732500761995,0.0007468999974662438
2,ibm_brisbane,QFT,2,PyZX,3,3,1,0,0.9732500761995,0.0007155999992392026
2,ibm_brisbane,QFT,2,PyZX,3,3,1,0,0.9732500761995,0.0006850999998277985
2,ibm_brisbane,QFT,2,PyZX,3,3,1,0,0.9732500761995,0.0007078999988152646
2,ibm_brisbane,QFT,2,PyZX,3,3,1,0,0.9732500761995,0.0007052000000840053
2,ibm_brisbane,QFT,2,PyZX,3,3,1,0,0.9732500761995,0.0007352999964496121
2,ibm_brisbane,QFT,2,PyZX,3,3,1,0,0.9732500761995,0.000851700002385769
2,ibm_brisbane,QFT,2,PyZX,3,3,1,0,0.9732500761995,0.0007273000010172836
2,ibm_brisbane,QFT,2,PyZX,3,3,1,0,0.9732500761995,0.000744799996027723
2,ibm_brisbane,QFT,2,PyZX,3,3,1,0,0.9732500761995,0.0007721000001765788
2,ibm_brisbane,QFT,2,PyZX,3,3,1,0,0.9732500761995,0.000796600004832726
2,ibm_brisbane,QFT,2,PyZX,3,3,1,0,0.9732500761995,0.0007394999993266538
2,ibm_brisbane,QFT,2,PyZX,3,3,1,0,0.9732500761995,0.0007452999998349696
2,ibm_brisbane,QFT,2,PyZX,3,3,1,0,0.9732500761995,0.0006976000004215166
2,ibm_brisbane,QFT,2,PyZX,3,3,1,0,0.9732500761995,0.0007728999989922158
2,ibm_brisbane,QFT,2,PyZX,3,3,1,0,0.9732500761995,0.000836799998069182
2,ibm_brisbane,QFT,2,PyZX,3,3,1,0,0.9732500761995,0.0007126999989850447
2,ibm_brisbane,QFT,2,PyZX,3,3,1,0,0.9732500761995,0.000799699999333825
2,ibm_brisbane,QFT,2,PyZX,3,3,1,0,0.9732500761995,0.0006977999946684577
2,ibm_brisbane,QFT,2,PyZX,3,3,1,0,0.9732500761995,0.0007381000032182783
2,ibm_brisbane,QFT,2,PyZX,3,3,1,0,0.9732500761995,0.0007457999963662587
2,ibm_brisbane,QFT,2,PyZX,3,3,1,0,0.9732500761995,0.0006921000021975487
2,ibm_brisbane,QFT,2,PyZX,3,3,1,0,0.9732500761995,0.0006986000007600524
2,ibm_brisbane,QFT,2,PyZX,3,3,1,0,0.9732500761995,0.0007785000052535906
2,ibm_brisbane,QFT,2,PyZX,3,3,1,0,0.9732500761995,0.0008027000003494322
2,ibm_brisbane,QFT,2,PyZX,3,3,1,0,0.9732500761995,0.0007200999971246347
2,ibm_brisbane,QFT,2,PyZX,3,3,1,0,0.9732500761995,0.0007602999976370484
2,ibm_brisbane,QFT,2,TKET,7,10,1,0,0.9664577298879943,0.015378900003270246
2,ibm_brisbane,QFT,2,TKET,7,10,1,0,0.9664577298879943,0.013981500000227243
2,ibm_brisbane,QFT,2,TKET,7,10,1,0,0.9664577298879943,0.013738100002228748
2,ibm_brisbane,QFT,2,TKET,7,10,1,0,0.9664577298879943,0.013553299999330193
2,ibm_brisbane,QFT,2,TKET,7,10,1,0,0.9664577298879943,0.013743299998168368
2,ibm_brisbane,QFT,2,TKET,7,10,1,0,0.9664577298879943,0.014042100003280211
2,ibm_brisbane,QFT,2,TKET,7,10,1,0,0.9664577298879943,0.01463299999886658
2,ibm_brisbane,QFT,2,TKET,7,10,1,0,0.9664577298879943,0.014113299999735318
2,ibm_brisbane,QFT,2,TKET,7,10,1,0,0.9664577298879943,0.014291699997556861
2,ibm_brisbane,QFT,2,TKET,7,10,1,0,0.9664577298879943,0.014382599998498335
2,ibm_brisbane,QFT,2,TKET,7,10,1,0,0.9664577298879943,0.014284299999417271
2,ibm_brisbane,QFT,2,TKET,7,10,1,0,0.9664577298879943,0.01374079999368405
2,ibm_brisbane,QFT,2,TKET,7,10,1,0,0.9664577298879943,0.01368479999655392
2,ibm_brisbane,QFT,2,TKET,7,10,1,0,0.9664577298879943,0.013622099999338388
2,ibm_brisbane,QFT,2,TKET,7,10,1,0,0.9664577298879943,0.013664799997059163
2,ibm_brisbane,QFT,2,TKET,7,10,1,0,0.9664577298879943,0.013721799994527828
2,ibm_brisbane,QFT,2,TKET,7,10,1,0,0.9664577298879943,0.013760499998170417
2,ibm_brisbane,QFT,2,TKET,7,10,1,0,0.9664577298879943,0.013617799995699897
2,ibm_brisbane,QFT,2,TKET,7,10,1,0,0.9664577298879943,0.013649000000441447
2,ibm_brisbane,QFT,2,TKET,7,10,1,0,0.9664577298879943,0.01359490000322694
2,ibm_brisbane,QFT,2,TKET,7,10,1,0,0.9664577298879943,0.013755400002992246
2,ibm_brisbane,QFT,2,TKET,7,10,1,0,0.9664577298879943,0.013777900006971322
2,ibm_brisbane,QFT,2,TKET,7,10,1,0,0.9664577298879943,0.013807600000291131
2,ibm_brisbane,QFT,2,TKET,7,10,1,0,0.9664577298879943,0.013662199999089353
2,ibm_brisbane,QFT,2,TKET,7,10,1,0,0.9664577298879943,0.013688099999853875
2,ibm_brisbane,QFT,2,TKET,7,10,1,0,0.9664577298879943,0.01366970000526635
2,ibm_brisbane,QFT,2,TKET,7,10,1,0,0.9664577298879943,0.013646899999002926
2,ibm_brisbane,QFT,2,TKET,7,10,1,0,0.9664577298879943,0.013638199998240452
2,ibm_brisbane,QFT,2,TKET,7,10,1,0,0.9664577298879943,0.013676000002305955
2,ibm_brisbane,QFT,2,TKET,7,10,1,0,0.9664577298879943,0.013615299998491537
2,ibm_brisbane,QFT,2,BQSKit,3,3,1,0,0.9732500761995,0.05737800000497373
2,ibm_brisbane,QFT,2,BQSKit,3,3,1,0,0.9732500761995,0.05696999999781838
2,ibm_brisbane,QFT,2,BQSKit,3,3,1,0,0.9732500761995,0.057016300001123454
2,ibm_brisbane,QFT,2,BQSKit,3,3,1,0,0.9732500761995,0.05657440000504721
2,ibm_brisbane,QFT,2,BQSKit,3,3,1,0,0.9732500761995,0.0564206999988528
2,ibm_brisbane,QFT,2,BQSKit,3,3,1,0,0.9732500761995,0.05671930000244174
2,ibm_brisbane,QFT,2,BQSKit,3,3,1,0,0.9732500761995,0.0569307999976445
2,ibm_brisbane,QFT,2,BQSKit,3,3,1,0,0.9732500761995,0.05685280000034254
2,ibm_brisbane,QFT,2,BQSKit,3,3,1,0,0.9732500761995,0.05714309999893885
2,ibm_brisbane,QFT,2,BQSKit,3,3,1,0,0.9732500761995,0.056547000000136904
2,ibm_brisbane,QFT,2,BQSKit,3,3,1,0,0.9732500761995,0.05631820000417065
2,ibm_brisbane,QFT,2,BQSKit,3,3,1,0,0.9732500761995,0.05639040000096429
2,ibm_brisbane,QFT,2,BQSKit,3,3,1,0,0.9732500761995,0.05660459999489831
2,ibm_brisbane,QFT,2,BQSKit,3,3,1,0,0.9732500761995,0.056984800001373515
2,ibm_brisbane,QFT,2,BQSKit,3,3,1,0,0.9732500761995,0.05670580000150949
2,ibm_brisbane,QFT,2,BQSKit,3,3,1,0,0.9732500761995,0.05637679999927059
2,ibm_brisbane,QFT,2,BQSKit,3,3,1,0,0.9732500761995,0.056636399996932596
2,ibm_brisbane,QFT,2,BQSKit,3,3,1,0,0.9732500761995,0.056731099997705314
2,ibm_brisbane,QFT,2,BQSKit,3,3,1,0,0.9732500761995,0.05645050000021001
2,ibm_brisbane,QFT,2,BQSKit,3,3,1,0,0.9732500761995,0.05655349999869941
2,ibm_brisbane,QFT,2,BQSKit,3,3,1,0,0.9732500761995,0.057193299995560665
2,ibm_brisbane,QFT,2,BQSKit,3,3,1,0,0.9732500761995,0.05714819999411702
2,ibm_brisbane,QFT,2,BQSKit,3,3,1,0,0.9732500761995,0.056273300004249904
2,ibm_brisbane,QFT,2,BQSKit,3,3,1,0,0.9732500761995,0.05686070000228938
2,ibm_brisbane,QFT,2,BQSKit,3,3,1,0,0.9732500761995,0.05701520000002347
2,ibm_brisbane,QFT,2,BQSKit,3,3,1,0,0.9732500761995,0.05635389999952167
2,ibm_brisbane,QFT,2,BQSKit,3,3,1,0,0.9732500761995,0.05636219999723835
2,ibm_brisbane,QFT,2,BQSKit,3,3,1,0,0.9732500761995,0.057089000001724344
2,ibm_brisbane,QFT,2,BQSKit,3,3,1,0,0.9732500761995,0.05645129999902565
2,ibm_brisbane,QFT,2,BQSKit,3,3,1,0,0.9732500761995,0.05658170000242535
2,ibm_brisbane,QFT,2,Cirq-native,3,3,0,0,0.9771626393199,0.0009504999979981221
2,ibm_brisbane,QFT,2,Cirq-native,3,3,0,0,0.9771626393199,0.0005597999988822266
2,ibm_brisbane,QFT,2,Cirq-native,3,3,0,0,0.9771626393199,0.00047199999971780926
2,ibm_brisbane,QFT,2,Cirq-native,3,3,0,0,0.9771626393199,0.0005183999965083785
2,ibm_brisbane,QFT,2,Cirq-native,3,3,0,0,0.9771626393199,0.0005304000005708076
2,ibm_brisbane,QFT,2,Cirq-native,3,3,0,0,0.9771626393199,0.0004554999977699481
2,ibm_brisbane,QFT,2,Cirq-native,3,3,0,0,0.9771626393199,0.00044320000597508624
2,ibm_brisbane,QFT,2,Cirq-native,3,3,0,0,0.9771626393199,0.0004496000037761405
2,ibm_brisbane,QFT,2,Cirq-native,3,3,0,0,0.9771626393199,0.0005065999939688481
2,ibm_brisbane,QFT,2,Cirq-native,3,3,0,0,0.9771626393199,0.00046070000098552555
2,ibm_brisbane,QFT,2,Cirq-native,3,3,0,0,0.9771626393199,0.00044860000343760476
2,ibm_brisbane,QFT,2,Cirq-native,3,3,0,0,0.9771626393199,0.0005474999998114072
2,ibm_brisbane,QFT,2,Cirq-native,3,3,0,0,0.9771626393199,0.0004743000026792288
2,ibm_brisbane,QFT,2,Cirq-native,3,3,0,0,0.9771626393199,0.0004417000018293038
2,ibm_brisbane,QFT,2,Cirq-native,3,3,0,0,0.9771626393199,0.00043569999979808927
2,ibm_brisbane,QFT,2,Cirq-native,3,3,0,0,0.9771626393199,0.0004976999989594333
2,ibm_brisbane,QFT,2,Cirq-native,3,3,0,0,0.9771626393199,0.0004535999978543259
2,ibm_brisbane,QFT,2,Cirq-native,3,3,0,0,0.9771626393199,0.0006167999963508919
2,ibm_brisbane,QFT,2,Cirq-native,3,3,0,0,0.9771626393199,0.0007926999969640747
2,ibm_brisbane,QFT,2,Cirq-native,3,3,0,0,0.9771626393199,0.0007819999955245294
2,ibm_brisbane,QFT,2,Cirq-native,3,3,0,0,0.9771626393199,0.0007371999963652343
2,ibm_brisbane,QFT,2,Cirq-native,3,3,0,0,0.9771626393199,0.000552999998035375
2,ibm_brisbane,QFT,2,Cirq-native,3,3,0,0,0.9771626393199,0.00046580000343965366
2,ibm_brisbane,QFT,2,Cirq-native,3,3,0,0,0.9771626393199,0.0004552999962470494
2,ibm_brisbane,QFT,2,Cirq-native,3,3,0,0,0.9771626393199,0.00043089999962830916
2,ibm_brisbane,QFT,2,Cirq-native,3,3,0,0,0.9771626393199,0.00044659999548457563
2,ibm_brisbane,QFT,2,Cirq-native,3,3,0,0,0.9771626393199,0.0004517999987001531
2,ibm_brisbane,QFT,2,Cirq-native,3,3,0,0,0.9771626393199,0.0004206000012345612
2,ibm_brisbane,QFT,2,Cirq-native,3,3,0,0,0.9771626393199,0.0004126999992877245
2,ibm_brisbane,QFT,2,Cirq-native,3,3,0,0,0.9771626393199,0.00042219999886583537
2,ibm_brisbane,QFT,2,QADE,3,3,1,0,0.9732500761995,0.005796100005682092
2,ibm_brisbane,QFT,2,QADE,3,3,1,0,0.9732500761995,0.005738699997891672
2,ibm_brisbane,QFT,2,QADE,3,3,1,0,0.9732500761995,0.006923699998878874
2,ibm_brisbane,QFT,2,QADE,3,3,1,0,0.9732500761995,0.006285899995418731
2,ibm_brisbane,QFT,2,QADE,3,3,1,0,0.9732500761995,0.006621699998504482
2,ibm_brisbane,QFT,2,QADE,3,3,1,0,0.9732500761995,0.006006600000546314
2,ibm_brisbane,QFT,2,QADE,3,3,1,0,0.9732500761995,0.007026500003121328
2,ibm_brisbane,QFT,2,QADE,3,3,1,0,0.9732500761995,0.005278399999951944
2,ibm_brisbane,QFT,2,QADE,3,3,1,0,0.9732500761995,0.007745000002614688
2,ibm_brisbane,QFT,2,QADE,3,3,1,0,0.9732500761995,0.006478199997218326
2,ibm_brisbane,QFT,2,QADE,3,3,1,0,0.9732500761995,0.005920199997490272
2,ibm_brisbane,QFT,2,QADE,3,3,1,0,0.9732500761995,0.004912000003969297
2,ibm_brisbane,QFT,2,QADE,3,3,1,0,0.9732500761995,0.005531299997528549
2,ibm_brisbane,QFT,2,QADE,3,3,1,0,0.9732500761995,0.005894299996725749
2,ibm_brisbane,QFT,2,QADE,3,3,1,0,0.9732500761995,0.006367000001773704
2,ibm_brisbane,QFT,2,QADE,3,3,1,0,0.9732500761995,0.006064100001822226
2,ibm_brisbane,QFT,2,QADE,3,3,1,0,0.9732500761995,0.006450600005337037
2,ibm_brisbane,QFT,2,QADE,3,3,1,0,0.9732500761995,0.005670699996699113
2,ibm_brisbane,QFT,2,QADE,3,3,1,0,0.9732500761995,0.005844999999681022
2,ibm_brisbane,QFT,2,QADE,3,3,1,0,0.9732500761995,0.005893000001378823
2,ibm_brisbane,QFT,2,QADE,3,3,1,0,0.9732500761995,0.00571039999340428
2,ibm_brisbane,QFT,2,QADE,3,3,1,0,0.9732500761995,0.005686500000592787
2,ibm_brisbane,QFT,2,QADE,3,3,1,0,0.9732500761995,0.006827800003520679
2,ibm_brisbane,QFT,2,QADE,3,3,1,0,0.9732500761995,0.005962299997918308
2,ibm_brisbane,QFT,2,QADE,3,3,1,0,0.9732500761995,0.0063492000044789165
2,ibm_brisbane,QFT,2,QADE,3,3,1,0,0.9732500761995,0.0056028999970294535
2,ibm_brisbane,QFT,2,QADE,3,3,1,0,0.9732500761995,0.004842500005906913
2,ibm_brisbane,QFT,2,QADE,3,3,1,0,0.9732500761995,0.005061999996541999
2,ibm_brisbane,QFT,2,QADE,3,3,1,0,0.9732500761995,0.005534500000067055
2,ibm_brisbane,QFT,2,QADE,3,3,1,0,0.9732500761995,0.0063155000025290065
2,ibm_brisbane,QFT,2,QADE + PyZX,3,3,1,0,0.9732500761995,0.007665500001166947
2,ibm_brisbane,QFT,2,QADE + PyZX,3,3,1,0,0.9732500761995,0.00631489999796031
2,ibm_brisbane,QFT,2,QADE + PyZX,3,3,1,0,0.9732500761995,0.005705600000510458
2,ibm_brisbane,QFT,2,QADE + PyZX,3,3,1,0,0.9732500761995,0.006759399999282323
2,ibm_brisbane,QFT,2,QADE + PyZX,3,3,1,0,0.9732500761995,0.006576200001290999
2,ibm_brisbane,QFT,2,QADE + PyZX,3,3,1,0,0.9732500761995,0.006790699997509364
2,ibm_brisbane,QFT,2,QADE + PyZX,3,3,1,0,0.9732500761995,0.006781500000215601
2,ibm_brisbane,QFT,2,QADE + PyZX,3,3,1,0,0.9732500761995,0.006224700002348982
2,ibm_brisbane,QFT,2,QADE + PyZX,3,3,1,0,0.9732500761995,0.006858599997940473
2,ibm_brisbane,QFT,2,QADE + PyZX,3,3,1,0,0.9732500761995,0.005752100005338434
2,ibm_brisbane,QFT,2,QADE + PyZX,3,3,1,0,0.9732500761995,0.006737700001394842
2,ibm_brisbane,QFT,2,QADE + PyZX,3,3,1,0,0.9732500761995,0.005904000005102716
2,ibm_brisbane,QFT,2,QADE + PyZX,3,3,1,0,0.9732500761995,0.006928700000571553
2,ibm_brisbane,QFT,2,QADE + PyZX,3,3,1,0,0.9732500761995,0.006433299997297581
2,ibm_brisbane,QFT,2,QADE + PyZX,3,3,1,0,0.9732500761995,0.00654009999561822
2,ibm_brisbane,QFT,2,QADE + PyZX,3,3,1,0,0.9732500761995,0.007334199995966628
2,ibm_brisbane,QFT,2,QADE + PyZX,3,3,1,0,0.9732500761995,0.005743899993831292
2,ibm_brisbane,QFT,2,QADE + PyZX,3,3,1,0,0.9732500761995,0.006318700005067512
2,ibm_brisbane,QFT,2,QADE + PyZX,3,3,1,0,0.9732500761995,0.006145999999716878
2,ibm_brisbane,QFT,2,QADE + PyZX,3,3,1,0,0.9732500761995,0.006591500001377426
2,ibm_brisbane,QFT,2,QADE + PyZX,3,3,1,0,0.9732500761995,0.008398599995416589
2,ibm_brisbane,QFT,2,QADE + PyZX,3,3,1,0,0.9732500761995,0.005696000000170898
2,ibm_brisbane,QFT,2,QADE + PyZX,3,3,1,0,0.9732500761995,0.006840900001407135
2,ibm_brisbane,QFT,2,QADE + PyZX,3,3,1,0,0.9732500761995,0.006772799999453127
2,ibm_brisbane,QFT,2,QADE + PyZX,3,3,1,0,0.9732500761995,0.00620129999879282
2,ibm_brisbane,QFT,2,QADE + PyZX,3,3,1,0,0.9732500761995,0.007025599996268284
2,ibm_brisbane,QFT,2,QADE + PyZX,3,3,1,0,0.9732500761995,0.005699099994671997
2,ibm_brisbane,QFT,2,QADE + PyZX,3,3,1,0,0.9732500761995,0.006214400003955234
2,ibm_brisbane,QFT,2,QADE + PyZX,3,3,1,0,0.9732500761995,0.005831499998748768
2,ibm_brisbane,QFT,2,QADE + PyZX,3,3,1,0,0.9732500761995,0.006095299999287818
2,ibm_brisbane,QFT,2,QADE + Knowledge Graph,3,3,1,0,0.9732500761995,0.0012876999971922487
2,ibm_brisbane,QFT,2,QADE + Knowledge Graph,3,3,1,0,0.9732500761995,0.0009141999980784021
2,ibm_brisbane,QFT,2,QADE + Knowledge Graph,3,3,1,0,0.9732500761995,0.000745700002880767
2,ibm_brisbane,QFT,2,QADE + Knowledge Graph,3,3,1,0,0.9732500761995,0.0007545000044046901
2,ibm_brisbane,QFT,2,QADE + Knowledge Graph,3,3,1,0,0.9732500761995,0.0007697999972151592
2,ibm_brisbane,QFT,2,QADE + Knowledge Graph,3,3,1,0,0.9732500761995,0.0007285000028787181
2,ibm_brisbane,QFT,2,QADE + Knowledge Graph,3,3,1,0,0.9732500761995,0.0007263000006787479
2,ibm_brisbane,QFT,2,QADE + Knowledge Graph,3,3,1,0,0.9732500761995,0.0006969999958528206
2,ibm_brisbane,QFT,2,QADE + Knowledge Graph,3,3,1,0,0.9732500761995,0.0006898000065120868
2,ibm_brisbane,QFT,2,QADE + Knowledge Graph,3,3,1,0,0.9732500761995,0.0007172000041464344
2,ibm_brisbane,QFT,2,QADE + Knowledge Graph,3,3,1,0,0.9732500761995,0.0007199000028776936
2,ibm_brisbane,QFT,2,QADE + Knowledge Graph,3,3,1,0,0.9732500761995,0.0007408000019495375
2,ibm_brisbane,QFT,2,QADE + Knowledge Graph,3,3,1,0,0.9732500761995,0.0007077999980538152
2,ibm_brisbane,QFT,2,QADE + Knowledge Graph,3,3,1,0,0.9732500761995,0.0007285999963642098
2,ibm_brisbane,QFT,2,QADE + Knowledge Graph,3,3,1,0,0.9732500761995,0.000753400003304705
2,ibm_brisbane,QFT,2,QADE + Knowledge Graph,3,3,1,0,0.9732500761995,0.0007101000010152347
2,ibm_brisbane,QFT,2,QADE + Knowledge Graph,3,3,1,0,0.9732500761995,0.0007097999987308867
2,ibm_brisbane,QFT,2,QADE + Knowledge Graph,3,3,1,0,0.9732500761995,0.0007126999989850447
2,ibm_brisbane,QFT,2,QADE + Knowledge Graph,3,3,1,0,0.9732500761995,0.0006968999950913712
2,ibm_brisbane,QFT,2,QADE + Knowledge Graph,3,3,1,0,0.9732500761995,0.0006963999985600822
2,ibm_brisbane,QFT,2,QADE + Knowledge Graph,3,3,1,0,0.9732500761995,0.00075970000034431
2,ibm_brisbane,QFT,2,QADE + Knowledge Graph,3,3,1,0,0.9732500761995,0.0006961000035516918
2,ibm_brisbane,QFT,2,QADE + Knowledge Graph,3,3,1,0,0.9732500761995,0.0007654000000911765
2,ibm_brisbane,QFT,2,QADE + Knowledge Graph,3,3,1,0,0.9732500761995,0.0007552000024588779
2,ibm_brisbane,QFT,2,QADE + Knowledge Graph,3,3,1,0,0.9732500761995,0.0007325999977183528
2,ibm_brisbane,QFT,2,QADE + Knowledge Graph,3,3,1,0,0.9732500761995,0.0007125999982235953
2,ibm_brisbane,QFT,2,QADE + Knowledge Graph,3,3,1,0,0.9732500761995,0.0006895000042277388
2,ibm_brisbane,QFT,2,QADE + Knowledge Graph,3,3,1,0,0.9732500761995,0.0007170000026235357
2,ibm_brisbane,QFT,2,QADE + Knowledge Graph,3,3,1,0,0.9732500761995,0.0007096000044839457
2,ibm_brisbane,QFT,2,QADE + Knowledge Graph,3,3,1,0,0.9732500761995,0.0007132000027922913
2,ibm_brisbane,QFT,2,QADE + Evolution + PyZX,1,2,0,0,0.9781407801,0.02994800000305986
2,ibm_brisbane,QFT,2,QADE + Evolution + PyZX,1,2,0,0,0.9781407801,0.025096799996390473
2,ibm_brisbane,QFT,2,QADE + Evolution + PyZX,1,2,0,0,0.9781407801,0.02854999999544816
2,ibm_brisbane,QFT,2,QADE + Evolution + PyZX,3,3,1,0,0.9732500761995,0.07091429999854881
2,ibm_brisbane,QFT,2,QADE + Evolution + PyZX,1,2,0,0,0.9781407801,0.03523649999988265
2,ibm_brisbane,QFT,2,QADE + Evolution + PyZX,1,2,0,0,0.9781407801,0.027504800003953278
2,ibm_brisbane,QFT,2,QADE + Evolution + PyZX,1,2,0,0,0.9781407801,0.030857799996738322
2,ibm_brisbane,QFT,2,QADE + Evolution + PyZX,1,2,0,0,0.9781407801,0.02538549999735551
2,ibm_brisbane,QFT,2,QADE + Evolution + PyZX,1,2,0,0,0.9781407801,0.028066700004274026
2,ibm_brisbane,QFT,2,QADE + Evolution + PyZX,1,2,0,0,0.9781407801,0.022335800000291783
2,ibm_brisbane,QFT,2,QADE + Evolution + PyZX,1,2,0,0,0.9781407801,0.036738499999046326
2,ibm_brisbane,QFT,2,QADE + Evolution + PyZX,1,2,0,0,0.9781407801,0.030808199997409247
2,ibm_brisbane,QFT,2,QADE + Evolution + PyZX,1,2,0,0,0.9781407801,0.03061100000195438
2,ibm_brisbane,QFT,2,QADE + Evolution + PyZX,1,2,0,0,0.9781407801,0.02765390000422485
2,ibm_brisbane,QFT,2,QADE + Evolution + PyZX,3,3,1,0,0.9732500761995,0.02850409999518888
2,ibm_brisbane,QFT,2,QADE + Evolution + PyZX,1,2,0,0,0.9781407801,0.03299209999386221
2,ibm_brisbane,QFT,2,QADE + Evolution + PyZX,1,2,0,0,0.9781407801,0.037957900000037625
2,ibm_brisbane,QFT,2,QADE + Evolution + PyZX,3,3,1,0,0.9732500761995,0.037652700004400685
2,ibm_brisbane,QFT,2,QADE + Evolution + PyZX,1,2,0,0,0.9781407801,0.03701480000017909
2,ibm_brisbane,QFT,2,QADE + Evolution + PyZX,3,3,1,0,0.9732500761995,0.03237739999894984
2,ibm_brisbane,QFT,2,QADE + Evolution + PyZX,2,3,0,0,0.9771626393199,0.03241130000242265
2,ibm_brisbane,QFT,2,QADE + Evolution + PyZX,1,2,0,0,0.9781407801,0.02945890000410145
2,ibm_brisbane,QFT,2,QADE + Evolution + PyZX,1,2,0,0,0.9781407801,0.04405910000059521
2,ibm_brisbane,QFT,2,QADE + Evolution + PyZX,1,2,0,0,0.9781407801,0.03253630000108387
2,ibm_brisbane,QFT,2,QADE + Evolution + PyZX,1,2,0,0,0.9781407801,0.02655170000070939
2,ibm_brisbane,QFT,2,QADE + Evolution + PyZX,1,2,0,0,0.9781407801,0.03510429999732878
2,ibm_brisbane,QFT,2,QADE + Evolution + PyZX,1,2,0,0,0.9781407801,0.02311100000224542
2,ibm_brisbane,QFT,2,QADE + Evolution + PyZX,1,2,0,0,0.9781407801,0.027825299999676645
2,ibm_brisbane,QFT,2,QADE + Evolution + PyZX,1,2,0,0,0.9781407801,0.02175399999396177
2,ibm_brisbane,QFT,2,QADE + Evolution + PyZX,1,2,0,0,0.9781407801,0.023320799999055453
3,ibm_brisbane,VQE,2,Qiskit,5,9,1,0,0.9674251550430374,0.007026899998891167
3,ibm_brisbane,VQE,2,Qiskit,5,9,1,0,0.9674251550430374,0.005909799998335075
3,ibm_brisbane,VQE,2,Qiskit,5,9,1,0,0.9674251550430374,0.005673399995430373
3,ibm_brisbane,VQE,2,Qiskit,5,9,1,0,0.9674251550430374,0.00571049999416573
3,ibm_brisbane,VQE,2,Qiskit,5,9,1,0,0.9674251550430374,0.005636200003209524
3,ibm_brisbane,VQE,2,Qiskit,5,9,1,0,0.9674251550430374,0.005296499999531079
3,ibm_brisbane,VQE,2,Qiskit,5,9,1,0,0.9674251550430374,0.005770600000687409
3,ibm_brisbane,VQE,2,Qiskit,5,9,1,0,0.9674251550430374,0.005716500003472902
3,ibm_brisbane,VQE,2,Qiskit,5,9,1,0,0.9674251550430374,0.005793999996967614
3,ibm_brisbane,VQE,2,Qiskit,5,9,1,0,0.9674251550430374,0.005718100001104176
3,ibm_brisbane,VQE,2,Qiskit,5,9,1,0,0.9674251550430374,0.005674700005329214
3,ibm_brisbane,VQE,2,Qiskit,5,9,1,0,0.9674251550430374,0.0058392999999341555
3,ibm_brisbane,VQE,2,Qiskit,5,9,1,0,0.9674251550430374,0.0057006999995792285
3,ibm_brisbane,VQE,2,Qiskit,5,9,1,0,0.9674251550430374,0.005861400000867434
3,ibm_brisbane,VQE,2,Qiskit,5,9,1,0,0.9674251550430374,0.0061927999995532446
3,ibm_brisbane,VQE,2,Qiskit,5,9,1,0,0.9674251550430374,0.006314499994914513
3,ibm_brisbane,VQE,2,Qiskit,5,9,1,0,0.9674251550430374,0.00715400000626687
3,ibm_brisbane,VQE,2,Qiskit,5,9,1,0,0.9674251550430374,0.007435300001816358
3,ibm_brisbane,VQE,2,Qiskit,5,9,1,0,0.9674251550430374,0.009220600004482549
3,ibm_brisbane,VQE,2,Qiskit,5,9,1,0,0.9674251550430374,0.0067775999996229075
3,ibm_brisbane,VQE,2,Qiskit,5,9,1,0,0.9674251550430374,0.006562299997312948
3,ibm_brisbane,VQE,2,Qiskit,5,9,1,0,0.9674251550430374,0.009313499998825137
3,ibm_brisbane,VQE,2,Qiskit,5,9,1,0,0.9674251550430374,0.008972399999038316
3,ibm_brisbane,VQE,2,Qiskit,5,9,1,0,0.9674251550430374,0.006855600004200824
3,ibm_brisbane,VQE,2,Qiskit,5,9,1,0,0.9674251550430374,0.006177800001751166
3,ibm_brisbane,VQE,2,Qiskit,5,9,1,0,0.9674251550430374,0.005895199996302836
3,ibm_brisbane,VQE,2,Qiskit,5,9,1,0,0.9674251550430374,0.006024700000125449
3,ibm_brisbane,VQE,2,Qiskit,5,9,1,0,0.9674251550430374,0.005814000003738329
3,ibm_brisbane,VQE,2,Qiskit,5,9,1,0,0.9674251550430374,0.005481699998199474
3,ibm_brisbane,VQE,2,Qiskit,5,9,1,0,0.9674251550430374,0.005660599999828264
3,ibm_brisbane,VQE,2,PyZX,7,12,1,0,0.9645257808859482,0.0018784999992931262
3,ibm_brisbane,VQE,2,PyZX,7,12,1,0,0.9645257808859482,0.0015120999960345216
3,ibm_brisbane,VQE,2,PyZX,7,12,1,0,0.9645257808859482,0.0012189000044600107
3,ibm_brisbane,VQE,2,PyZX,7,12,1,0,0.9645257808859482,0.0010551000013947487
3,ibm_brisbane,VQE,2,PyZX,7,12,1,0,0.9645257808859482,0.0011087999955634587
3,ibm_brisbane,VQE,2,PyZX,7,12,1,0,0.9645257808859482,0.0011416999986977316
3,ibm_brisbane,VQE,2,PyZX,7,12,1,0,0.9645257808859482,0.0011169999997946434
3,ibm_brisbane,VQE,2,PyZX,7,12,1,0,0.9645257808859482,0.0010814999986905605
3,ibm_brisbane,VQE,2,PyZX,7,12,1,0,0.9645257808859482,0.0010538999995333143
3,ibm_brisbane,VQE,2,PyZX,7,12,1,0,0.9645257808859482,0.0010541999945417047
3,ibm_brisbane,VQE,2,PyZX,7,12,1,0,0.9645257808859482,0.0011338999975123443
3,ibm_brisbane,VQE,2,PyZX,7,12,1,0,0.9645257808859482,0.0011748000033549033
3,ibm_brisbane,VQE,2,PyZX,7,12,1,0,0.9645257808859482,0.0012065999981132336
3,ibm_brisbane,VQE,2,PyZX,7,12,1,0,0.9645257808859482,0.0010873999999603257
3,ibm_brisbane,VQE,2,PyZX,7,12,1,0,0.9645257808859482,0.0011885999992955476
3,ibm_brisbane,VQE,2,PyZX,7,12,1,0,0.9645257808859482,0.0010645000002114102
3,ibm_brisbane,VQE,2,PyZX,7,12,1,0,0.9645257808859482,0.0011386999976821244
3,ibm_brisbane,VQE,2,PyZX,7,12,1,0,0.9645257808859482,0.0012796999944839627
3,ibm_brisbane,VQE,2,PyZX,7,12,1,0,0.9645257808859482,0.0011576999968383461
3,ibm_brisbane,VQE,2,PyZX,7,12,1,0,0.9645257808859482,0.0010775999980978668
3,ibm_brisbane,VQE,2,PyZX,7,12,1,0,0.9645257808859482,0.0010380999956396408
3,ibm_brisbane,VQE,2,PyZX,7,12,1,0,0.9645257808859482,0.0010706999964895658
3,ibm_brisbane,VQE,2,PyZX,7,12,1,0,0.9645257808859482,0.00118530000327155
3,ibm_brisbane,VQE,2,PyZX,7,12,1,0,0.9645257808859482,0.0012139999962528236
3,ibm_brisbane,VQE,2,PyZX,7,12,1,0,0.9645257808859482,0.0011213999969186261
3,ibm_brisbane,VQE,2,PyZX,7,12,1,0,0.9645257808859482,0.0010939999992842786
3,ibm_brisbane,VQE,2,PyZX,7,12,1,0,0.9645257808859482,0.001050599996233359
3,ibm_brisbane,VQE,2,PyZX,7,12,1,0,0.9645257808859482,0.001157800004875753
3,ibm_brisbane,VQE,2,PyZX,7,12,1,0,0.9645257808859482,0.0011072999986936338
3,ibm_brisbane,VQE,2,PyZX,7,12,1,0,0.9645257808859482,0.0011909000022569671
3,ibm_brisbane,VQE,2,TKET,4,7,1,0,0.9693629115031321,0.012668900002609007
3,ibm_brisbane,VQE,2,TKET,4,7,1,0,0.9693629115031321,0.012321700000029523
3,ibm_brisbane,VQE,2,TKET,4,7,1,0,0.9693629115031321,0.012124300003051758
3,ibm_brisbane,VQE,2,TKET,4,7,1,0,0.9693629115031321,0.012523600002168678
3,ibm_brisbane,VQE,2,TKET,4,7,1,0,0.9693629115031321,0.01225210000120569
3,ibm_brisbane,VQE,2,TKET,4,7,1,0,0.9693629115031321,0.013221799999882933
3,ibm_brisbane,VQE,2,TKET,4,7,1,0,0.9693629115031321,0.012122599997383077
3,ibm_brisbane,VQE,2,TKET,4,7,1,0,0.9693629115031321,0.012124699998821598
3,ibm_brisbane,VQE,2,TKET,4,7,1,0,0.9693629115031321,0.01259070000378415
3,ibm_brisbane,VQE,2,TKET,4,7,1,0,0.9693629115031321,0.015814400001545437
3,ibm_brisbane,VQE,2,TKET,4,7,1,0,0.9693629115031321,0.018638800000189804
3,ibm_brisbane,VQE,2,TKET,4,7,1,0,0.9693629115031321,0.014522299999953248
3,ibm_brisbane,VQE,2,TKET,4,7,1,0,0.9693629115031321,0.013541200001782272
3,ibm_brisbane,VQE,2,TKET,4,7,1,0,0.9693629115031321,0.013223200003267266
3,ibm_brisbane,VQE,2,TKET,4,7,1,0,0.9693629115031321,0.012919599997985642
3,ibm_brisbane,VQE,2,TKET,4,7,1,0,0.9693629115031321,0.01470310000149766
3,ibm_brisbane,VQE,2,TKET,4,7,1,0,0.9693629115031321,0.013026900000113528
3,ibm_brisbane,VQE,2,TKET,4,7,1,0,0.9693629115031321,0.012726500004646368
3,ibm_brisbane,VQE,2,TKET,4,7,1,0,0.9693629115031321,0.012810799998987932
3,ibm_brisbane,VQE,2,TKET,4,7,1,0,0.9693629115031321,0.01323670000419952
3,ibm_brisbane,VQE,2,TKET,4,7,1,0,0.9693629115031321,0.01989319999847794
3,ibm_brisbane,VQE,2,TKET,4,7,1,0,0.9693629115031321,0.012773900001775473
3,ibm_brisbane,VQE,2,TKET,4,7,1,0,0.9693629115031321,0.012716599994746502
3,ibm_brisbane,VQE,2,TKET,4,7,1,0,0.9693629115031321,0.012797799994586967
3,ibm_brisbane,VQE,2,TKET,4,7,1,0,0.9693629115031321,0.01423870000144234
3,ibm_brisbane,VQE,2,TKET,4,7,1,0,0.9693629115031321,0.012461099999200087
3,ibm_brisbane,VQE,2,TKET,4,7,1,0,0.9693629115031321,0.012371900003927294
3,ibm_brisbane,VQE,2,TKET,4,7,1,0,0.9693629115031321,0.01243590000376571
3,ibm_brisbane,VQE,2,TKET,4,7,1,0,0.9693629115031321,0.012387399998260662
3,ibm_brisbane,VQE,2,TKET,4,7,1,0,0.9693629115031321,0.012429499998688698
3,ibm_brisbane,VQE,2,BQSKit,2,3,1,0,0.9732500761995,0.05780189999495633
3,ibm_brisbane,VQE,2,BQSKit,2,3,1,0,0.9732500761995,0.057415300005231984
3,ibm_brisbane,VQE,2,BQSKit,2,3,1,0,0.9732500761995,0.057100500001979526
3,ibm_brisbane,VQE,2,BQSKit,2,3,1,0,0.9732500761995,0.05737819999922067
3,ibm_brisbane,VQE,2,BQSKit,2,3,1,0,0.9732500761995,0.06010009999590693
3,ibm_brisbane,VQE,2,BQSKit,2,3,1,0,0.9732500761995,0.056737899998552166
3,ibm_brisbane,VQE,2,BQSKit,2,3,1,0,0.9732500761995,0.05686180000338936
3,ibm_brisbane,VQE,2,BQSKit,2,3,1,0,0.9732500761995,0.05717589999403572
3,ibm_brisbane,VQE,2,BQSKit,2,3,1,0,0.9732500761995,0.05720070000097621
3,ibm_brisbane,VQE,2,BQSKit,2,3,1,0,0.9732500761995,0.05718180000258144
3,ibm_brisbane,VQE,2,BQSKit,2,3,1,0,0.9732500761995,0.05691950000618817
3,ibm_brisbane,VQE,2,BQSKit,2,3,1,0,0.9732500761995,0.057146600003761705
3,ibm_brisbane,VQE,2,BQSKit,2,3,1,0,0.9732500761995,0.05684290000499459
3,ibm_brisbane,VQE,2,BQSKit,2,3,1,0,0.9732500761995,0.05702240000391612
3,ibm_brisbane,VQE,2,BQSKit,2,3,1,0,0.9732500761995,0.05781990000104997
3,ibm_brisbane,VQE,2,BQSKit,2,3,1,0,0.9732500761995,0.05699189999722876
3,ibm_brisbane,VQE,2,BQSKit,2,3,1,0,0.9732500761995,0.057122799997159746
3,ibm_brisbane,VQE,2,BQSKit,2,3,1,0,0.9732500761995,0.05726429999776883
3,ibm_brisbane,VQE,2,BQSKit,2,3,1,0,0.9732500761995,0.05696460000035586
3,ibm_brisbane,VQE,2,BQSKit,2,3,1,0,0.9732500761995,0.0570339000041713
3,ibm_brisbane,VQE,2,BQSKit,2,3,1,0,0.9732500761995,0.05707989999791607
3,ibm_brisbane,VQE,2,BQSKit,2,3,1,0,0.9732500761995,0.0576604000016232
3,ibm_brisbane,VQE,2,BQSKit,2,3,1,0,0.9732500761995,0.05711120000341907
3,ibm_brisbane,VQE,2,BQSKit,2,3,1,0,0.9732500761995,0.0572667000014917
3,ibm_brisbane,VQE,2,BQSKit,2,3,1,0,0.9732500761995,0.05955769999854965
3,ibm_brisbane,VQE,2,BQSKit,2,3,1,0,0.9732500761995,0.05782860000181245
3,ibm_brisbane,VQE,2,BQSKit,2,3,1,0,0.9732500761995,0.05792179999843938
3,ibm_brisbane,VQE,2,BQSKit,2,3,1,0,0.9732500761995,0.059077699996123556
3,ibm_brisbane,VQE,2,BQSKit,2,3,1,0,0.9732500761995,0.057211700004700106
3,ibm_brisbane,VQE,2,BQSKit,2,3,1,0,0.9732500761995,0.05757550000271294
3,ibm_brisbane,VQE,2,Cirq-native,2,3,1,0,0.9732500761995,0.0010741000005509704
3,ibm_brisbane,VQE,2,Cirq-native,2,3,1,0,0.9732500761995,0.0008144000021275133
3,ibm_brisbane,VQE,2,Cirq-native,2,3,1,0,0.9732500761995,0.0005645999990520068
3,ibm_brisbane,VQE,2,Cirq-native,2,3,1,0,0.9732500761995,0.0005659999951603822
3,ibm_brisbane,VQE,2,Cirq-native,2,3,1,0,0.9732500761995,0.000505299998621922
3,ibm_brisbane,VQE,2,Cirq-native,2,3,1,0,0.9732500761995,0.00048690000403439626
3,ibm_brisbane,VQE,2,Cirq-native,2,3,1,0,0.9732500761995,0.0006082999971113168
3,ibm_brisbane,VQE,2,Cirq-native,2,3,1,0,0.9732500761995,0.0004888999974355102
3,ibm_brisbane,VQE,2,Cirq-native,2,3,1,0,0.9732500761995,0.0004808000012417324
3,ibm_brisbane,VQE,2,Cirq-native,2,3,1,0,0.9732500761995,0.0005061999981990084
3,ibm_brisbane,VQE,2,Cirq-native,2,3,1,0,0.9732500761995,0.0004881999993813224
3,ibm_brisbane,VQE,2,Cirq-native,2,3,1,0,0.9732500761995,0.00047470000572502613
3,ibm_brisbane,VQE,2,Cirq-native,2,3,1,0,0.9732500761995,0.00045790000149281695
3,ibm_brisbane,VQE,2,Cirq-native,2,3,1,0,0.9732500761995,0.0005191000018385239
3,ibm_brisbane,VQE,2,Cirq-native,2,3,1,0,0.9732500761995,0.0005178999999770895
3,ibm_brisbane,VQE,2,Cirq-native,2,3,1,0,0.9732500761995,0.0005134000020916574
3,ibm_brisbane,VQE,2,Cirq-native,2,3,1,0,0.9732500761995,0.0005043999990448356
3,ibm_brisbane,VQE,2,Cirq-native,2,3,1,0,0.9732500761995,0.0004852999991271645
3,ibm_brisbane,VQE,2,Cirq-native,2,3,1,0,0.9732500761995,0.00046409999777097255
3,ibm_brisbane,VQE,2,Cirq-native,2,3,1,0,0.9732500761995,0.00046269999438663945
3,ibm_brisbane,VQE,2,Cirq-native,2,3,1,0,0.9732500761995,0.0004482000003918074
3,ibm_brisbane,VQE,2,Cirq-native,2,3,1,0,0.9732500761995,0.0004721000004792586
3,ibm_brisbane,VQE,2,Cirq-native,2,3,1,0,0.9732500761995,0.0004591000033542514
3,ibm_brisbane,VQE,2,Cirq-native,2,3,1,0,0.9732500761995,0.0004606000002240762
3,ibm_brisbane,VQE,2,Cirq-native,2,3,1,0,0.9732500761995,0.000447300000814721
3,ibm_brisbane,VQE,2,Cirq-native,2,3,1,0,0.9732500761995,0.0004698999982792884
3,ibm_brisbane,VQE,2,Cirq-native,2,3,1,0,0.9732500761995,0.0004896000027656555
3,ibm_brisbane,VQE,2,Cirq-native,2,3,1,0,0.9732500761995,0.0005544000014197081
3,ibm_brisbane,VQE,2,Cirq-native,2,3,1,0,0.9732500761995,0.000573899997107219
3,ibm_brisbane,VQE,2,Cirq-native,2,3,1,0,0.9732500761995,0.00048439999955007806
3,ibm_brisbane,VQE,2,QADE,2,3,1,0,0.9732500761995,0.006556699998327531
3,ibm_brisbane,VQE,2,QADE,2,3,1,0,0.9732500761995,0.007479200001398567
3,ibm_brisbane,VQE,2,QADE,2,3,1,0,0.9732500761995,0.0063195000038831495
3,ibm_brisbane,VQE,2,QADE,2,3,1,0,0.9732500761995,0.0074867000002996065
3,ibm_brisbane,VQE,2,QADE,2,3,1,0,0.9732500761995,0.012292799998249393
3,ibm_brisbane,VQE,2,QADE,2,3,1,0,0.9732500761995,0.008041599998250604
3,ibm_brisbane,VQE,2,QADE,2,3,1,0,0.9732500761995,0.00766769999609096
3,ibm_brisbane,VQE,2,QADE,2,3,1,0,0.9732500761995,0.007283400002052076
3,ibm_brisbane,VQE,2,QADE,2,3,1,0,0.9732500761995,0.009146500000497326
3,ibm_brisbane,VQE,2,QADE,2,3,1,0,0.9732500761995,0.007155300001613796
3,ibm_brisbane,VQE,2,QADE,2,3,1,0,0.9732500761995,0.007960400005686097
3,ibm_brisbane,VQE,2,QADE,2,3,1,0,0.9732500761995,0.006142500002169982
3,ibm_brisbane,VQE,2,QADE,2,3,1,0,0.9732500761995,0.006290400000580121
3,ibm_brisbane,VQE,2,QADE,2,3,1,0,0.9732500761995,0.007247900000947993
3,ibm_brisbane,VQE,2,QADE,2,3,1,0,0.9732500761995,0.006574599996383768
3,ibm_brisbane,VQE,2,QADE,2,3,1,0,0.9732500761995,0.0061528000005637296
3,ibm_brisbane,VQE,2,QADE,2,3,1,0,0.9732500761995,0.00682760000199778
3,ibm_brisbane,VQE,2,QADE,2,3,1,0,0.9732500761995,0.00881160000426462
3,ibm_brisbane,VQE,2,QADE,2,3,1,0,0.9732500761995,0.006728000000293832
3,ibm_brisbane,VQE,2,QADE,2,3,1,0,0.9732500761995,0.006906299997353926
3,ibm_brisbane,VQE,2,QADE,2,3,1,0,0.9732500761995,0.00666320000163978
3,ibm_brisbane,VQE,2,QADE,2,3,1,0,0.9732500761995,0.007884699996793643
3,ibm_brisbane,VQE,2,QADE,2,3,1,0,0.9732500761995,0.0067372999983490445
3,ibm_brisbane,VQE,2,QADE,2,3,1,0,0.9732500761995,0.008098799997242168
3,ibm_brisbane,VQE,2,QADE,2,3,1,0,0.9732500761995,0.0069788000037078746
3,ibm_brisbane,VQE,2,QADE,2,3,1,0,0.9732500761995,0.00660280000010971
3,ibm_brisbane,VQE,2,QADE,2,3,1,0,0.9732500761995,0.007727500000328291
3,ibm_brisbane,VQE,2,QADE,2,3,1,0,0.9732500761995,0.00620350000099279
3,ibm_brisbane,VQE,2,QADE,2,3,1,0,0.9732500761995,0.007627699997101445
3,ibm_brisbane,VQE,2,QADE,2,3,1,0,0.9732500761995,0.006527700003061909
3,ibm_brisbane,VQE,2,QADE + PyZX,7,12,1,0,0.9645257808859482,0.008236100002250168
3,ibm_brisbane,VQE,2,QADE + PyZX,7,12,1,0,0.9645257808859482,0.0076113000031909905
3,ibm_brisbane,VQE,2,QADE + PyZX,7,12,1,0,0.9645257808859482,0.0071786000044085085
3,ibm_brisbane,VQE,2,QADE + PyZX,7,12,1,0,0.9645257808859482,0.007929599996714387
3,ibm_brisbane,VQE,2,QADE + PyZX,7,12,1,0,0.9645257808859482,0.007557100005215034
3,ibm_brisbane,VQE,2,QADE + PyZX,7,12,1,0,0.9645257808859482,0.008522600001015235
3,ibm_brisbane,VQE,2,QADE + PyZX,7,12,1,0,0.9645257808859482,0.007298000004084315
3,ibm_brisbane,VQE,2,QADE + PyZX,7,12,1,0,0.9645257808859482,0.006690400005027186
3,ibm_brisbane,VQE,2,QADE + PyZX,7,12,1,0,0.9645257808859482,0.007136899999750312
3,ibm_brisbane,VQE,2,QADE + PyZX,7,12,1,0,0.9645257808859482,0.006854400002339389
3,ibm_brisbane,VQE,2,QADE + PyZX,7,12,1,0,0.9645257808859482,0.008220100004109554
3,ibm_brisbane,VQE,2,QADE + PyZX,7,12,1,0,0.9645257808859482,0.00770840000041062
3,ibm_brisbane,VQE,2,QADE + PyZX,7,12,1,0,0.9645257808859482,0.0077301999990595505
3,ibm_brisbane,VQE,2,QADE + PyZX,7,12,1,0,0.9645257808859482,0.007318299998587463
3,ibm_brisbane,VQE,2,QADE + PyZX,7,12,1,0,0.9645257808859482,0.007359099996392615
3,ibm_brisbane,VQE,2,QADE + PyZX,7,12,1,0,0.9645257808859482,0.0077595999973709695
3,ibm_brisbane,VQE,2,QADE + PyZX,7,12,1,0,0.9645257808859482,0.007833100004063454
3,ibm_brisbane,VQE,2,QADE + PyZX,7,12,1,0,0.9645257808859482,0.006879000000481028
3,ibm_brisbane,VQE,2,QADE + PyZX,7,12,1,0,0.9645257808859482,0.008215900001232512
3,ibm_brisbane,VQE,2,QADE + PyZX,7,12,1,0,0.9645257808859482,0.008371900003112387
3,ibm_brisbane,VQE,2,QADE + PyZX,7,12,1,0,0.9645257808859482,0.00687169999582693
3,ibm_brisbane,VQE,2,QADE + PyZX,7,12,1,0,0.9645257808859482,0.008249099999375176
3,ibm_brisbane,VQE,2,QADE + PyZX,7,12,1,0,0.9645257808859482,0.006864400005724747
3,ibm_brisbane,VQE,2,QADE + PyZX,7,12,1,0,0.9645257808859482,0.008021399997232947
3,ibm_brisbane,VQE,2,QADE + PyZX,7,12,1,0,0.9645257808859482,0.007714200000918936
3,ibm_brisbane,VQE,2,QADE + PyZX,7,12,1,0,0.9645257808859482,0.008074600002146326
3,ibm_brisbane,VQE,2,QADE + PyZX,7,12,1,0,0.9645257808859482,0.006816200002504047
3,ibm_brisbane,VQE,2,QADE + PyZX,7,12,1,0,0.9645257808859482,0.00744249999843305
3,ibm_brisbane,VQE,2,QADE + PyZX,7,12,1,0,0.9645257808859482,0.006365099994582124
3,ibm_brisbane,VQE,2,QADE + PyZX,7,12,1,0,0.9645257808859482,0.007098599999153521
3,ibm_brisbane,VQE,2,QADE + Knowledge Graph,7,12,1,0,0.9645257808859482,0.0016201000034925528
3,ibm_brisbane,VQE,2,QADE + Knowledge Graph,7,12,1,0,0.9645257808859482,0.0013193999984650873
3,ibm_brisbane,VQE,2,QADE + Knowledge Graph,7,12,1,0,0.9645257808859482,0.0011749000041163526
3,ibm_brisbane,VQE,2,QADE + Knowledge Graph,7,12,1,0,0.9645257808859482,0.0011034000053768978
3,ibm_brisbane,VQE,2,QADE + Knowledge Graph,7,12,1,0,0.9645257808859482,0.0011123000003863126
3,ibm_brisbane,VQE,2,QADE + Knowledge Graph,7,12,1,0,0.9645257808859482,0.001098100001399871
3,ibm_brisbane,VQE,2,QADE + Knowledge Graph,7,12,1,0,0.9645257808859482,0.0010996999990311451
3,ibm_brisbane,VQE,2,QADE + Knowledge Graph,7,12,1,0,0.9645257808859482,0.0011559999984456226
3,ibm_brisbane,VQE,2,QADE + Knowledge Graph,7,12,1,0,0.9645257808859482,0.0011174999963259324
3,ibm_brisbane,VQE,2,QADE + Knowledge Graph,7,12,1,0,0.9645257808859482,0.0010961000007227995
3,ibm_brisbane,VQE,2,QADE + Knowledge Graph,7,12,1,0,0.9645257808859482,0.0011063000056310557
3,ibm_brisbane,VQE,2,QADE + Knowledge Graph,7,12,1,0,0.9645257808859482,0.0010913000005530193
3,ibm_brisbane,VQE,2,QADE + Knowledge Graph,7,12,1,0,0.9645257808859482,0.0011363000012352131
3,ibm_brisbane,VQE,2,QADE + Knowledge Graph,7,12,1,0,0.9645257808859482,0.0011368999985279515
3,ibm_brisbane,VQE,2,QADE + Knowledge Graph,7,12,1,0,0.9645257808859482,0.001141000000643544
3,ibm_brisbane,VQE,2,QADE + Knowledge Graph,7,12,1,0,0.9645257808859482,0.0010938999985228293
3,ibm_brisbane,VQE,2,QADE + Knowledge Graph,7,12,1,0,0.9645257808859482,0.0011002000028383918
3,ibm_brisbane,VQE,2,QADE + Knowledge Graph,7,12,1,0,0.9645257808859482,0.0011054000060539693
3,ibm_brisbane,VQE,2,QADE + Knowledge Graph,7,12,1,0,0.9645257808859482,0.0011298999961582012
3,ibm_brisbane,VQE,2,QADE + Knowledge Graph,7,12,1,0,0.9645257808859482,0.001144399997428991
3,ibm_brisbane,VQE,2,QADE + Knowledge Graph,7,12,1,0,0.9645257808859482,0.001148700001067482
3,ibm_brisbane,VQE,2,QADE + Knowledge Graph,7,12,1,0,0.9645257808859482,0.001043500000378117
3,ibm_brisbane,VQE,2,QADE + Knowledge Graph,7,12,1,0,0.9645257808859482,0.0010586999997030944
3,ibm_brisbane,VQE,2,QADE + Knowledge Graph,7,12,1,0,0.9645257808859482,0.0010380999956396408
3,ibm_brisbane,VQE,2,QADE + Knowledge Graph,7,12,1,0,0.9645257808859482,0.0010546000048634596
3,ibm_brisbane,VQE,2,QADE + Knowledge Graph,7,12,1,0,0.9645257808859482,0.0011387999984435737
3,ibm_brisbane,VQE,2,QADE + Knowledge Graph,7,12,1,0,0.9645257808859482,0.0011701000039465725
3,ibm_brisbane,VQE,2,QADE + Knowledge Graph,7,12,1,0,0.9645257808859482,0.001109800003177952
3,ibm_brisbane,VQE,2,QADE + Knowledge Graph,7,12,1,0,0.9645257808859482,0.001062900002580136
3,ibm_brisbane,VQE,2,QADE + Knowledge Graph,7,12,1,0,0.9645257808859482,0.0010939000057987869
3,ibm_brisbane,VQE,2,QADE + Evolution + PyZX,7,12,1,0,0.9645257808859482,0.024955999993835576
3,ibm_brisbane,VQE,2,QADE + Evolution + PyZX,7,12,1,0,0.9645257808859482,0.02589270000316901
3,ibm_brisbane,VQE,2,QADE + Evolution + PyZX,7,12,1,0,0.9645257808859482,0.026539999998931307
3,ibm_brisbane,VQE,2,QADE + Evolution + PyZX,7,12,1,0,0.9645257808859482,0.029066800001601223
3,ibm_brisbane,VQE,2,QADE + Evolution + PyZX,7,12,1,0,0.9645257808859482,0.032528700001421385
3,ibm_brisbane,VQE,2,QADE + Evolution + PyZX,7,12,1,0,0.9645257808859482,0.03405390000261832
3,ibm_brisbane,VQE,2,QADE + Evolution + PyZX,7,12,1,0,0.9645257808859482,0.04170429999794578
3,ibm_brisbane,VQE,2,QADE + Evolution + PyZX,7,12,1,0,0.9645257808859482,0.023886800001491793
3,ibm_brisbane,VQE,2,QADE + Evolution + PyZX,7,12,1,0,0.9645257808859482,0.03146109999943292
3,ibm_brisbane,VQE,2,QADE + Evolution + PyZX,7,12,1,0,0.9645257808859482,0.03506499999639345
3,ibm_brisbane,VQE,2,QADE + Evolution + PyZX,7,12,1,0,0.9645257808859482,0.03273799999442417
3,ibm_brisbane,VQE,2,QADE + Evolution + PyZX,7,12,1,0,0.9645257808859482,0.029590600002848078
3,ibm_brisbane,VQE,2,QADE + Evolution + PyZX,7,12,1,0,0.9645257808859482,0.04586070000368636
3,ibm_brisbane,VQE,2,QADE + Evolution + PyZX,7,12,1,0,0.9645257808859482,0.03734489999624202
3,ibm_brisbane,VQE,2,QADE + Evolution + PyZX,7,12,1,0,0.9645257808859482,0.03125150000414578
3,ibm_brisbane,VQE,2,QADE + Evolution + PyZX,7,12,1,0,0.9645257808859482,0.026990500002284534
3,ibm_brisbane,VQE,2,QADE + Evolution + PyZX,7,12,1,0,0.9645257808859482,0.036099300006753765
3,ibm_brisbane,VQE,2,QADE + Evolution + PyZX,7,12,1,0,0.9645257808859482,0.024280600002384745
3,ibm_brisbane,VQE,2,QADE + Evolution + PyZX,7,12,1,0,0.9645257808859482,0.03311530000064522
3,ibm_brisbane,VQE,2,QADE + Evolution + PyZX,7,12,1,0,0.9645257808859482,0.021558700005698483
3,ibm_brisbane,VQE,2,QADE + Evolution + PyZX,7,12,1,0,0.9645257808859482,0.02941119999741204
3,ibm_brisbane,VQE,2,QADE + Evolution + PyZX,7,12,1,0,0.9645257808859482,0.0238175999984378
3,ibm_brisbane,VQE,2,QADE + Evolution + PyZX,7,12,1,0,0.9645257808859482,0.025959300000977237
3,ibm_brisbane,VQE,2,QADE + Evolution + PyZX,7,12,1,0,0.9645257808859482,0.03041819999634754
3,ibm_brisbane,VQE,2,QADE + Evolution + PyZX,7,12,1,0,0.9645257808859482,0.031654800004616845
3,ibm_brisbane,VQE,2,QADE + Evolution + PyZX,7,12,1,0,0.9645257808859482,0.03420460000052117
3,ibm_brisbane,VQE,2,QADE + Evolution + PyZX,7,12,1,0,0.9645257808859482,0.028624499995203223
3,ibm_brisbane,VQE,2,QADE + Evolution + PyZX,7,12,1,0,0.9645257808859482,0.03819089999888092
3,ibm_brisbane,VQE,2,QADE + Evolution + PyZX,7,12,1,0,0.9645257808859482,0.027074999998148996
3,ibm_brisbane,VQE,2,QADE + Evolution + PyZX,7,12,1,0,0.9645257808859482,0.037410800003272016
4,ibm_brisbane,QAOA,2,Qiskit,11,20,2,0,0.9530053501277985,0.011429999998654239
4,ibm_brisbane,QAOA,2,Qiskit,11,20,2,0,0.9530053501277985,0.010215499998594169
4,ibm_brisbane,QAOA,2,Qiskit,11,18,2,0,0.9549142236608966,0.006218199996510521
4,ibm_brisbane,QAOA,2,Qiskit,11,20,2,0,0.9530053501277985,0.006150599998363759
4,ibm_brisbane,QAOA,2,Qiskit,11,18,2,0,0.9549142236608966,0.005828000001201872
4,ibm_brisbane,QAOA,2,Qiskit,11,20,2,0,0.9530053501277985,0.0063776000024518
4,ibm_brisbane,QAOA,2,Qiskit,11,18,2,0,0.9549142236608966,0.005562800004554447
4,ibm_brisbane,QAOA,2,Qiskit,11,18,2,0,0.9549142236608966,0.005569900000409689
4,ibm_brisbane,QAOA,2,Qiskit,11,20,2,0,0.9530053501277985,0.006102599996665958
4,ibm_brisbane,QAOA,2,Qiskit,11,18,2,0,0.9549142236608966,0.005830000001878943
4,ibm_brisbane,QAOA,2,Qiskit,11,18,2,0,0.9549142236608966,0.005996699997922406
4,ibm_brisbane,QAOA,2,Qiskit,11,20,2,0,0.9530053501277985,0.006014700004016049
4,ibm_brisbane,QAOA,2,Qiskit,11,18,2,0,0.9549142236608966,0.005667299999913666
4,ibm_brisbane,QAOA,2,Qiskit,11,18,2,0,0.9549142236608966,0.005415999999968335
4,ibm_brisbane,QAOA,2,Qiskit,11,20,2,0,0.9530053501277985,0.005794199998490512
4,ibm_brisbane,QAOA,2,Qiskit,11,20,2,0,0.9530053501277985,0.005926600002567284
4,ibm_brisbane,QAOA,2,Qiskit,11,20,2,0,0.9530053501277985,0.006004399998346344
4,ibm_brisbane,QAOA,2,Qiskit,11,20,2,0,0.9530053501277985,0.0058386999953654595
4,ibm_brisbane,QAOA,2,Qiskit,11,18,2,0,0.9549142236608966,0.005932600004598498
4,ibm_brisbane,QAOA,2,Qiskit,11,20,2,0,0.9530053501277985,0.0057417999996687286
4,ibm_brisbane,QAOA,2,Qiskit,11,18,2,0,0.9549142236608966,0.005442300003778655
4,ibm_brisbane,QAOA,2,Qiskit,11,20,2,0,0.9530053501277985,0.005844799998158123
4,ibm_brisbane,QAOA,2,Qiskit,11,20,2,0,0.9530053501277985,0.005969499994534999
4,ibm_brisbane,QAOA,2,Qiskit,11,20,2,0,0.9530053501277985,0.0059266999960527755
4,ibm_brisbane,QAOA,2,Qiskit,11,18,2,0,0.9549142236608966,0.005725399998482317
4,ibm_brisbane,QAOA,2,Qiskit,11,18,2,0,0.9549142236608966,0.005489299997861963
4,ibm_brisbane,QAOA,2,Qiskit,11,18,2,0,0.9549142236608966,0.005638199996610638
4,ibm_brisbane,QAOA,2,Qiskit,11,18,2,0,0.9549142236608966,0.0057413000031374395
4,ibm_brisbane,QAOA,2,Qiskit,11,18,2,0,0.9549142236608966,0.005687299999408424
4,ibm_brisbane,QAOA,2,Qiskit,11,20,2,0,0.9530053501277985,0.006052699995052535
4,ibm_brisbane,QAOA,2,PyZX,9,11,2,0,0.9616254412385544,0.0017567000031704083
4,ibm_brisbane,QAOA,2,PyZX,9,11,2,0,0.9616254412385544,0.001226100001076702
4,ibm_brisbane,QAOA,2,PyZX,9,11,2,0,0.9616254412385544,0.0011200000008102506
4,ibm_brisbane,QAOA,2,PyZX,9,11,2,0,0.9616254412385544,0.0011375000030966476
4,ibm_brisbane,QAOA,2,PyZX,9,11,2,0,0.9616254412385544,0.0012225000027683564
4,ibm_brisbane,QAOA,2,PyZX,9,11,2,0,0.9616254412385544,0.0011782000001403503
4,ibm_brisbane,QAOA,2,PyZX,9,11,2,0,0.9616254412385544,0.0011071000044466928
4,ibm_brisbane,QAOA,2,PyZX,9,11,2,0,0.9616254412385544,0.0010959999999613501
4,ibm_brisbane,QAOA,2,PyZX,9,11,2,0,0.9616254412385544,0.001101800000469666
4,ibm_brisbane,QAOA,2,PyZX,9,11,2,0,0.9616254412385544,0.0011001000020769425
4,ibm_brisbane,QAOA,2,PyZX,9,11,2,0,0.9616254412385544,0.0012305999989621341
4,ibm_brisbane,QAOA,2,PyZX,9,11,2,0,0.9616254412385544,0.0012177000025985762
4,ibm_brisbane,QAOA,2,PyZX,9,11,2,0,0.9616254412385544,0.0011442000031820498
4,ibm_brisbane,QAOA,2,PyZX,9,11,2,0,0.9616254412385544,0.0010967999987769872
4,ibm_brisbane,QAOA,2,PyZX,9,11,2,0,0.9616254412385544,0.0010897000029217452
4,ibm_brisbane,QAOA,2,PyZX,9,11,2,0,0.9616254412385544,0.0011128000041935593
4,ibm_brisbane,QAOA,2,PyZX,9,11,2,0,0.9616254412385544,0.0012554000059026293
4,ibm_brisbane,QAOA,2,PyZX,9,11,2,0,0.9616254412385544,0.0011303000064799562
4,ibm_brisbane,QAOA,2,PyZX,9,11,2,0,0.9616254412385544,0.0011164999959873967
4,ibm_brisbane,QAOA,2,PyZX,9,11,2,0,0.9616254412385544,0.001094899998861365
4,ibm_brisbane,QAOA,2,PyZX,9,11,2,0,0.9616254412385544,0.001102900001569651
4,ibm_brisbane,QAOA,2,PyZX,9,11,2,0,0.9616254412385544,0.0011146999968332238
4,ibm_brisbane,QAOA,2,PyZX,9,11,2,0,0.9616254412385544,0.0011973000000580214
4,ibm_brisbane,QAOA,2,PyZX,9,11,2,0,0.9616254412385544,0.0011293999996269122
4,ibm_brisbane,QAOA,2,PyZX,9,11,2,0,0.9616254412385544,0.0011033999981009401
4,ibm_brisbane,QAOA,2,PyZX,9,11,2,0,0.9616254412385544,0.0010982000021613203
4,ibm_brisbane,QAOA,2,PyZX,9,11,2,0,0.9616254412385544,0.0011299999969196506
4,ibm_brisbane,QAOA,2,PyZX,9,11,2,0,0.9616254412385544,0.0010992999959853478
4,ibm_brisbane,QAOA,2,PyZX,9,11,2,0,0.9616254412385544,0.0012409999981173314
4,ibm_brisbane,QAOA,2,PyZX,9,11,2,0,0.9616254412385544,0.001153199998952914
4,ibm_brisbane,QAOA,2,TKET,11,14,2,0,0.958743448829537,0.027196199996978976
4,ibm_brisbane,QAOA,2,TKET,11,14,2,0,0.958743448829537,0.026501499996811617
4,ibm_brisbane,QAOA,2,TKET,11,14,2,0,0.958743448829537,0.02641310000035446
4,ibm_brisbane,QAOA,2,TKET,11,14,2,0,0.958743448829537,0.025860000001557637
4,ibm_brisbane,QAOA,2,TKET,11,14,2,0,0.958743448829537,0.02597319999767933
4,ibm_brisbane,QAOA,2,TKET,11,14,2,0,0.958743448829537,0.026015700001153164
4,ibm_brisbane,QAOA,2,TKET,11,14,2,0,0.958743448829537,0.025513199994747993
4,ibm_brisbane,QAOA,2,TKET,11,14,2,0,0.958743448829537,0.025531599996611476
4,ibm_brisbane,QAOA,2,TKET,11,14,2,0,0.958743448829537,0.02535369999532122
4,ibm_brisbane,QAOA,2,TKET,11,14,2,0,0.958743448829537,0.025486099999397993
4,ibm_brisbane,QAOA,2,TKET,11,14,2,0,0.958743448829537,0.02575789999536937
4,ibm_brisbane,QAOA,2,TKET,11,14,2,0,0.958743448829537,0.025282400005380623
4,ibm_brisbane,QAOA,2,TKET,11,14,2,0,0.958743448829537,0.02549939999880735
4,ibm_brisbane,QAOA,2,TKET,11,14,2,0,0.958743448829537,0.02653640000062296
4,ibm_brisbane,QAOA,2,TKET,11,14,2,0,0.958743448829537,0.026180000000749715
4,ibm_brisbane,QAOA,2,TKET,11,14,2,0,0.958743448829537,0.026117400004295632
4,ibm_brisbane,QAOA,2,TKET,11,14,2,0,0.958743448829537,0.027255199995124713
4,ibm_brisbane,QAOA,2,TKET,11,14,2,0,0.958743448829537,0.026171499994234182
4,ibm_brisbane,QAOA,2,TKET,11,14,2,0,0.958743448829537,0.025647900001786184
4,ibm_brisbane,QAOA,2,TKET,11,14,2,0,0.958743448829537,0.025394299998879433
4,ibm_brisbane,QAOA,2,TKET,11,14,2,0,0.958743448829537,0.026779500003613066
4,ibm_brisbane,QAOA,2,TKET,11,14,2,0,0.958743448829537,0.026874700000917073
4,ibm_brisbane,QAOA,2,TKET,11,14,2,0,0.958743448829537,0.035349899997527245
4,ibm_brisbane,QAOA,2,TKET,11,14,2,0,0.958743448829537,0.0273522999996203
4,ibm_brisbane,QAOA,2,TKET,11,14,2,0,0.958743448829537,0.02679280000302242
4,ibm_brisbane,QAOA,2,TKET,11,14,2,0,0.958743448829537,0.026663899996492546
4,ibm_brisbane,QAOA,2,TKET,11,14,2,0,0.958743448829537,0.027893400001630653
4,ibm_brisbane,QAOA,2,TKET,11,14,2,0,0.958743448829537,0.0288594000012381
4,ibm_brisbane,QAOA,2,TKET,11,14,2,0,0.958743448829537,0.027773699999670498
4,ibm_brisbane,QAOA,2,TKET,11,14,2,0,0.958743448829537,0.027523400000063702
4,ibm_brisbane,QAOA,2,BQSKit,5,7,2,0,0.9654815785241407,0.061913400000776164
4,ibm_brisbane,QAOA,2,BQSKit,5,7,2,0,0.9654815785241407,0.05987200000527082
4,ibm_brisbane,QAOA,2,BQSKit,5,7,2,0,0.9654815785241407,0.059990299996570684
4,ibm_brisbane,QAOA,2,BQSKit,5,7,2,0,0.9654815785241407,0.061366499998257495
4,ibm_brisbane,QAOA,2,BQSKit,5,7,2,0,0.9654815785241407,0.05915570000070147
4,ibm_brisbane,QAOA,2,BQSKit,5,7,2,0,0.9654815785241407,0.05970119999983581
4,ibm_brisbane,QAOA,2,BQSKit,5,7,2,0,0.9654815785241407,0.0600849999973434
4,ibm_brisbane,QAOA,2,BQSKit,5,7,2,0,0.9654815785241407,0.058770499999809545
4,ibm_brisbane,QAOA,2,BQSKit,5,7,2,0,0.9654815785241407,0.05893869999999879
4,ibm_brisbane,QAOA,2,BQSKit,5,7,2,0,0.9654815785241407,0.059170799999265
4,ibm_brisbane,QAOA,2,BQSKit,5,7,2,0,0.9654815785241407,0.06063749999884749
4,ibm_brisbane,QAOA,2,BQSKit,5,7,2,0,0.9654815785241407,0.059878200001548976
4,ibm_brisbane,QAOA,2,BQSKit,5,7,2,0,0.9654815785241407,0.05882009999913862
4,ibm_brisbane,QAOA,2,BQSKit,5,7,2,0,0.9654815785241407,0.05908320000162348
4,ibm_brisbane,QAOA,2,BQSKit,5,7,2,0,0.9654815785241407,0.05914650000340771
4,ibm_brisbane,QAOA,2,BQSKit,5,7,2,0,0.9654815785241407,0.05911890000425046
4,ibm_brisbane,QAOA,2,BQSKit,5,7,2,0,0.9654815785241407,0.05906880000111414
4,ibm_brisbane,QAOA,2,BQSKit,5,7,2,0,0.9654815785241407,0.05893379999906756
4,ibm_brisbane,QAOA,2,BQSKit,5,7,2,0,0.9654815785241407,0.0587734000000637
4,ibm_brisbane,QAOA,2,BQSKit,5,7,2,0,0.9654815785241407,0.05928019999555545
4,ibm_brisbane,QAOA,2,BQSKit,5,7,2,0,0.9654815785241407,0.05889119999483228
4,ibm_brisbane,QAOA,2,BQSKit,5,7,2,0,0.9654815785241407,0.058927499994752
4,ibm_brisbane,QAOA,2,BQSKit,5,7,2,0,0.9654815785241407,0.05901160000212258
4,ibm_brisbane,QAOA,2,BQSKit,5,7,2,0,0.9654815785241407,0.05894760000228416
4,ibm_brisbane,QAOA,2,BQSKit,5,7,2,0,0.9654815785241407,0.05878849999862723
4,ibm_brisbane,QAOA,2,BQSKit,5,7,2,0,0.9654815785241407,0.05905519999942044
4,ibm_brisbane,QAOA,2,BQSKit,5,7,2,0,0.9654815785241407,0.05839620000188006
4,ibm_brisbane,QAOA,2,BQSKit,5,7,2,0,0.9654815785241407,0.0589308999988134
4,ibm_brisbane,QAOA,2,BQSKit,5,7,2,0,0.9654815785241407,0.05938590000005206
4,ibm_brisbane,QAOA,2,BQSKit,5,7,2,0,0.9654815785241407,0.05959820000134641
4,ibm_brisbane,QAOA,2,Cirq-native,5,7,2,0,0.9654815785241407,0.0015858000042499043
4,ibm_brisbane,QAOA,2,Cirq-native,5,7,2,0,0.9654815785241407,0.0009497999999439344
4,ibm_brisbane,QAOA,2,Cirq-native,5,7,2,0,0.9654815785241407,0.000726799997210037
4,ibm_brisbane,QAOA,2,Cirq-native,5,7,2,0,0.9654815785241407,0.0006396000026143156
4,ibm_brisbane,QAOA,2,Cirq-native,5,7,2,0,0.9654815785241407,0.000640199999907054
4,ibm_brisbane,QAOA,2,Cirq-native,5,7,2,0,0.9654815785241407,0.0006285999988904223
4,ibm_brisbane,QAOA,2,Cirq-native,5,7,2,0,0.9654815785241407,0.0006121999977040105
4,ibm_brisbane,QAOA,2,Cirq-native,5,7,2,0,0.9654815785241407,0.0006678999998257495
4,ibm_brisbane,QAOA,2,Cirq-native,5,7,2,0,0.9654815785241407,0.0006963999985600822
4,ibm_brisbane,QAOA,2,Cirq-native,5,7,2,0,0.9654815785241407,0.0007690999991609715
4,ibm_brisbane,QAOA,2,Cirq-native,5,7,2,0,0.9654815785241407,0.0006737000003340654
4,ibm_brisbane,QAOA,2,Cirq-native,5,7,2,0,0.9654815785241407,0.0006596000021090731
4,ibm_brisbane,QAOA,2,Cirq-native,5,7,2,0,0.9654815785241407,0.0006447000050684437
4,ibm_brisbane,QAOA,2,Cirq-native,5,7,2,0,0.9654815785241407,0.0006056999991415069
4,ibm_brisbane,QAOA,2,Cirq-native,5,7,2,0,0.9654815785241407,0.0005955999949947
4,ibm_brisbane,QAOA,2,Cirq-native,5,7,2,0,0.9654815785241407,0.0006390999988070689
4,ibm_brisbane,QAOA,2,Cirq-native,5,7,2,0,0.9654815785241407,0.0006273999970289879
4,ibm_brisbane,QAOA,2,Cirq-native,5,7,2,0,0.9654815785241407,0.0006280000015976839
4,ibm_brisbane,QAOA,2,Cirq-native,5,7,2,0,0.9654815785241407,0.000629599999228958
4,ibm_brisbane,QAOA,2,Cirq-native,5,7,2,0,0.9654815785241407,0.0007665999946766533
4,ibm_brisbane,QAOA,2,Cirq-native,5,7,2,0,0.9654815785241407,0.0007502999942516908
4,ibm_brisbane,QAOA,2,Cirq-native,5,7,2,0,0.9654815785241407,0.0007075000030454248
4,ibm_brisbane,QAOA,2,Cirq-native,5,7,2,0,0.9654815785241407,0.0006190999993123114
4,ibm_brisbane,QAOA,2,Cirq-native,5,7,2,0,0.9654815785241407,0.000610499999311287
4,ibm_brisbane,QAOA,2,Cirq-native,5,7,2,0,0.9654815785241407,0.0006089000016800128
4,ibm_brisbane,QAOA,2,Cirq-native,5,7,2,0,0.9654815785241407,0.000621599996520672
4,ibm_brisbane,QAOA,2,Cirq-native,5,7,2,0,0.9654815785241407,0.0006009999997331761
4,ibm_brisbane,QAOA,2,Cirq-native,5,7,2,0,0.9654815785241407,0.0006020999935572036
4,ibm_brisbane,QAOA,2,Cirq-native,5,7,2,0,0.9654815785241407,0.0006183000004966743
4,ibm_brisbane,QAOA,2,Cirq-native,5,7,2,0,0.9654815785241407,0.0006360999977914616
4,ibm_brisbane,QAOA,2,QADE,5,7,2,0,0.9654815785241407,0.01060229999711737
4,ibm_brisbane,QAOA,2,QADE,5,7,2,0,0.9654815785241407,0.009922100005496759
4,ibm_brisbane,QAOA,2,QADE,5,7,2,0,0.9654815785241407,0.009616999996069353
4,ibm_brisbane,QAOA,2,QADE,5,7,2,0,0.9654815785241407,0.007601699995575473
4,ibm_brisbane,QAOA,2,QADE,5,7,2,0,0.9654815785241407,0.008473399997456
4,ibm_brisbane,QAOA,2,QADE,5,7,2,0,0.9654815785241407,0.00882370000181254
4,ibm_brisbane,QAOA,2,QADE,5,7,2,0,0.9654815785241407,0.008870600002410356
4,ibm_brisbane,QAOA,2,QADE,5,7,2,0,0.9654815785241407,0.007871100002375897
4,ibm_brisbane,QAOA,2,QADE,5,7,2,0,0.9654815785241407,0.007690899998124223
4,ibm_brisbane,QAOA,2,QADE,5,7,2,0,0.9654815785241407,0.008263800002168864
4,ibm_brisbane,QAOA,2,QADE,5,7,2,0,0.9654815785241407,0.012122499996621627
4,ibm_brisbane,QAOA,2,QADE,5,7,2,0,0.9654815785241407,0.014165000000502914
4,ibm_brisbane,QAOA,2,QADE,5,7,2,0,0.9654815785241407,0.011903800004802179
4,ibm_brisbane,QAOA,2,QADE,5,7,2,0,0.9654815785241407,0.008288600001833402
4,ibm_brisbane,QAOA,2,QADE,5,7,2,0,0.9654815785241407,0.010988299996824935
4,ibm_brisbane,QAOA,2,QADE,5,7,2,0,0.9654815785241407,0.0098370000050636
4,ibm_brisbane,QAOA,2,QADE,5,7,2,0,0.9654815785241407,0.00855059999594232
4,ibm_brisbane,QAOA,2,QADE,5,7,2,0,0.9654815785241407,0.007970100006787106
4,ibm_brisbane,QAOA,2,QADE,5,7,2,0,0.9654815785241407,0.010113499993167352
4,ibm_brisbane,QAOA,2,QADE,5,7,2,0,0.9654815785241407,0.008260200003860518
4,ibm_brisbane,QAOA,2,QADE,5,7,2,0,0.9654815785241407,0.008081200001470279
4,ibm_brisbane,QAOA,2,QADE,5,7,2,0,0.9654815785241407,0.008910600001399871
4,ibm_brisbane,QAOA,2,QADE,5,7,2,0,0.9654815785241407,0.006611700002395082
4,ibm_brisbane,QAOA,2,QADE,5,7,2,0,0.9654815785241407,0.00807649999478599
4,ibm_brisbane,QAOA,2,QADE,5,7,2,0,0.9654815785241407,0.010490300002857111
4,ibm_brisbane,QAOA,2,QADE,5,7,2,0,0.9654815785241407,0.007237900004838593
4,ibm_brisbane,QAOA,2,QADE,5,7,2,0,0.9654815785241407,0.009376299996802118
4,ibm_brisbane,QAOA,2,QADE,5,7,2,0,0.9654815785241407,0.00905100000090897
4,ibm_brisbane,QAOA,2,QADE,5,7,2,0,0.9654815785241407,0.008533000000170432
4,ibm_brisbane,QAOA,2,QADE,5,7,2,0,0.9654815785241407,0.01045420000446029
4,ibm_brisbane,QAOA,2,QADE + PyZX,9,11,2,0,0.9616254412385544,0.009237700003723148
4,ibm_brisbane,QAOA,2,QADE + PyZX,9,11,2,0,0.9616254412385544,0.010906700001214631
4,ibm_brisbane,QAOA,2,QADE + PyZX,9,11,2,0,0.9616254412385544,0.008505999998305924
4,ibm_brisbane,QAOA,2,QADE + PyZX,9,11,2,0,0.9616254412385544,0.01071609999780776
4,ibm_brisbane,QAOA,2,QADE + PyZX,9,11,2,0,0.9616254412385544,0.00991700000304263
4,ibm_brisbane,QAOA,2,QADE + PyZX,9,11,2,0,0.9616254412385544,0.007968600002641324
4,ibm_brisbane,QAOA,2,QADE + PyZX,9,11,2,0,0.9616254412385544,0.010144199994101655
4,ibm_brisbane,QAOA,2,QADE + PyZX,9,11,2,0,0.9616254412385544,0.0094329000057769
4,ibm_brisbane,QAOA,2,QADE + PyZX,9,11,2,0,0.9616254412385544,0.009980800001358148
4,ibm_brisbane,QAOA,2,QADE + PyZX,9,11,2,0,0.9616254412385544,0.00964199999725679
4,ibm_brisbane,QAOA,2,QADE + PyZX,9,11,2,0,0.9616254412385544,0.00934419999975944
4,ibm_brisbane,QAOA,2,QADE + PyZX,9,11,2,0,0.9616254412385544,0.009254499993403442
4,ibm_brisbane,QAOA,2,QADE + PyZX,9,11,2,0,0.9616254412385544,0.007513399999879766
4,ibm_brisbane,QAOA,2,QADE + PyZX,9,11,2,0,0.9616254412385544,0.008839100002660416
4,ibm_brisbane,QAOA,2,QADE + PyZX,9,11,2,0,0.9616254412385544,0.010130700000445358
4,ibm_brisbane,QAOA,2,QADE + PyZX,9,11,2,0,0.9616254412385544,0.0106411999950069
4,ibm_brisbane,QAOA,2,QADE + PyZX,9,11,2,0,0.9616254412385544,0.008597400003054645
4,ibm_brisbane,QAOA,2,QADE + PyZX,9,11,2,0,0.9616254412385544,0.009604699996998534
4,ibm_brisbane,QAOA,2,QADE + PyZX,9,11,2,0,0.9616254412385544,0.009594900002412032
4,ibm_brisbane,QAOA,2,QADE + PyZX,9,11,2,0,0.9616254412385544,0.0076100999940535985
4,ibm_brisbane,QAOA,2,QADE + PyZX,9,11,2,0,0.9616254412385544,0.01114159999997355
4,ibm_brisbane,QAOA,2,QADE + PyZX,9,11,2,0,0.9616254412385544,0.011324399994919077
4,ibm_brisbane,QAOA,2,QADE + PyZX,9,11,2,0,0.9616254412385544,0.011548599999514408
4,ibm_brisbane,QAOA,2,QADE + PyZX,9,11,2,0,0.9616254412385544,0.010579100002360065
4,ibm_brisbane,QAOA,2,QADE + PyZX,9,11,2,0,0.9616254412385544,0.00914030000421917
4,ibm_brisbane,QAOA,2,QADE + PyZX,9,11,2,0,0.9616254412385544,0.011766400006308686
4,ibm_brisbane,QAOA,2,QADE + PyZX,9,11,2,0,0.9616254412385544,0.009039900003699586
4,ibm_brisbane,QAOA,2,QADE + PyZX,9,11,2,0,0.9616254412385544,0.01037680000445107
4,ibm_brisbane,QAOA,2,QADE + PyZX,9,11,2,0,0.9616254412385544,0.010784400001284666
4,ibm_brisbane,QAOA,2,QADE + PyZX,9,11,2,0,0.9616254412385544,0.009283500003220979
4,ibm_brisbane,QAOA,2,QADE + Knowledge Graph,9,11,2,0,0.9616254412385544,0.0017266999930143356
4,ibm_brisbane,QAOA,2,QADE + Knowledge Graph,9,11,2,0,0.9616254412385544,0.0012494999973569065
4,ibm_brisbane,QAOA,2,QADE + Knowledge Graph,9,11,2,0,0.9616254412385544,0.0012072999961674213
4,ibm_brisbane,QAOA,2,QADE + Knowledge Graph,9,11,2,0,0.9616254412385544,0.001225499996508006
4,ibm_brisbane,QAOA,2,QADE + Knowledge Graph,9,11,2,0,0.9616254412385544,0.0012511000022641383
4,ibm_brisbane,QAOA,2,QADE + Knowledge Graph,9,11,2,0,0.9616254412385544,0.0011735000007320195
4,ibm_brisbane,QAOA,2,QADE + Knowledge Graph,9,11,2,0,0.9616254412385544,0.0011436999993748032
4,ibm_brisbane,QAOA,2,QADE + Knowledge Graph,9,11,2,0,0.9616254412385544,0.0011488000018289313
4,ibm_brisbane,QAOA,2,QADE + Knowledge Graph,9,11,2,0,0.9616254412385544,0.0013494000013452023
4,ibm_brisbane,QAOA,2,QADE + Knowledge Graph,9,11,2,0,0.9616254412385544,0.0013840999963576905
4,ibm_brisbane,QAOA,2,QADE + Knowledge Graph,9,11,2,0,0.9616254412385544,0.0012509000007412396
4,ibm_brisbane,QAOA,2,QADE + Knowledge Graph,9,11,2,0,0.9616254412385544,0.0011693000051309355
4,ibm_brisbane,QAOA,2,QADE + Knowledge Graph,9,11,2,0,0.9616254412385544,0.0011248000009800307
4,ibm_brisbane,QAOA,2,QADE + Knowledge Graph,9,11,2,0,0.9616254412385544,0.001148399998783134
4,ibm_brisbane,QAOA,2,QADE + Knowledge Graph,9,11,2,0,0.9616254412385544,0.0012808000028599054
4,ibm_brisbane,QAOA,2,QADE + Knowledge Graph,9,11,2,0,0.9616254412385544,0.0012559999959194101
4,ibm_brisbane,QAOA,2,QADE + Knowledge Graph,9,11,2,0,0.9616254412385544,0.0012104999987059273
4,ibm_brisbane,QAOA,2,QADE + Knowledge Graph,9,11,2,0,0.9616254412385544,0.0011099000039394014
4,ibm_brisbane,QAOA,2,QADE + Knowledge Graph,9,11,2,0,0.9616254412385544,0.0011363000012352131
4,ibm_brisbane,QAOA,2,QADE + Knowledge Graph,9,11,2,0,0.9616254412385544,0.0012754000053973868
4,ibm_brisbane,QAOA,2,QADE + Knowledge Graph,9,11,2,0,0.9616254412385544,0.00132379999558907
4,ibm_brisbane,QAOA,2,QADE + Knowledge Graph,9,11,2,0,0.9616254412385544,0.001242699996510055
4,ibm_brisbane,QAOA,2,QADE + Knowledge Graph,9,11,2,0,0.9616254412385544,0.0011312999995425344
4,ibm_brisbane,QAOA,2,QADE + Knowledge Graph,9,11,2,0,0.9616254412385544,0.0011185999974259175
4,ibm_brisbane,QAOA,2,QADE + Knowledge Graph,9,11,2,0,0.9616254412385544,0.0010976999983540736
4,ibm_brisbane,QAOA,2,QADE + Knowledge Graph,9,11,2,0,0.9616254412385544,0.0013222000052337535
4,ibm_brisbane,QAOA,2,QADE + Knowledge Graph,9,11,2,0,0.9616254412385544,0.0014074999999138527
4,ibm_brisbane,QAOA,2,QADE + Knowledge Graph,9,11,2,0,0.9616254412385544,0.0013158000001567416
4,ibm_brisbane,QAOA,2,QADE + Knowledge Graph,9,11,2,0,0.9616254412385544,0.0011797999977716245
4,ibm_brisbane,QAOA,2,QADE + Knowledge Graph,9,11,2,0,0.9616254412385544,0.0011336000025039539
4,ibm_brisbane,QAOA,2,QADE + Evolution + PyZX,8,8,2,0,0.9645160969456165,0.030847199996060226
4,ibm_brisbane,QAOA,2,QADE + Evolution + PyZX,9,10,2,0,0.9625880292678222,0.042230699997162446
4,ibm_brisbane,QAOA,2,QADE + Evolution + PyZX,9,10,2,0,0.9625880292678222,0.043186100003367756
4,ibm_brisbane,QAOA,2,QADE + Evolution + PyZX,6,7,1,0,0.9693629115031321,0.0317635999963386
4,ibm_brisbane,QAOA,2,QADE + Evolution + PyZX,7,7,2,0,0.9654815785241407,0.0357021999952849
4,ibm_brisbane,QAOA,2,QADE + Evolution + PyZX,8,8,2,0,0.9645160969456165,0.036840300002950244
4,ibm_brisbane,QAOA,2,QADE + Evolution + PyZX,9,10,2,0,0.9625880292678222,0.045448600001691375
4,ibm_brisbane,QAOA,2,QADE + Evolution + PyZX,7,7,2,0,0.9654815785241407,0.05368550000275718
4,ibm_brisbane,QAOA,2,QADE + Evolution + PyZX,7,7,2,0,0.9654815785241407,0.048320200003217906
4,ibm_brisbane,QAOA,2,QADE + Evolution + PyZX,8,8,2,0,0.9645160969456165,0.1695398000010755
4,ibm_brisbane,QAOA,2,QADE + Evolution + PyZX,8,8,2,0,0.9645160969456165,0.05912520000129007
4,ibm_brisbane,QAOA,2,QADE + Evolution + PyZX,7,10,1,0,0.9664577298879943,0.03628519999620039
4,ibm_brisbane,QAOA,2,QADE + Evolution + PyZX,9,10,4,0,0.9548950488785839,0.035472800002025906
4,ibm_brisbane,QAOA,2,QADE + Evolution + PyZX,7,9,1,0,0.9674251550430374,0.05160500000056345
4,ibm_brisbane,QAOA,2,QADE + Evolution + PyZX,7,7,2,0,0.9654815785241407,0.036537799998768605
4,ibm_brisbane,QAOA,2,QADE + Evolution + PyZX,6,7,1,0,0.9693629115031321,0.035359599998628255
4,ibm_brisbane,QAOA,2,QADE + Evolution + PyZX,8,8,2,0,0.9645160969456165,0.04197950000525452
4,ibm_brisbane,QAOA,2,QADE + Evolution + PyZX,9,10,2,0,0.9625880292678222,0.025076899997657165
4,ibm_brisbane,QAOA,2,QADE + Evolution + PyZX,7,9,1,0,0.9674251550430374,0.03483279999636579
4,ibm_brisbane,QAOA,2,QADE + Evolution + PyZX,9,11,2,0,0.9616254412385544,0.033114199999545235
4,ibm_brisbane,QAOA,2,QADE + Evolution + PyZX,9,10,2,0,0.9625880292678222,0.03370010000071488
4,ibm_brisbane,QAOA,2,QADE + Evolution + PyZX,9,10,2,0,0.9625880292678222,0.03451859999768203
4,ibm_brisbane,QAOA,2,QADE + Evolution + PyZX,9,11,2,0,0.9616254412385544,0.04018309999810299
4,ibm_brisbane,QAOA,2,QADE + Evolution + PyZX,9,11,2,0,0.9616254412385544,0.05431010000029346
4,ibm_brisbane,QAOA,2,QADE + Evolution + PyZX,7,10,1,0,0.9664577298879943,0.04622880000533769
4,ibm_brisbane,QAOA,2,QADE + Evolution + PyZX,7,10,1,0,0.9664577298879943,0.042640299994673114
4,ibm_brisbane,QAOA,2,QADE + Evolution + PyZX,6,7,1,0,0.9693629115031321,0.04380010000022594
4,ibm_brisbane,QAOA,2,QADE + Evolution + PyZX,9,10,2,0,0.9625880292678222,0.03002159999596188
4,ibm_brisbane,QAOA,2,QADE + Evolution + PyZX,7,9,1,0,0.9674251550430374,0.032361999998101965
4,ibm_brisbane,QAOA,2,QADE + Evolution + PyZX,8,8,2,0,0.9645160969456165,0.02894949999608798
5,ibm_brisbane,QV,2,Qiskit,11,19,1,0,0.9577943217364809,0.006525100005092099
5,ibm_brisbane,QV,2,Qiskit,11,19,1,0,0.9577943217364809,0.0057085999942501076
5,ibm_brisbane,QV,2,Qiskit,11,19,1,0,0.9577943217364809,0.005662699993990827
5,ibm_brisbane,QV,2,Qiskit,11,19,1,0,0.9577943217364809,0.0056251999994856305
5,ibm_brisbane,QV,2,Qiskit,11,19,1,0,0.9577943217364809,0.0054538000040338375
5,ibm_brisbane,QV,2,Qiskit,11,19,1,0,0.9577943217364809,0.005585300001257565
5,ibm_brisbane,QV,2,Qiskit,11,19,1,0,0.9577943217364809,0.005688500001269858
5,ibm_brisbane,QV,2,Qiskit,11,19,1,0,0.9577943217364809,0.005593200003204402
5,ibm_brisbane,QV,2,Qiskit,11,19,1,0,0.9577943217364809,0.005655499997374136
5,ibm_brisbane,QV,2,Qiskit,11,19,1,0,0.9577943217364809,0.005740599997807294
5,ibm_brisbane,QV,2,Qiskit,11,19,1,0,0.9577943217364809,0.0052933999977540225
5,ibm_brisbane,QV,2,Qiskit,11,19,1,0,0.9577943217364809,0.005704499999410473
5,ibm_brisbane,QV,2,Qiskit,11,19,1,0,0.9577943217364809,0.00546570000005886
5,ibm_brisbane,QV,2,Qiskit,11,19,1,0,0.9577943217364809,0.005419900000561029
5,ibm_brisbane,QV,2,Qiskit,11,19,1,0,0.9577943217364809,0.00562559999525547
5,ibm_brisbane,QV,2,Qiskit,11,19,1,0,0.9577943217364809,0.005390599995735101
5,ibm_brisbane,QV,2,Qiskit,11,19,1,0,0.9577943217364809,0.005582300000241958
5,ibm_brisbane,QV,2,Qiskit,11,19,1,0,0.9577943217364809,0.00656899999739835
5,ibm_brisbane,QV,2,Qiskit,11,19,1,0,0.9577943217364809,0.005764300003647804
5,ibm_brisbane,QV,2,Qiskit,11,19,1,0,0.9577943217364809,0.005761200001870748
5,ibm_brisbane,QV,2,Qiskit,11,19,1,0,0.9577943217364809,0.0055523000046378
5,ibm_brisbane,QV,2,Qiskit,11,19,1,0,0.9577943217364809,0.0052170999988447875
5,ibm_brisbane,QV,2,Qiskit,11,19,1,0,0.9577943217364809,0.006175199996505398
5,ibm_brisbane,QV,2,Qiskit,11,19,1,0,0.9577943217364809,0.0060718999957316555
5,ibm_brisbane,QV,2,Qiskit,11,19,1,0,0.9577943217364809,0.005940700000792276
5,ibm_brisbane,QV,2,Qiskit,11,19,1,0,0.9577943217364809,0.0057520999980624765
5,ibm_brisbane,QV,2,Qiskit,11,19,1,0,0.9577943217364809,0.005624600002192892
5,ibm_brisbane,QV,2,Qiskit,11,19,1,0,0.9577943217364809,0.005986199998005759
5,ibm_brisbane,QV,2,Qiskit,11,19,1,0,0.9577943217364809,0.005580099998041987
5,ibm_brisbane,QV,2,Qiskit,11,19,1,0,0.9577943217364809,0.005812699993839487
5,ibm_brisbane,QV,2,PyZX,10,14,2,0,0.958743448829537,0.0018603999997139908
5,ibm_brisbane,QV,2,PyZX,10,14,2,0,0.958743448829537,0.0013190999961807393
5,ibm_brisbane,QV,2,PyZX,10,14,2,0,0.958743448829537,0.0012130999966757372
5,ibm_brisbane,QV,2,PyZX,10,14,2,0,0.958743448829537,0.001199300000735093
5,ibm_brisbane,QV,2,PyZX,10,14,2,0,0.958743448829537,0.001332400002866052
5,ibm_brisbane,QV,2,PyZX,10,14,2,0,0.958743448829537,0.001288400002522394
5,ibm_brisbane,QV,2,PyZX,10,14,2,0,0.958743448829537,0.0012425000022631139
5,ibm_brisbane,QV,2,PyZX,10,14,2,0,0.958743448829537,0.0012091999960830435
5,ibm_brisbane,QV,2,PyZX,10,14,2,0,0.958743448829537,0.0011882999970111996
5,ibm_brisbane,QV,2,PyZX,10,14,2,0,0.958743448829537,0.0013299999991431832
5,ibm_brisbane,QV,2,PyZX,10,14,2,0,0.958743448829537,0.0012980000028619543
5,ibm_brisbane,QV,2,PyZX,10,14,2,0,0.958743448829537,0.0012295000051381066
5,ibm_brisbane,QV,2,PyZX,10,14,2,0,0.958743448829537,0.0012196999959996901
5,ibm_brisbane,QV,2,PyZX,10,14,2,0,0.958743448829537,0.001167800000985153
5,ibm_brisbane,QV,2,PyZX,10,14,2,0,0.958743448829537,0.001168100003269501
5,ibm_brisbane,QV,2,PyZX,10,14,2,0,0.958743448829537,0.0013300000064191408
5,ibm_brisbane,QV,2,PyZX,10,14,2,0,0.958743448829537,0.0012486999985412695
5,ibm_brisbane,QV,2,PyZX,10,14,2,0,0.958743448829537,0.001215500000398606
5,ibm_brisbane,QV,2,PyZX,10,14,2,0,0.958743448829537,0.0011977999965893105
5,ibm_brisbane,QV,2,PyZX,10,14,2,0,0.958743448829537,0.0011885000058100559
5,ibm_brisbane,QV,2,PyZX,10,14,2,0,0.958743448829537,0.0012760000026901253
5,ibm_brisbane,QV,2,PyZX,10,14,2,0,0.958743448829537,0.001367600001685787
5,ibm_brisbane,QV,2,PyZX,10,14,2,0,0.958743448829537,0.0012681000007432885
5,ibm_brisbane,QV,2,PyZX,10,14,2,0,0.958743448829537,0.0011941999982809648
5,ibm_brisbane,QV,2,PyZX,10,14,2,0,0.958743448829537,0.0012024000025121495
5,ibm_brisbane,QV,2,PyZX,10,14,2,0,0.958743448829537,0.0012241000003996305
5,ibm_brisbane,QV,2,PyZX,10,14,2,0,0.958743448829537,0.0013429000027826987
5,ibm_brisbane,QV,2,PyZX,10,14,2,0,0.958743448829537,0.001254399998288136
5,ibm_brisbane,QV,2,PyZX,10,14,2,0,0.958743448829537,0.0012056000050506555
5,ibm_brisbane,QV,2,PyZX,10,14,2,0,0.958743448829537,0.0011977000031038187
5,ibm_brisbane,QV,2,TKET,7,13,1,0,0.9635612551050622,0.021022499997343402
5,ibm_brisbane,QV,2,TKET,7,13,1,0,0.9635612551050622,0.020664099996793084
5,ibm_brisbane,QV,2,TKET,7,13,1,0,0.9635612551050622,0.0204643999968539
5,ibm_brisbane,QV,2,TKET,7,13,1,0,0.9635612551050622,0.020324700002674945
5,ibm_brisbane,QV,2,TKET,7,13,1,0,0.9635612551050622,0.020179300001473166
5,ibm_brisbane,QV,2,TKET,7,13,1,0,0.9635612551050622,0.020237900003849063
5,ibm_brisbane,QV,2,TKET,7,13,1,0,0.9635612551050622,0.020167100003163796
5,ibm_brisbane,QV,2,TKET,7,13,1,0,0.9635612551050622,0.020359200003440492
5,ibm_brisbane,QV,2,TKET,7,13,1,0,0.9635612551050622,0.019893800003046636
5,ibm_brisbane,QV,2,TKET,7,13,1,0,0.9635612551050622,0.019993000001704786
5,ibm_brisbane,QV,2,TKET,7,13,1,0,0.9635612551050622,0.019969900000432972
5,ibm_brisbane,QV,2,TKET,7,13,1,0,0.9635612551050622,0.020596599999407772
5,ibm_brisbane,QV,2,TKET,7,13,1,0,0.9635612551050622,0.020250599998689722
5,ibm_brisbane,QV,2,TKET,7,13,1,0,0.9635612551050622,0.02030229999945732
5,ibm_brisbane,QV,2,TKET,7,13,1,0,0.9635612551050622,0.019881699998222757
5,ibm_brisbane,QV,2,TKET,7,13,1,0,0.9635612551050622,0.019768500002101064
5,ibm_brisbane,QV,2,TKET,7,13,1,0,0.9635612551050622,0.02008669999486301
5,ibm_brisbane,QV,2,TKET,7,13,1,0,0.9635612551050622,0.019993500005512033
5,ibm_brisbane,QV,2,TKET,7,13,1,0,0.9635612551050622,0.01992920000338927
5,ibm_brisbane,QV,2,TKET,7,13,1,0,0.9635612551050622,0.01984729999821866
5,ibm_brisbane,QV,2,TKET,7,13,1,0,0.9635612551050622,0.01979130000108853
5,ibm_brisbane,QV,2,TKET,7,13,1,0,0.9635612551050622,0.019717800001672003
5,ibm_brisbane,QV,2,TKET,7,13,1,0,0.9635612551050622,0.019833400001516566
5,ibm_brisbane,QV,2,TKET,7,13,1,0,0.9635612551050622,0.019591399999626447
5,ibm_brisbane,QV,2,TKET,7,13,1,0,0.9635612551050622,0.020072600003913976
5,ibm_brisbane,QV,2,TKET,7,13,1,0,0.9635612551050622,0.019726799997442868
5,ibm_brisbane,QV,2,TKET,7,13,1,0,0.9635612551050622,0.01987139999982901
5,ibm_brisbane,QV,2,TKET,7,13,1,0,0.9635612551050622,0.019908399997802917
5,ibm_brisbane,QV,2,TKET,7,13,1,0,0.9635612551050622,0.01972649999515852
5,ibm_brisbane,QV,2,TKET,7,13,1,0,0.9635612551050622,0.019831400000839494
5,ibm_brisbane,QV,2,BQSKit,3,5,1,0,0.9713045492971772,0.057742199998756405
5,ibm_brisbane,QV,2,BQSKit,3,5,1,0,0.9713045492971772,0.05766310000035446
5,ibm_brisbane,QV,2,BQSKit,3,5,1,0,0.9713045492971772,0.057843900001898874
5,ibm_brisbane,QV,2,BQSKit,3,5,1,0,0.9713045492971772,0.058114999999816064
5,ibm_brisbane,QV,2,BQSKit,3,5,1,0,0.9713045492971772,0.05790539999725297
5,ibm_brisbane,QV,2,BQSKit,3,5,1,0,0.9713045492971772,0.057744600002479274
5,ibm_brisbane,QV,2,BQSKit,3,5,1,0,0.9713045492971772,0.05768990000069607
5,ibm_brisbane,QV,2,BQSKit,3,5,1,0,0.9713045492971772,0.05784259999927599
5,ibm_brisbane,QV,2,BQSKit,3,5,1,0,0.9713045492971772,0.057640400002128445
5,ibm_brisbane,QV,2,BQSKit,3,5,1,0,0.9713045492971772,0.058375900000100955
5,ibm_brisbane,QV,2,BQSKit,3,5,1,0,0.9713045492971772,0.058441000001039356
5,ibm_brisbane,QV,2,BQSKit,3,5,1,0,0.9713045492971772,0.057923100001062267
5,ibm_brisbane,QV,2,BQSKit,3,5,1,0,0.9713045492971772,0.05774150000070222
5,ibm_brisbane,QV,2,BQSKit,3,5,1,0,0.9713045492971772,0.05782799999724375
5,ibm_brisbane,QV,2,BQSKit,3,5,1,0,0.9713045492971772,0.0580331999954069
5,ibm_brisbane,QV,2,BQSKit,3,5,1,0,0.9713045492971772,0.05802330000005895
5,ibm_brisbane,QV,2,BQSKit,3,5,1,0,0.9713045492971772,0.05784280000079889
5,ibm_brisbane,QV,2,BQSKit,3,5,1,0,0.9713045492971772,0.05780339999910211
5,ibm_brisbane,QV,2,BQSKit,3,5,1,0,0.9713045492971772,0.05842770000163
5,ibm_brisbane,QV,2,BQSKit,3,5,1,0,0.9713045492971772,0.05755289999797242
5,ibm_brisbane,QV,2,BQSKit,3,5,1,0,0.9713045492971772,0.057843499998853076
5,ibm_brisbane,QV,2,BQSKit,3,5,1,0,0.9713045492971772,0.0574724000034621
5,ibm_brisbane,QV,2,BQSKit,3,5,1,0,0.9713045492971772,0.057638399994175415
5,ibm_brisbane,QV,2,BQSKit,3,5,1,0,0.9713045492971772,0.05772799999976996
5,ibm_brisbane,QV,2,BQSKit,3,5,1,0,0.9713045492971772,0.05822519999492215
5,ibm_brisbane,QV,2,BQSKit,3,5,1,0,0.9713045492971772,0.05776499999774387
5,ibm_brisbane,QV,2,BQSKit,3,5,1,0,0.9713045492971772,0.05812790000345558
5,ibm_brisbane,QV,2,BQSKit,3,5,1,0,0.9713045492971772,0.058180200001515914
5,ibm_brisbane,QV,2,BQSKit,3,5,1,0,0.9713045492971772,0.05776190000324277
5,ibm_brisbane,QV,2,BQSKit,3,5,1,0,0.9713045492971772,0.057700999997905456
5,ibm_brisbane,QV,2,Cirq-native,3,5,1,0,0.9713045492971772,0.0010437000019010156
5,ibm_brisbane,QV,2,Cirq-native,3,5,1,0,0.9713045492971772,0.0006537999943247996
5,ibm_brisbane,QV,2,Cirq-native,3,5,1,0,0.9713045492971772,0.0005759999985457398
5,ibm_brisbane,QV,2,Cirq-native,3,5,1,0,0.9713045492971772,0.0005490999974426813
5,ibm_brisbane,QV,2,Cirq-native,3,5,1,0,0.9713045492971772,0.0005429999946500175
5,ibm_brisbane,QV,2,Cirq-native,3,5,1,0,0.9713045492971772,0.0005364999960875139
5,ibm_brisbane,QV,2,Cirq-native,3,5,1,0,0.9713045492971772,0.0005380000002332963
5,ibm_brisbane,QV,2,Cirq-native,3,5,1,0,0.9713045492971772,0.0006301000030362047
5,ibm_brisbane,QV,2,Cirq-native,3,5,1,0,0.9713045492971772,0.0006418999982997775
5,ibm_brisbane,QV,2,Cirq-native,3,5,1,0,0.9713045492971772,0.0005653000043821521
5,ibm_brisbane,QV,2,Cirq-native,3,5,1,0,0.9713045492971772,0.0006394000010914169
5,ibm_brisbane,QV,2,Cirq-native,3,5,1,0,0.9713045492971772,0.0005325000020093285
5,ibm_brisbane,QV,2,Cirq-native,3,5,1,0,0.9713045492971772,0.0005176000049686991
5,ibm_brisbane,QV,2,Cirq-native,3,5,1,0,0.9713045492971772,0.000542200003110338
5,ibm_brisbane,QV,2,Cirq-native,3,5,1,0,0.9713045492971772,0.0005320999989635311
5,ibm_brisbane,QV,2,Cirq-native,3,5,1,0,0.9713045492971772,0.0005204000044614077
5,ibm_brisbane,QV,2,Cirq-native,3,5,1,0,0.9713045492971772,0.0005326000027707778
5,ibm_brisbane,QV,2,Cirq-native,3,5,1,0,0.9713045492971772,0.0005230999959167093
5,ibm_brisbane,QV,2,Cirq-native,3,5,1,0,0.9713045492971772,0.0005575999966822565
5,ibm_brisbane,QV,2,Cirq-native,3,5,1,0,0.9713045492971772,0.0006195000023581088
5,ibm_brisbane,QV,2,Cirq-native,3,5,1,0,0.9713045492971772,0.0006474999972851947
5,ibm_brisbane,QV,2,Cirq-native,3,5,1,0,0.9713045492971772,0.0006040000007487833
5,ibm_brisbane,QV,2,Cirq-native,3,5,1,0,0.9713045492971772,0.0005534000010811724
5,ibm_brisbane,QV,2,Cirq-native,3,5,1,0,0.9713045492971772,0.0005329999985406175
5,ibm_brisbane,QV,2,Cirq-native,3,5,1,0,0.9713045492971772,0.000581899999815505
5,ibm_brisbane,QV,2,Cirq-native,3,5,1,0,0.9713045492971772,0.0005337999973562546
5,ibm_brisbane,QV,2,Cirq-native,3,5,1,0,0.9713045492971772,0.0005431000026874244
5,ibm_brisbane,QV,2,Cirq-native,3,5,1,0,0.9713045492971772,0.0005246000000624917
5,ibm_brisbane,QV,2,Cirq-native,3,5,1,0,0.9713045492971772,0.0005292999994708225
5,ibm_brisbane,QV,2,Cirq-native,3,5,1,0,0.9713045492971772,0.0005472999982885085
5,ibm_brisbane,QV,2,QADE,3,5,1,0,0.9713045492971772,0.006536000000778586
5,ibm_brisbane,QV,2,QADE,3,5,1,0,0.9713045492971772,0.007751199998892844
5,ibm_brisbane,QV,2,QADE,3,5,1,0,0.9713045492971772,0.0065193000045837834
5,ibm_brisbane,QV,2,QADE,3,5,1,0,0.9713045492971772,0.00759249999828171
5,ibm_brisbane,QV,2,QADE,3,5,1,0,0.9713045492971772,0.007219200000690762
5,ibm_brisbane,QV,2,QADE,3,5,1,0,0.9713045492971772,0.006637899998167995
5,ibm_brisbane,QV,2,QADE,3,5,1,0,0.9713045492971772,0.0067853000000468455
5,ibm_brisbane,QV,2,QADE,3,5,1,0,0.9713045492971772,0.007564300001831725
5,ibm_brisbane,QV,2,QADE,3,5,1,0,0.9713045492971772,0.006684299994958565
5,ibm_brisbane,QV,2,QADE,3,5,1,0,0.9713045492971772,0.007352699998591561
5,ibm_brisbane,QV,2,QADE,3,5,1,0,0.9713045492971772,0.007240800005092751
5,ibm_brisbane,QV,2,QADE,3,5,1,0,0.9713045492971772,0.007579700002679601
5,ibm_brisbane,QV,2,QADE,3,5,1,0,0.9713045492971772,0.006360699997458141
5,ibm_brisbane,QV,2,QADE,3,5,1,0,0.9713045492971772,0.008021499997994397
5,ibm_brisbane,QV,2,QADE,3,5,1,0,0.9713045492971772,0.007647099999303464
5,ibm_brisbane,QV,2,QADE,3,5,1,0,0.9713045492971772,0.007344099998590536
5,ibm_brisbane,QV,2,QADE,3,5,1,0,0.9713045492971772,0.006718100004945882
5,ibm_brisbane,QV,2,QADE,3,5,1,0,0.9713045492971772,0.006535700005770195
5,ibm_brisbane,QV,2,QADE,3,5,1,0,0.9713045492971772,0.006920799998624716
5,ibm_brisbane,QV,2,QADE,3,5,1,0,0.9713045492971772,0.007610100001329556
5,ibm_brisbane,QV,2,QADE,3,5,1,0,0.9713045492971772,0.008176899995305575
5,ibm_brisbane,QV,2,QADE,3,5,1,0,0.9713045492971772,0.006480800002464093
5,ibm_brisbane,QV,2,QADE,3,5,1,0,0.9713045492971772,0.007331199994951021
5,ibm_brisbane,QV,2,QADE,3,5,1,0,0.9713045492971772,0.005623299999570008
5,ibm_brisbane,QV,2,QADE,3,5,1,0,0.9713045492971772,0.005987399999867193
5,ibm_brisbane,QV,2,QADE,3,5,1,0,0.9713045492971772,0.007049399995594285
5,ibm_brisbane,QV,2,QADE,3,5,1,0,0.9713045492971772,0.009233100005076267
5,ibm_brisbane,QV,2,QADE,3,5,1,0,0.9713045492971772,0.007441699999617413
5,ibm_brisbane,QV,2,QADE,3,5,1,0,0.9713045492971772,0.0066606999971554615
5,ibm_brisbane,QV,2,QADE,3,5,1,0,0.9713045492971772,0.007196099999418948
5,ibm_brisbane,QV,2,QADE + PyZX,10,14,2,0,0.958743448829537,0.009062500001164153
5,ibm_brisbane,QV,2,QADE + PyZX,10,14,2,0,0.958743448829537,0.00942679999570828
5,ibm_brisbane,QV,2,QADE + PyZX,10,14,2,0,0.958743448829537,0.009874600000330247
5,ibm_brisbane,QV,2,QADE + PyZX,10,14,2,0,0.958743448829537,0.009742099995492026
5,ibm_brisbane,QV,2,QADE + PyZX,10,14,2,0,0.958743448829537,0.007777699996950105
5,ibm_brisbane,QV,2,QADE + PyZX,10,14,2,0,0.958743448829537,0.008887999996659346
5,ibm_brisbane,QV,2,QADE + PyZX,10,14,2,0,0.958743448829537,0.007048799998301547
5,ibm_brisbane,QV,2,QADE + PyZX,10,14,2,0,0.958743448829537,0.008919800005969591
5,ibm_brisbane,QV,2,QADE + PyZX,10,14,2,0,0.958743448829537,0.007012499998381827
5,ibm_brisbane,QV,2,QADE + PyZX,10,14,2,0,0.958743448829537,0.008926099995733239
5,ibm_brisbane,QV,2,QADE + PyZX,10,14,2,0,0.958743448829537,0.008283700000902172
5,ibm_brisbane,QV,2,QADE + PyZX,10,14,2,0,0.958743448829537,0.00854040000558598
5,ibm_brisbane,QV,2,QADE + PyZX,10,14,2,0,0.958743448829537,0.0077815999975427985
5,ibm_brisbane,QV,2,QADE + PyZX,10,14,2,0,0.958743448829537,0.00778359999821987
5,ibm_brisbane,QV,2,QADE + PyZX,10,14,2,0,0.958743448829537,0.007105600001523271
5,ibm_brisbane,QV,2,QADE + PyZX,10,14,2,0,0.958743448829537,0.008903299996745773
5,ibm_brisbane,QV,2,QADE + PyZX,10,14,2,0,0.958743448829537,0.007319299998925999
5,ibm_brisbane,QV,2,QADE + PyZX,10,14,2,0,0.958743448829537,0.00823590000072727
5,ibm_brisbane,QV,2,QADE + PyZX,10,14,2,0,0.958743448829537,0.0077345000026980415
5,ibm_brisbane,QV,2,QADE + PyZX,10,14,2,0,0.958743448829537,0.008534300002793316
5,ibm_brisbane,QV,2,QADE + PyZX,10,14,2,0,0.958743448829537,0.008674900003825314
5,ibm_brisbane,QV,2,QADE + PyZX,10,14,2,0,0.958743448829537,0.008597499996540137
5,ibm_brisbane,QV,2,QADE + PyZX,10,14,2,0,0.958743448829537,0.007951200001116376
5,ibm_brisbane,QV,2,QADE + PyZX,10,14,2,0,0.958743448829537,0.008085100002062973
5,ibm_brisbane,QV,2,QADE + PyZX,10,14,2,0,0.958743448829537,0.00832809999701567
5,ibm_brisbane,QV,2,QADE + PyZX,10,14,2,0,0.958743448829537,0.008883100003004074
5,ibm_brisbane,QV,2,QADE + PyZX,10,14,2,0,0.958743448829537,0.008511100000760052
5,ibm_brisbane,QV,2,QADE + PyZX,10,14,2,0,0.958743448829537,0.008657300000777468
5,ibm_brisbane,QV,2,QADE + PyZX,10,14,2,0,0.958743448829537,0.007700899994233623
5,ibm_brisbane,QV,2,QADE + PyZX,10,14,2,0,0.958743448829537,0.0077888000014354475
5,ibm_brisbane,QV,2,QADE + Knowledge Graph,10,14,2,0,0.958743448829537,0.0016363999966415577
5,ibm_brisbane,QV,2,QADE + Knowledge Graph,10,14,2,0,0.958743448829537,0.001446199996280484
5,ibm_brisbane,QV,2,QADE + Knowledge Graph,10,14,2,0,0.958743448829537,0.0013217999949119985
5,ibm_brisbane,QV,2,QADE + Knowledge Graph,10,14,2,0,0.958743448829537,0.001217299999552779
5,ibm_brisbane,QV,2,QADE + Knowledge Graph,10,14,2,0,0.958743448829537,0.0012013999948976561
5,ibm_brisbane,QV,2,QADE + Knowledge Graph,10,14,2,0,0.958743448829537,0.0012004999953205697
5,ibm_brisbane,QV,2,QADE + Knowledge Graph,10,14,2,0,0.958743448829537,0.0013040999983786605
5,ibm_brisbane,QV,2,QADE + Knowledge Graph,10,14,2,0,0.958743448829537,0.0013300999999046326
5,ibm_brisbane,QV,2,QADE + Knowledge Graph,10,14,2,0,0.958743448829537,0.0012312000035308301
5,ibm_brisbane,QV,2,QADE + Knowledge Graph,10,14,2,0,0.958743448829537,0.0011961999989580363
5,ibm_brisbane,QV,2,QADE + Knowledge Graph,10,14,2,0,0.958743448829537,0.0012418999976944178
5,ibm_brisbane,QV,2,QADE + Knowledge Graph,10,14,2,0,0.958743448829537,0.0012167999957455322
5,ibm_brisbane,QV,2,QADE + Knowledge Graph,10,14,2,0,0.958743448829537,0.0013729999991483055
5,ibm_brisbane,QV,2,QADE + Knowledge Graph,10,14,2,0,0.958743448829537,0.001286699996853713
5,ibm_brisbane,QV,2,QADE + Knowledge Graph,10,14,2,0,0.958743448829537,0.0012036999978590757
5,ibm_brisbane,QV,2,QADE + Knowledge Graph,10,14,2,0,0.958743448829537,0.0012086999995517544
5,ibm_brisbane,QV,2,QADE + Knowledge Graph,10,14,2,0,0.958743448829537,0.0011994000014965422
5,ibm_brisbane,QV,2,QADE + Knowledge Graph,10,14,2,0,0.958743448829537,0.0012666999973589554
5,ibm_brisbane,QV,2,QADE + Knowledge Graph,10,14,2,0,0.958743448829537,0.0013198000015108846
5,ibm_brisbane,QV,2,QADE + Knowledge Graph,10,14,2,0,0.958743448829537,0.0012260000003152527
5,ibm_brisbane,QV,2,QADE + Knowledge Graph,10,14,2,0,0.958743448829537,0.0012252000014996156
5,ibm_brisbane,QV,2,QADE + Knowledge Graph,10,14,2,0,0.958743448829537,0.0011603000020841137
5,ibm_brisbane,QV,2,QADE + Knowledge Graph,10,14,2,0,0.958743448829537,0.001241000005393289
5,ibm_brisbane,QV,2,QADE + Knowledge Graph,10,14,2,0,0.958743448829537,0.0013360999946598895
5,ibm_brisbane,QV,2,QADE + Knowledge Graph,10,14,2,0,0.958743448829537,0.00124639999557985
5,ibm_brisbane,QV,2,QADE + Knowledge Graph,10,14,2,0,0.958743448829537,0.0012140000035287812
5,ibm_brisbane,QV,2,QADE + Knowledge Graph,10,14,2,0,0.958743448829537,0.001181499996164348
5,ibm_brisbane,QV,2,QADE + Knowledge Graph,10,14,2,0,0.958743448829537,0.0011732999992091209
5,ibm_brisbane,QV,2,QADE + Knowledge Graph,10,14,2,0,0.958743448829537,0.0013066999963484704
5,ibm_brisbane,QV,2,QADE + Knowledge Graph,10,14,2,0,0.958743448829537,0.0013027999957557768
5,ibm_brisbane,QV,2,QADE + Evolution + PyZX,10,14,2,0,0.958743448829537,0.040280900000652764
5,ibm_brisbane,QV,2,QADE + Evolution + PyZX,10,14,2,0,0.958743448829537,0.035543799996958114
5,ibm_brisbane,QV,2,QADE + Evolution + PyZX,10,14,2,0,0.958743448829537,0.026901799996267073
5,ibm_brisbane,QV,2,QADE + Evolution + PyZX,10,14,2,0,0.958743448829537,0.04119370000262279
5,ibm_brisbane,QV,2,QADE + Evolution + PyZX,10,14,2,0,0.958743448829537,0.04230309999547899
5,ibm_brisbane,QV,2,QADE + Evolution + PyZX,10,14,2,0,0.958743448829537,0.036068000001250766
5,ibm_brisbane,QV,2,QADE + Evolution + PyZX,10,14,2,0,0.958743448829537,0.03721090000180993
5,ibm_brisbane,QV,2,QADE + Evolution + PyZX,10,14,2,0,0.958743448829537,0.030471899997792207
5,ibm_brisbane,QV,2,QADE + Evolution + PyZX,10,14,2,0,0.958743448829537,0.038804700001492165
5,ibm_brisbane,QV,2,QADE + Evolution + PyZX,10,14,2,0,0.958743448829537,0.026589699999021832
5,ibm_brisbane,QV,2,QADE + Evolution + PyZX,10,14,2,0,0.958743448829537,0.030094900001131464
5,ibm_brisbane,QV,2,QADE + Evolution + PyZX,10,14,2,0,0.958743448829537,0.03993130000162637
5,ibm_brisbane,QV,2,QADE + Evolution + PyZX,10,14,2,0,0.958743448829537,0.03987570000026608
5,ibm_brisbane,QV,2,QADE + Evolution + PyZX,10,14,2,0,0.958743448829537,0.03193710000050487
5,ibm_brisbane,QV,2,QADE + Evolution + PyZX,10,14,2,0,0.958743448829537,0.03457350000098813
5,ibm_brisbane,QV,2,QADE + Evolution + PyZX,10,14,2,0,0.958743448829537,0.034810799996193964
5,ibm_brisbane,QV,2,QADE + Evolution + PyZX,10,14,2,0,0.958743448829537,0.04052439999941271
5,ibm_brisbane,QV,2,QADE + Evolution + PyZX,10,14,2,0,0.958743448829537,0.03229690000443952
5,ibm_brisbane,QV,2,QADE + Evolution + PyZX,10,14,2,0,0.958743448829537,0.05070459999842569
5,ibm_brisbane,QV,2,QADE + Evolution + PyZX,10,14,2,0,0.958743448829537,0.031544199999189004
5,ibm_brisbane,QV,2,QADE + Evolution + PyZX,10,14,2,0,0.958743448829537,0.027929799995035864
5,ibm_brisbane,QV,2,QADE + Evolution + PyZX,10,14,2,0,0.958743448829537,0.031937900006596465
5,ibm_brisbane,QV,2,QADE + Evolution + PyZX,10,14,2,0,0.958743448829537,0.0387237000031746
5,ibm_brisbane,QV,2,QADE + Evolution + PyZX,10,14,2,0,0.958743448829537,0.02859770000213757
5,ibm_brisbane,QV,2,QADE + Evolution + PyZX,10,14,2,0,0.958743448829537,0.03794460000062827
5,ibm_brisbane,QV,2,QADE + Evolution + PyZX,10,14,2,0,0.958743448829537,0.03013739999732934
5,ibm_brisbane,QV,2,QADE + Evolution + PyZX,10,14,2,0,0.958743448829537,0.04131469999992987
5,ibm_brisbane,QV,2,QADE + Evolution + PyZX,10,14,2,0,0.958743448829537,0.03204050000204006
5,ibm_brisbane,QV,2,QADE + Evolution + PyZX,10,14,2,0,0.958743448829537,0.03515250000054948
5,ibm_brisbane,QV,2,QADE + Evolution + PyZX,10,14,2,0,0.958743448829537,0.03694340000220109
6,ibm_brisbane,GHZ,3,Qiskit,5,5,2,0,0.9577412875727572,0.005937800000538118
6,ibm_brisbane,GHZ,3,Qiskit,5,5,2,0,0.9577412875727572,0.0053263000008882955
6,ibm_brisbane,GHZ,3,Qiskit,5,5,2,0,0.9577412875727572,0.005255200005194638
6,ibm_brisbane,GHZ,3,Qiskit,8,16,2,0,0.9472586514685736,0.005184299996471964
6,ibm_brisbane,GHZ,3,Qiskit,8,16,2,0,0.9472586514685736,0.005365700002585072
6,ibm_brisbane,GHZ,3,Qiskit,8,16,2,0,0.9472586514685736,0.005387600001995452
6,ibm_brisbane,GHZ,3,Qiskit,5,5,2,0,0.9577412875727572,0.005224100001214538
6,ibm_brisbane,GHZ,3,Qiskit,5,5,2,0,0.9577412875727572,0.005009000000427477
6,ibm_brisbane,GHZ,3,Qiskit,5,5,2,0,0.9577412875727572,0.005496600002516061
6,ibm_brisbane,GHZ,3,Qiskit,5,5,2,0,0.9577412875727572,0.0053192000050330535
6,ibm_brisbane,GHZ,3,Qiskit,8,16,2,0,0.9472586514685736,0.005577399999310728
6,ibm_brisbane,GHZ,3,Qiskit,8,16,2,0,0.9472586514685736,0.005505599998286925
6,ibm_brisbane,GHZ,3,Qiskit,8,16,2,0,0.9472586514685736,0.0053568000002997
6,ibm_brisbane,GHZ,3,Qiskit,8,16,2,0,0.9472586514685736,0.005556699994485825
6,ibm_brisbane,GHZ,3,Qiskit,5,5,2,0,0.9577412875727572,0.005401799993705936
6,ibm_brisbane,GHZ,3,Qiskit,8,16,2,0,0.9472586514685736,0.0056823999984771945
6,ibm_brisbane,GHZ,3,Qiskit,8,16,2,0,0.9472586514685736,0.0055155000009108335
6,ibm_brisbane,GHZ,3,Qiskit,5,5,2,0,0.9577412875727572,0.004826299998967443
6,ibm_brisbane,GHZ,3,Qiskit,5,5,2,0,0.9577412875727572,0.005092100000183564
6,ibm_brisbane,GHZ,3,Qiskit,5,5,2,0,0.9577412875727572,0.005113500003062654
6,ibm_brisbane,GHZ,3,Qiskit,8,16,2,0,0.9472586514685736,0.0052431000003707595
6,ibm_brisbane,GHZ,3,Qiskit,8,16,2,0,0.9472586514685736,0.005090999999083579
6,ibm_brisbane,GHZ,3,Qiskit,8,16,2,0,0.9472586514685736,0.005333700006303843
6,ibm_brisbane,GHZ,3,Qiskit,5,5,2,0,0.9577412875727572,0.005091200000606477
6,ibm_brisbane,GHZ,3,Qiskit,8,16,2,0,0.9472586514685736,0.005321299999195617
6,ibm_brisbane,GHZ,3,Qiskit,5,5,2,0,0.9577412875727572,0.005049999999755528
6,ibm_brisbane,GHZ,3,Qiskit,8,16,2,0,0.9472586514685736,0.005651400002534501
6,ibm_brisbane,GHZ,3,Qiskit,5,5,2,0,0.9577412875727572,0.005314900001394562
6,ibm_brisbane,GHZ,3,Qiskit,8,16,2,0,0.9472586514685736,0.00597120000020368
6,ibm_brisbane,GHZ,3,Qiskit,5,5,2,0,0.9577412875727572,0.005098100002214778
6,ibm_brisbane,GHZ,3,PyZX,5,7,2,0,0.9558267627388993,0.0015588000023853965
6,ibm_brisbane,GHZ,3,PyZX,5,7,2,0,0.9558267627388993,0.0012662000008276664
6,ibm_brisbane,GHZ,3,PyZX,5,7,2,0,0.9558267627388993,0.0010028000033344142
6,ibm_brisbane,GHZ,3,PyZX,5,7,2,0,0.9558267627388993,0.0009578000026522204
6,ibm_brisbane,GHZ,3,PyZX,5,7,2,0,0.9558267627388993,0.0009719000008772127
6,ibm_brisbane,GHZ,3,PyZX,5,7,2,0,0.9558267627388993,0.0009109000020544045
6,ibm_brisbane,GHZ,3,PyZX,5,7,2,0,0.9558267627388993,0.0009896000046865083
6,ibm_brisbane,GHZ,3,PyZX,5,7,2,0,0.9558267627388993,0.0010318999993614852
6,ibm_brisbane,GHZ,3,PyZX,5,7,2,0,0.9558267627388993,0.0009410000056959689
6,ibm_brisbane,GHZ,3,PyZX,5,7,2,0,0.9558267627388993,0.0008930999974836595
6,ibm_brisbane,GHZ,3,PyZX,5,7,2,0,0.9558267627388993,0.0009135000000242144
6,ibm_brisbane,GHZ,3,PyZX,5,7,2,0,0.9558267627388993,0.0008860000016284175
6,ibm_brisbane,GHZ,3,PyZX,5,7,2,0,0.9558267627388993,0.0009391000057803467
6,ibm_brisbane,GHZ,3,PyZX,5,7,2,0,0.9558267627388993,0.0008888000011211261
6,ibm_brisbane,GHZ,3,PyZX,5,7,2,0,0.9558267627388993,0.0010774000038509257
6,ibm_brisbane,GHZ,3,PyZX,5,7,2,0,0.9558267627388993,0.0009267999994335696
6,ibm_brisbane,GHZ,3,PyZX,5,7,2,0,0.9558267627388993,0.0009483999965596013
6,ibm_brisbane,GHZ,3,PyZX,5,7,2,0,0.9558267627388993,0.0008990999995148741
6,ibm_brisbane,GHZ,3,PyZX,5,7,2,0,0.9558267627388993,0.0009038999996846542
6,ibm_brisbane,GHZ,3,PyZX,5,7,2,0,0.9558267627388993,0.0008901999972295016
6,ibm_brisbane,GHZ,3,PyZX,5,7,2,0,0.9558267627388993,0.0009191999997710809
6,ibm_brisbane,GHZ,3,PyZX,5,7,2,0,0.9558267627388993,0.0009882000013021752
6,ibm_brisbane,GHZ,3,PyZX,5,7,2,0,0.9558267627388993,0.0009514999983366579
6,ibm_brisbane,GHZ,3,PyZX,5,7,2,0,0.9558267627388993,0.0008937000020523556
6,ibm_brisbane,GHZ,3,PyZX,5,7,2,0,0.9558267627388993,0.000912900002731476
6,ibm_brisbane,GHZ,3,PyZX,5,7,2,0,0.9558267627388993,0.0009117999943555333
6,ibm_brisbane,GHZ,3,PyZX,5,7,2,0,0.9558267627388993,0.0008823000025586225
6,ibm_brisbane,GHZ,3,PyZX,5,7,2,0,0.9558267627388993,0.0009048000065376982
6,ibm_brisbane,GHZ,3,PyZX,5,7,2,0,0.9558267627388993,0.0009586000014678575
6,ibm_brisbane,GHZ,3,PyZX,5,7,2,0,0.9558267627388993,0.0009483999965596013
6,ibm_brisbane,GHZ,3,TKET,5,5,2,0,0.9577412875727572,0.062024599996220786
6,ibm_brisbane,GHZ,3,TKET,5,5,2,0,0.9577412875727572,0.05810129999736091
6,ibm_brisbane,GHZ,3,TKET,5,5,2,0,0.9577412875727572,0.05742570000438718
6,ibm_brisbane,GHZ,3,TKET,5,5,2,0,0.9577412875727572,0.056902699994680006
6,ibm_brisbane,GHZ,3,TKET,5,5,2,0,0.9577412875727572,0.05763370000204304
6,ibm_brisbane,GHZ,3,TKET,5,5,2,0,0.9577412875727572,0.057758999995712657
6,ibm_brisbane,GHZ,3,TKET,5,5,2,0,0.9577412875727572,0.0576225999975577
6,ibm_brisbane,GHZ,3,TKET,5,5,2,0,0.9577412875727572,0.05826119999983348
6,ibm_brisbane,GHZ,3,TKET,5,5,2,0,0.9577412875727572,0.057734599999093916
6,ibm_brisbane,GHZ,3,TKET,5,5,2,0,0.9577412875727572,0.05677869999635732
6,ibm_brisbane,GHZ,3,TKET,5,5,2,0,0.9577412875727572,0.056730300006165635
6,ibm_brisbane,GHZ,3,TKET,5,5,2,0,0.9577412875727572,0.06330320000415668
6,ibm_brisbane,GHZ,3,TKET,5,5,2,0,0.9577412875727572,0.059094700001878664
6,ibm_brisbane,GHZ,3,TKET,5,5,2,0,0.9577412875727572,0.05709719999867957
6,ibm_brisbane,GHZ,3,TKET,5,5,2,0,0.9577412875727572,0.05766769999900134
6,ibm_brisbane,GHZ,3,TKET,5,5,2,0,0.9577412875727572,0.05694700000458397
6,ibm_brisbane,GHZ,3,TKET,5,5,2,0,0.9577412875727572,0.0576126000014483
6,ibm_brisbane,GHZ,3,TKET,5,5,2,0,0.9577412875727572,0.05572799999936251
6,ibm_brisbane,GHZ,3,TKET,5,5,2,0,0.9577412875727572,0.05662269999447744
6,ibm_brisbane,GHZ,3,TKET,5,5,2,0,0.9577412875727572,0.0564513999997871
6,ibm_brisbane,GHZ,3,TKET,5,5,2,0,0.9577412875727572,0.056101200003467966
6,ibm_brisbane,GHZ,3,TKET,5,5,2,0,0.9577412875727572,0.05619489999662619
6,ibm_brisbane,GHZ,3,TKET,5,5,2,0,0.9577412875727572,0.05821229999855859
6,ibm_brisbane,GHZ,3,TKET,5,5,2,0,0.9577412875727572,0.05618250000406988
6,ibm_brisbane,GHZ,3,TKET,5,5,2,0,0.9577412875727572,0.056346299999859184
6,ibm_brisbane,GHZ,3,TKET,5,5,2,0,0.9577412875727572,0.05650749999767868
6,ibm_brisbane,GHZ,3,TKET,5,5,2,0,0.9577412875727572,0.05673620000015944
6,ibm_brisbane,GHZ,3,TKET,5,5,2,0,0.9577412875727572,0.05771540000569075
6,ibm_brisbane,GHZ,3,TKET,5,5,2,0,0.9577412875727572,0.05722790000436362
6,ibm_brisbane,GHZ,3,TKET,5,5,2,0,0.9577412875727572,0.0598866000000271
6,ibm_brisbane,GHZ,3,BQSKit,3,3,2,0,0.9596596472075251,0.05745560000650585
6,ibm_brisbane,GHZ,3,BQSKit,3,3,2,0,0.9596596472075251,0.05664780000370229
6,ibm_brisbane,GHZ,3,BQSKit,3,3,2,0,0.9596596472075251,0.05688570000347681
6,ibm_brisbane,GHZ,3,BQSKit,3,3,2,0,0.9596596472075251,0.057262700000137556
6,ibm_brisbane,GHZ,3,BQSKit,3,3,2,0,0.9596596472075251,0.05714869999792427
6,ibm_brisbane,GHZ,3,BQSKit,3,3,2,0,0.9596596472075251,0.05681220000406029
6,ibm_brisbane,GHZ,3,BQSKit,3,3,2,0,0.9596596472075251,0.05695209999976214
6,ibm_brisbane,GHZ,3,BQSKit,3,3,2,0,0.9596596472075251,0.057330400006321725
6,ibm_brisbane,GHZ,3,BQSKit,3,3,2,0,0.9596596472075251,0.05709799999749521
6,ibm_brisbane,GHZ,3,BQSKit,3,3,2,0,0.9596596472075251,0.05661369999870658
6,ibm_brisbane,GHZ,3,BQSKit,3,3,2,0,0.9596596472075251,0.05644680000114022
6,ibm_brisbane,GHZ,3,BQSKit,3,3,2,0,0.9596596472075251,0.056972799997311085
6,ibm_brisbane,GHZ,3,BQSKit,3,3,2,0,0.9596596472075251,0.05691149999620393
6,ibm_brisbane,GHZ,3,BQSKit,3,3,2,0,0.9596596472075251,0.056628700003784616
6,ibm_brisbane,GHZ,3,BQSKit,3,3,2,0,0.9596596472075251,0.05680660000507487
6,ibm_brisbane,GHZ,3,BQSKit,3,3,2,0,0.9596596472075251,0.056880200005252846
6,ibm_brisbane,GHZ,3,BQSKit,3,3,2,0,0.9596596472075251,0.05636629999935394
6,ibm_brisbane,GHZ,3,BQSKit,3,3,2,0,0.9596596472075251,0.05705849999503698
6,ibm_brisbane,GHZ,3,BQSKit,3,3,2,0,0.9596596472075251,0.056887600003392436
6,ibm_brisbane,GHZ,3,BQSKit,3,3,2,0,0.9596596472075251,0.05692809999891324
6,ibm_brisbane,GHZ,3,BQSKit,3,3,2,0,0.9596596472075251,0.056355799999437295
6,ibm_brisbane,GHZ,3,BQSKit,3,3,2,0,0.9596596472075251,0.05657760000030976
6,ibm_brisbane,GHZ,3,BQSKit,3,3,2,0,0.9596596472075251,0.056702199995925184
6,ibm_brisbane,GHZ,3,BQSKit,3,3,2,0,0.9596596472075251,0.05662740000116173
6,ibm_brisbane,GHZ,3,BQSKit,3,3,2,0,0.9596596472075251,0.05690809999941848
6,ibm_brisbane,GHZ,3,BQSKit,3,3,2,0,0.9596596472075251,0.05713850000029197
6,ibm_brisbane,GHZ,3,BQSKit,3,3,2,0,0.9596596472075251,0.05655970000225352
6,ibm_brisbane,GHZ,3,BQSKit,3,3,2,0,0.9596596472075251,0.056585999998787884
6,ibm_brisbane,GHZ,3,BQSKit,3,3,2,0,0.9596596472075251,0.056955500003823545
6,ibm_brisbane,GHZ,3,BQSKit,3,3,2,0,0.9596596472075251,0.0568143999989843
6,ibm_brisbane,GHZ,3,Cirq-native,3,3,2,0,0.9596596472075251,0.0009763999987626448
6,ibm_brisbane,GHZ,3,Cirq-native,3,3,2,0,0.9596596472075251,0.0005989999990561046
6,ibm_brisbane,GHZ,3,Cirq-native,3,3,2,0,0.9596596472075251,0.0006802999996580184
6,ibm_brisbane,GHZ,3,Cirq-native,3,3,2,0,0.9596596472075251,0.0005837999997311272
6,ibm_brisbane,GHZ,3,Cirq-native,3,3,2,0,0.9596596472075251,0.0005978000044706278
6,ibm_brisbane,GHZ,3,Cirq-native,3,3,2,0,0.9596596472075251,0.0005257999946479686
6,ibm_brisbane,GHZ,3,Cirq-native,3,3,2,0,0.9596596472075251,0.000491600003442727
6,ibm_brisbane,GHZ,3,Cirq-native,3,3,2,0,0.9596596472075251,0.0005062999989604577
6,ibm_brisbane,GHZ,3,Cirq-native,3,3,2,0,0.9596596472075251,0.0004899999985354953
6,ibm_brisbane,GHZ,3,Cirq-native,3,3,2,0,0.9596596472075251,0.0004922000007354654
6,ibm_brisbane,GHZ,3,Cirq-native,3,3,2,0,0.9596596472075251,0.00048209999658865854
6,ibm_brisbane,GHZ,3,Cirq-native,3,3,2,0,0.9596596472075251,0.0004934000025968999
6,ibm_brisbane,GHZ,3,Cirq-native,3,3,2,0,0.9596596472075251,0.0004794000051333569
6,ibm_brisbane,GHZ,3,Cirq-native,3,3,2,0,0.9596596472075251,0.0004847000018344261
6,ibm_brisbane,GHZ,3,Cirq-native,3,3,2,0,0.9596596472075251,0.0005240000027697533
6,ibm_brisbane,GHZ,3,Cirq-native,3,3,2,0,0.9596596472075251,0.000559599997359328
6,ibm_brisbane,GHZ,3,Cirq-native,3,3,2,0,0.9596596472075251,0.0005223999978625216
6,ibm_brisbane,GHZ,3,Cirq-native,3,3,2,0,0.9596596472075251,0.0005148999989614822
6,ibm_brisbane,GHZ,3,Cirq-native,3,3,2,0,0.9596596472075251,0.0004907999973511323
6,ibm_brisbane,GHZ,3,Cirq-native,3,3,2,0,0.9596596472075251,0.00047700000141048804
6,ibm_brisbane,GHZ,3,Cirq-native,3,3,2,0,0.9596596472075251,0.0004819000023417175
6,ibm_brisbane,GHZ,3,Cirq-native,3,3,2,0,0.9596596472075251,0.0005066000012448058
6,ibm_brisbane,GHZ,3,Cirq-native,3,3,2,0,0.9596596472075251,0.0004828999954042956
6,ibm_brisbane,GHZ,3,Cirq-native,3,3,2,0,0.9596596472075251,0.00046609999844804406
6,ibm_brisbane,GHZ,3,Cirq-native,3,3,2,0,0.9596596472075251,0.000495300002512522
6,ibm_brisbane,GHZ,3,Cirq-native,3,3,2,0,0.9596596472075251,0.00047230000200215727
6,ibm_brisbane,GHZ,3,Cirq-native,3,3,2,0,0.9596596472075251,0.00046920000022510067
6,ibm_brisbane,GHZ,3,Cirq-native,3,3,2,0,0.9596596472075251,0.0004576999999699183
6,ibm_brisbane,GHZ,3,Cirq-native,3,3,2,0,0.9596596472075251,0.0005703999995603226
6,ibm_brisbane,GHZ,3,Cirq-native,3,3,2,0,0.9596596472075251,0.0005780000064987689
6,ibm_brisbane,GHZ,3,QADE,3,3,2,0,0.9596596472075251,0.006548000004841015
6,ibm_brisbane,GHZ,3,QADE,3,3,2,0,0.9596596472075251,0.0076609999960055575
6,ibm_brisbane,GHZ,3,QADE,3,3,2,0,0.9596596472075251,0.007067499995173421
6,ibm_brisbane,GHZ,3,QADE,3,3,2,0,0.9596596472075251,0.008002499998838175
6,ibm_brisbane,GHZ,3,QADE,3,3,2,0,0.9596596472075251,0.006395399999746587
6,ibm_brisbane,GHZ,3,QADE,3,3,2,0,0.9596596472075251,0.005780200001026969
6,ibm_brisbane,GHZ,3,QADE,3,3,2,0,0.9596596472075251,0.006906499998876825
6,ibm_brisbane,GHZ,3,QADE,3,3,2,0,0.9596596472075251,0.005873400004929863
6,ibm_brisbane,GHZ,3,QADE,3,3,2,0,0.9596596472075251,0.006496699999843258
6,ibm_brisbane,GHZ,3,QADE,3,3,2,0,0.9596596472075251,0.00554790000023786
6,ibm_brisbane,GHZ,3,QADE,3,3,2,0,0.9596596472075251,0.006572600002982654
6,ibm_brisbane,GHZ,3,QADE,3,3,2,0,0.9596596472075251,0.006340399995679036
6,ibm_brisbane,GHZ,3,QADE,3,3,2,0,0.9596596472075251,0.006195999994815793
6,ibm_brisbane,GHZ,3,QADE,3,3,2,0,0.9596596472075251,0.006639599996560719
6,ibm_brisbane,GHZ,3,QADE,3,3,2,0,0.9596596472075251,0.007286500003829133
6,ibm_brisbane,GHZ,3,QADE,3,3,2,0,0.9596596472075251,0.006412800001271535
6,ibm_brisbane,GHZ,3,QADE,3,3,2,0,0.9596596472075251,0.007397800000035204
6,ibm_brisbane,GHZ,3,QADE,3,3,2,0,0.9596596472075251,0.006027200004609767
6,ibm_brisbane,GHZ,3,QADE,3,3,2,0,0.9596596472075251,0.007878199998231139
6,ibm_brisbane,GHZ,3,QADE,3,3,2,0,0.9596596472075251,0.006600999993679579
6,ibm_brisbane,GHZ,3,QADE,3,3,2,0,0.9596596472075251,0.006510499995783903
6,ibm_brisbane,GHZ,3,QADE,3,3,2,0,0.9596596472075251,0.0076913000011700206
6,ibm_brisbane,GHZ,3,QADE,3,3,2,0,0.9596596472075251,0.008089599999948405
6,ibm_brisbane,GHZ,3,QADE,3,3,2,0,0.9596596472075251,0.00531300000147894
6,ibm_brisbane,GHZ,3,QADE,3,3,2,0,0.9596596472075251,0.0057744000005186535
6,ibm_brisbane,GHZ,3,QADE,3,3,2,0,0.9596596472075251,0.008255699998699129
6,ibm_brisbane,GHZ,3,QADE,3,3,2,0,0.9596596472075251,0.009205599999404512
6,ibm_brisbane,GHZ,3,QADE,3,3,2,0,0.9596596472075251,0.006425899999157991
6,ibm_brisbane,GHZ,3,QADE,3,3,2,0,0.9596596472075251,0.006186499995237682
6,ibm_brisbane,GHZ,3,QADE,3,3,2,0,0.9596596472075251,0.008594899998570327
6,ibm_brisbane,GHZ,3,QADE + PyZX,5,7,2,0,0.9558267627388993,0.008131099995807745
6,ibm_brisbane,GHZ,3,QADE + PyZX,5,7,2,0,0.9558267627388993,0.007305499995709397
6,ibm_brisbane,GHZ,3,QADE + PyZX,5,7,2,0,0.9558267627388993,0.006603599998925347
6,ibm_brisbane,GHZ,3,QADE + PyZX,5,7,2,0,0.9558267627388993,0.007367899997916538
6,ibm_brisbane,GHZ,3,QADE + PyZX,5,7,2,0,0.9558267627388993,0.007404299998597708
6,ibm_brisbane,GHZ,3,QADE + PyZX,5,7,2,0,0.9558267627388993,0.01011109999672044
6,ibm_brisbane,GHZ,3,QADE + PyZX,5,7,2,0,0.9558267627388993,0.006554400002642069
6,ibm_brisbane,GHZ,3,QADE + PyZX,5,7,2,0,0.9558267627388993,0.006939400002011098
6,ibm_brisbane,GHZ,3,QADE + PyZX,5,7,2,0,0.9558267627388993,0.007757700004731305
6,ibm_brisbane,GHZ,3,QADE + PyZX,5,7,2,0,0.9558267627388993,0.007132200000341982
6,ibm_brisbane,GHZ,3,QADE + PyZX,5,7,2,0,0.9558267627388993,0.007809399998222943
6,ibm_brisbane,GHZ,3,QADE + PyZX,5,7,2,0,0.9558267627388993,0.008950399998866487
6,ibm_brisbane,GHZ,3,QADE + PyZX,5,7,2,0,0.9558267627388993,0.006670099995972123
6,ibm_brisbane,GHZ,3,QADE + PyZX,5,7,2,0,0.9558267627388993,0.008228200000303332
6,ibm_brisbane,GHZ,3,QADE + PyZX,5,7,2,0,0.9558267627388993,0.007413600003928877
6,ibm_brisbane,GHZ,3,QADE + PyZX,5,7,2,0,0.9558267627388993,0.008766799997829366
6,ibm_brisbane,GHZ,3,QADE + PyZX,5,7,2,0,0.9558267627388993,0.00807840000197757
6,ibm_brisbane,GHZ,3,QADE + PyZX,5,7,2,0,0.9558267627388993,0.009688700003607664
6,ibm_brisbane,GHZ,3,QADE + PyZX,5,7,2,0,0.9558267627388993,0.00789519999671029
6,ibm_brisbane,GHZ,3,QADE + PyZX,5,7,2,0,0.9558267627388993,0.007923299999674782
6,ibm_brisbane,GHZ,3,QADE + PyZX,5,7,2,0,0.9558267627388993,0.0072366000022157095
6,ibm_brisbane,GHZ,3,QADE + PyZX,5,7,2,0,0.9558267627388993,0.007503799999540206
6,ibm_brisbane,GHZ,3,QADE + PyZX,5,7,2,0,0.9558267627388993,0.007526800000050571
6,ibm_brisbane,GHZ,3,QADE + PyZX,5,7,2,0,0.9558267627388993,0.006553499995789025
6,ibm_brisbane,GHZ,3,QADE + PyZX,5,7,2,0,0.9558267627388993,0.006775800000468735
6,ibm_brisbane,GHZ,3,QADE + PyZX,5,7,2,0,0.9558267627388993,0.00711099999898579
6,ibm_brisbane,GHZ,3,QADE + PyZX,5,7,2,0,0.9558267627388993,0.007580899997265078
6,ibm_brisbane,GHZ,3,QADE + PyZX,5,7,2,0,0.9558267627388993,0.007264800005941652
6,ibm_brisbane,GHZ,3,QADE + PyZX,5,7,2,0,0.9558267627388993,0.006993499999225605
6,ibm_brisbane,GHZ,3,QADE + PyZX,5,7,2,0,0.9558267627388993,0.007705000003625173
6,ibm_brisbane,GHZ,3,QADE + Knowledge Graph,5,7,2,0,0.9558267627388993,0.0014290999970398843
6,ibm_brisbane,GHZ,3,QADE + Knowledge Graph,5,7,2,0,0.9558267627388993,0.0010528999991947785
6,ibm_brisbane,GHZ,3,QADE + Knowledge Graph,5,7,2,0,0.9558267627388993,0.000924300002225209
6,ibm_brisbane,GHZ,3,QADE + Knowledge Graph,5,7,2,0,0.9558267627388993,0.0009081999960471876
6,ibm_brisbane,GHZ,3,QADE + Knowledge Graph,5,7,2,0,0.9558267627388993,0.0009258999998564832
6,ibm_brisbane,GHZ,3,QADE + Knowledge Graph,5,7,2,0,0.9558267627388993,0.0010260999988531694
6,ibm_brisbane,GHZ,3,QADE + Knowledge Graph,5,7,2,0,0.9558267627388993,0.0009303999977419153
6,ibm_brisbane,GHZ,3,QADE + Knowledge Graph,5,7,2,0,0.9558267627388993,0.0009415999957127497
6,ibm_brisbane,GHZ,3,QADE + Knowledge Graph,5,7,2,0,0.9558267627388993,0.0009121000039158389
6,ibm_brisbane,GHZ,3,QADE + Knowledge Graph,5,7,2,0,0.9558267627388993,0.0009213000012096018
6,ibm_brisbane,GHZ,3,QADE + Knowledge Graph,5,7,2,0,0.9558267627388993,0.0009086999998544343
6,ibm_brisbane,GHZ,3,QADE + Knowledge Graph,5,7,2,0,0.9558267627388993,0.0009351000044262037
6,ibm_brisbane,GHZ,3,QADE + Knowledge Graph,5,7,2,0,0.9558267627388993,0.0010030999983428046
6,ibm_brisbane,GHZ,3,QADE + Knowledge Graph,5,7,2,0,0.9558267627388993,0.0009369999970658682
6,ibm_brisbane,GHZ,3,QADE + Knowledge Graph,5,7,2,0,0.9558267627388993,0.0008892999976524152
6,ibm_brisbane,GHZ,3,QADE + Knowledge Graph,5,7,2,0,0.9558267627388993,0.0009135000000242144
6,ibm_brisbane,GHZ,3,QADE + Knowledge Graph,5,7,2,0,0.9558267627388993,0.0008824000033200718
6,ibm_brisbane,GHZ,3,QADE + Knowledge Graph,5,7,2,0,0.9558267627388993,0.0008842999959597364
6,ibm_brisbane,GHZ,3,QADE + Knowledge Graph,5,7,2,0,0.9558267627388993,0.00087340000027325
6,ibm_brisbane,GHZ,3,QADE + Knowledge Graph,5,7,2,0,0.9558267627388993,0.0009731999962241389
6,ibm_brisbane,GHZ,3,QADE + Knowledge Graph,5,7,2,0,0.9558267627388993,0.000935099997150246
6,ibm_brisbane,GHZ,3,QADE + Knowledge Graph,5,7,2,0,0.9558267627388993,0.0009528000009595416
6,ibm_brisbane,GHZ,3,QADE + Knowledge Graph,5,7,2,0,0.9558267627388993,0.0009160000045085326
6,ibm_brisbane,GHZ,3,QADE + Knowledge Graph,5,7,2,0,0.9558267627388993,0.0008785999962128699
6,ibm_brisbane,GHZ,3,QADE + Knowledge Graph,5,7,2,0,0.9558267627388993,0.0008988999979919754
6,ibm_brisbane,GHZ,3,QADE + Knowledge Graph,5,7,2,0,0.9558267627388993,0.0008671000032336451
6,ibm_brisbane,GHZ,3,QADE + Knowledge Graph,5,7,2,0,0.9558267627388993,0.0009361000047647394
6,ibm_brisbane,GHZ,3,QADE + Knowledge Graph,5,7,2,0,0.9558267627388993,0.0009393000000272878
6,ibm_brisbane,GHZ,3,QADE + Knowledge Graph,5,7,2,0,0.9558267627388993,0.0009363999997731298
6,ibm_brisbane,GHZ,3,QADE + Knowledge Graph,5,7,2,0,0.9558267627388993,0.0008885999995982274
6,ibm_brisbane,GHZ,3,QADE + Evolution + PyZX,5,7,2,0,0.9558267627388993,0.027442999999038875
6,ibm_brisbane,GHZ,3,QADE + Evolution + PyZX,5,7,2,0,0.9558267627388993,0.029808800005412195
6,ibm_brisbane,GHZ,3,QADE + Evolution + PyZX,5,7,2,0,0.9558267627388993,0.029961800006276462
6,ibm_brisbane,GHZ,3,QADE + Evolution + PyZX,5,7,2,0,0.9558267627388993,0.029064599999401253
6,ibm_brisbane,GHZ,3,QADE + Evolution + PyZX,5,7,2,0,0.9558267627388993,0.02886890000081621
6,ibm_brisbane,GHZ,3,QADE + Evolution + PyZX,5,7,2,0,0.9558267627388993,0.029656699996849056
6,ibm_brisbane,GHZ,3,QADE + Evolution + PyZX,5,7,2,0,0.9558267627388993,0.02746629999455763
6,ibm_brisbane,GHZ,3,QADE + Evolution + PyZX,5,7,2,0,0.9558267627388993,0.030346100000315346
6,ibm_brisbane,GHZ,3,QADE + Evolution + PyZX,5,7,2,0,0.9558267627388993,0.04116939999948954
6,ibm_brisbane,GHZ,3,QADE + Evolution + PyZX,5,7,2,0,0.9558267627388993,0.025180299999192357
6,ibm_brisbane,GHZ,3,QADE + Evolution + PyZX,5,7,2,0,0.9558267627388993,0.03714699999545701
6,ibm_brisbane,GHZ,3,QADE + Evolution + PyZX,5,7,2,0,0.9558267627388993,0.030447999997704756
6,ibm_brisbane,GHZ,3,QADE + Evolution + PyZX,5,7,2,0,0.9558267627388993,0.03424050000467105
6,ibm_brisbane,GHZ,3,QADE + Evolution + PyZX,5,7,2,0,0.9558267627388993,0.0350828000009642
6,ibm_brisbane,GHZ,3,QADE + Evolution + PyZX,5,7,2,0,0.9558267627388993,0.03176259999600006
6,ibm_brisbane,GHZ,3,QADE + Evolution + PyZX,5,7,2,0,0.9558267627388993,0.029796800001349766
6,ibm_brisbane,GHZ,3,QADE + Evolution + PyZX,5,7,2,0,0.9558267627388993,0.0424566000001505
6,ibm_brisbane,GHZ,3,QADE + Evolution + PyZX,5,7,2,0,0.9558267627388993,0.02974299999914365
6,ibm_brisbane,GHZ,3,QADE + Evolution + PyZX,5,7,2,0,0.9558267627388993,0.022271400004683528
6,ibm_brisbane,GHZ,3,QADE + Evolution + PyZX,5,7,2,0,0.9558267627388993,0.027337299994542263
6,ibm_brisbane,GHZ,3,QADE + Evolution + PyZX,5,7,2,0,0.9558267627388993,0.028578699995705392
6,ibm_brisbane,GHZ,3,QADE + Evolution + PyZX,5,7,2,0,0.9558267627388993,0.03214070000103675
6,ibm_brisbane,GHZ,3,QADE + Evolution + PyZX,5,7,2,0,0.9558267627388993,0.031248300001607276
6,ibm_brisbane,GHZ,3,QADE + Evolution + PyZX,5,7,2,0,0.9558267627388993,0.02596819999598665
6,ibm_brisbane,GHZ,3,QADE + Evolution + PyZX,5,7,2,0,0.9558267627388993,0.026274099996953737
6,ibm_brisbane,GHZ,3,QADE + Evolution + PyZX,5,7,2,0,0.9558267627388993,0.024323400000866968
6,ibm_brisbane,GHZ,3,QADE + Evolution + PyZX,5,7,2,0,0.9558267627388993,0.03170300000056159
6,ibm_brisbane,GHZ,3,QADE + Evolution + PyZX,5,7,2,0,0.9558267627388993,0.03618409999762662
6,ibm_brisbane,GHZ,3,QADE + Evolution + PyZX,5,7,2,0,0.9558267627388993,0.028921199998876546
6,ibm_brisbane,GHZ,3,QADE + Evolution + PyZX,5,7,2,0,0.9558267627388993,0.03322130000015022
7,ibm_brisbane,QFT,3,Qiskit,24,38,6,0,0.9118842013472301,0.011433899999246933
7,ibm_brisbane,QFT,3,Qiskit,16,25,6,0,0.9238220939996674,0.008645900001283735
7,ibm_brisbane,QFT,3,Qiskit,22,33,6,0,0.9164573325968807,0.009803100001590792
7,ibm_brisbane,QFT,3,Qiskit,16,25,6,0,0.9238220939996674,0.007150199999159668
7,ibm_brisbane,QFT,3,Qiskit,22,33,6,0,0.9164573325968807,0.007037399998807814
7,ibm_brisbane,QFT,3,Qiskit,22,33,6,0,0.9164573325968807,0.007116200002201367
7,ibm_brisbane,QFT,3,Qiskit,25,39,6,0,0.910972317145883,0.006818599998950958
7,ibm_brisbane,QFT,3,Qiskit,25,39,6,0,0.910972317145883,0.007082300006004516
7,ibm_brisbane,QFT,3,Qiskit,16,25,6,0,0.9238220939996674,0.007352499997068662
7,ibm_brisbane,QFT,3,Qiskit,16,25,6,0,0.9238220939996674,0.007024300000921357
7,ibm_brisbane,QFT,3,Qiskit,22,33,6,0,0.9164573325968807,0.007082500000251457
7,ibm_brisbane,QFT,3,Qiskit,25,39,6,0,0.910972317145883,0.006943499996850733
7,ibm_brisbane,QFT,3,Qiskit,16,25,6,0,0.9238220939996674,0.007226200003060512
7,ibm_brisbane,QFT,3,Qiskit,22,33,6,0,0.9164573325968807,0.006848199998785276
7,ibm_brisbane,QFT,3,Qiskit,24,38,6,0,0.9118842013472301,0.006767500002752058
7,ibm_brisbane,QFT,3,Qiskit,24,38,6,0,0.9118842013472301,0.006855200001155026
7,ibm_brisbane,QFT,3,Qiskit,24,38,6,0,0.9118842013472301,0.006885999995574821
7,ibm_brisbane,QFT,3,Qiskit,25,39,6,0,0.910972317145883,0.0068175999986124225
7,ibm_brisbane,QFT,3,Qiskit,22,33,6,0,0.9164573325968807,0.006902300003275741
7,ibm_brisbane,QFT,3,Qiskit,24,38,6,0,0.9118842013472301,0.006731399997079279
7,ibm_brisbane,QFT,3,Qiskit,16,25,6,0,0.9238220939996674,0.00681060000351863
7,ibm_brisbane,QFT,3,Qiskit,24,38,6,0,0.9118842013472301,0.006756599999789614
7,ibm_brisbane,QFT,3,Qiskit,22,33,6,0,0.9164573325968807,0.006819300004281104
7,ibm_brisbane,QFT,3,Qiskit,16,25,6,0,0.9238220939996674,0.006623499997658655
7,ibm_brisbane,QFT,3,Qiskit,25,39,6,0,0.910972317145883,0.007175699996878393
7,ibm_brisbane,QFT,3,Qiskit,16,25,6,0,0.9238220939996674,0.006953599993721582
7,ibm_brisbane,QFT,3,Qiskit,25,39,6,0,0.910972317145883,0.00672869999834802
7,ibm_brisbane,QFT,3,Qiskit,16,25,6,0,0.9238220939996674,0.00682760000199778
7,ibm_brisbane,QFT,3,Qiskit,22,33,6,0,0.9164573325968807,0.006841599999461323
7,ibm_brisbane,QFT,3,Qiskit,22,33,6,0,0.9164573325968807,0.006771799999114592
7,ibm_brisbane,QFT,3,PyZX,7,8,5,2,0.924578418031602,0.0019089999987045303
7,ibm_brisbane,QFT,3,PyZX,7,8,5,2,0.924578418031602,0.0012698999998974614
7,ibm_brisbane,QFT,3,PyZX,7,8,5,2,0.924578418031602,0.0011363000012352131
7,ibm_brisbane,QFT,3,PyZX,7,8,5,2,0.924578418031602,0.0011183999959030189
7,ibm_brisbane,QFT,3,PyZX,7,8,5,2,0.924578418031602,0.0012253999957465567
7,ibm_brisbane,QFT,3,PyZX,7,8,5,2,0.924578418031602,0.0013987999991513789
7,ibm_brisbane,QFT,3,PyZX,7,8,5,2,0.924578418031602,0.0012416999961715192
7,ibm_brisbane,QFT,3,PyZX,7,8,5,2,0.924578418031602,0.0011444000047049485
7,ibm_brisbane,QFT,3,PyZX,7,8,5,2,0.924578418031602,0.0011334000009810552
7,ibm_brisbane,QFT,3,PyZX,7,8,5,2,0.924578418031602,0.0011071999979321845
7,ibm_brisbane,QFT,3,PyZX,7,8,5,2,0.924578418031602,0.0012888000055681914
7,ibm_brisbane,QFT,3,PyZX,7,8,5,2,0.924578418031602,0.001334200002020225
7,ibm_brisbane,QFT,3,PyZX,7,8,5,2,0.924578418031602,0.0012085000053048134
7,ibm_brisbane,QFT,3,PyZX,7,8,5,2,0.924578418031602,0.0011264999993727542
7,ibm_brisbane,QFT,3,PyZX,7,8,5,2,0.924578418031602,0.0011308000030112453
7,ibm_brisbane,QFT,3,PyZX,7,8,5,2,0.924578418031602,0.0011406000048737042
7,ibm_brisbane,QFT,3,PyZX,7,8,5,2,0.924578418031602,0.001375600004394073
7,ibm_brisbane,QFT,3,PyZX,7,8,5,2,0.924578418031602,0.0012635000020964071
7,ibm_brisbane,QFT,3,PyZX,7,8,5,2,0.924578418031602,0.0011414000036893412
7,ibm_brisbane,QFT,3,PyZX,7,8,5,2,0.924578418031602,0.0011291000046185218
7,ibm_brisbane,QFT,3,PyZX,7,8,5,2,0.924578418031602,0.0011079999967478216
7,ibm_brisbane,QFT,3,PyZX,7,8,5,2,0.924578418031602,0.001204299995151814
7,ibm_brisbane,QFT,3,PyZX,7,8,5,2,0.924578418031602,0.0014097000021138228
7,ibm_brisbane,QFT,3,PyZX,7,8,5,2,0.924578418031602,0.0012462000013329089
7,ibm_brisbane,QFT,3,PyZX,7,8,5,2,0.924578418031602,0.001145000001997687
7,ibm_brisbane,QFT,3,PyZX,7,8,5,2,0.924578418031602,0.0011222999964957125
7,ibm_brisbane,QFT,3,PyZX,7,8,5,2,0.924578418031602,0.0011020999954780564
7,ibm_brisbane,QFT,3,PyZX,7,8,5,2,0.924578418031602,0.0013886000015190803
7,ibm_brisbane,QFT,3,PyZX,7,8,5,2,0.924578418031602,0.0012856999965151772
7,ibm_brisbane,QFT,3,PyZX,7,8,5,2,0.924578418031602,0.0011668000006466173
7,ibm_brisbane,QFT,3,TKET,12,16,4,1,0.9302440807554924,0.07692010000027949
7,ibm_brisbane,QFT,3,TKET,12,16,4,1,0.9302440807554924,0.07486819999758154
7,ibm_brisbane,QFT,3,TKET,12,16,4,1,0.9302440807554924,0.07447659999888856
7,ibm_brisbane,QFT,3,TKET,12,16,4,1,0.9302440807554924,0.07404260000475915
7,ibm_brisbane,QFT,3,TKET,12,16,4,1,0.9302440807554924,0.07198719999723835
7,ibm_brisbane,QFT,3,TKET,12,16,4,1,0.9302440807554924,0.07620239999960177
7,ibm_brisbane,QFT,3,TKET,12,16,4,1,0.9302440807554924,0.07340789999580011
7,ibm_brisbane,QFT,3,TKET,12,16,4,1,0.9302440807554924,0.07425110000622226
7,ibm_brisbane,QFT,3,TKET,12,16,4,1,0.9302440807554924,0.07530349999433383
7,ibm_brisbane,QFT,3,TKET,12,16,4,1,0.9302440807554924,0.07287260000157403
7,ibm_brisbane,QFT,3,TKET,12,16,4,1,0.9302440807554924,0.07306679999601329
7,ibm_brisbane,QFT,3,TKET,12,16,4,1,0.9302440807554924,0.07350240000232588
7,ibm_brisbane,QFT,3,TKET,12,16,4,1,0.9302440807554924,0.07229740000184393
7,ibm_brisbane,QFT,3,TKET,12,16,4,1,0.9302440807554924,0.07309979999990901
7,ibm_brisbane,QFT,3,TKET,12,16,4,1,0.9302440807554924,0.07319519999873592
7,ibm_brisbane,QFT,3,TKET,12,16,4,1,0.9302440807554924,0.07427289999759523
7,ibm_brisbane,QFT,3,TKET,12,16,4,1,0.9302440807554924,0.07538550000026589
7,ibm_brisbane,QFT,3,TKET,12,16,4,1,0.9302440807554924,0.08137379999971017
7,ibm_brisbane,QFT,3,TKET,12,16,4,1,0.9302440807554924,0.08942320000642212
7,ibm_brisbane,QFT,3,TKET,12,16,4,1,0.9302440807554924,0.08827110000129323
7,ibm_brisbane,QFT,3,TKET,12,16,4,1,0.9302440807554924,0.08030950000102166
7,ibm_brisbane,QFT,3,TKET,12,16,4,1,0.9302440807554924,0.07767509999393951
7,ibm_brisbane,QFT,3,TKET,12,16,4,1,0.9302440807554924,0.07805329999973765
7,ibm_brisbane,QFT,3,TKET,12,16,4,1,0.9302440807554924,0.0805328999995254
7,ibm_brisbane,QFT,3,TKET,12,16,4,1,0.9302440807554924,0.08291910000116332
7,ibm_brisbane,QFT,3,TKET,12,16,4,1,0.9302440807554924,0.0768508999972255
7,ibm_brisbane,QFT,3,TKET,12,16,4,1,0.9302440807554924,0.07663039999897592
7,ibm_brisbane,QFT,3,TKET,12,16,4,1,0.9302440807554924,0.08269830000062939
7,ibm_brisbane,QFT,3,TKET,12,16,4,1,0.9302440807554924,0.09947520000423538
7,ibm_brisbane,QFT,3,TKET,12,16,4,1,0.9302440807554924,0.07947589999821503
7,ibm_brisbane,QFT,3,BQSKit,5,6,3,0,0.9529525811348935,0.058991399993828963
7,ibm_brisbane,QFT,3,BQSKit,5,6,3,0,0.9529525811348935,0.0578830000013113
7,ibm_brisbane,QFT,3,BQSKit,5,6,3,0,0.9529525811348935,0.05873099999735132
7,ibm_brisbane,QFT,3,BQSKit,5,6,3,0,0.9529525811348935,0.058088199999474455
7,ibm_brisbane,QFT,3,BQSKit,5,6,3,0,0.9529525811348935,0.058000600001832936
7,ibm_brisbane,QFT,3,BQSKit,5,6,3,0,0.9529525811348935,0.058644200005801395
7,ibm_brisbane,QFT,3,BQSKit,5,6,3,0,0.9529525811348935,0.0581501999986358
7,ibm_brisbane,QFT,3,BQSKit,5,6,3,0,0.9529525811348935,0.05789619999995921
7,ibm_brisbane,QFT,3,BQSKit,5,6,3,0,0.9529525811348935,0.0584859000009601
7,ibm_brisbane,QFT,3,BQSKit,5,6,3,0,0.9529525811348935,0.059203400000114925
7,ibm_brisbane,QFT,3,BQSKit,5,6,3,0,0.9529525811348935,0.058155400001851376
7,ibm_brisbane,QFT,3,BQSKit,5,6,3,0,0.9529525811348935,0.058274499999242835
7,ibm_brisbane,QFT,3,BQSKit,5,6,3,0,0.9529525811348935,0.05801590000191936
7,ibm_brisbane,QFT,3,BQSKit,5,6,3,0,0.9529525811348935,0.05819830000109505
7,ibm_brisbane,QFT,3,BQSKit,5,6,3,0,0.9529525811348935,0.058593999994627666
7,ibm_brisbane,QFT,3,BQSKit,5,6,3,0,0.9529525811348935,0.05791859999590088
7,ibm_brisbane,QFT,3,BQSKit,5,6,3,0,0.9529525811348935,0.05807459999778075
7,ibm_brisbane,QFT,3,BQSKit,5,6,3,0,0.9529525811348935,0.05824659999780124
7,ibm_brisbane,QFT,3,BQSKit,5,6,3,0,0.9529525811348935,0.05803110000124434
7,ibm_brisbane,QFT,3,BQSKit,5,6,3,0,0.9529525811348935,0.058185399997455534
7,ibm_brisbane,QFT,3,BQSKit,5,6,3,0,0.9529525811348935,0.0584686000001966
7,ibm_brisbane,QFT,3,BQSKit,5,6,3,0,0.9529525811348935,0.05834579999645939
7,ibm_brisbane,QFT,3,BQSKit,5,6,3,0,0.9529525811348935,0.05833549999806564
7,ibm_brisbane,QFT,3,BQSKit,5,6,3,0,0.9529525811348935,0.05789519999962067
7,ibm_brisbane,QFT,3,BQSKit,5,6,3,0,0.9529525811348935,0.05872529999760445
7,ibm_brisbane,QFT,3,BQSKit,5,6,3,0,0.9529525811348935,0.058673300001828466
7,ibm_brisbane,QFT,3,BQSKit,5,6,3,0,0.9529525811348935,0.05835710000246763
7,ibm_brisbane,QFT,3,BQSKit,5,6,3,0,0.9529525811348935,0.05915640000603162
7,ibm_brisbane,QFT,3,BQSKit,5,6,3,0,0.9529525811348935,0.05939899999793852
7,ibm_brisbane,QFT,3,BQSKit,5,6,3,0,0.9529525811348935,0.059670399998140056
7,ibm_brisbane,QFT,3,Cirq-native,5,6,0,0,0.9644917410935687,0.0014534999936586246
7,ibm_brisbane,QFT,3,Cirq-native,5,6,0,0,0.9644917410935687,0.0008859000008669682
7,ibm_brisbane,QFT,3,Cirq-native,5,6,0,0,0.9644917410935687,0.0006667999987257645
7,ibm_brisbane,QFT,3,Cirq-native,5,6,0,0,0.9644917410935687,0.0006219000060809776
7,ibm_brisbane,QFT,3,Cirq-native,5,6,0,0,0.9644917410935687,0.0006337000013445504
7,ibm_brisbane,QFT,3,Cirq-native,5,6,0,0,0.9644917410935687,0.0006101000035414472
7,ibm_brisbane,QFT,3,Cirq-native,5,6,0,0,0.9644917410935687,0.0005904999998165295
7,ibm_brisbane,QFT,3,Cirq-native,5,6,0,0,0.9644917410935687,0.000592500000493601
7,ibm_brisbane,QFT,3,Cirq-native,5,6,0,0,0.9644917410935687,0.0006021000008331612
7,ibm_brisbane,QFT,3,Cirq-native,5,6,0,0,0.9644917410935687,0.0006366000015987083
7,ibm_brisbane,QFT,3,Cirq-native,5,6,0,0,0.9644917410935687,0.0007590000022901222
7,ibm_brisbane,QFT,3,Cirq-native,5,6,0,0,0.9644917410935687,0.0006880999935674481
7,ibm_brisbane,QFT,3,Cirq-native,5,6,0,0,0.9644917410935687,0.000654499999654945
7,ibm_brisbane,QFT,3,Cirq-native,5,6,0,0,0.9644917410935687,0.0006209999992279336
7,ibm_brisbane,QFT,3,Cirq-native,5,6,0,0,0.9644917410935687,0.0006377999961841851
7,ibm_brisbane,QFT,3,Cirq-native,5,6,0,0,0.9644917410935687,0.0005967000033706427
7,ibm_brisbane,QFT,3,Cirq-native,5,6,0,0,0.9644917410935687,0.0006005999966873787
7,ibm_brisbane,QFT,3,Cirq-native,5,6,0,0,0.9644917410935687,0.0006111999973654747
7,ibm_brisbane,QFT,3,Cirq-native,5,6,0,0,0.9644917410935687,0.0006034999969415367
7,ibm_brisbane,QFT,3,Cirq-native,5,6,0,0,0.9644917410935687,0.0005913999993936159
7,ibm_brisbane,QFT,3,Cirq-native,5,6,0,0,0.9644917410935687,0.0006670000002486631
7,ibm_brisbane,QFT,3,Cirq-native,5,6,0,0,0.9644917410935687,0.000690799999574665
7,ibm_brisbane,QFT,3,Cirq-native,5,6,0,0,0.9644917410935687,0.0006521999966935255
7,ibm_brisbane,QFT,3,Cirq-native,5,6,0,0,0.9644917410935687,0.0006330999967758544
7,ibm_brisbane,QFT,3,Cirq-native,5,6,0,0,0.9644917410935687,0.0006006999974488281
7,ibm_brisbane,QFT,3,Cirq-native,5,6,0,0,0.9644917410935687,0.0005779000057373196
7,ibm_brisbane,QFT,3,Cirq-native,5,6,0,0,0.9644917410935687,0.0006006999974488281
7,ibm_brisbane,QFT,3,Cirq-native,5,6,0,0,0.9644917410935687,0.0006030000004102476
7,ibm_brisbane,QFT,3,Cirq-native,5,6,0,0,0.9644917410935687,0.000582200002099853
7,ibm_brisbane,QFT,3,Cirq-native,5,6,0,0,0.9644917410935687,0.0005853999973624013
7,ibm_brisbane,QFT,3,QADE,3,3,3,1,0.9462109634628751,0.008901199995307252
7,ibm_brisbane,QFT,3,QADE,8,11,3,1,0.9386677167405169,0.013527900002372917
7,ibm_brisbane,QFT,3,QADE,2,3,1,0,0.963517575437505,0.006894100006320514
7,ibm_brisbane,QFT,3,QADE,3,3,2,0,0.9596596472075251,0.006726400002662558
7,ibm_brisbane,QFT,3,QADE,5,9,2,1,0.9443289689091271,0.007787100003042724
7,ibm_brisbane,QFT,3,QADE,8,11,6,1,0.9274375148942756,0.012281800001801457
7,ibm_brisbane,QFT,3,QADE,2,2,1,1,0.954788770485,0.006886300005135126
7,ibm_brisbane,QFT,3,QADE,8,9,4,0,0.9462923907805787,0.009399399998073932
7,ibm_brisbane,QFT,3,QADE,9,11,4,2,0.9255132142036128,0.0117854999989504
7,ibm_brisbane,QFT,3,QADE,1,1,1,0,0.965447505,0.005110300000524148
7,ibm_brisbane,QFT,3,QADE,3,4,1,0,0.9625540578620675,0.008491599997796584
7,ibm_brisbane,QFT,3,QADE,3,3,2,0,0.9596596472075251,0.0068146999983582646
7,ibm_brisbane,QFT,3,QADE,3,3,2,0,0.9596596472075251,0.005662799994752277
7,ibm_brisbane,QFT,3,QADE,5,6,2,1,0.9471676312471424,0.007982300005096477
7,ibm_brisbane,QFT,3,QADE,3,3,2,0,0.9596596472075251,0.006478499999502674
7,ibm_brisbane,QFT,3,QADE,2,3,1,1,0.953833981714515,0.007993499995791353
7,ibm_brisbane,QFT,3,QADE,6,8,5,1,0.9339650009557805,0.00947200000518933
7,ibm_brisbane,QFT,3,QADE,3,3,2,0,0.9596596472075251,0.006383499996445607
7,ibm_brisbane,QFT,3,QADE,6,7,5,2,0.9255039219535555,0.0099975999983144
7,ibm_brisbane,QFT,3,QADE,3,3,2,0,0.9596596472075251,0.008366199996089563
7,ibm_brisbane,QFT,3,QADE,8,10,8,2,0.9116906602304085,0.01866359999985434
7,ibm_brisbane,QFT,3,QADE,6,9,3,0,0.9500965812962796,0.012613799997780006
7,ibm_brisbane,QFT,3,QADE,7,10,5,3,0.9134565155651733,0.011887100001331419
7,ibm_brisbane,QFT,3,QADE,8,12,5,1,0.9302347410070372,0.010621100002026651
7,ibm_brisbane,QFT,3,QADE,2,4,1,1,0.9528801477328005,0.007531600000220351
7,ibm_brisbane,QFT,3,QADE,8,11,7,2,0.914440392563425,0.01448260000324808
7,ibm_brisbane,QFT,3,QADE,5,5,3,0,0.953906487622516,0.007779699997627176
7,ibm_brisbane,QFT,3,QADE,3,3,2,0,0.9596596472075251,0.00596419999783393
7,ibm_brisbane,QFT,3,QADE,2,4,2,0,0.9586999875603176,0.006732800000463612
7,ibm_brisbane,QFT,3,QADE,3,3,2,0,0.9596596472075251,0.007689999998547137
7,ibm_brisbane,QFT,3,QADE + PyZX,11,13,7,2,0.9126124262186907,0.013707400001294445
7,ibm_brisbane,QFT,3,QADE + PyZX,4,7,2,0,0.9558267627388993,0.0071995000034803525
7,ibm_brisbane,QFT,3,QADE + PyZX,5,7,2,0,0.9558267627388993,0.007113399995432701
7,ibm_brisbane,QFT,3,QADE + PyZX,8,10,3,0,0.9491464847149833,0.0082576999993762
7,ibm_brisbane,QFT,3,QADE + PyZX,4,7,2,0,0.9558267627388993,0.006924799999978859
7,ibm_brisbane,QFT,3,QADE + PyZX,9,14,3,0,0.9453555898593948,0.010968000002321787
7,ibm_brisbane,QFT,3,QADE + PyZX,5,7,2,0,0.9558267627388993,0.006907199996931013
7,ibm_brisbane,QFT,3,QADE + PyZX,4,7,2,0,0.9558267627388993,0.0075890000007348135
7,ibm_brisbane,QFT,3,QADE + PyZX,23,30,19,10,0.7886712073252377,0.009353100002044812
7,ibm_brisbane,QFT,3,QADE + PyZX,1,1,1,0,0.965447505,0.006874100006825756
7,ibm_brisbane,QFT,3,QADE + PyZX,13,15,10,2,0.8998914631439674,0.013216699997428805
7,ibm_brisbane,QFT,3,QADE + PyZX,5,7,2,0,0.9558267627388993,0.006806700002925936
7,ibm_brisbane,QFT,3,QADE + PyZX,4,10,0,0,0.9606395572226385,0.010013599996455014
7,ibm_brisbane,QFT,3,QADE + PyZX,4,8,3,0,0.9510476289252048,0.00743019999936223
7,ibm_brisbane,QFT,3,QADE + PyZX,18,23,13,6,0.8471092309186415,0.01576040000509238
7,ibm_brisbane,QFT,3,QADE + PyZX,15,23,10,4,0.8748635793634557,0.014334200001030695
7,ibm_brisbane,QFT,3,QADE + PyZX,5,7,2,0,0.9558267627388993,0.011035499999707099
7,ibm_brisbane,QFT,3,QADE + PyZX,5,7,2,0,0.9558267627388993,0.007401400005619507
7,ibm_brisbane,QFT,3,QADE + PyZX,4,4,3,0,0.9548613489714874,0.0075193000011495315
7,ibm_brisbane,QFT,3,QADE + PyZX,8,15,2,0,0.9482068583269005,0.011929899999813642
7,ibm_brisbane,QFT,3,QADE + PyZX,21,26,15,8,0.8210646670144709,0.012306299999181647
7,ibm_brisbane,QFT,3,QADE + PyZX,5,7,2,0,0.9558267627388993,0.008251800005382393
7,ibm_brisbane,QFT,3,QADE + PyZX,19,21,15,8,0.8251823351143899,0.011662000004434958
7,ibm_brisbane,QFT,3,QADE + PyZX,3,4,1,0,0.9625540578620675,0.010139300000446383
7,ibm_brisbane,QFT,3,QADE + PyZX,4,4,3,0,0.9548613489714874,0.008092199997918215
7,ibm_brisbane,QFT,3,QADE + PyZX,21,27,16,6,0.8336315537387684,0.0177079000059166
7,ibm_brisbane,QFT,3,QADE + PyZX,9,13,5,2,0.919964762484462,0.012752599999657832
7,ibm_brisbane,QFT,3,QADE + PyZX,10,12,9,2,0.906225074722327,0.007886500003223773
7,ibm_brisbane,QFT,3,QADE + PyZX,17,20,10,2,0.895400995748463,0.013450700003886595
7,ibm_brisbane,QFT,3,QADE + PyZX,4,7,2,0,0.9558267627388993,0.006984599996940233
7,ibm_brisbane,QFT,3,QADE + Knowledge Graph,7,8,5,2,0.924578418031602,0.0016393000041716732
7,ibm_brisbane,QFT,3,QADE + Knowledge Graph,7,8,5,2,0.924578418031602,0.001368200006254483
7,ibm_brisbane,QFT,3,QADE + Knowledge Graph,7,8,5,2,0.924578418031602,0.0012541000032797456
7,ibm_brisbane,QFT,3,QADE + Knowledge Graph,7,8,5,2,0.924578418031602,0.0011547999965841882
7,ibm_brisbane,QFT,3,QADE + Knowledge Graph,7,8,5,2,0.924578418031602,0.0011221000022487715
7,ibm_brisbane,QFT,3,QADE + Knowledge Graph,7,8,5,2,0.924578418031602,0.001124299997172784
7,ibm_brisbane,QFT,3,QADE + Knowledge Graph,7,8,5,2,0.924578418031602,0.001113500002247747
7,ibm_brisbane,QFT,3,QADE + Knowledge Graph,7,8,5,2,0.924578418031602,0.0012616999956662767
7,ibm_brisbane,QFT,3,QADE + Knowledge Graph,7,8,5,2,0.924578418031602,0.0013109999999869615
7,ibm_brisbane,QFT,3,QADE + Knowledge Graph,7,8,5,2,0.924578418031602,0.001177499994810205
7,ibm_brisbane,QFT,3,QADE + Knowledge Graph,7,8,5,2,0.924578418031602,0.0011203999965800904
7,ibm_brisbane,QFT,3,QADE + Knowledge Graph,7,8,5,2,0.924578418031602,0.0011502000052132644
7,ibm_brisbane,QFT,3,QADE + Knowledge Graph,7,8,5,2,0.924578418031602,0.0011367999977665022
7,ibm_brisbane,QFT,3,QADE + Knowledge Graph,7,8,5,2,0.924578418031602,0.0012750999958370812
7,ibm_brisbane,QFT,3,QADE + Knowledge Graph,7,8,5,2,0.924578418031602,0.0011617000054684468
7,ibm_brisbane,QFT,3,QADE + Knowledge Graph,7,8,5,2,0.924578418031602,0.0011460000023362227
7,ibm_brisbane,QFT,3,QADE + Knowledge Graph,7,8,5,2,0.924578418031602,0.0011368999985279515
7,ibm_brisbane,QFT,3,QADE + Knowledge Graph,7,8,5,2,0.924578418031602,0.0011094999936176464
7,ibm_brisbane,QFT,3,QADE + Knowledge Graph,7,8,5,2,0.924578418031602,0.0011741999987862073
7,ibm_brisbane,QFT,3,QADE + Knowledge Graph,7,8,5,2,0.924578418031602,0.0012843999938922934
7,ibm_brisbane,QFT,3,QADE + Knowledge Graph,7,8,5,2,0.924578418031602,0.0011532999997143634
7,ibm_brisbane,QFT,3,QADE + Knowledge Graph,7,8,5,2,0.924578418031602,0.0011759999979403801
7,ibm_brisbane,QFT,3,QADE + Knowledge Graph,7,8,5,2,0.924578418031602,0.0011182999951415695
7,ibm_brisbane,QFT,3,QADE + Knowledge Graph,7,8,5,2,0.924578418031602,0.0011213000034331344
7,ibm_brisbane,QFT,3,QADE + Knowledge Graph,7,8,5,2,0.924578418031602,0.001213799994729925
7,ibm_brisbane,QFT,3,QADE + Knowledge Graph,7,8,5,2,0.924578418031602,0.0011921999976038933
7,ibm_brisbane,QFT,3,QADE + Knowledge Graph,7,8,5,2,0.924578418031602,0.0011501999979373068
7,ibm_brisbane,QFT,3,QADE + Knowledge Graph,7,8,5,2,0.924578418031602,0.0011272999981883913
7,ibm_brisbane,QFT,3,QADE + Knowledge Graph,7,8,5,2,0.924578418031602,0.0010927000039373524
7,ibm_brisbane,QFT,3,QADE + Knowledge Graph,7,8,5,2,0.924578418031602,0.0011217999999644235
7,ibm_brisbane,QFT,3,QADE + Evolution + PyZX,4,6,3,0,0.9529525811348935,0.03270440000051167
7,ibm_brisbane,QFT,3,QADE + Evolution + PyZX,4,6,3,2,0.9338940107892245,0.0338874000008218
7,ibm_brisbane,QFT,3,QADE + Evolution + PyZX,6,7,4,2,0.9292245407352783,0.0363361999989138
7,ibm_brisbane,QFT,3,QADE + Evolution + PyZX,3,4,1,0,0.9625540578620675,0.03532509999786271
7,ibm_brisbane,QFT,3,QADE + Evolution + PyZX,5,7,4,2,0.9292245407352783,0.030507900002703536
7,ibm_brisbane,QFT,3,QADE + Evolution + PyZX,8,10,7,2,0.9153557483117367,0.03876490000402555
7,ibm_brisbane,QFT,3,QADE + Evolution + PyZX,5,7,4,2,0.9292245407352783,0.04201599999942118
7,ibm_brisbane,QFT,3,QADE + Evolution + PyZX,9,11,6,2,0.9181165348450869,0.03674299999693176
7,ibm_brisbane,QFT,3,QADE + Evolution + PyZX,5,7,4,2,0.9292245407352783,0.040762099997664336
7,ibm_brisbane,QFT,3,QADE + Evolution + PyZX,5,7,4,2,0.9292245407352783,0.041602099998272024
7,ibm_brisbane,QFT,3,QADE + Evolution + PyZX,8,10,7,2,0.9153557483117367,0.03798870000173338
7,ibm_brisbane,QFT,3,QADE + Evolution + PyZX,8,10,7,2,0.9153557483117367,0.039172500000859145
7,ibm_brisbane,QFT,3,QADE + Evolution + PyZX,8,10,7,2,0.9153557483117367,0.034055200005241204
7,ibm_brisbane,QFT,3,QADE + Evolution + PyZX,4,6,3,0,0.9529525811348935,0.07731600000261096
7,ibm_brisbane,QFT,3,QADE + Evolution + PyZX,3,4,1,0,0.9625540578620675,0.04529809999803547
7,ibm_brisbane,QFT,3,QADE + Evolution + PyZX,5,7,4,2,0.9292245407352783,0.05170959999668412
7,ibm_brisbane,QFT,3,QADE + Evolution + PyZX,4,6,3,0,0.9529525811348935,0.03454090000013821
7,ibm_brisbane,QFT,3,QADE + Evolution + PyZX,8,10,7,2,0.9153557483117367,0.03536739999981364
7,ibm_brisbane,QFT,3,QADE + Evolution + PyZX,5,7,4,2,0.9292245407352783,0.053324000000429805
7,ibm_brisbane,QFT,3,QADE + Evolution + PyZX,3,4,1,0,0.9625540578620675,0.04028439999819966
7,ibm_brisbane,QFT,3,QADE + Evolution + PyZX,3,4,1,0,0.9625540578620675,0.04179379999550292
7,ibm_brisbane,QFT,3,QADE + Evolution + PyZX,4,6,3,2,0.9338940107892245,0.039562499994644895
7,ibm_brisbane,QFT,3,QADE + Evolution + PyZX,8,10,5,2,0.9227301857739568,0.04001549999520648
7,ibm_brisbane,QFT,3,QADE + Evolution + PyZX,8,10,7,2,0.9153557483117367,0.028572000002895948
7,ibm_brisbane,QFT,3,QADE + Evolution + PyZX,4,6,3,2,0.9338940107892245,0.052247699997678865
7,ibm_brisbane,QFT,3,QADE + Evolution + PyZX,3,4,1,0,0.9625540578620675,0.04380940000555711
7,ibm_brisbane,QFT,3,QADE + Evolution + PyZX,11,13,8,2,0.9089583224100072,0.04319460000260733
7,ibm_brisbane,QFT,3,QADE + Evolution + PyZX,6,7,4,2,0.9292245407352783,0.04626260000077309
7,ibm_brisbane,QFT,3,QADE + Evolution + PyZX,4,6,3,0,0.9529525811348935,0.04308380000293255
7,ibm_brisbane,QFT,3,QADE + Evolution + PyZX,5,7,4,2,0.9292245407352783,0.04645410000375705
8,ibm_brisbane,VQE,3,Qiskit,6,14,2,0,0.9491560143412416,0.006256699998630211
8,ibm_brisbane,VQE,3,Qiskit,6,14,2,0,0.9491560143412416,0.005397000000812113
8,ibm_brisbane,VQE,3,Qiskit,6,14,2,0,0.9491560143412416,0.005562799997278489
8,ibm_brisbane,VQE,3,Qiskit,10,22,2,0,0.9415892895085642,0.0058609999978216365
8,ibm_brisbane,VQE,3,Qiskit,6,14,2,0,0.9491560143412416,0.005480300002091099
8,ibm_brisbane,VQE,3,Qiskit,6,14,2,0,0.9491560143412416,0.006134200004453305
8,ibm_brisbane,VQE,3,Qiskit,6,14,2,0,0.9491560143412416,0.005622900003800169
8,ibm_brisbane,VQE,3,Qiskit,6,14,2,0,0.9491560143412416,0.0052461999948718585
8,ibm_brisbane,VQE,3,Qiskit,6,14,2,0,0.9491560143412416,0.0056203999993158504
8,ibm_brisbane,VQE,3,Qiskit,6,14,2,0,0.9491560143412416,0.005480300002091099
8,ibm_brisbane,VQE,3,Qiskit,6,14,2,0,0.9491560143412416,0.005659900001774076
8,ibm_brisbane,VQE,3,Qiskit,6,14,2,0,0.9491560143412416,0.00561310000193771
8,ibm_brisbane,VQE,3,Qiskit,6,14,2,0,0.9491560143412416,0.005418699998699594
8,ibm_brisbane,VQE,3,Qiskit,10,22,2,0,0.9415892895085642,0.006023800000548363
8,ibm_brisbane,VQE,3,Qiskit,6,14,2,0,0.9491560143412416,0.005705399998987559
8,ibm_brisbane,VQE,3,Qiskit,10,22,2,0,0.9415892895085642,0.005964899995888118
8,ibm_brisbane,VQE,3,Qiskit,6,14,2,0,0.9491560143412416,0.005694499996025115
8,ibm_brisbane,VQE,3,Qiskit,6,14,2,0,0.9491560143412416,0.00530119999893941
8,ibm_brisbane,VQE,3,Qiskit,6,14,2,0,0.9491560143412416,0.005108099998324178
8,ibm_brisbane,VQE,3,Qiskit,6,14,2,0,0.9491560143412416,0.005536800003028475
8,ibm_brisbane,VQE,3,Qiskit,10,22,2,0,0.9415892895085642,0.005844700004672632
8,ibm_brisbane,VQE,3,Qiskit,10,22,2,0,0.9415892895085642,0.005796900004497729
8,ibm_brisbane,VQE,3,Qiskit,10,22,2,0,0.9415892895085642,0.005833400005940348
8,ibm_brisbane,VQE,3,Qiskit,6,14,2,0,0.9491560143412416,0.005429199998616241
8,ibm_brisbane,VQE,3,Qiskit,6,14,2,0,0.9491560143412416,0.005415200001152698
8,ibm_brisbane,VQE,3,Qiskit,6,14,2,0,0.9491560143412416,0.005428500000562053
8,ibm_brisbane,VQE,3,Qiskit,6,14,2,0,0.9491560143412416,0.005519799997273367
8,ibm_brisbane,VQE,3,Qiskit,6,14,2,0,0.9491560143412416,0.005558199998631608
8,ibm_brisbane,VQE,3,Qiskit,6,14,2,0,0.9491560143412416,0.0052886000048602
8,ibm_brisbane,VQE,3,Qiskit,10,22,2,0,0.9415892895085642,0.0056798000005073845
8,ibm_brisbane,VQE,3,PyZX,14,23,6,2,0.9071595305863495,0.0021091000016895123
8,ibm_brisbane,VQE,3,PyZX,14,23,6,2,0.9071595305863495,0.0017803000009735115
8,ibm_brisbane,VQE,3,PyZX,14,23,6,2,0.9071595305863495,0.0017447999998694286
8,ibm_brisbane,VQE,3,PyZX,14,23,6,2,0.9071595305863495,0.0016404000052716583
8,ibm_brisbane,VQE,3,PyZX,14,23,6,2,0.9071595305863495,0.001597599999513477
8,ibm_brisbane,VQE,3,PyZX,14,23,6,2,0.9071595305863495,0.0016271999993477948
8,ibm_brisbane,VQE,3,PyZX,14,23,6,2,0.9071595305863495,0.0016928000040934421
8,ibm_brisbane,VQE,3,PyZX,14,23,6,2,0.9071595305863495,0.0015984999990905635
8,ibm_brisbane,VQE,3,PyZX,14,23,6,2,0.9071595305863495,0.0016028999962145463
8,ibm_brisbane,VQE,3,PyZX,14,23,6,2,0.9071595305863495,0.0016299999988405034
8,ibm_brisbane,VQE,3,PyZX,14,23,6,2,0.9071595305863495,0.0017425999976694584
8,ibm_brisbane,VQE,3,PyZX,14,23,6,2,0.9071595305863495,0.0016315999964717776
8,ibm_brisbane,VQE,3,PyZX,14,23,6,2,0.9071595305863495,0.001600499999767635
8,ibm_brisbane,VQE,3,PyZX,14,23,6,2,0.9071595305863495,0.0015767000004416332
8,ibm_brisbane,VQE,3,PyZX,14,23,6,2,0.9071595305863495,0.0017858999999589287
8,ibm_brisbane,VQE,3,PyZX,14,23,6,2,0.9071595305863495,0.0016528999985894188
8,ibm_brisbane,VQE,3,PyZX,14,23,6,2,0.9071595305863495,0.0016050999984145164
8,ibm_brisbane,VQE,3,PyZX,14,23,6,2,0.9071595305863495,0.0016127999988384545
8,ibm_brisbane,VQE,3,PyZX,14,23,6,2,0.9071595305863495,0.0017549999975017272
8,ibm_brisbane,VQE,3,PyZX,14,23,6,2,0.9071595305863495,0.0016524000020581298
8,ibm_brisbane,VQE,3,PyZX,14,23,6,2,0.9071595305863495,0.00160419999883743
8,ibm_brisbane,VQE,3,PyZX,14,23,6,2,0.9071595305863495,0.0015798000022186898
8,ibm_brisbane,VQE,3,PyZX,14,23,6,2,0.9071595305863495,0.001698199994280003
8,ibm_brisbane,VQE,3,PyZX,14,23,6,2,0.9071595305863495,0.0017059000019798987
8,ibm_brisbane,VQE,3,PyZX,14,23,6,2,0.9071595305863495,0.0016042999995988794
8,ibm_brisbane,VQE,3,PyZX,14,23,6,2,0.9071595305863495,0.0015781000038259663
8,ibm_brisbane,VQE,3,PyZX,14,23,6,2,0.9071595305863495,0.0016771999944467098
8,ibm_brisbane,VQE,3,PyZX,14,23,6,2,0.9071595305863495,0.0017305000001215376
8,ibm_brisbane,VQE,3,PyZX,14,23,6,2,0.9071595305863495,0.0016300999996019527
8,ibm_brisbane,VQE,3,PyZX,14,23,6,2,0.9071595305863495,0.0016117999984999187
8,ibm_brisbane,VQE,3,TKET,5,11,2,0,0.9520091868261689,0.07029970000439789
8,ibm_brisbane,VQE,3,TKET,5,11,2,0,0.9520091868261689,0.06634180000401102
8,ibm_brisbane,VQE,3,TKET,5,11,2,0,0.9520091868261689,0.06564849999995204
8,ibm_brisbane,VQE,3,TKET,5,11,2,0,0.9520091868261689,0.06486130000121193
8,ibm_brisbane,VQE,3,TKET,5,11,2,0,0.9520091868261689,0.06480410000222037
8,ibm_brisbane,VQE,3,TKET,5,11,2,0,0.9520091868261689,0.06485350000002654
8,ibm_brisbane,VQE,3,TKET,5,11,2,0,0.9520091868261689,0.06613989999459591
8,ibm_brisbane,VQE,3,TKET,5,11,2,0,0.9520091868261689,0.06514910000259988
8,ibm_brisbane,VQE,3,TKET,5,11,2,0,0.9520091868261689,0.06661200000235112
8,ibm_brisbane,VQE,3,TKET,5,11,2,0,0.9520091868261689,0.07730830000218702
8,ibm_brisbane,VQE,3,TKET,5,11,2,0,0.9520091868261689,0.06820760000118753
8,ibm_brisbane,VQE,3,TKET,5,11,2,0,0.9520091868261689,0.07474460000230465
8,ibm_brisbane,VQE,3,TKET,5,11,2,0,0.9520091868261689,0.087314399999741
8,ibm_brisbane,VQE,3,TKET,5,11,2,0,0.9520091868261689,0.06798040000285255
8,ibm_brisbane,VQE,3,TKET,5,11,2,0,0.9520091868261689,0.06735040000057779
8,ibm_brisbane,VQE,3,TKET,5,11,2,0,0.9520091868261689,0.0746590000053402
8,ibm_brisbane,VQE,3,TKET,5,11,2,0,0.9520091868261689,0.06707250000181375
8,ibm_brisbane,VQE,3,TKET,5,11,2,0,0.9520091868261689,0.06882900000346126
8,ibm_brisbane,VQE,3,TKET,5,11,2,0,0.9520091868261689,0.06718659999751253
8,ibm_brisbane,VQE,3,TKET,5,11,2,0,0.9520091868261689,0.06745529999898281
8,ibm_brisbane,VQE,3,TKET,5,11,2,0,0.9520091868261689,0.06776950000494253
8,ibm_brisbane,VQE,3,TKET,5,11,2,0,0.9520091868261689,0.06755279999924824
8,ibm_brisbane,VQE,3,TKET,5,11,2,0,0.9520091868261689,0.06692810000095051
8,ibm_brisbane,VQE,3,TKET,5,11,2,0,0.9520091868261689,0.06731450000370387
8,ibm_brisbane,VQE,3,TKET,5,11,2,0,0.9520091868261689,0.06766030000289902
8,ibm_brisbane,VQE,3,TKET,5,11,2,0,0.9520091868261689,0.06785049999598414
8,ibm_brisbane,VQE,3,TKET,5,11,2,0,0.9520091868261689,0.06751700000313576
8,ibm_brisbane,VQE,3,TKET,5,11,2,0,0.9520091868261689,0.06789439999556635
8,ibm_brisbane,VQE,3,TKET,5,11,2,0,0.9520091868261689,0.06691389999468811
8,ibm_brisbane,VQE,3,TKET,5,11,2,0,0.9520091868261689,0.06658969999989495
8,ibm_brisbane,VQE,3,BQSKit,3,5,2,0,0.9577412875727572,2.6876923000017996
8,ibm_brisbane,VQE,3,BQSKit,3,5,2,0,0.9577412875727572,0.05904030000237981
8,ibm_brisbane,VQE,3,BQSKit,3,5,2,0,0.9577412875727572,0.0588145000001532
8,ibm_brisbane,VQE,3,BQSKit,3,5,2,0,0.9577412875727572,0.0590299999967101
8,ibm_brisbane,VQE,3,BQSKit,3,5,2,0,0.9577412875727572,0.05876010000065435
8,ibm_brisbane,VQE,3,BQSKit,3,5,2,0,0.9577412875727572,0.0585025999971549
8,ibm_brisbane,VQE,3,BQSKit,3,5,2,0,0.9577412875727572,0.05813759999728063
8,ibm_brisbane,VQE,3,BQSKit,3,5,2,0,0.9577412875727572,0.058550100002321415
8,ibm_brisbane,VQE,3,BQSKit,3,5,2,0,0.9577412875727572,0.058218799997121096
8,ibm_brisbane,VQE,3,BQSKit,3,5,2,0,0.9577412875727572,0.05834289999620523
8,ibm_brisbane,VQE,3,BQSKit,3,5,2,0,0.9577412875727572,0.05830779999814695
8,ibm_brisbane,VQE,3,BQSKit,3,5,2,0,0.9577412875727572,0.05883650000032503
8,ibm_brisbane,VQE,3,BQSKit,3,5,2,0,0.9577412875727572,0.05997719999868423
8,ibm_brisbane,VQE,3,BQSKit,3,5,2,0,0.9577412875727572,0.05871879999904195
8,ibm_brisbane,VQE,3,BQSKit,3,5,2,0,0.9577412875727572,0.05867280000529718
8,ibm_brisbane,VQE,3,BQSKit,3,5,2,0,0.9577412875727572,0.059934699995210394
8,ibm_brisbane,VQE,3,BQSKit,3,5,2,0,0.9577412875727572,0.0598731999998563
8,ibm_brisbane,VQE,3,BQSKit,3,5,2,0,0.9577412875727572,0.05883239999820944
8,ibm_brisbane,VQE,3,BQSKit,3,5,2,0,0.9577412875727572,0.05875039999955334
8,ibm_brisbane,VQE,3,BQSKit,3,5,2,0,0.9577412875727572,0.06186209999577841
8,ibm_brisbane,VQE,3,BQSKit,3,5,2,0,0.9577412875727572,0.058457600003748666
8,ibm_brisbane,VQE,3,BQSKit,3,5,2,0,0.9577412875727572,0.05871309999929508
8,ibm_brisbane,VQE,3,BQSKit,3,5,2,0,0.9577412875727572,0.0588110999960918
8,ibm_brisbane,VQE,3,BQSKit,3,5,2,0,0.9577412875727572,0.05845630000112578
8,ibm_brisbane,VQE,3,BQSKit,3,5,2,0,0.9577412875727572,0.05923449999681907
8,ibm_brisbane,VQE,3,BQSKit,3,5,2,0,0.9577412875727572,0.058958400004485156
8,ibm_brisbane,VQE,3,BQSKit,3,5,2,0,0.9577412875727572,0.06166520000260789
8,ibm_brisbane,VQE,3,BQSKit,3,5,2,0,0.9577412875727572,0.06110139999509556
8,ibm_brisbane,VQE,3,BQSKit,3,5,2,0,0.9577412875727572,0.05922850000206381
8,ibm_brisbane,VQE,3,BQSKit,3,5,2,0,0.9577412875727572,0.06079390000377316
8,ibm_brisbane,VQE,3,Cirq-native,3,5,2,0,0.9577412875727572,0.0016237999952863902
8,ibm_brisbane,VQE,3,Cirq-native,3,5,2,0,0.9577412875727572,0.00200829999812413
8,ibm_brisbane,VQE,3,Cirq-native,3,5,2,0,0.9577412875727572,0.001273199995921459
8,ibm_brisbane,VQE,3,Cirq-native,3,5,2,0,0.9577412875727572,0.0007211999982246198
8,ibm_brisbane,VQE,3,Cirq-native,3,5,2,0,0.9577412875727572,0.000625100001343526
8,ibm_brisbane,VQE,3,Cirq-native,3,5,2,0,0.9577412875727572,0.0005945000011706725
8,ibm_brisbane,VQE,3,Cirq-native,3,5,2,0,0.9577412875727572,0.0006251999948290177
8,ibm_brisbane,VQE,3,Cirq-native,3,5,2,0,0.9577412875727572,0.0006477999995695427
8,ibm_brisbane,VQE,3,Cirq-native,3,5,2,0,0.9577412875727572,0.0007239000042318366
8,ibm_brisbane,VQE,3,Cirq-native,3,5,2,0,0.9577412875727572,0.0006892000019433908
8,ibm_brisbane,VQE,3,Cirq-native,3,5,2,0,0.9577412875727572,0.0006322000044747256
8,ibm_brisbane,VQE,3,Cirq-native,3,5,2,0,0.9577412875727572,0.0006110999966040254
8,ibm_brisbane,VQE,3,Cirq-native,3,5,2,0,0.9577412875727572,0.0006352000054903328
8,ibm_brisbane,VQE,3,Cirq-native,3,5,2,0,0.9577412875727572,0.0006394999945769086
8,ibm_brisbane,VQE,3,Cirq-native,3,5,2,0,0.9577412875727572,0.0006424000021070242
8,ibm_brisbane,VQE,3,Cirq-native,3,5,2,0,0.9577412875727572,0.0005903999990550801
8,ibm_brisbane,VQE,3,Cirq-native,3,5,2,0,0.9577412875727572,0.0006056999991415069
8,ibm_brisbane,VQE,3,Cirq-native,3,5,2,0,0.9577412875727572,0.0005948000034550205
8,ibm_brisbane,VQE,3,Cirq-native,3,5,2,0,0.9577412875727572,0.0006887999988975935
8,ibm_brisbane,VQE,3,Cirq-native,3,5,2,0,0.9577412875727572,0.0007759000000078231
8,ibm_brisbane,VQE,3,Cirq-native,3,5,2,0,0.9577412875727572,0.0007354999979725108
8,ibm_brisbane,VQE,3,Cirq-native,3,5,2,0,0.9577412875727572,0.0006614000012632459
8,ibm_brisbane,VQE,3,Cirq-native,3,5,2,0,0.9577412875727572,0.0005941999988863245
8,ibm_brisbane,VQE,3,Cirq-native,3,5,2,0,0.9577412875727572,0.00060710000252584
8,ibm_brisbane,VQE,3,Cirq-native,3,5,2,0,0.9577412875727572,0.00057820000074571
8,ibm_brisbane,VQE,3,Cirq-native,3,5,2,0,0.9577412875727572,0.0005984000017633662
8,ibm_brisbane,VQE,3,Cirq-native,3,5,2,0,0.9577412875727572,0.0005917000016779639
8,ibm_brisbane,VQE,3,Cirq-native,3,5,2,0,0.9577412875727572,0.0006147999956738204
8,ibm_brisbane,VQE,3,Cirq-native,3,5,2,0,0.9577412875727572,0.000625900000159163
8,ibm_brisbane,VQE,3,Cirq-native,3,5,2,0,0.9577412875727572,0.0007092000014381483
8,ibm_brisbane,VQE,3,QADE,3,5,2,0,0.9577412875727572,0.01100639999640407
8,ibm_brisbane,VQE,3,QADE,3,5,2,0,0.9577412875727572,0.008796400004939642
8,ibm_brisbane,VQE,3,QADE,3,5,2,0,0.9577412875727572,0.010189400003582705
8,ibm_brisbane,VQE,3,QADE,3,5,2,0,0.9577412875727572,0.008073400000284892
8,ibm_brisbane,VQE,3,QADE,3,5,2,0,0.9577412875727572,0.009421299997484311
8,ibm_brisbane,VQE,3,QADE,3,5,2,0,0.9577412875727572,0.010816000001796056
8,ibm_brisbane,VQE,3,QADE,3,5,2,0,0.9577412875727572,0.009151799997198395
8,ibm_brisbane,VQE,3,QADE,3,5,2,0,0.9577412875727572,0.012369000003673136
8,ibm_brisbane,VQE,3,QADE,3,5,2,0,0.9577412875727572,0.00770800000464078
8,ibm_brisbane,VQE,3,QADE,3,5,2,0,0.9577412875727572,0.007623199999216013
8,ibm_brisbane,VQE,3,QADE,3,5,2,0,0.9577412875727572,0.007441999994625803
8,ibm_brisbane,VQE,3,QADE,3,5,2,0,0.9577412875727572,0.006329900003038347
8,ibm_brisbane,VQE,3,QADE,3,5,2,0,0.9577412875727572,0.008632400000351481
8,ibm_brisbane,VQE,3,QADE,3,5,2,0,0.9577412875727572,0.006496900001366157
8,ibm_brisbane,VQE,3,QADE,3,5,2,0,0.9577412875727572,0.007684900003368966
8,ibm_brisbane,VQE,3,QADE,3,5,2,0,0.9577412875727572,0.007787900001858361
8,ibm_brisbane,VQE,3,QADE,3,5,2,0,0.9577412875727572,0.009219300001859665
8,ibm_brisbane,VQE,3,QADE,3,5,2,0,0.9577412875727572,0.00835689999803435
8,ibm_brisbane,VQE,3,QADE,3,5,2,0,0.9577412875727572,0.011547399997652974
8,ibm_brisbane,VQE,3,QADE,3,5,2,0,0.9577412875727572,0.0074071999988518655
8,ibm_brisbane,VQE,3,QADE,3,5,2,0,0.9577412875727572,0.007084700002451427
8,ibm_brisbane,VQE,3,QADE,3,5,2,0,0.9577412875727572,0.008197499999369029
8,ibm_brisbane,VQE,3,QADE,3,5,2,0,0.9577412875727572,0.007893699999840464
8,ibm_brisbane,VQE,3,QADE,3,5,2,0,0.9577412875727572,0.007395599997835234
8,ibm_brisbane,VQE,3,QADE,3,5,2,0,0.9577412875727572,0.008086900001217145
8,ibm_brisbane,VQE,3,QADE,3,5,2,0,0.9577412875727572,0.009337800001958385
8,ibm_brisbane,VQE,3,QADE,3,5,2,0,0.9577412875727572,0.007536800003435928
8,ibm_brisbane,VQE,3,QADE,3,5,2,0,0.9577412875727572,0.006847700002253987
8,ibm_brisbane,VQE,3,QADE,3,5,2,0,0.9577412875727572,0.007322799996472895
8,ibm_brisbane,VQE,3,QADE,3,5,2,0,0.9577412875727572,0.007179200001701247
8,ibm_brisbane,VQE,3,QADE + PyZX,14,23,6,2,0.9071595305863495,0.01071840000076918
8,ibm_brisbane,VQE,3,QADE + PyZX,14,23,6,2,0.9071595305863495,0.009155799998552538
8,ibm_brisbane,VQE,3,QADE + PyZX,14,23,6,2,0.9071595305863495,0.008831999999529216
8,ibm_brisbane,VQE,3,QADE + PyZX,14,23,6,2,0.9071595305863495,0.009570299996994436
8,ibm_brisbane,VQE,3,QADE + PyZX,14,23,6,2,0.9071595305863495,0.008604100003140047
8,ibm_brisbane,VQE,3,QADE + PyZX,14,23,6,2,0.9071595305863495,0.010397099998954218
8,ibm_brisbane,VQE,3,QADE + PyZX,14,23,6,2,0.9071595305863495,0.009617700001399498
8,ibm_brisbane,VQE,3,QADE + PyZX,14,23,6,2,0.9071595305863495,0.009910599997965619
8,ibm_brisbane,VQE,3,QADE + PyZX,14,23,6,2,0.9071595305863495,0.008941899999626912
8,ibm_brisbane,VQE,3,QADE + PyZX,14,23,6,2,0.9071595305863495,0.010373900004196912
8,ibm_brisbane,VQE,3,QADE + PyZX,14,23,6,2,0.9071595305863495,0.010019300003477838
8,ibm_brisbane,VQE,3,QADE + PyZX,14,23,6,2,0.9071595305863495,0.007910999993328005
8,ibm_brisbane,VQE,3,QADE + PyZX,14,23,6,2,0.9071595305863495,0.007402200004435144
8,ibm_brisbane,VQE,3,QADE + PyZX,14,23,6,2,0.9071595305863495,0.008269799996924121
8,ibm_brisbane,VQE,3,QADE + PyZX,14,23,6,2,0.9071595305863495,0.008420800004387274
8,ibm_brisbane,VQE,3,QADE + PyZX,14,23,6,2,0.9071595305863495,0.008361199994396884
8,ibm_brisbane,VQE,3,QADE + PyZX,14,23,6,2,0.9071595305863495,0.01012569999875268
8,ibm_brisbane,VQE,3,QADE + PyZX,14,23,6,2,0.9071595305863495,0.008901600005629007
8,ibm_brisbane,VQE,3,QADE + PyZX,14,23,6,2,0.9071595305863495,0.00907770000048913
8,ibm_brisbane,VQE,3,QADE + PyZX,14,23,6,2,0.9071595305863495,0.008890699995390605
8,ibm_brisbane,VQE,3,QADE + PyZX,14,23,6,2,0.9071595305863495,0.00837360000150511
8,ibm_brisbane,VQE,3,QADE + PyZX,14,23,6,2,0.9071595305863495,0.010899599998083431
8,ibm_brisbane,VQE,3,QADE + PyZX,14,23,6,2,0.9071595305863495,0.009761900000739843
8,ibm_brisbane,VQE,3,QADE + PyZX,14,23,6,2,0.9071595305863495,0.008233100001234561
8,ibm_brisbane,VQE,3,QADE + PyZX,14,23,6,2,0.9071595305863495,0.010971700001391582
8,ibm_brisbane,VQE,3,QADE + PyZX,14,23,6,2,0.9071595305863495,0.010830300001543947
8,ibm_brisbane,VQE,3,QADE + PyZX,14,23,6,2,0.9071595305863495,0.011590800000703894
8,ibm_brisbane,VQE,3,QADE + PyZX,14,23,6,2,0.9071595305863495,0.009217099999659695
8,ibm_brisbane,VQE,3,QADE + PyZX,14,23,6,2,0.9071595305863495,0.01022979999834206
8,ibm_brisbane,VQE,3,QADE + PyZX,14,23,6,2,0.9071595305863495,0.009796599995752331
8,ibm_brisbane,VQE,3,QADE + Knowledge Graph,14,23,6,2,0.9071595305863495,0.0022017000010237098
8,ibm_brisbane,VQE,3,QADE + Knowledge Graph,14,23,6,2,0.9071595305863495,0.0018861999997170642
8,ibm_brisbane,VQE,3,QADE + Knowledge Graph,14,23,6,2,0.9071595305863495,0.0019286999959149398
8,ibm_brisbane,VQE,3,QADE + Knowledge Graph,14,23,6,2,0.9071595305863495,0.0032781999980215915
8,ibm_brisbane,VQE,3,QADE + Knowledge Graph,14,23,6,2,0.9071595305863495,0.0035547000006772578
8,ibm_brisbane,VQE,3,QADE + Knowledge Graph,14,23,6,2,0.9071595305863495,0.003449199997703545
8,ibm_brisbane,VQE,3,QADE + Knowledge Graph,14,23,6,2,0.9071595305863495,0.003379599998879712
8,ibm_brisbane,VQE,3,QADE + Knowledge Graph,14,23,6,2,0.9071595305863495,0.0022833000039099716
8,ibm_brisbane,VQE,3,QADE + Knowledge Graph,14,23,6,2,0.9071595305863495,0.0022078000038163736
8,ibm_brisbane,VQE,3,QADE + Knowledge Graph,14,23,6,2,0.9071595305863495,0.0019171999956597574
8,ibm_brisbane,VQE,3,QADE + Knowledge Graph,14,23,6,2,0.9071595305863495,0.0019892000054824166
8,ibm_brisbane,VQE,3,QADE + Knowledge Graph,14,23,6,2,0.9071595305863495,0.0021314000041456893
8,ibm_brisbane,VQE,3,QADE + Knowledge Graph,14,23,6,2,0.9071595305863495,0.0027456000025267713
8,ibm_brisbane,VQE,3,QADE + Knowledge Graph,14,23,6,2,0.9071595305863495,0.0023707000000285916
8,ibm_brisbane,VQE,3,QADE + Knowledge Graph,14,23,6,2,0.9071595305863495,0.001662800001213327
8,ibm_brisbane,VQE,3,QADE + Knowledge Graph,14,23,6,2,0.9071595305863495,0.0016170000017154962
8,ibm_brisbane,VQE,3,QADE + Knowledge Graph,14,23,6,2,0.9071595305863495,0.001859399999375455
8,ibm_brisbane,VQE,3,QADE + Knowledge Graph,14,23,6,2,0.9071595305863495,0.0016420000029029325
8,ibm_brisbane,VQE,3,QADE + Knowledge Graph,14,23,6,2,0.9071595305863495,0.0015687999984947965
8,ibm_brisbane,VQE,3,QADE + Knowledge Graph,14,23,6,2,0.9071595305863495,0.0015946000057738274
8,ibm_brisbane,VQE,3,QADE + Knowledge Graph,14,23,6,2,0.9071595305863495,0.0019476000015856698
8,ibm_brisbane,VQE,3,QADE + Knowledge Graph,14,23,6,2,0.9071595305863495,0.0016593999971519224
8,ibm_brisbane,VQE,3,QADE + Knowledge Graph,14,23,6,2,0.9071595305863495,0.001560699995025061
8,ibm_brisbane,VQE,3,QADE + Knowledge Graph,14,23,6,2,0.9071595305863495,0.0016373000034946017
8,ibm_brisbane,VQE,3,QADE + Knowledge Graph,14,23,6,2,0.9071595305863495,0.0018751000025076792
8,ibm_brisbane,VQE,3,QADE + Knowledge Graph,14,23,6,2,0.9071595305863495,0.0016465000007883646
8,ibm_brisbane,VQE,3,QADE + Knowledge Graph,14,23,6,2,0.9071595305863495,0.001549900000100024
8,ibm_brisbane,VQE,3,QADE + Knowledge Graph,14,23,6,2,0.9071595305863495,0.0015742999967187643
8,ibm_brisbane,VQE,3,QADE + Knowledge Graph,14,23,6,2,0.9071595305863495,0.0017907000001287088
8,ibm_brisbane,VQE,3,QADE + Knowledge Graph,14,23,6,2,0.9071595305863495,0.0024574999988544732
8,ibm_brisbane,VQE,3,QADE + Evolution + PyZX,14,23,6,2,0.9071595305863495,0.03573070000129519
8,ibm_brisbane,VQE,3,QADE + Evolution + PyZX,14,23,6,2,0.9071595305863495,0.03497169999900507
8,ibm_brisbane,VQE,3,QADE + Evolution + PyZX,14,23,6,2,0.9071595305863495,0.03886249999777647
8,ibm_brisbane,VQE,3,QADE + Evolution + PyZX,14,23,6,2,0.9071595305863495,0.0386995000008028
8,ibm_brisbane,VQE,3,QADE + Evolution + PyZX,14,23,6,2,0.9071595305863495,0.039278999996895436
8,ibm_brisbane,VQE,3,QADE + Evolution + PyZX,14,23,6,2,0.9071595305863495,0.04322420000244165
8,ibm_brisbane,VQE,3,QADE + Evolution + PyZX,14,23,6,2,0.9071595305863495,0.04201240000111284
8,ibm_brisbane,VQE,3,QADE + Evolution + PyZX,14,23,6,2,0.9071595305863495,0.044769399995857384
8,ibm_brisbane,VQE,3,QADE + Evolution + PyZX,14,23,6,2,0.9071595305863495,0.036155000001599547
8,ibm_brisbane,VQE,3,QADE + Evolution + PyZX,14,23,6,2,0.9071595305863495,0.04615929999999935
8,ibm_brisbane,VQE,3,QADE + Evolution + PyZX,14,23,6,2,0.9071595305863495,0.027578000001085456
8,ibm_brisbane,VQE,3,QADE + Evolution + PyZX,14,23,6,2,0.9071595305863495,0.03963800000201445
8,ibm_brisbane,VQE,3,QADE + Evolution + PyZX,14,23,6,2,0.9071595305863495,0.03571340000053169
8,ibm_brisbane,VQE,3,QADE + Evolution + PyZX,14,23,6,2,0.9071595305863495,0.04232170000614133
8,ibm_brisbane,VQE,3,QADE + Evolution + PyZX,14,23,6,2,0.9071595305863495,0.03625900000042748
8,ibm_brisbane,VQE,3,QADE + Evolution + PyZX,14,23,6,2,0.9071595305863495,0.03935009999986505
8,ibm_brisbane,VQE,3,QADE + Evolution + PyZX,14,23,6,2,0.9071595305863495,0.03618280000227969
8,ibm_brisbane,VQE,3,QADE + Evolution + PyZX,14,23,6,2,0.9071595305863495,0.04462659999990137
8,ibm_brisbane,VQE,3,QADE + Evolution + PyZX,14,23,6,2,0.9071595305863495,0.049039400000765454
8,ibm_brisbane,VQE,3,QADE + Evolution + PyZX,14,23,6,2,0.9071595305863495,0.032056900003226474
8,ibm_brisbane,VQE,3,QADE + Evolution + PyZX,14,23,6,2,0.9071595305863495,0.029339400003664196
8,ibm_brisbane,VQE,3,QADE + Evolution + PyZX,14,23,6,2,0.9071595305863495,0.04066400000010617
8,ibm_brisbane,VQE,3,QADE + Evolution + PyZX,14,23,6,2,0.9071595305863495,0.04055750000406988
8,ibm_brisbane,VQE,3,QADE + Evolution + PyZX,14,23,6,2,0.9071595305863495,0.04502460000367137
8,ibm_brisbane,VQE,3,QADE + Evolution + PyZX,14,23,6,2,0.9071595305863495,0.03380750000360422
8,ibm_brisbane,VQE,3,QADE + Evolution + PyZX,14,23,6,2,0.9071595305863495,0.04156910000165226
8,ibm_brisbane,VQE,3,QADE + Evolution + PyZX,14,23,6,2,0.9071595305863495,0.028139500005636364
8,ibm_brisbane,VQE,3,QADE + Evolution + PyZX,14,23,6,2,0.9071595305863495,0.03728869999758899
8,ibm_brisbane,VQE,3,QADE + Evolution + PyZX,14,23,6,2,0.9071595305863495,0.03974509999534348
8,ibm_brisbane,VQE,3,QADE + Evolution + PyZX,14,23,6,2,0.9071595305863495,0.037820099998498335
9,ibm_brisbane,QAOA,3,Qiskit,16,34,4,0,0.922916804176289,0.9193717999951332
9,ibm_brisbane,QAOA,3,Qiskit,14,29,4,0,0.9275452643160417,0.0062983000025269575
9,ibm_brisbane,QAOA,3,Qiskit,16,34,4,0,0.922916804176289,0.006186899998283479
9,ibm_brisbane,QAOA,3,Qiskit,14,29,4,0,0.9275452643160417,0.005980599999020342
9,ibm_brisbane,QAOA,3,Qiskit,14,29,4,0,0.9275452643160417,0.005775899997388478
9,ibm_brisbane,QAOA,3,Qiskit,16,34,4,0,0.922916804176289,0.006073700002161786
9,ibm_brisbane,QAOA,3,Qiskit,16,34,4,0,0.922916804176289,0.006654900003923103
9,ibm_brisbane,QAOA,3,Qiskit,16,34,4,0,0.922916804176289,0.006496599999081809
9,ibm_brisbane,QAOA,3,Qiskit,16,34,4,0,0.922916804176289,0.006146100000478327
9,ibm_brisbane,QAOA,3,Qiskit,14,29,4,0,0.9275452643160417,0.005782700005511288
9,ibm_brisbane,QAOA,3,Qiskit,16,34,4,0,0.922916804176289,0.005964200005109888
9,ibm_brisbane,QAOA,3,Qiskit,14,29,4,0,0.9275452643160417,0.00564940000185743
9,ibm_brisbane,QAOA,3,Qiskit,16,34,4,0,0.922916804176289,0.006245099997613579
9,ibm_brisbane,QAOA,3,Qiskit,14,29,4,0,0.9275452643160417,0.005740900000091642
9,ibm_brisbane,QAOA,3,Qiskit,14,29,4,0,0.9275452643160417,0.006186300000990741
9,ibm_brisbane,QAOA,3,Qiskit,14,29,4,0,0.9275452643160417,0.0069711000032839365
9,ibm_brisbane,QAOA,3,Qiskit,16,34,4,0,0.922916804176289,0.006429799999750685
9,ibm_brisbane,QAOA,3,Qiskit,14,29,4,0,0.9275452643160417,0.005705799994757399
9,ibm_brisbane,QAOA,3,Qiskit,14,29,4,0,0.9275452643160417,0.005391200000303797
9,ibm_brisbane,QAOA,3,Qiskit,14,29,4,0,0.9275452643160417,0.005681399998138659
9,ibm_brisbane,QAOA,3,Qiskit,14,29,4,0,0.9275452643160417,0.005639599999994971
9,ibm_brisbane,QAOA,3,Qiskit,16,34,4,0,0.922916804176289,0.006384000000252854
9,ibm_brisbane,QAOA,3,Qiskit,16,34,4,0,0.922916804176289,0.005993200000375509
9,ibm_brisbane,QAOA,3,Qiskit,14,29,4,0,0.9275452643160417,0.005579199998464901
9,ibm_brisbane,QAOA,3,Qiskit,14,29,4,0,0.9275452643160417,0.005422200003522448
9,ibm_brisbane,QAOA,3,Qiskit,16,34,4,0,0.922916804176289,0.005556500000238884
9,ibm_brisbane,QAOA,3,Qiskit,14,29,4,0,0.9275452643160417,0.005797699996037409
9,ibm_brisbane,QAOA,3,Qiskit,14,29,4,0,0.9275452643160417,0.005652600004395936
9,ibm_brisbane,QAOA,3,Qiskit,16,34,4,0,0.922916804176289,0.005998000000545289
9,ibm_brisbane,QAOA,3,Qiskit,16,34,4,0,0.922916804176289,0.006280399997194763
9,ibm_brisbane,QAOA,3,PyZX,19,24,10,4,0.8739887157840921,0.002539100001740735
9,ibm_brisbane,QAOA,3,PyZX,19,24,10,4,0.8739887157840921,0.0021436000024550594
9,ibm_brisbane,QAOA,3,PyZX,19,24,10,4,0.8739887157840921,0.0019826999996439554
9,ibm_brisbane,QAOA,3,PyZX,19,24,10,4,0.8739887157840921,0.001863400000729598
9,ibm_brisbane,QAOA,3,PyZX,19,24,10,4,0.8739887157840921,0.0018505000043660402
9,ibm_brisbane,QAOA,3,PyZX,19,24,10,4,0.8739887157840921,0.0019672999987960793
9,ibm_brisbane,QAOA,3,PyZX,19,24,10,4,0.8739887157840921,0.0018668999982764944
9,ibm_brisbane,QAOA,3,PyZX,19,24,10,4,0.8739887157840921,0.0019107000043732114
9,ibm_brisbane,QAOA,3,PyZX,19,24,10,4,0.8739887157840921,0.001941499998793006
9,ibm_brisbane,QAOA,3,PyZX,19,24,10,4,0.8739887157840921,0.0019217999943066388
9,ibm_brisbane,QAOA,3,PyZX,19,24,10,4,0.8739887157840921,0.0018137000006390736
9,ibm_brisbane,QAOA,3,PyZX,19,24,10,4,0.8739887157840921,0.0017987999963224865
9,ibm_brisbane,QAOA,3,PyZX,19,24,10,4,0.8739887157840921,0.002038900005572941
9,ibm_brisbane,QAOA,3,PyZX,19,24,10,4,0.8739887157840921,0.001980000000912696
9,ibm_brisbane,QAOA,3,PyZX,19,24,10,4,0.8739887157840921,0.0018562999975983985
9,ibm_brisbane,QAOA,3,PyZX,19,24,10,4,0.8739887157840921,0.0021234000014374033
9,ibm_brisbane,QAOA,3,PyZX,19,24,10,4,0.8739887157840921,0.00196460000006482
9,ibm_brisbane,QAOA,3,PyZX,19,24,10,4,0.8739887157840921,0.0018561000033514574
9,ibm_brisbane,QAOA,3,PyZX,19,24,10,4,0.8739887157840921,0.0018216000025859103
9,ibm_brisbane,QAOA,3,PyZX,19,24,10,4,0.8739887157840921,0.0019749000057345256
9,ibm_brisbane,QAOA,3,PyZX,19,24,10,4,0.8739887157840921,0.0018412999997963198
9,ibm_brisbane,QAOA,3,PyZX,19,24,10,4,0.8739887157840921,0.0018119000014849007
9,ibm_brisbane,QAOA,3,PyZX,19,24,10,4,0.8739887157840921,0.001927500001329463
9,ibm_brisbane,QAOA,3,PyZX,19,24,10,4,0.8739887157840921,0.001916400004120078
9,ibm_brisbane,QAOA,3,PyZX,19,24,10,4,0.8739887157840921,0.0018578999952296726
9,ibm_brisbane,QAOA,3,PyZX,19,24,10,4,0.8739887157840921,0.0017878000071505085
9,ibm_brisbane,QAOA,3,PyZX,19,24,10,4,0.8739887157840921,0.001916400004120078
9,ibm_brisbane,QAOA,3,PyZX,19,24,10,4,0.8739887157840921,0.0018880000061471947
9,ibm_brisbane,QAOA,3,PyZX,19,24,10,4,0.8739887157840921,0.0018249999993713573
9,ibm_brisbane,QAOA,3,PyZX,19,24,10,4,0.8739887157840921,0.0018409999975119717
9,ibm_brisbane,QAOA,3,TKET,16,25,4,0,0.9312647394093706,0.08373459999711486
9,ibm_brisbane,QAOA,3,TKET,16,25,4,0,0.9312647394093706,0.08545049999520415
9,ibm_brisbane,QAOA,3,TKET,16,25,4,0,0.9312647394093706,0.08386009999958333
9,ibm_brisbane,QAOA,3,TKET,16,25,4,0,0.9312647394093706,0.08381209999788553
9,ibm_brisbane,QAOA,3,TKET,16,25,4,0,0.9312647394093706,0.08635579999827314
9,ibm_brisbane,QAOA,3,TKET,16,25,4,0,0.9312647394093706,0.08871820000058506
9,ibm_brisbane,QAOA,3,TKET,16,25,4,0,0.9312647394093706,0.09142210000572959
9,ibm_brisbane,QAOA,3,TKET,16,25,4,0,0.9312647394093706,0.09378000000288012
9,ibm_brisbane,QAOA,3,TKET,16,25,4,0,0.9312647394093706,0.09127260000241222
9,ibm_brisbane,QAOA,3,TKET,16,25,4,0,0.9312647394093706,0.09307329999865033
9,ibm_brisbane,QAOA,3,TKET,16,25,4,0,0.9312647394093706,0.09699910000199452
9,ibm_brisbane,QAOA,3,TKET,16,25,4,0,0.9312647394093706,0.10018829999899026
9,ibm_brisbane,QAOA,3,TKET,16,25,4,0,0.9312647394093706,0.09213420000014594
9,ibm_brisbane,QAOA,3,TKET,16,25,4,0,0.9312647394093706,0.08955900000000838
9,ibm_brisbane,QAOA,3,TKET,16,25,4,0,0.9312647394093706,0.089537100000598
9,ibm_brisbane,QAOA,3,TKET,16,25,4,0,0.9312647394093706,0.09138230000098702
9,ibm_brisbane,QAOA,3,TKET,16,25,4,0,0.9312647394093706,0.08941450000565965
9,ibm_brisbane,QAOA,3,TKET,16,25,4,0,0.9312647394093706,0.09035279999807244
9,ibm_brisbane,QAOA,3,TKET,16,25,4,0,0.9312647394093706,0.08933969999634428
9,ibm_brisbane,QAOA,3,TKET,16,25,4,0,0.9312647394093706,0.08749800000077812
9,ibm_brisbane,QAOA,3,TKET,16,25,4,0,0.9312647394093706,0.09143269999913173
9,ibm_brisbane,QAOA,3,TKET,16,25,4,0,0.9312647394093706,0.08831189999909839
9,ibm_brisbane,QAOA,3,TKET,16,25,4,0,0.9312647394093706,0.08793289999448461
9,ibm_brisbane,QAOA,3,TKET,16,25,4,0,0.9312647394093706,0.08913900000334252
9,ibm_brisbane,QAOA,3,TKET,16,25,4,0,0.9312647394093706,0.09186810000392143
9,ibm_brisbane,QAOA,3,TKET,16,25,4,0,0.9312647394093706,0.08880479999788804
9,ibm_brisbane,QAOA,3,TKET,16,25,4,0,0.9312647394093706,0.08801300000050105
9,ibm_brisbane,QAOA,3,TKET,16,25,4,0,0.9312647394093706,0.08794379999744706
9,ibm_brisbane,QAOA,3,TKET,16,25,4,0,0.9312647394093706,0.08875209999678191
9,ibm_brisbane,QAOA,3,TKET,16,25,4,0,0.9312647394093706,0.08968839999579359
9,ibm_brisbane,QAOA,3,BQSKit,8,12,4,0,0.9434563515391169,0.06379230000311509
9,ibm_brisbane,QAOA,3,BQSKit,8,12,4,0,0.9434563515391169,0.06203590000222903
9,ibm_brisbane,QAOA,3,BQSKit,8,12,4,0,0.9434563515391169,0.062211099997512065
9,ibm_brisbane,QAOA,3,BQSKit,8,12,4,0,0.9434563515391169,0.06212450000020908
9,ibm_brisbane,QAOA,3,BQSKit,8,12,4,0,0.9434563515391169,0.06154219999734778
9,ibm_brisbane,QAOA,3,BQSKit,8,12,4,0,0.9434563515391169,0.06139160000020638
9,ibm_brisbane,QAOA,3,BQSKit,8,12,4,0,0.9434563515391169,0.06209639999724459
9,ibm_brisbane,QAOA,3,BQSKit,8,12,4,0,0.9434563515391169,0.06172890000016196
9,ibm_brisbane,QAOA,3,BQSKit,8,12,4,0,0.9434563515391169,0.061615600003278814
9,ibm_brisbane,QAOA,3,BQSKit,8,12,4,0,0.9434563515391169,0.061681399994995445
9,ibm_brisbane,QAOA,3,BQSKit,8,12,4,0,0.9434563515391169,0.061852999999246094
9,ibm_brisbane,QAOA,3,BQSKit,8,12,4,0,0.9434563515391169,0.06264199999714037
9,ibm_brisbane,QAOA,3,BQSKit,8,12,4,0,0.9434563515391169,0.06411140000273008
9,ibm_brisbane,QAOA,3,BQSKit,8,12,4,0,0.9434563515391169,0.06544420000136597
9,ibm_brisbane,QAOA,3,BQSKit,8,12,4,0,0.9434563515391169,0.06300270000065211
9,ibm_brisbane,QAOA,3,BQSKit,8,12,4,0,0.9434563515391169,0.0652265000026091
9,ibm_brisbane,QAOA,3,BQSKit,8,12,4,0,0.9434563515391169,0.07044519999908516
9,ibm_brisbane,QAOA,3,BQSKit,8,12,4,0,0.9434563515391169,0.06389450000278885
9,ibm_brisbane,QAOA,3,BQSKit,8,12,4,0,0.9434563515391169,0.06186400000296999
9,ibm_brisbane,QAOA,3,BQSKit,8,12,4,0,0.9434563515391169,0.06285200000274926
9,ibm_brisbane,QAOA,3,BQSKit,8,12,4,0,0.9434563515391169,0.06382440000015777
9,ibm_brisbane,QAOA,3,BQSKit,8,12,4,0,0.9434563515391169,0.06218600000283914
9,ibm_brisbane,QAOA,3,BQSKit,8,12,4,0,0.9434563515391169,0.06465919999754988
9,ibm_brisbane,QAOA,3,BQSKit,8,12,4,0,0.9434563515391169,0.06275379999715369
9,ibm_brisbane,QAOA,3,BQSKit,8,12,4,0,0.9434563515391169,0.06329849999747239
9,ibm_brisbane,QAOA,3,BQSKit,8,12,4,0,0.9434563515391169,0.06413070000417065
9,ibm_brisbane,QAOA,3,BQSKit,8,12,4,0,0.9434563515391169,0.061973799995030276
9,ibm_brisbane,QAOA,3,BQSKit,8,12,4,0,0.9434563515391169,0.06281949999538483
9,ibm_brisbane,QAOA,3,BQSKit,8,12,4,0,0.9434563515391169,0.061739699995086994
9,ibm_brisbane,QAOA,3,BQSKit,8,12,4,0,0.9434563515391169,0.06208190000324976
9,ibm_brisbane,QAOA,3,Cirq-native,8,12,4,0,0.9434563515391169,0.0015526999995927326
9,ibm_brisbane,QAOA,3,Cirq-native,8,12,4,0,0.9434563515391169,0.001142900000559166
9,ibm_brisbane,QAOA,3,Cirq-native,8,12,4,0,0.9434563515391169,0.0010559000002103858
9,ibm_brisbane,QAOA,3,Cirq-native,8,12,4,0,0.9434563515391169,0.0008833000028971583
9,ibm_brisbane,QAOA,3,Cirq-native,8,12,4,0,0.9434563515391169,0.0008484999998472631
9,ibm_brisbane,QAOA,3,Cirq-native,8,12,4,0,0.9434563515391169,0.0008679999955347739
9,ibm_brisbane,QAOA,3,Cirq-native,8,12,4,0,0.9434563515391169,0.0008339999985764734
9,ibm_brisbane,QAOA,3,Cirq-native,8,12,4,0,0.9434563515391169,0.0008533000000170432
9,ibm_brisbane,QAOA,3,Cirq-native,8,12,4,0,0.9434563515391169,0.0008448000007774681
9,ibm_brisbane,QAOA,3,Cirq-native,8,12,4,0,0.9434563515391169,0.0009694999971543439
9,ibm_brisbane,QAOA,3,Cirq-native,8,12,4,0,0.9434563515391169,0.000928000001295004
9,ibm_brisbane,QAOA,3,Cirq-native,8,12,4,0,0.9434563515391169,0.0008853999970597215
9,ibm_brisbane,QAOA,3,Cirq-native,8,12,4,0,0.9434563515391169,0.0008428000001003966
9,ibm_brisbane,QAOA,3,Cirq-native,8,12,4,0,0.9434563515391169,0.0008381000006920658
9,ibm_brisbane,QAOA,3,Cirq-native,8,12,4,0,0.9434563515391169,0.0008279999965452589
9,ibm_brisbane,QAOA,3,Cirq-native,8,12,4,0,0.9434563515391169,0.0008422000028076582
9,ibm_brisbane,QAOA,3,Cirq-native,8,12,4,0,0.9434563515391169,0.0008414000039920211
9,ibm_brisbane,QAOA,3,Cirq-native,8,12,4,0,0.9434563515391169,0.0009508000002824701
9,ibm_brisbane,QAOA,3,Cirq-native,8,12,4,0,0.9434563515391169,0.0008821000010357238
9,ibm_brisbane,QAOA,3,Cirq-native,8,12,4,0,0.9434563515391169,0.0009002000006148592
9,ibm_brisbane,QAOA,3,Cirq-native,8,12,4,0,0.9434563515391169,0.0008564999952795915
9,ibm_brisbane,QAOA,3,Cirq-native,8,12,4,0,0.9434563515391169,0.0008684999993420206
9,ibm_brisbane,QAOA,3,Cirq-native,8,12,4,0,0.9434563515391169,0.0008500999974785373
9,ibm_brisbane,QAOA,3,Cirq-native,8,12,4,0,0.9434563515391169,0.0008392000017920509
9,ibm_brisbane,QAOA,3,Cirq-native,8,12,4,0,0.9434563515391169,0.0008967000030679628
9,ibm_brisbane,QAOA,3,Cirq-native,8,12,4,0,0.9434563515391169,0.000923699997656513
9,ibm_brisbane,QAOA,3,Cirq-native,8,12,4,0,0.9434563515391169,0.0008386999979848042
9,ibm_brisbane,QAOA,3,Cirq-native,8,12,4,0,0.9434563515391169,0.0008545000018784776
9,ibm_brisbane,QAOA,3,Cirq-native,8,12,4,0,0.9434563515391169,0.0008242999974754639
9,ibm_brisbane,QAOA,3,Cirq-native,8,12,4,0,0.9434563515391169,0.0008615000042482279
9,ibm_brisbane,QAOA,3,QADE,8,12,4,0,0.9434563515391169,0.010825699995621108
9,ibm_brisbane,QAOA,3,QADE,8,12,4,0,0.9434563515391169,0.013762800001131836
9,ibm_brisbane,QAOA,3,QADE,8,12,4,0,0.9434563515391169,0.013973699999041855
9,ibm_brisbane,QAOA,3,QADE,8,12,4,0,0.9434563515391169,0.010458400000061374
9,ibm_brisbane,QAOA,3,QADE,8,12,4,0,0.9434563515391169,0.01239730000088457
9,ibm_brisbane,QAOA,3,QADE,8,12,4,0,0.9434563515391169,0.014093700003286358
9,ibm_brisbane,QAOA,3,QADE,8,12,4,0,0.9434563515391169,0.012565299999550916
9,ibm_brisbane,QAOA,3,QADE,8,12,4,0,0.9434563515391169,0.013982999997097068
9,ibm_brisbane,QAOA,3,QADE,8,12,4,0,0.9434563515391169,0.010945999994874
9,ibm_brisbane,QAOA,3,QADE,8,12,4,0,0.9434563515391169,0.014123900000413414
9,ibm_brisbane,QAOA,3,QADE,8,12,4,0,0.9434563515391169,0.014047999997274019
9,ibm_brisbane,QAOA,3,QADE,8,12,4,0,0.9434563515391169,0.01384929999767337
9,ibm_brisbane,QAOA,3,QADE,8,12,4,0,0.9434563515391169,0.013964400000986643
9,ibm_brisbane,QAOA,3,QADE,8,12,4,0,0.9434563515391169,0.011416500004997943
9,ibm_brisbane,QAOA,3,QADE,8,12,4,0,0.9434563515391169,0.013576299999840558
9,ibm_brisbane,QAOA,3,QADE,8,12,4,0,0.9434563515391169,0.013269499999296386
9,ibm_brisbane,QAOA,3,QADE,8,12,4,0,0.9434563515391169,0.009224599998560734
9,ibm_brisbane,QAOA,3,QADE,8,12,4,0,0.9434563515391169,0.011289900001429487
9,ibm_brisbane,QAOA,3,QADE,8,12,4,0,0.9434563515391169,0.01346620000549592
9,ibm_brisbane,QAOA,3,QADE,8,12,4,0,0.9434563515391169,0.011967500002356246
9,ibm_brisbane,QAOA,3,QADE,8,12,4,0,0.9434563515391169,0.011725600001227576
9,ibm_brisbane,QAOA,3,QADE,8,12,4,0,0.9434563515391169,0.013972499997180421
9,ibm_brisbane,QAOA,3,QADE,8,12,4,0,0.9434563515391169,0.010540799994487315
9,ibm_brisbane,QAOA,3,QADE,8,12,4,0,0.9434563515391169,0.014608599994971883
9,ibm_brisbane,QAOA,3,QADE,8,12,4,0,0.9434563515391169,0.012852799998654518
9,ibm_brisbane,QAOA,3,QADE,8,12,4,0,0.9434563515391169,0.012728299996524584
9,ibm_brisbane,QAOA,3,QADE,8,12,4,0,0.9434563515391169,0.01269470000261208
9,ibm_brisbane,QAOA,3,QADE,8,12,4,0,0.9434563515391169,0.01253290000022389
9,ibm_brisbane,QAOA,3,QADE,8,12,4,0,0.9434563515391169,0.010520299998461269
9,ibm_brisbane,QAOA,3,QADE,8,12,4,0,0.9434563515391169,0.011524599998665508
9,ibm_brisbane,QAOA,3,QADE + PyZX,19,24,10,4,0.8739887157840921,0.0159228999982588
9,ibm_brisbane,QAOA,3,QADE + PyZX,19,24,10,4,0.8739887157840921,0.012365200003841892
9,ibm_brisbane,QAOA,3,QADE + PyZX,19,24,10,4,0.8739887157840921,0.013812400000460912
9,ibm_brisbane,QAOA,3,QADE + PyZX,19,24,10,4,0.8739887157840921,0.012251000000105705
9,ibm_brisbane,QAOA,3,QADE + PyZX,19,24,10,4,0.8739887157840921,0.012020399997709319
9,ibm_brisbane,QAOA,3,QADE + PyZX,19,24,10,4,0.8739887157840921,0.014274499997554813
9,ibm_brisbane,QAOA,3,QADE + PyZX,19,24,10,4,0.8739887157840921,0.015645400002540555
9,ibm_brisbane,QAOA,3,QADE + PyZX,19,24,10,4,0.8739887157840921,0.012311700003920123
9,ibm_brisbane,QAOA,3,QADE + PyZX,19,24,10,4,0.8739887157840921,0.01523309999902267
9,ibm_brisbane,QAOA,3,QADE + PyZX,19,24,10,4,0.8739887157840921,0.015231299999868497
9,ibm_brisbane,QAOA,3,QADE + PyZX,19,24,10,4,0.8739887157840921,0.013895999996748287
9,ibm_brisbane,QAOA,3,QADE + PyZX,19,24,10,4,0.8739887157840921,0.014784200000576675
9,ibm_brisbane,QAOA,3,QADE + PyZX,19,24,10,4,0.8739887157840921,0.015821799999685027
9,ibm_brisbane,QAOA,3,QADE + PyZX,19,24,10,4,0.8739887157840921,0.01601969999319408
9,ibm_brisbane,QAOA,3,QADE + PyZX,19,24,10,4,0.8739887157840921,0.014101499997195788
9,ibm_brisbane,QAOA,3,QADE + PyZX,19,24,10,4,0.8739887157840921,0.014344999995955732
9,ibm_brisbane,QAOA,3,QADE + PyZX,19,24,10,4,0.8739887157840921,0.014071800003875978
9,ibm_brisbane,QAOA,3,QADE + PyZX,19,24,10,4,0.8739887157840921,0.010953799996059388
9,ibm_brisbane,QAOA,3,QADE + PyZX,19,24,10,4,0.8739887157840921,0.013637399999424815
9,ibm_brisbane,QAOA,3,QADE + PyZX,19,24,10,4,0.8739887157840921,0.01250370000343537
9,ibm_brisbane,QAOA,3,QADE + PyZX,19,24,10,4,0.8739887157840921,0.015820100001292303
9,ibm_brisbane,QAOA,3,QADE + PyZX,19,24,10,4,0.8739887157840921,0.012867500001448207
9,ibm_brisbane,QAOA,3,QADE + PyZX,19,24,10,4,0.8739887157840921,0.014295400003902614
9,ibm_brisbane,QAOA,3,QADE + PyZX,19,24,10,4,0.8739887157840921,0.012214200003654696
9,ibm_brisbane,QAOA,3,QADE + PyZX,19,24,10,4,0.8739887157840921,0.017268399999011308
9,ibm_brisbane,QAOA,3,QADE + PyZX,19,24,10,4,0.8739887157840921,0.018150500000047032
9,ibm_brisbane,QAOA,3,QADE + PyZX,19,24,10,4,0.8739887157840921,0.01773039999534376
9,ibm_brisbane,QAOA,3,QADE + PyZX,19,24,10,4,0.8739887157840921,0.016056799999205396
9,ibm_brisbane,QAOA,3,QADE + PyZX,19,24,10,4,0.8739887157840921,0.014856699999654666
9,ibm_brisbane,QAOA,3,QADE + PyZX,19,24,10,4,0.8739887157840921,0.012615400002687238
9,ibm_brisbane,QAOA,3,QADE + Knowledge Graph,19,24,10,4,0.8739887157840921,0.002669500005140435
9,ibm_brisbane,QAOA,3,QADE + Knowledge Graph,19,24,10,4,0.8739887157840921,0.0021863000001758337
9,ibm_brisbane,QAOA,3,QADE + Knowledge Graph,19,24,10,4,0.8739887157840921,0.0021355999997467734
9,ibm_brisbane,QAOA,3,QADE + Knowledge Graph,19,24,10,4,0.8739887157840921,0.0022400000016205013
9,ibm_brisbane,QAOA,3,QADE + Knowledge Graph,19,24,10,4,0.8739887157840921,0.0022745000023860484
9,ibm_brisbane,QAOA,3,QADE + Knowledge Graph,19,24,10,4,0.8739887157840921,0.002224999996542465
9,ibm_brisbane,QAOA,3,QADE + Knowledge Graph,19,24,10,4,0.8739887157840921,0.002555999999458436
9,ibm_brisbane,QAOA,3,QADE + Knowledge Graph,19,24,10,4,0.8739887157840921,0.002211799997894559
9,ibm_brisbane,QAOA,3,QADE + Knowledge Graph,19,24,10,4,0.8739887157840921,0.002184199998737313
9,ibm_brisbane,QAOA,3,QADE + Knowledge Graph,19,24,10,4,0.8739887157840921,0.0024868999971658923
9,ibm_brisbane,QAOA,3,QADE + Knowledge Graph,19,24,10,4,0.8739887157840921,0.002015199999732431
9,ibm_brisbane,QAOA,3,QADE + Knowledge Graph,19,24,10,4,0.8739887157840921,0.002068000001600012
9,ibm_brisbane,QAOA,3,QADE + Knowledge Graph,19,24,10,4,0.8739887157840921,0.0021597000013571233
9,ibm_brisbane,QAOA,3,QADE + Knowledge Graph,19,24,10,4,0.8739887157840921,0.0020419000065885484
9,ibm_brisbane,QAOA,3,QADE + Knowledge Graph,19,24,10,4,0.8739887157840921,0.002037899997958448
9,ibm_brisbane,QAOA,3,QADE + Knowledge Graph,19,24,10,4,0.8739887157840921,0.0021770000021206215
9,ibm_brisbane,QAOA,3,QADE + Knowledge Graph,19,24,10,4,0.8739887157840921,0.002070599999569822
9,ibm_brisbane,QAOA,3,QADE + Knowledge Graph,19,24,10,4,0.8739887157840921,0.0019795999978668988
9,ibm_brisbane,QAOA,3,QADE + Knowledge Graph,19,24,10,4,0.8739887157840921,0.002405999999609776
9,ibm_brisbane,QAOA,3,QADE + Knowledge Graph,19,24,10,4,0.8739887157840921,0.002061799998045899
9,ibm_brisbane,QAOA,3,QADE + Knowledge Graph,19,24,10,4,0.8739887157840921,0.0019593999968492426
9,ibm_brisbane,QAOA,3,QADE + Knowledge Graph,19,24,10,4,0.8739887157840921,0.0024110000013024546
9,ibm_brisbane,QAOA,3,QADE + Knowledge Graph,19,24,10,4,0.8739887157840921,0.0022802999956184067
9,ibm_brisbane,QAOA,3,QADE + Knowledge Graph,19,24,10,4,0.8739887157840921,0.0020501000035437755
9,ibm_brisbane,QAOA,3,QADE + Knowledge Graph,19,24,10,4,0.8739887157840921,0.002195200002461206
9,ibm_brisbane,QAOA,3,QADE + Knowledge Graph,19,24,10,4,0.8739887157840921,0.002176100002543535
9,ibm_brisbane,QAOA,3,QADE + Knowledge Graph,19,24,10,4,0.8739887157840921,0.001996599996346049
9,ibm_brisbane,QAOA,3,QADE + Knowledge Graph,19,24,10,4,0.8739887157840921,0.002253099999506958
9,ibm_brisbane,QAOA,3,QADE + Knowledge Graph,19,24,10,4,0.8739887157840921,0.0021923000022070482
9,ibm_brisbane,QAOA,3,QADE + Knowledge Graph,19,24,10,4,0.8739887157840921,0.0020186999972793274
9,ibm_brisbane,QAOA,3,QADE + Evolution + PyZX,13,20,6,2,0.9098864612205138,0.061127100001613144
9,ibm_brisbane,QAOA,3,QADE + Evolution + PyZX,13,20,6,2,0.9098864612205138,0.05388099999981932
9,ibm_brisbane,QAOA,3,QADE + Evolution + PyZX,16,24,10,2,0.8918247605907349,0.04817210000328487
9,ibm_brisbane,QAOA,3,QADE + Evolution + PyZX,13,20,6,2,0.9098864612205138,0.05669510000006994
9,ibm_brisbane,QAOA,3,QADE + Evolution + PyZX,18,21,10,4,0.8766159346167545,0.05555119999917224
9,ibm_brisbane,QAOA,3,QADE + Evolution + PyZX,16,20,9,4,0.8810210398158336,0.045417200002702884
9,ibm_brisbane,QAOA,3,QADE + Evolution + PyZX,16,24,10,2,0.8918247605907349,0.0483172000022023
9,ibm_brisbane,QAOA,3,QADE + Evolution + PyZX,19,24,10,4,0.8739887157840921,0.04927470000257017
9,ibm_brisbane,QAOA,3,QADE + Evolution + PyZX,16,24,10,2,0.8918247605907349,0.07122950000484707
9,ibm_brisbane,QAOA,3,QADE + Evolution + PyZX,13,20,6,2,0.9098864612205138,0.05269150000094669
9,ibm_brisbane,QAOA,3,QADE + Evolution + PyZX,16,24,10,2,0.8918247605907349,0.05226639999455074
9,ibm_brisbane,QAOA,3,QADE + Evolution + PyZX,16,24,10,2,0.8918247605907349,0.050268699997104704
9,ibm_brisbane,QAOA,3,QADE + Evolution + PyZX,19,24,10,4,0.8739887157840921,0.056684200004383456
9,ibm_brisbane,QAOA,3,QADE + Evolution + PyZX,12,20,6,0,0.9284550941996332,0.06773889999749372
9,ibm_brisbane,QAOA,3,QADE + Evolution + PyZX,19,24,10,4,0.8739887157840921,0.05657960000098683
9,ibm_brisbane,QAOA,3,QADE + Evolution + PyZX,13,20,6,2,0.9098864612205138,0.06660420000116574
9,ibm_brisbane,QAOA,3,QADE + Evolution + PyZX,19,23,10,4,0.8748635793634557,0.04321769999660319
9,ibm_brisbane,QAOA,3,QADE + Evolution + PyZX,16,24,10,2,0.8918247605907349,0.06210809999902267
9,ibm_brisbane,QAOA,3,QADE + Evolution + PyZX,13,20,6,2,0.9098864612205138,0.05279529999825172
9,ibm_brisbane,QAOA,3,QADE + Evolution + PyZX,12,17,6,2,0.9126215890354745,0.049562100000912324
9,ibm_brisbane,QAOA,3,QADE + Evolution + PyZX,13,20,6,2,0.9098864612205138,0.058840500001679175
9,ibm_brisbane,QAOA,3,QADE + Evolution + PyZX,19,24,10,4,0.8739887157840921,0.06669359999796143
9,ibm_brisbane,QAOA,3,QADE + Evolution + PyZX,16,24,10,2,0.8918247605907349,0.05012909999641124
9,ibm_brisbane,QAOA,3,QADE + Evolution + PyZX,16,24,10,2,0.8918247605907349,0.15957029999844963
9,ibm_brisbane,QAOA,3,QADE + Evolution + PyZX,16,21,10,2,0.8945055947527144,0.0550812000001315
9,ibm_brisbane,QAOA,3,QADE + Evolution + PyZX,19,23,10,4,0.8748635793634557,0.03992689999722643
9,ibm_brisbane,QAOA,3,QADE + Evolution + PyZX,18,21,10,4,0.8766159346167545,0.05583430000115186
9,ibm_brisbane,QAOA,3,QADE + Evolution + PyZX,19,24,10,4,0.8739887157840921,0.05000760000257287
9,ibm_brisbane,QAOA,3,QADE + Evolution + PyZX,13,20,6,2,0.9098864612205138,0.05026630000065779
9,ibm_brisbane,QAOA,3,QADE + Evolution + PyZX,18,21,10,4,0.8766159346167545,0.04875519999768585
10,ibm_brisbane,QV,3,Qiskit,11,22,1,0,0.9453745730844781,0.007262099999934435
10,ibm_brisbane,QV,3,Qiskit,11,24,1,0,0.9434847693128823,0.006212100000993814
10,ibm_brisbane,QV,3,Qiskit,11,22,1,0,0.9453745730844781,0.006214999993972015
10,ibm_brisbane,QV,3,Qiskit,11,24,1,0,0.9434847693128823,0.006006200004776474
10,ibm_brisbane,QV,3,Qiskit,11,22,1,0,0.9453745730844781,0.006043600005796179
10,ibm_brisbane,QV,3,Qiskit,11,22,1,0,0.9453745730844781,0.005845200001203921
10,ibm_brisbane,QV,3,Qiskit,11,24,1,0,0.9434847693128823,0.005881699995370582
10,ibm_brisbane,QV,3,Qiskit,11,24,1,0,0.9434847693128823,0.005742299996200018
10,ibm_brisbane,QV,3,Qiskit,11,24,1,0,0.9434847693128823,0.005659300004481338
10,ibm_brisbane,QV,3,Qiskit,11,24,1,0,0.9434847693128823,0.005833700000948738
10,ibm_brisbane,QV,3,Qiskit,11,24,1,0,0.9434847693128823,0.005696599997463636
10,ibm_brisbane,QV,3,Qiskit,11,22,1,0,0.9453745730844781,0.005830499998410232
10,ibm_brisbane,QV,3,Qiskit,11,24,1,0,0.9434847693128823,0.005725199996959418
10,ibm_brisbane,QV,3,Qiskit,11,24,1,0,0.9434847693128823,0.005695799998647999
10,ibm_brisbane,QV,3,Qiskit,11,24,1,0,0.9434847693128823,0.005714099999750033
10,ibm_brisbane,QV,3,Qiskit,11,24,1,0,0.9434847693128823,0.005765200003224891
10,ibm_brisbane,QV,3,Qiskit,11,22,1,0,0.9453745730844781,0.007027299994661007
10,ibm_brisbane,QV,3,Qiskit,11,22,1,0,0.9453745730844781,0.006639500003075227
10,ibm_brisbane,QV,3,Qiskit,11,22,1,0,0.9453745730844781,0.006537000001117121
10,ibm_brisbane,QV,3,Qiskit,11,24,1,0,0.9434847693128823,0.006086100001994055
10,ibm_brisbane,QV,3,Qiskit,11,24,1,0,0.9434847693128823,0.005764099994848948
10,ibm_brisbane,QV,3,Qiskit,11,24,1,0,0.9434847693128823,0.0058349999962956645
10,ibm_brisbane,QV,3,Qiskit,11,24,1,0,0.9434847693128823,0.005764599998656195
10,ibm_brisbane,QV,3,Qiskit,11,24,1,0,0.9434847693128823,0.0060611000008066185
10,ibm_brisbane,QV,3,Qiskit,11,24,1,0,0.9434847693128823,0.005873599999176804
10,ibm_brisbane,QV,3,Qiskit,11,22,1,0,0.9453745730844781,0.006052799995813984
10,ibm_brisbane,QV,3,Qiskit,11,24,1,0,0.9434847693128823,0.005832599999848753
10,ibm_brisbane,QV,3,Qiskit,11,22,1,0,0.9453745730844781,0.005880099997739308
10,ibm_brisbane,QV,3,Qiskit,11,22,1,0,0.9453745730844781,0.006027399998856708
10,ibm_brisbane,QV,3,Qiskit,11,22,1,0,0.9453745730844781,0.005975199994281866
10,ibm_brisbane,QV,3,PyZX,10,20,2,0,0.9434752966265206,0.0020696999999927357
10,ibm_brisbane,QV,3,PyZX,10,20,2,0,0.9434752966265206,0.0016824999984237365
10,ibm_brisbane,QV,3,PyZX,10,20,2,0,0.9434752966265206,0.001631999999517575
10,ibm_brisbane,QV,3,PyZX,10,20,2,0,0.9434752966265206,0.0016695000012987293
10,ibm_brisbane,QV,3,PyZX,10,20,2,0,0.9434752966265206,0.0016431999974884093
10,ibm_brisbane,QV,3,PyZX,10,20,2,0,0.9434752966265206,0.0015687999984947965
10,ibm_brisbane,QV,3,PyZX,10,20,2,0,0.9434752966265206,0.001586500002304092
10,ibm_brisbane,QV,3,PyZX,10,20,2,0,0.9434752966265206,0.0016447999951196834
10,ibm_brisbane,QV,3,PyZX,10,20,2,0,0.9434752966265206,0.0016150999945239164
10,ibm_brisbane,QV,3,PyZX,10,20,2,0,0.9434752966265206,0.0015511000019614585
10,ibm_brisbane,QV,3,PyZX,10,20,2,0,0.9434752966265206,0.0015907999986666255
10,ibm_brisbane,QV,3,PyZX,10,20,2,0,0.9434752966265206,0.0016711999996914528
10,ibm_brisbane,QV,3,PyZX,10,20,2,0,0.9434752966265206,0.001621099996555131
10,ibm_brisbane,QV,3,PyZX,10,20,2,0,0.9434752966265206,0.0015815000006114133
10,ibm_brisbane,QV,3,PyZX,10,20,2,0,0.9434752966265206,0.0015300999948522076
10,ibm_brisbane,QV,3,PyZX,10,20,2,0,0.9434752966265206,0.0016755000033299439
10,ibm_brisbane,QV,3,PyZX,10,20,2,0,0.9434752966265206,0.0015818000028957613
10,ibm_brisbane,QV,3,PyZX,10,20,2,0,0.9434752966265206,0.0015266999980667606
10,ibm_brisbane,QV,3,PyZX,10,20,2,0,0.9434752966265206,0.0015226000032271259
10,ibm_brisbane,QV,3,PyZX,10,20,2,0,0.9434752966265206,0.0016042999995988794
10,ibm_brisbane,QV,3,PyZX,10,20,2,0,0.9434752966265206,0.0016399000014644116
10,ibm_brisbane,QV,3,PyZX,10,20,2,0,0.9434752966265206,0.0015835000012884848
10,ibm_brisbane,QV,3,PyZX,10,20,2,0,0.9434752966265206,0.001580799995281268
10,ibm_brisbane,QV,3,PyZX,10,20,2,0,0.9434752966265206,0.0015822999994270504
10,ibm_brisbane,QV,3,PyZX,10,20,2,0,0.9434752966265206,0.0016142999957082793
10,ibm_brisbane,QV,3,PyZX,10,20,2,0,0.9434752966265206,0.0015803999995114282
10,ibm_brisbane,QV,3,PyZX,10,20,2,0,0.9434752966265206,0.001571400003740564
10,ibm_brisbane,QV,3,PyZX,10,20,2,0,0.9434752966265206,0.0015717999995104037
10,ibm_brisbane,QV,3,PyZX,10,20,2,0,0.9434752966265206,0.0017089999964809977
10,ibm_brisbane,QV,3,PyZX,10,20,2,0,0.9434752966265206,0.0016066000025602989
10,ibm_brisbane,QV,3,TKET,7,16,1,0,0.9510667264493516,0.0251743000044371
10,ibm_brisbane,QV,3,TKET,7,16,1,0,0.9510667264493516,0.02450680000038119
10,ibm_brisbane,QV,3,TKET,7,16,1,0,0.9510667264493516,0.024219600003561936
10,ibm_brisbane,QV,3,TKET,7,16,1,0,0.9510667264493516,0.02488930000254186
10,ibm_brisbane,QV,3,TKET,7,16,1,0,0.9510667264493516,0.025183099998685066
10,ibm_brisbane,QV,3,TKET,7,16,1,0,0.9510667264493516,0.024932199994509574
10,ibm_brisbane,QV,3,TKET,7,16,1,0,0.9510667264493516,0.025091000003158115
10,ibm_brisbane,QV,3,TKET,7,16,1,0,0.9510667264493516,0.024614100002509076
10,ibm_brisbane,QV,3,TKET,7,16,1,0,0.9510667264493516,0.024544100000639446
10,ibm_brisbane,QV,3,TKET,7,16,1,0,0.9510667264493516,0.0241706000015256
10,ibm_brisbane,QV,3,TKET,7,16,1,0,0.9510667264493516,0.02453629999945406
10,ibm_brisbane,QV,3,TKET,7,16,1,0,0.9510667264493516,0.02503850000357488
10,ibm_brisbane,QV,3,TKET,7,16,1,0,0.9510667264493516,0.02491089999966789
10,ibm_brisbane,QV,3,TKET,7,16,1,0,0.9510667264493516,0.024831900002027396
10,ibm_brisbane,QV,3,TKET,7,16,1,0,0.9510667264493516,0.02471730000252137
10,ibm_brisbane,QV,3,TKET,7,16,1,0,0.9510667264493516,0.025183999998262152
10,ibm_brisbane,QV,3,TKET,7,16,1,0,0.9510667264493516,0.025292300000728574
10,ibm_brisbane,QV,3,TKET,7,16,1,0,0.9510667264493516,0.024887400002626237
10,ibm_brisbane,QV,3,TKET,7,16,1,0,0.9510667264493516,0.02488150000135647
10,ibm_brisbane,QV,3,TKET,7,16,1,0,0.9510667264493516,0.024948199999926146
10,ibm_brisbane,QV,3,TKET,7,16,1,0,0.9510667264493516,0.025495399997453205
10,ibm_brisbane,QV,3,TKET,7,16,1,0,0.9510667264493516,0.02508300000044983
10,ibm_brisbane,QV,3,TKET,7,16,1,0,0.9510667264493516,0.02501450000272598
10,ibm_brisbane,QV,3,TKET,7,16,1,0,0.9510667264493516,0.026074100002006162
10,ibm_brisbane,QV,3,TKET,7,16,1,0,0.9510667264493516,0.02538549999735551
10,ibm_brisbane,QV,3,TKET,7,16,1,0,0.9510667264493516,0.024921399999584537
10,ibm_brisbane,QV,3,TKET,7,16,1,0,0.9510667264493516,0.02538799999456387
10,ibm_brisbane,QV,3,TKET,7,16,1,0,0.9510667264493516,0.02578479999647243
10,ibm_brisbane,QV,3,TKET,7,16,1,0,0.9510667264493516,0.025275300002249423
10,ibm_brisbane,QV,3,TKET,7,16,1,0,0.9510667264493516,0.02537819999997737
10,ibm_brisbane,QV,3,BQSKit,3,7,1,0,0.9596692823881009,0.05990530000417493
10,ibm_brisbane,QV,3,BQSKit,3,7,1,0,0.9596692823881009,0.05942299999878742
10,ibm_brisbane,QV,3,BQSKit,3,7,1,0,0.9596692823881009,0.0594753999976092
10,ibm_brisbane,QV,3,BQSKit,3,7,1,0,0.9596692823881009,0.05891999999585096
10,ibm_brisbane,QV,3,BQSKit,3,7,1,0,0.9596692823881009,0.05934200000046985
10,ibm_brisbane,QV,3,BQSKit,3,7,1,0,0.9596692823881009,0.05912630000239005
10,ibm_brisbane,QV,3,BQSKit,3,7,1,0,0.9596692823881009,0.05902580000110902
10,ibm_brisbane,QV,3,BQSKit,3,7,1,0,0.9596692823881009,0.05985169999621576
10,ibm_brisbane,QV,3,BQSKit,3,7,1,0,0.9596692823881009,0.05889089999982389
10,ibm_brisbane,QV,3,BQSKit,3,7,1,0,0.9596692823881009,0.059924100001808256
10,ibm_brisbane,QV,3,BQSKit,3,7,1,0,0.9596692823881009,0.05930219999572728
10,ibm_brisbane,QV,3,BQSKit,3,7,1,0,0.9596692823881009,0.05951269999786746
10,ibm_brisbane,QV,3,BQSKit,3,7,1,0,0.9596692823881009,0.05920429999969201
10,ibm_brisbane,QV,3,BQSKit,3,7,1,0,0.9596692823881009,0.05890179999551037
10,ibm_brisbane,QV,3,BQSKit,3,7,1,0,0.9596692823881009,0.059247199998935685
10,ibm_brisbane,QV,3,BQSKit,3,7,1,0,0.9596692823881009,0.05855149999842979
10,ibm_brisbane,QV,3,BQSKit,3,7,1,0,0.9596692823881009,0.05887739999889163
10,ibm_brisbane,QV,3,BQSKit,3,7,1,0,0.9596692823881009,0.05909760000213282
10,ibm_brisbane,QV,3,BQSKit,3,7,1,0,0.9596692823881009,0.059525299999222625
10,ibm_brisbane,QV,3,BQSKit,3,7,1,0,0.9596692823881009,0.05854589999944437
10,ibm_brisbane,QV,3,BQSKit,3,7,1,0,0.9596692823881009,0.05890899999940302
10,ibm_brisbane,QV,3,BQSKit,3,7,1,0,0.9596692823881009,0.05913249999866821
10,ibm_brisbane,QV,3,BQSKit,3,7,1,0,0.9596692823881009,0.05923600000096485
10,ibm_brisbane,QV,3,BQSKit,3,7,1,0,0.9596692823881009,0.05897289999847999
10,ibm_brisbane,QV,3,BQSKit,3,7,1,0,0.9596692823881009,0.059292900004948024
10,ibm_brisbane,QV,3,BQSKit,3,7,1,0,0.9596692823881009,0.05868370000098366
10,ibm_brisbane,QV,3,BQSKit,3,7,1,0,0.9596692823881009,0.05928110000240849
10,ibm_brisbane,QV,3,BQSKit,3,7,1,0,0.9596692823881009,0.05947399999422487
10,ibm_brisbane,QV,3,BQSKit,3,7,1,0,0.9596692823881009,0.0589406999933999
10,ibm_brisbane,QV,3,BQSKit,3,7,1,0,0.9596692823881009,0.05920049999986077
10,ibm_brisbane,QV,3,Cirq-native,3,7,1,0,0.9596692823881009,0.0011836999983643182
10,ibm_brisbane,QV,3,Cirq-native,3,7,1,0,0.9596692823881009,0.0007889999978942797
10,ibm_brisbane,QV,3,Cirq-native,3,7,1,0,0.9596692823881009,0.0006935999990673736
10,ibm_brisbane,QV,3,Cirq-native,3,7,1,0,0.9596692823881009,0.0006796000016038306
10,ibm_brisbane,QV,3,Cirq-native,3,7,1,0,0.9596692823881009,0.0006830999991507269
10,ibm_brisbane,QV,3,Cirq-native,3,7,1,0,0.9596692823881009,0.0007812000039848499
10,ibm_brisbane,QV,3,Cirq-native,3,7,1,0,0.9596692823881009,0.0007138999935705215
10,ibm_brisbane,QV,3,Cirq-native,3,7,1,0,0.9596692823881009,0.0007656999950995669
10,ibm_brisbane,QV,3,Cirq-native,3,7,1,0,0.9596692823881009,0.0006906999988132156
10,ibm_brisbane,QV,3,Cirq-native,3,7,1,0,0.9596692823881009,0.0006536999935633503
10,ibm_brisbane,QV,3,Cirq-native,3,7,1,0,0.9596692823881009,0.0006944000051589683
10,ibm_brisbane,QV,3,Cirq-native,3,7,1,0,0.9596692823881009,0.0007210999974631704
10,ibm_brisbane,QV,3,Cirq-native,3,7,1,0,0.9596692823881009,0.0006977000011829659
10,ibm_brisbane,QV,3,Cirq-native,3,7,1,0,0.9596692823881009,0.0006664999964414164
10,ibm_brisbane,QV,3,Cirq-native,3,7,1,0,0.9596692823881009,0.0007798000006005168
10,ibm_brisbane,QV,3,Cirq-native,3,7,1,0,0.9596692823881009,0.0007313999958569184
10,ibm_brisbane,QV,3,Cirq-native,3,7,1,0,0.9596692823881009,0.00077449999662349
10,ibm_brisbane,QV,3,Cirq-native,3,7,1,0,0.9596692823881009,0.0006823000003350899
10,ibm_brisbane,QV,3,Cirq-native,3,7,1,0,0.9596692823881009,0.0006655000033788383
10,ibm_brisbane,QV,3,Cirq-native,3,7,1,0,0.9596692823881009,0.0006502000032924116
10,ibm_brisbane,QV,3,Cirq-native,3,7,1,0,0.9596692823881009,0.0006787999955122359
10,ibm_brisbane,QV,3,Cirq-native,3,7,1,0,0.9596692823881009,0.0006675999975414015
10,ibm_brisbane,QV,3,Cirq-native,3,7,1,0,0.9596692823881009,0.0006621000065933913
10,ibm_brisbane,QV,3,Cirq-native,3,7,1,0,0.9596692823881009,0.0006847999975434504
10,ibm_brisbane,QV,3,Cirq-native,3,7,1,0,0.9596692823881009,0.0008357000042451546
10,ibm_brisbane,QV,3,Cirq-native,3,7,1,0,0.9596692823881009,0.0007755000042379834
10,ibm_brisbane,QV,3,Cirq-native,3,7,1,0,0.9596692823881009,0.000676800002111122
10,ibm_brisbane,QV,3,Cirq-native,3,7,1,0,0.9596692823881009,0.0006752999979653396
10,ibm_brisbane,QV,3,Cirq-native,3,7,1,0,0.9596692823881009,0.0006429000059142709
10,ibm_brisbane,QV,3,Cirq-native,3,7,1,0,0.9596692823881009,0.0006595000013476238
10,ibm_brisbane,QV,3,QADE,3,7,1,0,0.9596692823881009,0.01117760000488488
10,ibm_brisbane,QV,3,QADE,3,7,1,0,0.9596692823881009,0.010346100003516767
10,ibm_brisbane,QV,3,QADE,3,7,1,0,0.9596692823881009,0.009635800000978634
10,ibm_brisbane,QV,3,QADE,3,7,1,0,0.9596692823881009,0.01080319999891799
10,ibm_brisbane,QV,3,QADE,3,7,1,0,0.9596692823881009,0.009352699998999014
10,ibm_brisbane,QV,3,QADE,3,7,1,0,0.9596692823881009,0.007536900004197378
10,ibm_brisbane,QV,3,QADE,3,7,1,0,0.9596692823881009,0.009125899996433873
10,ibm_brisbane,QV,3,QADE,3,7,1,0,0.9596692823881009,0.012389399998937733
10,ibm_brisbane,QV,3,QADE,3,7,1,0,0.9596692823881009,0.010763600002974272
10,ibm_brisbane,QV,3,QADE,3,7,1,0,0.9596692823881009,0.008252499996160623
10,ibm_brisbane,QV,3,QADE,3,7,1,0,0.9596692823881009,0.008495000001857989
10,ibm_brisbane,QV,3,QADE,3,7,1,0,0.9596692823881009,0.009803199995076284
10,ibm_brisbane,QV,3,QADE,3,7,1,0,0.9596692823881009,0.00744499999564141
10,ibm_brisbane,QV,3,QADE,3,7,1,0,0.9596692823881009,0.009622999998100568
10,ibm_brisbane,QV,3,QADE,3,7,1,0,0.9596692823881009,0.007809700000507291
10,ibm_brisbane,QV,3,QADE,3,7,1,0,0.9596692823881009,0.008049700001720339
10,ibm_brisbane,QV,3,QADE,3,7,1,0,0.9596692823881009,0.00882669999555219
10,ibm_brisbane,QV,3,QADE,3,7,1,0,0.9596692823881009,0.008914899997762404
10,ibm_brisbane,QV,3,QADE,3,7,1,0,0.9596692823881009,0.00944549999985611
10,ibm_brisbane,QV,3,QADE,3,7,1,0,0.9596692823881009,0.008739600001717918
10,ibm_brisbane,QV,3,QADE,3,7,1,0,0.9596692823881009,0.007795299999997951
10,ibm_brisbane,QV,3,QADE,3,7,1,0,0.9596692823881009,0.010059599997475743
10,ibm_brisbane,QV,3,QADE,3,7,1,0,0.9596692823881009,0.007944100005261134
10,ibm_brisbane,QV,3,QADE,3,7,1,0,0.9596692823881009,0.010097800004587043
10,ibm_brisbane,QV,3,QADE,3,7,1,0,0.9596692823881009,0.011386699996364769
10,ibm_brisbane,QV,3,QADE,3,7,1,0,0.9596692823881009,0.009604099999705795
10,ibm_brisbane,QV,3,QADE,3,7,1,0,0.9596692823881009,0.009391399995365646
10,ibm_brisbane,QV,3,QADE,3,7,1,0,0.9596692823881009,0.00915779999922961
10,ibm_brisbane,QV,3,QADE,3,7,1,0,0.9596692823881009,0.00809510000544833
10,ibm_brisbane,QV,3,QADE,3,7,1,0,0.9596692823881009,0.008849400001054164
10,ibm_brisbane,QV,3,QADE + PyZX,10,20,2,0,0.9434752966265206,0.012469300003431272
10,ibm_brisbane,QV,3,QADE + PyZX,10,20,2,0,0.9434752966265206,0.009642900004109833
10,ibm_brisbane,QV,3,QADE + PyZX,10,20,2,0,0.9434752966265206,0.011207899995497428
10,ibm_brisbane,QV,3,QADE + PyZX,10,20,2,0,0.9434752966265206,0.00995820000389358
10,ibm_brisbane,QV,3,QADE + PyZX,10,20,2,0,0.9434752966265206,0.012447199995222036
10,ibm_brisbane,QV,3,QADE + PyZX,10,20,2,0,0.9434752966265206,0.010815900001034606
10,ibm_brisbane,QV,3,QADE + PyZX,10,20,2,0,0.9434752966265206,0.009976599998481106
10,ibm_brisbane,QV,3,QADE + PyZX,10,20,2,0,0.9434752966265206,0.010170699999434873
10,ibm_brisbane,QV,3,QADE + PyZX,10,20,2,0,0.9434752966265206,0.010618500004056841
10,ibm_brisbane,QV,3,QADE + PyZX,10,20,2,0,0.9434752966265206,0.012860599999839906
10,ibm_brisbane,QV,3,QADE + PyZX,10,20,2,0,0.9434752966265206,0.01019780000206083
10,ibm_brisbane,QV,3,QADE + PyZX,10,20,2,0,0.9434752966265206,0.011286299995845184
10,ibm_brisbane,QV,3,QADE + PyZX,10,20,2,0,0.9434752966265206,0.011531500000273809
10,ibm_brisbane,QV,3,QADE + PyZX,10,20,2,0,0.9434752966265206,0.010517800001252908
10,ibm_brisbane,QV,3,QADE + PyZX,10,20,2,0,0.9434752966265206,0.008968199996161275
10,ibm_brisbane,QV,3,QADE + PyZX,10,20,2,0,0.9434752966265206,0.009329900000011548
10,ibm_brisbane,QV,3,QADE + PyZX,10,20,2,0,0.9434752966265206,0.011567100002139341
10,ibm_brisbane,QV,3,QADE + PyZX,10,20,2,0,0.9434752966265206,0.010368299997935537
10,ibm_brisbane,QV,3,QADE + PyZX,10,20,2,0,0.9434752966265206,0.01258669999515405
10,ibm_brisbane,QV,3,QADE + PyZX,10,20,2,0,0.9434752966265206,0.010896500003582332
10,ibm_brisbane,QV,3,QADE + PyZX,10,20,2,0,0.9434752966265206,0.013441399998555426
10,ibm_brisbane,QV,3,QADE + PyZX,10,20,2,0,0.9434752966265206,0.010990300004777964
10,ibm_brisbane,QV,3,QADE + PyZX,10,20,2,0,0.9434752966265206,0.011689799997839145
10,ibm_brisbane,QV,3,QADE + PyZX,10,20,2,0,0.9434752966265206,0.011078900002758019
10,ibm_brisbane,QV,3,QADE + PyZX,10,20,2,0,0.9434752966265206,0.009815199999138713
10,ibm_brisbane,QV,3,QADE + PyZX,10,20,2,0,0.9434752966265206,0.017005800000333693
10,ibm_brisbane,QV,3,QADE + PyZX,10,20,2,0,0.9434752966265206,0.01261779999913415
10,ibm_brisbane,QV,3,QADE + PyZX,10,20,2,0,0.9434752966265206,0.012752700000419281
10,ibm_brisbane,QV,3,QADE + PyZX,10,20,2,0,0.9434752966265206,0.01367700000264449
10,ibm_brisbane,QV,3,QADE + PyZX,10,20,2,0,0.9434752966265206,0.012077200000931043
10,ibm_brisbane,QV,3,QADE + Knowledge Graph,10,20,2,0,0.9434752966265206,0.002312199998414144
10,ibm_brisbane,QV,3,QADE + Knowledge Graph,10,20,2,0,0.9434752966265206,0.002009600000747014
10,ibm_brisbane,QV,3,QADE + Knowledge Graph,10,20,2,0,0.9434752966265206,0.0015965999991749413
10,ibm_brisbane,QV,3,QADE + Knowledge Graph,10,20,2,0,0.9434752966265206,0.0015500000008614734
10,ibm_brisbane,QV,3,QADE + Knowledge Graph,10,20,2,0,0.9434752966265206,0.0018133999983547255
10,ibm_brisbane,QV,3,QADE + Knowledge Graph,10,20,2,0,0.9434752966265206,0.0018815000003087334
10,ibm_brisbane,QV,3,QADE + Knowledge Graph,10,20,2,0,0.9434752966265206,0.0016507000036654063
10,ibm_brisbane,QV,3,QADE + Knowledge Graph,10,20,2,0,0.9434752966265206,0.0015478000059374608
10,ibm_brisbane,QV,3,QADE + Knowledge Graph,10,20,2,0,0.9434752966265206,0.0018429999981890433
10,ibm_brisbane,QV,3,QADE + Knowledge Graph,10,20,2,0,0.9434752966265206,0.0018004000012297183
10,ibm_brisbane,QV,3,QADE + Knowledge Graph,10,20,2,0,0.9434752966265206,0.0015925000043353066
10,ibm_brisbane,QV,3,QADE + Knowledge Graph,10,20,2,0,0.9434752966265206,0.0015329000016208738
10,ibm_brisbane,QV,3,QADE + Knowledge Graph,10,20,2,0,0.9434752966265206,0.001919800000905525
10,ibm_brisbane,QV,3,QADE + Knowledge Graph,10,20,2,0,0.9434752966265206,0.0019221000038669445
10,ibm_brisbane,QV,3,QADE + Knowledge Graph,10,20,2,0,0.9434752966265206,0.0017186999975820072
10,ibm_brisbane,QV,3,QADE + Knowledge Graph,10,20,2,0,0.9434752966265206,0.0016666000010445714
10,ibm_brisbane,QV,3,QADE + Knowledge Graph,10,20,2,0,0.9434752966265206,0.0021554999984800816
10,ibm_brisbane,QV,3,QADE + Knowledge Graph,10,20,2,0,0.9434752966265206,0.0018091999954776838
10,ibm_brisbane,QV,3,QADE + Knowledge Graph,10,20,2,0,0.9434752966265206,0.0016102000008686446
10,ibm_brisbane,QV,3,QADE + Knowledge Graph,10,20,2,0,0.9434752966265206,0.0016537000046810135
10,ibm_brisbane,QV,3,QADE + Knowledge Graph,10,20,2,0,0.9434752966265206,0.0018724999972619116
10,ibm_brisbane,QV,3,QADE + Knowledge Graph,10,20,2,0,0.9434752966265206,0.0016815999988466501
10,ibm_brisbane,QV,3,QADE + Knowledge Graph,10,20,2,0,0.9434752966265206,0.001593400003912393
10,ibm_brisbane,QV,3,QADE + Knowledge Graph,10,20,2,0,0.9434752966265206,0.0016802000027382746
10,ibm_brisbane,QV,3,QADE + Knowledge Graph,10,20,2,0,0.9434752966265206,0.0019481999988784082
10,ibm_brisbane,QV,3,QADE + Knowledge Graph,10,20,2,0,0.9434752966265206,0.0016794000039226376
10,ibm_brisbane,QV,3,QADE + Knowledge Graph,10,20,2,0,0.9434752966265206,0.0015592999989166856
10,ibm_brisbane,QV,3,QADE + Knowledge Graph,10,20,2,0,0.9434752966265206,0.0016223999991780147
10,ibm_brisbane,QV,3,QADE + Knowledge Graph,10,20,2,0,0.9434752966265206,0.0019629000016720966
10,ibm_brisbane,QV,3,QADE + Knowledge Graph,10,20,2,0,0.9434752966265206,0.0017447999998694286
10,ibm_brisbane,QV,3,QADE + Evolution + PyZX,10,20,2,0,0.9434752966265206,0.04143409999960568
10,ibm_brisbane,QV,3,QADE + Evolution + PyZX,10,20,2,0,0.9434752966265206,0.06451189999643248
10,ibm_brisbane,QV,3,QADE + Evolution + PyZX,10,20,2,0,0.9434752966265206,0.03778520000196295
10,ibm_brisbane,QV,3,QADE + Evolution + PyZX,10,20,2,0,0.9434752966265206,0.04657569999835687
10,ibm_brisbane,QV,3,QADE + Evolution + PyZX,10,20,2,0,0.9434752966265206,0.047638600000937004
10,ibm_brisbane,QV,3,QADE + Evolution + PyZX,10,20,2,0,0.9434752966265206,0.03396760000032373
10,ibm_brisbane,QV,3,QADE + Evolution + PyZX,10,20,2,0,0.9434752966265206,0.058457700004510116
10,ibm_brisbane,QV,3,QADE + Evolution + PyZX,10,20,2,0,0.9434752966265206,0.052286300000560004
10,ibm_brisbane,QV,3,QADE + Evolution + PyZX,10,20,2,0,0.9434752966265206,0.05268169999908423
10,ibm_brisbane,QV,3,QADE + Evolution + PyZX,10,20,2,0,0.9434752966265206,0.040413200003968086
10,ibm_brisbane,QV,3,QADE + Evolution + PyZX,10,20,2,0,0.9434752966265206,0.04588690000673523
10,ibm_brisbane,QV,3,QADE + Evolution + PyZX,10,20,2,0,0.9434752966265206,0.05876249999710126
10,ibm_brisbane,QV,3,QADE + Evolution + PyZX,10,20,2,0,0.9434752966265206,0.04047139999602223
10,ibm_brisbane,QV,3,QADE + Evolution + PyZX,10,20,2,0,0.9434752966265206,0.045922900004370604
10,ibm_brisbane,QV,3,QADE + Evolution + PyZX,10,20,2,0,0.9434752966265206,0.039934699998411816
10,ibm_brisbane,QV,3,QADE + Evolution + PyZX,10,20,2,0,0.9434752966265206,0.03556009999738308
10,ibm_brisbane,QV,3,QADE + Evolution + PyZX,10,20,2,0,0.9434752966265206,0.030132899999443907
10,ibm_brisbane,QV,3,QADE + Evolution + PyZX,10,20,2,0,0.9434752966265206,0.043914699999731965
10,ibm_brisbane,QV,3,QADE + Evolution + PyZX,10,20,2,0,0.9434752966265206,0.06148930000199471
10,ibm_brisbane,QV,3,QADE + Evolution + PyZX,10,20,2,0,0.9434752966265206,0.044730100002198014
10,ibm_brisbane,QV,3,QADE + Evolution + PyZX,10,20,2,0,0.9434752966265206,0.038371599999663886
10,ibm_brisbane,QV,3,QADE + Evolution + PyZX,10,20,2,0,0.9434752966265206,0.05010480000055395
10,ibm_brisbane,QV,3,QADE + Evolution + PyZX,10,20,2,0,0.9434752966265206,0.038122400001157075
10,ibm_brisbane,QV,3,QADE + Evolution + PyZX,10,20,2,0,0.9434752966265206,0.03848130000551464
10,ibm_brisbane,QV,3,QADE + Evolution + PyZX,10,20,2,0,0.9434752966265206,0.04341359999671113
10,ibm_brisbane,QV,3,QADE + Evolution + PyZX,10,20,2,0,0.9434752966265206,0.0345311999990372
10,ibm_brisbane,QV,3,QADE + Evolution + PyZX,10,20,2,0,0.9434752966265206,0.042845399999350775
10,ibm_brisbane,QV,3,QADE + Evolution + PyZX,10,20,2,0,0.9434752966265206,0.05090650000056485
10,ibm_brisbane,QV,3,QADE + Evolution + PyZX,10,20,2,0,0.9434752966265206,0.04333970000152476
10,ibm_brisbane,QV,3,QADE + Evolution + PyZX,10,20,2,0,0.9434752966265206,0.0420116000022972
11,ibm_brisbane,GHZ,5,Qiskit,10,30,4,0,0.9081780264425964,0.007286699998076074
11,ibm_brisbane,GHZ,5,Qiskit,10,30,4,0,0.9081780264425964,0.006300699998973869
11,ibm_brisbane,GHZ,5,Qiskit,10,30,4,0,0.9081780264425964,0.006048899995221291
11,ibm_brisbane,GHZ,5,Qiskit,10,30,4,0,0.9081780264425964,0.006266200005484279
11,ibm_brisbane,GHZ,5,Qiskit,7,7,4,0,0.9293188806464573,0.006689299996651243
11,ibm_brisbane,GHZ,5,Qiskit,10,30,4,0,0.9081780264425964,0.009727199998451397
11,ibm_brisbane,GHZ,5,Qiskit,7,7,4,0,0.9293188806464573,0.005495500001416076
11,ibm_brisbane,GHZ,5,Qiskit,7,7,4,0,0.9293188806464573,0.005644800003210548
11,ibm_brisbane,GHZ,5,Qiskit,10,30,4,0,0.9081780264425964,0.005939499998930842
11,ibm_brisbane,GHZ,5,Qiskit,7,7,4,0,0.9293188806464573,0.005470300005981699
11,ibm_brisbane,GHZ,5,Qiskit,10,30,4,0,0.9081780264425964,0.006015599996317178
11,ibm_brisbane,GHZ,5,Qiskit,7,7,4,0,0.9293188806464573,0.00529120000283001
11,ibm_brisbane,GHZ,5,Qiskit,7,7,4,0,0.9293188806464573,0.005259300000034273
11,ibm_brisbane,GHZ,5,Qiskit,7,7,4,0,0.9293188806464573,0.005344199998944532
11,ibm_brisbane,GHZ,5,Qiskit,10,30,4,0,0.9081780264425964,0.005651799998304341
11,ibm_brisbane,GHZ,5,Qiskit,7,7,4,0,0.9293188806464573,0.005275400006212294
11,ibm_brisbane,GHZ,5,Qiskit,7,7,4,0,0.9293188806464573,0.005350500003260095
11,ibm_brisbane,GHZ,5,Qiskit,7,7,4,0,0.9293188806464573,0.005352500003937166
11,ibm_brisbane,GHZ,5,Qiskit,10,30,4,0,0.9081780264425964,0.005698699998902157
11,ibm_brisbane,GHZ,5,Qiskit,10,30,4,0,0.9081780264425964,0.005780799998319708
11,ibm_brisbane,GHZ,5,Qiskit,10,30,4,0,0.9081780264425964,0.005798900005174801
11,ibm_brisbane,GHZ,5,Qiskit,10,30,4,0,0.9081780264425964,0.00587939999968512
11,ibm_brisbane,GHZ,5,Qiskit,10,30,4,0,0.9081780264425964,0.005936299996392336
11,ibm_brisbane,GHZ,5,Qiskit,7,7,4,0,0.9293188806464573,0.005473999997775536
11,ibm_brisbane,GHZ,5,Qiskit,10,30,4,0,0.9081780264425964,0.005791899995529093
11,ibm_brisbane,GHZ,5,Qiskit,7,7,4,0,0.9293188806464573,0.005370099999709055
11,ibm_brisbane,GHZ,5,Qiskit,7,7,4,0,0.9293188806464573,0.00537159999657888
11,ibm_brisbane,GHZ,5,Qiskit,10,30,4,0,0.9081780264425964,0.00637569999526022
11,ibm_brisbane,GHZ,5,Qiskit,7,7,4,0,0.9293188806464573,0.005372300001909025
11,ibm_brisbane,GHZ,5,Qiskit,7,7,4,0,0.9293188806464573,0.005352500003937166
11,ibm_brisbane,GHZ,5,PyZX,9,13,4,0,0.9237568885733448,0.001934100000653416
11,ibm_brisbane,GHZ,5,PyZX,9,13,4,0,0.9237568885733448,0.0017780999987735413
11,ibm_brisbane,GHZ,5,PyZX,9,13,4,0,0.9237568885733448,0.0015663000012864359
11,ibm_brisbane,GHZ,5,PyZX,9,13,4,0,0.9237568885733448,0.0014640999943367206
11,ibm_brisbane,GHZ,5,PyZX,9,13,4,0,0.9237568885733448,0.00145419999898877
11,ibm_brisbane,GHZ,5,PyZX,9,13,4,0,0.9237568885733448,0.0015910000001895241
11,ibm_brisbane,GHZ,5,PyZX,9,13,4,0,0.9237568885733448,0.001559899996209424
11,ibm_brisbane,GHZ,5,PyZX,9,13,4,0,0.9237568885733448,0.0014568999977200292
11,ibm_brisbane,GHZ,5,PyZX,9,13,4,0,0.9237568885733448,0.0014560999989043921
11,ibm_brisbane,GHZ,5,PyZX,9,13,4,0,0.9237568885733448,0.0014607000048272312
11,ibm_brisbane,GHZ,5,PyZX,9,13,4,0,0.9237568885733448,0.0015383999998448417
11,ibm_brisbane,GHZ,5,PyZX,9,13,4,0,0.9237568885733448,0.001531100002466701
11,ibm_brisbane,GHZ,5,PyZX,9,13,4,0,0.9237568885733448,0.001454999997804407
11,ibm_brisbane,GHZ,5,PyZX,9,13,4,0,0.9237568885733448,0.0014414000033866614
11,ibm_brisbane,GHZ,5,PyZX,9,13,4,0,0.9237568885733448,0.0015272000018740073
11,ibm_brisbane,GHZ,5,PyZX,9,13,4,0,0.9237568885733448,0.001472199997806456
11,ibm_brisbane,GHZ,5,PyZX,9,13,4,0,0.9237568885733448,0.0014405999972950667
11,ibm_brisbane,GHZ,5,PyZX,9,13,4,0,0.9237568885733448,0.0014341999994940124
11,ibm_brisbane,GHZ,5,PyZX,9,13,4,0,0.9237568885733448,0.0014720000035595149
11,ibm_brisbane,GHZ,5,PyZX,9,13,4,0,0.9237568885733448,0.0016079000051831827
11,ibm_brisbane,GHZ,5,PyZX,9,13,4,0,0.9237568885733448,0.001484200001868885
11,ibm_brisbane,GHZ,5,PyZX,9,13,4,0,0.9237568885733448,0.0014907000004313886
11,ibm_brisbane,GHZ,5,PyZX,9,13,4,0,0.9237568885733448,0.00143680000473978
11,ibm_brisbane,GHZ,5,PyZX,9,13,4,0,0.9237568885733448,0.0014845999976387247
11,ibm_brisbane,GHZ,5,PyZX,9,13,4,0,0.9237568885733448,0.0015643000006093644
11,ibm_brisbane,GHZ,5,PyZX,9,13,4,0,0.9237568885733448,0.0014540999982273206
11,ibm_brisbane,GHZ,5,PyZX,9,13,4,0,0.9237568885733448,0.0014144000015221536
11,ibm_brisbane,GHZ,5,PyZX,9,13,4,0,0.9237568885733448,0.0014077000014367513
11,ibm_brisbane,GHZ,5,PyZX,9,13,4,0,0.9237568885733448,0.0015776999935042113
11,ibm_brisbane,GHZ,5,PyZX,9,13,4,0,0.9237568885733448,0.001624900003662333
11,ibm_brisbane,GHZ,5,TKET,7,7,4,0,0.9293188806464573,0.10000659999786876
11,ibm_brisbane,GHZ,5,TKET,7,7,4,0,0.9293188806464573,0.10194050000427524
11,ibm_brisbane,GHZ,5,TKET,7,7,4,0,0.9293188806464573,0.10136749999946915
11,ibm_brisbane,GHZ,5,TKET,7,7,4,0,0.9293188806464573,0.10077019999880577
11,ibm_brisbane,GHZ,5,TKET,7,7,4,0,0.9293188806464573,0.10096849999536062
11,ibm_brisbane,GHZ,5,TKET,7,7,4,0,0.9293188806464573,0.10089990000415128
11,ibm_brisbane,GHZ,5,TKET,7,7,4,0,0.9293188806464573,0.10353979999490548
11,ibm_brisbane,GHZ,5,TKET,7,7,4,0,0.9293188806464573,0.11716880000312813
11,ibm_brisbane,GHZ,5,TKET,7,7,4,0,0.9293188806464573,0.1084541000018362
11,ibm_brisbane,GHZ,5,TKET,7,7,4,0,0.9293188806464573,0.10853270000370685
11,ibm_brisbane,GHZ,5,TKET,7,7,4,0,0.9293188806464573,0.10517889999755425
11,ibm_brisbane,GHZ,5,TKET,7,7,4,0,0.9293188806464573,0.10251639999478357
11,ibm_brisbane,GHZ,5,TKET,7,7,4,0,0.9293188806464573,0.10077330000058282
11,ibm_brisbane,GHZ,5,TKET,7,7,4,0,0.9293188806464573,0.10109050000028219
11,ibm_brisbane,GHZ,5,TKET,7,7,4,0,0.9293188806464573,0.10301890000118874
11,ibm_brisbane,GHZ,5,TKET,7,7,4,0,0.9293188806464573,0.10160769999492913
11,ibm_brisbane,GHZ,5,TKET,7,7,4,0,0.9293188806464573,0.10223280000354862
11,ibm_brisbane,GHZ,5,TKET,7,7,4,0,0.9293188806464573,0.10014119999686955
11,ibm_brisbane,GHZ,5,TKET,7,7,4,0,0.9293188806464573,0.10090969999873778
11,ibm_brisbane,GHZ,5,TKET,7,7,4,0,0.9293188806464573,0.10108920000493526
11,ibm_brisbane,GHZ,5,TKET,7,7,4,0,0.9293188806464573,0.10018609999679029
11,ibm_brisbane,GHZ,5,TKET,7,7,4,0,0.9293188806464573,0.10008319999906234
11,ibm_brisbane,GHZ,5,TKET,7,7,4,0,0.9293188806464573,0.10226890000194544
11,ibm_brisbane,GHZ,5,TKET,7,7,4,0,0.9293188806464573,0.10041990000172518
11,ibm_brisbane,GHZ,5,TKET,7,7,4,0,0.9293188806464573,0.10435159999906318
11,ibm_brisbane,GHZ,5,TKET,7,7,4,0,0.9293188806464573,0.11378419999527978
11,ibm_brisbane,GHZ,5,TKET,7,7,4,0,0.9293188806464573,0.11314529999799561
11,ibm_brisbane,GHZ,5,TKET,7,7,4,0,0.9293188806464573,0.10598019999451935
11,ibm_brisbane,GHZ,5,TKET,7,7,4,0,0.9293188806464573,0.11243349999858765
11,ibm_brisbane,GHZ,5,TKET,7,7,4,0,0.9293188806464573,0.10625669999717502
11,ibm_brisbane,GHZ,5,BQSKit,5,5,4,0,0.9311803100863199,0.05945449999853736
11,ibm_brisbane,GHZ,5,BQSKit,5,5,4,0,0.9311803100863199,0.05852260000392562
11,ibm_brisbane,GHZ,5,BQSKit,5,5,4,0,0.9311803100863199,0.058651899998949375
11,ibm_brisbane,GHZ,5,BQSKit,5,5,4,0,0.9311803100863199,0.058332799999334384
11,ibm_brisbane,GHZ,5,BQSKit,5,5,4,0,0.9311803100863199,0.05864300000393996
11,ibm_brisbane,GHZ,5,BQSKit,5,5,4,0,0.9311803100863199,0.058559700002660975
11,ibm_brisbane,GHZ,5,BQSKit,5,5,4,0,0.9311803100863199,0.0584275000001071
11,ibm_brisbane,GHZ,5,BQSKit,5,5,4,0,0.9311803100863199,0.0583658999967156
11,ibm_brisbane,GHZ,5,BQSKit,5,5,4,0,0.9311803100863199,0.05841579999832902
11,ibm_brisbane,GHZ,5,BQSKit,5,5,4,0,0.9311803100863199,0.05850250000366941
11,ibm_brisbane,GHZ,5,BQSKit,5,5,4,0,0.9311803100863199,0.05856939999648603
11,ibm_brisbane,GHZ,5,BQSKit,5,5,4,0,0.9311803100863199,0.05857300000207033
11,ibm_brisbane,GHZ,5,BQSKit,5,5,4,0,0.9311803100863199,0.058139299995673355
11,ibm_brisbane,GHZ,5,BQSKit,5,5,4,0,0.9311803100863199,0.05861390000063693
11,ibm_brisbane,GHZ,5,BQSKit,5,5,4,0,0.9311803100863199,0.05927469999733148
11,ibm_brisbane,GHZ,5,BQSKit,5,5,4,0,0.9311803100863199,0.0591777000008733
11,ibm_brisbane,GHZ,5,BQSKit,5,5,4,0,0.9311803100863199,0.05905930000153603
11,ibm_brisbane,GHZ,5,BQSKit,5,5,4,0,0.9311803100863199,0.05927650000376161
11,ibm_brisbane,GHZ,5,BQSKit,5,5,4,0,0.9311803100863199,0.06032910000067204
11,ibm_brisbane,GHZ,5,BQSKit,5,5,4,0,0.9311803100863199,0.059280800000124145
11,ibm_brisbane,GHZ,5,BQSKit,5,5,4,0,0.9311803100863199,0.060614100002567284
11,ibm_brisbane,GHZ,5,BQSKit,5,5,4,0,0.9311803100863199,0.05936739999742713
11,ibm_brisbane,GHZ,5,BQSKit,5,5,4,0,0.9311803100863199,0.058409899997059256
11,ibm_brisbane,GHZ,5,BQSKit,5,5,4,0,0.9311803100863199,0.06260869999823626
11,ibm_brisbane,GHZ,5,BQSKit,5,5,4,0,0.9311803100863199,0.059484499994141515
11,ibm_brisbane,GHZ,5,BQSKit,5,5,4,0,0.9311803100863199,0.05836999999883119
11,ibm_brisbane,GHZ,5,BQSKit,5,5,4,0,0.9311803100863199,0.05835359999764478
11,ibm_brisbane,GHZ,5,BQSKit,5,5,4,0,0.9311803100863199,0.05874890000268351
11,ibm_brisbane,GHZ,5,BQSKit,5,5,4,0,0.9311803100863199,0.058802399995329324
11,ibm_brisbane,GHZ,5,BQSKit,5,5,4,0,0.9311803100863199,0.05839120000018738
11,ibm_brisbane,GHZ,5,Cirq-native,5,5,4,0,0.9311803100863199,0.0012132999981986359
11,ibm_brisbane,GHZ,5,Cirq-native,5,5,4,0,0.9311803100863199,0.0008049000025494024
11,ibm_brisbane,GHZ,5,Cirq-native,5,5,4,0,0.9311803100863199,0.0007117999994079582
11,ibm_brisbane,GHZ,5,Cirq-native,5,5,4,0,0.9311803100863199,0.0006776000009267591
11,ibm_brisbane,GHZ,5,Cirq-native,5,5,4,0,0.9311803100863199,0.000680199998896569
11,ibm_brisbane,GHZ,5,Cirq-native,5,5,4,0,0.9311803100863199,0.0006992000053287484
11,ibm_brisbane,GHZ,5,Cirq-native,5,5,4,0,0.9311803100863199,0.000726499994925689
11,ibm_brisbane,GHZ,5,Cirq-native,5,5,4,0,0.9311803100863199,0.0007374000051640905
11,ibm_brisbane,GHZ,5,Cirq-native,5,5,4,0,0.9311803100863199,0.0006815000015194528
11,ibm_brisbane,GHZ,5,Cirq-native,5,5,4,0,0.9311803100863199,0.0006571000049007125
11,ibm_brisbane,GHZ,5,Cirq-native,5,5,4,0,0.9311803100863199,0.0007394999993266538
11,ibm_brisbane,GHZ,5,Cirq-native,5,5,4,0,0.9311803100863199,0.0006544000061694533
11,ibm_brisbane,GHZ,5,Cirq-native,5,5,4,0,0.9311803100863199,0.0006489999941550195
11,ibm_brisbane,GHZ,5,Cirq-native,5,5,4,0,0.9311803100863199,0.0006567999953404069
11,ibm_brisbane,GHZ,5,Cirq-native,5,5,4,0,0.9311803100863199,0.0006504000048153102
11,ibm_brisbane,GHZ,5,Cirq-native,5,5,4,0,0.9311803100863199,0.0007736999978078529
11,ibm_brisbane,GHZ,5,Cirq-native,5,5,4,0,0.9311803100863199,0.0007150999954319559
11,ibm_brisbane,GHZ,5,Cirq-native,5,5,4,0,0.9311803100863199,0.0007299999997485429
11,ibm_brisbane,GHZ,5,Cirq-native,5,5,4,0,0.9311803100863199,0.0006826000026194379
11,ibm_brisbane,GHZ,5,Cirq-native,5,5,4,0,0.9311803100863199,0.0006609999982174486
11,ibm_brisbane,GHZ,5,Cirq-native,5,5,4,0,0.9311803100863199,0.0006895000042277388
11,ibm_brisbane,GHZ,5,Cirq-native,5,5,4,0,0.9311803100863199,0.0006463000026997179
11,ibm_brisbane,GHZ,5,Cirq-native,5,5,4,0,0.9311803100863199,0.0006248999998206273
11,ibm_brisbane,GHZ,5,Cirq-native,5,5,4,0,0.9311803100863199,0.0006281999958446249
11,ibm_brisbane,GHZ,5,Cirq-native,5,5,4,0,0.9311803100863199,0.0006506000063382089
11,ibm_brisbane,GHZ,5,Cirq-native,5,5,4,0,0.9311803100863199,0.0007369999948423356
11,ibm_brisbane,GHZ,5,Cirq-native,5,5,4,0,0.9311803100863199,0.0007843999992473982
11,ibm_brisbane,GHZ,5,Cirq-native,5,5,4,0,0.9311803100863199,0.0006923999972059391
11,ibm_brisbane,GHZ,5,Cirq-native,5,5,4,0,0.9311803100863199,0.0006810999984736554
11,ibm_brisbane,GHZ,5,Cirq-native,5,5,4,0,0.9311803100863199,0.0006404000014299527
11,ibm_brisbane,GHZ,5,QADE,5,5,4,0,0.9311803100863199,0.008308199998282362
11,ibm_brisbane,GHZ,5,QADE,5,5,4,0,0.9311803100863199,0.009644800004025456
11,ibm_brisbane,GHZ,5,QADE,5,5,4,0,0.9311803100863199,0.008550099999411032
11,ibm_brisbane,GHZ,5,QADE,5,5,4,0,0.9311803100863199,0.008463899997877888
11,ibm_brisbane,GHZ,5,QADE,5,5,4,0,0.9311803100863199,0.010644800000591204
11,ibm_brisbane,GHZ,5,QADE,5,5,4,0,0.9311803100863199,0.011398700000427198
11,ibm_brisbane,GHZ,5,QADE,5,5,4,0,0.9311803100863199,0.009661200005211867
11,ibm_brisbane,GHZ,5,QADE,5,5,4,0,0.9311803100863199,0.009841400002187584
11,ibm_brisbane,GHZ,5,QADE,5,5,4,0,0.9311803100863199,0.007168600001023151
11,ibm_brisbane,GHZ,5,QADE,5,5,4,0,0.9311803100863199,0.009642699995310977
11,ibm_brisbane,GHZ,5,QADE,5,5,4,0,0.9311803100863199,0.011341999997966923
11,ibm_brisbane,GHZ,5,QADE,5,5,4,0,0.9311803100863199,0.008967399997345638
11,ibm_brisbane,GHZ,5,QADE,5,5,4,0,0.9311803100863199,0.010552100000495557
11,ibm_brisbane,GHZ,5,QADE,5,5,4,0,0.9311803100863199,0.011124800003017299
11,ibm_brisbane,GHZ,5,QADE,5,5,4,0,0.9311803100863199,0.01069899999856716
11,ibm_brisbane,GHZ,5,QADE,5,5,4,0,0.9311803100863199,0.01100379999843426
11,ibm_brisbane,GHZ,5,QADE,5,5,4,0,0.9311803100863199,0.009034900002006907
11,ibm_brisbane,GHZ,5,QADE,5,5,4,0,0.9311803100863199,0.007832700001017656
11,ibm_brisbane,GHZ,5,QADE,5,5,4,0,0.9311803100863199,0.01099459999386454
11,ibm_brisbane,GHZ,5,QADE,5,5,4,0,0.9311803100863199,0.012867799996456597
11,ibm_brisbane,GHZ,5,QADE,5,5,4,0,0.9311803100863199,0.008490499996696599
11,ibm_brisbane,GHZ,5,QADE,5,5,4,0,0.9311803100863199,0.009169500001007691
11,ibm_brisbane,GHZ,5,QADE,5,5,4,0,0.9311803100863199,0.009112399995501619
11,ibm_brisbane,GHZ,5,QADE,5,5,4,0,0.9311803100863199,0.009306899999501184
11,ibm_brisbane,GHZ,5,QADE,5,5,4,0,0.9311803100863199,0.008683299995027483
11,ibm_brisbane,GHZ,5,QADE,5,5,4,0,0.9311803100863199,0.012912300000607502
11,ibm_brisbane,GHZ,5,QADE,5,5,4,0,0.9311803100863199,0.010108399997989181
11,ibm_brisbane,GHZ,5,QADE,5,5,4,0,0.9311803100863199,0.009323899997980334
11,ibm_brisbane,GHZ,5,QADE,5,5,4,0,0.9311803100863199,0.012346099996648263
11,ibm_brisbane,GHZ,5,QADE,5,5,4,0,0.9311803100863199,0.012850200000684708
11,ibm_brisbane,GHZ,5,QADE + PyZX,9,13,4,0,0.9237568885733448,0.011372499997378327
11,ibm_brisbane,GHZ,5,QADE + PyZX,9,13,4,0,0.9237568885733448,0.010440999998536427
11,ibm_brisbane,GHZ,5,QADE + PyZX,9,13,4,0,0.9237568885733448,0.011915100003534462
11,ibm_brisbane,GHZ,5,QADE + PyZX,9,13,4,0,0.9237568885733448,0.01052460000209976
11,ibm_brisbane,GHZ,5,QADE + PyZX,9,13,4,0,0.9237568885733448,0.012532699998700991
11,ibm_brisbane,GHZ,5,QADE + PyZX,9,13,4,0,0.9237568885733448,0.01161129999672994
11,ibm_brisbane,GHZ,5,QADE + PyZX,9,13,4,0,0.9237568885733448,0.010555400003795512
11,ibm_brisbane,GHZ,5,QADE + PyZX,9,13,4,0,0.9237568885733448,0.011075400005211122
11,ibm_brisbane,GHZ,5,QADE + PyZX,9,13,4,0,0.9237568885733448,0.011229699994146358
11,ibm_brisbane,GHZ,5,QADE + PyZX,9,13,4,0,0.9237568885733448,0.00865229999908479
11,ibm_brisbane,GHZ,5,QADE + PyZX,9,13,4,0,0.9237568885733448,0.014062999995076098
11,ibm_brisbane,GHZ,5,QADE + PyZX,9,13,4,0,0.9237568885733448,0.009881400001177099
11,ibm_brisbane,GHZ,5,QADE + PyZX,9,13,4,0,0.9237568885733448,0.012447399996744934
11,ibm_brisbane,GHZ,5,QADE + PyZX,9,13,4,0,0.9237568885733448,0.011827900001662783
11,ibm_brisbane,GHZ,5,QADE + PyZX,9,13,4,0,0.9237568885733448,0.010724100000516046
11,ibm_brisbane,GHZ,5,QADE + PyZX,9,13,4,0,0.9237568885733448,0.0117372999957297
11,ibm_brisbane,GHZ,5,QADE + PyZX,9,13,4,0,0.9237568885733448,0.011815999998361804
11,ibm_brisbane,GHZ,5,QADE + PyZX,9,13,4,0,0.9237568885733448,0.009943599994585384
11,ibm_brisbane,GHZ,5,QADE + PyZX,9,13,4,0,0.9237568885733448,0.011297599994577467
11,ibm_brisbane,GHZ,5,QADE + PyZX,9,13,4,0,0.9237568885733448,0.014131999996607192
11,ibm_brisbane,GHZ,5,QADE + PyZX,9,13,4,0,0.9237568885733448,0.010376899997936562
11,ibm_brisbane,GHZ,5,QADE + PyZX,9,13,4,0,0.9237568885733448,0.012126299996452872
11,ibm_brisbane,GHZ,5,QADE + PyZX,9,13,4,0,0.9237568885733448,0.009456300002057105
11,ibm_brisbane,GHZ,5,QADE + PyZX,9,13,4,0,0.9237568885733448,0.009780300002603326
11,ibm_brisbane,GHZ,5,QADE + PyZX,9,13,4,0,0.9237568885733448,0.010877000000618864
11,ibm_brisbane,GHZ,5,QADE + PyZX,9,13,4,0,0.9237568885733448,0.011484800001198892
11,ibm_brisbane,GHZ,5,QADE + PyZX,9,13,4,0,0.9237568885733448,0.01586189999943599
11,ibm_brisbane,GHZ,5,QADE + PyZX,9,13,4,0,0.9237568885733448,0.010835300003236625
11,ibm_brisbane,GHZ,5,QADE + PyZX,9,13,4,0,0.9237568885733448,0.011648300001979806
11,ibm_brisbane,GHZ,5,QADE + PyZX,9,13,4,0,0.9237568885733448,0.011242900000070222
11,ibm_brisbane,GHZ,5,QADE + Knowledge Graph,9,13,4,0,0.9237568885733448,0.002438399998936802
11,ibm_brisbane,GHZ,5,QADE + Knowledge Graph,9,13,4,0,0.9237568885733448,0.0016791000016382895
11,ibm_brisbane,GHZ,5,QADE + Knowledge Graph,9,13,4,0,0.9237568885733448,0.0014748000030522235
11,ibm_brisbane,GHZ,5,QADE + Knowledge Graph,9,13,4,0,0.9237568885733448,0.001485000000684522
11,ibm_brisbane,GHZ,5,QADE + Knowledge Graph,9,13,4,0,0.9237568885733448,0.0017758000030880794
11,ibm_brisbane,GHZ,5,QADE + Knowledge Graph,9,13,4,0,0.9237568885733448,0.00155790000280831
11,ibm_brisbane,GHZ,5,QADE + Knowledge Graph,9,13,4,0,0.9237568885733448,0.0014430000010179356
11,ibm_brisbane,GHZ,5,QADE + Knowledge Graph,9,13,4,0,0.9237568885733448,0.001432199998816941
11,ibm_brisbane,GHZ,5,QADE + Knowledge Graph,9,13,4,0,0.9237568885733448,0.0015674999958719127
11,ibm_brisbane,GHZ,5,QADE + Knowledge Graph,9,13,4,0,0.9237568885733448,0.0016385999988415278
11,ibm_brisbane,GHZ,5,QADE + Knowledge Graph,9,13,4,0,0.9237568885733448,0.0014606999975512736
11,ibm_brisbane,GHZ,5,QADE + Knowledge Graph,9,13,4,0,0.9237568885733448,0.0014407999988179654
11,ibm_brisbane,GHZ,5,QADE + Knowledge Graph,9,13,4,0,0.9237568885733448,0.0014746000015293248
11,ibm_brisbane,GHZ,5,QADE + Knowledge Graph,9,13,4,0,0.9237568885733448,0.0018034999957308173
11,ibm_brisbane,GHZ,5,QADE + Knowledge Graph,9,13,4,0,0.9237568885733448,0.0015195000014500692
11,ibm_brisbane,GHZ,5,QADE + Knowledge Graph,9,13,4,0,0.9237568885733448,0.0014131999996607192
11,ibm_brisbane,GHZ,5,QADE + Knowledge Graph,9,13,4,0,0.9237568885733448,0.00140310000278987
11,ibm_brisbane,GHZ,5,QADE + Knowledge Graph,9,13,4,0,0.9237568885733448,0.0016568999999435619
11,ibm_brisbane,GHZ,5,QADE + Knowledge Graph,9,13,4,0,0.9237568885733448,0.001582199998665601
11,ibm_brisbane,GHZ,5,QADE + Knowledge Graph,9,13,4,0,0.9237568885733448,0.0014451000024564564
11,ibm_brisbane,GHZ,5,QADE + Knowledge Graph,9,13,4,0,0.9237568885733448,0.0014222999961930327
11,ibm_brisbane,GHZ,5,QADE + Knowledge Graph,9,13,4,0,0.9237568885733448,0.001527100001112558
11,ibm_brisbane,GHZ,5,QADE + Knowledge Graph,9,13,4,0,0.9237568885733448,0.001672600003075786
11,ibm_brisbane,GHZ,5,QADE + Knowledge Graph,9,13,4,0,0.9237568885733448,0.0014862000025459565
11,ibm_brisbane,GHZ,5,QADE + Knowledge Graph,9,13,4,0,0.9237568885733448,0.0015287000060197897
11,ibm_brisbane,GHZ,5,QADE + Knowledge Graph,9,13,4,0,0.9237568885733448,0.0014344000010169111
11,ibm_brisbane,GHZ,5,QADE + Knowledge Graph,9,13,4,0,0.9237568885733448,0.0017471999963163398
11,ibm_brisbane,GHZ,5,QADE + Knowledge Graph,9,13,4,0,0.9237568885733448,0.0016189000016311184
11,ibm_brisbane,GHZ,5,QADE + Knowledge Graph,9,13,4,0,0.9237568885733448,0.0015162000054260716
11,ibm_brisbane,GHZ,5,QADE + Knowledge Graph,9,13,4,0,0.9237568885733448,0.0014706000001751818
11,ibm_brisbane,GHZ,5,QADE + Evolution + PyZX,6,13,4,0,0.9237568885733448,0.03701070000533946
11,ibm_brisbane,GHZ,5,QADE + Evolution + PyZX,7,13,4,0,0.9237568885733448,0.04563609999604523
11,ibm_brisbane,GHZ,5,QADE + Evolution + PyZX,7,13,4,0,0.9237568885733448,0.03579099999478785
11,ibm_brisbane,GHZ,5,QADE + Evolution + PyZX,7,13,4,0,0.9237568885733448,0.040551400001277216
11,ibm_brisbane,GHZ,5,QADE + Evolution + PyZX,7,13,4,0,0.9237568885733448,0.03720460000477033
11,ibm_brisbane,GHZ,5,QADE + Evolution + PyZX,7,13,4,0,0.9237568885733448,0.03953229999751784
11,ibm_brisbane,GHZ,5,QADE + Evolution + PyZX,6,13,4,0,0.9237568885733448,0.03510870000172872
11,ibm_brisbane,GHZ,5,QADE + Evolution + PyZX,7,13,4,0,0.9237568885733448,0.03709770000568824
11,ibm_brisbane,GHZ,5,QADE + Evolution + PyZX,6,13,4,0,0.9237568885733448,0.03985610000381712
11,ibm_brisbane,GHZ,5,QADE + Evolution + PyZX,7,13,4,0,0.9237568885733448,0.04738290000386769
11,ibm_brisbane,GHZ,5,QADE + Evolution + PyZX,9,13,4,0,0.9237568885733448,0.03595830000267597
11,ibm_brisbane,GHZ,5,QADE + Evolution + PyZX,7,13,4,0,0.9237568885733448,0.04457440000260249
11,ibm_brisbane,GHZ,5,QADE + Evolution + PyZX,6,13,4,0,0.9237568885733448,0.030777499996474944
11,ibm_brisbane,GHZ,5,QADE + Evolution + PyZX,6,13,4,0,0.9237568885733448,0.037805899999511894
11,ibm_brisbane,GHZ,5,QADE + Evolution + PyZX,6,13,4,0,0.9237568885733448,0.03715290000400273
11,ibm_brisbane,GHZ,5,QADE + Evolution + PyZX,7,13,4,0,0.9237568885733448,0.03127939999831142
11,ibm_brisbane,GHZ,5,QADE + Evolution + PyZX,9,13,4,0,0.9237568885733448,0.0420116000022972
11,ibm_brisbane,GHZ,5,QADE + Evolution + PyZX,9,13,4,0,0.9237568885733448,0.03968750000058208
11,ibm_brisbane,GHZ,5,QADE + Evolution + PyZX,6,13,4,0,0.9237568885733448,0.0316298999969149
11,ibm_brisbane,GHZ,5,QADE + Evolution + PyZX,7,13,4,0,0.9237568885733448,0.04639589999715099
11,ibm_brisbane,GHZ,5,QADE + Evolution + PyZX,6,13,4,0,0.9237568885733448,0.04602359999989858
11,ibm_brisbane,GHZ,5,QADE + Evolution + PyZX,9,13,4,0,0.9237568885733448,0.0327400000023772
11,ibm_brisbane,GHZ,5,QADE + Evolution + PyZX,6,13,4,0,0.9237568885733448,0.04612079999787966
11,ibm_brisbane,GHZ,5,QADE + Evolution + PyZX,6,13,4,0,0.9237568885733448,0.034004100001766346
11,ibm_brisbane,GHZ,5,QADE + Evolution + PyZX,7,13,4,0,0.9237568885733448,0.05842770000163
11,ibm_brisbane,GHZ,5,QADE + Evolution + PyZX,6,13,4,0,0.9237568885733448,0.04019050000351854
11,ibm_brisbane,GHZ,5,QADE + Evolution + PyZX,7,13,4,0,0.9237568885733448,0.04214499999943655
11,ibm_brisbane,GHZ,5,QADE + Evolution + PyZX,7,13,4,0,0.9237568885733448,0.05411129999993136
11,ibm_brisbane,GHZ,5,QADE + Evolution + PyZX,7,13,4,0,0.9237568885733448,0.04746759999397909
11,ibm_brisbane,GHZ,5,QADE + Evolution + PyZX,7,13,4,0,0.9237568885733448,0.049058200005674735
12,ibm_brisbane,QFT,5,Qiskit,44,91,20,0,0.8012854411325006,0.010673299999325536
12,ibm_brisbane,QFT,5,Qiskit,48,98,20,0,0.7956932420218745,0.009622999998100568
12,ibm_brisbane,QFT,5,Qiskit,48,98,20,0,0.7956932420218745,0.009251199997379445
12,ibm_brisbane,QFT,5,Qiskit,44,91,20,0,0.8012854411325006,0.0088675000006333
12,ibm_brisbane,QFT,5,Qiskit,50,102,20,0,0.7925152400312618,0.009829699993133545
12,ibm_brisbane,QFT,5,Qiskit,48,98,20,0,0.7956932420218745,0.009438900000532158
12,ibm_brisbane,QFT,5,Qiskit,53,105,20,0,0.7901400710643729,0.009678800000983756
12,ibm_brisbane,QFT,5,Qiskit,53,105,20,0,0.7901400710643729,0.01120170000649523
12,ibm_brisbane,QFT,5,Qiskit,50,102,20,0,0.7925152400312618,0.010310699995898176
12,ibm_brisbane,QFT,5,Qiskit,50,102,20,0,0.7925152400312618,0.009153899998636916
12,ibm_brisbane,QFT,5,Qiskit,53,105,20,0,0.7901400710643729,0.009159799999906681
12,ibm_brisbane,QFT,5,Qiskit,44,91,20,0,0.8012854411325006,0.00990559999627294
12,ibm_brisbane,QFT,5,Qiskit,48,98,20,0,0.7956932420218745,0.0097165999977733
12,ibm_brisbane,QFT,5,Qiskit,48,98,20,0,0.7956932420218745,0.009396299996296875
12,ibm_brisbane,QFT,5,Qiskit,53,105,20,0,0.7901400710643729,0.010118999998667277
12,ibm_brisbane,QFT,5,Qiskit,53,105,20,0,0.7901400710643729,0.01067269999475684
12,ibm_brisbane,QFT,5,Qiskit,48,98,20,0,0.7956932420218745,0.011819799998193048
12,ibm_brisbane,QFT,5,Qiskit,53,105,20,0,0.7901400710643729,0.011404300006688572
12,ibm_brisbane,QFT,5,Qiskit,44,91,20,0,0.8012854411325006,0.009933900000760332
12,ibm_brisbane,QFT,5,Qiskit,48,98,20,0,0.7956932420218745,0.010167500004172325
12,ibm_brisbane,QFT,5,Qiskit,53,105,20,0,0.7901400710643729,0.009940000003552996
12,ibm_brisbane,QFT,5,Qiskit,44,91,20,0,0.8012854411325006,0.009771700002602302
12,ibm_brisbane,QFT,5,Qiskit,48,98,20,0,0.7956932420218745,0.008556200002203695
12,ibm_brisbane,QFT,5,Qiskit,48,98,20,0,0.7956932420218745,0.009836799996264745
12,ibm_brisbane,QFT,5,Qiskit,44,91,20,0,0.8012854411325006,0.008817599999019876
12,ibm_brisbane,QFT,5,Qiskit,44,91,20,0,0.8012854411325006,0.008517399997799657
12,ibm_brisbane,QFT,5,Qiskit,44,91,20,0,0.8012854411325006,0.008881199995812494
12,ibm_brisbane,QFT,5,Qiskit,50,102,20,0,0.7925152400312618,0.008974500000476837
12,ibm_brisbane,QFT,5,Qiskit,48,98,20,0,0.7956932420218745,0.008439200006250758
12,ibm_brisbane,QFT,5,Qiskit,53,105,20,0,0.7901400710643729,0.008507500002451707
12,ibm_brisbane,QFT,5,PyZX,31,35,30,20,0.6652100953457325,0.003230700000131037
12,ibm_brisbane,QFT,5,PyZX,31,35,30,20,0.6652100953457325,0.0030658000032417476
12,ibm_brisbane,QFT,5,PyZX,31,35,30,20,0.6652100953457325,0.0026926999998977408
12,ibm_brisbane,QFT,5,PyZX,31,35,30,20,0.6652100953457325,0.002866999995603692
12,ibm_brisbane,QFT,5,PyZX,31,35,30,20,0.6652100953457325,0.0026668999998946674
12,ibm_brisbane,QFT,5,PyZX,31,35,30,20,0.6652100953457325,0.002667599997948855
12,ibm_brisbane,QFT,5,PyZX,31,35,30,20,0.6652100953457325,0.002813400002196431
12,ibm_brisbane,QFT,5,PyZX,31,35,30,20,0.6652100953457325,0.0025583000024198554
12,ibm_brisbane,QFT,5,PyZX,31,35,30,20,0.6652100953457325,0.0028885000065201893
12,ibm_brisbane,QFT,5,PyZX,31,35,30,20,0.6652100953457325,0.0026782999993884005
12,ibm_brisbane,QFT,5,PyZX,31,35,30,20,0.6652100953457325,0.002885500005504582
12,ibm_brisbane,QFT,5,PyZX,31,35,30,20,0.6652100953457325,0.0028275000004214235
12,ibm_brisbane,QFT,5,PyZX,31,35,30,20,0.6652100953457325,0.002576999999291729
12,ibm_brisbane,QFT,5,PyZX,31,35,30,20,0.6652100953457325,0.0028765000024577603
12,ibm_brisbane,QFT,5,PyZX,31,35,30,20,0.6652100953457325,0.00266389999887906
12,ibm_brisbane,QFT,5,PyZX,31,35,30,20,0.6652100953457325,0.002679199998965487
12,ibm_brisbane,QFT,5,PyZX,31,35,30,20,0.6652100953457325,0.0029387999966274947
12,ibm_brisbane,QFT,5,PyZX,31,35,30,20,0.6652100953457325,0.0025928000031854026
12,ibm_brisbane,QFT,5,PyZX,31,35,30,20,0.6652100953457325,0.0028344000020297244
12,ibm_brisbane,QFT,5,PyZX,31,35,30,20,0.6652100953457325,0.002703799997107126
12,ibm_brisbane,QFT,5,PyZX,31,35,30,20,0.6652100953457325,0.0028135000029578805
12,ibm_brisbane,QFT,5,PyZX,31,35,30,20,0.6652100953457325,0.0027497000046423636
12,ibm_brisbane,QFT,5,PyZX,31,35,30,20,0.6652100953457325,0.002642200000991579
12,ibm_brisbane,QFT,5,PyZX,31,35,30,20,0.6652100953457325,0.0028385999976308085
12,ibm_brisbane,QFT,5,PyZX,31,35,30,20,0.6652100953457325,0.0026739999957499094
12,ibm_brisbane,QFT,5,PyZX,31,35,30,20,0.6652100953457325,0.0028759999986505136
12,ibm_brisbane,QFT,5,PyZX,31,35,30,20,0.6652100953457325,0.0032333999988622963
12,ibm_brisbane,QFT,5,PyZX,31,35,30,20,0.6652100953457325,0.0028155999971204437
12,ibm_brisbane,QFT,5,PyZX,31,35,30,20,0.6652100953457325,0.002816399995936081
12,ibm_brisbane,QFT,5,PyZX,31,35,30,20,0.6652100953457325,0.0025657000005594455
12,ibm_brisbane,QFT,5,TKET,14,30,12,5,0.8361755774403539,0.2241451000008965
12,ibm_brisbane,QFT,5,TKET,14,30,12,5,0.8361755774403539,0.21949789999780478
12,ibm_brisbane,QFT,5,TKET,14,30,12,5,0.8361755774403539,0.2302927999990061
12,ibm_brisbane,QFT,5,TKET,14,30,12,5,0.8361755774403539,0.22183760000189068
12,ibm_brisbane,QFT,5,TKET,14,30,12,5,0.8361755774403539,0.22043760000087786
12,ibm_brisbane,QFT,5,TKET,14,30,12,5,0.8361755774403539,0.22280110000428976
12,ibm_brisbane,QFT,5,TKET,14,30,12,5,0.8361755774403539,0.23364009999932023
12,ibm_brisbane,QFT,5,TKET,14,30,12,5,0.8361755774403539,0.25289220000559
12,ibm_brisbane,QFT,5,TKET,14,30,12,5,0.8361755774403539,0.235854600003222
12,ibm_brisbane,QFT,5,TKET,14,30,12,5,0.8361755774403539,0.22146250000514556
12,ibm_brisbane,QFT,5,TKET,14,30,12,5,0.8361755774403539,0.21751450000010664
12,ibm_brisbane,QFT,5,TKET,14,30,12,5,0.8361755774403539,0.22156299999915063
12,ibm_brisbane,QFT,5,TKET,14,30,12,5,0.8361755774403539,0.22429769999871496
12,ibm_brisbane,QFT,5,TKET,14,30,12,5,0.8361755774403539,0.2174580999999307
12,ibm_brisbane,QFT,5,TKET,14,30,12,5,0.8361755774403539,0.21759399999427842
12,ibm_brisbane,QFT,5,TKET,14,30,12,5,0.8361755774403539,0.21914909999759402
12,ibm_brisbane,QFT,5,TKET,14,30,12,5,0.8361755774403539,0.2298674000048777
12,ibm_brisbane,QFT,5,TKET,14,30,12,5,0.8361755774403539,0.24338929999794345
12,ibm_brisbane,QFT,5,TKET,14,30,12,5,0.8361755774403539,0.23824940000486095
12,ibm_brisbane,QFT,5,TKET,14,30,12,5,0.8361755774403539,0.22442469999805326
12,ibm_brisbane,QFT,5,TKET,14,30,12,5,0.8361755774403539,0.2199077000041143
12,ibm_brisbane,QFT,5,TKET,14,30,12,5,0.8361755774403539,0.2247071000019787
12,ibm_brisbane,QFT,5,TKET,14,30,12,5,0.8361755774403539,0.23657119999552378
12,ibm_brisbane,QFT,5,TKET,14,30,12,5,0.8361755774403539,0.22588899999391288
12,ibm_brisbane,QFT,5,TKET,14,30,12,5,0.8361755774403539,0.24253479999606498
12,ibm_brisbane,QFT,5,TKET,14,30,12,5,0.8361755774403539,0.2454001999940374
12,ibm_brisbane,QFT,5,TKET,14,30,12,5,0.8361755774403539,0.218612699994992
12,ibm_brisbane,QFT,5,TKET,14,30,12,5,0.8361755774403539,0.2258185999962734
12,ibm_brisbane,QFT,5,TKET,14,30,12,5,0.8361755774403539,0.22455040000204463
12,ibm_brisbane,QFT,5,TKET,14,30,12,5,0.8361755774403539,0.224213299996336
12,ibm_brisbane,QFT,5,BQSKit,9,15,10,0,0.8999828250021429,0.06352809999953024
12,ibm_brisbane,QFT,5,BQSKit,9,15,10,0,0.8999828250021429,0.06385849999787752
12,ibm_brisbane,QFT,5,BQSKit,9,15,10,0,0.8999828250021429,0.0639660000015283
12,ibm_brisbane,QFT,5,BQSKit,9,15,10,0,0.8999828250021429,0.06335350000153994
12,ibm_brisbane,QFT,5,BQSKit,9,15,10,0,0.8999828250021429,0.06324190000304952
12,ibm_brisbane,QFT,5,BQSKit,9,15,10,0,0.8999828250021429,0.06320379999669967
12,ibm_brisbane,QFT,5,BQSKit,9,15,10,0,0.8999828250021429,0.06297270000504795
12,ibm_brisbane,QFT,5,BQSKit,9,15,10,0,0.8999828250021429,0.06310099999973318
12,ibm_brisbane,QFT,5,BQSKit,9,15,10,0,0.8999828250021429,0.06350429999292828
12,ibm_brisbane,QFT,5,BQSKit,9,15,10,0,0.8999828250021429,0.06330309999611927
12,ibm_brisbane,QFT,5,BQSKit,9,15,10,0,0.8999828250021429,0.06337200000416487
12,ibm_brisbane,QFT,5,BQSKit,9,15,10,0,0.8999828250021429,0.06388249999872642
12,ibm_brisbane,QFT,5,BQSKit,9,15,10,0,0.8999828250021429,0.06340739999723155
12,ibm_brisbane,QFT,5,BQSKit,9,15,10,0,0.8999828250021429,0.06305300000531133
12,ibm_brisbane,QFT,5,BQSKit,9,15,10,0,0.8999828250021429,0.06339289999596076
12,ibm_brisbane,QFT,5,BQSKit,9,15,10,0,0.8999828250021429,0.06336749999900348
12,ibm_brisbane,QFT,5,BQSKit,9,15,10,0,0.8999828250021429,0.06377819999761414
12,ibm_brisbane,QFT,5,BQSKit,9,15,10,0,0.8999828250021429,0.06401330000517191
12,ibm_brisbane,QFT,5,BQSKit,9,15,10,0,0.8999828250021429,0.063630299999204
12,ibm_brisbane,QFT,5,BQSKit,9,15,10,0,0.8999828250021429,0.06289939999987837
12,ibm_brisbane,QFT,5,BQSKit,9,15,10,0,0.8999828250021429,0.06345040000451263
12,ibm_brisbane,QFT,5,BQSKit,9,15,10,0,0.8999828250021429,0.0632504000022891
12,ibm_brisbane,QFT,5,BQSKit,9,15,10,0,0.8999828250021429,0.06264489999739453
12,ibm_brisbane,QFT,5,BQSKit,9,15,10,0,0.8999828250021429,0.06573829999979353
12,ibm_brisbane,QFT,5,BQSKit,9,15,10,0,0.8999828250021429,0.06366940000589238
12,ibm_brisbane,QFT,5,BQSKit,9,15,10,0,0.8999828250021429,0.0633118000041577
12,ibm_brisbane,QFT,5,BQSKit,9,15,10,0,0.8999828250021429,0.06341679999604821
12,ibm_brisbane,QFT,5,BQSKit,9,15,10,0,0.8999828250021429,0.063616200000979
12,ibm_brisbane,QFT,5,BQSKit,9,15,10,0,0.8999828250021429,0.06346029999986058
12,ibm_brisbane,QFT,5,BQSKit,9,15,10,0,0.8999828250021429,0.06418540000595385
12,ibm_brisbane,QFT,5,Cirq-native,9,15,0,0,0.936824621701517,0.0018581999975140207
12,ibm_brisbane,QFT,5,Cirq-native,9,15,0,0,0.936824621701517,0.001205200002004858
12,ibm_brisbane,QFT,5,Cirq-native,9,15,0,0,0.936824621701517,0.0009876999974949285
12,ibm_brisbane,QFT,5,Cirq-native,9,15,0,0,0.936824621701517,0.0009500000014668331
12,ibm_brisbane,QFT,5,Cirq-native,9,15,0,0,0.936824621701517,0.0009277000062866136
12,ibm_brisbane,QFT,5,Cirq-native,9,15,0,0,0.936824621701517,0.0009415000022272579
12,ibm_brisbane,QFT,5,Cirq-native,9,15,0,0,0.936824621701517,0.0010600000023259781
12,ibm_brisbane,QFT,5,Cirq-native,9,15,0,0,0.936824621701517,0.0010961000007227995
12,ibm_brisbane,QFT,5,Cirq-native,9,15,0,0,0.936824621701517,0.0009881000005407259
12,ibm_brisbane,QFT,5,Cirq-native,9,15,0,0,0.936824621701517,0.0009426999968127348
12,ibm_brisbane,QFT,5,Cirq-native,9,15,0,0,0.936824621701517,0.0009252000018022954
12,ibm_brisbane,QFT,5,Cirq-native,9,15,0,0,0.936824621701517,0.0009410999991814606
12,ibm_brisbane,QFT,5,Cirq-native,9,15,0,0,0.936824621701517,0.0009219999992637895
12,ibm_brisbane,QFT,5,Cirq-native,9,15,0,0,0.936824621701517,0.0011713999992934987
12,ibm_brisbane,QFT,5,Cirq-native,9,15,0,0,0.936824621701517,0.0010196000002906658
12,ibm_brisbane,QFT,5,Cirq-native,9,15,0,0,0.936824621701517,0.000981699995463714
12,ibm_brisbane,QFT,5,Cirq-native,9,15,0,0,0.936824621701517,0.0009261000013793819
12,ibm_brisbane,QFT,5,Cirq-native,9,15,0,0,0.936824621701517,0.0009168000033241697
12,ibm_brisbane,QFT,5,Cirq-native,9,15,0,0,0.936824621701517,0.0009295999989262782
12,ibm_brisbane,QFT,5,Cirq-native,9,15,0,0,0.936824621701517,0.0009989000027417205
12,ibm_brisbane,QFT,5,Cirq-native,9,15,0,0,0.936824621701517,0.0011094999936176464
12,ibm_brisbane,QFT,5,Cirq-native,9,15,0,0,0.936824621701517,0.0011309999972581863
12,ibm_brisbane,QFT,5,Cirq-native,9,15,0,0,0.936824621701517,0.0009990999969886616
12,ibm_brisbane,QFT,5,Cirq-native,9,15,0,0,0.936824621701517,0.000999199997750111
12,ibm_brisbane,QFT,5,Cirq-native,9,15,0,0,0.936824621701517,0.0009344999998575076
12,ibm_brisbane,QFT,5,Cirq-native,9,15,0,0,0.936824621701517,0.0009160000045085326
12,ibm_brisbane,QFT,5,Cirq-native,9,15,0,0,0.936824621701517,0.0011166999975102954
12,ibm_brisbane,QFT,5,Cirq-native,9,15,0,0,0.936824621701517,0.0010738999990280718
12,ibm_brisbane,QFT,5,Cirq-native,9,15,0,0,0.936824621701517,0.0009996000007959083
12,ibm_brisbane,QFT,5,Cirq-native,9,15,0,0,0.936824621701517,0.0009632000001147389
12,ibm_brisbane,QFT,5,QADE,7,12,7,2,0.8953467857226612,0.01376880000316305
12,ibm_brisbane,QFT,5,QADE,5,5,4,0,0.9311803100863199,0.007481799999368377
12,ibm_brisbane,QFT,5,QADE,4,10,4,0,0.926533711031841,0.009742200003529433
12,ibm_brisbane,QFT,5,QADE,5,5,4,0,0.9311803100863199,0.008915099999285303
12,ibm_brisbane,QFT,5,QADE,6,11,6,1,0.9089815083478794,0.015375000002677552
12,ibm_brisbane,QFT,5,QADE,8,16,9,1,0.8936249114365183,0.015058500001032371
12,ibm_brisbane,QFT,5,QADE,8,18,6,1,0.902637694618562,0.017414299996744376
12,ibm_brisbane,QFT,5,QADE,3,5,2,0,0.9386822359500592,0.010144100000616163
12,ibm_brisbane,QFT,5,QADE,4,5,4,0,0.9311803100863199,0.011884999999892898
12,ibm_brisbane,QFT,5,QADE,3,6,3,1,0.9246020024108084,0.01067709999915678
12,ibm_brisbane,QFT,5,QADE,6,9,3,2,0.9125663364278457,0.011956399997870903
12,ibm_brisbane,QFT,5,QADE,7,14,6,2,0.897149176392466,0.015823800000362098
12,ibm_brisbane,QFT,5,QADE,10,16,11,4,0.8600226740218708,0.017564699999638833
12,ibm_brisbane,QFT,5,QADE,4,7,1,0,0.9405718636685776,0.012186699997982942
12,ibm_brisbane,QFT,5,QADE,9,17,6,1,0.9035412358544165,0.02016179999918677
12,ibm_brisbane,QFT,5,QADE,3,5,3,2,0.916225745720239,0.010477199997694697
12,ibm_brisbane,QFT,5,QADE,8,16,7,1,0.9008242774056784,0.02102940000622766
12,ibm_brisbane,QFT,5,QADE,4,5,4,0,0.9311803100863199,0.008206900005461648
12,ibm_brisbane,QFT,5,QADE,2,3,2,0,0.9405624202280952,0.010122899999259971
12,ibm_brisbane,QFT,5,QADE,6,8,6,1,0.9117139158654421,0.010806300000695046
12,ibm_brisbane,QFT,5,QADE,5,5,4,0,0.9311803100863199,0.009212800003297161
12,ibm_brisbane,QFT,5,QADE,4,5,4,0,0.9311803100863199,0.008805899997241795
12,ibm_brisbane,QFT,5,QADE,11,15,8,3,0.8801536326855316,0.017360600002575666
12,ibm_brisbane,QFT,5,QADE,9,16,8,2,0.8882001133579511,0.016274699999485165
12,ibm_brisbane,QFT,5,QADE,5,14,6,2,0.897149176392466,0.015136099995288532
12,ibm_brisbane,QFT,5,QADE,5,5,4,0,0.9311803100863199,0.009682399999292102
12,ibm_brisbane,QFT,5,QADE,3,7,4,0,0.9293188806464573,0.010353500001656357
12,ibm_brisbane,QFT,5,QADE,5,9,6,2,0.9016484109752091,0.01193290000082925
12,ibm_brisbane,QFT,5,QADE,7,10,5,2,0.904367855077055,0.012630599994736258
12,ibm_brisbane,QFT,5,QADE,4,9,2,1,0.9255368224278354,0.013402299999142997
12,ibm_brisbane,QFT,5,QADE + PyZX,16,27,15,4,0.8370678114003244,0.01767169999948237
12,ibm_brisbane,QFT,5,QADE + PyZX,45,56,40,24,0.6009835828419895,0.026317299998481758
12,ibm_brisbane,QFT,5,QADE + PyZX,17,26,15,8,0.8047254801408829,0.012841600000683684
12,ibm_brisbane,QFT,5,QADE + PyZX,11,19,8,2,0.8855381767300172,0.017463799995312
12,ibm_brisbane,QFT,5,QADE + PyZX,24,32,21,10,0.7652662082127282,0.02372960000502644
12,ibm_brisbane,QFT,5,QADE + PyZX,29,49,32,14,0.6913722646247454,0.020215999997162726
12,ibm_brisbane,QFT,5,QADE + PyZX,9,13,4,0,0.9237568885733448,0.009805000001506414
12,ibm_brisbane,QFT,5,QADE + PyZX,69,90,69,44,0.4224957905188701,0.02290740000171354
12,ibm_brisbane,QFT,5,QADE + PyZX,8,15,4,0,0.9219102985530867,0.023950800001330208
12,ibm_brisbane,QFT,5,QADE + PyZX,11,19,10,2,0.8784609769099783,0.020956699998350814
12,ibm_brisbane,QFT,5,QADE + PyZX,9,16,6,2,0.8953557751888575,0.011777400002756622
12,ibm_brisbane,QFT,5,QADE + PyZX,26,41,23,4,0.7993522784798325,0.017540099994221237
12,ibm_brisbane,QFT,5,QADE + PyZX,7,13,4,0,0.9237568885733448,0.011647799998172559
12,ibm_brisbane,QFT,5,QADE + PyZX,11,25,9,2,0.8767137357152937,0.01786240000365069
12,ibm_brisbane,QFT,5,QADE + PyZX,7,13,4,0,0.9237568885733448,0.008291199999803212
12,ibm_brisbane,QFT,5,QADE + PyZX,7,13,4,0,0.9237568885733448,0.011968400001933333
12,ibm_brisbane,QFT,5,QADE + PyZX,8,22,6,0,0.908159790128248,0.02166890000080457
12,ibm_brisbane,QFT,5,QADE + PyZX,1,1,0,0,0.9500390598501,0.013063099999271799
12,ibm_brisbane,QFT,5,QADE + PyZX,19,37,15,4,0.8287347010652701,0.018790499998431187
12,ibm_brisbane,QFT,5,QADE + PyZX,18,33,19,8,0.7863873891328799,0.015478000001166947
12,ibm_brisbane,QFT,5,QADE + PyZX,6,9,2,0,0.9349331353458845,0.015691699998569675
12,ibm_brisbane,QFT,5,QADE + PyZX,14,22,10,2,0.8758282284837182,0.012209699998493306
12,ibm_brisbane,QFT,5,QADE + PyZX,19,31,13,4,0.8404413462491233,0.013830199997755699
12,ibm_brisbane,QFT,5,QADE + PyZX,16,23,13,4,0.8471952340385555,0.022567699998035096
12,ibm_brisbane,QFT,5,QADE + PyZX,8,16,4,0,0.9209883882545337,0.02186160000564996
12,ibm_brisbane,QFT,5,QADE + PyZX,5,10,1,0,0.9377529688525909,0.02166419999412028
12,ibm_brisbane,QFT,5,QADE + PyZX,7,13,4,0,0.9237568885733448,0.010433200004626997
12,ibm_brisbane,QFT,5,QADE + PyZX,15,25,10,4,0.8557397439996486,0.015720599993073847
12,ibm_brisbane,QFT,5,QADE + PyZX,6,13,4,0,0.9237568885733448,0.011464099996373989
12,ibm_brisbane,QFT,5,QADE + PyZX,9,13,4,0,0.9237568885733448,0.010003699993831106
12,ibm_brisbane,QFT,5,QADE + Knowledge Graph,31,35,30,20,0.6652100953457325,0.0034732999993138947
12,ibm_brisbane,QFT,5,QADE + Knowledge Graph,31,35,30,20,0.6652100953457325,0.0030111000014585443
12,ibm_brisbane,QFT,5,QADE + Knowledge Graph,31,35,30,20,0.6652100953457325,0.002984800004924182
12,ibm_brisbane,QFT,5,QADE + Knowledge Graph,31,35,30,20,0.6652100953457325,0.0028726000018650666
12,ibm_brisbane,QFT,5,QADE + Knowledge Graph,31,35,30,20,0.6652100953457325,0.0028941999989910983
12,ibm_brisbane,QFT,5,QADE + Knowledge Graph,31,35,30,20,0.6652100953457325,0.002748899998550769
12,ibm_brisbane,QFT,5,QADE + Knowledge Graph,31,35,30,20,0.6652100953457325,0.0028466999938245863
12,ibm_brisbane,QFT,5,QADE + Knowledge Graph,31,35,30,20,0.6652100953457325,0.002891500000259839
12,ibm_brisbane,QFT,5,QADE + Knowledge Graph,31,35,30,20,0.6652100953457325,0.002817799999320414
12,ibm_brisbane,QFT,5,QADE + Knowledge Graph,31,35,30,20,0.6652100953457325,0.0028318999975454062
12,ibm_brisbane,QFT,5,QADE + Knowledge Graph,31,35,30,20,0.6652100953457325,0.0026999999972758815
12,ibm_brisbane,QFT,5,QADE + Knowledge Graph,31,35,30,20,0.6652100953457325,0.0028583000021171756
12,ibm_brisbane,QFT,5,QADE + Knowledge Graph,31,35,30,20,0.6652100953457325,0.002770099999906961
12,ibm_brisbane,QFT,5,QADE + Knowledge Graph,31,35,30,20,0.6652100953457325,0.0028835000048275106
12,ibm_brisbane,QFT,5,QADE + Knowledge Graph,31,35,30,20,0.6652100953457325,0.0028334000016911887
12,ibm_brisbane,QFT,5,QADE + Knowledge Graph,31,35,30,20,0.6652100953457325,0.0028433999978005886
12,ibm_brisbane,QFT,5,QADE + Knowledge Graph,31,35,30,20,0.6652100953457325,0.003131900004518684
12,ibm_brisbane,QFT,5,QADE + Knowledge Graph,31,35,30,20,0.6652100953457325,0.003068699996219948
12,ibm_brisbane,QFT,5,QADE + Knowledge Graph,31,35,30,20,0.6652100953457325,0.0029272000028868206
12,ibm_brisbane,QFT,5,QADE + Knowledge Graph,31,35,30,20,0.6652100953457325,0.002840900000592228
12,ibm_brisbane,QFT,5,QADE + Knowledge Graph,31,35,30,20,0.6652100953457325,0.0031634999977541156
12,ibm_brisbane,QFT,5,QADE + Knowledge Graph,31,35,30,20,0.6652100953457325,0.0029508999941754155
12,ibm_brisbane,QFT,5,QADE + Knowledge Graph,31,35,30,20,0.6652100953457325,0.002918500002124347
12,ibm_brisbane,QFT,5,QADE + Knowledge Graph,31,35,30,20,0.6652100953457325,0.0029265999983181246
12,ibm_brisbane,QFT,5,QADE + Knowledge Graph,31,35,30,20,0.6652100953457325,0.0028488000025390647
12,ibm_brisbane,QFT,5,QADE + Knowledge Graph,31,35,30,20,0.6652100953457325,0.0030010999980731867
12,ibm_brisbane,QFT,5,QADE + Knowledge Graph,31,35,30,20,0.6652100953457325,0.002926699999079574
12,ibm_brisbane,QFT,5,QADE + Knowledge Graph,31,35,30,20,0.6652100953457325,0.002919099999417085
12,ibm_brisbane,QFT,5,QADE + Knowledge Graph,31,35,30,20,0.6652100953457325,0.002923600004578475
12,ibm_brisbane,QFT,5,QADE + Knowledge Graph,31,35,30,20,0.6652100953457325,0.002853499994671438
12,ibm_brisbane,QFT,5,QADE + Evolution + PyZX,16,24,13,2,0.8636200026977678,0.09504800000286195
12,ibm_brisbane,QFT,5,QADE + Evolution + PyZX,20,28,17,10,0.780764778969688,0.113436499996169
12,ibm_brisbane,QFT,5,QADE + Evolution + PyZX,38,43,38,26,0.6014816411096282,0.09733910000068136
12,ibm_brisbane,QFT,5,QADE + Evolution + PyZX,31,42,33,22,0.639611592133918,0.20974249999562744
12,ibm_brisbane,QFT,5,QADE + Evolution + PyZX,27,33,24,14,0.7254431787523586,0.09669909999502124
12,ibm_brisbane,QFT,5,QADE + Evolution + PyZX,37,49,38,26,0.5978817614669728,0.09292900000582449
12,ibm_brisbane,QFT,5,QADE + Evolution + PyZX,25,33,22,12,0.7462114641841148,0.10410970000521047
12,ibm_brisbane,QFT,5,QADE + Evolution + PyZX,44,53,44,30,0.5583100073743269,0.10379290000128094
12,ibm_brisbane,QFT,5,QADE + Evolution + PyZX,29,42,31,14,0.6990302068685279,0.10172000000602566
12,ibm_brisbane,QFT,5,QADE + Evolution + PyZX,28,36,23,14,0.7261766389903261,0.08798399999795947
12,ibm_brisbane,QFT,5,QADE + Evolution + PyZX,26,37,26,14,0.7167711874850984,0.10510200000135228
12,ibm_brisbane,QFT,5,QADE + Evolution + PyZX,21,30,19,10,0.7729766502994653,0.10638279999693623
12,ibm_brisbane,QFT,5,QADE + Evolution + PyZX,23,37,26,14,0.7167711874850984,0.09491250000428408
12,ibm_brisbane,QFT,5,QADE + Evolution + PyZX,17,25,18,6,0.8121359633034845,0.10533790000044974
12,ibm_brisbane,QFT,5,QADE + Evolution + PyZX,17,25,14,6,0.8252743979388064,0.1129817000037292
12,ibm_brisbane,QFT,5,QADE + Evolution + PyZX,25,30,23,10,0.7606708000029406,0.09805619999679038
12,ibm_brisbane,QFT,5,QADE + Evolution + PyZX,41,52,39,28,0.5818293994322483,0.10389109999960056
12,ibm_brisbane,QFT,5,QADE + Evolution + PyZX,21,30,21,10,0.766799039492674,0.10172099999908824
12,ibm_brisbane,QFT,5,QADE + Evolution + PyZX,35,44,33,20,0.65135987714277,0.1000484999967739
12,ibm_brisbane,QFT,5,QADE + Evolution + PyZX,29,41,28,16,0.6940391621562993,0.08841779999784194
12,ibm_brisbane,QFT,5,QADE + Evolution + PyZX,31,37,28,14,0.711042769385937,0.1010173999966355
12,ibm_brisbane,QFT,5,QADE + Evolution + PyZX,12,20,9,2,0.8811104858463671,0.10677779999969061
12,ibm_brisbane,QFT,5,QADE + Evolution + PyZX,23,32,23,14,0.729088621861667,0.11424700000497978
12,ibm_brisbane,QFT,5,QADE + Evolution + PyZX,20,29,18,8,0.7927148517590952,0.156246700003976
12,ibm_brisbane,QFT,5,QADE + Evolution + PyZX,34,42,33,20,0.6526645535853871,0.1221497999940766
12,ibm_brisbane,QFT,5,QADE + Evolution + PyZX,14,24,13,4,0.8463480388045168,0.11265439999988303
12,ibm_brisbane,QFT,5,QADE + Evolution + PyZX,16,24,15,6,0.8227927887337911,0.11968139999953564
12,ibm_brisbane,QFT,5,QADE + Evolution + PyZX,49,56,49,34,0.5239772589792607,0.11984649999794783
12,ibm_brisbane,QFT,5,QADE + Evolution + PyZX,19,27,18,10,0.7784170106791872,0.1030663000055938
12,ibm_brisbane,QFT,5,QADE + Evolution + PyZX,21,31,24,14,0.726896244344804,0.20195899999816902
13,ibm_brisbane,VQE,5,Qiskit,8,24,4,0,0.9136462173124364,0.006671099996310659
13,ibm_brisbane,VQE,5,Qiskit,8,24,4,0,0.9136462173124364,0.00587939999968512
13,ibm_brisbane,VQE,5,Qiskit,8,24,4,0,0.9136462173124364,0.005965099997411016
13,ibm_brisbane,VQE,5,Qiskit,12,36,4,0,0.902742562804394,0.00632910000422271
13,ibm_brisbane,VQE,5,Qiskit,8,24,4,0,0.9136462173124364,0.005862500001967419
13,ibm_brisbane,VQE,5,Qiskit,12,36,4,0,0.902742562804394,0.006346699999994598
13,ibm_brisbane,VQE,5,Qiskit,8,24,4,0,0.9136462173124364,0.005562600003031548
13,ibm_brisbane,VQE,5,Qiskit,12,36,4,0,0.902742562804394,0.006194000001414679
13,ibm_brisbane,VQE,5,Qiskit,8,24,4,0,0.9136462173124364,0.005835399999341462
13,ibm_brisbane,VQE,5,Qiskit,8,24,4,0,0.9136462173124364,0.005715200000850018
13,ibm_brisbane,VQE,5,Qiskit,8,24,4,0,0.9136462173124364,0.005892799999855924
13,ibm_brisbane,VQE,5,Qiskit,8,24,4,0,0.9136462173124364,0.005736599996453151
13,ibm_brisbane,VQE,5,Qiskit,8,24,4,0,0.9136462173124364,0.005614699999568984
13,ibm_brisbane,VQE,5,Qiskit,8,24,4,0,0.9136462173124364,0.00575350000144681
13,ibm_brisbane,VQE,5,Qiskit,8,24,4,0,0.9136462173124364,0.005684199997631367
13,ibm_brisbane,VQE,5,Qiskit,8,24,4,0,0.9136462173124364,0.0058726999995997176
13,ibm_brisbane,VQE,5,Qiskit,8,24,4,0,0.9136462173124364,0.005778300001111347
13,ibm_brisbane,VQE,5,Qiskit,8,24,4,0,0.9136462173124364,0.005779400002211332
13,ibm_brisbane,VQE,5,Qiskit,12,36,4,0,0.902742562804394,0.006174100002681371
13,ibm_brisbane,VQE,5,Qiskit,8,24,4,0,0.9136462173124364,0.005617799994070083
13,ibm_brisbane,VQE,5,Qiskit,8,24,4,0,0.9136462173124364,0.005697699998563621
13,ibm_brisbane,VQE,5,Qiskit,8,24,4,0,0.9136462173124364,0.005759500003478024
13,ibm_brisbane,VQE,5,Qiskit,8,24,4,0,0.9136462173124364,0.00574419999611564
13,ibm_brisbane,VQE,5,Qiskit,12,36,4,0,0.902742562804394,0.006575100000191014
13,ibm_brisbane,VQE,5,Qiskit,8,24,4,0,0.9136462173124364,0.0058828000037465245
13,ibm_brisbane,VQE,5,Qiskit,12,36,4,0,0.902742562804394,0.006260199996177107
13,ibm_brisbane,VQE,5,Qiskit,8,24,4,0,0.9136462173124364,0.005747099996369798
13,ibm_brisbane,VQE,5,Qiskit,8,24,4,0,0.9136462173124364,0.005711700003303122
13,ibm_brisbane,VQE,5,Qiskit,8,24,4,0,0.9136462173124364,0.006128799999714829
13,ibm_brisbane,VQE,5,Qiskit,12,36,4,0,0.902742562804394,0.0065704000007826835
13,ibm_brisbane,VQE,5,PyZX,38,55,27,14,0.701159657114049,0.0034845999980461784
13,ibm_brisbane,VQE,5,PyZX,38,55,27,14,0.701159657114049,0.003006600003573112
13,ibm_brisbane,VQE,5,PyZX,38,55,27,14,0.701159657114049,0.002888900002290029
13,ibm_brisbane,VQE,5,PyZX,38,55,27,14,0.701159657114049,0.002827700001944322
13,ibm_brisbane,VQE,5,PyZX,38,55,27,14,0.701159657114049,0.002827799995429814
13,ibm_brisbane,VQE,5,PyZX,38,55,27,14,0.701159657114049,0.0028653999979724176
13,ibm_brisbane,VQE,5,PyZX,38,55,27,14,0.701159657114049,0.00278690000413917
13,ibm_brisbane,VQE,5,PyZX,38,55,27,14,0.701159657114049,0.0029561999981524423
13,ibm_brisbane,VQE,5,PyZX,38,55,27,14,0.701159657114049,0.0029116999940015376
13,ibm_brisbane,VQE,5,PyZX,38,55,27,14,0.701159657114049,0.0029166000022087246
13,ibm_brisbane,VQE,5,PyZX,38,55,27,14,0.701159657114049,0.0029084999987389892
13,ibm_brisbane,VQE,5,PyZX,38,55,27,14,0.701159657114049,0.00284059999830788
13,ibm_brisbane,VQE,5,PyZX,38,55,27,14,0.701159657114049,0.0030196000006981194
13,ibm_brisbane,VQE,5,PyZX,38,55,27,14,0.701159657114049,0.0028224999987287447
13,ibm_brisbane,VQE,5,PyZX,38,55,27,14,0.701159657114049,0.003009200001542922
13,ibm_brisbane,VQE,5,PyZX,38,55,27,14,0.701159657114049,0.002870100004656706
13,ibm_brisbane,VQE,5,PyZX,38,55,27,14,0.701159657114049,0.00295170000026701
13,ibm_brisbane,VQE,5,PyZX,38,55,27,14,0.701159657114049,0.0029185999956098385
13,ibm_brisbane,VQE,5,PyZX,38,55,27,14,0.701159657114049,0.0028914999929838814
13,ibm_brisbane,VQE,5,PyZX,38,55,27,14,0.701159657114049,0.003075299995543901
13,ibm_brisbane,VQE,5,PyZX,38,55,27,14,0.701159657114049,0.002834799997799564
13,ibm_brisbane,VQE,5,PyZX,38,55,27,14,0.701159657114049,0.0030192999984137714
13,ibm_brisbane,VQE,5,PyZX,38,55,27,14,0.701159657114049,0.0028703999996650964
13,ibm_brisbane,VQE,5,PyZX,38,55,27,14,0.701159657114049,0.002963799997814931
13,ibm_brisbane,VQE,5,PyZX,38,55,27,14,0.701159657114049,0.00284250000549946
13,ibm_brisbane,VQE,5,PyZX,38,55,27,14,0.701159657114049,0.0028265000000828877
13,ibm_brisbane,VQE,5,PyZX,38,55,27,14,0.701159657114049,0.002953800001705531
13,ibm_brisbane,VQE,5,PyZX,38,55,27,14,0.701159657114049,0.0028427999932318926
13,ibm_brisbane,VQE,5,PyZX,38,55,27,14,0.701159657114049,0.003067500001634471
13,ibm_brisbane,VQE,5,PyZX,38,55,27,14,0.701159657114049,0.0028957000031368807
13,ibm_brisbane,VQE,5,TKET,7,19,4,0,0.9182281851339464,0.12454689999867696
13,ibm_brisbane,VQE,5,TKET,7,19,4,0,0.9182281851339464,0.12359040000592358
13,ibm_brisbane,VQE,5,TKET,7,19,4,0,0.9182281851339464,0.12397870000131661
13,ibm_brisbane,VQE,5,TKET,7,19,4,0,0.9182281851339464,0.12544160000106785
13,ibm_brisbane,VQE,5,TKET,7,19,4,0,0.9182281851339464,0.12322769999445882
13,ibm_brisbane,VQE,5,TKET,7,19,4,0,0.9182281851339464,0.12175520000164397
13,ibm_brisbane,VQE,5,TKET,7,19,4,0,0.9182281851339464,0.12359149999974761
13,ibm_brisbane,VQE,5,TKET,7,19,4,0,0.9182281851339464,0.12257550000504125
13,ibm_brisbane,VQE,5,TKET,7,19,4,0,0.9182281851339464,0.12381269999605138
13,ibm_brisbane,VQE,5,TKET,7,19,4,0,0.9182281851339464,0.12153089999628719
13,ibm_brisbane,VQE,5,TKET,7,19,4,0,0.9182281851339464,0.12046810000174446
13,ibm_brisbane,VQE,5,TKET,7,19,4,0,0.9182281851339464,0.1215026999998372
13,ibm_brisbane,VQE,5,TKET,7,19,4,0,0.9182281851339464,0.12183260000165319
13,ibm_brisbane,VQE,5,TKET,7,19,4,0,0.9182281851339464,0.12156019999383716
13,ibm_brisbane,VQE,5,TKET,7,19,4,0,0.9182281851339464,0.1214306999972905
13,ibm_brisbane,VQE,5,TKET,7,19,4,0,0.9182281851339464,0.12096800000290386
13,ibm_brisbane,VQE,5,TKET,7,19,4,0,0.9182281851339464,0.12235530000180006
13,ibm_brisbane,VQE,5,TKET,7,19,4,0,0.9182281851339464,0.1277302000016789
13,ibm_brisbane,VQE,5,TKET,7,19,4,0,0.9182281851339464,0.13748610000038752
13,ibm_brisbane,VQE,5,TKET,7,19,4,0,0.9182281851339464,0.1271264999959385
13,ibm_brisbane,VQE,5,TKET,7,19,4,0,0.9182281851339464,0.13370109999959823
13,ibm_brisbane,VQE,5,TKET,7,19,4,0,0.9182281851339464,0.13245060000190279
13,ibm_brisbane,VQE,5,TKET,7,19,4,0,0.9182281851339464,0.1258488999956171
13,ibm_brisbane,VQE,5,TKET,7,19,4,0,0.9182281851339464,0.1255620000010822
13,ibm_brisbane,VQE,5,TKET,7,19,4,0,0.9182281851339464,0.12343649999820627
13,ibm_brisbane,VQE,5,TKET,7,19,4,0,0.9182281851339464,0.1194266999955289
13,ibm_brisbane,VQE,5,TKET,7,19,4,0,0.9182281851339464,0.12939420000475366
13,ibm_brisbane,VQE,5,TKET,7,19,4,0,0.9182281851339464,0.1272266000014497
13,ibm_brisbane,VQE,5,TKET,7,19,4,0,0.9182281851339464,0.12349199999880511
13,ibm_brisbane,VQE,5,TKET,7,19,4,0,0.9182281851339464,0.12624109999887878
13,ibm_brisbane,VQE,5,BQSKit,5,9,4,0,0.927461172204045,0.06283950000215555
13,ibm_brisbane,VQE,5,BQSKit,5,9,4,0,0.927461172204045,0.06186170000000857
13,ibm_brisbane,VQE,5,BQSKit,5,9,4,0,0.927461172204045,0.06154619999870192
13,ibm_brisbane,VQE,5,BQSKit,5,9,4,0,0.927461172204045,0.06163440000091214
13,ibm_brisbane,VQE,5,BQSKit,5,9,4,0,0.927461172204045,0.06431390000216197
13,ibm_brisbane,VQE,5,BQSKit,5,9,4,0,0.927461172204045,0.062171999998099636
13,ibm_brisbane,VQE,5,BQSKit,5,9,4,0,0.927461172204045,0.06222390000039013
13,ibm_brisbane,VQE,5,BQSKit,5,9,4,0,0.927461172204045,0.06341629999951692
13,ibm_brisbane,VQE,5,BQSKit,5,9,4,0,0.927461172204045,0.06088270000327611
13,ibm_brisbane,VQE,5,BQSKit,5,9,4,0,0.927461172204045,0.06102190000092378
13,ibm_brisbane,VQE,5,BQSKit,5,9,4,0,0.927461172204045,0.06065070000477135
13,ibm_brisbane,VQE,5,BQSKit,5,9,4,0,0.927461172204045,0.06096309999702498
13,ibm_brisbane,VQE,5,BQSKit,5,9,4,0,0.927461172204045,0.06127150000247639
13,ibm_brisbane,VQE,5,BQSKit,5,9,4,0,0.927461172204045,0.061511799998697825
13,ibm_brisbane,VQE,5,BQSKit,5,9,4,0,0.927461172204045,0.06090309999854071
13,ibm_brisbane,VQE,5,BQSKit,5,9,4,0,0.927461172204045,0.06110410000110278
13,ibm_brisbane,VQE,5,BQSKit,5,9,4,0,0.927461172204045,0.06135480000375537
13,ibm_brisbane,VQE,5,BQSKit,5,9,4,0,0.927461172204045,0.06114109999907669
13,ibm_brisbane,VQE,5,BQSKit,5,9,4,0,0.927461172204045,0.06082779999997001
13,ibm_brisbane,VQE,5,BQSKit,5,9,4,0,0.927461172204045,0.06179359999805456
13,ibm_brisbane,VQE,5,BQSKit,5,9,4,0,0.927461172204045,0.061301599998841994
13,ibm_brisbane,VQE,5,BQSKit,5,9,4,0,0.927461172204045,0.06108230000245385
13,ibm_brisbane,VQE,5,BQSKit,5,9,4,0,0.927461172204045,0.0611886000042432
13,ibm_brisbane,VQE,5,BQSKit,5,9,4,0,0.927461172204045,0.06125459999748273
13,ibm_brisbane,VQE,5,BQSKit,5,9,4,0,0.927461172204045,0.061388899994199164
13,ibm_brisbane,VQE,5,BQSKit,5,9,4,0,0.927461172204045,0.06137009999656584
13,ibm_brisbane,VQE,5,BQSKit,5,9,4,0,0.927461172204045,0.060403799994674046
13,ibm_brisbane,VQE,5,BQSKit,5,9,4,0,0.927461172204045,0.061383499996736646
13,ibm_brisbane,VQE,5,BQSKit,5,9,4,0,0.927461172204045,0.06150530000013532
13,ibm_brisbane,VQE,5,BQSKit,5,9,4,0,0.927461172204045,0.062486800001352094
13,ibm_brisbane,VQE,5,Cirq-native,5,9,4,0,0.927461172204045,0.0022983000017120503
13,ibm_brisbane,VQE,5,Cirq-native,5,9,4,0,0.927461172204045,0.0019111000001430511
13,ibm_brisbane,VQE,5,Cirq-native,5,9,4,0,0.927461172204045,0.0017539999971631914
13,ibm_brisbane,VQE,5,Cirq-native,5,9,4,0,0.927461172204045,0.0014255000060074963
13,ibm_brisbane,VQE,5,Cirq-native,5,9,4,0,0.927461172204045,0.0012094999983673915
13,ibm_brisbane,VQE,5,Cirq-native,5,9,4,0,0.927461172204045,0.0008994000017992221
13,ibm_brisbane,VQE,5,Cirq-native,5,9,4,0,0.927461172204045,0.0008441999962087721
13,ibm_brisbane,VQE,5,Cirq-native,5,9,4,0,0.927461172204045,0.00080339999840362
13,ibm_brisbane,VQE,5,Cirq-native,5,9,4,0,0.927461172204045,0.0009684999968158081
13,ibm_brisbane,VQE,5,Cirq-native,5,9,4,0,0.927461172204045,0.0018205000014859252
13,ibm_brisbane,VQE,5,Cirq-native,5,9,4,0,0.927461172204045,0.001614499997231178
13,ibm_brisbane,VQE,5,Cirq-native,5,9,4,0,0.927461172204045,0.0010084999958053231
13,ibm_brisbane,VQE,5,Cirq-native,5,9,4,0,0.927461172204045,0.0012610999983735383
13,ibm_brisbane,VQE,5,Cirq-native,5,9,4,0,0.927461172204045,0.001048600002832245
13,ibm_brisbane,VQE,5,Cirq-native,5,9,4,0,0.927461172204045,0.0010474999944563024
13,ibm_brisbane,VQE,5,Cirq-native,5,9,4,0,0.927461172204045,0.0010686999958124943
13,ibm_brisbane,VQE,5,Cirq-native,5,9,4,0,0.927461172204045,0.0010525000034249388
13,ibm_brisbane,VQE,5,Cirq-native,5,9,4,0,0.927461172204045,0.0008098000034806319
13,ibm_brisbane,VQE,5,Cirq-native,5,9,4,0,0.927461172204045,0.0007777999999234453
13,ibm_brisbane,VQE,5,Cirq-native,5,9,4,0,0.927461172204045,0.0007862999991630204
13,ibm_brisbane,VQE,5,Cirq-native,5,9,4,0,0.927461172204045,0.0007899999982328154
13,ibm_brisbane,VQE,5,Cirq-native,5,9,4,0,0.927461172204045,0.0009434000021428801
13,ibm_brisbane,VQE,5,Cirq-native,5,9,4,0,0.927461172204045,0.0009132999985013157
13,ibm_brisbane,VQE,5,Cirq-native,5,9,4,0,0.927461172204045,0.0011003000035998411
13,ibm_brisbane,VQE,5,Cirq-native,5,9,4,0,0.927461172204045,0.0008548999976483174
13,ibm_brisbane,VQE,5,Cirq-native,5,9,4,0,0.927461172204045,0.000792600003478583
13,ibm_brisbane,VQE,5,Cirq-native,5,9,4,0,0.927461172204045,0.0008274000065284781
13,ibm_brisbane,VQE,5,Cirq-native,5,9,4,0,0.927461172204045,0.0008266000004368834
13,ibm_brisbane,VQE,5,Cirq-native,5,9,4,0,0.927461172204045,0.001210700000228826
13,ibm_brisbane,VQE,5,Cirq-native,5,9,4,0,0.927461172204045,0.0013619999954244122
13,ibm_brisbane,VQE,5,QADE,5,9,4,0,0.927461172204045,0.01495190000423463
13,ibm_brisbane,VQE,5,QADE,5,9,4,0,0.927461172204045,0.013637100004416425
13,ibm_brisbane,VQE,5,QADE,5,9,4,0,0.927461172204045,0.013521499997295905
13,ibm_brisbane,VQE,5,QADE,5,9,4,0,0.927461172204045,0.013659000003826804
13,ibm_brisbane,VQE,5,QADE,5,9,4,0,0.927461172204045,0.010809500003233552
13,ibm_brisbane,VQE,5,QADE,5,9,4,0,0.927461172204045,0.012047700001858175
13,ibm_brisbane,VQE,5,QADE,5,9,4,0,0.927461172204045,0.01654689999850234
13,ibm_brisbane,VQE,5,QADE,5,9,4,0,0.927461172204045,0.01958329999615671
13,ibm_brisbane,VQE,5,QADE,5,9,4,0,0.927461172204045,0.015582299995003268
13,ibm_brisbane,VQE,5,QADE,5,9,4,0,0.927461172204045,0.013040500001807231
13,ibm_brisbane,VQE,5,QADE,5,9,4,0,0.927461172204045,0.015328599998611026
13,ibm_brisbane,VQE,5,QADE,5,9,4,0,0.927461172204045,0.0133847999968566
13,ibm_brisbane,VQE,5,QADE,5,9,4,0,0.927461172204045,0.01132789999974193
13,ibm_brisbane,VQE,5,QADE,5,9,4,0,0.927461172204045,0.011621699995885137
13,ibm_brisbane,VQE,5,QADE,5,9,4,0,0.927461172204045,0.012559199996758252
13,ibm_brisbane,VQE,5,QADE,5,9,4,0,0.927461172204045,0.011965600002440624
13,ibm_brisbane,VQE,5,QADE,5,9,4,0,0.927461172204045,0.0231738000002224
13,ibm_brisbane,VQE,5,QADE,5,9,4,0,0.927461172204045,0.011716200002410915
13,ibm_brisbane,VQE,5,QADE,5,9,4,0,0.927461172204045,0.013532900004065596
13,ibm_brisbane,VQE,5,QADE,5,9,4,0,0.927461172204045,0.016231100002187304
13,ibm_brisbane,VQE,5,QADE,5,9,4,0,0.927461172204045,0.012920799999847077
13,ibm_brisbane,VQE,5,QADE,5,9,4,0,0.927461172204045,0.016954500002611894
13,ibm_brisbane,VQE,5,QADE,5,9,4,0,0.927461172204045,0.0161692999972729
13,ibm_brisbane,VQE,5,QADE,5,9,4,0,0.927461172204045,0.01348839999991469
13,ibm_brisbane,VQE,5,QADE,5,9,4,0,0.927461172204045,0.011301899998215958
13,ibm_brisbane,VQE,5,QADE,5,9,4,0,0.927461172204045,0.011218400002690032
13,ibm_brisbane,VQE,5,QADE,5,9,4,0,0.927461172204045,0.012960300002305303
13,ibm_brisbane,VQE,5,QADE,5,9,4,0,0.927461172204045,0.015711499996541534
13,ibm_brisbane,VQE,5,QADE,5,9,4,0,0.927461172204045,0.011796799997682683
13,ibm_brisbane,VQE,5,QADE,5,9,4,0,0.927461172204045,0.013083199999528006
13,ibm_brisbane,VQE,5,QADE + PyZX,38,55,27,14,0.701159657114049,0.01643589999730466
13,ibm_brisbane,VQE,5,QADE + PyZX,38,55,27,14,0.701159657114049,0.015823900001123548
13,ibm_brisbane,VQE,5,QADE + PyZX,38,55,27,14,0.701159657114049,0.016939499997533858
13,ibm_brisbane,VQE,5,QADE + PyZX,38,55,27,14,0.701159657114049,0.015020700004242826
13,ibm_brisbane,VQE,5,QADE + PyZX,38,55,27,14,0.701159657114049,0.018597000002046116
13,ibm_brisbane,VQE,5,QADE + PyZX,38,55,27,14,0.701159657114049,0.014135499994154088
13,ibm_brisbane,VQE,5,QADE + PyZX,38,55,27,14,0.701159657114049,0.017951200003153645
13,ibm_brisbane,VQE,5,QADE + PyZX,38,55,27,14,0.701159657114049,0.018492999995942228
13,ibm_brisbane,VQE,5,QADE + PyZX,38,55,27,14,0.701159657114049,0.013686799997230992
13,ibm_brisbane,VQE,5,QADE + PyZX,38,55,27,14,0.701159657114049,0.01408629999787081
13,ibm_brisbane,VQE,5,QADE + PyZX,38,55,27,14,0.701159657114049,0.012918899999931455
13,ibm_brisbane,VQE,5,QADE + PyZX,38,55,27,14,0.701159657114049,0.014140100000076927
13,ibm_brisbane,VQE,5,QADE + PyZX,38,55,27,14,0.701159657114049,0.013583999992988538
13,ibm_brisbane,VQE,5,QADE + PyZX,38,55,27,14,0.701159657114049,0.017968200001632795
13,ibm_brisbane,VQE,5,QADE + PyZX,38,55,27,14,0.701159657114049,0.012105299996619578
13,ibm_brisbane,VQE,5,QADE + PyZX,38,55,27,14,0.701159657114049,0.016724599998269696
13,ibm_brisbane,VQE,5,QADE + PyZX,38,55,27,14,0.701159657114049,0.015195600004517473
13,ibm_brisbane,VQE,5,QADE + PyZX,38,55,27,14,0.701159657114049,0.013409200000751298
13,ibm_brisbane,VQE,5,QADE + PyZX,38,55,27,14,0.701159657114049,0.013710999999602791
13,ibm_brisbane,VQE,5,QADE + PyZX,38,55,27,14,0.701159657114049,0.016145699999469798
13,ibm_brisbane,VQE,5,QADE + PyZX,38,55,27,14,0.701159657114049,0.01175350000266917
13,ibm_brisbane,VQE,5,QADE + PyZX,38,55,27,14,0.701159657114049,0.018130999997083563
13,ibm_brisbane,VQE,5,QADE + PyZX,38,55,27,14,0.701159657114049,0.013651100001879968
13,ibm_brisbane,VQE,5,QADE + PyZX,38,55,27,14,0.701159657114049,0.014776400006667245
13,ibm_brisbane,VQE,5,QADE + PyZX,38,55,27,14,0.701159657114049,0.01821899999777088
13,ibm_brisbane,VQE,5,QADE + PyZX,38,55,27,14,0.701159657114049,0.016804999999294523
13,ibm_brisbane,VQE,5,QADE + PyZX,38,55,27,14,0.701159657114049,0.015776699998241384
13,ibm_brisbane,VQE,5,QADE + PyZX,38,55,27,14,0.701159657114049,0.014344699993671384
13,ibm_brisbane,VQE,5,QADE + PyZX,38,55,27,14,0.701159657114049,0.0175362000009045
13,ibm_brisbane,VQE,5,QADE + PyZX,38,55,27,14,0.701159657114049,0.014939099994080607
13,ibm_brisbane,VQE,5,QADE + Knowledge Graph,38,55,27,14,0.701159657114049,0.004588499999954365
13,ibm_brisbane,VQE,5,QADE + Knowledge Graph,38,55,27,14,0.701159657114049,0.0033608999947318807
13,ibm_brisbane,VQE,5,QADE + Knowledge Graph,38,55,27,14,0.701159657114049,0.003104199997324031
13,ibm_brisbane,VQE,5,QADE + Knowledge Graph,38,55,27,14,0.701159657114049,0.0029364000001805834
13,ibm_brisbane,VQE,5,QADE + Knowledge Graph,38,55,27,14,0.701159657114049,0.003056100002140738
13,ibm_brisbane,VQE,5,QADE + Knowledge Graph,38,55,27,14,0.701159657114049,0.0030589999951189384
13,ibm_brisbane,VQE,5,QADE + Knowledge Graph,38,55,27,14,0.701159657114049,0.0033677999963401817
13,ibm_brisbane,VQE,5,QADE + Knowledge Graph,38,55,27,14,0.701159657114049,0.0030767999996896833
13,ibm_brisbane,VQE,5,QADE + Knowledge Graph,38,55,27,14,0.701159657114049,0.0030895000018063
13,ibm_brisbane,VQE,5,QADE + Knowledge Graph,38,55,27,14,0.701159657114049,0.0029301000031409785
13,ibm_brisbane,VQE,5,QADE + Knowledge Graph,38,55,27,14,0.701159657114049,0.002943699997558724
13,ibm_brisbane,VQE,5,QADE + Knowledge Graph,38,55,27,14,0.701159657114049,0.0029390999989118427
13,ibm_brisbane,VQE,5,QADE + Knowledge Graph,38,55,27,14,0.701159657114049,0.002952399998321198
13,ibm_brisbane,VQE,5,QADE + Knowledge Graph,38,55,27,14,0.701159657114049,0.003021900003659539
13,ibm_brisbane,VQE,5,QADE + Knowledge Graph,38,55,27,14,0.701159657114049,0.002899000006436836
13,ibm_brisbane,VQE,5,QADE + Knowledge Graph,38,55,27,14,0.701159657114049,0.00293729999975767
13,ibm_brisbane,VQE,5,QADE + Knowledge Graph,38,55,27,14,0.701159657114049,0.002849600001354702
13,ibm_brisbane,VQE,5,QADE + Knowledge Graph,38,55,27,14,0.701159657114049,0.00304619999951683
13,ibm_brisbane,VQE,5,QADE + Knowledge Graph,38,55,27,14,0.701159657114049,0.003046500001801178
13,ibm_brisbane,VQE,5,QADE + Knowledge Graph,38,55,27,14,0.701159657114049,0.0029645000031450763
13,ibm_brisbane,VQE,5,QADE + Knowledge Graph,38,55,27,14,0.701159657114049,0.0030401999974856153
13,ibm_brisbane,VQE,5,QADE + Knowledge Graph,38,55,27,14,0.701159657114049,0.002977299998747185
13,ibm_brisbane,VQE,5,QADE + Knowledge Graph,38,55,27,14,0.701159657114049,0.003014200003235601
13,ibm_brisbane,VQE,5,QADE + Knowledge Graph,38,55,27,14,0.701159657114049,0.0028406999990693294
13,ibm_brisbane,VQE,5,QADE + Knowledge Graph,38,55,27,14,0.701159657114049,0.0030864000000292435
13,ibm_brisbane,VQE,5,QADE + Knowledge Graph,38,55,27,14,0.701159657114049,0.002951299997221213
13,ibm_brisbane,VQE,5,QADE + Knowledge Graph,38,55,27,14,0.701159657114049,0.00296840000373777
13,ibm_brisbane,VQE,5,QADE + Knowledge Graph,38,55,27,14,0.701159657114049,0.0029437999983201735
13,ibm_brisbane,VQE,5,QADE + Knowledge Graph,38,55,27,14,0.701159657114049,0.0028913999994983897
13,ibm_brisbane,VQE,5,QADE + Knowledge Graph,38,55,27,14,0.701159657114049,0.003139199994620867
13,ibm_brisbane,VQE,5,QADE + Evolution + PyZX,38,55,27,14,0.701159657114049,0.05198980000568554
13,ibm_brisbane,VQE,5,QADE + Evolution + PyZX,38,55,27,14,0.701159657114049,0.045073699999193195
13,ibm_brisbane,VQE,5,QADE + Evolution + PyZX,38,55,27,14,0.701159657114049,0.05390780000016093
13,ibm_brisbane,VQE,5,QADE + Evolution + PyZX,38,55,27,14,0.701159657114049,0.051937999996880535
13,ibm_brisbane,VQE,5,QADE + Evolution + PyZX,38,55,27,14,0.701159657114049,0.0449365000022226
13,ibm_brisbane,VQE,5,QADE + Evolution + PyZX,38,55,27,14,0.701159657114049,0.05699119999917457
13,ibm_brisbane,VQE,5,QADE + Evolution + PyZX,38,55,27,14,0.701159657114049,0.04083419999369653
13,ibm_brisbane,VQE,5,QADE + Evolution + PyZX,38,55,27,14,0.701159657114049,0.05536329999449663
13,ibm_brisbane,VQE,5,QADE + Evolution + PyZX,38,55,27,14,0.701159657114049,0.04813520000607241
13,ibm_brisbane,VQE,5,QADE + Evolution + PyZX,38,55,27,14,0.701159657114049,0.05641800000012154
13,ibm_brisbane,VQE,5,QADE + Evolution + PyZX,38,55,27,14,0.701159657114049,0.05536079999728827
13,ibm_brisbane,VQE,5,QADE + Evolution + PyZX,38,55,27,14,0.701159657114049,0.05333550000068499
13,ibm_brisbane,VQE,5,QADE + Evolution + PyZX,38,55,27,14,0.701159657114049,0.05007300000579562
13,ibm_brisbane,VQE,5,QADE + Evolution + PyZX,38,55,27,14,0.701159657114049,0.04439339999953518
13,ibm_brisbane,VQE,5,QADE + Evolution + PyZX,38,55,27,14,0.701159657114049,0.04816739999660058
13,ibm_brisbane,VQE,5,QADE + Evolution + PyZX,38,55,27,14,0.701159657114049,0.04535559999931138
13,ibm_brisbane,VQE,5,QADE + Evolution + PyZX,38,55,27,14,0.701159657114049,0.06761959999857936
13,ibm_brisbane,VQE,5,QADE + Evolution + PyZX,38,55,27,14,0.701159657114049,0.04899989999830723
13,ibm_brisbane,VQE,5,QADE + Evolution + PyZX,38,55,27,14,0.701159657114049,0.0521560999986832
13,ibm_brisbane,VQE,5,QADE + Evolution + PyZX,38,55,27,14,0.701159657114049,0.04952490000141552
13,ibm_brisbane,VQE,5,QADE + Evolution + PyZX,38,55,27,14,0.701159657114049,0.05688899999950081
13,ibm_brisbane,VQE,5,QADE + Evolution + PyZX,38,55,27,14,0.701159657114049,0.0539446000038879
13,ibm_brisbane,VQE,5,QADE + Evolution + PyZX,38,55,27,14,0.701159657114049,0.042323099994973745
13,ibm_brisbane,VQE,5,QADE + Evolution + PyZX,38,55,27,14,0.701159657114049,0.046789500003797
13,ibm_brisbane,VQE,5,QADE + Evolution + PyZX,38,55,27,14,0.701159657114049,0.04471929999999702
13,ibm_brisbane,VQE,5,QADE + Evolution + PyZX,38,55,27,14,0.701159657114049,0.041788199996517505
13,ibm_brisbane,VQE,5,QADE + Evolution + PyZX,38,55,27,14,0.701159657114049,0.05174350000015693
13,ibm_brisbane,VQE,5,QADE + Evolution + PyZX,38,55,27,14,0.701159657114049,0.053837100000237115
13,ibm_brisbane,VQE,5,QADE + Evolution + PyZX,38,55,27,14,0.701159657114049,0.04826329999923473
13,ibm_brisbane,VQE,5,QADE + Evolution + PyZX,38,55,27,14,0.701159657114049,0.04404480000084732
14,ibm_brisbane,QAOA,5,Qiskit,20,51,8,0,0.8751381422750864,0.007679000002099201
14,ibm_brisbane,QAOA,5,Qiskit,20,51,8,0,0.8751381422750864,0.0062294000017573126
14,ibm_brisbane,QAOA,5,Qiskit,26,62,8,0,0.8655596111984838,0.006572400001459755
14,ibm_brisbane,QAOA,5,Qiskit,26,62,8,0,0.8655596111984838,0.006502399999590125
14,ibm_brisbane,QAOA,5,Qiskit,20,51,8,0,0.8751381422750864,0.006137500000477303
14,ibm_brisbane,QAOA,5,Qiskit,20,51,8,0,0.8751381422750864,0.005936100002145395
14,ibm_brisbane,QAOA,5,Qiskit,20,51,8,0,0.8751381422750864,0.006045199996151496
14,ibm_brisbane,QAOA,5,Qiskit,20,51,8,0,0.8751381422750864,0.006095699995057657
14,ibm_brisbane,QAOA,5,Qiskit,20,51,8,0,0.8751381422750864,0.006023200003255624
14,ibm_brisbane,QAOA,5,Qiskit,20,51,8,0,0.8751381422750864,0.006049900002835784
14,ibm_brisbane,QAOA,5,Qiskit,20,51,8,0,0.8751381422750864,0.006200799994985573
14,ibm_brisbane,QAOA,5,Qiskit,26,62,8,0,0.8655596111984838,0.006553899998834822
14,ibm_brisbane,QAOA,5,Qiskit,26,62,8,0,0.8655596111984838,0.006932600001164246
14,ibm_brisbane,QAOA,5,Qiskit,26,62,8,0,0.8655596111984838,0.006687100001727231
14,ibm_brisbane,QAOA,5,Qiskit,26,62,8,0,0.8655596111984838,0.006630399999266956
14,ibm_brisbane,QAOA,5,Qiskit,26,62,8,0,0.8655596111984838,0.006655499993939884
14,ibm_brisbane,QAOA,5,Qiskit,20,51,8,0,0.8751381422750864,0.006077599995478522
14,ibm_brisbane,QAOA,5,Qiskit,26,62,8,0,0.8655596111984838,0.006765800004359335
14,ibm_brisbane,QAOA,5,Qiskit,20,51,8,0,0.8751381422750864,0.00617459999921266
14,ibm_brisbane,QAOA,5,Qiskit,26,62,8,0,0.8655596111984838,0.0066070000029867515
14,ibm_brisbane,QAOA,5,Qiskit,20,51,8,0,0.8751381422750864,0.0060721999980160035
14,ibm_brisbane,QAOA,5,Qiskit,20,51,8,0,0.8751381422750864,0.005991600002744235
14,ibm_brisbane,QAOA,5,Qiskit,20,51,8,0,0.8751381422750864,0.005897000002732966
14,ibm_brisbane,QAOA,5,Qiskit,20,51,8,0,0.8751381422750864,0.006064100001822226
14,ibm_brisbane,QAOA,5,Qiskit,20,51,8,0,0.8751381422750864,0.0060582000005524606
14,ibm_brisbane,QAOA,5,Qiskit,20,51,8,0,0.8751381422750864,0.006329899995762389
14,ibm_brisbane,QAOA,5,Qiskit,26,62,8,0,0.8655596111984838,0.00646759999654023
14,ibm_brisbane,QAOA,5,Qiskit,26,62,8,0,0.8655596111984838,0.006606000002648216
14,ibm_brisbane,QAOA,5,Qiskit,20,51,8,0,0.8751381422750864,0.006141500001831446
14,ibm_brisbane,QAOA,5,Qiskit,26,62,8,0,0.8655596111984838,0.00671199999487726
14,ibm_brisbane,QAOA,5,PyZX,70,84,60,40,0.4588370989578232,0.004026599999633618
14,ibm_brisbane,QAOA,5,PyZX,70,84,60,40,0.4588370989578232,0.0038109999950393103
14,ibm_brisbane,QAOA,5,PyZX,70,84,60,40,0.4588370989578232,0.003692300000693649
14,ibm_brisbane,QAOA,5,PyZX,70,84,60,40,0.4588370989578232,0.003698900000017602
14,ibm_brisbane,QAOA,5,PyZX,70,84,60,40,0.4588370989578232,0.0035767999943345785
14,ibm_brisbane,QAOA,5,PyZX,70,84,60,40,0.4588370989578232,0.0036523999951896258
14,ibm_brisbane,QAOA,5,PyZX,70,84,60,40,0.4588370989578232,0.003554499999154359
14,ibm_brisbane,QAOA,5,PyZX,70,84,60,40,0.4588370989578232,0.00360509999882197
14,ibm_brisbane,QAOA,5,PyZX,70,84,60,40,0.4588370989578232,0.0036210999969625846
14,ibm_brisbane,QAOA,5,PyZX,70,84,60,40,0.4588370989578232,0.0036092000009375624
14,ibm_brisbane,QAOA,5,PyZX,70,84,60,40,0.4588370989578232,0.0035758000012720004
14,ibm_brisbane,QAOA,5,PyZX,70,84,60,40,0.4588370989578232,0.0036436000009416603
14,ibm_brisbane,QAOA,5,PyZX,70,84,60,40,0.4588370989578232,0.0036040999984834343
14,ibm_brisbane,QAOA,5,PyZX,70,84,60,40,0.4588370989578232,0.003546300002199132
14,ibm_brisbane,QAOA,5,PyZX,70,84,60,40,0.4588370989578232,0.003551600006176159
14,ibm_brisbane,QAOA,5,PyZX,70,84,60,40,0.4588370989578232,0.003474500001175329
14,ibm_brisbane,QAOA,5,PyZX,70,84,60,40,0.4588370989578232,0.004415399998833891
14,ibm_brisbane,QAOA,5,PyZX,70,84,60,40,0.4588370989578232,0.003731999997398816
14,ibm_brisbane,QAOA,5,PyZX,70,84,60,40,0.4588370989578232,0.003707399999257177
14,ibm_brisbane,QAOA,5,PyZX,70,84,60,40,0.4588370989578232,0.0037148000046727248
14,ibm_brisbane,QAOA,5,PyZX,70,84,60,40,0.4588370989578232,0.003743200002645608
14,ibm_brisbane,QAOA,5,PyZX,70,84,60,40,0.4588370989578232,0.003660000002128072
14,ibm_brisbane,QAOA,5,PyZX,70,84,60,40,0.4588370989578232,0.003614299996115733
14,ibm_brisbane,QAOA,5,PyZX,70,84,60,40,0.4588370989578232,0.0038088000001152977
14,ibm_brisbane,QAOA,5,PyZX,70,84,60,40,0.4588370989578232,0.004278000000340398
14,ibm_brisbane,QAOA,5,PyZX,70,84,60,40,0.4588370989578232,0.0038945999986026436
14,ibm_brisbane,QAOA,5,PyZX,70,84,60,40,0.4588370989578232,0.0036601000028895214
14,ibm_brisbane,QAOA,5,PyZX,70,84,60,40,0.4588370989578232,0.0037138999978196807
14,ibm_brisbane,QAOA,5,PyZX,70,84,60,40,0.4588370989578232,0.0036612999974749982
14,ibm_brisbane,QAOA,5,PyZX,70,84,60,40,0.4588370989578232,0.003606400001444854
14,ibm_brisbane,QAOA,5,TKET,26,47,8,0,0.8786474637590513,0.17852459999994608
14,ibm_brisbane,QAOA,5,TKET,26,47,8,0,0.8786474637590513,0.17463210000278195
14,ibm_brisbane,QAOA,5,TKET,26,47,8,0,0.8786474637590513,0.17029059999913443
14,ibm_brisbane,QAOA,5,TKET,26,47,8,0,0.8786474637590513,0.17093160000513308
14,ibm_brisbane,QAOA,5,TKET,26,47,8,0,0.8786474637590513,0.16352529999858234
14,ibm_brisbane,QAOA,5,TKET,26,47,8,0,0.8786474637590513,0.16595539999980247
14,ibm_brisbane,QAOA,5,TKET,26,47,8,0,0.8786474637590513,0.16378460000123596
14,ibm_brisbane,QAOA,5,TKET,26,47,8,0,0.8786474637590513,0.1672933000008925
14,ibm_brisbane,QAOA,5,TKET,26,47,8,0,0.8786474637590513,0.1643123000030755
14,ibm_brisbane,QAOA,5,TKET,26,47,8,0,0.8786474637590513,0.16442359999928158
14,ibm_brisbane,QAOA,5,TKET,26,47,8,0,0.8786474637590513,0.1625043000021833
14,ibm_brisbane,QAOA,5,TKET,26,47,8,0,0.8786474637590513,0.16448929999751272
14,ibm_brisbane,QAOA,5,TKET,26,47,8,0,0.8786474637590513,0.1647153999947477
14,ibm_brisbane,QAOA,5,TKET,26,47,8,0,0.8786474637590513,0.16452469999785535
14,ibm_brisbane,QAOA,5,TKET,26,47,8,0,0.8786474637590513,0.16542829999525566
14,ibm_brisbane,QAOA,5,TKET,26,47,8,0,0.8786474637590513,0.16773510000348324
14,ibm_brisbane,QAOA,5,TKET,26,47,8,0,0.8786474637590513,0.17350509999960195
14,ibm_brisbane,QAOA,5,TKET,26,47,8,0,0.8786474637590513,0.18391809999593534
14,ibm_brisbane,QAOA,5,TKET,26,47,8,0,0.8786474637590513,0.18256120000296505
14,ibm_brisbane,QAOA,5,TKET,26,47,8,0,0.8786474637590513,0.16745089999312768
14,ibm_brisbane,QAOA,5,TKET,26,47,8,0,0.8786474637590513,0.16333809999923687
14,ibm_brisbane,QAOA,5,TKET,26,47,8,0,0.8786474637590513,0.16281319999689003
14,ibm_brisbane,QAOA,5,TKET,26,47,8,0,0.8786474637590513,0.16512750000401866
14,ibm_brisbane,QAOA,5,TKET,26,47,8,0,0.8786474637590513,0.1696150999996462
14,ibm_brisbane,QAOA,5,TKET,26,47,8,0,0.8786474637590513,0.16583730000274954
14,ibm_brisbane,QAOA,5,TKET,26,47,8,0,0.8786474637590513,0.17298020000453107
14,ibm_brisbane,QAOA,5,TKET,26,47,8,0,0.8786474637590513,0.17567840000265278
14,ibm_brisbane,QAOA,5,TKET,26,47,8,0,0.8786474637590513,0.1719814999960363
14,ibm_brisbane,QAOA,5,TKET,26,47,8,0,0.8786474637590513,0.16911909999907948
14,ibm_brisbane,QAOA,5,TKET,26,47,8,0,0.8786474637590513,0.16690039999957662
14,ibm_brisbane,QAOA,5,BQSKit,14,22,8,0,0.9009017989177555,0.06714500000089174
14,ibm_brisbane,QAOA,5,BQSKit,14,22,8,0,0.9009017989177555,0.06641230000241194
14,ibm_brisbane,QAOA,5,BQSKit,14,22,8,0,0.9009017989177555,0.06644199999573175
14,ibm_brisbane,QAOA,5,BQSKit,14,22,8,0,0.9009017989177555,0.06709099999716273
14,ibm_brisbane,QAOA,5,BQSKit,14,22,8,0,0.9009017989177555,0.06742740000481717
14,ibm_brisbane,QAOA,5,BQSKit,14,22,8,0,0.9009017989177555,0.06680039999628207
14,ibm_brisbane,QAOA,5,BQSKit,14,22,8,0,0.9009017989177555,0.06704650000028778
14,ibm_brisbane,QAOA,5,BQSKit,14,22,8,0,0.9009017989177555,0.06693030000315048
14,ibm_brisbane,QAOA,5,BQSKit,14,22,8,0,0.9009017989177555,0.06653389999701176
14,ibm_brisbane,QAOA,5,BQSKit,14,22,8,0,0.9009017989177555,0.06654730000445852
14,ibm_brisbane,QAOA,5,BQSKit,14,22,8,0,0.9009017989177555,0.06643759999860777
14,ibm_brisbane,QAOA,5,BQSKit,14,22,8,0,0.9009017989177555,0.06693480000103591
14,ibm_brisbane,QAOA,5,BQSKit,14,22,8,0,0.9009017989177555,0.06657409999752417
14,ibm_brisbane,QAOA,5,BQSKit,14,22,8,0,0.9009017989177555,0.06712749999860534
14,ibm_brisbane,QAOA,5,BQSKit,14,22,8,0,0.9009017989177555,0.06724849999591243
14,ibm_brisbane,QAOA,5,BQSKit,14,22,8,0,0.9009017989177555,0.06702100000256905
14,ibm_brisbane,QAOA,5,BQSKit,14,22,8,0,0.9009017989177555,0.06627509999816539
14,ibm_brisbane,QAOA,5,BQSKit,14,22,8,0,0.9009017989177555,0.0663492999956361
14,ibm_brisbane,QAOA,5,BQSKit,14,22,8,0,0.9009017989177555,0.06625970000459347
14,ibm_brisbane,QAOA,5,BQSKit,14,22,8,0,0.9009017989177555,0.06644360000063898
14,ibm_brisbane,QAOA,5,BQSKit,14,22,8,0,0.9009017989177555,0.06632189999800175
14,ibm_brisbane,QAOA,5,BQSKit,14,22,8,0,0.9009017989177555,0.06699439999647439
14,ibm_brisbane,QAOA,5,BQSKit,14,22,8,0,0.9009017989177555,0.0668569000044954
14,ibm_brisbane,QAOA,5,BQSKit,14,22,8,0,0.9009017989177555,0.06691409999621101
14,ibm_brisbane,QAOA,5,BQSKit,14,22,8,0,0.9009017989177555,0.06676639999932377
14,ibm_brisbane,QAOA,5,BQSKit,14,22,8,0,0.9009017989177555,0.06683600000542356
14,ibm_brisbane,QAOA,5,BQSKit,14,22,8,0,0.9009017989177555,0.06657020000420744
14,ibm_brisbane,QAOA,5,BQSKit,14,22,8,0,0.9009017989177555,0.06655469999532215
14,ibm_brisbane,QAOA,5,BQSKit,14,22,8,0,0.9009017989177555,0.06719339999835938
14,ibm_brisbane,QAOA,5,BQSKit,14,22,8,0,0.9009017989177555,0.0677062000031583
14,ibm_brisbane,QAOA,5,Cirq-native,14,22,8,0,0.9009017989177555,0.0017175000029965304
14,ibm_brisbane,QAOA,5,Cirq-native,14,22,8,0,0.9009017989177555,0.001646600001549814
14,ibm_brisbane,QAOA,5,Cirq-native,14,22,8,0,0.9009017989177555,0.001400200002535712
14,ibm_brisbane,QAOA,5,Cirq-native,14,22,8,0,0.9009017989177555,0.0013330000001587905
14,ibm_brisbane,QAOA,5,Cirq-native,14,22,8,0,0.9009017989177555,0.001224699997692369
14,ibm_brisbane,QAOA,5,Cirq-native,14,22,8,0,0.9009017989177555,0.0012736999997287057
14,ibm_brisbane,QAOA,5,Cirq-native,14,22,8,0,0.9009017989177555,0.001346700002613943
14,ibm_brisbane,QAOA,5,Cirq-native,14,22,8,0,0.9009017989177555,0.0012865000026067719
14,ibm_brisbane,QAOA,5,Cirq-native,14,22,8,0,0.9009017989177555,0.0012282999960007146
14,ibm_brisbane,QAOA,5,Cirq-native,14,22,8,0,0.9009017989177555,0.0012578000023495406
14,ibm_brisbane,QAOA,5,Cirq-native,14,22,8,0,0.9009017989177555,0.001230100002430845
14,ibm_brisbane,QAOA,5,Cirq-native,14,22,8,0,0.9009017989177555,0.0014085000002523884
14,ibm_brisbane,QAOA,5,Cirq-native,14,22,8,0,0.9009017989177555,0.0013003999993088655
14,ibm_brisbane,QAOA,5,Cirq-native,14,22,8,0,0.9009017989177555,0.001236899996001739
14,ibm_brisbane,QAOA,5,Cirq-native,14,22,8,0,0.9009017989177555,0.001246699997864198
14,ibm_brisbane,QAOA,5,Cirq-native,14,22,8,0,0.9009017989177555,0.0012287999998079613
14,ibm_brisbane,QAOA,5,Cirq-native,14,22,8,0,0.9009017989177555,0.0013596999997389503
14,ibm_brisbane,QAOA,5,Cirq-native,14,22,8,0,0.9009017989177555,0.0013632000045618042
14,ibm_brisbane,QAOA,5,Cirq-native,14,22,8,0,0.9009017989177555,0.001239299999724608
14,ibm_brisbane,QAOA,5,Cirq-native,14,22,8,0,0.9009017989177555,0.0012032999948132783
14,ibm_brisbane,QAOA,5,Cirq-native,14,22,8,0,0.9009017989177555,0.0012099000014131889
14,ibm_brisbane,QAOA,5,Cirq-native,14,22,8,0,0.9009017989177555,0.0013743000017711893
14,ibm_brisbane,QAOA,5,Cirq-native,14,22,8,0,0.9009017989177555,0.0013781999950879253
14,ibm_brisbane,QAOA,5,Cirq-native,14,22,8,0,0.9009017989177555,0.001367900003970135
14,ibm_brisbane,QAOA,5,Cirq-native,14,22,8,0,0.9009017989177555,0.0012354999998933636
14,ibm_brisbane,QAOA,5,Cirq-native,14,22,8,0,0.9009017989177555,0.0012623000002349727
14,ibm_brisbane,QAOA,5,Cirq-native,14,22,8,0,0.9009017989177555,0.0012964999987161718
14,ibm_brisbane,QAOA,5,Cirq-native,14,22,8,0,0.9009017989177555,0.0013860000035492703
14,ibm_brisbane,QAOA,5,Cirq-native,14,22,8,0,0.9009017989177555,0.0012772999980370514
14,ibm_brisbane,QAOA,5,Cirq-native,14,22,8,0,0.9009017989177555,0.0012419999984558672
14,ibm_brisbane,QAOA,5,QADE,13,20,8,0,0.9027063088291047,0.016535999995539896
14,ibm_brisbane,QAOA,5,QADE,13,20,8,0,0.9027063088291047,0.018480400001863018
14,ibm_brisbane,QAOA,5,QADE,13,20,8,0,0.9027063088291047,0.01767870000185212
14,ibm_brisbane,QAOA,5,QADE,13,20,8,0,0.9027063088291047,0.014983300003223121
14,ibm_brisbane,QAOA,5,QADE,13,20,8,0,0.9027063088291047,0.01913329999661073
14,ibm_brisbane,QAOA,5,QADE,13,20,8,0,0.9027063088291047,0.024530199996661395
14,ibm_brisbane,QAOA,5,QADE,13,20,8,0,0.9027063088291047,0.020132700003159698
14,ibm_brisbane,QAOA,5,QADE,13,20,8,0,0.9027063088291047,0.0202560000034282
14,ibm_brisbane,QAOA,5,QADE,13,20,8,0,0.9027063088291047,0.022125299998151604
14,ibm_brisbane,QAOA,5,QADE,13,20,8,0,0.9027063088291047,0.01976740000100108
14,ibm_brisbane,QAOA,5,QADE,13,20,8,0,0.9027063088291047,0.024020199998631142
14,ibm_brisbane,QAOA,5,QADE,13,20,8,0,0.9027063088291047,0.017069900000933558
14,ibm_brisbane,QAOA,5,QADE,13,20,8,0,0.9027063088291047,0.016347899996617343
14,ibm_brisbane,QAOA,5,QADE,13,20,8,0,0.9027063088291047,0.017965899998671375
14,ibm_brisbane,QAOA,5,QADE,13,20,8,0,0.9027063088291047,0.017903200001455843
14,ibm_brisbane,QAOA,5,QADE,13,20,8,0,0.9027063088291047,0.018340300004638266
14,ibm_brisbane,QAOA,5,QADE,13,20,8,0,0.9027063088291047,0.016705299996829126
14,ibm_brisbane,QAOA,5,QADE,13,20,8,0,0.9027063088291047,0.02043259999481961
14,ibm_brisbane,QAOA,5,QADE,13,20,8,0,0.9027063088291047,0.018476400000508875
14,ibm_brisbane,QAOA,5,QADE,13,20,8,0,0.9027063088291047,0.01964109999971697
14,ibm_brisbane,QAOA,5,QADE,13,20,8,0,0.9027063088291047,0.01676210000005085
14,ibm_brisbane,QAOA,5,QADE,13,20,8,0,0.9027063088291047,0.017515700004878454
14,ibm_brisbane,QAOA,5,QADE,13,20,8,0,0.9027063088291047,0.02051910000591306
14,ibm_brisbane,QAOA,5,QADE,13,20,8,0,0.9027063088291047,0.017638500001339708
14,ibm_brisbane,QAOA,5,QADE,13,20,8,0,0.9027063088291047,0.019073999996180646
14,ibm_brisbane,QAOA,5,QADE,13,20,8,0,0.9027063088291047,0.0195640000019921
14,ibm_brisbane,QAOA,5,QADE,13,20,8,0,0.9027063088291047,0.024333699999260716
14,ibm_brisbane,QAOA,5,QADE,13,20,8,0,0.9027063088291047,0.014763099999981932
14,ibm_brisbane,QAOA,5,QADE,13,20,8,0,0.9027063088291047,0.020932699997501913
14,ibm_brisbane,QAOA,5,QADE,13,20,8,0,0.9027063088291047,0.020267999992938712
14,ibm_brisbane,QAOA,5,QADE + PyZX,70,82,60,40,0.4597561515046811,0.02730349999910686
14,ibm_brisbane,QAOA,5,QADE + PyZX,70,82,60,40,0.4597561515046811,0.028427499993995298
14,ibm_brisbane,QAOA,5,QADE + PyZX,70,82,60,40,0.4597561515046811,0.02663070000562584
14,ibm_brisbane,QAOA,5,QADE + PyZX,70,82,60,40,0.4597561515046811,0.02889839999988908
14,ibm_brisbane,QAOA,5,QADE + PyZX,70,82,60,40,0.4597561515046811,0.0217627000020002
14,ibm_brisbane,QAOA,5,QADE + PyZX,70,82,60,40,0.4597561515046811,0.02555969999957597
14,ibm_brisbane,QAOA,5,QADE + PyZX,70,82,60,40,0.4597561515046811,0.021957400000246707
14,ibm_brisbane,QAOA,5,QADE + PyZX,70,82,60,40,0.4597561515046811,0.024188199997297488
14,ibm_brisbane,QAOA,5,QADE + PyZX,70,82,60,40,0.4597561515046811,0.025091700001212303
14,ibm_brisbane,QAOA,5,QADE + PyZX,70,82,60,40,0.4597561515046811,0.02000729999417672
14,ibm_brisbane,QAOA,5,QADE + PyZX,70,82,60,40,0.4597561515046811,0.02405880000151228
14,ibm_brisbane,QAOA,5,QADE + PyZX,70,82,60,40,0.4597561515046811,0.022705800001858734
14,ibm_brisbane,QAOA,5,QADE + PyZX,70,82,60,40,0.4597561515046811,0.021589700001641177
14,ibm_brisbane,QAOA,5,QADE + PyZX,70,82,60,40,0.4597561515046811,0.02233459999843035
14,ibm_brisbane,QAOA,5,QADE + PyZX,70,82,60,40,0.4597561515046811,0.01784860000043409
14,ibm_brisbane,QAOA,5,QADE + PyZX,70,82,60,40,0.4597561515046811,0.02315150000504218
14,ibm_brisbane,QAOA,5,QADE + PyZX,70,82,60,40,0.4597561515046811,0.01876550000451971
14,ibm_brisbane,QAOA,5,QADE + PyZX,70,82,60,40,0.4597561515046811,0.02353220000077272
14,ibm_brisbane,QAOA,5,QADE + PyZX,70,82,60,40,0.4597561515046811,0.020859899996139575
14,ibm_brisbane,QAOA,5,QADE + PyZX,70,82,60,40,0.4597561515046811,0.025264400006562937
14,ibm_brisbane,QAOA,5,QADE + PyZX,70,82,60,40,0.4597561515046811,0.024079800001345575
14,ibm_brisbane,QAOA,5,QADE + PyZX,70,82,60,40,0.4597561515046811,0.024389300000621006
14,ibm_brisbane,QAOA,5,QADE + PyZX,70,82,60,40,0.4597561515046811,0.02481459999398794
14,ibm_brisbane,QAOA,5,QADE + PyZX,70,82,60,40,0.4597561515046811,0.029755400006251875
14,ibm_brisbane,QAOA,5,QADE + PyZX,70,82,60,40,0.4597561515046811,0.025348399998620152
14,ibm_brisbane,QAOA,5,QADE + PyZX,70,82,60,40,0.4597561515046811,0.025737300005857833
14,ibm_brisbane,QAOA,5,QADE + PyZX,70,82,60,40,0.4597561515046811,0.017753199994331226
14,ibm_brisbane,QAOA,5,QADE + PyZX,70,82,60,40,0.4597561515046811,0.025161899997328874
14,ibm_brisbane,QAOA,5,QADE + PyZX,70,82,60,40,0.4597561515046811,0.023255699998117052
14,ibm_brisbane,QAOA,5,QADE + PyZX,70,82,60,40,0.4597561515046811,0.02326090000133263
14,ibm_brisbane,QAOA,5,QADE + Knowledge Graph,70,84,60,40,0.4588370989578232,0.00770580000244081
14,ibm_brisbane,QAOA,5,QADE + Knowledge Graph,70,84,60,40,0.4588370989578232,0.0045513999939430505
14,ibm_brisbane,QAOA,5,QADE + Knowledge Graph,70,84,60,40,0.4588370989578232,0.0041292999958386645
14,ibm_brisbane,QAOA,5,QADE + Knowledge Graph,70,84,60,40,0.4588370989578232,0.0040287000010721385
14,ibm_brisbane,QAOA,5,QADE + Knowledge Graph,70,84,60,40,0.4588370989578232,0.004152800000156276
14,ibm_brisbane,QAOA,5,QADE + Knowledge Graph,70,84,60,40,0.4588370989578232,0.0041082000025198795
14,ibm_brisbane,QAOA,5,QADE + Knowledge Graph,70,84,60,40,0.4588370989578232,0.007637700000486802
14,ibm_brisbane,QAOA,5,QADE + Knowledge Graph,70,84,60,40,0.4588370989578232,0.005936199995630886
14,ibm_brisbane,QAOA,5,QADE + Knowledge Graph,70,84,60,40,0.4588370989578232,0.004015799997432623
14,ibm_brisbane,QAOA,5,QADE + Knowledge Graph,70,84,60,40,0.4588370989578232,0.0039366999990306795
14,ibm_brisbane,QAOA,5,QADE + Knowledge Graph,70,84,60,40,0.4588370989578232,0.004058799997437745
14,ibm_brisbane,QAOA,5,QADE + Knowledge Graph,70,84,60,40,0.4588370989578232,0.004053199998452328
14,ibm_brisbane,QAOA,5,QADE + Knowledge Graph,70,84,60,40,0.4588370989578232,0.0038839999979245476
14,ibm_brisbane,QAOA,5,QADE + Knowledge Graph,70,84,60,40,0.4588370989578232,0.003799099999014288
14,ibm_brisbane,QAOA,5,QADE + Knowledge Graph,70,84,60,40,0.4588370989578232,0.0037856999988434836
14,ibm_brisbane,QAOA,5,QADE + Knowledge Graph,70,84,60,40,0.4588370989578232,0.004096600001503248
14,ibm_brisbane,QAOA,5,QADE + Knowledge Graph,70,84,60,40,0.4588370989578232,0.003829799999948591
14,ibm_brisbane,QAOA,5,QADE + Knowledge Graph,70,84,60,40,0.4588370989578232,0.003656000000773929
14,ibm_brisbane,QAOA,5,QADE + Knowledge Graph,70,84,60,40,0.4588370989578232,0.0036775999978999607
14,ibm_brisbane,QAOA,5,QADE + Knowledge Graph,70,84,60,40,0.4588370989578232,0.0037755999946966767
14,ibm_brisbane,QAOA,5,QADE + Knowledge Graph,70,84,60,40,0.4588370989578232,0.0037121999994269572
14,ibm_brisbane,QAOA,5,QADE + Knowledge Graph,70,84,60,40,0.4588370989578232,0.0036549999931594357
14,ibm_brisbane,QAOA,5,QADE + Knowledge Graph,70,84,60,40,0.4588370989578232,0.0037940000038361177
14,ibm_brisbane,QAOA,5,QADE + Knowledge Graph,70,84,60,40,0.4588370989578232,0.0036486999961198308
14,ibm_brisbane,QAOA,5,QADE + Knowledge Graph,70,84,60,40,0.4588370989578232,0.0038150999971549027
14,ibm_brisbane,QAOA,5,QADE + Knowledge Graph,70,84,60,40,0.4588370989578232,0.003692300000693649
14,ibm_brisbane,QAOA,5,QADE + Knowledge Graph,70,84,60,40,0.4588370989578232,0.0036440999974729493
14,ibm_brisbane,QAOA,5,QADE + Knowledge Graph,70,84,60,40,0.4588370989578232,0.0036495000022114255
14,ibm_brisbane,QAOA,5,QADE + Knowledge Graph,70,84,60,40,0.4588370989578232,0.003577800001949072
14,ibm_brisbane,QAOA,5,QADE + Knowledge Graph,70,84,60,40,0.4588370989578232,0.003733600002306048
14,ibm_brisbane,QAOA,5,QADE + Evolution + PyZX,70,83,60,40,0.45929639535317646,0.07990979999885894
14,ibm_brisbane,QAOA,5,QADE + Evolution + PyZX,54,68,44,28,0.5612177990894661,0.08074640000268118
14,ibm_brisbane,QAOA,5,QADE + Evolution + PyZX,60,72,51,34,0.5115350956157783,0.09058100000402192
14,ibm_brisbane,QAOA,5,QADE + Evolution + PyZX,70,84,60,40,0.4588370989578232,0.07813739999983227
14,ibm_brisbane,QAOA,5,QADE + Evolution + PyZX,43,59,35,22,0.6237991965509745,0.08249529999739025
14,ibm_brisbane,QAOA,5,QADE + Evolution + PyZX,61,75,51,34,0.5100020244226826,0.08900969999376684
14,ibm_brisbane,QAOA,5,QADE + Evolution + PyZX,70,84,60,40,0.4588370989578232,0.0815565000011702
14,ibm_brisbane,QAOA,5,QADE + Evolution + PyZX,69,81,60,40,0.4602163678725537,0.0911950000008801
14,ibm_brisbane,QAOA,5,QADE + Evolution + PyZX,70,84,60,40,0.4588370989578232,0.07595280000532512
14,ibm_brisbane,QAOA,5,QADE + Evolution + PyZX,22,44,20,6,0.7904751175616124,0.07348020000063116
14,ibm_brisbane,QAOA,5,QADE + Evolution + PyZX,54,68,44,28,0.5612177990894661,0.07847889999538893
14,ibm_brisbane,QAOA,5,QADE + Evolution + PyZX,61,75,51,34,0.5100020244226826,0.16464699999778531
14,ibm_brisbane,QAOA,5,QADE + Evolution + PyZX,22,44,20,6,0.7904751175616124,0.09075039999879664
14,ibm_brisbane,QAOA,5,QADE + Evolution + PyZX,69,81,60,40,0.4602163678725537,0.07848020000528777
14,ibm_brisbane,QAOA,5,QADE + Evolution + PyZX,70,84,60,40,0.4588370989578232,0.07668859999830602
14,ibm_brisbane,QAOA,5,QADE + Evolution + PyZX,70,83,60,40,0.45929639535317646,0.08044040000095265
14,ibm_brisbane,QAOA,5,QADE + Evolution + PyZX,70,83,60,40,0.45929639535317646,0.09467550000408664
14,ibm_brisbane,QAOA,5,QADE + Evolution + PyZX,70,84,60,40,0.4588370989578232,0.07268730000214418
14,ibm_brisbane,QAOA,5,QADE + Evolution + PyZX,53,65,44,28,0.5629048254141371,0.09954500000458211
14,ibm_brisbane,QAOA,5,QADE + Evolution + PyZX,70,83,60,40,0.45929639535317646,0.11319920000096317
14,ibm_brisbane,QAOA,5,QADE + Evolution + PyZX,22,44,20,6,0.7904751175616124,0.08147969999845373
14,ibm_brisbane,QAOA,5,QADE + Evolution + PyZX,70,83,60,40,0.45929639535317646,0.07681450000382029
14,ibm_brisbane,QAOA,5,QADE + Evolution + PyZX,65,80,56,38,0.47768312874940594,0.08133809999708319
14,ibm_brisbane,QAOA,5,QADE + Evolution + PyZX,65,80,56,38,0.47768312874940594,0.06844680000358494
14,ibm_brisbane,QAOA,5,QADE + Evolution + PyZX,61,75,51,34,0.5100020244226826,0.08730210000067018
14,ibm_brisbane,QAOA,5,QADE + Evolution + PyZX,36,54,30,14,0.6934644614187354,0.08205610000004526
14,ibm_brisbane,QAOA,5,QADE + Evolution + PyZX,22,44,20,6,0.7904751175616124,0.09174970000458416
14,ibm_brisbane,QAOA,5,QADE + Evolution + PyZX,22,44,20,6,0.7904751175616124,0.06486140000197338
14,ibm_brisbane,QAOA,5,QADE + Evolution + PyZX,61,75,51,34,0.5100020244226826,0.0911472000007052
14,ibm_brisbane,QAOA,5,QADE + Evolution + PyZX,70,84,60,40,0.4588370989578232,0.06261860000086017
15,ibm_brisbane,QV,5,Qiskit,11,41,2,0,0.9054743980143629,0.007160999994084705
15,ibm_brisbane,QV,5,Qiskit,11,41,2,0,0.9054743980143629,0.006400300000677817
15,ibm_brisbane,QV,5,Qiskit,11,41,2,0,0.9054743980143629,0.006507999998575542
15,ibm_brisbane,QV,5,Qiskit,11,41,2,0,0.9054743980143629,0.006304400005319621
15,ibm_brisbane,QV,5,Qiskit,11,39,2,0,0.907288066860016,0.006302599998889491
15,ibm_brisbane,QV,5,Qiskit,11,43,2,0,0.9036643546927322,0.0061744999984512106
15,ibm_brisbane,QV,5,Qiskit,11,41,2,0,0.9054743980143629,0.0062968999991426244
15,ibm_brisbane,QV,5,Qiskit,11,43,2,0,0.9036643546927322,0.0060652999964077026
15,ibm_brisbane,QV,5,Qiskit,11,43,2,0,0.9036643546927322,0.005875199996808078
15,ibm_brisbane,QV,5,Qiskit,11,41,2,0,0.9054743980143629,0.006496800000604708
15,ibm_brisbane,QV,5,Qiskit,11,41,2,0,0.9054743980143629,0.006950400005734991
15,ibm_brisbane,QV,5,Qiskit,11,41,2,0,0.9054743980143629,0.006587999996554572
15,ibm_brisbane,QV,5,Qiskit,11,41,2,0,0.9054743980143629,0.006506700003228616
15,ibm_brisbane,QV,5,Qiskit,11,43,2,0,0.9036643546927322,0.0060790999996243045
15,ibm_brisbane,QV,5,Qiskit,11,41,2,0,0.9054743980143629,0.006325100002868567
15,ibm_brisbane,QV,5,Qiskit,11,41,2,0,0.9054743980143629,0.006365100001858082
15,ibm_brisbane,QV,5,Qiskit,11,43,2,0,0.9036643546927322,0.006161199999041855
15,ibm_brisbane,QV,5,Qiskit,11,43,2,0,0.9036643546927322,0.006255200001760386
15,ibm_brisbane,QV,5,Qiskit,11,43,2,0,0.9036643546927322,0.006051399999705609
15,ibm_brisbane,QV,5,Qiskit,11,41,2,0,0.9054743980143629,0.006637799997406546
15,ibm_brisbane,QV,5,Qiskit,11,41,2,0,0.9054743980143629,0.006223700002010446
15,ibm_brisbane,QV,5,Qiskit,11,41,2,0,0.9054743980143629,0.006379600003128871
15,ibm_brisbane,QV,5,Qiskit,11,43,2,0,0.9036643546927322,0.006064399996830616
15,ibm_brisbane,QV,5,Qiskit,11,43,2,0,0.9036643546927322,0.006127499997091945
15,ibm_brisbane,QV,5,Qiskit,11,43,2,0,0.9036643546927322,0.006026199996995274
15,ibm_brisbane,QV,5,Qiskit,11,41,2,0,0.9054743980143629,0.006285199997364543
15,ibm_brisbane,QV,5,Qiskit,11,41,2,0,0.9054743980143629,0.006328800001938362
15,ibm_brisbane,QV,5,Qiskit,11,41,2,0,0.9054743980143629,0.0065015000000130385
15,ibm_brisbane,QV,5,Qiskit,11,43,2,0,0.9036643546927322,0.006118899997090921
15,ibm_brisbane,QV,5,Qiskit,11,41,2,0,0.9054743980143629,0.006360499995935243
15,ibm_brisbane,QV,5,PyZX,10,34,4,0,0.9045507597731807,0.0028366000042296946
15,ibm_brisbane,QV,5,PyZX,10,34,4,0,0.9045507597731807,0.0026617999974405393
15,ibm_brisbane,QV,5,PyZX,10,34,4,0,0.9045507597731807,0.002485900004103314
15,ibm_brisbane,QV,5,PyZX,10,34,4,0,0.9045507597731807,0.002418199997919146
15,ibm_brisbane,QV,5,PyZX,10,34,4,0,0.9045507597731807,0.0024631999986013398
15,ibm_brisbane,QV,5,PyZX,10,34,4,0,0.9045507597731807,0.002425700004096143
15,ibm_brisbane,QV,5,PyZX,10,34,4,0,0.9045507597731807,0.0024322999961441383
15,ibm_brisbane,QV,5,PyZX,10,34,4,0,0.9045507597731807,0.0024527999994461425
15,ibm_brisbane,QV,5,PyZX,10,34,4,0,0.9045507597731807,0.0023423000020557083
15,ibm_brisbane,QV,5,PyZX,10,34,4,0,0.9045507597731807,0.0024282000013045035
15,ibm_brisbane,QV,5,PyZX,10,34,4,0,0.9045507597731807,0.002495999993698206
15,ibm_brisbane,QV,5,PyZX,10,34,4,0,0.9045507597731807,0.0023214000029838644
15,ibm_brisbane,QV,5,PyZX,10,34,4,0,0.9045507597731807,0.0024254999952972867
15,ibm_brisbane,QV,5,PyZX,10,34,4,0,0.9045507597731807,0.0024413999999524094
15,ibm_brisbane,QV,5,PyZX,10,34,4,0,0.9045507597731807,0.002323100001376588
15,ibm_brisbane,QV,5,PyZX,10,34,4,0,0.9045507597731807,0.002508100005798042
15,ibm_brisbane,QV,5,PyZX,10,34,4,0,0.9045507597731807,0.0023973999996087514
15,ibm_brisbane,QV,5,PyZX,10,34,4,0,0.9045507597731807,0.0023149999979068525
15,ibm_brisbane,QV,5,PyZX,10,34,4,0,0.9045507597731807,0.002593099998193793
15,ibm_brisbane,QV,5,PyZX,10,34,4,0,0.9045507597731807,0.0024227999965660274
15,ibm_brisbane,QV,5,PyZX,10,34,4,0,0.9045507597731807,0.0024140999958035536
15,ibm_brisbane,QV,5,PyZX,10,34,4,0,0.9045507597731807,0.0024908999985200353
15,ibm_brisbane,QV,5,PyZX,10,34,4,0,0.9045507597731807,0.0023842999944463372
15,ibm_brisbane,QV,5,PyZX,10,34,4,0,0.9045507597731807,0.002422999998088926
15,ibm_brisbane,QV,5,PyZX,10,34,4,0,0.9045507597731807,0.00252320000436157
15,ibm_brisbane,QV,5,PyZX,10,34,4,0,0.9045507597731807,0.0023949999958858825
15,ibm_brisbane,QV,5,PyZX,10,34,4,0,0.9045507597731807,0.0024575999996159226
15,ibm_brisbane,QV,5,PyZX,10,34,4,0,0.9045507597731807,0.0024205000008805655
15,ibm_brisbane,QV,5,PyZX,10,34,4,0,0.9045507597731807,0.002330100003746338
15,ibm_brisbane,QV,5,PyZX,10,34,4,0,0.9045507597731807,0.002466800004185643
15,ibm_brisbane,QV,5,TKET,7,29,2,0,0.9164110486262002,0.04336009999678936
15,ibm_brisbane,QV,5,TKET,7,29,2,0,0.9164110486262002,0.0436143999977503
15,ibm_brisbane,QV,5,TKET,7,29,2,0,0.9164110486262002,0.043835299999045674
15,ibm_brisbane,QV,5,TKET,7,29,2,0,0.9164110486262002,0.04412199999933364
15,ibm_brisbane,QV,5,TKET,7,29,2,0,0.9164110486262002,0.04380649999802699
15,ibm_brisbane,QV,5,TKET,7,29,2,0,0.9164110486262002,0.04502879999927245
15,ibm_brisbane,QV,5,TKET,7,29,2,0,0.9164110486262002,0.05195010000170441
15,ibm_brisbane,QV,5,TKET,7,29,2,0,0.9164110486262002,0.043858800003363285
15,ibm_brisbane,QV,5,TKET,7,29,2,0,0.9164110486262002,0.04497540000011213
15,ibm_brisbane,QV,5,TKET,7,29,2,0,0.9164110486262002,0.04573379999783356
15,ibm_brisbane,QV,5,TKET,7,29,2,0,0.9164110486262002,0.05311329999676673
15,ibm_brisbane,QV,5,TKET,7,29,2,0,0.9164110486262002,0.04452779999701306
15,ibm_brisbane,QV,5,TKET,7,29,2,0,0.9164110486262002,0.04514219999691704
15,ibm_brisbane,QV,5,TKET,7,29,2,0,0.9164110486262002,0.056617299997014925
15,ibm_brisbane,QV,5,TKET,7,29,2,0,0.9164110486262002,0.04742950000218116
15,ibm_brisbane,QV,5,TKET,7,29,2,0,0.9164110486262002,0.046638899999379646
15,ibm_brisbane,QV,5,TKET,7,29,2,0,0.9164110486262002,0.045850899994547945
15,ibm_brisbane,QV,5,TKET,7,29,2,0,0.9164110486262002,0.04736280000361148
15,ibm_brisbane,QV,5,TKET,7,29,2,0,0.9164110486262002,0.04463989999931073
15,ibm_brisbane,QV,5,TKET,7,29,2,0,0.9164110486262002,0.0432719000018551
15,ibm_brisbane,QV,5,TKET,7,29,2,0,0.9164110486262002,0.043200899999646936
15,ibm_brisbane,QV,5,TKET,7,29,2,0,0.9164110486262002,0.04267809999873862
15,ibm_brisbane,QV,5,TKET,7,29,2,0,0.9164110486262002,0.042491899999731686
15,ibm_brisbane,QV,5,TKET,7,29,2,0,0.9164110486262002,0.04202719999739202
15,ibm_brisbane,QV,5,TKET,7,29,2,0,0.9164110486262002,0.04249040000286186
15,ibm_brisbane,QV,5,TKET,7,29,2,0,0.9164110486262002,0.043827699999383185
15,ibm_brisbane,QV,5,TKET,7,29,2,0,0.9164110486262002,0.06724160000158008
15,ibm_brisbane,QV,5,TKET,7,29,2,0,0.9164110486262002,0.05298839999886695
15,ibm_brisbane,QV,5,TKET,7,29,2,0,0.9164110486262002,0.042133900002227165
15,ibm_brisbane,QV,5,TKET,7,29,2,0,0.9164110486262002,0.04334589999780292
15,ibm_brisbane,QV,5,BQSKit,3,12,2,0,0.9321311398043197,0.06195999999908963
15,ibm_brisbane,QV,5,BQSKit,3,12,2,0,0.9321311398043197,0.0612844000061159
15,ibm_brisbane,QV,5,BQSKit,3,12,2,0,0.9321311398043197,0.06138169999758247
15,ibm_brisbane,QV,5,BQSKit,3,12,2,0,0.9321311398043197,0.06191989999933867
15,ibm_brisbane,QV,5,BQSKit,3,12,2,0,0.9321311398043197,0.06335199999739416
15,ibm_brisbane,QV,5,BQSKit,3,12,2,0,0.9321311398043197,0.06278529999690363
15,ibm_brisbane,QV,5,BQSKit,3,12,2,0,0.9321311398043197,0.061806500001694076
15,ibm_brisbane,QV,5,BQSKit,3,12,2,0,0.9321311398043197,0.06189219999941997
15,ibm_brisbane,QV,5,BQSKit,3,12,2,0,0.9321311398043197,0.061484700003347825
15,ibm_brisbane,QV,5,BQSKit,3,12,2,0,0.9321311398043197,0.061956899997312576
15,ibm_brisbane,QV,5,BQSKit,3,12,2,0,0.9321311398043197,0.06158819999836851
15,ibm_brisbane,QV,5,BQSKit,3,12,2,0,0.9321311398043197,0.06217349999496946
15,ibm_brisbane,QV,5,BQSKit,3,12,2,0,0.9321311398043197,0.062397000001510605
15,ibm_brisbane,QV,5,BQSKit,3,12,2,0,0.9321311398043197,0.06280449999758275
15,ibm_brisbane,QV,5,BQSKit,3,12,2,0,0.9321311398043197,0.06333989999984624
15,ibm_brisbane,QV,5,BQSKit,3,12,2,0,0.9321311398043197,0.06578189999709139
15,ibm_brisbane,QV,5,BQSKit,3,12,2,0,0.9321311398043197,0.06353010000020731
15,ibm_brisbane,QV,5,BQSKit,3,12,2,0,0.9321311398043197,0.0625510999961989
15,ibm_brisbane,QV,5,BQSKit,3,12,2,0,0.9321311398043197,0.06342210000002524
15,ibm_brisbane,QV,5,BQSKit,3,12,2,0,0.9321311398043197,0.06359860000520712
15,ibm_brisbane,QV,5,BQSKit,3,12,2,0,0.9321311398043197,0.06479870000475785
15,ibm_brisbane,QV,5,BQSKit,3,12,2,0,0.9321311398043197,0.06673820000287378
15,ibm_brisbane,QV,5,BQSKit,3,12,2,0,0.9321311398043197,0.06385749999753898
15,ibm_brisbane,QV,5,BQSKit,3,12,2,0,0.9321311398043197,0.06210580000333721
15,ibm_brisbane,QV,5,BQSKit,3,12,2,0,0.9321311398043197,0.062358399998629466
15,ibm_brisbane,QV,5,BQSKit,3,12,2,0,0.9321311398043197,0.062288299995998386
15,ibm_brisbane,QV,5,BQSKit,3,12,2,0,0.9321311398043197,0.06205549999867799
15,ibm_brisbane,QV,5,BQSKit,3,12,2,0,0.9321311398043197,0.0640616000018781
15,ibm_brisbane,QV,5,BQSKit,3,12,2,0,0.9321311398043197,0.06244969999534078
15,ibm_brisbane,QV,5,BQSKit,3,12,2,0,0.9321311398043197,0.06195830000069691
15,ibm_brisbane,QV,5,Cirq-native,3,12,2,0,0.9321311398043197,0.0014241000026231632
15,ibm_brisbane,QV,5,Cirq-native,3,12,2,0,0.9321311398043197,0.0009773999991011806
15,ibm_brisbane,QV,5,Cirq-native,3,12,2,0,0.9321311398043197,0.0009021000005304813
15,ibm_brisbane,QV,5,Cirq-native,3,12,2,0,0.9321311398043197,0.0009470000004512258
15,ibm_brisbane,QV,5,Cirq-native,3,12,2,0,0.9321311398043197,0.0010296000036760233
15,ibm_brisbane,QV,5,Cirq-native,3,12,2,0,0.9321311398043197,0.0010207000013906509
15,ibm_brisbane,QV,5,Cirq-native,3,12,2,0,0.9321311398043197,0.0009526000067126006
15,ibm_brisbane,QV,5,Cirq-native,3,12,2,0,0.9321311398043197,0.0009120999966398813
15,ibm_brisbane,QV,5,Cirq-native,3,12,2,0,0.9321311398043197,0.0009275999982492067
15,ibm_brisbane,QV,5,Cirq-native,3,12,2,0,0.9321311398043197,0.000913099996978417
15,ibm_brisbane,QV,5,Cirq-native,3,12,2,0,0.9321311398043197,0.0009942999968188815
15,ibm_brisbane,QV,5,Cirq-native,3,12,2,0,0.9321311398043197,0.0011108000035164878
15,ibm_brisbane,QV,5,Cirq-native,3,12,2,0,0.9321311398043197,0.0010165999992750585
15,ibm_brisbane,QV,5,Cirq-native,3,12,2,0,0.9321311398043197,0.0009605000013834797
15,ibm_brisbane,QV,5,Cirq-native,3,12,2,0,0.9321311398043197,0.000898499994946178
15,ibm_brisbane,QV,5,Cirq-native,3,12,2,0,0.9321311398043197,0.0009272999959648587
15,ibm_brisbane,QV,5,Cirq-native,3,12,2,0,0.9321311398043197,0.0008856999993440695
15,ibm_brisbane,QV,5,Cirq-native,3,12,2,0,0.9321311398043197,0.0010245000012218952
15,ibm_brisbane,QV,5,Cirq-native,3,12,2,0,0.9321311398043197,0.0010748000058811158
15,ibm_brisbane,QV,5,Cirq-native,3,12,2,0,0.9321311398043197,0.0009465999974054284
15,ibm_brisbane,QV,5,Cirq-native,3,12,2,0,0.9321311398043197,0.0008766999962972477
15,ibm_brisbane,QV,5,Cirq-native,3,12,2,0,0.9321311398043197,0.0008846999990055338
15,ibm_brisbane,QV,5,Cirq-native,3,12,2,0,0.9321311398043197,0.000865399997564964
15,ibm_brisbane,QV,5,Cirq-native,3,12,2,0,0.9321311398043197,0.0008745000013732351
15,ibm_brisbane,QV,5,Cirq-native,3,12,2,0,0.9321311398043197,0.0009855999960564077
15,ibm_brisbane,QV,5,Cirq-native,3,12,2,0,0.9321311398043197,0.000981199998932425
15,ibm_brisbane,QV,5,Cirq-native,3,12,2,0,0.9321311398043197,0.0009886999978334643
15,ibm_brisbane,QV,5,Cirq-native,3,12,2,0,0.9321311398043197,0.0009375000008731149
15,ibm_brisbane,QV,5,Cirq-native,3,12,2,0,0.9321311398043197,0.0008897000006982125
15,ibm_brisbane,QV,5,Cirq-native,3,12,2,0,0.9321311398043197,0.0008757999967201613
15,ibm_brisbane,QV,5,QADE,3,12,2,0,0.9321311398043197,0.011394300003303215
15,ibm_brisbane,QV,5,QADE,3,12,2,0,0.9321311398043197,0.015681600001698826
15,ibm_brisbane,QV,5,QADE,3,12,2,0,0.9321311398043197,0.013961800003016833
15,ibm_brisbane,QV,5,QADE,3,12,2,0,0.9321311398043197,0.018958300002850592
15,ibm_brisbane,QV,5,QADE,3,12,2,0,0.9321311398043197,0.014246300001104828
15,ibm_brisbane,QV,5,QADE,3,12,2,0,0.9321311398043197,0.016911699996853713
15,ibm_brisbane,QV,5,QADE,3,12,2,0,0.9321311398043197,0.010659999999916181
15,ibm_brisbane,QV,5,QADE,3,12,2,0,0.9321311398043197,0.01848440000321716
15,ibm_brisbane,QV,5,QADE,3,12,2,0,0.9321311398043197,0.015800000001036096
15,ibm_brisbane,QV,5,QADE,3,12,2,0,0.9321311398043197,0.012807499995687976
15,ibm_brisbane,QV,5,QADE,3,12,2,0,0.9321311398043197,0.015534300000581425
15,ibm_brisbane,QV,5,QADE,3,12,2,0,0.9321311398043197,0.018011600004683714
15,ibm_brisbane,QV,5,QADE,3,12,2,0,0.9321311398043197,0.015614399999321904
15,ibm_brisbane,QV,5,QADE,3,12,2,0,0.9321311398043197,0.014457499994023237
15,ibm_brisbane,QV,5,QADE,3,12,2,0,0.9321311398043197,0.01365290000103414
15,ibm_brisbane,QV,5,QADE,3,12,2,0,0.9321311398043197,0.014169299996865448
15,ibm_brisbane,QV,5,QADE,3,12,2,0,0.9321311398043197,0.015098899995791726
15,ibm_brisbane,QV,5,QADE,3,12,2,0,0.9321311398043197,0.013639400000101887
15,ibm_brisbane,QV,5,QADE,3,12,2,0,0.9321311398043197,0.016796300005808007
15,ibm_brisbane,QV,5,QADE,3,12,2,0,0.9321311398043197,0.01474420000158716
15,ibm_brisbane,QV,5,QADE,3,12,2,0,0.9321311398043197,0.014331499995023478
15,ibm_brisbane,QV,5,QADE,3,12,2,0,0.9321311398043197,0.014504200000374112
15,ibm_brisbane,QV,5,QADE,3,12,2,0,0.9321311398043197,0.01370150000002468
15,ibm_brisbane,QV,5,QADE,3,12,2,0,0.9321311398043197,0.017061699996702373
15,ibm_brisbane,QV,5,QADE,3,12,2,0,0.9321311398043197,0.014385100002982654
15,ibm_brisbane,QV,5,QADE,3,12,2,0,0.9321311398043197,0.011647899998934008
15,ibm_brisbane,QV,5,QADE,3,12,2,0,0.9321311398043197,0.014263500001106877
15,ibm_brisbane,QV,5,QADE,3,12,2,0,0.9321311398043197,0.015712500004156027
15,ibm_brisbane,QV,5,QADE,3,12,2,0,0.9321311398043197,0.015783199996803887
15,ibm_brisbane,QV,5,QADE,3,12,2,0,0.9321311398043197,0.011144900003273506
15,ibm_brisbane,QV,5,QADE + PyZX,10,34,4,0,0.9045507597731807,0.020538000004307833
15,ibm_brisbane,QV,5,QADE + PyZX,10,34,4,0,0.9045507597731807,0.016569100000197068
15,ibm_brisbane,QV,5,QADE + PyZX,10,34,4,0,0.9045507597731807,0.019777499997871928
15,ibm_brisbane,QV,5,QADE + PyZX,10,34,4,0,0.9045507597731807,0.017890300005092286
15,ibm_brisbane,QV,5,QADE + PyZX,10,34,4,0,0.9045507597731807,0.021559200002229773
15,ibm_brisbane,QV,5,QADE + PyZX,10,34,4,0,0.9045507597731807,0.023934900003951043
15,ibm_brisbane,QV,5,QADE + PyZX,10,34,4,0,0.9045507597731807,0.019670900001074187
15,ibm_brisbane,QV,5,QADE + PyZX,10,34,4,0,0.9045507597731807,0.017746299999998882
15,ibm_brisbane,QV,5,QADE + PyZX,10,34,4,0,0.9045507597731807,0.019854899997881148
15,ibm_brisbane,QV,5,QADE + PyZX,10,34,4,0,0.9045507597731807,0.01727519999985816
15,ibm_brisbane,QV,5,QADE + PyZX,10,34,4,0,0.9045507597731807,0.021251300000585616
15,ibm_brisbane,QV,5,QADE + PyZX,10,34,4,0,0.9045507597731807,0.018290500003786292
15,ibm_brisbane,QV,5,QADE + PyZX,10,34,4,0,0.9045507597731807,0.015918500001134817
15,ibm_brisbane,QV,5,QADE + PyZX,10,34,4,0,0.9045507597731807,0.016729900002246723
15,ibm_brisbane,QV,5,QADE + PyZX,10,34,4,0,0.9045507597731807,0.019967200001701713
15,ibm_brisbane,QV,5,QADE + PyZX,10,34,4,0,0.9045507597731807,0.028142200004367623
15,ibm_brisbane,QV,5,QADE + PyZX,10,34,4,0,0.9045507597731807,0.026526699999521952
15,ibm_brisbane,QV,5,QADE + PyZX,10,34,4,0,0.9045507597731807,0.01835630000277888
15,ibm_brisbane,QV,5,QADE + PyZX,10,34,4,0,0.9045507597731807,0.023305499998969026
15,ibm_brisbane,QV,5,QADE + PyZX,10,34,4,0,0.9045507597731807,0.01629490000050282
15,ibm_brisbane,QV,5,QADE + PyZX,10,34,4,0,0.9045507597731807,0.022211700001207646
15,ibm_brisbane,QV,5,QADE + PyZX,10,34,4,0,0.9045507597731807,0.014161500002956018
15,ibm_brisbane,QV,5,QADE + PyZX,10,34,4,0,0.9045507597731807,0.016574399996898137
15,ibm_brisbane,QV,5,QADE + PyZX,10,34,4,0,0.9045507597731807,0.01968699999997625
15,ibm_brisbane,QV,5,QADE + PyZX,10,34,4,0,0.9045507597731807,0.0167693000039435
15,ibm_brisbane,QV,5,QADE + PyZX,10,34,4,0,0.9045507597731807,0.030275700002675876
15,ibm_brisbane,QV,5,QADE + PyZX,10,34,4,0,0.9045507597731807,0.017723999997542705
15,ibm_brisbane,QV,5,QADE + PyZX,10,34,4,0,0.9045507597731807,0.015453500003786758
15,ibm_brisbane,QV,5,QADE + PyZX,10,34,4,0,0.9045507597731807,0.01570670000364771
15,ibm_brisbane,QV,5,QADE + PyZX,10,34,4,0,0.9045507597731807,0.01578230000450276
15,ibm_brisbane,QV,5,QADE + Knowledge Graph,10,34,4,0,0.9045507597731807,0.0028848000001744367
15,ibm_brisbane,QV,5,QADE + Knowledge Graph,10,34,4,0,0.9045507597731807,0.0027973000032943673
15,ibm_brisbane,QV,5,QADE + Knowledge Graph,10,34,4,0,0.9045507597731807,0.002481900002749171
15,ibm_brisbane,QV,5,QADE + Knowledge Graph,10,34,4,0,0.9045507597731807,0.0025201000025845133
15,ibm_brisbane,QV,5,QADE + Knowledge Graph,10,34,4,0,0.9045507597731807,0.0024770000018179417
15,ibm_brisbane,QV,5,QADE + Knowledge Graph,10,34,4,0,0.9045507597731807,0.0023543000061181374
15,ibm_brisbane,QV,5,QADE + Knowledge Graph,10,34,4,0,0.9045507597731807,0.002470399995218031
15,ibm_brisbane,QV,5,QADE + Knowledge Graph,10,34,4,0,0.9045507597731807,0.002431199995044153
15,ibm_brisbane,QV,5,QADE + Knowledge Graph,10,34,4,0,0.9045507597731807,0.002350200004002545
15,ibm_brisbane,QV,5,QADE + Knowledge Graph,10,34,4,0,0.9045507597731807,0.002581000000645872
15,ibm_brisbane,QV,5,QADE + Knowledge Graph,10,34,4,0,0.9045507597731807,0.0025038999956450425
15,ibm_brisbane,QV,5,QADE + Knowledge Graph,10,34,4,0,0.9045507597731807,0.0024124999981722794
15,ibm_brisbane,QV,5,QADE + Knowledge Graph,10,34,4,0,0.9045507597731807,0.0025821000017458573
15,ibm_brisbane,QV,5,QADE + Knowledge Graph,10,34,4,0,0.9045507597731807,0.00241430000460241
15,ibm_brisbane,QV,5,QADE + Knowledge Graph,10,34,4,0,0.9045507597731807,0.0023840999929234385
15,ibm_brisbane,QV,5,QADE + Knowledge Graph,10,34,4,0,0.9045507597731807,0.0024052000007941388
15,ibm_brisbane,QV,5,QADE + Knowledge Graph,10,34,4,0,0.9045507597731807,0.0024198000028263777
15,ibm_brisbane,QV,5,QADE + Knowledge Graph,10,34,4,0,0.9045507597731807,0.0023894999976619147
15,ibm_brisbane,QV,5,QADE + Knowledge Graph,10,34,4,0,0.9045507597731807,0.0024305999977514148
15,ibm_brisbane,QV,5,QADE + Knowledge Graph,10,34,4,0,0.9045507597731807,0.0023556000014650635
15,ibm_brisbane,QV,5,QADE + Knowledge Graph,10,34,4,0,0.9045507597731807,0.0024638999966555275
15,ibm_brisbane,QV,5,QADE + Knowledge Graph,10,34,4,0,0.9045507597731807,0.002456599999277387
15,ibm_brisbane,QV,5,QADE + Knowledge Graph,10,34,4,0,0.9045507597731807,0.0023857999985921197
15,ibm_brisbane,QV,5,QADE + Knowledge Graph,10,34,4,0,0.9045507597731807,0.0024631999986013398
15,ibm_brisbane,QV,5,QADE + Knowledge Graph,10,34,4,0,0.9045507597731807,0.002405699997325428
15,ibm_brisbane,QV,5,QADE + Knowledge Graph,10,34,4,0,0.9045507597731807,0.0023785999946994707
15,ibm_brisbane,QV,5,QADE + Knowledge Graph,10,34,4,0,0.9045507597731807,0.0025364000030094758
15,ibm_brisbane,QV,5,QADE + Knowledge Graph,10,34,4,0,0.9045507597731807,0.0023981000049388967
15,ibm_brisbane,QV,5,QADE + Knowledge Graph,10,34,4,0,0.9045507597731807,0.0024874999944586307
15,ibm_brisbane,QV,5,QADE + Knowledge Graph,10,34,4,0,0.9045507597731807,0.0024915000030887313
15,ibm_brisbane,QV,5,QADE + Evolution + PyZX,10,34,4,0,0.9045507597731807,0.04191050000372343
15,ibm_brisbane,QV,5,QADE + Evolution + PyZX,10,34,4,0,0.9045507597731807,0.059783800003060605
15,ibm_brisbane,QV,5,QADE + Evolution + PyZX,10,34,4,0,0.9045507597731807,0.04390450000209967
15,ibm_brisbane,QV,5,QADE + Evolution + PyZX,10,34,4,0,0.9045507597731807,0.054132400000526104
15,ibm_brisbane,QV,5,QADE + Evolution + PyZX,10,34,4,0,0.9045507597731807,0.06315579999500187
15,ibm_brisbane,QV,5,QADE + Evolution + PyZX,10,34,4,0,0.9045507597731807,0.05677760000253329
15,ibm_brisbane,QV,5,QADE + Evolution + PyZX,10,34,4,0,0.9045507597731807,0.04967970000143396
15,ibm_brisbane,QV,5,QADE + Evolution + PyZX,10,34,4,0,0.9045507597731807,0.0657201000067289
15,ibm_brisbane,QV,5,QADE + Evolution + PyZX,10,34,4,0,0.9045507597731807,0.05317089999880409
15,ibm_brisbane,QV,5,QADE + Evolution + PyZX,10,34,4,0,0.9045507597731807,0.055615799996303394
15,ibm_brisbane,QV,5,QADE + Evolution + PyZX,10,34,4,0,0.9045507597731807,0.06840160000137985
15,ibm_brisbane,QV,5,QADE + Evolution + PyZX,10,34,4,0,0.9045507597731807,0.04000139999698149
15,ibm_brisbane,QV,5,QADE + Evolution + PyZX,10,34,4,0,0.9045507597731807,0.052658300002804026
15,ibm_brisbane,QV,5,QADE + Evolution + PyZX,10,34,4,0,0.9045507597731807,0.05253929999889806
15,ibm_brisbane,QV,5,QADE + Evolution + PyZX,10,34,4,0,0.9045507597731807,0.05534040000202367
15,ibm_brisbane,QV,5,QADE + Evolution + PyZX,10,34,4,0,0.9045507597731807,0.058854800001427066
15,ibm_brisbane,QV,5,QADE + Evolution + PyZX,10,34,4,0,0.9045507597731807,0.04870910000317963
15,ibm_brisbane,QV,5,QADE + Evolution + PyZX,10,34,4,0,0.9045507597731807,0.048231100001430605
15,ibm_brisbane,QV,5,QADE + Evolution + PyZX,10,34,4,0,0.9045507597731807,0.043670500002917834
15,ibm_brisbane,QV,5,QADE + Evolution + PyZX,10,34,4,0,0.9045507597731807,0.05290930000046501
15,ibm_brisbane,QV,5,QADE + Evolution + PyZX,10,34,4,0,0.9045507597731807,0.060880199998791795
15,ibm_brisbane,QV,5,QADE + Evolution + PyZX,10,34,4,0,0.9045507597731807,0.05249729999923147
15,ibm_brisbane,QV,5,QADE + Evolution + PyZX,10,34,4,0,0.9045507597731807,0.05721280000580009
15,ibm_brisbane,QV,5,QADE + Evolution + PyZX,10,34,4,0,0.9045507597731807,0.05450779999955557
15,ibm_brisbane,QV,5,QADE + Evolution + PyZX,10,34,4,0,0.9045507597731807,0.050169100002676714
15,ibm_brisbane,QV,5,QADE + Evolution + PyZX,10,34,4,0,0.9045507597731807,0.05201310000120429
15,ibm_brisbane,QV,5,QADE + Evolution + PyZX,10,34,4,0,0.9045507597731807,0.060065199999371544
15,ibm_brisbane,QV,5,QADE + Evolution + PyZX,10,34,4,0,0.9045507597731807,0.060338799994497094
15,ibm_brisbane,QV,5,QADE + Evolution + PyZX,10,34,4,0,0.9045507597731807,0.0531392999982927
15,ibm_brisbane,QV,5,QADE + Evolution + PyZX,10,34,4,0,0.9045507597731807,0.0636889000015799
16,ibm_brisbane,GHZ,6,Qiskit,11,37,5,0,0.8892465614904684,0.007016700001258869
16,ibm_brisbane,GHZ,6,Qiskit,11,37,5,0,0.8892465614904684,0.006034900005033705
16,ibm_brisbane,GHZ,6,Qiskit,11,37,5,0,0.8892465614904684,0.005993300001136959
16,ibm_brisbane,GHZ,6,Qiskit,8,8,5,0,0.915425563380793,0.005704600000171922
16,ibm_brisbane,GHZ,6,Qiskit,11,37,5,0,0.8892465614904684,0.0058363999996799976
16,ibm_brisbane,GHZ,6,Qiskit,8,8,5,0,0.915425563380793,0.005587699997704476
16,ibm_brisbane,GHZ,6,Qiskit,8,8,5,0,0.915425563380793,0.005675399996107444
16,ibm_brisbane,GHZ,6,Qiskit,8,8,5,0,0.915425563380793,0.005565700004808605
16,ibm_brisbane,GHZ,6,Qiskit,8,8,5,0,0.915425563380793,0.006045500005711801
16,ibm_brisbane,GHZ,6,Qiskit,11,37,5,0,0.8892465614904684,0.006217899994226173
16,ibm_brisbane,GHZ,6,Qiskit,8,8,5,0,0.915425563380793,0.005837500000779983
16,ibm_brisbane,GHZ,6,Qiskit,11,37,5,0,0.8892465614904684,0.005860899997060187
16,ibm_brisbane,GHZ,6,Qiskit,11,37,5,0,0.8892465614904684,0.005959300004178658
16,ibm_brisbane,GHZ,6,Qiskit,11,37,5,0,0.8892465614904684,0.006295499995758291
16,ibm_brisbane,GHZ,6,Qiskit,11,37,5,0,0.8892465614904684,0.0061843000003136694
16,ibm_brisbane,GHZ,6,Qiskit,11,37,5,0,0.8892465614904684,0.00629789999948116
16,ibm_brisbane,GHZ,6,Qiskit,8,8,5,0,0.915425563380793,0.005939299997407943
16,ibm_brisbane,GHZ,6,Qiskit,8,8,5,0,0.915425563380793,0.005798800004413351
16,ibm_brisbane,GHZ,6,Qiskit,8,8,5,0,0.915425563380793,0.005736500002967659
16,ibm_brisbane,GHZ,6,Qiskit,8,8,5,0,0.915425563380793,0.0060761999993701465
16,ibm_brisbane,GHZ,6,Qiskit,11,37,5,0,0.8892465614904684,0.006376600002113264
16,ibm_brisbane,GHZ,6,Qiskit,8,8,5,0,0.915425563380793,0.005809700000099838
16,ibm_brisbane,GHZ,6,Qiskit,11,37,5,0,0.8892465614904684,0.006109899994044099
16,ibm_brisbane,GHZ,6,Qiskit,11,37,5,0,0.8892465614904684,0.006163500002003275
16,ibm_brisbane,GHZ,6,Qiskit,8,8,5,0,0.915425563380793,0.005801300001621712
16,ibm_brisbane,GHZ,6,Qiskit,8,8,5,0,0.915425563380793,0.005548500004806556
16,ibm_brisbane,GHZ,6,Qiskit,8,8,5,0,0.915425563380793,0.005472500000905711
16,ibm_brisbane,GHZ,6,Qiskit,8,8,5,0,0.915425563380793,0.005369499995140359
16,ibm_brisbane,GHZ,6,Qiskit,8,8,5,0,0.915425563380793,0.005584699996688869
16,ibm_brisbane,GHZ,6,Qiskit,8,8,5,0,0.915425563380793,0.0054630000013276
16,ibm_brisbane,GHZ,6,PyZX,11,16,5,0,0.9081277395897182,0.002473100001225248
16,ibm_brisbane,GHZ,6,PyZX,11,16,5,0,0.9081277395897182,0.002004900001338683
16,ibm_brisbane,GHZ,6,PyZX,11,16,5,0,0.9081277395897182,0.0018100000015692785
16,ibm_brisbane,GHZ,6,PyZX,11,16,5,0,0.9081277395897182,0.001815700001316145
16,ibm_brisbane,GHZ,6,PyZX,11,16,5,0,0.9081277395897182,0.0019353000025148503
16,ibm_brisbane,GHZ,6,PyZX,11,16,5,0,0.9081277395897182,0.0018257999981869943
16,ibm_brisbane,GHZ,6,PyZX,11,16,5,0,0.9081277395897182,0.0017891000024974346
16,ibm_brisbane,GHZ,6,PyZX,11,16,5,0,0.9081277395897182,0.0018517999997129664
16,ibm_brisbane,GHZ,6,PyZX,11,16,5,0,0.9081277395897182,0.0019203999981982633
16,ibm_brisbane,GHZ,6,PyZX,11,16,5,0,0.9081277395897182,0.001806899999792222
16,ibm_brisbane,GHZ,6,PyZX,11,16,5,0,0.9081277395897182,0.0017221000016434118
16,ibm_brisbane,GHZ,6,PyZX,11,16,5,0,0.9081277395897182,0.0018679999993764795
16,ibm_brisbane,GHZ,6,PyZX,11,16,5,0,0.9081277395897182,0.0018034999957308173
16,ibm_brisbane,GHZ,6,PyZX,11,16,5,0,0.9081277395897182,0.001760300001478754
16,ibm_brisbane,GHZ,6,PyZX,11,16,5,0,0.9081277395897182,0.0017292000047746114
16,ibm_brisbane,GHZ,6,PyZX,11,16,5,0,0.9081277395897182,0.0018478999991202727
16,ibm_brisbane,GHZ,6,PyZX,11,16,5,0,0.9081277395897182,0.0018135999998776242
16,ibm_brisbane,GHZ,6,PyZX,11,16,5,0,0.9081277395897182,0.0017435999980079941
16,ibm_brisbane,GHZ,6,PyZX,11,16,5,0,0.9081277395897182,0.0017957999953068793
16,ibm_brisbane,GHZ,6,PyZX,11,16,5,0,0.9081277395897182,0.0018515999981900677
16,ibm_brisbane,GHZ,6,PyZX,11,16,5,0,0.9081277395897182,0.0017765000011422671
16,ibm_brisbane,GHZ,6,PyZX,11,16,5,0,0.9081277395897182,0.0017173999949591234
16,ibm_brisbane,GHZ,6,PyZX,11,16,5,0,0.9081277395897182,0.0018068000063067302
16,ibm_brisbane,GHZ,6,PyZX,11,16,5,0,0.9081277395897182,0.0018726000052993186
16,ibm_brisbane,GHZ,6,PyZX,11,16,5,0,0.9081277395897182,0.0017445000048610382
16,ibm_brisbane,GHZ,6,PyZX,11,16,5,0,0.9081277395897182,0.0017595999961486086
16,ibm_brisbane,GHZ,6,PyZX,11,16,5,0,0.9081277395897182,0.00182459999632556
16,ibm_brisbane,GHZ,6,PyZX,11,16,5,0,0.9081277395897182,0.0018462000007275492
16,ibm_brisbane,GHZ,6,PyZX,11,16,5,0,0.9081277395897182,0.001861399992776569
16,ibm_brisbane,GHZ,6,PyZX,11,16,5,0,0.9081277395897182,0.0017719000024953857
16,ibm_brisbane,GHZ,6,TKET,8,8,5,0,0.915425563380793,0.10283699999854434
16,ibm_brisbane,GHZ,6,TKET,8,8,5,0,0.915425563380793,0.101445699998294
16,ibm_brisbane,GHZ,6,TKET,8,8,5,0,0.915425563380793,0.10153980000177398
16,ibm_brisbane,GHZ,6,TKET,8,8,5,0,0.915425563380793,0.10144629999558674
16,ibm_brisbane,GHZ,6,TKET,8,8,5,0,0.915425563380793,0.10491629999887664
16,ibm_brisbane,GHZ,6,TKET,8,8,5,0,0.915425563380793,0.10482990000309655
16,ibm_brisbane,GHZ,6,TKET,8,8,5,0,0.915425563380793,0.1056181000021752
16,ibm_brisbane,GHZ,6,TKET,8,8,5,0,0.915425563380793,0.10350710000057006
16,ibm_brisbane,GHZ,6,TKET,8,8,5,0,0.915425563380793,0.10174909999477677
16,ibm_brisbane,GHZ,6,TKET,8,8,5,0,0.915425563380793,0.10235190000094008
16,ibm_brisbane,GHZ,6,TKET,8,8,5,0,0.915425563380793,0.12047140000504442
16,ibm_brisbane,GHZ,6,TKET,8,8,5,0,0.915425563380793,0.13044519999675686
16,ibm_brisbane,GHZ,6,TKET,8,8,5,0,0.915425563380793,0.11419960000057472
16,ibm_brisbane,GHZ,6,TKET,8,8,5,0,0.915425563380793,0.11020309999730671
16,ibm_brisbane,GHZ,6,TKET,8,8,5,0,0.915425563380793,0.11811190000298666
16,ibm_brisbane,GHZ,6,TKET,8,8,5,0,0.915425563380793,0.10592480000195792
16,ibm_brisbane,GHZ,6,TKET,8,8,5,0,0.915425563380793,0.10837969999556663
16,ibm_brisbane,GHZ,6,TKET,8,8,5,0,0.915425563380793,0.1027990000002319
16,ibm_brisbane,GHZ,6,TKET,8,8,5,0,0.915425563380793,0.10214280000218423
16,ibm_brisbane,GHZ,6,TKET,8,8,5,0,0.915425563380793,0.10094160000153352
16,ibm_brisbane,GHZ,6,TKET,8,8,5,0,0.915425563380793,0.10168359999806853
16,ibm_brisbane,GHZ,6,TKET,8,8,5,0,0.915425563380793,0.10247330000129296
16,ibm_brisbane,GHZ,6,TKET,8,8,5,0,0.915425563380793,0.10174410000036005
16,ibm_brisbane,GHZ,6,TKET,8,8,5,0,0.915425563380793,0.10423560000344878
16,ibm_brisbane,GHZ,6,TKET,8,8,5,0,0.915425563380793,0.10452880000229925
16,ibm_brisbane,GHZ,6,TKET,8,8,5,0,0.915425563380793,0.10685730000113836
16,ibm_brisbane,GHZ,6,TKET,8,8,5,0,0.915425563380793,0.1186505000005127
16,ibm_brisbane,GHZ,6,TKET,8,8,5,0,0.915425563380793,0.11804239999764832
16,ibm_brisbane,GHZ,6,TKET,8,8,5,0,0.915425563380793,0.10795109999889974
16,ibm_brisbane,GHZ,6,TKET,8,8,5,0,0.915425563380793,0.11976480000157608
16,ibm_brisbane,GHZ,6,BQSKit,6,6,5,0,0.9172591644505296,0.06005169999843929
16,ibm_brisbane,GHZ,6,BQSKit,6,6,5,0,0.9172591644505296,0.0596746000010171
16,ibm_brisbane,GHZ,6,BQSKit,6,6,5,0,0.9172591644505296,0.060594499998842366
16,ibm_brisbane,GHZ,6,BQSKit,6,6,5,0,0.9172591644505296,0.06035630000405945
16,ibm_brisbane,GHZ,6,BQSKit,6,6,5,0,0.9172591644505296,0.0604659000018728
16,ibm_brisbane,GHZ,6,BQSKit,6,6,5,0,0.9172591644505296,0.060296700001345016
16,ibm_brisbane,GHZ,6,BQSKit,6,6,5,0,0.9172591644505296,0.06188599999586586
16,ibm_brisbane,GHZ,6,BQSKit,6,6,5,0,0.9172591644505296,0.061504400000558235
16,ibm_brisbane,GHZ,6,BQSKit,6,6,5,0,0.9172591644505296,0.059788999999000225
16,ibm_brisbane,GHZ,6,BQSKit,6,6,5,0,0.9172591644505296,0.06176969999796711
16,ibm_brisbane,GHZ,6,BQSKit,6,6,5,0,0.9172591644505296,0.06276990000333171
16,ibm_brisbane,GHZ,6,BQSKit,6,6,5,0,0.9172591644505296,0.06367690000479342
16,ibm_brisbane,GHZ,6,BQSKit,6,6,5,0,0.9172591644505296,0.06059130000357982
16,ibm_brisbane,GHZ,6,BQSKit,6,6,5,0,0.9172591644505296,0.05982390000281157
16,ibm_brisbane,GHZ,6,BQSKit,6,6,5,0,0.9172591644505296,0.06028800000058254
16,ibm_brisbane,GHZ,6,BQSKit,6,6,5,0,0.9172591644505296,0.05943010000191862
16,ibm_brisbane,GHZ,6,BQSKit,6,6,5,0,0.9172591644505296,0.059547599994402844
16,ibm_brisbane,GHZ,6,BQSKit,6,6,5,0,0.9172591644505296,0.059278100001392886
16,ibm_brisbane,GHZ,6,BQSKit,6,6,5,0,0.9172591644505296,0.059382699997513555
16,ibm_brisbane,GHZ,6,BQSKit,6,6,5,0,0.9172591644505296,0.06051160000060918
16,ibm_brisbane,GHZ,6,BQSKit,6,6,5,0,0.9172591644505296,0.059515300003113225
16,ibm_brisbane,GHZ,6,BQSKit,6,6,5,0,0.9172591644505296,0.05931090000376571
16,ibm_brisbane,GHZ,6,BQSKit,6,6,5,0,0.9172591644505296,0.05952200000319863
16,ibm_brisbane,GHZ,6,BQSKit,6,6,5,0,0.9172591644505296,0.05923199999961071
16,ibm_brisbane,GHZ,6,BQSKit,6,6,5,0,0.9172591644505296,0.058932300002197735
16,ibm_brisbane,GHZ,6,BQSKit,6,6,5,0,0.9172591644505296,0.05952570000226842
16,ibm_brisbane,GHZ,6,BQSKit,6,6,5,0,0.9172591644505296,0.059249300000374205
16,ibm_brisbane,GHZ,6,BQSKit,6,6,5,0,0.9172591644505296,0.0593933999989531
16,ibm_brisbane,GHZ,6,BQSKit,6,6,5,0,0.9172591644505296,0.05922649999411078
16,ibm_brisbane,GHZ,6,BQSKit,6,6,5,0,0.9172591644505296,0.05957990000024438
16,ibm_brisbane,GHZ,6,Cirq-native,6,6,5,0,0.9172591644505296,0.0012442000006558374
16,ibm_brisbane,GHZ,6,Cirq-native,6,6,5,0,0.9172591644505296,0.0008419999940088019
16,ibm_brisbane,GHZ,6,Cirq-native,6,6,5,0,0.9172591644505296,0.0007815000062691979
16,ibm_brisbane,GHZ,6,Cirq-native,6,6,5,0,0.9172591644505296,0.000840499997138977
16,ibm_brisbane,GHZ,6,Cirq-native,6,6,5,0,0.9172591644505296,0.0008082000058493577
16,ibm_brisbane,GHZ,6,Cirq-native,6,6,5,0,0.9172591644505296,0.0007724999959464185
16,ibm_brisbane,GHZ,6,Cirq-native,6,6,5,0,0.9172591644505296,0.0007440999979735352
16,ibm_brisbane,GHZ,6,Cirq-native,6,6,5,0,0.9172591644505296,0.000738000002456829
16,ibm_brisbane,GHZ,6,Cirq-native,6,6,5,0,0.9172591644505296,0.000749400001950562
16,ibm_brisbane,GHZ,6,Cirq-native,6,6,5,0,0.9172591644505296,0.0007224000000860542
16,ibm_brisbane,GHZ,6,Cirq-native,6,6,5,0,0.9172591644505296,0.0007522000014432706
16,ibm_brisbane,GHZ,6,Cirq-native,6,6,5,0,0.9172591644505296,0.0007623999990755692
16,ibm_brisbane,GHZ,6,Cirq-native,6,6,5,0,0.9172591644505296,0.000803099996119272
16,ibm_brisbane,GHZ,6,Cirq-native,6,6,5,0,0.9172591644505296,0.0008189000000129454
16,ibm_brisbane,GHZ,6,Cirq-native,6,6,5,0,0.9172591644505296,0.0007272000002558343
16,ibm_brisbane,GHZ,6,Cirq-native,6,6,5,0,0.9172591644505296,0.000745400000596419
16,ibm_brisbane,GHZ,6,Cirq-native,6,6,5,0,0.9172591644505296,0.000720199997886084
16,ibm_brisbane,GHZ,6,Cirq-native,6,6,5,0,0.9172591644505296,0.0007043000005069189
16,ibm_brisbane,GHZ,6,Cirq-native,6,6,5,0,0.9172591644505296,0.0007482000000891276
16,ibm_brisbane,GHZ,6,Cirq-native,6,6,5,0,0.9172591644505296,0.0007183000052464195
16,ibm_brisbane,GHZ,6,Cirq-native,6,6,5,0,0.9172591644505296,0.0008222000033129007
16,ibm_brisbane,GHZ,6,Cirq-native,6,6,5,0,0.9172591644505296,0.0008115000018733554
16,ibm_brisbane,GHZ,6,Cirq-native,6,6,5,0,0.9172591644505296,0.0007257000033860095
16,ibm_brisbane,GHZ,6,Cirq-native,6,6,5,0,0.9172591644505296,0.0007372000036411919
16,ibm_brisbane,GHZ,6,Cirq-native,6,6,5,0,0.9172591644505296,0.0007133999970392324
16,ibm_brisbane,GHZ,6,Cirq-native,6,6,5,0,0.9172591644505296,0.0007101000010152347
16,ibm_brisbane,GHZ,6,Cirq-native,6,6,5,0,0.9172591644505296,0.0007298999989870936
16,ibm_brisbane,GHZ,6,Cirq-native,6,6,5,0,0.9172591644505296,0.0007102000017766841
16,ibm_brisbane,GHZ,6,Cirq-native,6,6,5,0,0.9172591644505296,0.0007059000054141507
16,ibm_brisbane,GHZ,6,Cirq-native,6,6,5,0,0.9172591644505296,0.0007896000024629757
16,ibm_brisbane,GHZ,6,QADE,6,6,5,0,0.9172591644505296,0.011688600003253669
16,ibm_brisbane,GHZ,6,QADE,6,6,5,0,0.9172591644505296,0.11478159999387572
16,ibm_brisbane,GHZ,6,QADE,6,6,5,0,0.9172591644505296,0.012169599998742342
16,ibm_brisbane,GHZ,6,QADE,6,6,5,0,0.9172591644505296,0.010701500003051478
16,ibm_brisbane,GHZ,6,QADE,6,6,5,0,0.9172591644505296,0.014162900006340351
16,ibm_brisbane,GHZ,6,QADE,6,6,5,0,0.9172591644505296,0.010714600000937935
16,ibm_brisbane,GHZ,6,QADE,6,6,5,0,0.9172591644505296,0.010734600000432692
16,ibm_brisbane,GHZ,6,QADE,6,6,5,0,0.9172591644505296,0.012882899995020125
16,ibm_brisbane,GHZ,6,QADE,6,6,5,0,0.9172591644505296,0.012116399993828963
16,ibm_brisbane,GHZ,6,QADE,6,6,5,0,0.9172591644505296,0.011583500003325753
16,ibm_brisbane,GHZ,6,QADE,6,6,5,0,0.9172591644505296,0.010813299995788839
16,ibm_brisbane,GHZ,6,QADE,6,6,5,0,0.9172591644505296,0.013620599995192606
16,ibm_brisbane,GHZ,6,QADE,6,6,5,0,0.9172591644505296,0.010192900001129601
16,ibm_brisbane,GHZ,6,QADE,6,6,5,0,0.9172591644505296,0.011262099993473385
16,ibm_brisbane,GHZ,6,QADE,6,6,5,0,0.9172591644505296,0.010010999998485204
16,ibm_brisbane,GHZ,6,QADE,6,6,5,0,0.9172591644505296,0.009896499999740627
16,ibm_brisbane,GHZ,6,QADE,6,6,5,0,0.9172591644505296,0.012659900006838143
16,ibm_brisbane,GHZ,6,QADE,6,6,5,0,0.9172591644505296,0.013077199997496791
16,ibm_brisbane,GHZ,6,QADE,6,6,5,0,0.9172591644505296,0.011445399999502115
16,ibm_brisbane,GHZ,6,QADE,6,6,5,0,0.9172591644505296,0.009508099996310193
16,ibm_brisbane,GHZ,6,QADE,6,6,5,0,0.9172591644505296,0.010013399994932115
16,ibm_brisbane,GHZ,6,QADE,6,6,5,0,0.9172591644505296,0.013441500006592833
16,ibm_brisbane,GHZ,6,QADE,6,6,5,0,0.9172591644505296,0.012841299998399336
16,ibm_brisbane,GHZ,6,QADE,6,6,5,0,0.9172591644505296,0.010366099995735567
16,ibm_brisbane,GHZ,6,QADE,6,6,5,0,0.9172591644505296,0.010837000001629349
16,ibm_brisbane,GHZ,6,QADE,6,6,5,0,0.9172591644505296,0.012028099998133257
16,ibm_brisbane,GHZ,6,QADE,6,6,5,0,0.9172591644505296,0.010080000000016298
16,ibm_brisbane,GHZ,6,QADE,6,6,5,0,0.9172591644505296,0.011532600001373794
16,ibm_brisbane,GHZ,6,QADE,6,6,5,0,0.9172591644505296,0.011297500001091976
16,ibm_brisbane,GHZ,6,QADE,6,6,5,0,0.9172591644505296,0.010376899997936562
16,ibm_brisbane,GHZ,6,QADE + PyZX,11,16,5,0,0.9081277395897182,0.013444299998809583
16,ibm_brisbane,GHZ,6,QADE + PyZX,11,16,5,0,0.9081277395897182,0.012627600000996608
16,ibm_brisbane,GHZ,6,QADE + PyZX,11,16,5,0,0.9081277395897182,0.019339500002388377
16,ibm_brisbane,GHZ,6,QADE + PyZX,11,16,5,0,0.9081277395897182,0.01383930000156397
16,ibm_brisbane,GHZ,6,QADE + PyZX,11,16,5,0,0.9081277395897182,0.012117400001443457
16,ibm_brisbane,GHZ,6,QADE + PyZX,11,16,5,0,0.9081277395897182,0.011038399999961257
16,ibm_brisbane,GHZ,6,QADE + PyZX,11,16,5,0,0.9081277395897182,0.01034300000173971
16,ibm_brisbane,GHZ,6,QADE + PyZX,11,16,5,0,0.9081277395897182,0.012058000000251923
16,ibm_brisbane,GHZ,6,QADE + PyZX,11,16,5,0,0.9081277395897182,0.01103789999615401
16,ibm_brisbane,GHZ,6,QADE + PyZX,11,16,5,0,0.9081277395897182,0.013929100001405459
16,ibm_brisbane,GHZ,6,QADE + PyZX,11,16,5,0,0.9081277395897182,0.010440600002766587
16,ibm_brisbane,GHZ,6,QADE + PyZX,11,16,5,0,0.9081277395897182,0.013251299998955801
16,ibm_brisbane,GHZ,6,QADE + PyZX,11,16,5,0,0.9081277395897182,0.014233199995942414
16,ibm_brisbane,GHZ,6,QADE + PyZX,11,16,5,0,0.9081277395897182,0.010334300000977237
16,ibm_brisbane,GHZ,6,QADE + PyZX,11,16,5,0,0.9081277395897182,0.012635200000659097
16,ibm_brisbane,GHZ,6,QADE + PyZX,11,16,5,0,0.9081277395897182,0.014517700001306366
16,ibm_brisbane,GHZ,6,QADE + PyZX,11,16,5,0,0.9081277395897182,0.010899300003075041
16,ibm_brisbane,GHZ,6,QADE + PyZX,11,16,5,0,0.9081277395897182,0.013693200002308004
16,ibm_brisbane,GHZ,6,QADE + PyZX,11,16,5,0,0.9081277395897182,0.014606600001570769
16,ibm_brisbane,GHZ,6,QADE + PyZX,11,16,5,0,0.9081277395897182,0.012330300000030547
16,ibm_brisbane,GHZ,6,QADE + PyZX,11,16,5,0,0.9081277395897182,0.011895799994817935
16,ibm_brisbane,GHZ,6,QADE + PyZX,11,16,5,0,0.9081277395897182,0.010654699995939154
16,ibm_brisbane,GHZ,6,QADE + PyZX,11,16,5,0,0.9081277395897182,0.013940799995907582
16,ibm_brisbane,GHZ,6,QADE + PyZX,11,16,5,0,0.9081277395897182,0.011778899999626447
16,ibm_brisbane,GHZ,6,QADE + PyZX,11,16,5,0,0.9081277395897182,0.01363399999536341
16,ibm_brisbane,GHZ,6,QADE + PyZX,11,16,5,0,0.9081277395897182,0.009326500003226101
16,ibm_brisbane,GHZ,6,QADE + PyZX,11,16,5,0,0.9081277395897182,0.01174870000249939
16,ibm_brisbane,GHZ,6,QADE + PyZX,11,16,5,0,0.9081277395897182,0.014002700001583435
16,ibm_brisbane,GHZ,6,QADE + PyZX,11,16,5,0,0.9081277395897182,0.017453199994633906
16,ibm_brisbane,GHZ,6,QADE + PyZX,11,16,5,0,0.9081277395897182,0.014404600005946122
16,ibm_brisbane,GHZ,6,QADE + Knowledge Graph,11,16,5,0,0.9081277395897182,0.002296400001796428
16,ibm_brisbane,GHZ,6,QADE + Knowledge Graph,11,16,5,0,0.9081277395897182,0.0018049999998765998
16,ibm_brisbane,GHZ,6,QADE + Knowledge Graph,11,16,5,0,0.9081277395897182,0.0018291000014869496
16,ibm_brisbane,GHZ,6,QADE + Knowledge Graph,11,16,5,0,0.9081277395897182,0.001861199998529628
16,ibm_brisbane,GHZ,6,QADE + Knowledge Graph,11,16,5,0,0.9081277395897182,0.0017280999963986687
16,ibm_brisbane,GHZ,6,QADE + Knowledge Graph,11,16,5,0,0.9081277395897182,0.0017009000002872199
16,ibm_brisbane,GHZ,6,QADE + Knowledge Graph,11,16,5,0,0.9081277395897182,0.001931999999214895
16,ibm_brisbane,GHZ,6,QADE + Knowledge Graph,11,16,5,0,0.9081277395897182,0.0018903999953181483
16,ibm_brisbane,GHZ,6,QADE + Knowledge Graph,11,16,5,0,0.9081277395897182,0.0017335000011371449
16,ibm_brisbane,GHZ,6,QADE + Knowledge Graph,11,16,5,0,0.9081277395897182,0.0017418999996152706
16,ibm_brisbane,GHZ,6,QADE + Knowledge Graph,11,16,5,0,0.9081277395897182,0.0018570999964140356
16,ibm_brisbane,GHZ,6,QADE + Knowledge Graph,11,16,5,0,0.9081277395897182,0.0018228000044473447
16,ibm_brisbane,GHZ,6,QADE + Knowledge Graph,11,16,5,0,0.9081277395897182,0.0017213000028277747
16,ibm_brisbane,GHZ,6,QADE + Knowledge Graph,11,16,5,0,0.9081277395897182,0.001796600001398474
16,ibm_brisbane,GHZ,6,QADE + Knowledge Graph,11,16,5,0,0.9081277395897182,0.0019714000009116717
16,ibm_brisbane,GHZ,6,QADE + Knowledge Graph,11,16,5,0,0.9081277395897182,0.001748299997416325
16,ibm_brisbane,GHZ,6,QADE + Knowledge Graph,11,16,5,0,0.9081277395897182,0.0016858000017236918
16,ibm_brisbane,GHZ,6,QADE + Knowledge Graph,11,16,5,0,0.9081277395897182,0.0021557000000029802
16,ibm_brisbane,GHZ,6,QADE + Knowledge Graph,11,16,5,0,0.9081277395897182,0.001955799998540897
16,ibm_brisbane,GHZ,6,QADE + Knowledge Graph,11,16,5,0,0.9081277395897182,0.0017807999975048006
16,ibm_brisbane,GHZ,6,QADE + Knowledge Graph,11,16,5,0,0.9081277395897182,0.0017398999989381991
16,ibm_brisbane,GHZ,6,QADE + Knowledge Graph,11,16,5,0,0.9081277395897182,0.001938400004291907
16,ibm_brisbane,GHZ,6,QADE + Knowledge Graph,11,16,5,0,0.9081277395897182,0.0018181999985245056
16,ibm_brisbane,GHZ,6,QADE + Knowledge Graph,11,16,5,0,0.9081277395897182,0.0017131999993580393
16,ibm_brisbane,GHZ,6,QADE + Knowledge Graph,11,16,5,0,0.9081277395897182,0.0017564000008860603
16,ibm_brisbane,GHZ,6,QADE + Knowledge Graph,11,16,5,0,0.9081277395897182,0.0018185000008088537
16,ibm_brisbane,GHZ,6,QADE + Knowledge Graph,11,16,5,0,0.9081277395897182,0.00174459999834653
16,ibm_brisbane,GHZ,6,QADE + Knowledge Graph,11,16,5,0,0.9081277395897182,0.0017252000034204684
16,ibm_brisbane,GHZ,6,QADE + Knowledge Graph,11,16,5,0,0.9081277395897182,0.0017914999989443459
16,ibm_brisbane,GHZ,6,QADE + Knowledge Graph,11,16,5,0,0.9081277395897182,0.0018025000026682392
16,ibm_brisbane,GHZ,6,QADE + Evolution + PyZX,7,16,5,0,0.9081277395897182,0.04828619999898365
16,ibm_brisbane,GHZ,6,QADE + Evolution + PyZX,7,16,5,0,0.9081277395897182,0.045262699997692835
16,ibm_brisbane,GHZ,6,QADE + Evolution + PyZX,7,16,5,0,0.9081277395897182,0.03693599999678554
16,ibm_brisbane,GHZ,6,QADE + Evolution + PyZX,7,16,5,0,0.9081277395897182,0.040268299999297597
16,ibm_brisbane,GHZ,6,QADE + Evolution + PyZX,7,16,5,0,0.9081277395897182,0.03835799999797018
16,ibm_brisbane,GHZ,6,QADE + Evolution + PyZX,7,16,5,0,0.9081277395897182,0.04455020000023069
16,ibm_brisbane,GHZ,6,QADE + Evolution + PyZX,7,16,5,0,0.9081277395897182,0.045930100000987295
16,ibm_brisbane,GHZ,6,QADE + Evolution + PyZX,7,16,5,0,0.9081277395897182,0.03572449999774108
16,ibm_brisbane,GHZ,6,QADE + Evolution + PyZX,7,16,5,0,0.9081277395897182,0.052438300001085736
16,ibm_brisbane,GHZ,6,QADE + Evolution + PyZX,11,16,5,0,0.9081277395897182,0.04240620000200579
16,ibm_brisbane,GHZ,6,QADE + Evolution + PyZX,11,16,5,0,0.9081277395897182,0.038783399999374524
16,ibm_brisbane,GHZ,6,QADE + Evolution + PyZX,7,16,5,0,0.9081277395897182,0.042008599994005635
16,ibm_brisbane,GHZ,6,QADE + Evolution + PyZX,7,16,5,0,0.9081277395897182,0.03282749999925727
16,ibm_brisbane,GHZ,6,QADE + Evolution + PyZX,7,16,5,0,0.9081277395897182,0.03991590000077849
16,ibm_brisbane,GHZ,6,QADE + Evolution + PyZX,7,16,5,0,0.9081277395897182,0.04942090000258759
16,ibm_brisbane,GHZ,6,QADE + Evolution + PyZX,7,16,5,0,0.9081277395897182,0.043406400000094436
16,ibm_brisbane,GHZ,6,QADE + Evolution + PyZX,9,16,5,0,0.9081277395897182,0.036256600003980566
16,ibm_brisbane,GHZ,6,QADE + Evolution + PyZX,7,16,5,0,0.9081277395897182,0.04369840000435943
16,ibm_brisbane,GHZ,6,QADE + Evolution + PyZX,7,16,5,0,0.9081277395897182,0.042970900001819246
16,ibm_brisbane,GHZ,6,QADE + Evolution + PyZX,9,16,5,0,0.9081277395897182,0.0590678999942611
16,ibm_brisbane,GHZ,6,QADE + Evolution + PyZX,7,16,5,0,0.9081277395897182,0.04374929999903543
16,ibm_brisbane,GHZ,6,QADE + Evolution + PyZX,7,16,5,0,0.9081277395897182,0.043438100001367275
16,ibm_brisbane,GHZ,6,QADE + Evolution + PyZX,11,16,5,0,0.9081277395897182,0.03946810000343248
16,ibm_brisbane,GHZ,6,QADE + Evolution + PyZX,7,16,5,0,0.9081277395897182,0.030268499998783227
16,ibm_brisbane,GHZ,6,QADE + Evolution + PyZX,9,16,5,0,0.9081277395897182,0.042765899997903034
16,ibm_brisbane,GHZ,6,QADE + Evolution + PyZX,11,16,5,0,0.9081277395897182,0.041389399993931875
16,ibm_brisbane,GHZ,6,QADE + Evolution + PyZX,7,16,5,0,0.9081277395897182,0.042895900005532894
16,ibm_brisbane,GHZ,6,QADE + Evolution + PyZX,7,16,5,0,0.9081277395897182,0.048518999996304046
16,ibm_brisbane,GHZ,6,QADE + Evolution + PyZX,7,16,5,0,0.9081277395897182,0.03587899999547517
16,ibm_brisbane,GHZ,6,QADE + Evolution + PyZX,7,16,5,0,0.9081277395897182,0.04244810000091093
17,ibm_brisbane,QFT,6,Qiskit,84,168,36,0,0.6887895035029183,0.010932999997748993
17,ibm_brisbane,QFT,6,Qiskit,84,168,36,0,0.6887895035029183,0.010565500000666361
17,ibm_brisbane,QFT,6,Qiskit,86,180,36,0,0.6805693383748296,0.010061799999675713
17,ibm_brisbane,QFT,6,Qiskit,83,176,36,0,0.6832984350569574,0.011232400000153575
17,ibm_brisbane,QFT,6,Qiskit,89,184,36,0,0.6778511417157637,0.009955399997124914
17,ibm_brisbane,QFT,6,Qiskit,84,168,36,0,0.6887895035029183,0.011126199999125674
17,ibm_brisbane,QFT,6,Qiskit,81,170,36,0,0.6874126132854159,0.009434699997655116
17,ibm_brisbane,QFT,6,Qiskit,85,174,36,0,0.684667084558991,0.009633400004531723
17,ibm_brisbane,QFT,6,Qiskit,89,184,36,0,0.6778511417157637,0.009584700004779734
17,ibm_brisbane,QFT,6,Qiskit,89,184,36,0,0.6778511417157637,0.010556500004895497
17,ibm_brisbane,QFT,6,Qiskit,86,180,36,0,0.6805693383748296,0.009649200001149438
17,ibm_brisbane,QFT,6,Qiskit,76,169,36,0,0.6881007139994153,0.010412799994810484
17,ibm_brisbane,QFT,6,Qiskit,85,174,36,0,0.684667084558991,0.009492899996985216
17,ibm_brisbane,QFT,6,Qiskit,85,174,36,0,0.684667084558991,0.010073000004922505
17,ibm_brisbane,QFT,6,Qiskit,86,180,36,0,0.6805693383748296,0.009681100003945176
17,ibm_brisbane,QFT,6,Qiskit,81,170,36,0,0.6874126132854159,0.009250000002793968
17,ibm_brisbane,QFT,6,Qiskit,84,168,36,0,0.6887895035029183,0.009693599997262936
17,ibm_brisbane,QFT,6,Qiskit,85,174,36,0,0.684667084558991,0.009480000000621658
17,ibm_brisbane,QFT,6,Qiskit,76,169,36,0,0.6881007139994153,0.010991100003593601
17,ibm_brisbane,QFT,6,Qiskit,85,174,36,0,0.684667084558991,0.00972380000166595
17,ibm_brisbane,QFT,6,Qiskit,89,184,36,0,0.6778511417157637,0.010199500000453554
17,ibm_brisbane,QFT,6,Qiskit,86,180,36,0,0.6805693383748296,0.009340100004919805
17,ibm_brisbane,QFT,6,Qiskit,86,180,36,0,0.6805693383748296,0.010342299996409565
17,ibm_brisbane,QFT,6,Qiskit,81,170,36,0,0.6874126132854159,0.009212999997544102
17,ibm_brisbane,QFT,6,Qiskit,86,180,36,0,0.6805693383748296,0.009232299998984672
17,ibm_brisbane,QFT,6,Qiskit,76,169,36,0,0.6881007139994153,0.010091900003317278
17,ibm_brisbane,QFT,6,Qiskit,81,170,36,0,0.6874126132854159,0.009920699994836468
17,ibm_brisbane,QFT,6,Qiskit,76,169,36,0,0.6881007139994153,0.011273500000243075
17,ibm_brisbane,QFT,6,Qiskit,89,184,36,0,0.6778511417157637,0.010929400006716605
17,ibm_brisbane,QFT,6,Qiskit,86,180,36,0,0.6805693383748296,0.012207200001284946
17,ibm_brisbane,QFT,6,PyZX,54,61,55,40,0.4742414698792182,0.004059500002767891
17,ibm_brisbane,QFT,6,PyZX,54,61,55,40,0.4742414698792182,0.003609799998230301
17,ibm_brisbane,QFT,6,PyZX,54,61,55,40,0.4742414698792182,0.003711899997142609
17,ibm_brisbane,QFT,6,PyZX,54,61,55,40,0.4742414698792182,0.003942899995308835
17,ibm_brisbane,QFT,6,PyZX,54,61,55,40,0.4742414698792182,0.0036958999990019947
17,ibm_brisbane,QFT,6,PyZX,54,61,55,40,0.4742414698792182,0.0036477000030572526
17,ibm_brisbane,QFT,6,PyZX,54,61,55,40,0.4742414698792182,0.0036275000020395964
17,ibm_brisbane,QFT,6,PyZX,54,61,55,40,0.4742414698792182,0.003754299999854993
17,ibm_brisbane,QFT,6,PyZX,54,61,55,40,0.4742414698792182,0.0036462999996729195
17,ibm_brisbane,QFT,6,PyZX,54,61,55,40,0.4742414698792182,0.0036344000036478974
17,ibm_brisbane,QFT,6,PyZX,54,61,55,40,0.4742414698792182,0.0035860999996657483
17,ibm_brisbane,QFT,6,PyZX,54,61,55,40,0.4742414698792182,0.003715700004249811
17,ibm_brisbane,QFT,6,PyZX,54,61,55,40,0.4742414698792182,0.003595599999243859
17,ibm_brisbane,QFT,6,PyZX,54,61,55,40,0.4742414698792182,0.0036003000059281476
17,ibm_brisbane,QFT,6,PyZX,54,61,55,40,0.4742414698792182,0.003505699998640921
17,ibm_brisbane,QFT,6,PyZX,54,61,55,40,0.4742414698792182,0.0036822999973082915
17,ibm_brisbane,QFT,6,PyZX,54,61,55,40,0.4742414698792182,0.003659500005596783
17,ibm_brisbane,QFT,6,PyZX,54,61,55,40,0.4742414698792182,0.003668700002890546
17,ibm_brisbane,QFT,6,PyZX,54,61,55,40,0.4742414698792182,0.0036122000019531697
17,ibm_brisbane,QFT,6,PyZX,54,61,55,40,0.4742414698792182,0.0036249000040697865
17,ibm_brisbane,QFT,6,PyZX,54,61,55,40,0.4742414698792182,0.003950099999201484
17,ibm_brisbane,QFT,6,PyZX,54,61,55,40,0.4742414698792182,0.0036665000006905757
17,ibm_brisbane,QFT,6,PyZX,54,61,55,40,0.4742414698792182,0.003632599997217767
17,ibm_brisbane,QFT,6,PyZX,54,61,55,40,0.4742414698792182,0.0035656000036397018
17,ibm_brisbane,QFT,6,PyZX,54,61,55,40,0.4742414698792182,0.00363179999840213
17,ibm_brisbane,QFT,6,PyZX,54,61,55,40,0.4742414698792182,0.003524499996274244
17,ibm_brisbane,QFT,6,PyZX,54,61,55,40,0.4742414698792182,0.003657499997643754
17,ibm_brisbane,QFT,6,PyZX,54,61,55,40,0.4742414698792182,0.0035520000019459985
17,ibm_brisbane,QFT,6,PyZX,54,61,55,40,0.4742414698792182,0.003638199996203184
17,ibm_brisbane,QFT,6,PyZX,54,61,55,40,0.4742414698792182,0.0036049999980605207
17,ibm_brisbane,QFT,6,TKET,17,36,15,7,0.7967547839401774,0.35187739999673795
17,ibm_brisbane,QFT,6,TKET,17,36,15,7,0.7967547839401774,0.35373519999848213
17,ibm_brisbane,QFT,6,TKET,17,36,15,7,0.7967547839401774,0.3544236999950954
17,ibm_brisbane,QFT,6,TKET,17,36,15,7,0.7967547839401774,0.3641466000044602
17,ibm_brisbane,QFT,6,TKET,17,36,15,7,0.7967547839401774,0.34963360000256216
17,ibm_brisbane,QFT,6,TKET,17,36,15,7,0.7967547839401774,0.34924980000505457
17,ibm_brisbane,QFT,6,TKET,17,36,15,7,0.7967547839401774,0.3518908999976702
17,ibm_brisbane,QFT,6,TKET,17,36,15,7,0.7967547839401774,0.350432200000796
17,ibm_brisbane,QFT,6,TKET,17,36,15,7,0.7967547839401774,0.3466941000006045
17,ibm_brisbane,QFT,6,TKET,17,36,15,7,0.7967547839401774,0.35373270000127377
17,ibm_brisbane,QFT,6,TKET,17,36,15,7,0.7967547839401774,0.3486391000042204
17,ibm_brisbane,QFT,6,TKET,17,36,15,7,0.7967547839401774,0.34913329999835696
17,ibm_brisbane,QFT,6,TKET,17,36,15,7,0.7967547839401774,0.35404990000097314
17,ibm_brisbane,QFT,6,TKET,17,36,15,7,0.7967547839401774,0.34854160000395495
17,ibm_brisbane,QFT,6,TKET,17,36,15,7,0.7967547839401774,0.3498180000024149
17,ibm_brisbane,QFT,6,TKET,17,36,15,7,0.7967547839401774,0.3536372999951709
17,ibm_brisbane,QFT,6,TKET,17,36,15,7,0.7967547839401774,0.3575240999998641
17,ibm_brisbane,QFT,6,TKET,17,36,15,7,0.7967547839401774,0.3564619999960996
17,ibm_brisbane,QFT,6,TKET,17,36,15,7,0.7967547839401774,0.3514865000033751
17,ibm_brisbane,QFT,6,TKET,17,36,15,7,0.7967547839401774,0.35410630000114907
17,ibm_brisbane,QFT,6,TKET,17,36,15,7,0.7967547839401774,0.35755530000460567
17,ibm_brisbane,QFT,6,TKET,17,36,15,7,0.7967547839401774,0.35472119999758434
17,ibm_brisbane,QFT,6,TKET,17,36,15,7,0.7967547839401774,0.34802659999695607
17,ibm_brisbane,QFT,6,TKET,17,36,15,7,0.7967547839401774,0.354006900000968
17,ibm_brisbane,QFT,6,TKET,17,36,15,7,0.7967547839401774,0.350035299998126
17,ibm_brisbane,QFT,6,TKET,17,36,15,7,0.7967547839401774,0.35430060000362573
17,ibm_brisbane,QFT,6,TKET,17,36,15,7,0.7967547839401774,0.35429699999804143
17,ibm_brisbane,QFT,6,TKET,17,36,15,7,0.7967547839401774,0.3485006999981124
17,ibm_brisbane,QFT,6,TKET,17,36,15,7,0.7967547839401774,0.34945730000617914
17,ibm_brisbane,QFT,6,TKET,17,36,15,7,0.7967547839401774,0.3510270999977365
17,ibm_brisbane,QFT,6,BQSKit,11,21,15,0,0.8680611265786627,0.0673252999986289
17,ibm_brisbane,QFT,6,BQSKit,11,21,15,0,0.8680611265786627,0.06684200000017881
17,ibm_brisbane,QFT,6,BQSKit,11,21,15,0,0.8680611265786627,0.06658059999608668
17,ibm_brisbane,QFT,6,BQSKit,11,21,15,0,0.8680611265786627,0.06708680000156164
17,ibm_brisbane,QFT,6,BQSKit,11,21,15,0,0.8680611265786627,0.06616940000094473
17,ibm_brisbane,QFT,6,BQSKit,11,21,15,0,0.8680611265786627,0.06679930000245804
17,ibm_brisbane,QFT,6,BQSKit,11,21,15,0,0.8680611265786627,0.06674510000448208
17,ibm_brisbane,QFT,6,BQSKit,11,21,15,0,0.8680611265786627,0.06636669999716105
17,ibm_brisbane,QFT,6,BQSKit,11,21,15,0,0.8680611265786627,0.06625029999850085
17,ibm_brisbane,QFT,6,BQSKit,11,21,15,0,0.8680611265786627,0.06729880000057165
17,ibm_brisbane,QFT,6,BQSKit,11,21,15,0,0.8680611265786627,0.06715880000410834
17,ibm_brisbane,QFT,6,BQSKit,11,21,15,0,0.8680611265786627,0.06647739999607438
17,ibm_brisbane,QFT,6,BQSKit,11,21,15,0,0.8680611265786627,0.06638350000139326
17,ibm_brisbane,QFT,6,BQSKit,11,21,15,0,0.8680611265786627,0.0666477999984636
17,ibm_brisbane,QFT,6,BQSKit,11,21,15,0,0.8680611265786627,0.06646409999666503
17,ibm_brisbane,QFT,6,BQSKit,11,21,15,0,0.8680611265786627,0.0670927000028314
17,ibm_brisbane,QFT,6,BQSKit,11,21,15,0,0.8680611265786627,0.06699680000019725
17,ibm_brisbane,QFT,6,BQSKit,11,21,15,0,0.8680611265786627,0.06673980000050506
17,ibm_brisbane,QFT,6,BQSKit,11,21,15,0,0.8680611265786627,0.06631619999825489
17,ibm_brisbane,QFT,6,BQSKit,11,21,15,0,0.8680611265786627,0.0675524000034784
17,ibm_brisbane,QFT,6,BQSKit,11,21,15,0,0.8680611265786627,0.07030829999712296
17,ibm_brisbane,QFT,6,BQSKit,11,21,15,0,0.8680611265786627,0.06738010000117356
17,ibm_brisbane,QFT,6,BQSKit,11,21,15,0,0.8680611265786627,0.0669389000031515
17,ibm_brisbane,QFT,6,BQSKit,11,21,15,0,0.8680611265786627,0.06724899999971967
17,ibm_brisbane,QFT,6,BQSKit,11,21,15,0,0.8680611265786627,0.06676339999830816
17,ibm_brisbane,QFT,6,BQSKit,11,21,15,0,0.8680611265786627,0.06667839999863645
17,ibm_brisbane,QFT,6,BQSKit,11,21,15,0,0.8680611265786627,0.06770680000045104
17,ibm_brisbane,QFT,6,BQSKit,11,21,15,0,0.8680611265786627,0.0669759999946109
17,ibm_brisbane,QFT,6,BQSKit,11,21,15,0,0.8680611265786627,0.0670758999985992
17,ibm_brisbane,QFT,6,BQSKit,11,21,15,0,0.8680611265786627,0.06685529999958817
17,ibm_brisbane,QFT,6,Cirq-native,11,21,0,0,0.9219055305420061,0.0016225999934249558
17,ibm_brisbane,QFT,6,Cirq-native,11,21,0,0,0.9219055305420061,0.0012936999992234632
17,ibm_brisbane,QFT,6,Cirq-native,11,21,0,0,0.9219055305420061,0.0013005999935558066
17,ibm_brisbane,QFT,6,Cirq-native,11,21,0,0,0.9219055305420061,0.0012150999973528087
17,ibm_brisbane,QFT,6,Cirq-native,11,21,0,0,0.9219055305420061,0.0012224999954923987
17,ibm_brisbane,QFT,6,Cirq-native,11,21,0,0,0.9219055305420061,0.0011200000008102506
17,ibm_brisbane,QFT,6,Cirq-native,11,21,0,0,0.9219055305420061,0.0011137000037706457
17,ibm_brisbane,QFT,6,Cirq-native,11,21,0,0,0.9219055305420061,0.0011723999996320345
17,ibm_brisbane,QFT,6,Cirq-native,11,21,0,0,0.9219055305420061,0.0012229999992996454
17,ibm_brisbane,QFT,6,Cirq-native,11,21,0,0,0.9219055305420061,0.0011422000025049783
17,ibm_brisbane,QFT,6,Cirq-native,11,21,0,0,0.9219055305420061,0.001112400001147762
17,ibm_brisbane,QFT,6,Cirq-native,11,21,0,0,0.9219055305420061,0.0011005999986082315
17,ibm_brisbane,QFT,6,Cirq-native,11,21,0,0,0.9219055305420061,0.001097199994546827
17,ibm_brisbane,QFT,6,Cirq-native,11,21,0,0,0.9219055305420061,0.0012541999967652373
17,ibm_brisbane,QFT,6,Cirq-native,11,21,0,0,0.9219055305420061,0.001262400000996422
17,ibm_brisbane,QFT,6,Cirq-native,11,21,0,0,0.9219055305420061,0.0011318999968352728
17,ibm_brisbane,QFT,6,Cirq-native,11,21,0,0,0.9219055305420061,0.0010861000046133995
17,ibm_brisbane,QFT,6,Cirq-native,11,21,0,0,0.9219055305420061,0.0011389999999664724
17,ibm_brisbane,QFT,6,Cirq-native,11,21,0,0,0.9219055305420061,0.0011092999993707053
17,ibm_brisbane,QFT,6,Cirq-native,11,21,0,0,0.9219055305420061,0.0012276999987079762
17,ibm_brisbane,QFT,6,Cirq-native,11,21,0,0,0.9219055305420061,0.0012054000035277568
17,ibm_brisbane,QFT,6,Cirq-native,11,21,0,0,0.9219055305420061,0.0011424999975133687
17,ibm_brisbane,QFT,6,Cirq-native,11,21,0,0,0.9219055305420061,0.0011114000008092262
17,ibm_brisbane,QFT,6,Cirq-native,11,21,0,0,0.9219055305420061,0.0011034000053768978
17,ibm_brisbane,QFT,6,Cirq-native,11,21,0,0,0.9219055305420061,0.001159199993708171
17,ibm_brisbane,QFT,6,Cirq-native,11,21,0,0,0.9219055305420061,0.001217299999552779
17,ibm_brisbane,QFT,6,Cirq-native,11,21,0,0,0.9219055305420061,0.001166699999885168
17,ibm_brisbane,QFT,6,Cirq-native,11,21,0,0,0.9219055305420061,0.0011579999991226941
17,ibm_brisbane,QFT,6,Cirq-native,11,21,0,0,0.9219055305420061,0.0011070000036852434
17,ibm_brisbane,QFT,6,Cirq-native,11,21,0,0,0.9219055305420061,0.0010893000071519054
17,ibm_brisbane,QFT,6,QADE,11,23,12,4,0.8420950335843937,0.02556669999466976
17,ibm_brisbane,QFT,6,QADE,6,6,5,0,0.9172591644505296,0.013444999996863771
17,ibm_brisbane,QFT,6,QADE,4,6,5,0,0.9172591644505296,0.016179900005226955
17,ibm_brisbane,QFT,6,QADE,6,6,5,0,0.9172591644505296,0.010529899998800829
17,ibm_brisbane,QFT,6,QADE,11,19,14,4,0.8387148608281676,0.020434300000488292
17,ibm_brisbane,QFT,6,QADE,5,6,5,0,0.9172591644505296,0.011105199999292381
17,ibm_brisbane,QFT,6,QADE,1,2,1,0,0.9358359759053411,0.007107099998393096
17,ibm_brisbane,QFT,6,QADE,10,23,13,9,0.7974150853506509,0.02346219999890309
17,ibm_brisbane,QFT,6,QADE,11,23,10,5,0.8403478063817988,0.024867600004654378
17,ibm_brisbane,QFT,6,QADE,7,19,6,2,0.8837456691049083,0.018089999997755513
17,ibm_brisbane,QFT,6,QADE,5,6,5,0,0.9172591644505296,0.010654300000169314
17,ibm_brisbane,QFT,6,QADE,1,1,0,0,0.940538669251599,0.008362699998542666
17,ibm_brisbane,QFT,6,QADE,3,8,3,1,0.9135261857779094,0.010661499996786006
17,ibm_brisbane,QFT,6,QADE,6,6,5,0,0.9172591644505296,0.012454200004867744
17,ibm_brisbane,QFT,6,QADE,6,6,5,0,0.9172591644505296,0.0099904999951832
17,ibm_brisbane,QFT,6,QADE,6,6,5,0,0.9172591644505296,0.01199110000015935
17,ibm_brisbane,QFT,6,QADE,5,7,5,0,0.9163419052860791,0.011745399999199435
17,ibm_brisbane,QFT,6,QADE,8,18,6,4,0.8669381401879236,0.022074299995438196
17,ibm_brisbane,QFT,6,QADE,7,13,9,5,0.8522099410703181,0.01543600000150036
17,ibm_brisbane,QFT,6,QADE,5,9,6,1,0.9016941799300809,0.011247199996432755
17,ibm_brisbane,QFT,6,QADE,8,18,10,3,0.8617976988383009,0.013487100004567765
17,ibm_brisbane,QFT,6,QADE,9,21,10,1,0.8767494362056337,0.02570900000137044
17,ibm_brisbane,QFT,6,QADE,3,7,2,0,0.9274377520587913,0.012045799994666595
17,ibm_brisbane,QFT,6,QADE,6,6,5,0,0.9172591644505296,0.011400900002627168
17,ibm_brisbane,QFT,6,QADE,11,23,12,2,0.8592802036892365,0.023295800005143974
17,ibm_brisbane,QFT,6,QADE,1,1,0,0,0.940538669251599,0.00892990000284044
17,ibm_brisbane,QFT,6,QADE,4,4,4,1,0.9135170138788788,0.010173799993935972
17,ibm_brisbane,QFT,6,QADE,4,12,4,2,0.8971265216823227,0.015691599997808225
17,ibm_brisbane,QFT,6,QADE,10,24,12,3,0.8497935775208684,0.02343319999636151
17,ibm_brisbane,QFT,6,QADE,12,22,12,4,0.8429379715559497,0.01776130000507692
17,ibm_brisbane,QFT,6,QADE + PyZX,10,20,15,4,0.8345212865240267,0.017169799997645896
17,ibm_brisbane,QFT,6,QADE + PyZX,6,8,2,0,0.9265103143067325,0.012131300005421508
17,ibm_brisbane,QFT,6,QADE + PyZX,11,25,10,2,0.8644713367030531,0.018168499998864718
17,ibm_brisbane,QFT,6,QADE + PyZX,6,17,4,0,0.9108667258676165,0.02188659999956144
17,ibm_brisbane,QFT,6,QADE + PyZX,37,50,35,24,0.6106845196401625,0.024045400001341477
17,ibm_brisbane,QFT,6,QADE + PyZX,5,8,5,0,0.915425563380793,0.011354100002790801
17,ibm_brisbane,QFT,6,QADE + PyZX,7,16,5,0,0.9081277395897182,0.01196440000057919
17,ibm_brisbane,QFT,6,QADE + PyZX,11,16,5,0,0.9081277395897182,0.011396399997465778
17,ibm_brisbane,QFT,6,QADE + PyZX,38,60,43,22,0.597456422489957,0.026538300000538584
17,ibm_brisbane,QFT,6,QADE + PyZX,13,24,10,2,0.8653366733764295,0.016138999999384396
17,ibm_brisbane,QFT,6,QADE + PyZX,9,16,5,0,0.9081277395897182,0.012136100005591288
17,ibm_brisbane,QFT,6,QADE + PyZX,40,58,36,18,0.6410907503556887,0.023717399999441113
17,ibm_brisbane,QFT,6,QADE + PyZX,3,4,1,0,0.9339652397895062,0.009675700006482657
17,ibm_brisbane,QFT,6,QADE + PyZX,21,36,17,8,0.7824435495256711,0.029335799998079892
17,ibm_brisbane,QFT,6,QADE + PyZX,9,16,5,0,0.9081277395897182,0.012107700000342447
17,ibm_brisbane,QFT,6,QADE + PyZX,9,16,5,0,0.9081277395897182,0.012413999997079372
17,ibm_brisbane,QFT,6,QADE + PyZX,12,23,8,0,0.8910008881476493,0.028385600002366118
17,ibm_brisbane,QFT,6,QADE + PyZX,6,12,3,0,0.9191148941584035,0.010669199997209944
17,ibm_brisbane,QFT,6,QADE + PyZX,5,12,2,0,0.9228098284062766,0.02150870000332361
17,ibm_brisbane,QFT,6,QADE + PyZX,11,16,5,0,0.9081277395897182,0.01247989999683341
17,ibm_brisbane,QFT,6,QADE + PyZX,13,32,11,2,0.8550009711840383,0.026183600006334018
17,ibm_brisbane,QFT,6,QADE + PyZX,7,16,3,0,0.9154439455955944,0.02235369999834802
17,ibm_brisbane,QFT,6,QADE + PyZX,7,16,5,0,0.9081277395897182,0.011550800001714379
17,ibm_brisbane,QFT,6,QADE + PyZX,8,17,2,0,0.918204998139044,0.016417300001194235
17,ibm_brisbane,QFT,6,QADE + PyZX,16,39,14,2,0.8388760649864703,0.03005979999579722
17,ibm_brisbane,QFT,6,QADE + PyZX,1,1,0,0,0.940538669251599,0.012664000001677778
17,ibm_brisbane,QFT,6,QADE + PyZX,7,16,5,0,0.9081277395897182,0.011331699999573175
17,ibm_brisbane,QFT,6,QADE + PyZX,44,61,40,24,0.5920048220692089,0.02002599999832455
17,ibm_brisbane,QFT,6,QADE + PyZX,11,16,5,0,0.9081277395897182,0.01246499999979278
17,ibm_brisbane,QFT,6,QADE + PyZX,7,16,5,0,0.9081277395897182,0.012312599996221252
17,ibm_brisbane,QFT,6,QADE + Knowledge Graph,54,61,55,40,0.4742414698792182,0.003989700002421159
17,ibm_brisbane,QFT,6,QADE + Knowledge Graph,54,61,55,40,0.4742414698792182,0.0038373999996110797
17,ibm_brisbane,QFT,6,QADE + Knowledge Graph,54,61,55,40,0.4742414698792182,0.0036591999960364774
17,ibm_brisbane,QFT,6,QADE + Knowledge Graph,54,61,55,40,0.4742414698792182,0.0038528000004589558
17,ibm_brisbane,QFT,6,QADE + Knowledge Graph,54,61,55,40,0.4742414698792182,0.0036990000007790513
17,ibm_brisbane,QFT,6,QADE + Knowledge Graph,54,61,55,40,0.4742414698792182,0.0036993000030633993
17,ibm_brisbane,QFT,6,QADE + Knowledge Graph,54,61,55,40,0.4742414698792182,0.0037653000035788864
17,ibm_brisbane,QFT,6,QADE + Knowledge Graph,54,61,55,40,0.4742414698792182,0.003761699997994583
17,ibm_brisbane,QFT,6,QADE + Knowledge Graph,54,61,55,40,0.4742414698792182,0.0037079999965499155
17,ibm_brisbane,QFT,6,QADE + Knowledge Graph,54,61,55,40,0.4742414698792182,0.003641200004494749
17,ibm_brisbane,QFT,6,QADE + Knowledge Graph,54,61,55,40,0.4742414698792182,0.0036825999995926395
17,ibm_brisbane,QFT,6,QADE + Knowledge Graph,54,61,55,40,0.4742414698792182,0.0036403999984031543
17,ibm_brisbane,QFT,6,QADE + Knowledge Graph,54,61,55,40,0.4742414698792182,0.003775300006964244
17,ibm_brisbane,QFT,6,QADE + Knowledge Graph,54,61,55,40,0.4742414698792182,0.003676899999845773
17,ibm_brisbane,QFT,6,QADE + Knowledge Graph,54,61,55,40,0.4742414698792182,0.003795299999183044
17,ibm_brisbane,QFT,6,QADE + Knowledge Graph,54,61,55,40,0.4742414698792182,0.0036752000014530495
17,ibm_brisbane,QFT,6,QADE + Knowledge Graph,54,61,55,40,0.4742414698792182,0.0037796000033267774
17,ibm_brisbane,QFT,6,QADE + Knowledge Graph,54,61,55,40,0.4742414698792182,0.003693099999509286
17,ibm_brisbane,QFT,6,QADE + Knowledge Graph,54,61,55,40,0.4742414698792182,0.00365359999705106
17,ibm_brisbane,QFT,6,QADE + Knowledge Graph,54,61,55,40,0.4742414698792182,0.0036663000064436346
17,ibm_brisbane,QFT,6,QADE + Knowledge Graph,54,61,55,40,0.4742414698792182,0.0037214999974821694
17,ibm_brisbane,QFT,6,QADE + Knowledge Graph,54,61,55,40,0.4742414698792182,0.0037511000045924447
17,ibm_brisbane,QFT,6,QADE + Knowledge Graph,54,61,55,40,0.4742414698792182,0.0036829000018769875
17,ibm_brisbane,QFT,6,QADE + Knowledge Graph,54,61,55,40,0.4742414698792182,0.0037306000012904406
17,ibm_brisbane,QFT,6,QADE + Knowledge Graph,54,61,55,40,0.4742414698792182,0.003729399999429006
17,ibm_brisbane,QFT,6,QADE + Knowledge Graph,54,61,55,40,0.4742414698792182,0.003760100000363309
17,ibm_brisbane,QFT,6,QADE + Knowledge Graph,54,61,55,40,0.4742414698792182,0.003700799999933224
17,ibm_brisbane,QFT,6,QADE + Knowledge Graph,54,61,55,40,0.4742414698792182,0.003794699994614348
17,ibm_brisbane,QFT,6,QADE + Knowledge Graph,54,61,55,40,0.4742414698792182,0.0036470999984885566
17,ibm_brisbane,QFT,6,QADE + Knowledge Graph,54,61,55,40,0.4742414698792182,0.00365139999485109
17,ibm_brisbane,QFT,6,QADE + Evolution + PyZX,41,56,46,32,0.535733194172073,0.1567633000013302
17,ibm_brisbane,QFT,6,QADE + Evolution + PyZX,44,59,51,30,0.5342034444903556,0.17525770000065677
17,ibm_brisbane,QFT,6,QADE + Evolution + PyZX,23,39,27,12,0.719743917628688,0.14018660000147065
17,ibm_brisbane,QFT,6,QADE + Evolution + PyZX,34,45,35,20,0.6390529897343225,0.2656404000008479
17,ibm_brisbane,QFT,6,QADE + Evolution + PyZX,24,39,27,14,0.705349402773964,0.17210619999968912
17,ibm_brisbane,QFT,6,QADE + Evolution + PyZX,29,45,28,14,0.6983205536931332,0.1512808000043151
17,ibm_brisbane,QFT,6,QADE + Evolution + PyZX,33,47,30,18,0.6639778402000294,0.1802979999993113
17,ibm_brisbane,QFT,6,QADE + Evolution + PyZX,20,32,20,12,0.7454464283151753,0.16652299999987008
17,ibm_brisbane,QFT,6,QADE + Evolution + PyZX,69,82,72,50,0.3920896254091104,0.1678618000005372
17,ibm_brisbane,QFT,6,QADE + Evolution + PyZX,49,61,49,28,0.5483983960388381,0.14985479999450035
17,ibm_brisbane,QFT,6,QADE + Evolution + PyZX,43,55,45,30,0.5494133094913166,0.1585313999967184
17,ibm_brisbane,QFT,6,QADE + Evolution + PyZX,25,39,25,14,0.7110319530494874,0.16298950000054901
17,ibm_brisbane,QFT,6,QADE + Evolution + PyZX,51,65,55,38,0.4819868409494679,0.17271560000517638
17,ibm_brisbane,QFT,6,QADE + Evolution + PyZX,49,61,45,28,0.5572701820525541,0.15356249999604188
17,ibm_brisbane,QFT,6,QADE + Evolution + PyZX,35,44,34,16,0.668745990541797,0.15660449999995762
17,ibm_brisbane,QFT,6,QADE + Evolution + PyZX,19,32,22,10,0.7545800584584064,0.14212649999535643
17,ibm_brisbane,QFT,6,QADE + Evolution + PyZX,32,47,35,20,0.6377755228078436,0.24376570000458742
17,ibm_brisbane,QFT,6,QADE + Evolution + PyZX,42,57,44,34,0.5287192939399922,0.1614160000026459
17,ibm_brisbane,QFT,6,QADE + Evolution + PyZX,21,31,17,10,0.7706405778848876,0.16581420000147773
17,ibm_brisbane,QFT,6,QADE + Evolution + PyZX,23,36,28,12,0.7190169546326962,0.17476400000305148
17,ibm_brisbane,QFT,6,QADE + Evolution + PyZX,43,58,44,28,0.5611923582503275,0.1400359999970533
17,ibm_brisbane,QFT,6,QADE + Evolution + PyZX,82,103,89,70,0.2930236486395051,0.1613939999951981
17,ibm_brisbane,QFT,6,QADE + Evolution + PyZX,40,56,44,30,0.5510703842066769,0.15756310000142548
17,ibm_brisbane,QFT,6,QADE + Evolution + PyZX,59,72,58,40,0.4634391042533123,0.1604869000002509
17,ibm_brisbane,QFT,6,QADE + Evolution + PyZX,69,82,72,50,0.3920896254091104,0.16320059999998193
17,ibm_brisbane,QFT,6,QADE + Evolution + PyZX,44,56,46,28,0.5578224094106987,0.1618568999983836
17,ibm_brisbane,QFT,6,QADE + Evolution + PyZX,23,37,23,10,0.7478084313739211,0.1702932000043802
17,ibm_brisbane,QFT,6,QADE + Evolution + PyZX,60,69,61,38,0.46864359888300156,0.1721904000005452
17,ibm_brisbane,QFT,6,QADE + Evolution + PyZX,45,58,44,28,0.5611923582503275,0.1586135000034119
17,ibm_brisbane,QFT,6,QADE + Evolution + PyZX,48,59,53,36,0.49877050976660947,0.13495900000270922
18,ibm_brisbane,VQE,6,Qiskit,13,43,5,0,0.8839244030483502,0.10586229999898933
18,ibm_brisbane,VQE,6,Qiskit,13,43,5,0,0.8839244030483502,0.006184999998367857
18,ibm_brisbane,VQE,6,Qiskit,9,29,5,0,0.8963926538623505,0.005673599996953271
18,ibm_brisbane,VQE,6,Qiskit,9,29,5,0,0.8963926538623505,0.005780600004072767
18,ibm_brisbane,VQE,6,Qiskit,9,29,5,0,0.8963926538623505,0.005641600000672042
18,ibm_brisbane,VQE,6,Qiskit,9,29,5,0,0.8963926538623505,0.005665799995767884
18,ibm_brisbane,VQE,6,Qiskit,9,29,5,0,0.8963926538623505,0.005664100004651118
18,ibm_brisbane,VQE,6,Qiskit,13,43,5,0,0.8839244030483502,0.006495500005257782
18,ibm_brisbane,VQE,6,Qiskit,9,29,5,0,0.8963926538623505,0.006054299999959767
18,ibm_brisbane,VQE,6,Qiskit,9,29,5,0,0.8963926538623505,0.005935699999099597
18,ibm_brisbane,VQE,6,Qiskit,9,29,5,0,0.8963926538623505,0.00597610000113491
18,ibm_brisbane,VQE,6,Qiskit,9,29,5,0,0.8963926538623505,0.005887599996640347
18,ibm_brisbane,VQE,6,Qiskit,9,29,5,0,0.8963926538623505,0.005882199999177828
18,ibm_brisbane,VQE,6,Qiskit,9,29,5,0,0.8963926538623505,0.005717799998819828
18,ibm_brisbane,VQE,6,Qiskit,9,29,5,0,0.8963926538623505,0.005592200002865866
18,ibm_brisbane,VQE,6,Qiskit,9,29,5,0,0.8963926538623505,0.005746899994846899
18,ibm_brisbane,VQE,6,Qiskit,9,29,5,0,0.8963926538623505,0.005658000001858454
18,ibm_brisbane,VQE,6,Qiskit,9,29,5,0,0.8963926538623505,0.005674699998053256
18,ibm_brisbane,VQE,6,Qiskit,9,29,5,0,0.8963926538623505,0.005589699998381548
18,ibm_brisbane,VQE,6,Qiskit,13,43,5,0,0.8839244030483502,0.006123600003775209
18,ibm_brisbane,VQE,6,Qiskit,9,29,5,0,0.8963926538623505,0.00576310000178637
18,ibm_brisbane,VQE,6,Qiskit,13,43,5,0,0.8839244030483502,0.006300600005488377
18,ibm_brisbane,VQE,6,Qiskit,13,43,5,0,0.8839244030483502,0.006654899996647146
18,ibm_brisbane,VQE,6,Qiskit,13,43,5,0,0.8839244030483502,0.006554700004926417
18,ibm_brisbane,VQE,6,Qiskit,9,29,5,0,0.8963926538623505,0.005943999996816274
18,ibm_brisbane,VQE,6,Qiskit,9,29,5,0,0.8963926538623505,0.005921500000113156
18,ibm_brisbane,VQE,6,Qiskit,13,43,5,0,0.8839244030483502,0.006446600003982894
18,ibm_brisbane,VQE,6,Qiskit,9,29,5,0,0.8963926538623505,0.005858500000613276
18,ibm_brisbane,VQE,6,Qiskit,9,29,5,0,0.8963926538623505,0.005917100002989173
18,ibm_brisbane,VQE,6,Qiskit,13,43,5,0,0.8839244030483502,0.006375800003297627
18,ibm_brisbane,VQE,6,PyZX,63,87,53,34,0.49488938469318206,0.00418290000379784
18,ibm_brisbane,VQE,6,PyZX,63,87,53,34,0.49488938469318206,0.0038978999946266413
18,ibm_brisbane,VQE,6,PyZX,63,87,53,34,0.49488938469318206,0.0037192000017967075
18,ibm_brisbane,VQE,6,PyZX,63,87,53,34,0.49488938469318206,0.0036763000025530346
18,ibm_brisbane,VQE,6,PyZX,63,87,53,34,0.49488938469318206,0.0037808999986737035
18,ibm_brisbane,VQE,6,PyZX,63,87,53,34,0.49488938469318206,0.003809900001215283
18,ibm_brisbane,VQE,6,PyZX,63,87,53,34,0.49488938469318206,0.003799099999014288
18,ibm_brisbane,VQE,6,PyZX,63,87,53,34,0.49488938469318206,0.0037642000024789013
18,ibm_brisbane,VQE,6,PyZX,63,87,53,34,0.49488938469318206,0.003837500000372529
18,ibm_brisbane,VQE,6,PyZX,63,87,53,34,0.49488938469318206,0.0036000999971292913
18,ibm_brisbane,VQE,6,PyZX,63,87,53,34,0.49488938469318206,0.003613199995015748
18,ibm_brisbane,VQE,6,PyZX,63,87,53,34,0.49488938469318206,0.0035849999985657632
18,ibm_brisbane,VQE,6,PyZX,63,87,53,34,0.49488938469318206,0.0035270000007585622
18,ibm_brisbane,VQE,6,PyZX,63,87,53,34,0.49488938469318206,0.003607999999076128
18,ibm_brisbane,VQE,6,PyZX,63,87,53,34,0.49488938469318206,0.003574900001694914
18,ibm_brisbane,VQE,6,PyZX,63,87,53,34,0.49488938469318206,0.0035905999975511804
18,ibm_brisbane,VQE,6,PyZX,63,87,53,34,0.49488938469318206,0.0036372999966260977
18,ibm_brisbane,VQE,6,PyZX,63,87,53,34,0.49488938469318206,0.003702299996803049
18,ibm_brisbane,VQE,6,PyZX,63,87,53,34,0.49488938469318206,0.0035443000015220605
18,ibm_brisbane,VQE,6,PyZX,63,87,53,34,0.49488938469318206,0.003587400002288632
18,ibm_brisbane,VQE,6,PyZX,63,87,53,34,0.49488938469318206,0.003515900003549177
18,ibm_brisbane,VQE,6,PyZX,63,87,53,34,0.49488938469318206,0.00365070000407286
18,ibm_brisbane,VQE,6,PyZX,63,87,53,34,0.49488938469318206,0.0035824000005959533
18,ibm_brisbane,VQE,6,PyZX,63,87,53,34,0.49488938469318206,0.00357810000423342
18,ibm_brisbane,VQE,6,PyZX,63,87,53,34,0.49488938469318206,0.003577600000426173
18,ibm_brisbane,VQE,6,PyZX,63,87,53,34,0.49488938469318206,0.0035607000027084723
18,ibm_brisbane,VQE,6,PyZX,63,87,53,34,0.49488938469318206,0.003569299995433539
18,ibm_brisbane,VQE,6,PyZX,63,87,53,34,0.49488938469318206,0.00350099999923259
18,ibm_brisbane,VQE,6,PyZX,63,87,53,34,0.49488938469318206,0.0035403000001679175
18,ibm_brisbane,VQE,6,PyZX,63,87,53,34,0.49488938469318206,0.0037348000041674823
18,ibm_brisbane,VQE,6,TKET,8,23,5,0,0.901789884342416,0.1319398999985424
18,ibm_brisbane,VQE,6,TKET,8,23,5,0,0.901789884342416,0.13074179999966873
18,ibm_brisbane,VQE,6,TKET,8,23,5,0,0.901789884342416,0.1304803999955766
18,ibm_brisbane,VQE,6,TKET,8,23,5,0,0.901789884342416,0.13388989999657497
18,ibm_brisbane,VQE,6,TKET,8,23,5,0,0.901789884342416,0.1342408000055002
18,ibm_brisbane,VQE,6,TKET,8,23,5,0,0.901789884342416,0.13486209999973653
18,ibm_brisbane,VQE,6,TKET,8,23,5,0,0.901789884342416,0.13389420000021346
18,ibm_brisbane,VQE,6,TKET,8,23,5,0,0.901789884342416,0.1310146000032546
18,ibm_brisbane,VQE,6,TKET,8,23,5,0,0.901789884342416,0.13191689999803202
18,ibm_brisbane,VQE,6,TKET,8,23,5,0,0.901789884342416,0.13224199999967823
18,ibm_brisbane,VQE,6,TKET,8,23,5,0,0.901789884342416,0.13245089999691118
18,ibm_brisbane,VQE,6,TKET,8,23,5,0,0.901789884342416,0.13084669999807375
18,ibm_brisbane,VQE,6,TKET,8,23,5,0,0.901789884342416,0.14315770000393968
18,ibm_brisbane,VQE,6,TKET,8,23,5,0,0.901789884342416,0.1381907000031788
18,ibm_brisbane,VQE,6,TKET,8,23,5,0,0.901789884342416,0.14611009999498492
18,ibm_brisbane,VQE,6,TKET,8,23,5,0,0.901789884342416,0.13041209999937564
18,ibm_brisbane,VQE,6,TKET,8,23,5,0,0.901789884342416,0.1324739000046975
18,ibm_brisbane,VQE,6,TKET,8,23,5,0,0.901789884342416,0.1314180999979726
18,ibm_brisbane,VQE,6,TKET,8,23,5,0,0.901789884342416,0.1305724999983795
18,ibm_brisbane,VQE,6,TKET,8,23,5,0,0.901789884342416,0.1335904999941704
18,ibm_brisbane,VQE,6,TKET,8,23,5,0,0.901789884342416,0.13200160000269534
18,ibm_brisbane,VQE,6,TKET,8,23,5,0,0.901789884342416,0.13198299999930896
18,ibm_brisbane,VQE,6,TKET,8,23,5,0,0.901789884342416,0.13048629999684636
18,ibm_brisbane,VQE,6,TKET,8,23,5,0,0.901789884342416,0.13194239999575075
18,ibm_brisbane,VQE,6,TKET,8,23,5,0,0.901789884342416,0.13058879999880446
18,ibm_brisbane,VQE,6,TKET,8,23,5,0,0.901789884342416,0.132199200001196
18,ibm_brisbane,VQE,6,TKET,8,23,5,0,0.901789884342416,0.13310220000130357
18,ibm_brisbane,VQE,6,TKET,8,23,5,0,0.901789884342416,0.13265689999388997
18,ibm_brisbane,VQE,6,TKET,8,23,5,0,0.901789884342416,0.13200119999964954
18,ibm_brisbane,VQE,6,TKET,8,23,5,0,0.901789884342416,0.13193679999676533
18,ibm_brisbane,VQE,6,BQSKit,6,11,5,0,0.912682032051915,0.06257719999848632
18,ibm_brisbane,VQE,6,BQSKit,6,11,5,0,0.912682032051915,0.06260840000322787
18,ibm_brisbane,VQE,6,BQSKit,6,11,5,0,0.912682032051915,0.06238610000582412
18,ibm_brisbane,VQE,6,BQSKit,6,11,5,0,0.912682032051915,0.062358100003621075
18,ibm_brisbane,VQE,6,BQSKit,6,11,5,0,0.912682032051915,0.06217149999429239
18,ibm_brisbane,VQE,6,BQSKit,6,11,5,0,0.912682032051915,0.06216839999979129
18,ibm_brisbane,VQE,6,BQSKit,6,11,5,0,0.912682032051915,0.062464400005410425
18,ibm_brisbane,VQE,6,BQSKit,6,11,5,0,0.912682032051915,0.062099300004774705
18,ibm_brisbane,VQE,6,BQSKit,6,11,5,0,0.912682032051915,0.06212209999648621
18,ibm_brisbane,VQE,6,BQSKit,6,11,5,0,0.912682032051915,0.0626233000002685
18,ibm_brisbane,VQE,6,BQSKit,6,11,5,0,0.912682032051915,0.06278309999470366
18,ibm_brisbane,VQE,6,BQSKit,6,11,5,0,0.912682032051915,0.0622843000019202
18,ibm_brisbane,VQE,6,BQSKit,6,11,5,0,0.912682032051915,0.06230800000048475
18,ibm_brisbane,VQE,6,BQSKit,6,11,5,0,0.912682032051915,0.062249100003100466
18,ibm_brisbane,VQE,6,BQSKit,6,11,5,0,0.912682032051915,0.06246540000574896
18,ibm_brisbane,VQE,6,BQSKit,6,11,5,0,0.912682032051915,0.06279969999741297
18,ibm_brisbane,VQE,6,BQSKit,6,11,5,0,0.912682032051915,0.06227059999946505
18,ibm_brisbane,VQE,6,BQSKit,6,11,5,0,0.912682032051915,0.0627641000028234
18,ibm_brisbane,VQE,6,BQSKit,6,11,5,0,0.912682032051915,0.06301639999583131
18,ibm_brisbane,VQE,6,BQSKit,6,11,5,0,0.912682032051915,0.062464800001180265
18,ibm_brisbane,VQE,6,BQSKit,6,11,5,0,0.912682032051915,0.06182319999788888
18,ibm_brisbane,VQE,6,BQSKit,6,11,5,0,0.912682032051915,0.06290710000030231
18,ibm_brisbane,VQE,6,BQSKit,6,11,5,0,0.912682032051915,0.06287439999869093
18,ibm_brisbane,VQE,6,BQSKit,6,11,5,0,0.912682032051915,0.06216090000089025
18,ibm_brisbane,VQE,6,BQSKit,6,11,5,0,0.912682032051915,0.0621300999991945
18,ibm_brisbane,VQE,6,BQSKit,6,11,5,0,0.912682032051915,0.06267259999731323
18,ibm_brisbane,VQE,6,BQSKit,6,11,5,0,0.912682032051915,0.062012000002141576
18,ibm_brisbane,VQE,6,BQSKit,6,11,5,0,0.912682032051915,0.0628355000008014
18,ibm_brisbane,VQE,6,BQSKit,6,11,5,0,0.912682032051915,0.062034499998844694
18,ibm_brisbane,VQE,6,BQSKit,6,11,5,0,0.912682032051915,0.06234519999998156
18,ibm_brisbane,VQE,6,Cirq-native,6,11,5,0,0.912682032051915,0.001630800004932098
18,ibm_brisbane,VQE,6,Cirq-native,6,11,5,0,0.912682032051915,0.0011550000053830445
18,ibm_brisbane,VQE,6,Cirq-native,6,11,5,0,0.912682032051915,0.0009501000022282824
18,ibm_brisbane,VQE,6,Cirq-native,6,11,5,0,0.912682032051915,0.0009539999955450185
18,ibm_brisbane,VQE,6,Cirq-native,6,11,5,0,0.912682032051915,0.0009119000023929402
18,ibm_brisbane,VQE,6,Cirq-native,6,11,5,0,0.912682032051915,0.0009262000021408312
18,ibm_brisbane,VQE,6,Cirq-native,6,11,5,0,0.912682032051915,0.0009390999985043891
18,ibm_brisbane,VQE,6,Cirq-native,6,11,5,0,0.912682032051915,0.0010314000028301962
18,ibm_brisbane,VQE,6,Cirq-native,6,11,5,0,0.912682032051915,0.0009105999997700565
18,ibm_brisbane,VQE,6,Cirq-native,6,11,5,0,0.912682032051915,0.0009319999953731894
18,ibm_brisbane,VQE,6,Cirq-native,6,11,5,0,0.912682032051915,0.0008936000012909062
18,ibm_brisbane,VQE,6,Cirq-native,6,11,5,0,0.912682032051915,0.0009301000027335249
18,ibm_brisbane,VQE,6,Cirq-native,6,11,5,0,0.912682032051915,0.0008826000048429705
18,ibm_brisbane,VQE,6,Cirq-native,6,11,5,0,0.912682032051915,0.0008992000002763234
18,ibm_brisbane,VQE,6,Cirq-native,6,11,5,0,0.912682032051915,0.0010142000028281473
18,ibm_brisbane,VQE,6,Cirq-native,6,11,5,0,0.912682032051915,0.000913399999262765
18,ibm_brisbane,VQE,6,Cirq-native,6,11,5,0,0.912682032051915,0.0008971999995992519
18,ibm_brisbane,VQE,6,Cirq-native,6,11,5,0,0.912682032051915,0.0008861000023898669
18,ibm_brisbane,VQE,6,Cirq-native,6,11,5,0,0.912682032051915,0.0009552999981679022
18,ibm_brisbane,VQE,6,Cirq-native,6,11,5,0,0.912682032051915,0.0009527000001980923
18,ibm_brisbane,VQE,6,Cirq-native,6,11,5,0,0.912682032051915,0.0009101999967242591
18,ibm_brisbane,VQE,6,Cirq-native,6,11,5,0,0.912682032051915,0.000981800003501121
18,ibm_brisbane,VQE,6,Cirq-native,6,11,5,0,0.912682032051915,0.000997399998595938
18,ibm_brisbane,VQE,6,Cirq-native,6,11,5,0,0.912682032051915,0.0009141999980784021
18,ibm_brisbane,VQE,6,Cirq-native,6,11,5,0,0.912682032051915,0.000946600004681386
18,ibm_brisbane,VQE,6,Cirq-native,6,11,5,0,0.912682032051915,0.0008927999951993115
18,ibm_brisbane,VQE,6,Cirq-native,6,11,5,0,0.912682032051915,0.0009084999983315356
18,ibm_brisbane,VQE,6,Cirq-native,6,11,5,0,0.912682032051915,0.0009009999994304962
18,ibm_brisbane,VQE,6,Cirq-native,6,11,5,0,0.912682032051915,0.0010009999969042838
18,ibm_brisbane,VQE,6,Cirq-native,6,11,5,0,0.912682032051915,0.0009405000018887222
18,ibm_brisbane,VQE,6,QADE,6,11,5,0,0.912682032051915,0.015370399996754713
18,ibm_brisbane,VQE,6,QADE,6,11,5,0,0.912682032051915,0.015197499997157138
18,ibm_brisbane,VQE,6,QADE,6,11,5,0,0.912682032051915,0.01835469999787165
18,ibm_brisbane,VQE,6,QADE,6,11,5,0,0.912682032051915,0.016385700000682846
18,ibm_brisbane,VQE,6,QADE,6,11,5,0,0.912682032051915,0.015005100001872052
18,ibm_brisbane,VQE,6,QADE,6,11,5,0,0.912682032051915,0.014705800000228919
18,ibm_brisbane,VQE,6,QADE,6,11,5,0,0.912682032051915,0.01285970000026282
18,ibm_brisbane,VQE,6,QADE,6,11,5,0,0.912682032051915,0.010176899995713029
18,ibm_brisbane,VQE,6,QADE,6,11,5,0,0.912682032051915,0.017121800003224052
18,ibm_brisbane,VQE,6,QADE,6,11,5,0,0.912682032051915,0.013312999995832797
18,ibm_brisbane,VQE,6,QADE,6,11,5,0,0.912682032051915,0.017899999998917338
18,ibm_brisbane,VQE,6,QADE,6,11,5,0,0.912682032051915,0.014474800002062693
18,ibm_brisbane,VQE,6,QADE,6,11,5,0,0.912682032051915,0.013726400000450667
18,ibm_brisbane,VQE,6,QADE,6,11,5,0,0.912682032051915,0.017929800000274554
18,ibm_brisbane,VQE,6,QADE,6,11,5,0,0.912682032051915,0.014848499995423481
18,ibm_brisbane,VQE,6,QADE,6,11,5,0,0.912682032051915,0.011312599999655504
18,ibm_brisbane,VQE,6,QADE,6,11,5,0,0.912682032051915,0.017114300004323013
18,ibm_brisbane,VQE,6,QADE,6,11,5,0,0.912682032051915,0.014310200000181794
18,ibm_brisbane,VQE,6,QADE,6,11,5,0,0.912682032051915,0.018430900003295392
18,ibm_brisbane,VQE,6,QADE,6,11,5,0,0.912682032051915,0.017117099996539764
18,ibm_brisbane,VQE,6,QADE,6,11,5,0,0.912682032051915,0.012874400003056508
18,ibm_brisbane,VQE,6,QADE,6,11,5,0,0.912682032051915,0.017448000005970243
18,ibm_brisbane,VQE,6,QADE,6,11,5,0,0.912682032051915,0.016072099999291822
18,ibm_brisbane,VQE,6,QADE,6,11,5,0,0.912682032051915,0.012889999998151325
18,ibm_brisbane,VQE,6,QADE,6,11,5,0,0.912682032051915,0.014830899999651592
18,ibm_brisbane,VQE,6,QADE,6,11,5,0,0.912682032051915,0.017080799996620044
18,ibm_brisbane,VQE,6,QADE,6,11,5,0,0.912682032051915,0.01231740000366699
18,ibm_brisbane,VQE,6,QADE,6,11,5,0,0.912682032051915,0.014695799996843562
18,ibm_brisbane,VQE,6,QADE,6,11,5,0,0.912682032051915,0.014304999996966217
18,ibm_brisbane,VQE,6,QADE,6,11,5,0,0.912682032051915,0.021307199996954296
18,ibm_brisbane,VQE,6,QADE + PyZX,63,87,53,34,0.49488938469318206,0.020856800001638476
18,ibm_brisbane,VQE,6,QADE + PyZX,63,87,53,34,0.49488938469318206,0.016666499999701045
18,ibm_brisbane,VQE,6,QADE + PyZX,63,87,53,34,0.49488938469318206,0.017182399999001063
18,ibm_brisbane,VQE,6,QADE + PyZX,63,87,53,34,0.49488938469318206,0.02002109999739332
18,ibm_brisbane,VQE,6,QADE + PyZX,63,87,53,34,0.49488938469318206,0.01704980000067735
18,ibm_brisbane,VQE,6,QADE + PyZX,63,87,53,34,0.49488938469318206,0.02069160000246484
18,ibm_brisbane,VQE,6,QADE + PyZX,63,87,53,34,0.49488938469318206,0.017998800001805648
18,ibm_brisbane,VQE,6,QADE + PyZX,63,87,53,34,0.49488938469318206,0.020644299998821225
18,ibm_brisbane,VQE,6,QADE + PyZX,63,87,53,34,0.49488938469318206,0.016848300001583993
18,ibm_brisbane,VQE,6,QADE + PyZX,63,87,53,34,0.49488938469318206,0.022468900002422743
18,ibm_brisbane,VQE,6,QADE + PyZX,63,87,53,34,0.49488938469318206,0.014298200003395323
18,ibm_brisbane,VQE,6,QADE + PyZX,63,87,53,34,0.49488938469318206,0.023095699994883034
18,ibm_brisbane,VQE,6,QADE + PyZX,63,87,53,34,0.49488938469318206,0.020494899996265303
18,ibm_brisbane,VQE,6,QADE + PyZX,63,87,53,34,0.49488938469318206,0.017298300001129974
18,ibm_brisbane,VQE,6,QADE + PyZX,63,87,53,34,0.49488938469318206,0.018381900001259055
18,ibm_brisbane,VQE,6,QADE + PyZX,63,87,53,34,0.49488938469318206,0.022778500002459623
18,ibm_brisbane,VQE,6,QADE + PyZX,63,87,53,34,0.49488938469318206,0.021321600004739594
18,ibm_brisbane,VQE,6,QADE + PyZX,63,87,53,34,0.49488938469318206,0.01864390000264393
18,ibm_brisbane,VQE,6,QADE + PyZX,63,87,53,34,0.49488938469318206,0.0175701999978628
18,ibm_brisbane,VQE,6,QADE + PyZX,63,87,53,34,0.49488938469318206,0.02048800000193296
18,ibm_brisbane,VQE,6,QADE + PyZX,63,87,53,34,0.49488938469318206,0.014896200002112892
18,ibm_brisbane,VQE,6,QADE + PyZX,63,87,53,34,0.49488938469318206,0.017426300000806805
18,ibm_brisbane,VQE,6,QADE + PyZX,63,87,53,34,0.49488938469318206,0.017308399998000823
18,ibm_brisbane,VQE,6,QADE + PyZX,63,87,53,34,0.49488938469318206,0.01668299999437295
18,ibm_brisbane,VQE,6,QADE + PyZX,63,87,53,34,0.49488938469318206,0.016005400000722148
18,ibm_brisbane,VQE,6,QADE + PyZX,63,87,53,34,0.49488938469318206,0.017856300000858027
18,ibm_brisbane,VQE,6,QADE + PyZX,63,87,53,34,0.49488938469318206,0.018657599997823127
18,ibm_brisbane,VQE,6,QADE + PyZX,63,87,53,34,0.49488938469318206,0.018169300004956312
18,ibm_brisbane,VQE,6,QADE + PyZX,63,87,53,34,0.49488938469318206,0.02008889999706298
18,ibm_brisbane,VQE,6,QADE + PyZX,63,87,53,34,0.49488938469318206,0.0183102000009967
18,ibm_brisbane,VQE,6,QADE + Knowledge Graph,63,87,53,34,0.49488938469318206,0.004111300004296936
18,ibm_brisbane,VQE,6,QADE + Knowledge Graph,63,87,53,34,0.49488938469318206,0.0038229999991017394
18,ibm_brisbane,VQE,6,QADE + Knowledge Graph,63,87,53,34,0.49488938469318206,0.0036804999981541187
18,ibm_brisbane,VQE,6,QADE + Knowledge Graph,63,87,53,34,0.49488938469318206,0.003643199997895863
18,ibm_brisbane,VQE,6,QADE + Knowledge Graph,63,87,53,34,0.49488938469318206,0.0036835999999311753
18,ibm_brisbane,VQE,6,QADE + Knowledge Graph,63,87,53,34,0.49488938469318206,0.0036247999960323796
18,ibm_brisbane,VQE,6,QADE + Knowledge Graph,63,87,53,34,0.49488938469318206,0.0037507000015466474
18,ibm_brisbane,VQE,6,QADE + Knowledge Graph,63,87,53,34,0.49488938469318206,0.003711900004418567
18,ibm_brisbane,VQE,6,QADE + Knowledge Graph,63,87,53,34,0.49488938469318206,0.0036700999989989214
18,ibm_brisbane,VQE,6,QADE + Knowledge Graph,63,87,53,34,0.49488938469318206,0.0035930000012740493
18,ibm_brisbane,VQE,6,QADE + Knowledge Graph,63,87,53,34,0.49488938469318206,0.003567399995517917
18,ibm_brisbane,VQE,6,QADE + Knowledge Graph,63,87,53,34,0.49488938469318206,0.0036345999978948385
18,ibm_brisbane,VQE,6,QADE + Knowledge Graph,63,87,53,34,0.49488938469318206,0.0035831999994115904
18,ibm_brisbane,VQE,6,QADE + Knowledge Graph,63,87,53,34,0.49488938469318206,0.0036638000019593164
18,ibm_brisbane,VQE,6,QADE + Knowledge Graph,63,87,53,34,0.49488938469318206,0.0035340999966138043
18,ibm_brisbane,VQE,6,QADE + Knowledge Graph,63,87,53,34,0.49488938469318206,0.0036337999990792014
18,ibm_brisbane,VQE,6,QADE + Knowledge Graph,63,87,53,34,0.49488938469318206,0.0035943999973824248
18,ibm_brisbane,VQE,6,QADE + Knowledge Graph,63,87,53,34,0.49488938469318206,0.0035972999976365827
18,ibm_brisbane,VQE,6,QADE + Knowledge Graph,63,87,53,34,0.49488938469318206,0.0035243999955127947
18,ibm_brisbane,VQE,6,QADE + Knowledge Graph,63,87,53,34,0.49488938469318206,0.0036337999990792014
18,ibm_brisbane,VQE,6,QADE + Knowledge Graph,63,87,53,34,0.49488938469318206,0.003540000005159527
18,ibm_brisbane,VQE,6,QADE + Knowledge Graph,63,87,53,34,0.49488938469318206,0.0036295999962021597
18,ibm_brisbane,VQE,6,QADE + Knowledge Graph,63,87,53,34,0.49488938469318206,0.0035279000003356487
18,ibm_brisbane,VQE,6,QADE + Knowledge Graph,63,87,53,34,0.49488938469318206,0.0036266999959480017
18,ibm_brisbane,VQE,6,QADE + Knowledge Graph,63,87,53,34,0.49488938469318206,0.003893399996741209
18,ibm_brisbane,VQE,6,QADE + Knowledge Graph,63,87,53,34,0.49488938469318206,0.003812400005699601
18,ibm_brisbane,VQE,6,QADE + Knowledge Graph,63,87,53,34,0.49488938469318206,0.0037566000028164126
18,ibm_brisbane,VQE,6,QADE + Knowledge Graph,63,87,53,34,0.49488938469318206,0.0036554999969666824
18,ibm_brisbane,VQE,6,QADE + Knowledge Graph,63,87,53,34,0.49488938469318206,0.0036379000011947937
18,ibm_brisbane,VQE,6,QADE + Knowledge Graph,63,87,53,34,0.49488938469318206,0.0035711000018636696
18,ibm_brisbane,VQE,6,QADE + Evolution + PyZX,63,87,53,34,0.49488938469318206,0.057546199997887015
18,ibm_brisbane,VQE,6,QADE + Evolution + PyZX,63,87,53,34,0.49488938469318206,0.059014500002376735
18,ibm_brisbane,VQE,6,QADE + Evolution + PyZX,63,87,53,34,0.49488938469318206,0.05415530000027502
18,ibm_brisbane,VQE,6,QADE + Evolution + PyZX,63,87,53,34,0.49488938469318206,0.06106319999526022
18,ibm_brisbane,VQE,6,QADE + Evolution + PyZX,63,87,53,34,0.49488938469318206,0.04810710000310792
18,ibm_brisbane,VQE,6,QADE + Evolution + PyZX,63,87,53,34,0.49488938469318206,0.05466789999627508
18,ibm_brisbane,VQE,6,QADE + Evolution + PyZX,63,87,53,34,0.49488938469318206,0.05684370000381023
18,ibm_brisbane,VQE,6,QADE + Evolution + PyZX,63,87,53,34,0.49488938469318206,0.052568900006008334
18,ibm_brisbane,VQE,6,QADE + Evolution + PyZX,63,87,53,34,0.49488938469318206,0.07095880000269972
18,ibm_brisbane,VQE,6,QADE + Evolution + PyZX,63,87,53,34,0.49488938469318206,0.04981749999569729
18,ibm_brisbane,VQE,6,QADE + Evolution + PyZX,63,87,53,34,0.49488938469318206,0.046699500002432615
18,ibm_brisbane,VQE,6,QADE + Evolution + PyZX,63,87,53,34,0.49488938469318206,0.056663000003027264
18,ibm_brisbane,VQE,6,QADE + Evolution + PyZX,63,87,53,34,0.49488938469318206,0.06253210000431864
18,ibm_brisbane,VQE,6,QADE + Evolution + PyZX,63,87,53,34,0.49488938469318206,0.05498100000113482
18,ibm_brisbane,VQE,6,QADE + Evolution + PyZX,63,87,53,34,0.49488938469318206,0.04833179999695858
18,ibm_brisbane,VQE,6,QADE + Evolution + PyZX,63,87,53,34,0.49488938469318206,0.054515099996933714
18,ibm_brisbane,VQE,6,QADE + Evolution + PyZX,63,87,53,34,0.49488938469318206,0.05038799999601906
18,ibm_brisbane,VQE,6,QADE + Evolution + PyZX,63,87,53,34,0.49488938469318206,0.05966210000042338
18,ibm_brisbane,VQE,6,QADE + Evolution + PyZX,63,87,53,34,0.49488938469318206,0.062101900002744514
18,ibm_brisbane,VQE,6,QADE + Evolution + PyZX,63,87,53,34,0.49488938469318206,0.058755999998538755
18,ibm_brisbane,VQE,6,QADE + Evolution + PyZX,63,87,53,34,0.49488938469318206,0.06206539999402594
18,ibm_brisbane,VQE,6,QADE + Evolution + PyZX,63,87,53,34,0.49488938469318206,0.053120899996429216
18,ibm_brisbane,VQE,6,QADE + Evolution + PyZX,63,87,53,34,0.49488938469318206,0.05200350000086473
18,ibm_brisbane,VQE,6,QADE + Evolution + PyZX,63,87,53,34,0.49488938469318206,0.06126629999926081
18,ibm_brisbane,VQE,6,QADE + Evolution + PyZX,63,87,53,34,0.49488938469318206,0.06217279999691527
18,ibm_brisbane,VQE,6,QADE + Evolution + PyZX,63,87,53,34,0.49488938469318206,0.05486460000247462
18,ibm_brisbane,VQE,6,QADE + Evolution + PyZX,63,87,53,34,0.49488938469318206,0.05809629999566823
18,ibm_brisbane,VQE,6,QADE + Evolution + PyZX,63,87,53,34,0.49488938469318206,0.06326940000144532
18,ibm_brisbane,VQE,6,QADE + Evolution + PyZX,63,87,53,34,0.49488938469318206,0.05133400000340771
18,ibm_brisbane,VQE,6,QADE + Evolution + PyZX,63,87,53,34,0.49488938469318206,0.050183500003186055
19,ibm_brisbane,QAOA,6,Qiskit,31,76,10,0,0.8382319260686744,0.0075671999948099256
19,ibm_brisbane,QAOA,6,Qiskit,31,76,10,0,0.8382319260686744,0.006791200001316611
19,ibm_brisbane,QAOA,6,Qiskit,31,76,10,0,0.8382319260686744,0.006695600000966806
19,ibm_brisbane,QAOA,6,Qiskit,31,76,10,0,0.8382319260686744,0.006850900004792493
19,ibm_brisbane,QAOA,6,Qiskit,31,76,10,0,0.8382319260686744,0.007796900004905183
19,ibm_brisbane,QAOA,6,Qiskit,23,62,10,0,0.8500556587979482,0.006120100006228313
19,ibm_brisbane,QAOA,6,Qiskit,31,76,10,0,0.8382319260686744,0.006653999997070059
19,ibm_brisbane,QAOA,6,Qiskit,23,62,10,0,0.8500556587979482,0.00604639999801293
19,ibm_brisbane,QAOA,6,Qiskit,23,62,10,0,0.8500556587979482,0.0060387999983504415
19,ibm_brisbane,QAOA,6,Qiskit,31,76,10,0,0.8382319260686744,0.006758900002751034
19,ibm_brisbane,QAOA,6,Qiskit,23,62,10,0,0.8500556587979482,0.006168800005980302
19,ibm_brisbane,QAOA,6,Qiskit,23,62,10,0,0.8500556587979482,0.006056599995645229
19,ibm_brisbane,QAOA,6,Qiskit,23,62,10,0,0.8500556587979482,0.0059735999966505915
19,ibm_brisbane,QAOA,6,Qiskit,23,62,10,0,0.8500556587979482,0.005895299997064285
19,ibm_brisbane,QAOA,6,Qiskit,23,62,10,0,0.8500556587979482,0.006111099995905533
19,ibm_brisbane,QAOA,6,Qiskit,31,76,10,0,0.8382319260686744,0.006529599995701574
19,ibm_brisbane,QAOA,6,Qiskit,23,62,10,0,0.8500556587979482,0.006220000002940651
19,ibm_brisbane,QAOA,6,Qiskit,23,62,10,0,0.8500556587979482,0.006069900002330542
19,ibm_brisbane,QAOA,6,Qiskit,23,62,10,0,0.8500556587979482,0.006120599995483644
19,ibm_brisbane,QAOA,6,Qiskit,31,76,10,0,0.8382319260686744,0.006885499999043532
19,ibm_brisbane,QAOA,6,Qiskit,31,76,10,0,0.8382319260686744,0.006664500004262663
19,ibm_brisbane,QAOA,6,Qiskit,31,76,10,0,0.8382319260686744,0.006946800000150688
19,ibm_brisbane,QAOA,6,Qiskit,23,62,10,0,0.8500556587979482,0.006107699999120086
19,ibm_brisbane,QAOA,6,Qiskit,31,76,10,0,0.8382319260686744,0.006710399997245986
19,ibm_brisbane,QAOA,6,Qiskit,23,62,10,0,0.8500556587979482,0.006440800003474578
19,ibm_brisbane,QAOA,6,Qiskit,31,76,10,0,0.8382319260686744,0.00816849999682745
19,ibm_brisbane,QAOA,6,Qiskit,31,76,10,0,0.8382319260686744,0.007307499996386468
19,ibm_brisbane,QAOA,6,Qiskit,23,62,10,0,0.8500556587979482,0.006354599994665477
19,ibm_brisbane,QAOA,6,Qiskit,31,76,10,0,0.8382319260686744,0.006936400000995491
19,ibm_brisbane,QAOA,6,Qiskit,23,62,10,0,0.8500556587979482,0.006073999997170176
19,ibm_brisbane,QAOA,6,PyZX,39,67,38,20,0.6176612976504171,0.004306499999074731
19,ibm_brisbane,QAOA,6,PyZX,39,67,38,20,0.6176612976504171,0.004227500001434237
19,ibm_brisbane,QAOA,6,PyZX,39,67,38,20,0.6176612976504171,0.0040103999999701045
19,ibm_brisbane,QAOA,6,PyZX,39,67,38,20,0.6176612976504171,0.004057299993291963
19,ibm_brisbane,QAOA,6,PyZX,39,67,38,20,0.6176612976504171,0.004147300001932308
19,ibm_brisbane,QAOA,6,PyZX,39,67,38,20,0.6176612976504171,0.003944999996747356
19,ibm_brisbane,QAOA,6,PyZX,39,67,38,20,0.6176612976504171,0.004039100000227336
19,ibm_brisbane,QAOA,6,PyZX,39,67,38,20,0.6176612976504171,0.003914200002327561
19,ibm_brisbane,QAOA,6,PyZX,39,67,38,20,0.6176612976504171,0.004069800001161639
19,ibm_brisbane,QAOA,6,PyZX,39,67,38,20,0.6176612976504171,0.004034300000057556
19,ibm_brisbane,QAOA,6,PyZX,39,67,38,20,0.6176612976504171,0.003976300002250355
19,ibm_brisbane,QAOA,6,PyZX,39,67,38,20,0.6176612976504171,0.00408890000107931
19,ibm_brisbane,QAOA,6,PyZX,39,67,38,20,0.6176612976504171,0.004677700002503116
19,ibm_brisbane,QAOA,6,PyZX,39,67,38,20,0.6176612976504171,0.004476900001463946
19,ibm_brisbane,QAOA,6,PyZX,39,67,38,20,0.6176612976504171,0.0042930999989039265
19,ibm_brisbane,QAOA,6,PyZX,39,67,38,20,0.6176612976504171,0.004222000003210269
19,ibm_brisbane,QAOA,6,PyZX,39,67,38,20,0.6176612976504171,0.004191699998045806
19,ibm_brisbane,QAOA,6,PyZX,39,67,38,20,0.6176612976504171,0.0041449999989708886
19,ibm_brisbane,QAOA,6,PyZX,39,67,38,20,0.6176612976504171,0.004127599997445941
19,ibm_brisbane,QAOA,6,PyZX,39,67,38,20,0.6176612976504171,0.004074600001331419
19,ibm_brisbane,QAOA,6,PyZX,39,67,38,20,0.6176612976504171,0.004084400003193878
19,ibm_brisbane,QAOA,6,PyZX,39,67,38,20,0.6176612976504171,0.00412260000302922
19,ibm_brisbane,QAOA,6,PyZX,39,67,38,20,0.6176612976504171,0.0040282000045408495
19,ibm_brisbane,QAOA,6,PyZX,39,67,38,20,0.6176612976504171,0.0040866999988793395
19,ibm_brisbane,QAOA,6,PyZX,39,67,38,20,0.6176612976504171,0.004203900003631134
19,ibm_brisbane,QAOA,6,PyZX,39,67,38,20,0.6176612976504171,0.004019100000732578
19,ibm_brisbane,QAOA,6,PyZX,39,67,38,20,0.6176612976504171,0.004095600001164712
19,ibm_brisbane,QAOA,6,PyZX,39,67,38,20,0.6176612976504171,0.004045800000312738
19,ibm_brisbane,QAOA,6,PyZX,39,67,38,20,0.6176612976504171,0.004004599999461789
19,ibm_brisbane,QAOA,6,PyZX,39,67,38,20,0.6176612976504171,0.0040606999973533675
19,ibm_brisbane,QAOA,6,TKET,31,58,10,0,0.853464399020641,0.1951141999961692
19,ibm_brisbane,QAOA,6,TKET,31,58,10,0,0.853464399020641,0.19729260000167415
19,ibm_brisbane,QAOA,6,TKET,31,58,10,0,0.853464399020641,0.19257610000204295
19,ibm_brisbane,QAOA,6,TKET,31,58,10,0,0.853464399020641,0.19300680000014836
19,ibm_brisbane,QAOA,6,TKET,31,58,10,0,0.853464399020641,0.19154960000014398
19,ibm_brisbane,QAOA,6,TKET,31,58,10,0,0.853464399020641,0.19313859999965644
19,ibm_brisbane,QAOA,6,TKET,31,58,10,0,0.853464399020641,0.19253319999552332
19,ibm_brisbane,QAOA,6,TKET,31,58,10,0,0.853464399020641,0.19295229999988806
19,ibm_brisbane,QAOA,6,TKET,31,58,10,0,0.853464399020641,0.1940420000028098
19,ibm_brisbane,QAOA,6,TKET,31,58,10,0,0.853464399020641,0.19153370000276482
19,ibm_brisbane,QAOA,6,TKET,31,58,10,0,0.853464399020641,0.2045027000058326
19,ibm_brisbane,QAOA,6,TKET,31,58,10,0,0.853464399020641,0.2089311000017915
19,ibm_brisbane,QAOA,6,TKET,31,58,10,0,0.853464399020641,0.19302250000328058
19,ibm_brisbane,QAOA,6,TKET,31,58,10,0,0.853464399020641,0.1924869999929797
19,ibm_brisbane,QAOA,6,TKET,31,58,10,0,0.853464399020641,0.1945895000026212
19,ibm_brisbane,QAOA,6,TKET,31,58,10,0,0.853464399020641,0.19351450000249315
19,ibm_brisbane,QAOA,6,TKET,31,58,10,0,0.853464399020641,0.19538539999484783
19,ibm_brisbane,QAOA,6,TKET,31,58,10,0,0.853464399020641,0.1933567000014591
19,ibm_brisbane,QAOA,6,TKET,31,58,10,0,0.853464399020641,0.19465089999721386
19,ibm_brisbane,QAOA,6,TKET,31,58,10,0,0.853464399020641,0.19143669999903068
19,ibm_brisbane,QAOA,6,TKET,31,58,10,0,0.853464399020641,0.19295750000310363
19,ibm_brisbane,QAOA,6,TKET,31,58,10,0,0.853464399020641,0.1938224999976228
19,ibm_brisbane,QAOA,6,TKET,31,58,10,0,0.853464399020641,0.19059799999376992
19,ibm_brisbane,QAOA,6,TKET,31,58,10,0,0.853464399020641,0.1934973000024911
19,ibm_brisbane,QAOA,6,TKET,31,58,10,0,0.853464399020641,0.18930900000123074
19,ibm_brisbane,QAOA,6,TKET,31,58,10,0,0.853464399020641,0.19243730000016512
19,ibm_brisbane,QAOA,6,TKET,31,58,10,0,0.853464399020641,0.1986453999998048
19,ibm_brisbane,QAOA,6,TKET,31,58,10,0,0.853464399020641,0.19497879999835277
19,ibm_brisbane,QAOA,6,TKET,31,58,10,0,0.853464399020641,0.1947516000000178
19,ibm_brisbane,QAOA,6,TKET,31,58,10,0,0.853464399020641,0.19185470000229543
19,ibm_brisbane,QAOA,6,BQSKit,17,27,10,0,0.8803498100929541,0.07010849999642232
19,ibm_brisbane,QAOA,6,BQSKit,17,27,10,0,0.8803498100929541,0.06949229999736417
19,ibm_brisbane,QAOA,6,BQSKit,17,27,10,0,0.8803498100929541,0.0696892999985721
19,ibm_brisbane,QAOA,6,BQSKit,17,27,10,0,0.8803498100929541,0.06962880000355653
19,ibm_brisbane,QAOA,6,BQSKit,17,27,10,0,0.8803498100929541,0.07007069999963278
19,ibm_brisbane,QAOA,6,BQSKit,17,27,10,0,0.8803498100929541,0.06906380000145873
19,ibm_brisbane,QAOA,6,BQSKit,17,27,10,0,0.8803498100929541,0.06889870000304654
19,ibm_brisbane,QAOA,6,BQSKit,17,27,10,0,0.8803498100929541,0.06881490000523627
19,ibm_brisbane,QAOA,6,BQSKit,17,27,10,0,0.8803498100929541,0.06922199999826262
19,ibm_brisbane,QAOA,6,BQSKit,17,27,10,0,0.8803498100929541,0.06903130000137025
19,ibm_brisbane,QAOA,6,BQSKit,17,27,10,0,0.8803498100929541,0.06933769999886863
19,ibm_brisbane,QAOA,6,BQSKit,17,27,10,0,0.8803498100929541,0.0694045999989612
19,ibm_brisbane,QAOA,6,BQSKit,17,27,10,0,0.8803498100929541,0.06977010000264272
19,ibm_brisbane,QAOA,6,BQSKit,17,27,10,0,0.8803498100929541,0.06940300000132993
19,ibm_brisbane,QAOA,6,BQSKit,17,27,10,0,0.8803498100929541,0.06945360000099754
19,ibm_brisbane,QAOA,6,BQSKit,17,27,10,0,0.8803498100929541,0.06958819999999832
19,ibm_brisbane,QAOA,6,BQSKit,17,27,10,0,0.8803498100929541,0.06992739999986952
19,ibm_brisbane,QAOA,6,BQSKit,17,27,10,0,0.8803498100929541,0.06936449999921024
19,ibm_brisbane,QAOA,6,BQSKit,17,27,10,0,0.8803498100929541,0.06974080000509275
19,ibm_brisbane,QAOA,6,BQSKit,17,27,10,0,0.8803498100929541,0.06934119999641553
19,ibm_brisbane,QAOA,6,BQSKit,17,27,10,0,0.8803498100929541,0.06876290000218432
19,ibm_brisbane,QAOA,6,BQSKit,17,27,10,0,0.8803498100929541,0.0692161999977543
19,ibm_brisbane,QAOA,6,BQSKit,17,27,10,0,0.8803498100929541,0.06875160000345204
19,ibm_brisbane,QAOA,6,BQSKit,17,27,10,0,0.8803498100929541,0.06880290000117384
19,ibm_brisbane,QAOA,6,BQSKit,17,27,10,0,0.8803498100929541,0.06893529999797465
19,ibm_brisbane,QAOA,6,BQSKit,17,27,10,0,0.8803498100929541,0.06940220000251429
19,ibm_brisbane,QAOA,6,BQSKit,17,27,10,0,0.8803498100929541,0.07116519999544835
19,ibm_brisbane,QAOA,6,BQSKit,17,27,10,0,0.8803498100929541,0.06880010000168113
19,ibm_brisbane,QAOA,6,BQSKit,17,27,10,0,0.8803498100929541,0.06944889999431325
19,ibm_brisbane,QAOA,6,BQSKit,17,27,10,0,0.8803498100929541,0.06911099999706494
19,ibm_brisbane,QAOA,6,Cirq-native,17,27,10,0,0.8803498100929541,0.0019114000024273992
19,ibm_brisbane,QAOA,6,Cirq-native,17,27,10,0,0.8803498100929541,0.0015296999990823679
19,ibm_brisbane,QAOA,6,Cirq-native,17,27,10,0,0.8803498100929541,0.001659100002143532
19,ibm_brisbane,QAOA,6,Cirq-native,17,27,10,0,0.8803498100929541,0.0017847999988589436
19,ibm_brisbane,QAOA,6,Cirq-native,17,27,10,0,0.8803498100929541,0.001555899994855281
19,ibm_brisbane,QAOA,6,Cirq-native,17,27,10,0,0.8803498100929541,0.001455300000088755
19,ibm_brisbane,QAOA,6,Cirq-native,17,27,10,0,0.8803498100929541,0.001542000005429145
19,ibm_brisbane,QAOA,6,Cirq-native,17,27,10,0,0.8803498100929541,0.0015297999998438172
19,ibm_brisbane,QAOA,6,Cirq-native,17,27,10,0,0.8803498100929541,0.0014833999957772903
19,ibm_brisbane,QAOA,6,Cirq-native,17,27,10,0,0.8803498100929541,0.0014747999957762659
19,ibm_brisbane,QAOA,6,Cirq-native,17,27,10,0,0.8803498100929541,0.0014857999995001592
19,ibm_brisbane,QAOA,6,Cirq-native,17,27,10,0,0.8803498100929541,0.0015559999956167303
19,ibm_brisbane,QAOA,6,Cirq-native,17,27,10,0,0.8803498100929541,0.0014943999995011836
19,ibm_brisbane,QAOA,6,Cirq-native,17,27,10,0,0.8803498100929541,0.0014229000007617287
19,ibm_brisbane,QAOA,6,Cirq-native,17,27,10,0,0.8803498100929541,0.0014150000060908496
19,ibm_brisbane,QAOA,6,Cirq-native,17,27,10,0,0.8803498100929541,0.0015696000045863912
19,ibm_brisbane,QAOA,6,Cirq-native,17,27,10,0,0.8803498100929541,0.001497599994763732
19,ibm_brisbane,QAOA,6,Cirq-native,17,27,10,0,0.8803498100929541,0.0014522999990731478
19,ibm_brisbane,QAOA,6,Cirq-native,17,27,10,0,0.8803498100929541,0.001433600002201274
19,ibm_brisbane,QAOA,6,Cirq-native,17,27,10,0,0.8803498100929541,0.0014284000062616542
19,ibm_brisbane,QAOA,6,Cirq-native,17,27,10,0,0.8803498100929541,0.0014815000031376258
19,ibm_brisbane,QAOA,6,Cirq-native,17,27,10,0,0.8803498100929541,0.0014175000032992102
19,ibm_brisbane,QAOA,6,Cirq-native,17,27,10,0,0.8803498100929541,0.0013833999983035028
19,ibm_brisbane,QAOA,6,Cirq-native,17,27,10,0,0.8803498100929541,0.0014157000041450374
19,ibm_brisbane,QAOA,6,Cirq-native,17,27,10,0,0.8803498100929541,0.0014870000013615936
19,ibm_brisbane,QAOA,6,Cirq-native,17,27,10,0,0.8803498100929541,0.0014613000021199696
19,ibm_brisbane,QAOA,6,Cirq-native,17,27,10,0,0.8803498100929541,0.0014224999977159314
19,ibm_brisbane,QAOA,6,Cirq-native,17,27,10,0,0.8803498100929541,0.0013948000050731935
19,ibm_brisbane,QAOA,6,Cirq-native,17,27,10,0,0.8803498100929541,0.0013725000026170164
19,ibm_brisbane,QAOA,6,Cirq-native,17,27,10,0,0.8803498100929541,0.0014729000031366013
19,ibm_brisbane,QAOA,6,QADE,16,24,10,0,0.8829961504388154,0.02473170000303071
19,ibm_brisbane,QAOA,6,QADE,16,24,10,0,0.8829961504388154,0.01906069999677129
19,ibm_brisbane,QAOA,6,QADE,16,24,10,0,0.8829961504388154,0.024654000000737142
19,ibm_brisbane,QAOA,6,QADE,16,24,10,0,0.8829961504388154,0.024817800003802404
19,ibm_brisbane,QAOA,6,QADE,16,24,10,0,0.8829961504388154,0.02386790000309702
19,ibm_brisbane,QAOA,6,QADE,16,24,10,0,0.8829961504388154,0.02592709999589715
19,ibm_brisbane,QAOA,6,QADE,16,24,10,0,0.8829961504388154,0.019715299997187685
19,ibm_brisbane,QAOA,6,QADE,16,24,10,0,0.8829961504388154,0.017467999998189043
19,ibm_brisbane,QAOA,6,QADE,16,24,10,0,0.8829961504388154,0.016698100000212435
19,ibm_brisbane,QAOA,6,QADE,16,24,10,0,0.8829961504388154,0.0203962000014144
19,ibm_brisbane,QAOA,6,QADE,16,24,10,0,0.8829961504388154,0.024661199997353833
19,ibm_brisbane,QAOA,6,QADE,16,24,10,0,0.8829961504388154,0.02243149999412708
19,ibm_brisbane,QAOA,6,QADE,16,24,10,0,0.8829961504388154,0.01532749999751104
19,ibm_brisbane,QAOA,6,QADE,16,24,10,0,0.8829961504388154,0.02617679999821121
19,ibm_brisbane,QAOA,6,QADE,16,24,10,0,0.8829961504388154,0.027591199999733362
19,ibm_brisbane,QAOA,6,QADE,16,24,10,0,0.8829961504388154,0.02126779999525752
19,ibm_brisbane,QAOA,6,QADE,16,24,10,0,0.8829961504388154,0.027282700000796467
19,ibm_brisbane,QAOA,6,QADE,16,24,10,0,0.8829961504388154,0.023252300001331605
19,ibm_brisbane,QAOA,6,QADE,16,24,10,0,0.8829961504388154,0.028930499996931758
19,ibm_brisbane,QAOA,6,QADE,16,24,10,0,0.8829961504388154,0.02349139999569161
19,ibm_brisbane,QAOA,6,QADE,16,24,10,0,0.8829961504388154,0.016801600002509076
19,ibm_brisbane,QAOA,6,QADE,16,24,10,0,0.8829961504388154,0.024294700000609737
19,ibm_brisbane,QAOA,6,QADE,16,24,10,0,0.8829961504388154,0.028604700004507322
19,ibm_brisbane,QAOA,6,QADE,16,24,10,0,0.8829961504388154,0.020695500003057532
19,ibm_brisbane,QAOA,6,QADE,16,24,10,0,0.8829961504388154,0.025304399998276494
19,ibm_brisbane,QAOA,6,QADE,16,24,10,0,0.8829961504388154,0.025827000004937872
19,ibm_brisbane,QAOA,6,QADE,16,24,10,0,0.8829961504388154,0.027301900001475587
19,ibm_brisbane,QAOA,6,QADE,16,24,10,0,0.8829961504388154,0.023612400000274647
19,ibm_brisbane,QAOA,6,QADE,16,24,10,0,0.8829961504388154,0.023426899999321904
19,ibm_brisbane,QAOA,6,QADE,16,24,10,0,0.8829961504388154,0.021573399993940257
19,ibm_brisbane,QAOA,6,QADE + PyZX,39,62,38,20,0.6207588907195937,0.02854069999739295
19,ibm_brisbane,QAOA,6,QADE + PyZX,39,62,38,20,0.6207588907195937,0.02498100000229897
19,ibm_brisbane,QAOA,6,QADE + PyZX,39,62,38,20,0.6207588907195937,0.03208399999857647
19,ibm_brisbane,QAOA,6,QADE + PyZX,39,62,38,20,0.6207588907195937,0.03283289999671979
19,ibm_brisbane,QAOA,6,QADE + PyZX,39,62,38,20,0.6207588907195937,0.02381749999767635
19,ibm_brisbane,QAOA,6,QADE + PyZX,39,62,38,20,0.6207588907195937,0.027836500004923437
19,ibm_brisbane,QAOA,6,QADE + PyZX,39,62,38,20,0.6207588907195937,0.023577100000693463
19,ibm_brisbane,QAOA,6,QADE + PyZX,39,62,38,20,0.6207588907195937,0.033293599997705314
19,ibm_brisbane,QAOA,6,QADE + PyZX,39,62,38,20,0.6207588907195937,0.032380299999204
19,ibm_brisbane,QAOA,6,QADE + PyZX,39,62,38,20,0.6207588907195937,0.028171999998448882
19,ibm_brisbane,QAOA,6,QADE + PyZX,39,62,38,20,0.6207588907195937,0.030022899998584762
19,ibm_brisbane,QAOA,6,QADE + PyZX,39,62,38,20,0.6207588907195937,0.022003000005497597
19,ibm_brisbane,QAOA,6,QADE + PyZX,39,62,38,20,0.6207588907195937,0.02865110000129789
19,ibm_brisbane,QAOA,6,QADE + PyZX,39,62,38,20,0.6207588907195937,0.02285229999688454
19,ibm_brisbane,QAOA,6,QADE + PyZX,39,62,38,20,0.6207588907195937,0.03235500000300817
19,ibm_brisbane,QAOA,6,QADE + PyZX,39,62,38,20,0.6207588907195937,0.023685000000114087
19,ibm_brisbane,QAOA,6,QADE + PyZX,39,62,38,20,0.6207588907195937,0.029479799995897338
19,ibm_brisbane,QAOA,6,QADE + PyZX,39,62,38,20,0.6207588907195937,0.03283019999798853
19,ibm_brisbane,QAOA,6,QADE + PyZX,39,62,38,20,0.6207588907195937,0.029716600001847837
19,ibm_brisbane,QAOA,6,QADE + PyZX,39,62,38,20,0.6207588907195937,0.028411000006599352
19,ibm_brisbane,QAOA,6,QADE + PyZX,39,62,38,20,0.6207588907195937,0.032006100002035964
19,ibm_brisbane,QAOA,6,QADE + PyZX,39,62,38,20,0.6207588907195937,0.022716399995260872
19,ibm_brisbane,QAOA,6,QADE + PyZX,39,62,38,20,0.6207588907195937,0.029085000001941808
19,ibm_brisbane,QAOA,6,QADE + PyZX,39,62,38,20,0.6207588907195937,0.02881869999691844
19,ibm_brisbane,QAOA,6,QADE + PyZX,39,62,38,20,0.6207588907195937,0.03087519999826327
19,ibm_brisbane,QAOA,6,QADE + PyZX,39,62,38,20,0.6207588907195937,0.028431700004148297
19,ibm_brisbane,QAOA,6,QADE + PyZX,39,62,38,20,0.6207588907195937,0.030439199996180832
19,ibm_brisbane,QAOA,6,QADE + PyZX,39,62,38,20,0.6207588907195937,0.032267700000375044
19,ibm_brisbane,QAOA,6,QADE + PyZX,39,62,38,20,0.6207588907195937,0.02698650000093039
19,ibm_brisbane,QAOA,6,QADE + PyZX,39,62,38,20,0.6207588907195937,0.03211870000086492
19,ibm_brisbane,QAOA,6,QADE + Knowledge Graph,39,67,38,20,0.6176612976504171,0.004696399999374989
19,ibm_brisbane,QAOA,6,QADE + Knowledge Graph,39,67,38,20,0.6176612976504171,0.00442069999553496
19,ibm_brisbane,QAOA,6,QADE + Knowledge Graph,39,67,38,20,0.6176612976504171,0.0041698999993968755
19,ibm_brisbane,QAOA,6,QADE + Knowledge Graph,39,67,38,20,0.6176612976504171,0.004209100006846711
19,ibm_brisbane,QAOA,6,QADE + Knowledge Graph,39,67,38,20,0.6176612976504171,0.004147999999986496
19,ibm_brisbane,QAOA,6,QADE + Knowledge Graph,39,67,38,20,0.6176612976504171,0.004217999994580168
19,ibm_brisbane,QAOA,6,QADE + Knowledge Graph,39,67,38,20,0.6176612976504171,0.004106799999135546
19,ibm_brisbane,QAOA,6,QADE + Knowledge Graph,39,67,38,20,0.6176612976504171,0.004114300005312543
19,ibm_brisbane,QAOA,6,QADE + Knowledge Graph,39,67,38,20,0.6176612976504171,0.0041409999976167455
19,ibm_brisbane,QAOA,6,QADE + Knowledge Graph,39,67,38,20,0.6176612976504171,0.004128100001253188
19,ibm_brisbane,QAOA,6,QADE + Knowledge Graph,39,67,38,20,0.6176612976504171,0.004300200002035126
19,ibm_brisbane,QAOA,6,QADE + Knowledge Graph,39,67,38,20,0.6176612976504171,0.004149799999140669
19,ibm_brisbane,QAOA,6,QADE + Knowledge Graph,39,67,38,20,0.6176612976504171,0.004048700000566896
19,ibm_brisbane,QAOA,6,QADE + Knowledge Graph,39,67,38,20,0.6176612976504171,0.00411069999972824
19,ibm_brisbane,QAOA,6,QADE + Knowledge Graph,39,67,38,20,0.6176612976504171,0.004448600004252512
19,ibm_brisbane,QAOA,6,QADE + Knowledge Graph,39,67,38,20,0.6176612976504171,0.004367200002889149
19,ibm_brisbane,QAOA,6,QADE + Knowledge Graph,39,67,38,20,0.6176612976504171,0.004206700003123842
19,ibm_brisbane,QAOA,6,QADE + Knowledge Graph,39,67,38,20,0.6176612976504171,0.004240999995090533
19,ibm_brisbane,QAOA,6,QADE + Knowledge Graph,39,67,38,20,0.6176612976504171,0.004202099997201003
19,ibm_brisbane,QAOA,6,QADE + Knowledge Graph,39,67,38,20,0.6176612976504171,0.004213799998979084
19,ibm_brisbane,QAOA,6,QADE + Knowledge Graph,39,67,38,20,0.6176612976504171,0.004161699995165691
19,ibm_brisbane,QAOA,6,QADE + Knowledge Graph,39,67,38,20,0.6176612976504171,0.00427329999365611
19,ibm_brisbane,QAOA,6,QADE + Knowledge Graph,39,67,38,20,0.6176612976504171,0.004283599999325816
19,ibm_brisbane,QAOA,6,QADE + Knowledge Graph,39,67,38,20,0.6176612976504171,0.004210300001432188
19,ibm_brisbane,QAOA,6,QADE + Knowledge Graph,39,67,38,20,0.6176612976504171,0.004125500003283378
19,ibm_brisbane,QAOA,6,QADE + Knowledge Graph,39,67,38,20,0.6176612976504171,0.004077400000824127
19,ibm_brisbane,QAOA,6,QADE + Knowledge Graph,39,67,38,20,0.6176612976504171,0.004245600001013372
19,ibm_brisbane,QAOA,6,QADE + Knowledge Graph,39,67,38,20,0.6176612976504171,0.004166099999565631
19,ibm_brisbane,QAOA,6,QADE + Knowledge Graph,39,67,38,20,0.6176612976504171,0.004220099996018689
19,ibm_brisbane,QAOA,6,QADE + Knowledge Graph,39,67,38,20,0.6176612976504171,0.004169699997873977
19,ibm_brisbane,QAOA,6,QADE + Evolution + PyZX,39,67,38,20,0.6176612976504171,0.19570370000292314
19,ibm_brisbane,QAOA,6,QADE + Evolution + PyZX,39,66,38,20,0.6182795772276448,0.08297409999795491
19,ibm_brisbane,QAOA,6,QADE + Evolution + PyZX,39,66,38,20,0.6182795772276448,0.08492419999674894
19,ibm_brisbane,QAOA,6,QADE + Evolution + PyZX,39,67,38,20,0.6176612976504171,0.06588059999921825
19,ibm_brisbane,QAOA,6,QADE + Evolution + PyZX,39,67,38,20,0.6176612976504171,0.07826859999477165
19,ibm_brisbane,QAOA,6,QADE + Evolution + PyZX,39,62,33,18,0.6462620981914748,0.08874700000160374
19,ibm_brisbane,QAOA,6,QADE + Evolution + PyZX,94,121,92,60,0.31457393854799864,0.07959210000262829
19,ibm_brisbane,QAOA,6,QADE + Evolution + PyZX,39,66,37,20,0.6207651232667508,0.08811979999882169
19,ibm_brisbane,QAOA,6,QADE + Evolution + PyZX,117,138,109,80,0.23603592464209183,0.08771510000224225
19,ibm_brisbane,QAOA,6,QADE + Evolution + PyZX,112,134,105,74,0.2558626455612707,0.0833137000008719
19,ibm_brisbane,QAOA,6,QADE + Evolution + PyZX,39,63,34,18,0.6430307877005175,0.0933353000000352
19,ibm_brisbane,QAOA,6,QADE + Evolution + PyZX,39,67,38,20,0.6176612976504171,0.09087360000557965
19,ibm_brisbane,QAOA,6,QADE + Evolution + PyZX,103,120,94,68,0.28812280534341145,0.09195229999750154
19,ibm_brisbane,QAOA,6,QADE + Evolution + PyZX,112,131,105,74,0.25663177123629766,0.09175220000179252
19,ibm_brisbane,QAOA,6,QADE + Evolution + PyZX,84,116,85,56,0.3385630450374592,0.09246399999392452
19,ibm_brisbane,QAOA,6,QADE + Evolution + PyZX,39,67,38,20,0.6176612976504171,0.08256180000171298
19,ibm_brisbane,QAOA,6,QADE + Evolution + PyZX,62,86,57,34,0.4874982041830544,0.09329779999825405
19,ibm_brisbane,QAOA,6,QADE + Evolution + PyZX,39,66,37,20,0.6207651232667508,0.1069744000051287
19,ibm_brisbane,QAOA,6,QADE + Evolution + PyZX,86,113,84,54,0.3479038184253685,0.08091859999694861
19,ibm_brisbane,QAOA,6,QADE + Evolution + PyZX,112,134,105,74,0.2558626455612707,0.0964592999953311
19,ibm_brisbane,QAOA,6,QADE + Evolution + PyZX,117,138,109,80,0.23603592464209183,0.10619459999725223
19,ibm_brisbane,QAOA,6,QADE + Evolution + PyZX,39,67,38,20,0.6176612976504171,0.07552060000307392
19,ibm_brisbane,QAOA,6,QADE + Evolution + PyZX,117,137,109,80,0.2362721968389308,0.08562510000047041
19,ibm_brisbane,QAOA,6,QADE + Evolution + PyZX,112,134,105,74,0.2558626455612707,0.08514799999829847
19,ibm_brisbane,QAOA,6,QADE + Evolution + PyZX,62,86,57,34,0.4874982041830544,0.08506779999879654
19,ibm_brisbane,QAOA,6,QADE + Evolution + PyZX,117,138,109,80,0.23603592464209183,0.09410120000393363
19,ibm_brisbane,QAOA,6,QADE + Evolution + PyZX,39,66,37,20,0.6207651232667508,0.09509390000312123
19,ibm_brisbane,QAOA,6,QADE + Evolution + PyZX,39,66,38,20,0.6182795772276448,0.09352360000048066
19,ibm_brisbane,QAOA,6,QADE + Evolution + PyZX,118,136,110,80,0.23556172374049336,0.08816840000508819
19,ibm_brisbane,QAOA,6,QADE + Evolution + PyZX,118,136,110,80,0.23556172374049336,0.09936960000050021
20,ibm_brisbane,QV,6,Qiskit,11,55,3,0,0.8804116842109132,0.0074247000011382625
20,ibm_brisbane,QV,6,Qiskit,11,55,3,0,0.8804116842109132,0.006580599998414982
20,ibm_brisbane,QV,6,Qiskit,11,55,3,0,0.8804116842109132,0.006433000002289191
20,ibm_brisbane,QV,6,Qiskit,11,55,3,0,0.8804116842109132,0.0065914999941014685
20,ibm_brisbane,QV,6,Qiskit,11,55,3,0,0.8804116842109132,0.006871199999295641
20,ibm_brisbane,QV,6,Qiskit,11,55,3,0,0.8804116842109132,0.006650199997238815
20,ibm_brisbane,QV,6,Qiskit,11,55,3,0,0.8804116842109132,0.006724200000462588
20,ibm_brisbane,QV,6,Qiskit,11,55,3,0,0.8804116842109132,0.00667280000197934
20,ibm_brisbane,QV,6,Qiskit,11,55,3,0,0.8804116842109132,0.006613300000026356
20,ibm_brisbane,QV,6,Qiskit,11,55,3,0,0.8804116842109132,0.006727599997248035
20,ibm_brisbane,QV,6,Qiskit,11,55,3,0,0.8804116842109132,0.006642799999099225
20,ibm_brisbane,QV,6,Qiskit,11,55,3,0,0.8804116842109132,0.007102800002030563
20,ibm_brisbane,QV,6,Qiskit,11,55,3,0,0.8804116842109132,0.006652800002484582
20,ibm_brisbane,QV,6,Qiskit,11,55,3,0,0.8804116842109132,0.0065198000011150725
20,ibm_brisbane,QV,6,Qiskit,11,55,3,0,0.8804116842109132,0.006408999994164333
20,ibm_brisbane,QV,6,Qiskit,11,53,3,0,0.8821751523404417,0.006463300000177696
20,ibm_brisbane,QV,6,Qiskit,11,55,3,0,0.8804116842109132,0.007075000001350418
20,ibm_brisbane,QV,6,Qiskit,11,55,3,0,0.8804116842109132,0.006412100003217347
20,ibm_brisbane,QV,6,Qiskit,11,55,3,0,0.8804116842109132,0.006491400003142189
20,ibm_brisbane,QV,6,Qiskit,11,55,3,0,0.8804116842109132,0.006658899998001289
20,ibm_brisbane,QV,6,Qiskit,11,55,3,0,0.8804116842109132,0.006735099996149074
20,ibm_brisbane,QV,6,Qiskit,11,53,3,0,0.8821751523404417,0.006927900001755916
20,ibm_brisbane,QV,6,Qiskit,11,55,3,0,0.8804116842109132,0.006948899994313251
20,ibm_brisbane,QV,6,Qiskit,11,55,3,0,0.8804116842109132,0.006808099999034312
20,ibm_brisbane,QV,6,Qiskit,11,55,3,0,0.8804116842109132,0.006874300001072697
20,ibm_brisbane,QV,6,Qiskit,11,55,3,0,0.8804116842109132,0.006804700002248865
20,ibm_brisbane,QV,6,Qiskit,11,55,3,0,0.8804116842109132,0.006841099995654076
20,ibm_brisbane,QV,6,Qiskit,11,55,3,0,0.8804116842109132,0.006642500004090834
20,ibm_brisbane,QV,6,Qiskit,11,55,3,0,0.8804116842109132,0.006572599995706696
20,ibm_brisbane,QV,6,Qiskit,11,55,3,0,0.8804116842109132,0.006733099995472003
20,ibm_brisbane,QV,6,PyZX,10,42,6,0,0.8812664326319397,0.003559299999324139
20,ibm_brisbane,QV,6,PyZX,10,42,6,0,0.8812664326319397,0.003122599999187514
20,ibm_brisbane,QV,6,PyZX,10,42,6,0,0.8812664326319397,0.0030178999950294383
20,ibm_brisbane,QV,6,PyZX,10,42,6,0,0.8812664326319397,0.0030666999955428764
20,ibm_brisbane,QV,6,PyZX,10,42,6,0,0.8812664326319397,0.003026099999260623
20,ibm_brisbane,QV,6,PyZX,10,42,6,0,0.8812664326319397,0.0030468999975710176
20,ibm_brisbane,QV,6,PyZX,10,42,6,0,0.8812664326319397,0.0029119999962858856
20,ibm_brisbane,QV,6,PyZX,10,42,6,0,0.8812664326319397,0.0030226999951992184
20,ibm_brisbane,QV,6,PyZX,10,42,6,0,0.8812664326319397,0.0030094999965513125
20,ibm_brisbane,QV,6,PyZX,10,42,6,0,0.8812664326319397,0.003012900000612717
20,ibm_brisbane,QV,6,PyZX,10,42,6,0,0.8812664326319397,0.002988500003993977
20,ibm_brisbane,QV,6,PyZX,10,42,6,0,0.8812664326319397,0.002948200002720114
20,ibm_brisbane,QV,6,PyZX,10,42,6,0,0.8812664326319397,0.0029859999995096587
20,ibm_brisbane,QV,6,PyZX,10,42,6,0,0.8812664326319397,0.0029765999934170395
20,ibm_brisbane,QV,6,PyZX,10,42,6,0,0.8812664326319397,0.0030941000004531816
20,ibm_brisbane,QV,6,PyZX,10,42,6,0,0.8812664326319397,0.0029424999956972897
20,ibm_brisbane,QV,6,PyZX,10,42,6,0,0.8812664326319397,0.0030515000034938566
20,ibm_brisbane,QV,6,PyZX,10,42,6,0,0.8812664326319397,0.002940799997304566
20,ibm_brisbane,QV,6,PyZX,10,42,6,0,0.8812664326319397,0.002982700003485661
20,ibm_brisbane,QV,6,PyZX,10,42,6,0,0.8812664326319397,0.0030351999957929365
20,ibm_brisbane,QV,6,PyZX,10,42,6,0,0.8812664326319397,0.002971800000523217
20,ibm_brisbane,QV,6,PyZX,10,42,6,0,0.8812664326319397,0.00300470000365749
20,ibm_brisbane,QV,6,PyZX,10,42,6,0,0.8812664326319397,0.0029170999987400137
20,ibm_brisbane,QV,6,PyZX,10,42,6,0,0.8812664326319397,0.0029833000007783994
20,ibm_brisbane,QV,6,PyZX,10,42,6,0,0.8812664326319397,0.0029738000012002885
20,ibm_brisbane,QV,6,PyZX,10,42,6,0,0.8812664326319397,0.003101599999354221
20,ibm_brisbane,QV,6,PyZX,10,42,6,0,0.8812664326319397,0.003035900001123082
20,ibm_brisbane,QV,6,PyZX,10,42,6,0,0.8812664326319397,0.003049899998586625
20,ibm_brisbane,QV,6,PyZX,10,42,6,0,0.8812664326319397,0.0029612000071210787
20,ibm_brisbane,QV,6,PyZX,10,42,6,0,0.8812664326319397,0.0029613000006065704
20,ibm_brisbane,QV,6,TKET,7,39,3,0,0.8946187289894483,0.06140900000173133
20,ibm_brisbane,QV,6,TKET,7,39,3,0,0.8946187289894483,0.06117180000001099
20,ibm_brisbane,QV,6,TKET,7,39,3,0,0.8946187289894483,0.06128970000281697
20,ibm_brisbane,QV,6,TKET,7,39,3,0,0.8946187289894483,0.061683400002948474
20,ibm_brisbane,QV,6,TKET,7,39,3,0,0.8946187289894483,0.060776099999202415
20,ibm_brisbane,QV,6,TKET,7,39,3,0,0.8946187289894483,0.06046770000102697
20,ibm_brisbane,QV,6,TKET,7,39,3,0,0.8946187289894483,0.05880020000040531
20,ibm_brisbane,QV,6,TKET,7,39,3,0,0.8946187289894483,0.058796999997866806
20,ibm_brisbane,QV,6,TKET,7,39,3,0,0.8946187289894483,0.06064860000333283
20,ibm_brisbane,QV,6,TKET,7,39,3,0,0.8946187289894483,0.059007600000768434
20,ibm_brisbane,QV,6,TKET,7,39,3,0,0.8946187289894483,0.058944699994754046
20,ibm_brisbane,QV,6,TKET,7,39,3,0,0.8946187289894483,0.05872700000327313
20,ibm_brisbane,QV,6,TKET,7,39,3,0,0.8946187289894483,0.06088399999862304
20,ibm_brisbane,QV,6,TKET,7,39,3,0,0.8946187289894483,0.059859499997401144
20,ibm_brisbane,QV,6,TKET,7,39,3,0,0.8946187289894483,0.0602422999945702
20,ibm_brisbane,QV,6,TKET,7,39,3,0,0.8946187289894483,0.06014819999836618
20,ibm_brisbane,QV,6,TKET,7,39,3,0,0.8946187289894483,0.06019869999727234
20,ibm_brisbane,QV,6,TKET,7,39,3,0,0.8946187289894483,0.05964449999737553
20,ibm_brisbane,QV,6,TKET,7,39,3,0,0.8946187289894483,0.0591705999977421
20,ibm_brisbane,QV,6,TKET,7,39,3,0,0.8946187289894483,0.05884140000125626
20,ibm_brisbane,QV,6,TKET,7,39,3,0,0.8946187289894483,0.059544700001424644
20,ibm_brisbane,QV,6,TKET,7,39,3,0,0.8946187289894483,0.059578100001090206
20,ibm_brisbane,QV,6,TKET,7,39,3,0,0.8946187289894483,0.05985489999875426
20,ibm_brisbane,QV,6,TKET,7,39,3,0,0.8946187289894483,0.059534899999562185
20,ibm_brisbane,QV,6,TKET,7,39,3,0,0.8946187289894483,0.06064409999817144
20,ibm_brisbane,QV,6,TKET,7,39,3,0,0.8946187289894483,0.06137329999910435
20,ibm_brisbane,QV,6,TKET,7,39,3,0,0.8946187289894483,0.060382199997548014
20,ibm_brisbane,QV,6,TKET,7,39,3,0,0.8946187289894483,0.05967830000008689
20,ibm_brisbane,QV,6,TKET,7,39,3,0,0.8946187289894483,0.060389099999156315
20,ibm_brisbane,QV,6,TKET,7,39,3,0,0.8946187289894483,0.06031939999957103
20,ibm_brisbane,QV,6,BQSKit,3,15,3,0,0.916360305901496,0.06375570000091102
20,ibm_brisbane,QV,6,BQSKit,3,15,3,0,0.916360305901496,0.06326180000178283
20,ibm_brisbane,QV,6,BQSKit,3,15,3,0,0.916360305901496,0.06288369999674615
20,ibm_brisbane,QV,6,BQSKit,3,15,3,0,0.916360305901496,0.0628082000039285
20,ibm_brisbane,QV,6,BQSKit,3,15,3,0,0.916360305901496,0.06300749999354593
20,ibm_brisbane,QV,6,BQSKit,3,15,3,0,0.916360305901496,0.06272560000070371
20,ibm_brisbane,QV,6,BQSKit,3,15,3,0,0.916360305901496,0.06273749999672873
20,ibm_brisbane,QV,6,BQSKit,3,15,3,0,0.916360305901496,0.06298180000158027
20,ibm_brisbane,QV,6,BQSKit,3,15,3,0,0.916360305901496,0.06390570000075968
20,ibm_brisbane,QV,6,BQSKit,3,15,3,0,0.916360305901496,0.06348200000502402
20,ibm_brisbane,QV,6,BQSKit,3,15,3,0,0.916360305901496,0.06316040000092471
20,ibm_brisbane,QV,6,BQSKit,3,15,3,0,0.916360305901496,0.0630038000017521
20,ibm_brisbane,QV,6,BQSKit,3,15,3,0,0.916360305901496,0.06306269999913638
20,ibm_brisbane,QV,6,BQSKit,3,15,3,0,0.916360305901496,0.06315280000126222
20,ibm_brisbane,QV,6,BQSKit,3,15,3,0,0.916360305901496,0.06268339999951422
20,ibm_brisbane,QV,6,BQSKit,3,15,3,0,0.916360305901496,0.063797999995586
20,ibm_brisbane,QV,6,BQSKit,3,15,3,0,0.916360305901496,0.06360719999793218
20,ibm_brisbane,QV,6,BQSKit,3,15,3,0,0.916360305901496,0.06451719999313354
20,ibm_brisbane,QV,6,BQSKit,3,15,3,0,0.916360305901496,0.0635926999966614
20,ibm_brisbane,QV,6,BQSKit,3,15,3,0,0.916360305901496,0.06335850000323262
20,ibm_brisbane,QV,6,BQSKit,3,15,3,0,0.916360305901496,0.06294310000521364
20,ibm_brisbane,QV,6,BQSKit,3,15,3,0,0.916360305901496,0.06321040000329958
20,ibm_brisbane,QV,6,BQSKit,3,15,3,0,0.916360305901496,0.06397489999653772
20,ibm_brisbane,QV,6,BQSKit,3,15,3,0,0.916360305901496,0.06405539999832399
20,ibm_brisbane,QV,6,BQSKit,3,15,3,0,0.916360305901496,0.06356280000181869
20,ibm_brisbane,QV,6,BQSKit,3,15,3,0,0.916360305901496,0.06342359999689506
20,ibm_brisbane,QV,6,BQSKit,3,15,3,0,0.916360305901496,0.06310400000074878
20,ibm_brisbane,QV,6,BQSKit,3,15,3,0,0.916360305901496,0.06308709999575512
20,ibm_brisbane,QV,6,BQSKit,3,15,3,0,0.916360305901496,0.06309869999677176
20,ibm_brisbane,QV,6,BQSKit,3,15,3,0,0.916360305901496,0.06424239999614656
20,ibm_brisbane,QV,6,Cirq-native,3,15,3,0,0.916360305901496,0.0014994000011938624
20,ibm_brisbane,QV,6,Cirq-native,3,15,3,0,0.916360305901496,0.0013080999997328036
20,ibm_brisbane,QV,6,Cirq-native,3,15,3,0,0.916360305901496,0.0012892000013380311
20,ibm_brisbane,QV,6,Cirq-native,3,15,3,0,0.916360305901496,0.0010851999977603555
20,ibm_brisbane,QV,6,Cirq-native,3,15,3,0,0.916360305901496,0.001058599998941645
20,ibm_brisbane,QV,6,Cirq-native,3,15,3,0,0.916360305901496,0.0009898999996948987
20,ibm_brisbane,QV,6,Cirq-native,3,15,3,0,0.916360305901496,0.001031799998600036
20,ibm_brisbane,QV,6,Cirq-native,3,15,3,0,0.916360305901496,0.0011266999936196953
20,ibm_brisbane,QV,6,Cirq-native,3,15,3,0,0.916360305901496,0.001188399997772649
20,ibm_brisbane,QV,6,Cirq-native,3,15,3,0,0.916360305901496,0.001077500004612375
20,ibm_brisbane,QV,6,Cirq-native,3,15,3,0,0.916360305901496,0.000993200002994854
20,ibm_brisbane,QV,6,Cirq-native,3,15,3,0,0.916360305901496,0.001010899999528192
20,ibm_brisbane,QV,6,Cirq-native,3,15,3,0,0.916360305901496,0.0009806000016396865
20,ibm_brisbane,QV,6,Cirq-native,3,15,3,0,0.916360305901496,0.0010762000019894913
20,ibm_brisbane,QV,6,Cirq-native,3,15,3,0,0.916360305901496,0.0011061999975936487
20,ibm_brisbane,QV,6,Cirq-native,3,15,3,0,0.916360305901496,0.001018900002236478
20,ibm_brisbane,QV,6,Cirq-native,3,15,3,0,0.916360305901496,0.0009835000018938445
20,ibm_brisbane,QV,6,Cirq-native,3,15,3,0,0.916360305901496,0.0009898999996948987
20,ibm_brisbane,QV,6,Cirq-native,3,15,3,0,0.916360305901496,0.0012398999970173463
20,ibm_brisbane,QV,6,Cirq-native,3,15,3,0,0.916360305901496,0.0013128999999025837
20,ibm_brisbane,QV,6,Cirq-native,3,15,3,0,0.916360305901496,0.0021723000027122907
20,ibm_brisbane,QV,6,Cirq-native,3,15,3,0,0.916360305901496,0.001312099993810989
20,ibm_brisbane,QV,6,Cirq-native,3,15,3,0,0.916360305901496,0.00106969999615103
20,ibm_brisbane,QV,6,Cirq-native,3,15,3,0,0.916360305901496,0.0010200999968219548
20,ibm_brisbane,QV,6,Cirq-native,3,15,3,0,0.916360305901496,0.001036900001054164
20,ibm_brisbane,QV,6,Cirq-native,3,15,3,0,0.916360305901496,0.0011509000032674521
20,ibm_brisbane,QV,6,Cirq-native,3,15,3,0,0.916360305901496,0.00105489999987185
20,ibm_brisbane,QV,6,Cirq-native,3,15,3,0,0.916360305901496,0.0010540000002947636
20,ibm_brisbane,QV,6,Cirq-native,3,15,3,0,0.916360305901496,0.0010088000053656287
20,ibm_brisbane,QV,6,Cirq-native,3,15,3,0,0.916360305901496,0.0009982999981730245
20,ibm_brisbane,QV,6,QADE,3,15,3,0,0.916360305901496,0.021421299999929033
20,ibm_brisbane,QV,6,QADE,3,15,3,0,0.916360305901496,0.018727399998169858
20,ibm_brisbane,QV,6,QADE,3,15,3,0,0.916360305901496,0.018613500003993977
20,ibm_brisbane,QV,6,QADE,3,15,3,0,0.916360305901496,0.019199200003640726
20,ibm_brisbane,QV,6,QADE,3,15,3,0,0.916360305901496,0.016221199999563396
20,ibm_brisbane,QV,6,QADE,3,15,3,0,0.916360305901496,0.11926669999957085
20,ibm_brisbane,QV,6,QADE,3,15,3,0,0.916360305901496,0.01847309999720892
20,ibm_brisbane,QV,6,QADE,3,15,3,0,0.916360305901496,0.021598900006210897
20,ibm_brisbane,QV,6,QADE,3,15,3,0,0.916360305901496,0.020194299999275245
20,ibm_brisbane,QV,6,QADE,3,15,3,0,0.916360305901496,0.01818479999928968
20,ibm_brisbane,QV,6,QADE,3,15,3,0,0.916360305901496,0.0187316000010469
20,ibm_brisbane,QV,6,QADE,3,15,3,0,0.916360305901496,0.019355399999767542
20,ibm_brisbane,QV,6,QADE,3,15,3,0,0.916360305901496,0.017946899999515153
20,ibm_brisbane,QV,6,QADE,3,15,3,0,0.916360305901496,0.02194489999965299
20,ibm_brisbane,QV,6,QADE,3,15,3,0,0.916360305901496,0.015528900003118906
20,ibm_brisbane,QV,6,QADE,3,15,3,0,0.916360305901496,0.014409399998839945
20,ibm_brisbane,QV,6,QADE,3,15,3,0,0.916360305901496,0.019983400001365226
20,ibm_brisbane,QV,6,QADE,3,15,3,0,0.916360305901496,0.018061800001305528
20,ibm_brisbane,QV,6,QADE,3,15,3,0,0.916360305901496,0.019811800004390534
20,ibm_brisbane,QV,6,QADE,3,15,3,0,0.916360305901496,0.015579200000502169
20,ibm_brisbane,QV,6,QADE,3,15,3,0,0.916360305901496,0.01804709999851184
20,ibm_brisbane,QV,6,QADE,3,15,3,0,0.916360305901496,0.01916440000059083
20,ibm_brisbane,QV,6,QADE,3,15,3,0,0.916360305901496,0.01872189999994589
20,ibm_brisbane,QV,6,QADE,3,15,3,0,0.916360305901496,0.015607200002705213
20,ibm_brisbane,QV,6,QADE,3,15,3,0,0.916360305901496,0.015708500002801884
20,ibm_brisbane,QV,6,QADE,3,15,3,0,0.916360305901496,0.020230000001902226
20,ibm_brisbane,QV,6,QADE,3,15,3,0,0.916360305901496,0.012035500003548805
20,ibm_brisbane,QV,6,QADE,3,15,3,0,0.916360305901496,0.016313699998136144
20,ibm_brisbane,QV,6,QADE,3,15,3,0,0.916360305901496,0.020478099999309052
20,ibm_brisbane,QV,6,QADE,3,15,3,0,0.916360305901496,0.01963669999531703
20,ibm_brisbane,QV,6,QADE + PyZX,10,42,6,0,0.8812664326319397,0.02341599999635946
20,ibm_brisbane,QV,6,QADE + PyZX,10,42,6,0,0.8812664326319397,0.02044670000032056
20,ibm_brisbane,QV,6,QADE + PyZX,10,42,6,0,0.8812664326319397,0.024365700002817903
20,ibm_brisbane,QV,6,QADE + PyZX,10,42,6,0,0.8812664326319397,0.0224065000002156
20,ibm_brisbane,QV,6,QADE + PyZX,10,42,6,0,0.8812664326319397,0.02342559999669902
20,ibm_brisbane,QV,6,QADE + PyZX,10,42,6,0,0.8812664326319397,0.021967300002870616
20,ibm_brisbane,QV,6,QADE + PyZX,10,42,6,0,0.8812664326319397,0.019308100003399886
20,ibm_brisbane,QV,6,QADE + PyZX,10,42,6,0,0.8812664326319397,0.021468999999342486
20,ibm_brisbane,QV,6,QADE + PyZX,10,42,6,0,0.8812664326319397,0.02147549999790499
20,ibm_brisbane,QV,6,QADE + PyZX,10,42,6,0,0.8812664326319397,0.025422400001843926
20,ibm_brisbane,QV,6,QADE + PyZX,10,42,6,0,0.8812664326319397,0.021986500003549736
20,ibm_brisbane,QV,6,QADE + PyZX,10,42,6,0,0.8812664326319397,0.018602399999508634
20,ibm_brisbane,QV,6,QADE + PyZX,10,42,6,0,0.8812664326319397,0.017812600002798717
20,ibm_brisbane,QV,6,QADE + PyZX,10,42,6,0,0.8812664326319397,0.023464899997634348
20,ibm_brisbane,QV,6,QADE + PyZX,10,42,6,0,0.8812664326319397,0.018946199998026714
20,ibm_brisbane,QV,6,QADE + PyZX,10,42,6,0,0.8812664326319397,0.019828299999062438
20,ibm_brisbane,QV,6,QADE + PyZX,10,42,6,0,0.8812664326319397,0.02294939999410417
20,ibm_brisbane,QV,6,QADE + PyZX,10,42,6,0,0.8812664326319397,0.020617400004994124
20,ibm_brisbane,QV,6,QADE + PyZX,10,42,6,0,0.8812664326319397,0.023147899999457877
20,ibm_brisbane,QV,6,QADE + PyZX,10,42,6,0,0.8812664326319397,0.020164600005955435
20,ibm_brisbane,QV,6,QADE + PyZX,10,42,6,0,0.8812664326319397,0.01973580000048969
20,ibm_brisbane,QV,6,QADE + PyZX,10,42,6,0,0.8812664326319397,0.021301900000253227
20,ibm_brisbane,QV,6,QADE + PyZX,10,42,6,0,0.8812664326319397,0.021659900005033705
20,ibm_brisbane,QV,6,QADE + PyZX,10,42,6,0,0.8812664326319397,0.021650100003171246
20,ibm_brisbane,QV,6,QADE + PyZX,10,42,6,0,0.8812664326319397,0.018631799997820053
20,ibm_brisbane,QV,6,QADE + PyZX,10,42,6,0,0.8812664326319397,0.020074899999599438
20,ibm_brisbane,QV,6,QADE + PyZX,10,42,6,0,0.8812664326319397,0.018110800003341865
20,ibm_brisbane,QV,6,QADE + PyZX,10,42,6,0,0.8812664326319397,0.02074420000280952
20,ibm_brisbane,QV,6,QADE + PyZX,10,42,6,0,0.8812664326319397,0.021518200002901722
20,ibm_brisbane,QV,6,QADE + PyZX,10,42,6,0,0.8812664326319397,0.02166120000038063
20,ibm_brisbane,QV,6,QADE + Knowledge Graph,10,42,6,0,0.8812664326319397,0.004467099999601487
20,ibm_brisbane,QV,6,QADE + Knowledge Graph,10,42,6,0,0.8812664326319397,0.003580699994927272
20,ibm_brisbane,QV,6,QADE + Knowledge Graph,10,42,6,0,0.8812664326319397,0.0034508999960962683
20,ibm_brisbane,QV,6,QADE + Knowledge Graph,10,42,6,0,0.8812664326319397,0.0037089000034029596
20,ibm_brisbane,QV,6,QADE + Knowledge Graph,10,42,6,0,0.8812664326319397,0.0033290999999735504
20,ibm_brisbane,QV,6,QADE + Knowledge Graph,10,42,6,0,0.8812664326319397,0.0032958000010694377
20,ibm_brisbane,QV,6,QADE + Knowledge Graph,10,42,6,0,0.8812664326319397,0.0032804000002215616
20,ibm_brisbane,QV,6,QADE + Knowledge Graph,10,42,6,0,0.8812664326319397,0.00339209999947343
20,ibm_brisbane,QV,6,QADE + Knowledge Graph,10,42,6,0,0.8812664326319397,0.0032198999979300424
20,ibm_brisbane,QV,6,QADE + Knowledge Graph,10,42,6,0,0.8812664326319397,0.00301210000179708
20,ibm_brisbane,QV,6,QADE + Knowledge Graph,10,42,6,0,0.8812664326319397,0.00290099999983795
20,ibm_brisbane,QV,6,QADE + Knowledge Graph,10,42,6,0,0.8812664326319397,0.002938099998573307
20,ibm_brisbane,QV,6,QADE + Knowledge Graph,10,42,6,0,0.8812664326319397,0.00290060000406811
20,ibm_brisbane,QV,6,QADE + Knowledge Graph,10,42,6,0,0.8812664326319397,0.0029441000006045215
20,ibm_brisbane,QV,6,QADE + Knowledge Graph,10,42,6,0,0.8812664326319397,0.0028543999942485243
20,ibm_brisbane,QV,6,QADE + Knowledge Graph,10,42,6,0,0.8812664326319397,0.0029272000028868206
20,ibm_brisbane,QV,6,QADE + Knowledge Graph,10,42,6,0,0.8812664326319397,0.0028975000022910535
20,ibm_brisbane,QV,6,QADE + Knowledge Graph,10,42,6,0,0.8812664326319397,0.003166599999531172
20,ibm_brisbane,QV,6,QADE + Knowledge Graph,10,42,6,0,0.8812664326319397,0.003091600003244821
20,ibm_brisbane,QV,6,QADE + Knowledge Graph,10,42,6,0,0.8812664326319397,0.0028230000025359914
20,ibm_brisbane,QV,6,QADE + Knowledge Graph,10,42,6,0,0.8812664326319397,0.002972900001623202
20,ibm_brisbane,QV,6,QADE + Knowledge Graph,10,42,6,0,0.8812664326319397,0.002838499996869359
20,ibm_brisbane,QV,6,QADE + Knowledge Graph,10,42,6,0,0.8812664326319397,0.002927800000179559
20,ibm_brisbane,QV,6,QADE + Knowledge Graph,10,42,6,0,0.8812664326319397,0.0029541999974753708
20,ibm_brisbane,QV,6,QADE + Knowledge Graph,10,42,6,0,0.8812664326319397,0.002882000000681728
20,ibm_brisbane,QV,6,QADE + Knowledge Graph,10,42,6,0,0.8812664326319397,0.002874799996789079
20,ibm_brisbane,QV,6,QADE + Knowledge Graph,10,42,6,0,0.8812664326319397,0.0027852999992319383
20,ibm_brisbane,QV,6,QADE + Knowledge Graph,10,42,6,0,0.8812664326319397,0.0029466999985743314
20,ibm_brisbane,QV,6,QADE + Knowledge Graph,10,42,6,0,0.8812664326319397,0.0029400999992503785
20,ibm_brisbane,QV,6,QADE + Knowledge Graph,10,42,6,0,0.8812664326319397,0.0029262999960337766
20,ibm_brisbane,QV,6,QADE + Evolution + PyZX,10,42,6,0,0.8812664326319397,0.06767799999943236
20,ibm_brisbane,QV,6,QADE + Evolution + PyZX,10,42,6,0,0.8812664326319397,0.06917299999622628
20,ibm_brisbane,QV,6,QADE + Evolution + PyZX,10,42,6,0,0.8812664326319397,0.062060600001132116
20,ibm_brisbane,QV,6,QADE + Evolution + PyZX,10,42,6,0,0.8812664326319397,0.06791969999903813
20,ibm_brisbane,QV,6,QADE + Evolution + PyZX,10,42,6,0,0.8812664326319397,0.06913860000349814
20,ibm_brisbane,QV,6,QADE + Evolution + PyZX,10,42,6,0,0.8812664326319397,0.06868070000200532
20,ibm_brisbane,QV,6,QADE + Evolution + PyZX,10,42,6,0,0.8812664326319397,0.07162930000049528
20,ibm_brisbane,QV,6,QADE + Evolution + PyZX,10,42,6,0,0.8812664326319397,0.07938139999896521
20,ibm_brisbane,QV,6,QADE + Evolution + PyZX,10,42,6,0,0.8812664326319397,0.06734510000387672
20,ibm_brisbane,QV,6,QADE + Evolution + PyZX,10,42,6,0,0.8812664326319397,0.05938610000157496
20,ibm_brisbane,QV,6,QADE + Evolution + PyZX,10,42,6,0,0.8812664326319397,0.06484730000374839
20,ibm_brisbane,QV,6,QADE + Evolution + PyZX,10,42,6,0,0.8812664326319397,0.06454590000066673
20,ibm_brisbane,QV,6,QADE + Evolution + PyZX,10,42,6,0,0.8812664326319397,0.0697959000026458
20,ibm_brisbane,QV,6,QADE + Evolution + PyZX,10,42,6,0,0.8812664326319397,0.07832959999359446
20,ibm_brisbane,QV,6,QADE + Evolution + PyZX,10,42,6,0,0.8812664326319397,0.07264399999985471
20,ibm_brisbane,QV,6,QADE + Evolution + PyZX,10,42,6,0,0.8812664326319397,0.07109219999983907
20,ibm_brisbane,QV,6,QADE + Evolution + PyZX,10,42,6,0,0.8812664326319397,0.07044750000204658
20,ibm_brisbane,QV,6,QADE + Evolution + PyZX,10,42,6,0,0.8812664326319397,0.07282629999826895
20,ibm_brisbane,QV,6,QADE + Evolution + PyZX,10,42,6,0,0.8812664326319397,0.07306750000134343
20,ibm_brisbane,QV,6,QADE + Evolution + PyZX,10,42,6,0,0.8812664326319397,0.06271450000349432
20,ibm_brisbane,QV,6,QADE + Evolution + PyZX,10,42,6,0,0.8812664326319397,0.07002549999742769
20,ibm_brisbane,QV,6,QADE + Evolution + PyZX,10,42,6,0,0.8812664326319397,0.07410929999605287
20,ibm_brisbane,QV,6,QADE + Evolution + PyZX,10,42,6,0,0.8812664326319397,0.05992750000586966
20,ibm_brisbane,QV,6,QADE + Evolution + PyZX,10,42,6,0,0.8812664326319397,0.05930640000588028
20,ibm_brisbane,QV,6,QADE + Evolution + PyZX,10,42,6,0,0.8812664326319397,0.059498700000403915
20,ibm_brisbane,QV,6,QADE + Evolution + PyZX,10,42,6,0,0.8812664326319397,0.06003960000089137
20,ibm_brisbane,QV,6,QADE + Evolution + PyZX,10,42,6,0,0.8812664326319397,0.06327980000060052
20,ibm_brisbane,QV,6,QADE + Evolution + PyZX,10,42,6,0,0.8812664326319397,0.06684559999848716
20,ibm_brisbane,QV,6,QADE + Evolution + PyZX,10,42,6,0,0.8812664326319397,0.05873289999726694
20,ibm_brisbane,QV,6,QADE + Evolution + PyZX,10,42,6,0,0.8812664326319397,0.06031540000549285
21,ibm_brisbane,GHZ,8,Qiskit,13,51,7,0,0.8525593152231786,0.007380099996225908
21,ibm_brisbane,GHZ,8,Qiskit,13,51,7,0,0.8525593152231786,0.006613199999264907
21,ibm_brisbane,GHZ,8,Qiskit,13,51,7,0,0.8525593152231786,0.006344300003547687
21,ibm_brisbane,GHZ,8,Qiskit,10,10,7,0,0.8882589389376866,0.005804400003398769
21,ibm_brisbane,GHZ,8,Qiskit,10,10,7,0,0.8882589389376866,0.00560119999863673
21,ibm_brisbane,GHZ,8,Qiskit,10,10,7,0,0.8882589389376866,0.005932899999606889
21,ibm_brisbane,GHZ,8,Qiskit,10,10,7,0,0.8882589389376866,0.006350499999825843
21,ibm_brisbane,GHZ,8,Qiskit,10,10,7,0,0.8882589389376866,0.0060935999936191365
21,ibm_brisbane,GHZ,8,Qiskit,13,51,7,0,0.8525593152231786,0.006528300000354648
21,ibm_brisbane,GHZ,8,Qiskit,13,51,7,0,0.8525593152231786,0.006911699994816445
21,ibm_brisbane,GHZ,8,Qiskit,10,10,7,0,0.8882589389376866,0.005829400004586205
21,ibm_brisbane,GHZ,8,Qiskit,13,51,7,0,0.8525593152231786,0.006339799998386297
21,ibm_brisbane,GHZ,8,Qiskit,13,51,7,0,0.8525593152231786,0.006390100003045518
21,ibm_brisbane,GHZ,8,Qiskit,13,51,7,0,0.8525593152231786,0.0065121000006911345
21,ibm_brisbane,GHZ,8,Qiskit,13,51,7,0,0.8525593152231786,0.006785500001569744
21,ibm_brisbane,GHZ,8,Qiskit,13,51,7,0,0.8525593152231786,0.006566800002474338
21,ibm_brisbane,GHZ,8,Qiskit,13,51,7,0,0.8525593152231786,0.006820100003096741
21,ibm_brisbane,GHZ,8,Qiskit,13,51,7,0,0.8525593152231786,0.00656610000442015
21,ibm_brisbane,GHZ,8,Qiskit,10,10,7,0,0.8882589389376866,0.006050999996659812
21,ibm_brisbane,GHZ,8,Qiskit,13,51,7,0,0.8525593152231786,0.0064501000015297905
21,ibm_brisbane,GHZ,8,Qiskit,10,10,7,0,0.8882589389376866,0.005990099998598453
21,ibm_brisbane,GHZ,8,Qiskit,13,51,7,0,0.8525593152231786,0.006402699997124728
21,ibm_brisbane,GHZ,8,Qiskit,13,51,7,0,0.8525593152231786,0.006353099997795653
21,ibm_brisbane,GHZ,8,Qiskit,10,10,7,0,0.8882589389376866,0.005899800002225675
21,ibm_brisbane,GHZ,8,Qiskit,13,51,7,0,0.8525593152231786,0.006278799999563489
21,ibm_brisbane,GHZ,8,Qiskit,13,51,7,0,0.8525593152231786,0.006492799999250565
21,ibm_brisbane,GHZ,8,Qiskit,10,10,7,0,0.8882589389376866,0.005831400005263276
21,ibm_brisbane,GHZ,8,Qiskit,13,51,7,0,0.8525593152231786,0.006415000003471505
21,ibm_brisbane,GHZ,8,Qiskit,10,10,7,0,0.8882589389376866,0.0057512999992468394
21,ibm_brisbane,GHZ,8,Qiskit,13,51,7,0,0.8525593152231786,0.006482600001618266
21,ibm_brisbane,GHZ,8,PyZX,15,22,7,0,0.8776582617824232,0.003206499997759238
21,ibm_brisbane,GHZ,8,PyZX,15,22,7,0,0.8776582617824232,0.0025977999976021238
21,ibm_brisbane,GHZ,8,PyZX,15,22,7,0,0.8776582617824232,0.0024429999975836836
21,ibm_brisbane,GHZ,8,PyZX,15,22,7,0,0.8776582617824232,0.0025605999981053174
21,ibm_brisbane,GHZ,8,PyZX,15,22,7,0,0.8776582617824232,0.002490799997758586
21,ibm_brisbane,GHZ,8,PyZX,15,22,7,0,0.8776582617824232,0.0025797999987844378
21,ibm_brisbane,GHZ,8,PyZX,15,22,7,0,0.8776582617824232,0.0024903999947127886
21,ibm_brisbane,GHZ,8,PyZX,15,22,7,0,0.8776582617824232,0.0024832999988575466
21,ibm_brisbane,GHZ,8,PyZX,15,22,7,0,0.8776582617824232,0.0025890000033541583
21,ibm_brisbane,GHZ,8,PyZX,15,22,7,0,0.8776582617824232,0.0025147999986074865
21,ibm_brisbane,GHZ,8,PyZX,15,22,7,0,0.8776582617824232,0.0025237999943783507
21,ibm_brisbane,GHZ,8,PyZX,15,22,7,0,0.8776582617824232,0.00263690000429051
21,ibm_brisbane,GHZ,8,PyZX,15,22,7,0,0.8776582617824232,0.0024389999962295406
21,ibm_brisbane,GHZ,8,PyZX,15,22,7,0,0.8776582617824232,0.002551900004618801
21,ibm_brisbane,GHZ,8,PyZX,15,22,7,0,0.8776582617824232,0.0024857000025804155
21,ibm_brisbane,GHZ,8,PyZX,15,22,7,0,0.8776582617824232,0.0024520000006305054
21,ibm_brisbane,GHZ,8,PyZX,15,22,7,0,0.8776582617824232,0.0025880000030156225
21,ibm_brisbane,GHZ,8,PyZX,15,22,7,0,0.8776582617824232,0.0024000999983400106
21,ibm_brisbane,GHZ,8,PyZX,15,22,7,0,0.8776582617824232,0.002391199996054638
21,ibm_brisbane,GHZ,8,PyZX,15,22,7,0,0.8776582617824232,0.002543800001149066
21,ibm_brisbane,GHZ,8,PyZX,15,22,7,0,0.8776582617824232,0.0024054000023170374
21,ibm_brisbane,GHZ,8,PyZX,15,22,7,0,0.8776582617824232,0.002468300001055468
21,ibm_brisbane,GHZ,8,PyZX,15,22,7,0,0.8776582617824232,0.002571899996837601
21,ibm_brisbane,GHZ,8,PyZX,15,22,7,0,0.8776582617824232,0.002367100001720246
21,ibm_brisbane,GHZ,8,PyZX,15,22,7,0,0.8776582617824232,0.0025597000058041885
21,ibm_brisbane,GHZ,8,PyZX,15,22,7,0,0.8776582617824232,0.0025674999997136183
21,ibm_brisbane,GHZ,8,PyZX,15,22,7,0,0.8776582617824232,0.002438799994706642
21,ibm_brisbane,GHZ,8,PyZX,15,22,7,0,0.8776582617824232,0.0024792999975034036
21,ibm_brisbane,GHZ,8,PyZX,15,22,7,0,0.8776582617824232,0.002413800000795163
21,ibm_brisbane,GHZ,8,PyZX,15,22,7,0,0.8776582617824232,0.002404500002739951
21,ibm_brisbane,GHZ,8,TKET,10,10,7,0,0.8882589389376866,0.14852569999493426
21,ibm_brisbane,GHZ,8,TKET,10,10,7,0,0.8882589389376866,0.1487894999954733
21,ibm_brisbane,GHZ,8,TKET,10,10,7,0,0.8882589389376866,0.14990540000144392
21,ibm_brisbane,GHZ,8,TKET,10,10,7,0,0.8882589389376866,0.1477184000032139
21,ibm_brisbane,GHZ,8,TKET,10,10,7,0,0.8882589389376866,0.1537668999953894
21,ibm_brisbane,GHZ,8,TKET,10,10,7,0,0.8882589389376866,0.15954499999497784
21,ibm_brisbane,GHZ,8,TKET,10,10,7,0,0.8882589389376866,0.1709820000032778
21,ibm_brisbane,GHZ,8,TKET,10,10,7,0,0.8882589389376866,0.14632179999898653
21,ibm_brisbane,GHZ,8,TKET,10,10,7,0,0.8882589389376866,0.1489363999935449
21,ibm_brisbane,GHZ,8,TKET,10,10,7,0,0.8882589389376866,0.14543499999854248
21,ibm_brisbane,GHZ,8,TKET,10,10,7,0,0.8882589389376866,0.1456118999994942
21,ibm_brisbane,GHZ,8,TKET,10,10,7,0,0.8882589389376866,0.1514457000012044
21,ibm_brisbane,GHZ,8,TKET,10,10,7,0,0.8882589389376866,0.15285130000120262
21,ibm_brisbane,GHZ,8,TKET,10,10,7,0,0.8882589389376866,0.1460596999968402
21,ibm_brisbane,GHZ,8,TKET,10,10,7,0,0.8882589389376866,0.14590529999986757
21,ibm_brisbane,GHZ,8,TKET,10,10,7,0,0.8882589389376866,0.14506779999646824
21,ibm_brisbane,GHZ,8,TKET,10,10,7,0,0.8882589389376866,0.15183319999778178
21,ibm_brisbane,GHZ,8,TKET,10,10,7,0,0.8882589389376866,0.15635520000068936
21,ibm_brisbane,GHZ,8,TKET,10,10,7,0,0.8882589389376866,0.18354589999944437
21,ibm_brisbane,GHZ,8,TKET,10,10,7,0,0.8882589389376866,0.2005520000020624
21,ibm_brisbane,GHZ,8,TKET,10,10,7,0,0.8882589389376866,0.18947559999651276
21,ibm_brisbane,GHZ,8,TKET,10,10,7,0,0.8882589389376866,0.1543588999993517
21,ibm_brisbane,GHZ,8,TKET,10,10,7,0,0.8882589389376866,0.18961420000414364
21,ibm_brisbane,GHZ,8,TKET,10,10,7,0,0.8882589389376866,0.1577984000032302
21,ibm_brisbane,GHZ,8,TKET,10,10,7,0,0.8882589389376866,0.16772930000297492
21,ibm_brisbane,GHZ,8,TKET,10,10,7,0,0.8882589389376866,0.16095980000682175
21,ibm_brisbane,GHZ,8,TKET,10,10,7,0,0.8882589389376866,0.17764130000432488
21,ibm_brisbane,GHZ,8,TKET,10,10,7,0,0.8882589389376866,0.15802930000063498
21,ibm_brisbane,GHZ,8,TKET,10,10,7,0,0.8882589389376866,0.15735249999852385
21,ibm_brisbane,GHZ,8,TKET,10,10,7,0,0.8882589389376866,0.16581410000071628
21,ibm_brisbane,GHZ,8,BQSKit,8,8,7,0,0.8900381251498612,0.07507959999929881
21,ibm_brisbane,GHZ,8,BQSKit,8,8,7,0,0.8900381251498612,0.09653629999957047
21,ibm_brisbane,GHZ,8,BQSKit,8,8,7,0,0.8900381251498612,0.0737994000010076
21,ibm_brisbane,GHZ,8,BQSKit,8,8,7,0,0.8900381251498612,0.07651759999862406
21,ibm_brisbane,GHZ,8,BQSKit,8,8,7,0,0.8900381251498612,0.07265470000129426
21,ibm_brisbane,GHZ,8,BQSKit,8,8,7,0,0.8900381251498612,0.07198769999376964
21,ibm_brisbane,GHZ,8,BQSKit,8,8,7,0,0.8900381251498612,0.0749188999980106
21,ibm_brisbane,GHZ,8,BQSKit,8,8,7,0,0.8900381251498612,0.07220460000098683
21,ibm_brisbane,GHZ,8,BQSKit,8,8,7,0,0.8900381251498612,0.07266669999808073
21,ibm_brisbane,GHZ,8,BQSKit,8,8,7,0,0.8900381251498612,0.07106100000237348
21,ibm_brisbane,GHZ,8,BQSKit,8,8,7,0,0.8900381251498612,0.07251299999916228
21,ibm_brisbane,GHZ,8,BQSKit,8,8,7,0,0.8900381251498612,0.07188189999578753
21,ibm_brisbane,GHZ,8,BQSKit,8,8,7,0,0.8900381251498612,0.0717755000005127
21,ibm_brisbane,GHZ,8,BQSKit,8,8,7,0,0.8900381251498612,0.07155749999947147
21,ibm_brisbane,GHZ,8,BQSKit,8,8,7,0,0.8900381251498612,0.07250579999526963
21,ibm_brisbane,GHZ,8,BQSKit,8,8,7,0,0.8900381251498612,0.07162460000108695
21,ibm_brisbane,GHZ,8,BQSKit,8,8,7,0,0.8900381251498612,0.07212489999801619
21,ibm_brisbane,GHZ,8,BQSKit,8,8,7,0,0.8900381251498612,0.08545380000578007
21,ibm_brisbane,GHZ,8,BQSKit,8,8,7,0,0.8900381251498612,0.07730759999685688
21,ibm_brisbane,GHZ,8,BQSKit,8,8,7,0,0.8900381251498612,0.07579210000403691
21,ibm_brisbane,GHZ,8,BQSKit,8,8,7,0,0.8900381251498612,0.07853959999920335
21,ibm_brisbane,GHZ,8,BQSKit,8,8,7,0,0.8900381251498612,0.09706170000572456
21,ibm_brisbane,GHZ,8,BQSKit,8,8,7,0,0.8900381251498612,0.07385359999898355
21,ibm_brisbane,GHZ,8,BQSKit,8,8,7,0,0.8900381251498612,0.0733299999992596
21,ibm_brisbane,GHZ,8,BQSKit,8,8,7,0,0.8900381251498612,0.07262300000002142
21,ibm_brisbane,GHZ,8,BQSKit,8,8,7,0,0.8900381251498612,0.0718641999992542
21,ibm_brisbane,GHZ,8,BQSKit,8,8,7,0,0.8900381251498612,0.07653290000598645
21,ibm_brisbane,GHZ,8,BQSKit,8,8,7,0,0.8900381251498612,0.07215020000148797
21,ibm_brisbane,GHZ,8,BQSKit,8,8,7,0,0.8900381251498612,0.0718570000026375
21,ibm_brisbane,GHZ,8,BQSKit,8,8,7,0,0.8900381251498612,0.07164519999787444
21,ibm_brisbane,GHZ,8,Cirq-native,8,8,7,0,0.8900381251498612,0.0014865999983157963
21,ibm_brisbane,GHZ,8,Cirq-native,8,8,7,0,0.8900381251498612,0.0012472000016714446
21,ibm_brisbane,GHZ,8,Cirq-native,8,8,7,0,0.8900381251498612,0.0009719000008772127
21,ibm_brisbane,GHZ,8,Cirq-native,8,8,7,0,0.8900381251498612,0.0009857000040938146
21,ibm_brisbane,GHZ,8,Cirq-native,8,8,7,0,0.8900381251498612,0.0009481000015512109
21,ibm_brisbane,GHZ,8,Cirq-native,8,8,7,0,0.8900381251498612,0.0009068999934243038
21,ibm_brisbane,GHZ,8,Cirq-native,8,8,7,0,0.8900381251498612,0.0009390000050188974
21,ibm_brisbane,GHZ,8,Cirq-native,8,8,7,0,0.8900381251498612,0.0009618999974918552
21,ibm_brisbane,GHZ,8,Cirq-native,8,8,7,0,0.8900381251498612,0.0010041999994427897
21,ibm_brisbane,GHZ,8,Cirq-native,8,8,7,0,0.8900381251498612,0.0008969000045908615
21,ibm_brisbane,GHZ,8,Cirq-native,8,8,7,0,0.8900381251498612,0.0009686000048532151
21,ibm_brisbane,GHZ,8,Cirq-native,8,8,7,0,0.8900381251498612,0.0008973000003607012
21,ibm_brisbane,GHZ,8,Cirq-native,8,8,7,0,0.8900381251498612,0.0009186000024783425
21,ibm_brisbane,GHZ,8,Cirq-native,8,8,7,0,0.8900381251498612,0.0008900999964680523
21,ibm_brisbane,GHZ,8,Cirq-native,8,8,7,0,0.8900381251498612,0.0009374000001116656
21,ibm_brisbane,GHZ,8,Cirq-native,8,8,7,0,0.8900381251498612,0.00101600000198232
21,ibm_brisbane,GHZ,8,Cirq-native,8,8,7,0,0.8900381251498612,0.000912900002731476
21,ibm_brisbane,GHZ,8,Cirq-native,8,8,7,0,0.8900381251498612,0.0010217000017291866
21,ibm_brisbane,GHZ,8,Cirq-native,8,8,7,0,0.8900381251498612,0.0008997999975690618
21,ibm_brisbane,GHZ,8,Cirq-native,8,8,7,0,0.8900381251498612,0.0009814000004553236
21,ibm_brisbane,GHZ,8,Cirq-native,8,8,7,0,0.8900381251498612,0.0009107000005315058
21,ibm_brisbane,GHZ,8,Cirq-native,8,8,7,0,0.8900381251498612,0.000869399998919107
21,ibm_brisbane,GHZ,8,Cirq-native,8,8,7,0,0.8900381251498612,0.0010705999957281165
21,ibm_brisbane,GHZ,8,Cirq-native,8,8,7,0,0.8900381251498612,0.0009313000045949593
21,ibm_brisbane,GHZ,8,Cirq-native,8,8,7,0,0.8900381251498612,0.0009425000025657937
21,ibm_brisbane,GHZ,8,Cirq-native,8,8,7,0,0.8900381251498612,0.0008830000006128103
21,ibm_brisbane,GHZ,8,Cirq-native,8,8,7,0,0.8900381251498612,0.0008900999964680523
21,ibm_brisbane,GHZ,8,Cirq-native,8,8,7,0,0.8900381251498612,0.0008581000001868233
21,ibm_brisbane,GHZ,8,Cirq-native,8,8,7,0,0.8900381251498612,0.0008949999973992817
21,ibm_brisbane,GHZ,8,Cirq-native,8,8,7,0,0.8900381251498612,0.0010218999959761277
21,ibm_brisbane,GHZ,8,QADE,8,8,7,0,0.8900381251498612,0.021014700003433973
21,ibm_brisbane,GHZ,8,QADE,8,8,7,0,0.8900381251498612,0.019395399998757057
21,ibm_brisbane,GHZ,8,QADE,8,8,7,0,0.8900381251498612,0.02228350000223145
21,ibm_brisbane,GHZ,8,QADE,8,8,7,0,0.8900381251498612,0.02084399999876041
21,ibm_brisbane,GHZ,8,QADE,8,8,7,0,0.8900381251498612,0.01343549999728566
21,ibm_brisbane,GHZ,8,QADE,8,8,7,0,0.8900381251498612,0.02419289999670582
21,ibm_brisbane,GHZ,8,QADE,8,8,7,0,0.8900381251498612,0.018203599996923003
21,ibm_brisbane,GHZ,8,QADE,8,8,7,0,0.8900381251498612,0.01689740000438178
21,ibm_brisbane,GHZ,8,QADE,8,8,7,0,0.8900381251498612,0.01698690000193892
21,ibm_brisbane,GHZ,8,QADE,8,8,7,0,0.8900381251498612,0.017383000005793292
21,ibm_brisbane,GHZ,8,QADE,8,8,7,0,0.8900381251498612,0.01486540000041714
21,ibm_brisbane,GHZ,8,QADE,8,8,7,0,0.8900381251498612,0.12321969999902649
21,ibm_brisbane,GHZ,8,QADE,8,8,7,0,0.8900381251498612,0.015607000001182314
21,ibm_brisbane,GHZ,8,QADE,8,8,7,0,0.8900381251498612,0.017552999997860752
21,ibm_brisbane,GHZ,8,QADE,8,8,7,0,0.8900381251498612,0.019852400000672787
21,ibm_brisbane,GHZ,8,QADE,8,8,7,0,0.8900381251498612,0.014262299999245442
21,ibm_brisbane,GHZ,8,QADE,8,8,7,0,0.8900381251498612,0.022816299999249168
21,ibm_brisbane,GHZ,8,QADE,8,8,7,0,0.8900381251498612,0.019043000000237953
21,ibm_brisbane,GHZ,8,QADE,8,8,7,0,0.8900381251498612,0.018456899997545406
21,ibm_brisbane,GHZ,8,QADE,8,8,7,0,0.8900381251498612,0.017743999997037463
21,ibm_brisbane,GHZ,8,QADE,8,8,7,0,0.8900381251498612,0.01604849999421276
21,ibm_brisbane,GHZ,8,QADE,8,8,7,0,0.8900381251498612,0.012840700001106597
21,ibm_brisbane,GHZ,8,QADE,8,8,7,0,0.8900381251498612,0.016424000001279637
21,ibm_brisbane,GHZ,8,QADE,8,8,7,0,0.8900381251498612,0.01868119999562623
21,ibm_brisbane,GHZ,8,QADE,8,8,7,0,0.8900381251498612,0.014797299998463131
21,ibm_brisbane,GHZ,8,QADE,8,8,7,0,0.8900381251498612,0.021732799999881536
21,ibm_brisbane,GHZ,8,QADE,8,8,7,0,0.8900381251498612,0.01926429999730317
21,ibm_brisbane,GHZ,8,QADE,8,8,7,0,0.8900381251498612,0.017159899995021988
21,ibm_brisbane,GHZ,8,QADE,8,8,7,0,0.8900381251498612,0.016397500003222376
21,ibm_brisbane,GHZ,8,QADE,8,8,7,0,0.8900381251498612,0.014713600001414306
21,ibm_brisbane,GHZ,8,QADE + PyZX,15,22,7,0,0.8776582617824232,0.020412099998793565
21,ibm_brisbane,GHZ,8,QADE + PyZX,15,22,7,0,0.8776582617824232,0.024768900002527516
21,ibm_brisbane,GHZ,8,QADE + PyZX,15,22,7,0,0.8776582617824232,0.021334100005333312
21,ibm_brisbane,GHZ,8,QADE + PyZX,15,22,7,0,0.8776582617824232,0.018218499993963633
21,ibm_brisbane,GHZ,8,QADE + PyZX,15,22,7,0,0.8776582617824232,0.0180980000004638
21,ibm_brisbane,GHZ,8,QADE + PyZX,15,22,7,0,0.8776582617824232,0.019275300001027063
21,ibm_brisbane,GHZ,8,QADE + PyZX,15,22,7,0,0.8776582617824232,0.02478749999863794
21,ibm_brisbane,GHZ,8,QADE + PyZX,15,22,7,0,0.8776582617824232,0.02039330000116024
21,ibm_brisbane,GHZ,8,QADE + PyZX,15,22,7,0,0.8776582617824232,0.01803529999597231
21,ibm_brisbane,GHZ,8,QADE + PyZX,15,22,7,0,0.8776582617824232,0.017028900001605507
21,ibm_brisbane,GHZ,8,QADE + PyZX,15,22,7,0,0.8776582617824232,0.02545319999626372
21,ibm_brisbane,GHZ,8,QADE + PyZX,15,22,7,0,0.8776582617824232,0.016824599995743483
21,ibm_brisbane,GHZ,8,QADE + PyZX,15,22,7,0,0.8776582617824232,0.018122800000128336
21,ibm_brisbane,GHZ,8,QADE + PyZX,15,22,7,0,0.8776582617824232,0.018529000000853557
21,ibm_brisbane,GHZ,8,QADE + PyZX,15,22,7,0,0.8776582617824232,0.02203939999890281
21,ibm_brisbane,GHZ,8,QADE + PyZX,15,22,7,0,0.8776582617824232,0.029998099998920225
21,ibm_brisbane,GHZ,8,QADE + PyZX,15,22,7,0,0.8776582617824232,0.03412609999941196
21,ibm_brisbane,GHZ,8,QADE + PyZX,15,22,7,0,0.8776582617824232,0.03041980000125477
21,ibm_brisbane,GHZ,8,QADE + PyZX,15,22,7,0,0.8776582617824232,0.023346900001342874
21,ibm_brisbane,GHZ,8,QADE + PyZX,15,22,7,0,0.8776582617824232,0.020765900000697002
21,ibm_brisbane,GHZ,8,QADE + PyZX,15,22,7,0,0.8776582617824232,0.021321699998225085
21,ibm_brisbane,GHZ,8,QADE + PyZX,15,22,7,0,0.8776582617824232,0.019385699997656047
21,ibm_brisbane,GHZ,8,QADE + PyZX,15,22,7,0,0.8776582617824232,0.02190359999804059
21,ibm_brisbane,GHZ,8,QADE + PyZX,15,22,7,0,0.8776582617824232,0.021341200001188554
21,ibm_brisbane,GHZ,8,QADE + PyZX,15,22,7,0,0.8776582617824232,0.020736300000862684
21,ibm_brisbane,GHZ,8,QADE + PyZX,15,22,7,0,0.8776582617824232,0.032463599993207026
21,ibm_brisbane,GHZ,8,QADE + PyZX,15,22,7,0,0.8776582617824232,0.021459900002810173
21,ibm_brisbane,GHZ,8,QADE + PyZX,15,22,7,0,0.8776582617824232,0.01791800000501098
21,ibm_brisbane,GHZ,8,QADE + PyZX,15,22,7,0,0.8776582617824232,0.019038099999306723
21,ibm_brisbane,GHZ,8,QADE + PyZX,15,22,7,0,0.8776582617824232,0.02037459999701241
21,ibm_brisbane,GHZ,8,QADE + Knowledge Graph,15,22,7,0,0.8776582617824232,0.0030048000044189394
21,ibm_brisbane,GHZ,8,QADE + Knowledge Graph,15,22,7,0,0.8776582617824232,0.0026895000046351925
21,ibm_brisbane,GHZ,8,QADE + Knowledge Graph,15,22,7,0,0.8776582617824232,0.0026914000045508146
21,ibm_brisbane,GHZ,8,QADE + Knowledge Graph,15,22,7,0,0.8776582617824232,0.0026458000065758824
21,ibm_brisbane,GHZ,8,QADE + Knowledge Graph,15,22,7,0,0.8776582617824232,0.0026842000006581657
21,ibm_brisbane,GHZ,8,QADE + Knowledge Graph,15,22,7,0,0.8776582617824232,0.0025606999988667667
21,ibm_brisbane,GHZ,8,QADE + Knowledge Graph,15,22,7,0,0.8776582617824232,0.0042025000002468005
21,ibm_brisbane,GHZ,8,QADE + Knowledge Graph,15,22,7,0,0.8776582617824232,0.004807899997103959
21,ibm_brisbane,GHZ,8,QADE + Knowledge Graph,15,22,7,0,0.8776582617824232,0.003766500005440321
21,ibm_brisbane,GHZ,8,QADE + Knowledge Graph,15,22,7,0,0.8776582617824232,0.0030506000039167702
21,ibm_brisbane,GHZ,8,QADE + Knowledge Graph,15,22,7,0,0.8776582617824232,0.0030291000002762303
21,ibm_brisbane,GHZ,8,QADE + Knowledge Graph,15,22,7,0,0.8776582617824232,0.0029174000010243617
21,ibm_brisbane,GHZ,8,QADE + Knowledge Graph,15,22,7,0,0.8776582617824232,0.004441500001121312
21,ibm_brisbane,GHZ,8,QADE + Knowledge Graph,15,22,7,0,0.8776582617824232,0.003945099997508805
21,ibm_brisbane,GHZ,8,QADE + Knowledge Graph,15,22,7,0,0.8776582617824232,0.003120699999271892
21,ibm_brisbane,GHZ,8,QADE + Knowledge Graph,15,22,7,0,0.8776582617824232,0.003012299996044021
21,ibm_brisbane,GHZ,8,QADE + Knowledge Graph,15,22,7,0,0.8776582617824232,0.0029995000004419126
21,ibm_brisbane,GHZ,8,QADE + Knowledge Graph,15,22,7,0,0.8776582617824232,0.002664599996933248
21,ibm_brisbane,GHZ,8,QADE + Knowledge Graph,15,22,7,0,0.8776582617824232,0.0029408999980660155
21,ibm_brisbane,GHZ,8,QADE + Knowledge Graph,15,22,7,0,0.8776582617824232,0.002561799999966752
21,ibm_brisbane,GHZ,8,QADE + Knowledge Graph,15,22,7,0,0.8776582617824232,0.002721200005908031
21,ibm_brisbane,GHZ,8,QADE + Knowledge Graph,15,22,7,0,0.8776582617824232,0.0032854000019142404
21,ibm_brisbane,GHZ,8,QADE + Knowledge Graph,15,22,7,0,0.8776582617824232,0.0027938999992329627
21,ibm_brisbane,GHZ,8,QADE + Knowledge Graph,15,22,7,0,0.8776582617824232,0.003049999999348074
21,ibm_brisbane,GHZ,8,QADE + Knowledge Graph,15,22,7,0,0.8776582617824232,0.0025992999944719486
21,ibm_brisbane,GHZ,8,QADE + Knowledge Graph,15,22,7,0,0.8776582617824232,0.0032279000006383285
21,ibm_brisbane,GHZ,8,QADE + Knowledge Graph,15,22,7,0,0.8776582617824232,0.0024627999955555424
21,ibm_brisbane,GHZ,8,QADE + Knowledge Graph,15,22,7,0,0.8776582617824232,0.0027273000014247373
21,ibm_brisbane,GHZ,8,QADE + Knowledge Graph,15,22,7,0,0.8776582617824232,0.0025500999981886707
21,ibm_brisbane,GHZ,8,QADE + Knowledge Graph,15,22,7,0,0.8776582617824232,0.0024637000024085864
21,ibm_brisbane,GHZ,8,QADE + Evolution + PyZX,13,22,7,0,0.8776582617824232,0.058886499995423947
21,ibm_brisbane,GHZ,8,QADE + Evolution + PyZX,9,22,7,0,0.8776582617824232,0.06137909999961266
21,ibm_brisbane,GHZ,8,QADE + Evolution + PyZX,9,22,7,0,0.8776582617824232,0.054151100004673935
21,ibm_brisbane,GHZ,8,QADE + Evolution + PyZX,11,22,7,0,0.8776582617824232,0.05235499999980675
21,ibm_brisbane,GHZ,8,QADE + Evolution + PyZX,9,22,7,0,0.8776582617824232,0.05803610000293702
21,ibm_brisbane,GHZ,8,QADE + Evolution + PyZX,13,22,7,0,0.8776582617824232,0.06402340000204276
21,ibm_brisbane,GHZ,8,QADE + Evolution + PyZX,9,22,7,0,0.8776582617824232,0.05580280000140192
21,ibm_brisbane,GHZ,8,QADE + Evolution + PyZX,9,22,7,0,0.8776582617824232,0.05704039999545785
21,ibm_brisbane,GHZ,8,QADE + Evolution + PyZX,11,22,7,0,0.8776582617824232,0.06402350000280421
21,ibm_brisbane,GHZ,8,QADE + Evolution + PyZX,11,22,7,0,0.8776582617824232,0.0595746999970288
21,ibm_brisbane,GHZ,8,QADE + Evolution + PyZX,11,22,7,0,0.8776582617824232,0.07355139999708626
21,ibm_brisbane,GHZ,8,QADE + Evolution + PyZX,9,22,7,0,0.8776582617824232,0.06809210000210442
21,ibm_brisbane,GHZ,8,QADE + Evolution + PyZX,11,22,7,0,0.8776582617824232,0.1732218000033754
21,ibm_brisbane,GHZ,8,QADE + Evolution + PyZX,9,22,7,0,0.8776582617824232,0.054984399997920264
21,ibm_brisbane,GHZ,8,QADE + Evolution + PyZX,9,22,7,0,0.8776582617824232,0.07353829999919981
21,ibm_brisbane,GHZ,8,QADE + Evolution + PyZX,9,22,7,0,0.8776582617824232,0.06496540000080131
21,ibm_brisbane,GHZ,8,QADE + Evolution + PyZX,9,22,7,0,0.8776582617824232,0.06363689999852795
21,ibm_brisbane,GHZ,8,QADE + Evolution + PyZX,13,22,7,0,0.8776582617824232,0.061921199994685594
21,ibm_brisbane,GHZ,8,QADE + Evolution + PyZX,11,22,7,0,0.8776582617824232,0.06395879999763565
21,ibm_brisbane,GHZ,8,QADE + Evolution + PyZX,9,22,7,0,0.8776582617824232,0.062232100004621316
21,ibm_brisbane,GHZ,8,QADE + Evolution + PyZX,9,22,7,0,0.8776582617824232,0.08028110000304878
21,ibm_brisbane,GHZ,8,QADE + Evolution + PyZX,11,22,7,0,0.8776582617824232,0.076063400003477
21,ibm_brisbane,GHZ,8,QADE + Evolution + PyZX,9,22,7,0,0.8776582617824232,0.06514790000073845
21,ibm_brisbane,GHZ,8,QADE + Evolution + PyZX,9,22,7,0,0.8776582617824232,0.05603170000540558
21,ibm_brisbane,GHZ,8,QADE + Evolution + PyZX,11,22,7,0,0.8776582617824232,0.05831190000026254
21,ibm_brisbane,GHZ,8,QADE + Evolution + PyZX,13,22,7,0,0.8776582617824232,0.06086879999929806
21,ibm_brisbane,GHZ,8,QADE + Evolution + PyZX,11,22,7,0,0.8776582617824232,0.07287429999996675
21,ibm_brisbane,GHZ,8,QADE + Evolution + PyZX,11,22,7,0,0.8776582617824232,0.06251930000144057
21,ibm_brisbane,GHZ,8,QADE + Evolution + PyZX,9,22,7,0,0.8776582617824232,0.05897050000203308
21,ibm_brisbane,GHZ,8,QADE + Evolution + PyZX,9,22,7,0,0.8776582617824232,0.060826799999631476
22,ibm_brisbane,QFT,8,Qiskit,137,355,77,0,0.4749681641778274,0.01624920000176644
22,ibm_brisbane,QFT,8,Qiskit,137,355,77,0,0.4749681641778274,0.01807589999953052
22,ibm_brisbane,QFT,8,Qiskit,138,353,77,0,0.47591952731292597,0.015633199996955227
22,ibm_brisbane,QFT,8,Qiskit,137,355,77,0,0.4749681641778274,0.014665700000477955
22,ibm_brisbane,QFT,8,Qiskit,136,357,77,0,0.4740187028176359,0.013575299999502022
22,ibm_brisbane,QFT,8,Qiskit,138,353,77,0,0.47591952731292597,0.014058300002943724
22,ibm_brisbane,QFT,8,Qiskit,137,360,77,0,0.47259806829127277,0.014230900000256952
22,ibm_brisbane,QFT,8,Qiskit,137,360,77,0,0.47259806829127277,0.013993600005051121
22,ibm_brisbane,QFT,8,Qiskit,136,357,77,0,0.4740187028176359,0.014292200001364108
22,ibm_brisbane,QFT,8,Qiskit,137,360,77,0,0.47259806829127277,0.014300099996034987
22,ibm_brisbane,QFT,8,Qiskit,137,355,77,0,0.4749681641778274,0.014557999995304272
22,ibm_brisbane,QFT,8,Qiskit,137,355,77,0,0.4749681641778274,0.015133700006117579
22,ibm_brisbane,QFT,8,Qiskit,138,353,77,0,0.47591952731292597,0.014631099998950958
22,ibm_brisbane,QFT,8,Qiskit,138,353,77,0,0.47591952731292597,0.014319499998237006
22,ibm_brisbane,QFT,8,Qiskit,136,357,77,0,0.4740187028176359,0.013596500000858214
22,ibm_brisbane,QFT,8,Qiskit,137,360,77,0,0.47259806829127277,0.014020300004631281
22,ibm_brisbane,QFT,8,Qiskit,138,353,77,0,0.47591952731292597,0.0157723000011174
22,ibm_brisbane,QFT,8,Qiskit,137,355,77,0,0.4749681641778274,0.014862500000162981
22,ibm_brisbane,QFT,8,Qiskit,137,355,77,0,0.4749681641778274,0.0156221000070218
22,ibm_brisbane,QFT,8,Qiskit,138,353,77,0,0.47591952731292597,0.01449529999808874
22,ibm_brisbane,QFT,8,Qiskit,138,353,77,0,0.47591952731292597,0.014770999994652811
22,ibm_brisbane,QFT,8,Qiskit,137,355,77,0,0.4749681641778274,0.015610000002197921
22,ibm_brisbane,QFT,8,Qiskit,137,360,77,0,0.47259806829127277,0.016212000002269633
22,ibm_brisbane,QFT,8,Qiskit,138,353,77,0,0.47591952731292597,0.019642700004624203
22,ibm_brisbane,QFT,8,Qiskit,136,357,77,0,0.4740187028176359,0.016681100001733284
22,ibm_brisbane,QFT,8,Qiskit,137,355,77,0,0.4749681641778274,0.01751269999658689
22,ibm_brisbane,QFT,8,Qiskit,137,355,77,0,0.4749681641778274,0.015940299999783747
22,ibm_brisbane,QFT,8,Qiskit,137,355,77,0,0.4749681641778274,0.016184799998882227
22,ibm_brisbane,QFT,8,Qiskit,136,357,77,0,0.4740187028176359,0.0157242999994196
22,ibm_brisbane,QFT,8,Qiskit,137,360,77,0,0.47259806829127277,0.01542469999549212
22,ibm_brisbane,QFT,8,PyZX,132,148,140,112,0.1463893691362162,0.007945299999846611
22,ibm_brisbane,QFT,8,PyZX,132,148,140,112,0.1463893691362162,0.008395299999392591
22,ibm_brisbane,QFT,8,PyZX,132,148,140,112,0.1463893691362162,0.01270479999948293
22,ibm_brisbane,QFT,8,PyZX,132,148,140,112,0.1463893691362162,0.009179799999401439
22,ibm_brisbane,QFT,8,PyZX,132,148,140,112,0.1463893691362162,0.0074431999964872375
22,ibm_brisbane,QFT,8,PyZX,132,148,140,112,0.1463893691362162,0.006825199998274911
22,ibm_brisbane,QFT,8,PyZX,132,148,140,112,0.1463893691362162,0.007265599997481331
22,ibm_brisbane,QFT,8,PyZX,132,148,140,112,0.1463893691362162,0.006829199999629054
22,ibm_brisbane,QFT,8,PyZX,132,148,140,112,0.1463893691362162,0.006838900000730064
22,ibm_brisbane,QFT,8,PyZX,132,148,140,112,0.1463893691362162,0.0067269999999552965
22,ibm_brisbane,QFT,8,PyZX,132,148,140,112,0.1463893691362162,0.006659599996055476
22,ibm_brisbane,QFT,8,PyZX,132,148,140,112,0.1463893691362162,0.006955299999390263
22,ibm_brisbane,QFT,8,PyZX,132,148,140,112,0.1463893691362162,0.006944699998712167
22,ibm_brisbane,QFT,8,PyZX,132,148,140,112,0.1463893691362162,0.006943300002603792
22,ibm_brisbane,QFT,8,PyZX,132,148,140,112,0.1463893691362162,0.0071054000000003725
22,ibm_brisbane,QFT,8,PyZX,132,148,140,112,0.1463893691362162,0.006921899999724701
22,ibm_brisbane,QFT,8,PyZX,132,148,140,112,0.1463893691362162,0.0069382000001496635
22,ibm_brisbane,QFT,8,PyZX,132,148,140,112,0.1463893691362162,0.006999299999733921
22,ibm_brisbane,QFT,8,PyZX,132,148,140,112,0.1463893691362162,0.006977900004130788
22,ibm_brisbane,QFT,8,PyZX,132,148,140,112,0.1463893691362162,0.007046100006846245
22,ibm_brisbane,QFT,8,PyZX,132,148,140,112,0.1463893691362162,0.0069788000037078746
22,ibm_brisbane,QFT,8,PyZX,132,148,140,112,0.1463893691362162,0.006986800006416161
22,ibm_brisbane,QFT,8,PyZX,132,148,140,112,0.1463893691362162,0.009823200001846999
22,ibm_brisbane,QFT,8,PyZX,132,148,140,112,0.1463893691362162,0.014311800005089026
22,ibm_brisbane,QFT,8,PyZX,132,148,140,112,0.1463893691362162,0.01273889999720268
22,ibm_brisbane,QFT,8,PyZX,132,148,140,112,0.1463893691362162,0.012715999997453764
22,ibm_brisbane,QFT,8,PyZX,132,148,140,112,0.1463893691362162,0.007297700001799967
22,ibm_brisbane,QFT,8,PyZX,132,148,140,112,0.1463893691362162,0.007404099997074809
22,ibm_brisbane,QFT,8,PyZX,132,148,140,112,0.1463893691362162,0.01113499999337364
22,ibm_brisbane,QFT,8,PyZX,132,148,140,112,0.1463893691362162,0.007122999995772261
22,ibm_brisbane,QFT,8,TKET,37,72,45,28,0.5402024698579841,0.8668037999959779
22,ibm_brisbane,QFT,8,TKET,37,72,45,28,0.5402024698579841,0.8928625999978976
22,ibm_brisbane,QFT,8,TKET,37,72,45,28,0.5402024698579841,0.9720913999990444
22,ibm_brisbane,QFT,8,TKET,37,72,45,28,0.5402024698579841,0.8451874000020325
22,ibm_brisbane,QFT,8,TKET,37,72,45,28,0.5402024698579841,0.87466570000106
22,ibm_brisbane,QFT,8,TKET,37,72,45,28,0.5402024698579841,0.846286300002248
22,ibm_brisbane,QFT,8,TKET,37,72,45,28,0.5402024698579841,0.8384369999985211
22,ibm_brisbane,QFT,8,TKET,37,72,45,28,0.5402024698579841,0.8513008000008995
22,ibm_brisbane,QFT,8,TKET,37,72,45,28,0.5402024698579841,0.850533999997424
22,ibm_brisbane,QFT,8,TKET,37,72,45,28,0.5402024698579841,0.8354763999959687
22,ibm_brisbane,QFT,8,TKET,37,72,45,28,0.5402024698579841,0.857463899999857
22,ibm_brisbane,QFT,8,TKET,37,72,45,28,0.5402024698579841,0.8419452000016463
22,ibm_brisbane,QFT,8,TKET,37,72,45,28,0.5402024698579841,0.8573441999978968
22,ibm_brisbane,QFT,8,TKET,37,72,45,28,0.5402024698579841,0.8508005999974557
22,ibm_brisbane,QFT,8,TKET,37,72,45,28,0.5402024698579841,0.8463797999938834
22,ibm_brisbane,QFT,8,TKET,37,72,45,28,0.5402024698579841,0.8371095000038622
22,ibm_brisbane,QFT,8,TKET,37,72,45,28,0.5402024698579841,0.8393875999972806
22,ibm_brisbane,QFT,8,TKET,37,72,45,28,0.5402024698579841,0.8456588999979431
22,ibm_brisbane,QFT,8,TKET,37,72,45,28,0.5402024698579841,0.8457293000028585
22,ibm_brisbane,QFT,8,TKET,37,72,45,28,0.5402024698579841,0.8404751000052784
22,ibm_brisbane,QFT,8,TKET,37,72,45,28,0.5402024698579841,0.8417344999979832
22,ibm_brisbane,QFT,8,TKET,37,72,45,28,0.5402024698579841,0.8412683999995352
22,ibm_brisbane,QFT,8,TKET,37,72,45,28,0.5402024698579841,0.8525633999961428
22,ibm_brisbane,QFT,8,TKET,37,72,45,28,0.5402024698579841,0.843679700003122
22,ibm_brisbane,QFT,8,TKET,37,72,45,28,0.5402024698579841,0.8911596999969333
22,ibm_brisbane,QFT,8,TKET,37,72,45,28,0.5402024698579841,0.8705068999988725
22,ibm_brisbane,QFT,8,TKET,37,72,45,28,0.5402024698579841,0.8751198999962071
22,ibm_brisbane,QFT,8,TKET,37,72,45,28,0.5402024698579841,0.8664378999965265
22,ibm_brisbane,QFT,8,TKET,37,72,45,28,0.5402024698579841,0.8373907999994117
22,ibm_brisbane,QFT,8,TKET,37,72,45,28,0.5402024698579841,0.8453238000001875
22,ibm_brisbane,QFT,8,BQSKit,15,36,28,0,0.7955211372315966,0.10552599999937229
22,ibm_brisbane,QFT,8,BQSKit,15,36,28,0,0.7955211372315966,0.10709119999955874
22,ibm_brisbane,QFT,8,BQSKit,15,36,28,0,0.7955211372315966,0.1351079000014579
22,ibm_brisbane,QFT,8,BQSKit,15,36,28,0,0.7955211372315966,0.10373840000102064
22,ibm_brisbane,QFT,8,BQSKit,15,36,28,0,0.7955211372315966,0.1043472000019392
22,ibm_brisbane,QFT,8,BQSKit,15,36,28,0,0.7955211372315966,0.10617930000444176
22,ibm_brisbane,QFT,8,BQSKit,15,36,28,0,0.7955211372315966,0.11644679999881191
22,ibm_brisbane,QFT,8,BQSKit,15,36,28,0,0.7955211372315966,0.11492480000015348
22,ibm_brisbane,QFT,8,BQSKit,15,36,28,0,0.7955211372315966,0.10695180000038818
22,ibm_brisbane,QFT,8,BQSKit,15,36,28,0,0.7955211372315966,0.11111619999428513
22,ibm_brisbane,QFT,8,BQSKit,15,36,28,0,0.7955211372315966,0.10731759999907808
22,ibm_brisbane,QFT,8,BQSKit,15,36,28,0,0.7955211372315966,0.10689179999462795
22,ibm_brisbane,QFT,8,BQSKit,15,36,28,0,0.7955211372315966,0.10866320000059204
22,ibm_brisbane,QFT,8,BQSKit,15,36,28,0,0.7955211372315966,0.10369319999881554
22,ibm_brisbane,QFT,8,BQSKit,15,36,28,0,0.7955211372315966,0.10587479999958305
22,ibm_brisbane,QFT,8,BQSKit,15,36,28,0,0.7955211372315966,0.10944240000389982
22,ibm_brisbane,QFT,8,BQSKit,15,36,28,0,0.7955211372315966,0.10295190000033472
22,ibm_brisbane,QFT,8,BQSKit,15,36,28,0,0.7955211372315966,0.10612890000629704
22,ibm_brisbane,QFT,8,BQSKit,15,36,28,0,0.7955211372315966,0.10777360000065528
22,ibm_brisbane,QFT,8,BQSKit,15,36,28,0,0.7955211372315966,0.10348720000183675
22,ibm_brisbane,QFT,8,BQSKit,15,36,28,0,0.7955211372315966,0.1049157000015839
22,ibm_brisbane,QFT,8,BQSKit,15,36,28,0,0.7955211372315966,0.10641459999897052
22,ibm_brisbane,QFT,8,BQSKit,15,36,28,0,0.7955211372315966,0.10983370000030845
22,ibm_brisbane,QFT,8,BQSKit,15,36,28,0,0.7955211372315966,0.10696849999658298
22,ibm_brisbane,QFT,8,BQSKit,15,36,28,0,0.7955211372315966,0.10600500000145985
22,ibm_brisbane,QFT,8,BQSKit,15,36,28,0,0.7955211372315966,0.10807070000009844
22,ibm_brisbane,QFT,8,BQSKit,15,36,28,0,0.7955211372315966,0.1070352999959141
22,ibm_brisbane,QFT,8,BQSKit,15,36,28,0,0.7955211372315966,0.10771110000496265
22,ibm_brisbane,QFT,8,BQSKit,15,36,28,0,0.7955211372315966,0.11766519999946468
22,ibm_brisbane,QFT,8,BQSKit,15,36,28,0,0.7955211372315966,0.10743730000103824
22,ibm_brisbane,QFT,8,Cirq-native,15,36,0,0,0.8901006801970848,0.0024082999952952377
22,ibm_brisbane,QFT,8,Cirq-native,15,36,0,0,0.8901006801970848,0.0019476000015856698
22,ibm_brisbane,QFT,8,Cirq-native,15,36,0,0,0.8901006801970848,0.0017410000000381842
22,ibm_brisbane,QFT,8,Cirq-native,15,36,0,0,0.8901006801970848,0.0016612000035820529
22,ibm_brisbane,QFT,8,Cirq-native,15,36,0,0,0.8901006801970848,0.0021073000025353394
22,ibm_brisbane,QFT,8,Cirq-native,15,36,0,0,0.8901006801970848,0.0017986999955610372
22,ibm_brisbane,QFT,8,Cirq-native,15,36,0,0,0.8901006801970848,0.0016949999990174547
22,ibm_brisbane,QFT,8,Cirq-native,15,36,0,0,0.8901006801970848,0.0016532000008737668
22,ibm_brisbane,QFT,8,Cirq-native,15,36,0,0,0.8901006801970848,0.0030203999995137565
22,ibm_brisbane,QFT,8,Cirq-native,15,36,0,0,0.8901006801970848,0.0017900999955600128
22,ibm_brisbane,QFT,8,Cirq-native,15,36,0,0,0.8901006801970848,0.0016940999994403683
22,ibm_brisbane,QFT,8,Cirq-native,15,36,0,0,0.8901006801970848,0.0018217999968328513
22,ibm_brisbane,QFT,8,Cirq-native,15,36,0,0,0.8901006801970848,0.0017726000005495735
22,ibm_brisbane,QFT,8,Cirq-native,15,36,0,0,0.8901006801970848,0.0016907000026549213
22,ibm_brisbane,QFT,8,Cirq-native,15,36,0,0,0.8901006801970848,0.0016860000032465905
22,ibm_brisbane,QFT,8,Cirq-native,15,36,0,0,0.8901006801970848,0.0018560999960754998
22,ibm_brisbane,QFT,8,Cirq-native,15,36,0,0,0.8901006801970848,0.001716799997666385
22,ibm_brisbane,QFT,8,Cirq-native,15,36,0,0,0.8901006801970848,0.0017415999973309226
22,ibm_brisbane,QFT,8,Cirq-native,15,36,0,0,0.8901006801970848,0.0016527000043424778
22,ibm_brisbane,QFT,8,Cirq-native,15,36,0,0,0.8901006801970848,0.0018320000017411076
22,ibm_brisbane,QFT,8,Cirq-native,15,36,0,0,0.8901006801970848,0.0016805000050226226
22,ibm_brisbane,QFT,8,Cirq-native,15,36,0,0,0.8901006801970848,0.0016413999983342364
22,ibm_brisbane,QFT,8,Cirq-native,15,36,0,0,0.8901006801970848,0.0016329999998561107
22,ibm_brisbane,QFT,8,Cirq-native,15,36,0,0,0.8901006801970848,0.0017658999931882136
22,ibm_brisbane,QFT,8,Cirq-native,15,36,0,0,0.8901006801970848,0.0017185999968205579
22,ibm_brisbane,QFT,8,Cirq-native,15,36,0,0,0.8901006801970848,0.0016225999934249558
22,ibm_brisbane,QFT,8,Cirq-native,15,36,0,0,0.8901006801970848,0.001760600003763102
22,ibm_brisbane,QFT,8,Cirq-native,15,36,0,0,0.8901006801970848,0.0017747000019880943
22,ibm_brisbane,QFT,8,Cirq-native,15,36,0,0,0.8901006801970848,0.0016546000042581
22,ibm_brisbane,QFT,8,Cirq-native,15,36,0,0,0.8901006801970848,0.001612200001545716
22,ibm_brisbane,QFT,8,QADE,8,8,7,0,0.8900381251498612,0.02009169999655569
22,ibm_brisbane,QFT,8,QADE,7,8,7,0,0.8900381251498612,0.013986300000397023
22,ibm_brisbane,QFT,8,QADE,6,8,7,0,0.8900381251498612,0.015822099994693417
22,ibm_brisbane,QFT,8,QADE,8,8,7,0,0.8900381251498612,0.017090599998482503
22,ibm_brisbane,QFT,8,QADE,1,1,0,0,0.9218219497334922,0.013154000000213273
22,ibm_brisbane,QFT,8,QADE,6,8,7,0,0.8900381251498612,0.018497600001865067
22,ibm_brisbane,QFT,8,QADE,5,8,7,0,0.8900381251498612,0.024119100002280902
22,ibm_brisbane,QFT,8,QADE,11,25,9,3,0.8421249689799511,0.024841999998898245
22,ibm_brisbane,QFT,8,QADE,3,4,2,1,0.9025511927376673,0.012103699998988304
22,ibm_brisbane,QFT,8,QADE,11,25,17,3,0.8155250105164159,0.03232239999488229
22,ibm_brisbane,QFT,8,QADE,9,24,11,2,0.8447206118201775,0.13643210000009276
22,ibm_brisbane,QFT,8,QADE,7,8,7,0,0.8900381251498612,0.018364800002018455
22,ibm_brisbane,QFT,8,QADE,10,31,18,7,0.7754260832286544,0.04532710000057705
22,ibm_brisbane,QFT,8,QADE,9,23,12,4,0.8253373424160643,0.02839769999991404
22,ibm_brisbane,QFT,8,QADE,13,28,15,3,0.8196313553322045,0.038817299995571375
22,ibm_brisbane,QFT,8,QADE,3,6,3,0,0.9062484226858061,0.014544700003170874
22,ibm_brisbane,QFT,8,QADE,9,12,9,1,0.8705603795793532,0.02177750000555534
22,ibm_brisbane,QFT,8,QADE,7,17,6,2,0.8678940504966631,0.03348250000271946
22,ibm_brisbane,QFT,8,QADE,4,14,5,2,0.8740024580459589,0.022715300001436844
22,ibm_brisbane,QFT,8,QADE,12,29,15,3,0.8188117239768723,0.042186999999103136
22,ibm_brisbane,QFT,8,QADE,8,26,13,3,0.8278895536296604,0.030677300004754215
22,ibm_brisbane,QFT,8,QADE,8,12,8,0,0.8829338265987552,0.01987830000143731
22,ibm_brisbane,QFT,8,QADE,6,13,5,1,0.8837593387862268,0.018735999998170882
22,ibm_brisbane,QFT,8,QADE,4,13,5,1,0.8837593387862268,0.024698300003365148
22,ibm_brisbane,QFT,8,QADE,7,19,7,2,0.8626910256639357,0.027093900003819726
22,ibm_brisbane,QFT,8,QADE,8,23,8,2,0.8558050120983433,0.022473699995316565
22,ibm_brisbane,QFT,8,QADE,1,1,0,0,0.9218219497334922,0.014146399997116532
22,ibm_brisbane,QFT,8,QADE,9,11,10,0,0.8767541948772339,0.019204600001103245
22,ibm_brisbane,QFT,8,QADE,9,31,13,5,0.8072836249817239,0.045506400005251635
22,ibm_brisbane,QFT,8,QADE,3,7,2,0,0.9089817407928213,0.016157999998540618
22,ibm_brisbane,QFT,8,QADE + PyZX,35,63,33,18,0.632768080955027,0.04250869999668794
22,ibm_brisbane,QFT,8,QADE + PyZX,5,18,2,0,0.8990327859574009,0.025253199994040187
22,ibm_brisbane,QFT,8,QADE + PyZX,9,22,7,0,0.8776582617824232,0.01705700000457
22,ibm_brisbane,QFT,8,QADE + PyZX,24,44,24,10,0.7248977582832143,0.035086299998511095
22,ibm_brisbane,QFT,8,QADE + PyZX,7,23,7,0,0.8767806035206408,0.02027230000385316
22,ibm_brisbane,QFT,8,QADE + PyZX,9,22,7,0,0.8776582617824232,0.017980299999180716
22,ibm_brisbane,QFT,8,QADE + PyZX,8,34,6,0,0.8706702626530709,0.0355039999994915
22,ibm_brisbane,QFT,8,QADE + PyZX,9,22,7,0,0.8776582617824232,0.015251999997417443
22,ibm_brisbane,QFT,8,QADE + PyZX,13,22,7,0,0.8776582617824232,0.016494999996211845
22,ibm_brisbane,QFT,8,QADE + PyZX,7,15,7,2,0.8661504339609113,0.015609800000675023
22,ibm_brisbane,QFT,8,QADE + PyZX,9,22,7,0,0.8776582617824232,0.018779400001221802
22,ibm_brisbane,QFT,8,QADE + PyZX,16,43,22,6,0.7616290218043449,0.036949399996956345
22,ibm_brisbane,QFT,8,QADE + PyZX,20,45,30,14,0.6789540747226308,0.03598770000098739
22,ibm_brisbane,QFT,8,QADE + PyZX,8,20,4,0,0.8900649339174759,0.019905900000594556
22,ibm_brisbane,QFT,8,QADE + PyZX,14,35,14,4,0.8089702282271526,0.023907499999040738
22,ibm_brisbane,QFT,8,QADE + PyZX,24,42,23,10,0.7292697303164614,0.03858139999647392
22,ibm_brisbane,QFT,8,QADE + PyZX,15,22,7,0,0.8776582617824232,0.025885100003506523
22,ibm_brisbane,QFT,8,QADE + PyZX,4,9,4,0,0.8999146479284128,0.01816349999717204
22,ibm_brisbane,QFT,8,QADE + PyZX,48,79,55,28,0.5153365056072008,0.044933400000445545
22,ibm_brisbane,QFT,8,QADE + PyZX,49,74,49,34,0.49934052154340475,0.045971300001838244
22,ibm_brisbane,QFT,8,QADE + PyZX,11,22,7,0,0.8776582617824232,0.01893700000073295
22,ibm_brisbane,QFT,8,QADE + PyZX,22,44,24,10,0.7248977582832143,0.035032700005103834
22,ibm_brisbane,QFT,8,QADE + PyZX,15,22,7,0,0.8776582617824232,0.019974100003310014
22,ibm_brisbane,QFT,8,QADE + PyZX,9,22,8,0,0.8741441145880993,0.02639919999637641
22,ibm_brisbane,QFT,8,QADE + PyZX,7,17,7,0,0.882059748744848,0.019420399999944493
22,ibm_brisbane,QFT,8,QADE + PyZX,11,22,7,0,0.8776582617824232,0.018187699999543838
22,ibm_brisbane,QFT,8,QADE + PyZX,15,23,7,0,0.8767806035206408,0.019506200005707797
22,ibm_brisbane,QFT,8,QADE + PyZX,9,22,7,0,0.8776582617824232,0.02291930000501452
22,ibm_brisbane,QFT,8,QADE + PyZX,10,28,9,2,0.8481249888403699,0.026339000003645197
22,ibm_brisbane,QFT,8,QADE + PyZX,15,22,7,0,0.8776582617824232,0.021086799999466166
22,ibm_brisbane,QFT,8,QADE + Knowledge Graph,132,148,140,112,0.1463893691362162,0.007205900001281407
22,ibm_brisbane,QFT,8,QADE + Knowledge Graph,132,148,140,112,0.1463893691362162,0.006979300000239164
22,ibm_brisbane,QFT,8,QADE + Knowledge Graph,132,148,140,112,0.1463893691362162,0.006869500000902917
22,ibm_brisbane,QFT,8,QADE + Knowledge Graph,132,148,140,112,0.1463893691362162,0.006768300001567695
22,ibm_brisbane,QFT,8,QADE + Knowledge Graph,132,148,140,112,0.1463893691362162,0.0067639000044437125
22,ibm_brisbane,QFT,8,QADE + Knowledge Graph,132,148,140,112,0.1463893691362162,0.006603699999686796
22,ibm_brisbane,QFT,8,QADE + Knowledge Graph,132,148,140,112,0.1463893691362162,0.006565299998328555
22,ibm_brisbane,QFT,8,QADE + Knowledge Graph,132,148,140,112,0.1463893691362162,0.006540200003655627
22,ibm_brisbane,QFT,8,QADE + Knowledge Graph,132,148,140,112,0.1463893691362162,0.006491899999673478
22,ibm_brisbane,QFT,8,QADE + Knowledge Graph,132,148,140,112,0.1463893691362162,0.006376299999828916
22,ibm_brisbane,QFT,8,QADE + Knowledge Graph,132,148,140,112,0.1463893691362162,0.006456999995862134
22,ibm_brisbane,QFT,8,QADE + Knowledge Graph,132,148,140,112,0.1463893691362162,0.0064431999999214895
22,ibm_brisbane,QFT,8,QADE + Knowledge Graph,132,148,140,112,0.1463893691362162,0.0065088999981526285
22,ibm_brisbane,QFT,8,QADE + Knowledge Graph,132,148,140,112,0.1463893691362162,0.006375099997967482
22,ibm_brisbane,QFT,8,QADE + Knowledge Graph,132,148,140,112,0.1463893691362162,0.00656390000222018
22,ibm_brisbane,QFT,8,QADE + Knowledge Graph,132,148,140,112,0.1463893691362162,0.006670099995972123
22,ibm_brisbane,QFT,8,QADE + Knowledge Graph,132,148,140,112,0.1463893691362162,0.006497700000181794
22,ibm_brisbane,QFT,8,QADE + Knowledge Graph,132,148,140,112,0.1463893691362162,0.00648170000204118
22,ibm_brisbane,QFT,8,QADE + Knowledge Graph,132,148,140,112,0.1463893691362162,0.006546299999172334
22,ibm_brisbane,QFT,8,QADE + Knowledge Graph,132,148,140,112,0.1463893691362162,0.006531099999847356
22,ibm_brisbane,QFT,8,QADE + Knowledge Graph,132,148,140,112,0.1463893691362162,0.006546100004925393
22,ibm_brisbane,QFT,8,QADE + Knowledge Graph,132,148,140,112,0.1463893691362162,0.006600699998671189
22,ibm_brisbane,QFT,8,QADE + Knowledge Graph,132,148,140,112,0.1463893691362162,0.006701400001475122
22,ibm_brisbane,QFT,8,QADE + Knowledge Graph,132,148,140,112,0.1463893691362162,0.006671199997072108
22,ibm_brisbane,QFT,8,QADE + Knowledge Graph,132,148,140,112,0.1463893691362162,0.00668020000011893
22,ibm_brisbane,QFT,8,QADE + Knowledge Graph,132,148,140,112,0.1463893691362162,0.0067745999986073
22,ibm_brisbane,QFT,8,QADE + Knowledge Graph,132,148,140,112,0.1463893691362162,0.0067329999947105534
22,ibm_brisbane,QFT,8,QADE + Knowledge Graph,132,148,140,112,0.1463893691362162,0.006766099999367725
22,ibm_brisbane,QFT,8,QADE + Knowledge Graph,132,148,140,112,0.1463893691362162,0.006689099995128345
22,ibm_brisbane,QFT,8,QADE + Knowledge Graph,132,148,140,112,0.1463893691362162,0.006685400003334507
22,ibm_brisbane,QFT,8,QADE + Evolution + PyZX,71,108,90,66,0.29635038486629994,0.4102067999992869
22,ibm_brisbane,QFT,8,QADE + Evolution + PyZX,105,130,116,88,0.20913799330505992,0.5767242000001715
22,ibm_brisbane,QFT,8,QADE + Evolution + PyZX,104,140,118,92,0.197267528246635,0.38659419999748934
22,ibm_brisbane,QFT,8,QADE + Evolution + PyZX,35,55,39,24,0.586064089897487,0.46360520000598626
22,ibm_brisbane,QFT,8,QADE + Evolution + PyZX,117,156,134,104,0.16128080849559315,0.5780137999972794
22,ibm_brisbane,QFT,8,QADE + Evolution + PyZX,54,88,67,46,0.4057963235500211,0.4200602999990224
22,ibm_brisbane,QFT,8,QADE + Evolution + PyZX,58,81,63,42,0.4323811192632783,0.45455110000330023
22,ibm_brisbane,QFT,8,QADE + Evolution + PyZX,52,85,63,40,0.4394428218455449,0.5389924999981304
22,ibm_brisbane,QFT,8,QADE + Evolution + PyZX,83,106,88,62,0.3116784210519177,0.44997629999852506
22,ibm_brisbane,QFT,8,QADE + Evolution + PyZX,83,118,104,74,0.25584201749783,0.4272095000051195
22,ibm_brisbane,QFT,8,QADE + Evolution + PyZX,78,104,82,62,0.31991175883349426,0.4164567999978317
22,ibm_brisbane,QFT,8,QADE + Evolution + PyZX,114,140,120,96,0.18794180216489592,0.5425830999956816
22,ibm_brisbane,QFT,8,QADE + Evolution + PyZX,83,115,97,76,0.2586417072557771,0.4133019000000786
22,ibm_brisbane,QFT,8,QADE + Evolution + PyZX,76,110,91,66,0.2945737643090264,0.38608779999776743
22,ibm_brisbane,QFT,8,QADE + Evolution + PyZX,70,98,78,48,0.3767235826086067,0.509632799999963
22,ibm_brisbane,QFT,8,QADE + Evolution + PyZX,122,161,139,108,0.15106042235149658,0.34534459999849787
22,ibm_brisbane,QFT,8,QADE + Evolution + PyZX,47,69,55,34,0.489908443500907,0.4729284999993979
22,ibm_brisbane,QFT,8,QADE + Evolution + PyZX,53,77,57,40,0.45376700528107305,0.4066787999981898
22,ibm_brisbane,QFT,8,QADE + Evolution + PyZX,96,122,104,72,0.2600204613639614,0.5304380000015954
22,ibm_brisbane,QFT,8,QADE + Evolution + PyZX,104,132,114,86,0.21469524628148795,0.4335168000034173
22,ibm_brisbane,QFT,8,QADE + Evolution + PyZX,66,96,84,62,0.31990533497030016,0.4026021000026958
22,ibm_brisbane,QFT,8,QADE + Evolution + PyZX,22,45,25,10,0.7212732694917983,0.5109369999991031
22,ibm_brisbane,QFT,8,QADE + Evolution + PyZX,43,69,53,34,0.49385532337299426,0.44938790000014706
22,ibm_brisbane,QFT,8,QADE + Evolution + PyZX,76,111,91,66,0.2942791905447174,0.42400759999873117
22,ibm_brisbane,QFT,8,QADE + Evolution + PyZX,64,90,74,50,0.37817675515246396,0.503217899997253
22,ibm_brisbane,QFT,8,QADE + Evolution + PyZX,53,78,60,42,0.4389322377786545,0.4191477999993367
22,ibm_brisbane,QFT,8,QADE + Evolution + PyZX,53,76,53,34,0.49040868980351243,0.3739534999986063
22,ibm_brisbane,QFT,8,QADE + Evolution + PyZX,24,47,27,12,0.69979735789268,0.3444256000002497
22,ibm_brisbane,QFT,8,QADE + Evolution + PyZX,125,170,148,114,0.13590558986028511,0.5158800999997766
22,ibm_brisbane,QFT,8,QADE + Evolution + PyZX,29,58,38,20,0.6108455081967828,0.4331996999972034
23,ibm_brisbane,VQE,8,Qiskit,15,57,7,0,0.8474567306831648,0.007564699997601565
23,ibm_brisbane,VQE,8,Qiskit,15,57,7,0,0.8474567306831648,0.006731699999363627
23,ibm_brisbane,VQE,8,Qiskit,11,39,7,0,0.8628568381315129,0.006327900002361275
23,ibm_brisbane,VQE,8,Qiskit,11,39,7,0,0.8628568381315129,0.006386900000507012
23,ibm_brisbane,VQE,8,Qiskit,11,39,7,0,0.8628568381315129,0.006272899998293724
23,ibm_brisbane,VQE,8,Qiskit,11,39,7,0,0.8628568381315129,0.006426599997212179
23,ibm_brisbane,VQE,8,Qiskit,11,39,7,0,0.8628568381315129,0.006213400003616698
23,ibm_brisbane,VQE,8,Qiskit,11,39,7,0,0.8628568381315129,0.006264800002099946
23,ibm_brisbane,VQE,8,Qiskit,11,39,7,0,0.8628568381315129,0.006155199997010641
23,ibm_brisbane,VQE,8,Qiskit,11,39,7,0,0.8628568381315129,0.006224500000826083
23,ibm_brisbane,VQE,8,Qiskit,15,57,7,0,0.8474567306831648,0.006734800001140684
23,ibm_brisbane,VQE,8,Qiskit,15,57,7,0,0.8474567306831648,0.006477599999925587
23,ibm_brisbane,VQE,8,Qiskit,11,39,7,0,0.8628568381315129,0.005798600002890453
23,ibm_brisbane,VQE,8,Qiskit,11,39,7,0,0.8628568381315129,0.005978900000627618
23,ibm_brisbane,VQE,8,Qiskit,11,39,7,0,0.8628568381315129,0.006104899999627378
23,ibm_brisbane,VQE,8,Qiskit,15,57,7,0,0.8474567306831648,0.006651099996815901
23,ibm_brisbane,VQE,8,Qiskit,11,39,7,0,0.8628568381315129,0.00617719999718247
23,ibm_brisbane,VQE,8,Qiskit,11,39,7,0,0.8628568381315129,0.006343200002447702
23,ibm_brisbane,VQE,8,Qiskit,15,57,7,0,0.8474567306831648,0.006623599998420104
23,ibm_brisbane,VQE,8,Qiskit,11,39,7,0,0.8628568381315129,0.0063349000047310255
23,ibm_brisbane,VQE,8,Qiskit,11,39,7,0,0.8628568381315129,0.006284999995841645
23,ibm_brisbane,VQE,8,Qiskit,15,57,7,0,0.8474567306831648,0.006860699999378994
23,ibm_brisbane,VQE,8,Qiskit,15,57,7,0,0.8474567306831648,0.00670209999952931
23,ibm_brisbane,VQE,8,Qiskit,11,39,7,0,0.8628568381315129,0.006179599993629381
23,ibm_brisbane,VQE,8,Qiskit,11,39,7,0,0.8628568381315129,0.005919099996390287
23,ibm_brisbane,VQE,8,Qiskit,11,39,7,0,0.8628568381315129,0.005919800001720432
23,ibm_brisbane,VQE,8,Qiskit,11,39,7,0,0.8628568381315129,0.006236799999896903
23,ibm_brisbane,VQE,8,Qiskit,11,39,7,0,0.8628568381315129,0.005888699997740332
23,ibm_brisbane,VQE,8,Qiskit,15,57,7,0,0.8474567306831648,0.006485799996880814
23,ibm_brisbane,VQE,8,Qiskit,15,57,7,0,0.8474567306831648,0.006667699999525212
23,ibm_brisbane,VQE,8,PyZX,157,196,150,114,0.13135759811908163,0.0058862000005319715
23,ibm_brisbane,VQE,8,PyZX,157,196,150,114,0.13135759811908163,0.005371899998863228
23,ibm_brisbane,VQE,8,PyZX,157,196,150,114,0.13135759811908163,0.005330899999535177
23,ibm_brisbane,VQE,8,PyZX,157,196,150,114,0.13135759811908163,0.00543669999751728
23,ibm_brisbane,VQE,8,PyZX,157,196,150,114,0.13135759811908163,0.005504099994141143
23,ibm_brisbane,VQE,8,PyZX,157,196,150,114,0.13135759811908163,0.005417599997599609
23,ibm_brisbane,VQE,8,PyZX,157,196,150,114,0.13135759811908163,0.0053592000040225685
23,ibm_brisbane,VQE,8,PyZX,157,196,150,114,0.13135759811908163,0.005383499999879859
23,ibm_brisbane,VQE,8,PyZX,157,196,150,114,0.13135759811908163,0.005455699996673502
23,ibm_brisbane,VQE,8,PyZX,157,196,150,114,0.13135759811908163,0.005399599998781923
23,ibm_brisbane,VQE,8,PyZX,157,196,150,114,0.13135759811908163,0.005347400001483038
23,ibm_brisbane,VQE,8,PyZX,157,196,150,114,0.13135759811908163,0.005274399998597801
23,ibm_brisbane,VQE,8,PyZX,157,196,150,114,0.13135759811908163,0.005391099999542348
23,ibm_brisbane,VQE,8,PyZX,157,196,150,114,0.13135759811908163,0.00535669999953825
23,ibm_brisbane,VQE,8,PyZX,157,196,150,114,0.13135759811908163,0.00548519999574637
23,ibm_brisbane,VQE,8,PyZX,157,196,150,114,0.13135759811908163,0.005368400001316331
23,ibm_brisbane,VQE,8,PyZX,157,196,150,114,0.13135759811908163,0.0052940000023227185
23,ibm_brisbane,VQE,8,PyZX,157,196,150,114,0.13135759811908163,0.005303899997670669
23,ibm_brisbane,VQE,8,PyZX,157,196,150,114,0.13135759811908163,0.0053152000036789104
23,ibm_brisbane,VQE,8,PyZX,157,196,150,114,0.13135759811908163,0.005379800000810064
23,ibm_brisbane,VQE,8,PyZX,157,196,150,114,0.13135759811908163,0.005317099996318575
23,ibm_brisbane,VQE,8,PyZX,157,196,150,114,0.13135759811908163,0.005371700004616287
23,ibm_brisbane,VQE,8,PyZX,157,196,150,114,0.13135759811908163,0.005391099999542348
23,ibm_brisbane,VQE,8,PyZX,157,196,150,114,0.13135759811908163,0.005370400001993403
23,ibm_brisbane,VQE,8,PyZX,157,196,150,114,0.13135759811908163,0.0053847999952267855
23,ibm_brisbane,VQE,8,PyZX,157,196,150,114,0.13135759811908163,0.00521899999876041
23,ibm_brisbane,VQE,8,PyZX,157,196,150,114,0.13135759811908163,0.0053699999989476055
23,ibm_brisbane,VQE,8,PyZX,157,196,150,114,0.13135759811908163,0.005366099998354912
23,ibm_brisbane,VQE,8,PyZX,157,196,150,114,0.13135759811908163,0.005511000003025401
23,ibm_brisbane,VQE,8,PyZX,157,196,150,114,0.13135759811908163,0.005425799994554836
23,ibm_brisbane,VQE,8,TKET,10,31,7,0,0.869790859510986,0.18684429999848362
23,ibm_brisbane,VQE,8,TKET,10,31,7,0,0.869790859510986,0.18655410000064876
23,ibm_brisbane,VQE,8,TKET,10,31,7,0,0.869790859510986,0.18517589999828488
23,ibm_brisbane,VQE,8,TKET,10,31,7,0,0.869790859510986,0.18433370000275318
23,ibm_brisbane,VQE,8,TKET,10,31,7,0,0.869790859510986,0.18942170000082115
23,ibm_brisbane,VQE,8,TKET,10,31,7,0,0.869790859510986,0.18310009999549948
23,ibm_brisbane,VQE,8,TKET,10,31,7,0,0.869790859510986,0.1837078999960795
23,ibm_brisbane,VQE,8,TKET,10,31,7,0,0.869790859510986,0.1846263000043109
23,ibm_brisbane,VQE,8,TKET,10,31,7,0,0.869790859510986,0.18428630000562407
23,ibm_brisbane,VQE,8,TKET,10,31,7,0,0.869790859510986,0.18409260000044014
23,ibm_brisbane,VQE,8,TKET,10,31,7,0,0.869790859510986,0.18670050000218907
23,ibm_brisbane,VQE,8,TKET,10,31,7,0,0.869790859510986,0.18341939999663737
23,ibm_brisbane,VQE,8,TKET,10,31,7,0,0.869790859510986,0.18690259999857517
23,ibm_brisbane,VQE,8,TKET,10,31,7,0,0.869790859510986,0.18547730000136653
23,ibm_brisbane,VQE,8,TKET,10,31,7,0,0.869790859510986,0.18280509999749484
23,ibm_brisbane,VQE,8,TKET,10,31,7,0,0.869790859510986,0.18102969999745255
23,ibm_brisbane,VQE,8,TKET,10,31,7,0,0.869790859510986,0.18103379999956815
23,ibm_brisbane,VQE,8,TKET,10,31,7,0,0.869790859510986,0.18116659999941476
23,ibm_brisbane,VQE,8,TKET,10,31,7,0,0.869790859510986,0.18409849999443395
23,ibm_brisbane,VQE,8,TKET,10,31,7,0,0.869790859510986,0.19407560000399826
23,ibm_brisbane,VQE,8,TKET,10,31,7,0,0.869790859510986,0.18277120000129798
23,ibm_brisbane,VQE,8,TKET,10,31,7,0,0.869790859510986,0.18280239999876358
23,ibm_brisbane,VQE,8,TKET,10,31,7,0,0.869790859510986,0.18143899999995483
23,ibm_brisbane,VQE,8,TKET,10,31,7,0,0.869790859510986,0.18268890000035753
23,ibm_brisbane,VQE,8,TKET,10,31,7,0,0.869790859510986,0.18263029999798164
23,ibm_brisbane,VQE,8,TKET,10,31,7,0,0.869790859510986,0.18082590000267373
23,ibm_brisbane,VQE,8,TKET,10,31,7,0,0.869790859510986,0.18125680000230204
23,ibm_brisbane,VQE,8,TKET,10,31,7,0,0.869790859510986,0.1846776999955182
23,ibm_brisbane,VQE,8,TKET,10,31,7,0,0.869790859510986,0.1825708999967901
23,ibm_brisbane,VQE,8,TKET,10,31,7,0,0.869790859510986,0.18725570000242442
23,ibm_brisbane,VQE,8,BQSKit,8,15,7,0,0.8838265179542385,0.08217689999582944
23,ibm_brisbane,VQE,8,BQSKit,8,15,7,0,0.8838265179542385,0.08118149999791058
23,ibm_brisbane,VQE,8,BQSKit,8,15,7,0,0.8838265179542385,0.08051479999994626
23,ibm_brisbane,VQE,8,BQSKit,8,15,7,0,0.8838265179542385,0.08032359999924665
23,ibm_brisbane,VQE,8,BQSKit,8,15,7,0,0.8838265179542385,0.0809672999967006
23,ibm_brisbane,VQE,8,BQSKit,8,15,7,0,0.8838265179542385,0.08089789999939967
23,ibm_brisbane,VQE,8,BQSKit,8,15,7,0,0.8838265179542385,0.08057120000012219
23,ibm_brisbane,VQE,8,BQSKit,8,15,7,0,0.8838265179542385,0.08161409999593161
23,ibm_brisbane,VQE,8,BQSKit,8,15,7,0,0.8838265179542385,0.08179300000483636
23,ibm_brisbane,VQE,8,BQSKit,8,15,7,0,0.8838265179542385,0.08034519999637268
23,ibm_brisbane,VQE,8,BQSKit,8,15,7,0,0.8838265179542385,0.0808614999987185
23,ibm_brisbane,VQE,8,BQSKit,8,15,7,0,0.8838265179542385,0.08195269999851007
23,ibm_brisbane,VQE,8,BQSKit,8,15,7,0,0.8838265179542385,0.08329460000095423
23,ibm_brisbane,VQE,8,BQSKit,8,15,7,0,0.8838265179542385,0.08132859999750508
23,ibm_brisbane,VQE,8,BQSKit,8,15,7,0,0.8838265179542385,0.08061309999902733
23,ibm_brisbane,VQE,8,BQSKit,8,15,7,0,0.8838265179542385,0.08076230000006035
23,ibm_brisbane,VQE,8,BQSKit,8,15,7,0,0.8838265179542385,0.08219110000209184
23,ibm_brisbane,VQE,8,BQSKit,8,15,7,0,0.8838265179542385,0.0812452999962261
23,ibm_brisbane,VQE,8,BQSKit,8,15,7,0,0.8838265179542385,0.08124620000307914
23,ibm_brisbane,VQE,8,BQSKit,8,15,7,0,0.8838265179542385,0.0814092000000528
23,ibm_brisbane,VQE,8,BQSKit,8,15,7,0,0.8838265179542385,0.08081519999541342
23,ibm_brisbane,VQE,8,BQSKit,8,15,7,0,0.8838265179542385,0.08033760000398615
23,ibm_brisbane,VQE,8,BQSKit,8,15,7,0,0.8838265179542385,0.09818000000086613
23,ibm_brisbane,VQE,8,BQSKit,8,15,7,0,0.8838265179542385,0.0813858999972581
23,ibm_brisbane,VQE,8,BQSKit,8,15,7,0,0.8838265179542385,0.08077050000429153
23,ibm_brisbane,VQE,8,BQSKit,8,15,7,0,0.8838265179542385,0.10332280000147875
23,ibm_brisbane,VQE,8,BQSKit,8,15,7,0,0.8838265179542385,0.0817650999961188
23,ibm_brisbane,VQE,8,BQSKit,8,15,7,0,0.8838265179542385,0.0815738999954192
23,ibm_brisbane,VQE,8,BQSKit,8,15,7,0,0.8838265179542385,0.08110579999629408
23,ibm_brisbane,VQE,8,BQSKit,8,15,7,0,0.8838265179542385,0.09706390000064857
23,ibm_brisbane,VQE,8,Cirq-native,8,15,7,0,0.8838265179542385,0.0019012000047951005
23,ibm_brisbane,VQE,8,Cirq-native,8,15,7,0,0.8838265179542385,0.0014741000049980357
23,ibm_brisbane,VQE,8,Cirq-native,8,15,7,0,0.8838265179542385,0.001385299998219125
23,ibm_brisbane,VQE,8,Cirq-native,8,15,7,0,0.8838265179542385,0.0011841000014101155
23,ibm_brisbane,VQE,8,Cirq-native,8,15,7,0,0.8838265179542385,0.0011656999995466322
23,ibm_brisbane,VQE,8,Cirq-native,8,15,7,0,0.8838265179542385,0.001430700001947116
23,ibm_brisbane,VQE,8,Cirq-native,8,15,7,0,0.8838265179542385,0.001243600003363099
23,ibm_brisbane,VQE,8,Cirq-native,8,15,7,0,0.8838265179542385,0.0011293999996269122
23,ibm_brisbane,VQE,8,Cirq-native,8,15,7,0,0.8838265179542385,0.0011539000042830594
23,ibm_brisbane,VQE,8,Cirq-native,8,15,7,0,0.8838265179542385,0.001095200001145713
23,ibm_brisbane,VQE,8,Cirq-native,8,15,7,0,0.8838265179542385,0.0011623000027611852
23,ibm_brisbane,VQE,8,Cirq-native,8,15,7,0,0.8838265179542385,0.0011912000045413151
23,ibm_brisbane,VQE,8,Cirq-native,8,15,7,0,0.8838265179542385,0.0011518000028445385
23,ibm_brisbane,VQE,8,Cirq-native,8,15,7,0,0.8838265179542385,0.0011354000016581267
23,ibm_brisbane,VQE,8,Cirq-native,8,15,7,0,0.8838265179542385,0.0010928999981842935
23,ibm_brisbane,VQE,8,Cirq-native,8,15,7,0,0.8838265179542385,0.0010997999997925945
23,ibm_brisbane,VQE,8,Cirq-native,8,15,7,0,0.8838265179542385,0.0011626000050455332
23,ibm_brisbane,VQE,8,Cirq-native,8,15,7,0,0.8838265179542385,0.0011885000058100559
23,ibm_brisbane,VQE,8,Cirq-native,8,15,7,0,0.8838265179542385,0.001112599995394703
23,ibm_brisbane,VQE,8,Cirq-native,8,15,7,0,0.8838265179542385,0.0010735999967437238
23,ibm_brisbane,VQE,8,Cirq-native,8,15,7,0,0.8838265179542385,0.0010559999936958775
23,ibm_brisbane,VQE,8,Cirq-native,8,15,7,0,0.8838265179542385,0.00106229999801144
23,ibm_brisbane,VQE,8,Cirq-native,8,15,7,0,0.8838265179542385,0.0011407999991206452
23,ibm_brisbane,VQE,8,Cirq-native,8,15,7,0,0.8838265179542385,0.001254700000572484
23,ibm_brisbane,VQE,8,Cirq-native,8,15,7,0,0.8838265179542385,0.0011478999949758872
23,ibm_brisbane,VQE,8,Cirq-native,8,15,7,0,0.8838265179542385,0.0010856000008061528
23,ibm_brisbane,VQE,8,Cirq-native,8,15,7,0,0.8838265179542385,0.0010522000011405908
23,ibm_brisbane,VQE,8,Cirq-native,8,15,7,0,0.8838265179542385,0.0010971000010613352
23,ibm_brisbane,VQE,8,Cirq-native,8,15,7,0,0.8838265179542385,0.0011318999968352728
23,ibm_brisbane,VQE,8,Cirq-native,8,15,7,0,0.8838265179542385,0.0011884999985340983
23,ibm_brisbane,VQE,8,QADE,8,15,7,0,0.8838265179542385,0.024031900000409223
23,ibm_brisbane,VQE,8,QADE,8,15,7,0,0.8838265179542385,0.024546200002077967
23,ibm_brisbane,VQE,8,QADE,8,15,7,0,0.8838265179542385,0.021871299999475013
23,ibm_brisbane,VQE,8,QADE,8,15,7,0,0.8838265179542385,0.022195300000021234
23,ibm_brisbane,VQE,8,QADE,8,15,7,0,0.8838265179542385,0.02358250000543194
23,ibm_brisbane,VQE,8,QADE,8,15,7,0,0.8838265179542385,0.021936500001174863
23,ibm_brisbane,VQE,8,QADE,8,15,7,0,0.8838265179542385,0.024447300005704165
23,ibm_brisbane,VQE,8,QADE,8,15,7,0,0.8838265179542385,0.019204700001864694
23,ibm_brisbane,VQE,8,QADE,8,15,7,0,0.8838265179542385,0.02629229999729432
23,ibm_brisbane,VQE,8,QADE,8,15,7,0,0.8838265179542385,0.02636499999789521
23,ibm_brisbane,VQE,8,QADE,8,15,7,0,0.8838265179542385,0.028652300003159326
23,ibm_brisbane,VQE,8,QADE,8,15,7,0,0.8838265179542385,0.025616799997806083
23,ibm_brisbane,VQE,8,QADE,8,15,7,0,0.8838265179542385,0.02483659999415977
23,ibm_brisbane,VQE,8,QADE,8,15,7,0,0.8838265179542385,0.023201999996672384
23,ibm_brisbane,VQE,8,QADE,8,15,7,0,0.8838265179542385,0.02393119999760529
23,ibm_brisbane,VQE,8,QADE,8,15,7,0,0.8838265179542385,0.025064399997063447
23,ibm_brisbane,VQE,8,QADE,8,15,7,0,0.8838265179542385,0.02315729999827454
23,ibm_brisbane,VQE,8,QADE,8,15,7,0,0.8838265179542385,0.029573899999377318
23,ibm_brisbane,VQE,8,QADE,8,15,7,0,0.8838265179542385,0.02966030000243336
23,ibm_brisbane,VQE,8,QADE,8,15,7,0,0.8838265179542385,0.025683200001367368
23,ibm_brisbane,VQE,8,QADE,8,15,7,0,0.8838265179542385,0.02180650000082096
23,ibm_brisbane,VQE,8,QADE,8,15,7,0,0.8838265179542385,0.021720100005040877
23,ibm_brisbane,VQE,8,QADE,8,15,7,0,0.8838265179542385,0.024212600001192186
23,ibm_brisbane,VQE,8,QADE,8,15,7,0,0.8838265179542385,0.03004549999604933
23,ibm_brisbane,VQE,8,QADE,8,15,7,0,0.8838265179542385,0.020356199995148927
23,ibm_brisbane,VQE,8,QADE,8,15,7,0,0.8838265179542385,0.02331120000599185
23,ibm_brisbane,VQE,8,QADE,8,15,7,0,0.8838265179542385,0.02400119999947492
23,ibm_brisbane,VQE,8,QADE,8,15,7,0,0.8838265179542385,0.023780399998940993
23,ibm_brisbane,VQE,8,QADE,8,15,7,0,0.8838265179542385,0.022199599996383768
23,ibm_brisbane,VQE,8,QADE,8,15,7,0,0.8838265179542385,0.020136500002990942
23,ibm_brisbane,VQE,8,QADE + PyZX,157,196,150,114,0.13135759811908163,0.03234239999437705
23,ibm_brisbane,VQE,8,QADE + PyZX,157,196,150,114,0.13135759811908163,0.026026899999123998
23,ibm_brisbane,VQE,8,QADE + PyZX,157,196,150,114,0.13135759811908163,0.025575499996193685
23,ibm_brisbane,VQE,8,QADE + PyZX,157,196,150,114,0.13135759811908163,0.0377195999972173
23,ibm_brisbane,VQE,8,QADE + PyZX,157,196,150,114,0.13135759811908163,0.027164099999936298
23,ibm_brisbane,VQE,8,QADE + PyZX,157,196,150,114,0.13135759811908163,0.026762800000142306
23,ibm_brisbane,VQE,8,QADE + PyZX,157,196,150,114,0.13135759811908163,0.03020729999843752
23,ibm_brisbane,VQE,8,QADE + PyZX,157,196,150,114,0.13135759811908163,0.028809800001909025
23,ibm_brisbane,VQE,8,QADE + PyZX,157,196,150,114,0.13135759811908163,0.029683100001420826
23,ibm_brisbane,VQE,8,QADE + PyZX,157,196,150,114,0.13135759811908163,0.03164400000241585
23,ibm_brisbane,VQE,8,QADE + PyZX,157,196,150,114,0.13135759811908163,0.1266620000023977
23,ibm_brisbane,VQE,8,QADE + PyZX,157,196,150,114,0.13135759811908163,0.0320681999946828
23,ibm_brisbane,VQE,8,QADE + PyZX,157,196,150,114,0.13135759811908163,0.025623599998652935
23,ibm_brisbane,VQE,8,QADE + PyZX,157,196,150,114,0.13135759811908163,0.029386399997747503
23,ibm_brisbane,VQE,8,QADE + PyZX,157,196,150,114,0.13135759811908163,0.042272200000297744
23,ibm_brisbane,VQE,8,QADE + PyZX,157,196,150,114,0.13135759811908163,0.04169480000564363
23,ibm_brisbane,VQE,8,QADE + PyZX,157,196,150,114,0.13135759811908163,0.026689899998018518
23,ibm_brisbane,VQE,8,QADE + PyZX,157,196,150,114,0.13135759811908163,0.031107800001336727
23,ibm_brisbane,VQE,8,QADE + PyZX,157,196,150,114,0.13135759811908163,0.026378599999588914
23,ibm_brisbane,VQE,8,QADE + PyZX,157,196,150,114,0.13135759811908163,0.032025499996962026
23,ibm_brisbane,VQE,8,QADE + PyZX,157,196,150,114,0.13135759811908163,0.03004530000180239
23,ibm_brisbane,VQE,8,QADE + PyZX,157,196,150,114,0.13135759811908163,0.03211569999984931
23,ibm_brisbane,VQE,8,QADE + PyZX,157,196,150,114,0.13135759811908163,0.02493589999357937
23,ibm_brisbane,VQE,8,QADE + PyZX,157,196,150,114,0.13135759811908163,0.028504400004749186
23,ibm_brisbane,VQE,8,QADE + PyZX,157,196,150,114,0.13135759811908163,0.02042069999879459
23,ibm_brisbane,VQE,8,QADE + PyZX,157,196,150,114,0.13135759811908163,0.03474580000329297
23,ibm_brisbane,VQE,8,QADE + PyZX,157,196,150,114,0.13135759811908163,0.029770000001008157
23,ibm_brisbane,VQE,8,QADE + PyZX,157,196,150,114,0.13135759811908163,0.028388799997628666
23,ibm_brisbane,VQE,8,QADE + PyZX,157,196,150,114,0.13135759811908163,0.02561819999391446
23,ibm_brisbane,VQE,8,QADE + PyZX,157,196,150,114,0.13135759811908163,0.029276799999934155
23,ibm_brisbane,VQE,8,QADE + Knowledge Graph,157,196,150,114,0.13135759811908163,0.005983700000797398
23,ibm_brisbane,VQE,8,QADE + Knowledge Graph,157,196,150,114,0.13135759811908163,0.005746800001361407
23,ibm_brisbane,VQE,8,QADE + Knowledge Graph,157,196,150,114,0.13135759811908163,0.005685899996024091
23,ibm_brisbane,VQE,8,QADE + Knowledge Graph,157,196,150,114,0.13135759811908163,0.005714200000511482
23,ibm_brisbane,VQE,8,QADE + Knowledge Graph,157,196,150,114,0.13135759811908163,0.0054759999984526075
23,ibm_brisbane,VQE,8,QADE + Knowledge Graph,157,196,150,114,0.13135759811908163,0.0055368999965139665
23,ibm_brisbane,VQE,8,QADE + Knowledge Graph,157,196,150,114,0.13135759811908163,0.005754799996793736
23,ibm_brisbane,VQE,8,QADE + Knowledge Graph,157,196,150,114,0.13135759811908163,0.005666900004143827
23,ibm_brisbane,VQE,8,QADE + Knowledge Graph,157,196,150,114,0.13135759811908163,0.0056460999985574745
23,ibm_brisbane,VQE,8,QADE + Knowledge Graph,157,196,150,114,0.13135759811908163,0.005903600002056919
23,ibm_brisbane,VQE,8,QADE + Knowledge Graph,157,196,150,114,0.13135759811908163,0.005566799998632632
23,ibm_brisbane,VQE,8,QADE + Knowledge Graph,157,196,150,114,0.13135759811908163,0.005465399997774512
23,ibm_brisbane,VQE,8,QADE + Knowledge Graph,157,196,150,114,0.13135759811908163,0.005647699996188749
23,ibm_brisbane,VQE,8,QADE + Knowledge Graph,157,196,150,114,0.13135759811908163,0.005747900002461392
23,ibm_brisbane,VQE,8,QADE + Knowledge Graph,157,196,150,114,0.13135759811908163,0.0059987999993609264
23,ibm_brisbane,VQE,8,QADE + Knowledge Graph,157,196,150,114,0.13135759811908163,0.00592789999791421
23,ibm_brisbane,VQE,8,QADE + Knowledge Graph,157,196,150,114,0.13135759811908163,0.0055701000019325875
23,ibm_brisbane,VQE,8,QADE + Knowledge Graph,157,196,150,114,0.13135759811908163,0.005429600001662038
23,ibm_brisbane,VQE,8,QADE + Knowledge Graph,157,196,150,114,0.13135759811908163,0.005572599999140948
23,ibm_brisbane,VQE,8,QADE + Knowledge Graph,157,196,150,114,0.13135759811908163,0.005550800000492018
23,ibm_brisbane,VQE,8,QADE + Knowledge Graph,157,196,150,114,0.13135759811908163,0.005612699998891912
23,ibm_brisbane,VQE,8,QADE + Knowledge Graph,157,196,150,114,0.13135759811908163,0.00608230000216281
23,ibm_brisbane,VQE,8,QADE + Knowledge Graph,157,196,150,114,0.13135759811908163,0.005571199995756615
23,ibm_brisbane,VQE,8,QADE + Knowledge Graph,157,196,150,114,0.13135759811908163,0.005473999997775536
23,ibm_brisbane,VQE,8,QADE + Knowledge Graph,157,196,150,114,0.13135759811908163,0.005403499999374617
23,ibm_brisbane,VQE,8,QADE + Knowledge Graph,157,196,150,114,0.13135759811908163,0.005535699994652532
23,ibm_brisbane,VQE,8,QADE + Knowledge Graph,157,196,150,114,0.13135759811908163,0.005631200001516845
23,ibm_brisbane,VQE,8,QADE + Knowledge Graph,157,196,150,114,0.13135759811908163,0.005638099995849188
23,ibm_brisbane,VQE,8,QADE + Knowledge Graph,157,196,150,114,0.13135759811908163,0.005532499999389984
23,ibm_brisbane,VQE,8,QADE + Knowledge Graph,157,196,150,114,0.13135759811908163,0.005394700005126651
23,ibm_brisbane,VQE,8,QADE + Evolution + PyZX,157,196,150,114,0.13135759811908163,0.07942909999837866
23,ibm_brisbane,VQE,8,QADE + Evolution + PyZX,157,196,150,114,0.13135759811908163,0.07389330000296468
23,ibm_brisbane,VQE,8,QADE + Evolution + PyZX,157,196,150,114,0.13135759811908163,0.07927080000081332
23,ibm_brisbane,VQE,8,QADE + Evolution + PyZX,157,196,150,114,0.13135759811908163,0.07530490000499412
23,ibm_brisbane,VQE,8,QADE + Evolution + PyZX,157,196,150,114,0.13135759811908163,0.07570869999472052
23,ibm_brisbane,VQE,8,QADE + Evolution + PyZX,157,196,150,114,0.13135759811908163,0.06972769999993034
23,ibm_brisbane,VQE,8,QADE + Evolution + PyZX,157,196,150,114,0.13135759811908163,0.0865646000020206
23,ibm_brisbane,VQE,8,QADE + Evolution + PyZX,157,196,150,114,0.13135759811908163,0.08018849999643862
23,ibm_brisbane,VQE,8,QADE + Evolution + PyZX,157,196,150,114,0.13135759811908163,0.08282820000022184
23,ibm_brisbane,VQE,8,QADE + Evolution + PyZX,157,196,150,114,0.13135759811908163,0.09133709999878192
23,ibm_brisbane,VQE,8,QADE + Evolution + PyZX,157,196,150,114,0.13135759811908163,0.08337700000265613
23,ibm_brisbane,VQE,8,QADE + Evolution + PyZX,157,196,150,114,0.13135759811908163,0.09950669999670936
23,ibm_brisbane,VQE,8,QADE + Evolution + PyZX,157,196,150,114,0.13135759811908163,0.07706260000122711
23,ibm_brisbane,VQE,8,QADE + Evolution + PyZX,157,196,150,114,0.13135759811908163,0.0827279000004637
23,ibm_brisbane,VQE,8,QADE + Evolution + PyZX,157,196,150,114,0.13135759811908163,0.09212939999997616
23,ibm_brisbane,VQE,8,QADE + Evolution + PyZX,157,196,150,114,0.13135759811908163,0.18898049999552313
23,ibm_brisbane,VQE,8,QADE + Evolution + PyZX,157,196,150,114,0.13135759811908163,0.0874173999982304
23,ibm_brisbane,VQE,8,QADE + Evolution + PyZX,157,196,150,114,0.13135759811908163,0.08716120000462979
23,ibm_brisbane,VQE,8,QADE + Evolution + PyZX,157,196,150,114,0.13135759811908163,0.08497959999658633
23,ibm_brisbane,VQE,8,QADE + Evolution + PyZX,157,196,150,114,0.13135759811908163,0.08497569999599364
23,ibm_brisbane,VQE,8,QADE + Evolution + PyZX,157,196,150,114,0.13135759811908163,0.08174449999933131
23,ibm_brisbane,VQE,8,QADE + Evolution + PyZX,157,196,150,114,0.13135759811908163,0.0748611000017263
23,ibm_brisbane,VQE,8,QADE + Evolution + PyZX,157,196,150,114,0.13135759811908163,0.08737029999610968
23,ibm_brisbane,VQE,8,QADE + Evolution + PyZX,157,196,150,114,0.13135759811908163,0.08230489999550628
23,ibm_brisbane,VQE,8,QADE + Evolution + PyZX,157,196,150,114,0.13135759811908163,0.07613399999536341
23,ibm_brisbane,VQE,8,QADE + Evolution + PyZX,157,196,150,114,0.13135759811908163,0.07257660000323085
23,ibm_brisbane,VQE,8,QADE + Evolution + PyZX,157,196,150,114,0.13135759811908163,0.08400099999562372
23,ibm_brisbane,VQE,8,QADE + Evolution + PyZX,157,196,150,114,0.13135759811908163,0.08425549999810755
23,ibm_brisbane,VQE,8,QADE + Evolution + PyZX,157,196,150,114,0.13135759811908163,0.08204989999649115
23,ibm_brisbane,VQE,8,QADE + Evolution + PyZX,157,196,150,114,0.13135759811908163,0.07000490000064019
24,ibm_brisbane,QAOA,8,Qiskit,29,84,14,0,0.8020267675232152,0.0073932000013883226
24,ibm_brisbane,QAOA,8,Qiskit,41,104,14,0,0.7861377068214813,0.007952900006785057
24,ibm_brisbane,QAOA,8,Qiskit,29,84,14,0,0.8020267675232152,0.0065902000060305
24,ibm_brisbane,QAOA,8,Qiskit,29,84,14,0,0.8020267675232152,0.006591999997908715
24,ibm_brisbane,QAOA,8,Qiskit,41,104,14,0,0.7861377068214813,0.007438000000547618
24,ibm_brisbane,QAOA,8,Qiskit,41,104,14,0,0.7861377068214813,0.007373400003416464
24,ibm_brisbane,QAOA,8,Qiskit,41,104,14,0,0.7861377068214813,0.007345099998929072
24,ibm_brisbane,QAOA,8,Qiskit,41,104,14,0,0.7861377068214813,0.007402200004435144
24,ibm_brisbane,QAOA,8,Qiskit,29,84,14,0,0.8020267675232152,0.0066476000065449625
24,ibm_brisbane,QAOA,8,Qiskit,41,104,14,0,0.7861377068214813,0.007550299997092225
24,ibm_brisbane,QAOA,8,Qiskit,41,104,14,0,0.7861377068214813,0.007246699999086559
24,ibm_brisbane,QAOA,8,Qiskit,29,84,14,0,0.8020267675232152,0.0065670000039972365
24,ibm_brisbane,QAOA,8,Qiskit,41,104,14,0,0.7861377068214813,0.007226200003060512
24,ibm_brisbane,QAOA,8,Qiskit,41,104,14,0,0.7861377068214813,0.007199400002718903
24,ibm_brisbane,QAOA,8,Qiskit,29,84,14,0,0.8020267675232152,0.006604700000025332
24,ibm_brisbane,QAOA,8,Qiskit,41,104,14,0,0.7861377068214813,0.007193899997218978
24,ibm_brisbane,QAOA,8,Qiskit,29,84,14,0,0.8020267675232152,0.006564700001035817
24,ibm_brisbane,QAOA,8,Qiskit,41,104,14,0,0.7861377068214813,0.007175600003392901
24,ibm_brisbane,QAOA,8,Qiskit,41,104,14,0,0.7861377068214813,0.007237099998746999
24,ibm_brisbane,QAOA,8,Qiskit,41,104,14,0,0.7861377068214813,0.007171600002038758
24,ibm_brisbane,QAOA,8,Qiskit,41,104,14,0,0.7861377068214813,0.0073712000012164935
24,ibm_brisbane,QAOA,8,Qiskit,29,84,14,0,0.8020267675232152,0.006508500002382789
24,ibm_brisbane,QAOA,8,Qiskit,41,104,14,0,0.7861377068214813,0.007221599997137673
24,ibm_brisbane,QAOA,8,Qiskit,41,104,14,0,0.7861377068214813,0.007187700000940822
24,ibm_brisbane,QAOA,8,Qiskit,41,104,14,0,0.7861377068214813,0.007135599997127429
24,ibm_brisbane,QAOA,8,Qiskit,41,104,14,0,0.7861377068214813,0.007381600000371691
24,ibm_brisbane,QAOA,8,Qiskit,41,104,14,0,0.7861377068214813,0.007225100001960527
24,ibm_brisbane,QAOA,8,Qiskit,41,104,14,0,0.7861377068214813,0.007993200000782963
24,ibm_brisbane,QAOA,8,Qiskit,41,104,14,0,0.7861377068214813,0.007294399998500012
24,ibm_brisbane,QAOA,8,Qiskit,29,84,14,0,0.8020267675232152,0.00652529999933904
24,ibm_brisbane,QAOA,8,PyZX,122,159,120,84,0.20816603312387225,0.00709909999568481
24,ibm_brisbane,QAOA,8,PyZX,122,159,120,84,0.20816603312387225,0.006831099999544676
24,ibm_brisbane,QAOA,8,PyZX,122,159,120,84,0.20816603312387225,0.006764899997506291
24,ibm_brisbane,QAOA,8,PyZX,122,159,120,84,0.20816603312387225,0.0067310000013094395
24,ibm_brisbane,QAOA,8,PyZX,122,159,120,84,0.20816603312387225,0.006616600003326312
24,ibm_brisbane,QAOA,8,PyZX,122,159,120,84,0.20816603312387225,0.006609200005186722
24,ibm_brisbane,QAOA,8,PyZX,122,159,120,84,0.20816603312387225,0.00666790000104811
24,ibm_brisbane,QAOA,8,PyZX,122,159,120,84,0.20816603312387225,0.006689000001642853
24,ibm_brisbane,QAOA,8,PyZX,122,159,120,84,0.20816603312387225,0.006783599994378164
24,ibm_brisbane,QAOA,8,PyZX,122,159,120,84,0.20816603312387225,0.006672299998172093
24,ibm_brisbane,QAOA,8,PyZX,122,159,120,84,0.20816603312387225,0.00657639999553794
24,ibm_brisbane,QAOA,8,PyZX,122,159,120,84,0.20816603312387225,0.006448999993153848
24,ibm_brisbane,QAOA,8,PyZX,122,159,120,84,0.20816603312387225,0.006465999998908956
24,ibm_brisbane,QAOA,8,PyZX,122,159,120,84,0.20816603312387225,0.006434000002627727
24,ibm_brisbane,QAOA,8,PyZX,122,159,120,84,0.20816603312387225,0.006448900006944314
24,ibm_brisbane,QAOA,8,PyZX,122,159,120,84,0.20816603312387225,0.008609600001364015
24,ibm_brisbane,QAOA,8,PyZX,122,159,120,84,0.20816603312387225,0.008214900000893977
24,ibm_brisbane,QAOA,8,PyZX,122,159,120,84,0.20816603312387225,0.010794199995871168
24,ibm_brisbane,QAOA,8,PyZX,122,159,120,84,0.20816603312387225,0.007401599999866448
24,ibm_brisbane,QAOA,8,PyZX,122,159,120,84,0.20816603312387225,0.00668980000045849
24,ibm_brisbane,QAOA,8,PyZX,122,159,120,84,0.20816603312387225,0.008713499999430496
24,ibm_brisbane,QAOA,8,PyZX,122,159,120,84,0.20816603312387225,0.007168099997215904
24,ibm_brisbane,QAOA,8,PyZX,122,159,120,84,0.20816603312387225,0.007095299995853566
24,ibm_brisbane,QAOA,8,PyZX,122,159,120,84,0.20816603312387225,0.006932099997357
24,ibm_brisbane,QAOA,8,PyZX,122,159,120,84,0.20816603312387225,0.007032900000922382
24,ibm_brisbane,QAOA,8,PyZX,122,159,120,84,0.20816603312387225,0.006814100001065526
24,ibm_brisbane,QAOA,8,PyZX,122,159,120,84,0.20816603312387225,0.0067130000024917535
24,ibm_brisbane,QAOA,8,PyZX,122,159,120,84,0.20816603312387225,0.006732900001225062
24,ibm_brisbane,QAOA,8,PyZX,122,159,120,84,0.20816603312387225,0.00683019999996759
24,ibm_brisbane,QAOA,8,PyZX,122,159,120,84,0.20816603312387225,0.006869600001664367
24,ibm_brisbane,QAOA,8,TKET,41,80,14,0,0.8052429109296345,0.2680991999950493
24,ibm_brisbane,QAOA,8,TKET,41,80,14,0,0.8052429109296345,0.26747510000132024
24,ibm_brisbane,QAOA,8,TKET,41,80,14,0,0.8052429109296345,0.2688607000018237
24,ibm_brisbane,QAOA,8,TKET,41,80,14,0,0.8052429109296345,0.26988140000321437
24,ibm_brisbane,QAOA,8,TKET,41,80,14,0,0.8052429109296345,0.2642474999956903
24,ibm_brisbane,QAOA,8,TKET,41,80,14,0,0.8052429109296345,0.2635401000006823
24,ibm_brisbane,QAOA,8,TKET,41,80,14,0,0.8052429109296345,0.2693527000010363
24,ibm_brisbane,QAOA,8,TKET,41,80,14,0,0.8052429109296345,0.26899580000463175
24,ibm_brisbane,QAOA,8,TKET,41,80,14,0,0.8052429109296345,0.2695525999952224
24,ibm_brisbane,QAOA,8,TKET,41,80,14,0,0.8052429109296345,0.26940620000095805
24,ibm_brisbane,QAOA,8,TKET,41,80,14,0,0.8052429109296345,0.2869103000048199
24,ibm_brisbane,QAOA,8,TKET,41,80,14,0,0.8052429109296345,0.2694633999999496
24,ibm_brisbane,QAOA,8,TKET,41,80,14,0,0.8052429109296345,0.26436439999815775
24,ibm_brisbane,QAOA,8,TKET,41,80,14,0,0.8052429109296345,0.26830189999600407
24,ibm_brisbane,QAOA,8,TKET,41,80,14,0,0.8052429109296345,0.2666153000027407
24,ibm_brisbane,QAOA,8,TKET,41,80,14,0,0.8052429109296345,0.26257029999396764
24,ibm_brisbane,QAOA,8,TKET,41,80,14,0,0.8052429109296345,0.26965799999743467
24,ibm_brisbane,QAOA,8,TKET,41,80,14,0,0.8052429109296345,0.271012500001234
24,ibm_brisbane,QAOA,8,TKET,41,80,14,0,0.8052429109296345,0.26703529999940656
24,ibm_brisbane,QAOA,8,TKET,41,80,14,0,0.8052429109296345,0.26114070000039646
24,ibm_brisbane,QAOA,8,TKET,41,80,14,0,0.8052429109296345,0.26267859999643406
24,ibm_brisbane,QAOA,8,TKET,41,80,14,0,0.8052429109296345,0.2656194000010146
24,ibm_brisbane,QAOA,8,TKET,41,80,14,0,0.8052429109296345,0.2681421999950544
24,ibm_brisbane,QAOA,8,TKET,41,80,14,0,0.8052429109296345,0.2617229000024963
24,ibm_brisbane,QAOA,8,TKET,41,80,14,0,0.8052429109296345,0.2646984999955748
24,ibm_brisbane,QAOA,8,TKET,41,80,14,0,0.8052429109296345,0.26564630000211764
24,ibm_brisbane,QAOA,8,TKET,41,80,14,0,0.8052429109296345,0.2621142999996664
24,ibm_brisbane,QAOA,8,TKET,41,80,14,0,0.8052429109296345,0.26731390000350075
24,ibm_brisbane,QAOA,8,TKET,41,80,14,0,0.8052429109296345,0.2703179000018281
24,ibm_brisbane,QAOA,8,TKET,41,80,14,0,0.8052429109296345,0.27387150000140537
24,ibm_brisbane,QAOA,8,BQSKit,23,37,14,0,0.8406416749389636,0.10513740000169491
24,ibm_brisbane,QAOA,8,BQSKit,23,37,14,0,0.8406416749389636,0.10485920000064652
24,ibm_brisbane,QAOA,8,BQSKit,23,37,14,0,0.8406416749389636,0.1069363999995403
24,ibm_brisbane,QAOA,8,BQSKit,23,37,14,0,0.8406416749389636,0.1063226999976905
24,ibm_brisbane,QAOA,8,BQSKit,23,37,14,0,0.8406416749389636,0.10708249999879627
24,ibm_brisbane,QAOA,8,BQSKit,23,37,14,0,0.8406416749389636,0.10576640000363113
24,ibm_brisbane,QAOA,8,BQSKit,23,37,14,0,0.8406416749389636,0.10619560000486672
24,ibm_brisbane,QAOA,8,BQSKit,23,37,14,0,0.8406416749389636,0.12371020000136923
24,ibm_brisbane,QAOA,8,BQSKit,23,37,14,0,0.8406416749389636,0.1060293000045931
24,ibm_brisbane,QAOA,8,BQSKit,23,37,14,0,0.8406416749389636,0.1077344000004814
24,ibm_brisbane,QAOA,8,BQSKit,23,37,14,0,0.8406416749389636,0.10754389999783598
24,ibm_brisbane,QAOA,8,BQSKit,23,37,14,0,0.8406416749389636,0.10698799999954645
24,ibm_brisbane,QAOA,8,BQSKit,23,37,14,0,0.8406416749389636,0.10841710000386229
24,ibm_brisbane,QAOA,8,BQSKit,23,37,14,0,0.8406416749389636,0.10682939999969676
24,ibm_brisbane,QAOA,8,BQSKit,23,37,14,0,0.8406416749389636,0.10572539999702713
24,ibm_brisbane,QAOA,8,BQSKit,23,37,14,0,0.8406416749389636,0.1078992000038852
24,ibm_brisbane,QAOA,8,BQSKit,23,37,14,0,0.8406416749389636,0.11171159999503288
24,ibm_brisbane,QAOA,8,BQSKit,23,37,14,0,0.8406416749389636,0.12146130000473931
24,ibm_brisbane,QAOA,8,BQSKit,23,37,14,0,0.8406416749389636,0.10552599999937229
24,ibm_brisbane,QAOA,8,BQSKit,23,37,14,0,0.8406416749389636,0.10610579999774927
24,ibm_brisbane,QAOA,8,BQSKit,23,37,14,0,0.8406416749389636,0.10546039999462664
24,ibm_brisbane,QAOA,8,BQSKit,23,37,14,0,0.8406416749389636,0.10651529999449849
24,ibm_brisbane,QAOA,8,BQSKit,23,37,14,0,0.8406416749389636,0.10601470000256086
24,ibm_brisbane,QAOA,8,BQSKit,23,37,14,0,0.8406416749389636,0.1076625999994576
24,ibm_brisbane,QAOA,8,BQSKit,23,37,14,0,0.8406416749389636,0.10698520000005374
24,ibm_brisbane,QAOA,8,BQSKit,23,37,14,0,0.8406416749389636,0.10802170000533806
24,ibm_brisbane,QAOA,8,BQSKit,23,37,14,0,0.8406416749389636,0.10901880000164965
24,ibm_brisbane,QAOA,8,BQSKit,23,37,14,0,0.8406416749389636,0.10697819999768399
24,ibm_brisbane,QAOA,8,BQSKit,23,37,14,0,0.8406416749389636,0.10719059999973979
24,ibm_brisbane,QAOA,8,BQSKit,23,37,14,0,0.8406416749389636,0.10568780000176048
24,ibm_brisbane,QAOA,8,Cirq-native,23,37,14,0,0.8406416749389636,0.002609499999380205
24,ibm_brisbane,QAOA,8,Cirq-native,23,37,14,0,0.8406416749389636,0.0019537999978638254
24,ibm_brisbane,QAOA,8,Cirq-native,23,37,14,0,0.8406416749389636,0.0017451000021537766
24,ibm_brisbane,QAOA,8,Cirq-native,23,37,14,0,0.8406416749389636,0.001999199994315859
24,ibm_brisbane,QAOA,8,Cirq-native,23,37,14,0,0.8406416749389636,0.001857999995991122
24,ibm_brisbane,QAOA,8,Cirq-native,23,37,14,0,0.8406416749389636,0.0017465999990236014
24,ibm_brisbane,QAOA,8,Cirq-native,23,37,14,0,0.8406416749389636,0.001705399998172652
24,ibm_brisbane,QAOA,8,Cirq-native,23,37,14,0,0.8406416749389636,0.0019511999998940155
24,ibm_brisbane,QAOA,8,Cirq-native,23,37,14,0,0.8406416749389636,0.0018103999973391183
24,ibm_brisbane,QAOA,8,Cirq-native,23,37,14,0,0.8406416749389636,0.0017206999982590787
24,ibm_brisbane,QAOA,8,Cirq-native,23,37,14,0,0.8406416749389636,0.0017019000006257556
24,ibm_brisbane,QAOA,8,Cirq-native,23,37,14,0,0.8406416749389636,0.001995099999476224
24,ibm_brisbane,QAOA,8,Cirq-native,23,37,14,0,0.8406416749389636,0.001884799996332731
24,ibm_brisbane,QAOA,8,Cirq-native,23,37,14,0,0.8406416749389636,0.0016883999996935017
24,ibm_brisbane,QAOA,8,Cirq-native,23,37,14,0,0.8406416749389636,0.0018759000013233162
24,ibm_brisbane,QAOA,8,Cirq-native,23,37,14,0,0.8406416749389636,0.0018706999981077388
24,ibm_brisbane,QAOA,8,Cirq-native,23,37,14,0,0.8406416749389636,0.0017205000040121377
24,ibm_brisbane,QAOA,8,Cirq-native,23,37,14,0,0.8406416749389636,0.0017080999969039112
24,ibm_brisbane,QAOA,8,Cirq-native,23,37,14,0,0.8406416749389636,0.0019767000048886985
24,ibm_brisbane,QAOA,8,Cirq-native,23,37,14,0,0.8406416749389636,0.0018253000016557053
24,ibm_brisbane,QAOA,8,Cirq-native,23,37,14,0,0.8406416749389636,0.0017691999964881688
24,ibm_brisbane,QAOA,8,Cirq-native,23,37,14,0,0.8406416749389636,0.001658499997574836
24,ibm_brisbane,QAOA,8,Cirq-native,23,37,14,0,0.8406416749389636,0.0019857000006595626
24,ibm_brisbane,QAOA,8,Cirq-native,23,37,14,0,0.8406416749389636,0.001839999997173436
24,ibm_brisbane,QAOA,8,Cirq-native,23,37,14,0,0.8406416749389636,0.001731700001982972
24,ibm_brisbane,QAOA,8,Cirq-native,23,37,14,0,0.8406416749389636,0.0017872000025818124
24,ibm_brisbane,QAOA,8,Cirq-native,23,37,14,0,0.8406416749389636,0.0019566999981179833
24,ibm_brisbane,QAOA,8,Cirq-native,23,37,14,0,0.8406416749389636,0.0017745000004651956
24,ibm_brisbane,QAOA,8,Cirq-native,23,37,14,0,0.8406416749389636,0.0017383999947924167
24,ibm_brisbane,QAOA,8,Cirq-native,23,37,14,0,0.8406416749389636,0.001991099998122081
24,ibm_brisbane,QAOA,8,QADE,22,32,14,0,0.844857522420192,0.03902430000016466
24,ibm_brisbane,QAOA,8,QADE,22,32,14,0,0.844857522420192,0.039155799997388385
24,ibm_brisbane,QAOA,8,QADE,22,32,14,0,0.844857522420192,0.025407200002518948
24,ibm_brisbane,QAOA,8,QADE,22,32,14,0,0.844857522420192,0.03773120000550989
24,ibm_brisbane,QAOA,8,QADE,22,32,14,0,0.844857522420192,0.045925699996587355
24,ibm_brisbane,QAOA,8,QADE,22,32,14,0,0.844857522420192,0.025238100002752617
24,ibm_brisbane,QAOA,8,QADE,22,32,14,0,0.844857522420192,0.03834349999669939
24,ibm_brisbane,QAOA,8,QADE,22,32,14,0,0.844857522420192,0.03444219999801135
24,ibm_brisbane,QAOA,8,QADE,22,32,14,0,0.844857522420192,0.03456300000107149
24,ibm_brisbane,QAOA,8,QADE,22,32,14,0,0.844857522420192,0.03264329999365145
24,ibm_brisbane,QAOA,8,QADE,22,32,14,0,0.844857522420192,0.03650190000189468
24,ibm_brisbane,QAOA,8,QADE,22,32,14,0,0.844857522420192,0.13826879999396624
24,ibm_brisbane,QAOA,8,QADE,22,32,14,0,0.844857522420192,0.03961619999608956
24,ibm_brisbane,QAOA,8,QADE,22,32,14,0,0.844857522420192,0.04189549999864539
24,ibm_brisbane,QAOA,8,QADE,22,32,14,0,0.844857522420192,0.03848680000373861
24,ibm_brisbane,QAOA,8,QADE,22,32,14,0,0.844857522420192,0.039750200005073566
24,ibm_brisbane,QAOA,8,QADE,22,32,14,0,0.844857522420192,0.036835499995504506
24,ibm_brisbane,QAOA,8,QADE,22,32,14,0,0.844857522420192,0.03022190000046976
24,ibm_brisbane,QAOA,8,QADE,22,32,14,0,0.844857522420192,0.03411439999763388
24,ibm_brisbane,QAOA,8,QADE,22,32,14,0,0.844857522420192,0.037822600002982654
24,ibm_brisbane,QAOA,8,QADE,22,32,14,0,0.844857522420192,0.032042500002717134
24,ibm_brisbane,QAOA,8,QADE,22,32,14,0,0.844857522420192,0.034234099999594036
24,ibm_brisbane,QAOA,8,QADE,22,32,14,0,0.844857522420192,0.031055599996761885
24,ibm_brisbane,QAOA,8,QADE,22,32,14,0,0.844857522420192,0.028793899997253902
24,ibm_brisbane,QAOA,8,QADE,22,32,14,0,0.844857522420192,0.036491600003500935
24,ibm_brisbane,QAOA,8,QADE,22,32,14,0,0.844857522420192,0.04005009999673348
24,ibm_brisbane,QAOA,8,QADE,22,32,14,0,0.844857522420192,0.04215979999571573
24,ibm_brisbane,QAOA,8,QADE,22,32,14,0,0.844857522420192,0.028212999997776933
24,ibm_brisbane,QAOA,8,QADE,22,32,14,0,0.844857522420192,0.04084059999877354
24,ibm_brisbane,QAOA,8,QADE,22,32,14,0,0.844857522420192,0.04041739999956917
24,ibm_brisbane,QAOA,8,QADE + PyZX,122,154,120,84,0.20920999308039748,0.04382600000099046
24,ibm_brisbane,QAOA,8,QADE + PyZX,122,154,120,84,0.20920999308039748,0.043268300003546756
24,ibm_brisbane,QAOA,8,QADE + PyZX,122,154,120,84,0.20920999308039748,0.04109940000489587
24,ibm_brisbane,QAOA,8,QADE + PyZX,122,154,120,84,0.20920999308039748,0.040815399996063206
24,ibm_brisbane,QAOA,8,QADE + PyZX,122,154,120,84,0.20920999308039748,0.03966909999871859
24,ibm_brisbane,QAOA,8,QADE + PyZX,122,154,120,84,0.20920999308039748,0.03350900000077672
24,ibm_brisbane,QAOA,8,QADE + PyZX,122,154,120,84,0.20920999308039748,0.043346000005840324
24,ibm_brisbane,QAOA,8,QADE + PyZX,122,154,120,84,0.20920999308039748,0.0418950000021141
24,ibm_brisbane,QAOA,8,QADE + PyZX,122,154,120,84,0.20920999308039748,0.0318388999949093
24,ibm_brisbane,QAOA,8,QADE + PyZX,122,154,120,84,0.20920999308039748,0.038744000004953705
24,ibm_brisbane,QAOA,8,QADE + PyZX,122,154,120,84,0.20920999308039748,0.04775810000137426
24,ibm_brisbane,QAOA,8,QADE + PyZX,122,154,120,84,0.20920999308039748,0.038137199997436255
24,ibm_brisbane,QAOA,8,QADE + PyZX,122,154,120,84,0.20920999308039748,0.04042689999914728
24,ibm_brisbane,QAOA,8,QADE + PyZX,122,154,120,84,0.20920999308039748,0.027648600000247825
24,ibm_brisbane,QAOA,8,QADE + PyZX,122,154,120,84,0.20920999308039748,0.03931349999766098
24,ibm_brisbane,QAOA,8,QADE + PyZX,122,154,120,84,0.20920999308039748,0.0334761999984039
24,ibm_brisbane,QAOA,8,QADE + PyZX,122,154,120,84,0.20920999308039748,0.04311310000048252
24,ibm_brisbane,QAOA,8,QADE + PyZX,122,154,120,84,0.20920999308039748,0.03125300000101561
24,ibm_brisbane,QAOA,8,QADE + PyZX,122,154,120,84,0.20920999308039748,0.04117939999559894
24,ibm_brisbane,QAOA,8,QADE + PyZX,122,154,120,84,0.20920999308039748,0.040619100000185426
24,ibm_brisbane,QAOA,8,QADE + PyZX,122,154,120,84,0.20920999308039748,0.03037190000031842
24,ibm_brisbane,QAOA,8,QADE + PyZX,122,154,120,84,0.20920999308039748,0.04102289999718778
24,ibm_brisbane,QAOA,8,QADE + PyZX,122,154,120,84,0.20920999308039748,0.038471499996376224
24,ibm_brisbane,QAOA,8,QADE + PyZX,122,154,120,84,0.20920999308039748,0.051028000001679175
24,ibm_brisbane,QAOA,8,QADE + PyZX,122,154,120,84,0.20920999308039748,0.046111999996355735
24,ibm_brisbane,QAOA,8,QADE + PyZX,122,154,120,84,0.20920999308039748,0.04480599999806145
24,ibm_brisbane,QAOA,8,QADE + PyZX,122,154,120,84,0.20920999308039748,0.0472451000023284
24,ibm_brisbane,QAOA,8,QADE + PyZX,122,154,120,84,0.20920999308039748,0.042286600000807084
24,ibm_brisbane,QAOA,8,QADE + PyZX,122,154,120,84,0.20920999308039748,0.042576799998641945
24,ibm_brisbane,QAOA,8,QADE + PyZX,122,154,120,84,0.20920999308039748,0.044016599997121375
24,ibm_brisbane,QAOA,8,QADE + Knowledge Graph,122,159,120,84,0.20816603312387225,0.006910500000230968
24,ibm_brisbane,QAOA,8,QADE + Knowledge Graph,122,159,120,84,0.20816603312387225,0.006772200002160389
24,ibm_brisbane,QAOA,8,QADE + Knowledge Graph,122,159,120,84,0.20816603312387225,0.006652600000961684
24,ibm_brisbane,QAOA,8,QADE + Knowledge Graph,122,159,120,84,0.20816603312387225,0.006699699995806441
24,ibm_brisbane,QAOA,8,QADE + Knowledge Graph,122,159,120,84,0.20816603312387225,0.00663170000188984
24,ibm_brisbane,QAOA,8,QADE + Knowledge Graph,122,159,120,84,0.20816603312387225,0.006646000001637731
24,ibm_brisbane,QAOA,8,QADE + Knowledge Graph,122,159,120,84,0.20816603312387225,0.006598499996471219
24,ibm_brisbane,QAOA,8,QADE + Knowledge Graph,122,159,120,84,0.20816603312387225,0.006506999998237006
24,ibm_brisbane,QAOA,8,QADE + Knowledge Graph,122,159,120,84,0.20816603312387225,0.00644089999696007
24,ibm_brisbane,QAOA,8,QADE + Knowledge Graph,122,159,120,84,0.20816603312387225,0.006604300004255492
24,ibm_brisbane,QAOA,8,QADE + Knowledge Graph,122,159,120,84,0.20816603312387225,0.006422699996619485
24,ibm_brisbane,QAOA,8,QADE + Knowledge Graph,122,159,120,84,0.20816603312387225,0.006424699997296557
24,ibm_brisbane,QAOA,8,QADE + Knowledge Graph,122,159,120,84,0.20816603312387225,0.006409500005247537
24,ibm_brisbane,QAOA,8,QADE + Knowledge Graph,122,159,120,84,0.20816603312387225,0.006339699997624848
24,ibm_brisbane,QAOA,8,QADE + Knowledge Graph,122,159,120,84,0.20816603312387225,0.006578799999260809
24,ibm_brisbane,QAOA,8,QADE + Knowledge Graph,122,159,120,84,0.20816603312387225,0.006495900001027621
24,ibm_brisbane,QAOA,8,QADE + Knowledge Graph,122,159,120,84,0.20816603312387225,0.006558399996720254
24,ibm_brisbane,QAOA,8,QADE + Knowledge Graph,122,159,120,84,0.20816603312387225,0.006544900003063958
24,ibm_brisbane,QAOA,8,QADE + Knowledge Graph,122,159,120,84,0.20816603312387225,0.006477399998402689
24,ibm_brisbane,QAOA,8,QADE + Knowledge Graph,122,159,120,84,0.20816603312387225,0.006571999998413958
24,ibm_brisbane,QAOA,8,QADE + Knowledge Graph,122,159,120,84,0.20816603312387225,0.006576800005859695
24,ibm_brisbane,QAOA,8,QADE + Knowledge Graph,122,159,120,84,0.20816603312387225,0.006460299999162089
24,ibm_brisbane,QAOA,8,QADE + Knowledge Graph,122,159,120,84,0.20816603312387225,0.006645100002060644
24,ibm_brisbane,QAOA,8,QADE + Knowledge Graph,122,159,120,84,0.20816603312387225,0.0065267000027233735
24,ibm_brisbane,QAOA,8,QADE + Knowledge Graph,122,159,120,84,0.20816603312387225,0.006626299997151364
24,ibm_brisbane,QAOA,8,QADE + Knowledge Graph,122,159,120,84,0.20816603312387225,0.006560699999681674
24,ibm_brisbane,QAOA,8,QADE + Knowledge Graph,122,159,120,84,0.20816603312387225,0.006551400001626462
24,ibm_brisbane,QAOA,8,QADE + Knowledge Graph,122,159,120,84,0.20816603312387225,0.006518100002722349
24,ibm_brisbane,QAOA,8,QADE + Knowledge Graph,122,159,120,84,0.20816603312387225,0.006500499999674503
24,ibm_brisbane,QAOA,8,QADE + Knowledge Graph,122,159,120,84,0.20816603312387225,0.006527099998493213
24,ibm_brisbane,QAOA,8,QADE + Evolution + PyZX,108,146,107,76,0.2408821498340506,0.21858979999524308
24,ibm_brisbane,QAOA,8,QADE + Evolution + PyZX,69,127,88,54,0.33088477910682473,0.1352487000040128
24,ibm_brisbane,QAOA,8,QADE + Evolution + PyZX,249,282,243,194,0.03699093174533528,0.1413098999983049
24,ibm_brisbane,QAOA,8,QADE + Evolution + PyZX,122,159,120,84,0.20816603312387225,0.11965449999843258
24,ibm_brisbane,QAOA,8,QADE + Evolution + PyZX,122,159,120,84,0.20816603312387225,0.13051579999591922
24,ibm_brisbane,QAOA,8,QADE + Evolution + PyZX,96,134,95,66,0.28300633167374134,0.1304392000020016
24,ibm_brisbane,QAOA,8,QADE + Evolution + PyZX,283,316,280,224,0.022763932341735748,0.12779980000050273
24,ibm_brisbane,QAOA,8,QADE + Evolution + PyZX,98,134,95,64,0.2887818222734889,0.15112999999837484
24,ibm_brisbane,QAOA,8,QADE + Evolution + PyZX,122,159,120,84,0.20816603312387225,0.13862229999358533
24,ibm_brisbane,QAOA,8,QADE + Evolution + PyZX,122,158,120,84,0.20837440753140363,0.13457539999944856
24,ibm_brisbane,QAOA,8,QADE + Evolution + PyZX,122,159,120,84,0.20816603312387225,0.1336892999970587
24,ibm_brisbane,QAOA,8,QADE + Evolution + PyZX,69,127,88,54,0.33088477910682473,0.13503959999798099
24,ibm_brisbane,QAOA,8,QADE + Evolution + PyZX,249,282,243,194,0.03699093174533528,0.23255629999766825
24,ibm_brisbane,QAOA,8,QADE + Evolution + PyZX,122,159,120,84,0.20816603312387225,0.1323703999951249
24,ibm_brisbane,QAOA,8,QADE + Evolution + PyZX,156,191,152,110,0.13636105218243308,0.11452450000069803
24,ibm_brisbane,QAOA,8,QADE + Evolution + PyZX,122,159,120,84,0.20816603312387225,0.1461362999980338
24,ibm_brisbane,QAOA,8,QADE + Evolution + PyZX,278,312,276,222,0.02369892593327478,0.13206720000016503
24,ibm_brisbane,QAOA,8,QADE + Evolution + PyZX,122,159,120,84,0.20816603312387225,0.1425916000007419
24,ibm_brisbane,QAOA,8,QADE + Evolution + PyZX,283,316,280,224,0.022763932341735748,0.12556770000082906
24,ibm_brisbane,QAOA,8,QADE + Evolution + PyZX,167,202,163,120,0.11664757896122663,0.14297670000087237
24,ibm_brisbane,QAOA,8,QADE + Evolution + PyZX,250,280,244,194,0.03691661622234359,0.12920730000041658
24,ibm_brisbane,QAOA,8,QADE + Evolution + PyZX,263,301,262,204,0.030399420329717194,0.1389342000038596
24,ibm_brisbane,QAOA,8,QADE + Evolution + PyZX,69,127,88,54,0.33088477910682473,0.1366924000030849
24,ibm_brisbane,QAOA,8,QADE + Evolution + PyZX,122,159,120,84,0.20816603312387225,0.14092089999758173
24,ibm_brisbane,QAOA,8,QADE + Evolution + PyZX,122,159,120,84,0.20816603312387225,0.2463396000021021
24,ibm_brisbane,QAOA,8,QADE + Evolution + PyZX,122,159,120,84,0.20816603312387225,0.13185779999912484
24,ibm_brisbane,QAOA,8,QADE + Evolution + PyZX,98,134,95,64,0.2887818222734889,0.14715939999587135
24,ibm_brisbane,QAOA,8,QADE + Evolution + PyZX,283,316,280,224,0.022763932341735748,0.13261790000251494
24,ibm_brisbane,QAOA,8,QADE + Evolution + PyZX,122,159,120,84,0.20816603312387225,0.15566330000001471
24,ibm_brisbane,QAOA,8,QADE + Evolution + PyZX,122,159,120,84,0.20816603312387225,0.13373940000019502
25,ibm_brisbane,QV,8,Qiskit,11,74,4,0,0.8432533119276645,0.008683899999596179
25,ibm_brisbane,QV,8,Qiskit,11,74,4,0,0.8432533119276645,0.007607700004882645
25,ibm_brisbane,QV,8,Qiskit,11,74,4,0,0.8432533119276645,0.007418999994115438
25,ibm_brisbane,QV,8,Qiskit,11,74,4,0,0.8432533119276645,0.007041199998639058
25,ibm_brisbane,QV,8,Qiskit,11,74,4,0,0.8432533119276645,0.007465599999704864
25,ibm_brisbane,QV,8,Qiskit,11,72,4,0,0.8449423516886901,0.008160799996403512
25,ibm_brisbane,QV,8,Qiskit,11,74,4,0,0.8432533119276645,0.012908799995784648
25,ibm_brisbane,QV,8,Qiskit,11,76,4,0,0.841567648557121,0.009499300002062228
25,ibm_brisbane,QV,8,Qiskit,11,74,4,0,0.8432533119276645,0.011996799999906216
25,ibm_brisbane,QV,8,Qiskit,11,74,4,0,0.8432533119276645,0.009668900005635805
25,ibm_brisbane,QV,8,Qiskit,11,76,4,0,0.841567648557121,0.01159639999968931
25,ibm_brisbane,QV,8,Qiskit,11,74,4,0,0.8432533119276645,0.017560700005560648
25,ibm_brisbane,QV,8,Qiskit,11,72,4,0,0.8449423516886901,0.014050800004042685
25,ibm_brisbane,QV,8,Qiskit,11,74,4,0,0.8432533119276645,0.017106599996623117
25,ibm_brisbane,QV,8,Qiskit,11,74,4,0,0.8432533119276645,0.01285700000153156
25,ibm_brisbane,QV,8,Qiskit,11,72,4,0,0.8449423516886901,0.008341499997186475
25,ibm_brisbane,QV,8,Qiskit,11,74,4,0,0.8432533119276645,0.008302400005050004
25,ibm_brisbane,QV,8,Qiskit,11,74,4,0,0.8432533119276645,0.007364299999608193
25,ibm_brisbane,QV,8,Qiskit,11,74,4,0,0.8432533119276645,0.007170400000177324
25,ibm_brisbane,QV,8,Qiskit,11,72,4,0,0.8449423516886901,0.007129300000087824
25,ibm_brisbane,QV,8,Qiskit,11,74,4,0,0.8432533119276645,0.007090299994160887
25,ibm_brisbane,QV,8,Qiskit,11,74,4,0,0.8432533119276645,0.007270000001881272
25,ibm_brisbane,QV,8,Qiskit,11,74,4,0,0.8432533119276645,0.007206500005850103
25,ibm_brisbane,QV,8,Qiskit,11,74,4,0,0.8432533119276645,0.0072388999979011714
25,ibm_brisbane,QV,8,Qiskit,11,74,4,0,0.8432533119276645,0.007176999999501277
25,ibm_brisbane,QV,8,Qiskit,11,72,4,0,0.8449423516886901,0.007157799998822156
25,ibm_brisbane,QV,8,Qiskit,11,74,4,0,0.8432533119276645,0.007100000002537854
25,ibm_brisbane,QV,8,Qiskit,11,76,4,0,0.841567648557121,0.006702700004098006
25,ibm_brisbane,QV,8,Qiskit,11,74,4,0,0.8432533119276645,0.00719770000432618
25,ibm_brisbane,QV,8,Qiskit,11,74,4,0,0.8432533119276645,0.00720500000170432
25,ibm_brisbane,QV,8,PyZX,10,56,8,0,0.8449084189592486,0.004281900000933092
25,ibm_brisbane,QV,8,PyZX,10,56,8,0,0.8449084189592486,0.004044900000735652
25,ibm_brisbane,QV,8,PyZX,10,56,8,0,0.8449084189592486,0.003965600000810809
25,ibm_brisbane,QV,8,PyZX,10,56,8,0,0.8449084189592486,0.004073500000231434
25,ibm_brisbane,QV,8,PyZX,10,56,8,0,0.8449084189592486,0.004195800000161398
25,ibm_brisbane,QV,8,PyZX,10,56,8,0,0.8449084189592486,0.004249199999321718
25,ibm_brisbane,QV,8,PyZX,10,56,8,0,0.8449084189592486,0.004530599995632656
25,ibm_brisbane,QV,8,PyZX,10,56,8,0,0.8449084189592486,0.004245800002536271
25,ibm_brisbane,QV,8,PyZX,10,56,8,0,0.8449084189592486,0.004041499996674247
25,ibm_brisbane,QV,8,PyZX,10,56,8,0,0.8449084189592486,0.003889500003424473
25,ibm_brisbane,QV,8,PyZX,10,56,8,0,0.8449084189592486,0.0038608999966527335
25,ibm_brisbane,QV,8,PyZX,10,56,8,0,0.8449084189592486,0.004022399996756576
25,ibm_brisbane,QV,8,PyZX,10,56,8,0,0.8449084189592486,0.003876000002492219
25,ibm_brisbane,QV,8,PyZX,10,56,8,0,0.8449084189592486,0.003841199999442324
25,ibm_brisbane,QV,8,PyZX,10,56,8,0,0.8449084189592486,0.003799400001298636
25,ibm_brisbane,QV,8,PyZX,10,56,8,0,0.8449084189592486,0.003889200001140125
25,ibm_brisbane,QV,8,PyZX,10,56,8,0,0.8449084189592486,0.0038623000000370666
25,ibm_brisbane,QV,8,PyZX,10,56,8,0,0.8449084189592486,0.003800899998168461
25,ibm_brisbane,QV,8,PyZX,10,56,8,0,0.8449084189592486,0.004029499999887776
25,ibm_brisbane,QV,8,PyZX,10,56,8,0,0.8449084189592486,0.003868900006636977
25,ibm_brisbane,QV,8,PyZX,10,56,8,0,0.8449084189592486,0.003758600003493484
25,ibm_brisbane,QV,8,PyZX,10,56,8,0,0.8449084189592486,0.0037281999975675717
25,ibm_brisbane,QV,8,PyZX,10,56,8,0,0.8449084189592486,0.0037375999963842332
25,ibm_brisbane,QV,8,PyZX,10,56,8,0,0.8449084189592486,0.003824699997494463
25,ibm_brisbane,QV,8,PyZX,10,56,8,0,0.8449084189592486,0.0037362000002758577
25,ibm_brisbane,QV,8,PyZX,10,56,8,0,0.8449084189592486,0.0037830000001122244
25,ibm_brisbane,QV,8,PyZX,10,56,8,0,0.8449084189592486,0.003701499997987412
25,ibm_brisbane,QV,8,PyZX,10,56,8,0,0.8449084189592486,0.003787699999520555
25,ibm_brisbane,QV,8,PyZX,10,56,8,0,0.8449084189592486,0.003634799999417737
25,ibm_brisbane,QV,8,PyZX,10,56,8,0,0.8449084189592486,0.0037819999997736886
25,ibm_brisbane,QV,8,TKET,7,52,4,0,0.8620199453455684,0.08083610000176122
25,ibm_brisbane,QV,8,TKET,7,52,4,0,0.8620199453455684,0.08054839999385877
25,ibm_brisbane,QV,8,TKET,7,52,4,0,0.8620199453455684,0.08080780000454979
25,ibm_brisbane,QV,8,TKET,7,52,4,0,0.8620199453455684,0.08074939999642083
25,ibm_brisbane,QV,8,TKET,7,52,4,0,0.8620199453455684,0.08553109999775188
25,ibm_brisbane,QV,8,TKET,7,52,4,0,0.8620199453455684,0.08699020000494784
25,ibm_brisbane,QV,8,TKET,7,52,4,0,0.8620199453455684,0.08368740000150865
25,ibm_brisbane,QV,8,TKET,7,52,4,0,0.8620199453455684,0.07981789999757893
25,ibm_brisbane,QV,8,TKET,7,52,4,0,0.8620199453455684,0.08044569999765372
25,ibm_brisbane,QV,8,TKET,7,52,4,0,0.8620199453455684,0.08066259999759495
25,ibm_brisbane,QV,8,TKET,7,52,4,0,0.8620199453455684,0.08016189999761991
25,ibm_brisbane,QV,8,TKET,7,52,4,0,0.8620199453455684,0.08247800000390271
25,ibm_brisbane,QV,8,TKET,7,52,4,0,0.8620199453455684,0.08068230000208132
25,ibm_brisbane,QV,8,TKET,7,52,4,0,0.8620199453455684,0.0804885000034119
25,ibm_brisbane,QV,8,TKET,7,52,4,0,0.8620199453455684,0.08021969999390421
25,ibm_brisbane,QV,8,TKET,7,52,4,0,0.8620199453455684,0.08139740000478923
25,ibm_brisbane,QV,8,TKET,7,52,4,0,0.8620199453455684,0.08149430000048596
25,ibm_brisbane,QV,8,TKET,7,52,4,0,0.8620199453455684,0.08132130000012694
25,ibm_brisbane,QV,8,TKET,7,52,4,0,0.8620199453455684,0.0817728000038187
25,ibm_brisbane,QV,8,TKET,7,52,4,0,0.8620199453455684,0.07978239999647485
25,ibm_brisbane,QV,8,TKET,7,52,4,0,0.8620199453455684,0.07979219999833731
25,ibm_brisbane,QV,8,TKET,7,52,4,0,0.8620199453455684,0.0803680999961216
25,ibm_brisbane,QV,8,TKET,7,52,4,0,0.8620199453455684,0.08135290000063833
25,ibm_brisbane,QV,8,TKET,7,52,4,0,0.8620199453455684,0.08080039999913424
25,ibm_brisbane,QV,8,TKET,7,52,4,0,0.8620199453455684,0.08102689999941504
25,ibm_brisbane,QV,8,TKET,7,52,4,0,0.8620199453455684,0.08095630000025267
25,ibm_brisbane,QV,8,TKET,7,52,4,0,0.8620199453455684,0.08155570000235457
25,ibm_brisbane,QV,8,TKET,7,52,4,0,0.8620199453455684,0.0843449000021792
25,ibm_brisbane,QV,8,TKET,7,52,4,0,0.8620199453455684,0.08142689999658614
25,ibm_brisbane,QV,8,TKET,7,52,4,0,0.8620199453455684,0.08412979999411618
25,ibm_brisbane,QV,8,BQSKit,3,20,4,0,0.8900649339174759,0.0877872999990359
25,ibm_brisbane,QV,8,BQSKit,3,20,4,0,0.8900649339174759,0.08738870000524912
25,ibm_brisbane,QV,8,BQSKit,3,20,4,0,0.8900649339174759,0.08575530000234721
25,ibm_brisbane,QV,8,BQSKit,3,20,4,0,0.8900649339174759,0.0862180999974953
25,ibm_brisbane,QV,8,BQSKit,3,20,4,0,0.8900649339174759,0.08659229999466334
25,ibm_brisbane,QV,8,BQSKit,3,20,4,0,0.8900649339174759,0.08511700000235578
25,ibm_brisbane,QV,8,BQSKit,3,20,4,0,0.8900649339174759,0.08473850000154926
25,ibm_brisbane,QV,8,BQSKit,3,20,4,0,0.8900649339174759,0.08498780000081751
25,ibm_brisbane,QV,8,BQSKit,3,20,4,0,0.8900649339174759,0.08516280000185361
25,ibm_brisbane,QV,8,BQSKit,3,20,4,0,0.8900649339174759,0.08673819999967236
25,ibm_brisbane,QV,8,BQSKit,3,20,4,0,0.8900649339174759,0.08668640000541927
25,ibm_brisbane,QV,8,BQSKit,3,20,4,0,0.8900649339174759,0.08612200000061421
25,ibm_brisbane,QV,8,BQSKit,3,20,4,0,0.8900649339174759,0.08499639999354258
25,ibm_brisbane,QV,8,BQSKit,3,20,4,0,0.8900649339174759,0.08573400000022957
25,ibm_brisbane,QV,8,BQSKit,3,20,4,0,0.8900649339174759,0.08531609999772627
25,ibm_brisbane,QV,8,BQSKit,3,20,4,0,0.8900649339174759,0.08672759999899426
25,ibm_brisbane,QV,8,BQSKit,3,20,4,0,0.8900649339174759,0.08578919999854406
25,ibm_brisbane,QV,8,BQSKit,3,20,4,0,0.8900649339174759,0.08604240000568097
25,ibm_brisbane,QV,8,BQSKit,3,20,4,0,0.8900649339174759,0.08625659999961499
25,ibm_brisbane,QV,8,BQSKit,3,20,4,0,0.8900649339174759,0.08657379999931436
25,ibm_brisbane,QV,8,BQSKit,3,20,4,0,0.8900649339174759,0.08578760000091279
25,ibm_brisbane,QV,8,BQSKit,3,20,4,0,0.8900649339174759,0.08645940000133123
25,ibm_brisbane,QV,8,BQSKit,3,20,4,0,0.8900649339174759,0.08631330000207527
25,ibm_brisbane,QV,8,BQSKit,3,20,4,0,0.8900649339174759,0.08635589999903459
25,ibm_brisbane,QV,8,BQSKit,3,20,4,0,0.8900649339174759,0.08566959999734536
25,ibm_brisbane,QV,8,BQSKit,3,20,4,0,0.8900649339174759,0.08439720000023954
25,ibm_brisbane,QV,8,BQSKit,3,20,4,0,0.8900649339174759,0.08559740000055172
25,ibm_brisbane,QV,8,BQSKit,3,20,4,0,0.8900649339174759,0.08577050000167219
25,ibm_brisbane,QV,8,BQSKit,3,20,4,0,0.8900649339174759,0.08559799999784445
25,ibm_brisbane,QV,8,BQSKit,3,20,4,0,0.8900649339174759,0.08566659999632975
25,ibm_brisbane,QV,8,Cirq-native,3,20,4,0,0.8900649339174759,0.00162570000247797
25,ibm_brisbane,QV,8,Cirq-native,3,20,4,0,0.8900649339174759,0.0015170999977272004
25,ibm_brisbane,QV,8,Cirq-native,3,20,4,0,0.8900649339174759,0.0013132000021869317
25,ibm_brisbane,QV,8,Cirq-native,3,20,4,0,0.8900649339174759,0.0012017999979434535
25,ibm_brisbane,QV,8,Cirq-native,3,20,4,0,0.8900649339174759,0.001148700001067482
25,ibm_brisbane,QV,8,Cirq-native,3,20,4,0,0.8900649339174759,0.0011350999993737787
25,ibm_brisbane,QV,8,Cirq-native,3,20,4,0,0.8900649339174759,0.0012676999976974912
25,ibm_brisbane,QV,8,Cirq-native,3,20,4,0,0.8900649339174759,0.001266400002350565
25,ibm_brisbane,QV,8,Cirq-native,3,20,4,0,0.8900649339174759,0.0011635999981081113
25,ibm_brisbane,QV,8,Cirq-native,3,20,4,0,0.8900649339174759,0.0011535999947227538
25,ibm_brisbane,QV,8,Cirq-native,3,20,4,0,0.8900649339174759,0.0011291999981040135
25,ibm_brisbane,QV,8,Cirq-native,3,20,4,0,0.8900649339174759,0.0011253000047872774
25,ibm_brisbane,QV,8,Cirq-native,3,20,4,0,0.8900649339174759,0.0012606000018422492
25,ibm_brisbane,QV,8,Cirq-native,3,20,4,0,0.8900649339174759,0.0012018999987049028
25,ibm_brisbane,QV,8,Cirq-native,3,20,4,0,0.8900649339174759,0.0011863999970955774
25,ibm_brisbane,QV,8,Cirq-native,3,20,4,0,0.8900649339174759,0.0012800000040442683
25,ibm_brisbane,QV,8,Cirq-native,3,20,4,0,0.8900649339174759,0.0011448000004747882
25,ibm_brisbane,QV,8,Cirq-native,3,20,4,0,0.8900649339174759,0.0011436999993748032
25,ibm_brisbane,QV,8,Cirq-native,3,20,4,0,0.8900649339174759,0.0013532000011764467
25,ibm_brisbane,QV,8,Cirq-native,3,20,4,0,0.8900649339174759,0.0011783999943872914
25,ibm_brisbane,QV,8,Cirq-native,3,20,4,0,0.8900649339174759,0.0011548999973456375
25,ibm_brisbane,QV,8,Cirq-native,3,20,4,0,0.8900649339174759,0.0011405999975977466
25,ibm_brisbane,QV,8,Cirq-native,3,20,4,0,0.8900649339174759,0.0011153000014019199
25,ibm_brisbane,QV,8,Cirq-native,3,20,4,0,0.8900649339174759,0.0014045999996596947
25,ibm_brisbane,QV,8,Cirq-native,3,20,4,0,0.8900649339174759,0.0012276000052224845
25,ibm_brisbane,QV,8,Cirq-native,3,20,4,0,0.8900649339174759,0.001248100001248531
25,ibm_brisbane,QV,8,Cirq-native,3,20,4,0,0.8900649339174759,0.0011622999954852276
25,ibm_brisbane,QV,8,Cirq-native,3,20,4,0,0.8900649339174759,0.001126700000895653
25,ibm_brisbane,QV,8,Cirq-native,3,20,4,0,0.8900649339174759,0.0011401000010664575
25,ibm_brisbane,QV,8,Cirq-native,3,20,4,0,0.8900649339174759,0.001324700002442114
25,ibm_brisbane,QV,8,QADE,3,20,4,0,0.8900649339174759,0.03386329999921145
25,ibm_brisbane,QV,8,QADE,3,20,4,0,0.8900649339174759,0.02352150000660913
25,ibm_brisbane,QV,8,QADE,3,20,4,0,0.8900649339174759,0.028317199998127762
25,ibm_brisbane,QV,8,QADE,3,20,4,0,0.8900649339174759,0.03547989999788115
25,ibm_brisbane,QV,8,QADE,3,20,4,0,0.8900649339174759,0.023649700000532903
25,ibm_brisbane,QV,8,QADE,3,20,4,0,0.8900649339174759,0.03327339999668766
25,ibm_brisbane,QV,8,QADE,3,20,4,0,0.8900649339174759,0.029099500003212597
25,ibm_brisbane,QV,8,QADE,3,20,4,0,0.8900649339174759,0.035642599999846425
25,ibm_brisbane,QV,8,QADE,3,20,4,0,0.8900649339174759,0.030333700000483077
25,ibm_brisbane,QV,8,QADE,3,20,4,0,0.8900649339174759,0.025780899995879736
25,ibm_brisbane,QV,8,QADE,3,20,4,0,0.8900649339174759,0.02534860000014305
25,ibm_brisbane,QV,8,QADE,3,20,4,0,0.8900649339174759,0.03163969999877736
25,ibm_brisbane,QV,8,QADE,3,20,4,0,0.8900649339174759,0.0289827000015066
25,ibm_brisbane,QV,8,QADE,3,20,4,0,0.8900649339174759,0.02995340000052238
25,ibm_brisbane,QV,8,QADE,3,20,4,0,0.8900649339174759,0.033383299996785354
25,ibm_brisbane,QV,8,QADE,3,20,4,0,0.8900649339174759,0.029717700002947822
25,ibm_brisbane,QV,8,QADE,3,20,4,0,0.8900649339174759,0.031684699999459554
25,ibm_brisbane,QV,8,QADE,3,20,4,0,0.8900649339174759,0.022667199998977594
25,ibm_brisbane,QV,8,QADE,3,20,4,0,0.8900649339174759,0.02819889999955194
25,ibm_brisbane,QV,8,QADE,3,20,4,0,0.8900649339174759,0.03156619999936083
25,ibm_brisbane,QV,8,QADE,3,20,4,0,0.8900649339174759,0.027452999995148275
25,ibm_brisbane,QV,8,QADE,3,20,4,0,0.8900649339174759,0.027616699997452088
25,ibm_brisbane,QV,8,QADE,3,20,4,0,0.8900649339174759,0.033583999997063074
25,ibm_brisbane,QV,8,QADE,3,20,4,0,0.8900649339174759,0.02713729999959469
25,ibm_brisbane,QV,8,QADE,3,20,4,0,0.8900649339174759,0.0314007999986643
25,ibm_brisbane,QV,8,QADE,3,20,4,0,0.8900649339174759,0.02278499999374617
25,ibm_brisbane,QV,8,QADE,3,20,4,0,0.8900649339174759,0.029982899999595247
25,ibm_brisbane,QV,8,QADE,3,20,4,0,0.8900649339174759,0.026315000002796296
25,ibm_brisbane,QV,8,QADE,3,20,4,0,0.8900649339174759,0.022586300001421478
25,ibm_brisbane,QV,8,QADE,3,20,4,0,0.8900649339174759,0.031715500001155306
25,ibm_brisbane,QV,8,QADE + PyZX,10,56,8,0,0.8449084189592486,0.03397069999482483
25,ibm_brisbane,QV,8,QADE + PyZX,10,56,8,0,0.8449084189592486,0.03266940000321483
25,ibm_brisbane,QV,8,QADE + PyZX,10,56,8,0,0.8449084189592486,0.02846750000026077
25,ibm_brisbane,QV,8,QADE + PyZX,10,56,8,0,0.8449084189592486,0.03117270000075223
25,ibm_brisbane,QV,8,QADE + PyZX,10,56,8,0,0.8449084189592486,0.036339099999167956
25,ibm_brisbane,QV,8,QADE + PyZX,10,56,8,0,0.8449084189592486,0.03011040000274079
25,ibm_brisbane,QV,8,QADE + PyZX,10,56,8,0,0.8449084189592486,0.02635049999662442
25,ibm_brisbane,QV,8,QADE + PyZX,10,56,8,0,0.8449084189592486,0.035037200002989266
25,ibm_brisbane,QV,8,QADE + PyZX,10,56,8,0,0.8449084189592486,0.03201489999628393
25,ibm_brisbane,QV,8,QADE + PyZX,10,56,8,0,0.8449084189592486,0.03697969999484485
25,ibm_brisbane,QV,8,QADE + PyZX,10,56,8,0,0.8449084189592486,0.02524450000055367
25,ibm_brisbane,QV,8,QADE + PyZX,10,56,8,0,0.8449084189592486,0.1287956000014674
25,ibm_brisbane,QV,8,QADE + PyZX,10,56,8,0,0.8449084189592486,0.03117009999550646
25,ibm_brisbane,QV,8,QADE + PyZX,10,56,8,0,0.8449084189592486,0.03170200000022305
25,ibm_brisbane,QV,8,QADE + PyZX,10,56,8,0,0.8449084189592486,0.03346320000127889
25,ibm_brisbane,QV,8,QADE + PyZX,10,56,8,0,0.8449084189592486,0.033042199996998534
25,ibm_brisbane,QV,8,QADE + PyZX,10,56,8,0,0.8449084189592486,0.03256359999795677
25,ibm_brisbane,QV,8,QADE + PyZX,10,56,8,0,0.8449084189592486,0.026806000001670327
25,ibm_brisbane,QV,8,QADE + PyZX,10,56,8,0,0.8449084189592486,0.0271567999952822
25,ibm_brisbane,QV,8,QADE + PyZX,10,56,8,0,0.8449084189592486,0.03330199999618344
25,ibm_brisbane,QV,8,QADE + PyZX,10,56,8,0,0.8449084189592486,0.03015379999851575
25,ibm_brisbane,QV,8,QADE + PyZX,10,56,8,0,0.8449084189592486,0.028772700003173668
25,ibm_brisbane,QV,8,QADE + PyZX,10,56,8,0,0.8449084189592486,0.03090159999555908
25,ibm_brisbane,QV,8,QADE + PyZX,10,56,8,0,0.8449084189592486,0.030995499997516163
25,ibm_brisbane,QV,8,QADE + PyZX,10,56,8,0,0.8449084189592486,0.022334700006467756
25,ibm_brisbane,QV,8,QADE + PyZX,10,56,8,0,0.8449084189592486,0.03370889999496285
25,ibm_brisbane,QV,8,QADE + PyZX,10,56,8,0,0.8449084189592486,0.02747550000640331
25,ibm_brisbane,QV,8,QADE + PyZX,10,56,8,0,0.8449084189592486,0.031084499998542015
25,ibm_brisbane,QV,8,QADE + PyZX,10,56,8,0,0.8449084189592486,0.030725500000698958
25,ibm_brisbane,QV,8,QADE + PyZX,10,56,8,0,0.8449084189592486,0.03425010000501061
25,ibm_brisbane,QV,8,QADE + Knowledge Graph,10,56,8,0,0.8449084189592486,0.004350800001702737
25,ibm_brisbane,QV,8,QADE + Knowledge Graph,10,56,8,0,0.8449084189592486,0.004168700004811399
25,ibm_brisbane,QV,8,QADE + Knowledge Graph,10,56,8,0,0.8449084189592486,0.0039511999930255115
25,ibm_brisbane,QV,8,QADE + Knowledge Graph,10,56,8,0,0.8449084189592486,0.0038758000009693205
25,ibm_brisbane,QV,8,QADE + Knowledge Graph,10,56,8,0,0.8449084189592486,0.003954200001317076
25,ibm_brisbane,QV,8,QADE + Knowledge Graph,10,56,8,0,0.8449084189592486,0.0039388000004692
25,ibm_brisbane,QV,8,QADE + Knowledge Graph,10,56,8,0,0.8449084189592486,0.003945199998270255
25,ibm_brisbane,QV,8,QADE + Knowledge Graph,10,56,8,0,0.8449084189592486,0.003979000000981614
25,ibm_brisbane,QV,8,QADE + Knowledge Graph,10,56,8,0,0.8449084189592486,0.004009099997347221
25,ibm_brisbane,QV,8,QADE + Knowledge Graph,10,56,8,0,0.8449084189592486,0.0039147999996203
25,ibm_brisbane,QV,8,QADE + Knowledge Graph,10,56,8,0,0.8449084189592486,0.0038878999985172413
25,ibm_brisbane,QV,8,QADE + Knowledge Graph,10,56,8,0,0.8449084189592486,0.003906800004187971
25,ibm_brisbane,QV,8,QADE + Knowledge Graph,10,56,8,0,0.8449084189592486,0.00395109999954002
25,ibm_brisbane,QV,8,QADE + Knowledge Graph,10,56,8,0,0.8449084189592486,0.003975799998443108
25,ibm_brisbane,QV,8,QADE + Knowledge Graph,10,56,8,0,0.8449084189592486,0.003947599994717166
25,ibm_brisbane,QV,8,QADE + Knowledge Graph,10,56,8,0,0.8449084189592486,0.004140299999562558
25,ibm_brisbane,QV,8,QADE + Knowledge Graph,10,56,8,0,0.8449084189592486,0.00387849999970058
25,ibm_brisbane,QV,8,QADE + Knowledge Graph,10,56,8,0,0.8449084189592486,0.0038817000022390857
25,ibm_brisbane,QV,8,QADE + Knowledge Graph,10,56,8,0,0.8449084189592486,0.003956900000048336
25,ibm_brisbane,QV,8,QADE + Knowledge Graph,10,56,8,0,0.8449084189592486,0.0040679000012460165
25,ibm_brisbane,QV,8,QADE + Knowledge Graph,10,56,8,0,0.8449084189592486,0.0038340000028256327
25,ibm_brisbane,QV,8,QADE + Knowledge Graph,10,56,8,0,0.8449084189592486,0.0039161000022431836
25,ibm_brisbane,QV,8,QADE + Knowledge Graph,10,56,8,0,0.8449084189592486,0.0038530000019818544
25,ibm_brisbane,QV,8,QADE + Knowledge Graph,10,56,8,0,0.8449084189592486,0.003967299999203533
25,ibm_brisbane,QV,8,QADE + Knowledge Graph,10,56,8,0,0.8449084189592486,0.003889200001140125
25,ibm_brisbane,QV,8,QADE + Knowledge Graph,10,56,8,0,0.8449084189592486,0.003932000006898306
25,ibm_brisbane,QV,8,QADE + Knowledge Graph,10,56,8,0,0.8449084189592486,0.003880399999616202
25,ibm_brisbane,QV,8,QADE + Knowledge Graph,10,56,8,0,0.8449084189592486,0.003876200004015118
25,ibm_brisbane,QV,8,QADE + Knowledge Graph,10,56,8,0,0.8449084189592486,0.003992000005382579
25,ibm_brisbane,QV,8,QADE + Knowledge Graph,10,56,8,0,0.8449084189592486,0.0038901000007172115
25,ibm_brisbane,QV,8,QADE + Evolution + PyZX,10,56,8,0,0.8449084189592486,0.10666119999950752
25,ibm_brisbane,QV,8,QADE + Evolution + PyZX,10,56,8,0,0.8449084189592486,0.08645029999752296
25,ibm_brisbane,QV,8,QADE + Evolution + PyZX,10,56,8,0,0.8449084189592486,0.09856720000243513
25,ibm_brisbane,QV,8,QADE + Evolution + PyZX,10,56,8,0,0.8449084189592486,0.1049291999952402
25,ibm_brisbane,QV,8,QADE + Evolution + PyZX,10,56,8,0,0.8449084189592486,0.08405219999986002
25,ibm_brisbane,QV,8,QADE + Evolution + PyZX,10,56,8,0,0.8449084189592486,0.09685130000434583
25,ibm_brisbane,QV,8,QADE + Evolution + PyZX,10,56,8,0,0.8449084189592486,0.09525220000068657
25,ibm_brisbane,QV,8,QADE + Evolution + PyZX,10,56,8,0,0.8449084189592486,0.0953455999988364
25,ibm_brisbane,QV,8,QADE + Evolution + PyZX,10,56,8,0,0.8449084189592486,0.09016469999914989
25,ibm_brisbane,QV,8,QADE + Evolution + PyZX,10,56,8,0,0.8449084189592486,0.09841980000055628
25,ibm_brisbane,QV,8,QADE + Evolution + PyZX,10,56,8,0,0.8449084189592486,0.0868311000012909
25,ibm_brisbane,QV,8,QADE + Evolution + PyZX,10,56,8,0,0.8449084189592486,0.09070869999413844
25,ibm_brisbane,QV,8,QADE + Evolution + PyZX,10,56,8,0,0.8449084189592486,0.09815440000238596
25,ibm_brisbane,QV,8,QADE + Evolution + PyZX,10,56,8,0,0.8449084189592486,0.19959830000152579
25,ibm_brisbane,QV,8,QADE + Evolution + PyZX,10,56,8,0,0.8449084189592486,0.09961900000052992
25,ibm_brisbane,QV,8,QADE + Evolution + PyZX,10,56,8,0,0.8449084189592486,0.0881232000028831
25,ibm_brisbane,QV,8,QADE + Evolution + PyZX,10,56,8,0,0.8449084189592486,0.09450659999856725
25,ibm_brisbane,QV,8,QADE + Evolution + PyZX,10,56,8,0,0.8449084189592486,0.09992749999946682
25,ibm_brisbane,QV,8,QADE + Evolution + PyZX,10,56,8,0,0.8449084189592486,0.09763350000139326
25,ibm_brisbane,QV,8,QADE + Evolution + PyZX,10,56,8,0,0.8449084189592486,0.09152760000142734
25,ibm_brisbane,QV,8,QADE + Evolution + PyZX,10,56,8,0,0.8449084189592486,0.09042960000078892
25,ibm_brisbane,QV,8,QADE + Evolution + PyZX,10,56,8,0,0.8449084189592486,0.09475440000096569
25,ibm_brisbane,QV,8,QADE + Evolution + PyZX,10,56,8,0,0.8449084189592486,0.096856399999524
25,ibm_brisbane,QV,8,QADE + Evolution + PyZX,10,56,8,0,0.8449084189592486,0.0952367999998387
25,ibm_brisbane,QV,8,QADE + Evolution + PyZX,10,56,8,0,0.8449084189592486,0.11642169999686303
25,ibm_brisbane,QV,8,QADE + Evolution + PyZX,10,56,8,0,0.8449084189592486,0.09415710000030231
25,ibm_brisbane,QV,8,QADE + Evolution + PyZX,10,56,8,0,0.8449084189592486,0.09368990000075428
25,ibm_brisbane,QV,8,QADE + Evolution + PyZX,10,56,8,0,0.8449084189592486,0.12759789999836357
25,ibm_brisbane,QV,8,QADE + Evolution + PyZX,10,56,8,0,0.8449084189592486,0.11539600000105565
25,ibm_brisbane,QV,8,QADE + Evolution + PyZX,10,56,8,0,0.8449084189592486,0.10137400000530761
26,ibm_brisbane,GHZ,10,Qiskit,15,65,9,0,0.8173856582088186,0.008533100000931881
26,ibm_brisbane,GHZ,10,Qiskit,15,65,9,0,0.8173856582088186,0.00856470000144327
26,ibm_brisbane,GHZ,10,Qiskit,12,12,9,0,0.8618985247569497,0.007961600000271574
26,ibm_brisbane,GHZ,10,Qiskit,15,65,9,0,0.8173856582088186,0.014608100005716551
26,ibm_brisbane,GHZ,10,Qiskit,15,65,9,0,0.8173856582088186,0.007319000003917608
26,ibm_brisbane,GHZ,10,Qiskit,12,12,9,0,0.8618985247569497,0.006601400004001334
26,ibm_brisbane,GHZ,10,Qiskit,12,12,9,0,0.8618985247569497,0.00685209999937797
26,ibm_brisbane,GHZ,10,Qiskit,12,12,9,0,0.8618985247569497,0.006864099996164441
26,ibm_brisbane,GHZ,10,Qiskit,12,12,9,0,0.8618985247569497,0.0065477999960421585
26,ibm_brisbane,GHZ,10,Qiskit,15,65,9,0,0.8173856582088186,0.007398100002319552
26,ibm_brisbane,GHZ,10,Qiskit,12,12,9,0,0.8618985247569497,0.006452300003729761
26,ibm_brisbane,GHZ,10,Qiskit,12,12,9,0,0.8618985247569497,0.006588100004591979
26,ibm_brisbane,GHZ,10,Qiskit,15,65,9,0,0.8173856582088186,0.008497400005580857
26,ibm_brisbane,GHZ,10,Qiskit,12,12,9,0,0.8618985247569497,0.0062795000048936345
26,ibm_brisbane,GHZ,10,Qiskit,15,65,9,0,0.8173856582088186,0.0066105999940191396
26,ibm_brisbane,GHZ,10,Qiskit,15,65,9,0,0.8173856582088186,0.006777699993108399
26,ibm_brisbane,GHZ,10,Qiskit,15,65,9,0,0.8173856582088186,0.006794100001570769
26,ibm_brisbane,GHZ,10,Qiskit,12,12,9,0,0.8618985247569497,0.006182600001920946
26,ibm_brisbane,GHZ,10,Qiskit,12,12,9,0,0.8618985247569497,0.0061139000026742
26,ibm_brisbane,GHZ,10,Qiskit,15,65,9,0,0.8173856582088186,0.0070903000014368445
26,ibm_brisbane,GHZ,10,Qiskit,12,12,9,0,0.8618985247569497,0.005963499999779742
26,ibm_brisbane,GHZ,10,Qiskit,12,12,9,0,0.8618985247569497,0.006120099998952355
26,ibm_brisbane,GHZ,10,Qiskit,15,65,9,0,0.8173856582088186,0.006591500001377426
26,ibm_brisbane,GHZ,10,Qiskit,12,12,9,0,0.8618985247569497,0.00586940000357572
26,ibm_brisbane,GHZ,10,Qiskit,12,12,9,0,0.8618985247569497,0.006550400001287926
26,ibm_brisbane,GHZ,10,Qiskit,15,65,9,0,0.8173856582088186,0.006657399993855506
26,ibm_brisbane,GHZ,10,Qiskit,15,65,9,0,0.8173856582088186,0.006792300002416596
26,ibm_brisbane,GHZ,10,Qiskit,12,12,9,0,0.8618985247569497,0.00599270000384422
26,ibm_brisbane,GHZ,10,Qiskit,15,65,9,0,0.8173856582088186,0.006502500000351574
26,ibm_brisbane,GHZ,10,Qiskit,15,65,9,0,0.8173856582088186,0.006569199998921249
26,ibm_brisbane,GHZ,10,PyZX,19,28,9,0,0.8482110950855328,0.0036220000038156286
26,ibm_brisbane,GHZ,10,PyZX,19,28,9,0,0.8482110950855328,0.003392799997527618
26,ibm_brisbane,GHZ,10,PyZX,19,28,9,0,0.8482110950855328,0.003126600000541657
26,ibm_brisbane,GHZ,10,PyZX,19,28,9,0,0.8482110950855328,0.0032187999968300574
26,ibm_brisbane,GHZ,10,PyZX,19,28,9,0,0.8482110950855328,0.003178200000547804
26,ibm_brisbane,GHZ,10,PyZX,19,28,9,0,0.8482110950855328,0.0032991999978548847
26,ibm_brisbane,GHZ,10,PyZX,19,28,9,0,0.8482110950855328,0.0031649000011384487
26,ibm_brisbane,GHZ,10,PyZX,19,28,9,0,0.8482110950855328,0.0031909000026644208
26,ibm_brisbane,GHZ,10,PyZX,19,28,9,0,0.8482110950855328,0.0031376999977510422
26,ibm_brisbane,GHZ,10,PyZX,19,28,9,0,0.8482110950855328,0.0032285999986925162
26,ibm_brisbane,GHZ,10,PyZX,19,28,9,0,0.8482110950855328,0.0031545000019832514
26,ibm_brisbane,GHZ,10,PyZX,19,28,9,0,0.8482110950855328,0.003202799998689443
26,ibm_brisbane,GHZ,10,PyZX,19,28,9,0,0.8482110950855328,0.0031373999954666942
26,ibm_brisbane,GHZ,10,PyZX,19,28,9,0,0.8482110950855328,0.003180100000463426
26,ibm_brisbane,GHZ,10,PyZX,19,28,9,0,0.8482110950855328,0.003179600003932137
26,ibm_brisbane,GHZ,10,PyZX,19,28,9,0,0.8482110950855328,0.004281099994841497
26,ibm_brisbane,GHZ,10,PyZX,19,28,9,0,0.8482110950855328,0.0032877999983611517
26,ibm_brisbane,GHZ,10,PyZX,19,28,9,0,0.8482110950855328,0.003236699994886294
26,ibm_brisbane,GHZ,10,PyZX,19,28,9,0,0.8482110950855328,0.003182200001901947
26,ibm_brisbane,GHZ,10,PyZX,19,28,9,0,0.8482110950855328,0.00345289999677334
26,ibm_brisbane,GHZ,10,PyZX,19,28,9,0,0.8482110950855328,0.00322059999598423
26,ibm_brisbane,GHZ,10,PyZX,19,28,9,0,0.8482110950855328,0.003202599997166544
26,ibm_brisbane,GHZ,10,PyZX,19,28,9,0,0.8482110950855328,0.0031902999980957247
26,ibm_brisbane,GHZ,10,PyZX,19,28,9,0,0.8482110950855328,0.0031377999985124916
26,ibm_brisbane,GHZ,10,PyZX,19,28,9,0,0.8482110950855328,0.0033764000036171637
26,ibm_brisbane,GHZ,10,PyZX,19,28,9,0,0.8482110950855328,0.003153300000121817
26,ibm_brisbane,GHZ,10,PyZX,19,28,9,0,0.8482110950855328,0.003255900002841372
26,ibm_brisbane,GHZ,10,PyZX,19,28,9,0,0.8482110950855328,0.003168700000969693
26,ibm_brisbane,GHZ,10,PyZX,19,28,9,0,0.8482110950855328,0.003249800000048708
26,ibm_brisbane,GHZ,10,PyZX,19,28,9,0,0.8482110950855328,0.003207599998859223
26,ibm_brisbane,GHZ,10,TKET,12,12,9,0,0.8618985247569497,0.18265059999976074
26,ibm_brisbane,GHZ,10,TKET,12,12,9,0,0.8618985247569497,0.18317479999677744
26,ibm_brisbane,GHZ,10,TKET,12,12,9,0,0.8618985247569497,0.18125599999621045
26,ibm_brisbane,GHZ,10,TKET,12,12,9,0,0.8618985247569497,0.18032050000329036
26,ibm_brisbane,GHZ,10,TKET,12,12,9,0,0.8618985247569497,0.18199739999545272
26,ibm_brisbane,GHZ,10,TKET,12,12,9,0,0.8618985247569497,0.1838281000018469
26,ibm_brisbane,GHZ,10,TKET,12,12,9,0,0.8618985247569497,0.18175630000041565
26,ibm_brisbane,GHZ,10,TKET,12,12,9,0,0.8618985247569497,0.1813188000014634
26,ibm_brisbane,GHZ,10,TKET,12,12,9,0,0.8618985247569497,0.17907539999578148
26,ibm_brisbane,GHZ,10,TKET,12,12,9,0,0.8618985247569497,0.18025099999795202
26,ibm_brisbane,GHZ,10,TKET,12,12,9,0,0.8618985247569497,0.18117660000280011
26,ibm_brisbane,GHZ,10,TKET,12,12,9,0,0.8618985247569497,0.18047029999434017
26,ibm_brisbane,GHZ,10,TKET,12,12,9,0,0.8618985247569497,0.18226720000529895
26,ibm_brisbane,GHZ,10,TKET,12,12,9,0,0.8618985247569497,0.18063640000036685
26,ibm_brisbane,GHZ,10,TKET,12,12,9,0,0.8618985247569497,0.18059570000332315
26,ibm_brisbane,GHZ,10,TKET,12,12,9,0,0.8618985247569497,0.18278860000282293
26,ibm_brisbane,GHZ,10,TKET,12,12,9,0,0.8618985247569497,0.18090429999574553
26,ibm_brisbane,GHZ,10,TKET,12,12,9,0,0.8618985247569497,0.18213570000079926
26,ibm_brisbane,GHZ,10,TKET,12,12,9,0,0.8618985247569497,0.18377510000573238
26,ibm_brisbane,GHZ,10,TKET,12,12,9,0,0.8618985247569497,0.18093170000065584
26,ibm_brisbane,GHZ,10,TKET,12,12,9,0,0.8618985247569497,0.18212850000418257
26,ibm_brisbane,GHZ,10,TKET,12,12,9,0,0.8618985247569497,0.18285800000012387
26,ibm_brisbane,GHZ,10,TKET,12,12,9,0,0.8618985247569497,0.1857977999970899
26,ibm_brisbane,GHZ,10,TKET,12,12,9,0,0.8618985247569497,0.1915404999963357
26,ibm_brisbane,GHZ,10,TKET,12,12,9,0,0.8618985247569497,0.17999379999673693
26,ibm_brisbane,GHZ,10,TKET,12,12,9,0,0.8618985247569497,0.1795607000021846
26,ibm_brisbane,GHZ,10,TKET,12,12,9,0,0.8618985247569497,0.17985619999672053
26,ibm_brisbane,GHZ,10,TKET,12,12,9,0,0.8618985247569497,0.18167499999981374
26,ibm_brisbane,GHZ,10,TKET,12,12,9,0,0.8618985247569497,0.18038839999644551
26,ibm_brisbane,GHZ,10,TKET,12,12,9,0,0.8618985247569497,0.1803894999975455
26,ibm_brisbane,GHZ,10,BQSKit,10,10,9,0,0.8636249109539466,0.06123200000001816
26,ibm_brisbane,GHZ,10,BQSKit,10,10,9,0,0.8636249109539466,0.06111180000152672
26,ibm_brisbane,GHZ,10,BQSKit,10,10,9,0,0.8636249109539466,0.06139570000232197
26,ibm_brisbane,GHZ,10,BQSKit,10,10,9,0,0.8636249109539466,0.06193419999908656
26,ibm_brisbane,GHZ,10,BQSKit,10,10,9,0,0.8636249109539466,0.06104040000354871
26,ibm_brisbane,GHZ,10,BQSKit,10,10,9,0,0.8636249109539466,0.06138930000452092
26,ibm_brisbane,GHZ,10,BQSKit,10,10,9,0,0.8636249109539466,0.061078300001099706
26,ibm_brisbane,GHZ,10,BQSKit,10,10,9,0,0.8636249109539466,0.06089649999921676
26,ibm_brisbane,GHZ,10,BQSKit,10,10,9,0,0.8636249109539466,0.06121680000069318
26,ibm_brisbane,GHZ,10,BQSKit,10,10,9,0,0.8636249109539466,0.061223700002301484
26,ibm_brisbane,GHZ,10,BQSKit,10,10,9,0,0.8636249109539466,0.06059059999824967
26,ibm_brisbane,GHZ,10,BQSKit,10,10,9,0,0.8636249109539466,0.06173010000202339
26,ibm_brisbane,GHZ,10,BQSKit,10,10,9,0,0.8636249109539466,0.06100880000303732
26,ibm_brisbane,GHZ,10,BQSKit,10,10,9,0,0.8636249109539466,0.06115130000398494
26,ibm_brisbane,GHZ,10,BQSKit,10,10,9,0,0.8636249109539466,0.06086219999997411
26,ibm_brisbane,GHZ,10,BQSKit,10,10,9,0,0.8636249109539466,0.06099030000041239
26,ibm_brisbane,GHZ,10,BQSKit,10,10,9,0,0.8636249109539466,0.06058140000095591
26,ibm_brisbane,GHZ,10,BQSKit,10,10,9,0,0.8636249109539466,0.060826400003861636
26,ibm_brisbane,GHZ,10,BQSKit,10,10,9,0,0.8636249109539466,0.060900299999048
26,ibm_brisbane,GHZ,10,BQSKit,10,10,9,0,0.8636249109539466,0.06053940000128932
26,ibm_brisbane,GHZ,10,BQSKit,10,10,9,0,0.8636249109539466,0.06105340000067372
26,ibm_brisbane,GHZ,10,BQSKit,10,10,9,0,0.8636249109539466,0.060270300004049204
26,ibm_brisbane,GHZ,10,BQSKit,10,10,9,0,0.8636249109539466,0.060803000000305474
26,ibm_brisbane,GHZ,10,BQSKit,10,10,9,0,0.8636249109539466,0.06022339999617543
26,ibm_brisbane,GHZ,10,BQSKit,10,10,9,0,0.8636249109539466,0.06142060000274796
26,ibm_brisbane,GHZ,10,BQSKit,10,10,9,0,0.8636249109539466,0.0608349999965867
26,ibm_brisbane,GHZ,10,BQSKit,10,10,9,0,0.8636249109539466,0.06080659999861382
26,ibm_brisbane,GHZ,10,BQSKit,10,10,9,0,0.8636249109539466,0.06116959999781102
26,ibm_brisbane,GHZ,10,BQSKit,10,10,9,0,0.8636249109539466,0.061264700001629535
26,ibm_brisbane,GHZ,10,BQSKit,10,10,9,0,0.8636249109539466,0.06128539999917848
26,ibm_brisbane,GHZ,10,Cirq-native,10,10,9,0,0.8636249109539466,0.0018261000004713424
26,ibm_brisbane,GHZ,10,Cirq-native,10,10,9,0,0.8636249109539466,0.0011849000002257526
26,ibm_brisbane,GHZ,10,Cirq-native,10,10,9,0,0.8636249109539466,0.0010242999996989965
26,ibm_brisbane,GHZ,10,Cirq-native,10,10,9,0,0.8636249109539466,0.001000900003418792
26,ibm_brisbane,GHZ,10,Cirq-native,10,10,9,0,0.8636249109539466,0.0009759000022313558
26,ibm_brisbane,GHZ,10,Cirq-native,10,10,9,0,0.8636249109539466,0.0011240999956498854
26,ibm_brisbane,GHZ,10,Cirq-native,10,10,9,0,0.8636249109539466,0.0010834000058821402
26,ibm_brisbane,GHZ,10,Cirq-native,10,10,9,0,0.8636249109539466,0.0010129000002052635
26,ibm_brisbane,GHZ,10,Cirq-native,10,10,9,0,0.8636249109539466,0.000997700000880286
26,ibm_brisbane,GHZ,10,Cirq-native,10,10,9,0,0.8636249109539466,0.0009674999964772724
26,ibm_brisbane,GHZ,10,Cirq-native,10,10,9,0,0.8636249109539466,0.001079800000297837
26,ibm_brisbane,GHZ,10,Cirq-native,10,10,9,0,0.8636249109539466,0.0009931000022334047
26,ibm_brisbane,GHZ,10,Cirq-native,10,10,9,0,0.8636249109539466,0.0013514000020222738
26,ibm_brisbane,GHZ,10,Cirq-native,10,10,9,0,0.8636249109539466,0.0011254000055487268
26,ibm_brisbane,GHZ,10,Cirq-native,10,10,9,0,0.8636249109539466,0.0010117999991052784
26,ibm_brisbane,GHZ,10,Cirq-native,10,10,9,0,0.8636249109539466,0.0009990999969886616
26,ibm_brisbane,GHZ,10,Cirq-native,10,10,9,0,0.8636249109539466,0.0009720999951241538
26,ibm_brisbane,GHZ,10,Cirq-native,10,10,9,0,0.8636249109539466,0.0009724999981699511
26,ibm_brisbane,GHZ,10,Cirq-native,10,10,9,0,0.8636249109539466,0.001131199998781085
26,ibm_brisbane,GHZ,10,Cirq-native,10,10,9,0,0.8636249109539466,0.0010490999993635342
26,ibm_brisbane,GHZ,10,Cirq-native,10,10,9,0,0.8636249109539466,0.0010159000012208708
26,ibm_brisbane,GHZ,10,Cirq-native,10,10,9,0,0.8636249109539466,0.0009967000005417503
26,ibm_brisbane,GHZ,10,Cirq-native,10,10,9,0,0.8636249109539466,0.0009588999964762479
26,ibm_brisbane,GHZ,10,Cirq-native,10,10,9,0,0.8636249109539466,0.0009890000001178123
26,ibm_brisbane,GHZ,10,Cirq-native,10,10,9,0,0.8636249109539466,0.0010049999982584268
26,ibm_brisbane,GHZ,10,Cirq-native,10,10,9,0,0.8636249109539466,0.0011655999987851828
26,ibm_brisbane,GHZ,10,Cirq-native,10,10,9,0,0.8636249109539466,0.0010481999997864477
26,ibm_brisbane,GHZ,10,Cirq-native,10,10,9,0,0.8636249109539466,0.0009642000004532747
26,ibm_brisbane,GHZ,10,Cirq-native,10,10,9,0,0.8636249109539466,0.0009586999949533492
26,ibm_brisbane,GHZ,10,Cirq-native,10,10,9,0,0.8636249109539466,0.0009468999996897765
26,ibm_brisbane,GHZ,10,QADE,10,10,9,0,0.8636249109539466,0.13861970000289148
26,ibm_brisbane,GHZ,10,QADE,10,10,9,0,0.8636249109539466,0.03209870000137016
26,ibm_brisbane,GHZ,10,QADE,10,10,9,0,0.8636249109539466,0.02993859999696724
26,ibm_brisbane,GHZ,10,QADE,10,10,9,0,0.8636249109539466,0.030064599995967
26,ibm_brisbane,GHZ,10,QADE,10,10,9,0,0.8636249109539466,0.025126500004262198
26,ibm_brisbane,GHZ,10,QADE,10,10,9,0,0.8636249109539466,0.03275079999730224
26,ibm_brisbane,GHZ,10,QADE,10,10,9,0,0.8636249109539466,0.033675699996820185
26,ibm_brisbane,GHZ,10,QADE,10,10,9,0,0.8636249109539466,0.027579299996432383
26,ibm_brisbane,GHZ,10,QADE,10,10,9,0,0.8636249109539466,0.026744399998278823
26,ibm_brisbane,GHZ,10,QADE,10,10,9,0,0.8636249109539466,0.03052410000236705
26,ibm_brisbane,GHZ,10,QADE,10,10,9,0,0.8636249109539466,0.027004300005501136
26,ibm_brisbane,GHZ,10,QADE,10,10,9,0,0.8636249109539466,0.13237990000197897
26,ibm_brisbane,GHZ,10,QADE,10,10,9,0,0.8636249109539466,0.029940000000351574
26,ibm_brisbane,GHZ,10,QADE,10,10,9,0,0.8636249109539466,0.031613999999535736
26,ibm_brisbane,GHZ,10,QADE,10,10,9,0,0.8636249109539466,0.029711800001678057
26,ibm_brisbane,GHZ,10,QADE,10,10,9,0,0.8636249109539466,0.030441799994150642
26,ibm_brisbane,GHZ,10,QADE,10,10,9,0,0.8636249109539466,0.03199930000118911
26,ibm_brisbane,GHZ,10,QADE,10,10,9,0,0.8636249109539466,0.032243199995718896
26,ibm_brisbane,GHZ,10,QADE,10,10,9,0,0.8636249109539466,0.026513999997405335
26,ibm_brisbane,GHZ,10,QADE,10,10,9,0,0.8636249109539466,0.02767899999889778
26,ibm_brisbane,GHZ,10,QADE,10,10,9,0,0.8636249109539466,0.02638460000162013
26,ibm_brisbane,GHZ,10,QADE,10,10,9,0,0.8636249109539466,0.12828629999421537
26,ibm_brisbane,GHZ,10,QADE,10,10,9,0,0.8636249109539466,0.02818919999845093
26,ibm_brisbane,GHZ,10,QADE,10,10,9,0,0.8636249109539466,0.03023199999734061
26,ibm_brisbane,GHZ,10,QADE,10,10,9,0,0.8636249109539466,0.02840700000524521
26,ibm_brisbane,GHZ,10,QADE,10,10,9,0,0.8636249109539466,0.0369252000018605
26,ibm_brisbane,GHZ,10,QADE,10,10,9,0,0.8636249109539466,0.03319570000167005
26,ibm_brisbane,GHZ,10,QADE,10,10,9,0,0.8636249109539466,0.03332760000193957
26,ibm_brisbane,GHZ,10,QADE,10,10,9,0,0.8636249109539466,0.028383400000166148
26,ibm_brisbane,GHZ,10,QADE,10,10,9,0,0.8636249109539466,0.041197600003215484
26,ibm_brisbane,GHZ,10,QADE + PyZX,19,28,9,0,0.8482110950855328,0.04237860000284854
26,ibm_brisbane,GHZ,10,QADE + PyZX,19,28,9,0,0.8482110950855328,0.0338253999943845
26,ibm_brisbane,GHZ,10,QADE + PyZX,19,28,9,0,0.8482110950855328,0.033203799997863825
26,ibm_brisbane,GHZ,10,QADE + PyZX,19,28,9,0,0.8482110950855328,0.1444277000045986
26,ibm_brisbane,GHZ,10,QADE + PyZX,19,28,9,0,0.8482110950855328,0.03611369999998715
26,ibm_brisbane,GHZ,10,QADE + PyZX,19,28,9,0,0.8482110950855328,0.04583850000199163
26,ibm_brisbane,GHZ,10,QADE + PyZX,19,28,9,0,0.8482110950855328,0.03987559999950463
26,ibm_brisbane,GHZ,10,QADE + PyZX,19,28,9,0,0.8482110950855328,0.0425147999994806
26,ibm_brisbane,GHZ,10,QADE + PyZX,19,28,9,0,0.8482110950855328,0.036343800005852245
26,ibm_brisbane,GHZ,10,QADE + PyZX,19,28,9,0,0.8482110950855328,0.031177900003967807
26,ibm_brisbane,GHZ,10,QADE + PyZX,19,28,9,0,0.8482110950855328,0.03116339999542106
26,ibm_brisbane,GHZ,10,QADE + PyZX,19,28,9,0,0.8482110950855328,0.03192289999424247
26,ibm_brisbane,GHZ,10,QADE + PyZX,19,28,9,0,0.8482110950855328,0.03251149999414338
26,ibm_brisbane,GHZ,10,QADE + PyZX,19,28,9,0,0.8482110950855328,0.02794490000087535
26,ibm_brisbane,GHZ,10,QADE + PyZX,19,28,9,0,0.8482110950855328,0.13272029999643564
26,ibm_brisbane,GHZ,10,QADE + PyZX,19,28,9,0,0.8482110950855328,0.02949399999488378
26,ibm_brisbane,GHZ,10,QADE + PyZX,19,28,9,0,0.8482110950855328,0.04116490000160411
26,ibm_brisbane,GHZ,10,QADE + PyZX,19,28,9,0,0.8482110950855328,0.031444699998246506
26,ibm_brisbane,GHZ,10,QADE + PyZX,19,28,9,0,0.8482110950855328,0.03219610000087414
26,ibm_brisbane,GHZ,10,QADE + PyZX,19,28,9,0,0.8482110950855328,0.04028130000369856
26,ibm_brisbane,GHZ,10,QADE + PyZX,19,28,9,0,0.8482110950855328,0.030285100001492538
26,ibm_brisbane,GHZ,10,QADE + PyZX,19,28,9,0,0.8482110950855328,0.0327538000055938
26,ibm_brisbane,GHZ,10,QADE + PyZX,19,28,9,0,0.8482110950855328,0.029248200000438374
26,ibm_brisbane,GHZ,10,QADE + PyZX,19,28,9,0,0.8482110950855328,0.03089670000190381
26,ibm_brisbane,GHZ,10,QADE + PyZX,19,28,9,0,0.8482110950855328,0.035570000000006985
26,ibm_brisbane,GHZ,10,QADE + PyZX,19,28,9,0,0.8482110950855328,0.13082589999976335
26,ibm_brisbane,GHZ,10,QADE + PyZX,19,28,9,0,0.8482110950855328,0.0323287999999593
26,ibm_brisbane,GHZ,10,QADE + PyZX,19,28,9,0,0.8482110950855328,0.032074099995952565
26,ibm_brisbane,GHZ,10,QADE + PyZX,19,28,9,0,0.8482110950855328,0.03141509999841219
26,ibm_brisbane,GHZ,10,QADE + PyZX,19,28,9,0,0.8482110950855328,0.03933669999969425
26,ibm_brisbane,GHZ,10,QADE + Knowledge Graph,19,28,9,0,0.8482110950855328,0.0039670000041951425
26,ibm_brisbane,GHZ,10,QADE + Knowledge Graph,19,28,9,0,0.8482110950855328,0.0033671999990474433
26,ibm_brisbane,GHZ,10,QADE + Knowledge Graph,19,28,9,0,0.8482110950855328,0.003229599999031052
26,ibm_brisbane,GHZ,10,QADE + Knowledge Graph,19,28,9,0,0.8482110950855328,0.003161199994792696
26,ibm_brisbane,GHZ,10,QADE + Knowledge Graph,19,28,9,0,0.8482110950855328,0.0033524000027682632
26,ibm_brisbane,GHZ,10,QADE + Knowledge Graph,19,28,9,0,0.8482110950855328,0.0031201999954646453
26,ibm_brisbane,GHZ,10,QADE + Knowledge Graph,19,28,9,0,0.8482110950855328,0.003321699994558003
26,ibm_brisbane,GHZ,10,QADE + Knowledge Graph,19,28,9,0,0.8482110950855328,0.003160699998261407
26,ibm_brisbane,GHZ,10,QADE + Knowledge Graph,19,28,9,0,0.8482110950855328,0.003434500002185814
26,ibm_brisbane,GHZ,10,QADE + Knowledge Graph,19,28,9,0,0.8482110950855328,0.003241600003093481
26,ibm_brisbane,GHZ,10,QADE + Knowledge Graph,19,28,9,0,0.8482110950855328,0.0032426999969175085
26,ibm_brisbane,GHZ,10,QADE + Knowledge Graph,19,28,9,0,0.8482110950855328,0.0031530999985989183
26,ibm_brisbane,GHZ,10,QADE + Knowledge Graph,19,28,9,0,0.8482110950855328,0.003304099998786114
26,ibm_brisbane,GHZ,10,QADE + Knowledge Graph,19,28,9,0,0.8482110950855328,0.003207100002327934
26,ibm_brisbane,GHZ,10,QADE + Knowledge Graph,19,28,9,0,0.8482110950855328,0.003262800004449673
26,ibm_brisbane,GHZ,10,QADE + Knowledge Graph,19,28,9,0,0.8482110950855328,0.0031668999945395626
26,ibm_brisbane,GHZ,10,QADE + Knowledge Graph,19,28,9,0,0.8482110950855328,0.003229299996746704
26,ibm_brisbane,GHZ,10,QADE + Knowledge Graph,19,28,9,0,0.8482110950855328,0.003180499996233266
26,ibm_brisbane,GHZ,10,QADE + Knowledge Graph,19,28,9,0,0.8482110950855328,0.003217400000721682
26,ibm_brisbane,GHZ,10,QADE + Knowledge Graph,19,28,9,0,0.8482110950855328,0.003224799998861272
26,ibm_brisbane,GHZ,10,QADE + Knowledge Graph,19,28,9,0,0.8482110950855328,0.003206300003512297
26,ibm_brisbane,GHZ,10,QADE + Knowledge Graph,19,28,9,0,0.8482110950855328,0.003246799999033101
26,ibm_brisbane,GHZ,10,QADE + Knowledge Graph,19,28,9,0,0.8482110950855328,0.0031824999969103374
26,ibm_brisbane,GHZ,10,QADE + Knowledge Graph,19,28,9,0,0.8482110950855328,0.0032789999968372285
26,ibm_brisbane,GHZ,10,QADE + Knowledge Graph,19,28,9,0,0.8482110950855328,0.003124099996057339
26,ibm_brisbane,GHZ,10,QADE + Knowledge Graph,19,28,9,0,0.8482110950855328,0.0033082000009017065
26,ibm_brisbane,GHZ,10,QADE + Knowledge Graph,19,28,9,0,0.8482110950855328,0.0031447999936062843
26,ibm_brisbane,GHZ,10,QADE + Knowledge Graph,19,28,9,0,0.8482110950855328,0.0032648999986122362
26,ibm_brisbane,GHZ,10,QADE + Knowledge Graph,19,28,9,0,0.8482110950855328,0.0031639999942854047
26,ibm_brisbane,GHZ,10,QADE + Knowledge Graph,19,28,9,0,0.8482110950855328,0.003246799999033101
26,ibm_brisbane,GHZ,10,QADE + Evolution + PyZX,13,28,9,0,0.8482110950855328,0.09948379999696044
26,ibm_brisbane,GHZ,10,QADE + Evolution + PyZX,15,28,9,0,0.8482110950855328,0.09806489999755286
26,ibm_brisbane,GHZ,10,QADE + Evolution + PyZX,13,28,9,0,0.8482110950855328,0.20347620000393363
26,ibm_brisbane,GHZ,10,QADE + Evolution + PyZX,13,28,9,0,0.8482110950855328,0.09515670000109822
26,ibm_brisbane,GHZ,10,QADE + Evolution + PyZX,11,28,9,0,0.8482110950855328,0.10691660000156844
26,ibm_brisbane,GHZ,10,QADE + Evolution + PyZX,11,28,9,0,0.8482110950855328,0.20786260000022594
26,ibm_brisbane,GHZ,10,QADE + Evolution + PyZX,17,28,9,0,0.8482110950855328,0.09692929999437183
26,ibm_brisbane,GHZ,10,QADE + Evolution + PyZX,11,28,9,0,0.8482110950855328,0.10459149999951478
26,ibm_brisbane,GHZ,10,QADE + Evolution + PyZX,13,28,9,0,0.8482110950855328,0.10361150000244379
26,ibm_brisbane,GHZ,10,QADE + Evolution + PyZX,13,28,9,0,0.8482110950855328,0.19957879999856232
26,ibm_brisbane,GHZ,10,QADE + Evolution + PyZX,11,28,9,0,0.8482110950855328,0.09423399999650428
26,ibm_brisbane,GHZ,10,QADE + Evolution + PyZX,11,28,9,0,0.8482110950855328,0.10788930000126129
26,ibm_brisbane,GHZ,10,QADE + Evolution + PyZX,11,28,9,0,0.8482110950855328,0.09991100000479491
26,ibm_brisbane,GHZ,10,QADE + Evolution + PyZX,11,28,9,0,0.8482110950855328,0.22240370000508847
26,ibm_brisbane,GHZ,10,QADE + Evolution + PyZX,11,28,9,0,0.8482110950855328,0.09970519999478711
26,ibm_brisbane,GHZ,10,QADE + Evolution + PyZX,11,28,9,0,0.8482110950855328,0.09632540000166046
26,ibm_brisbane,GHZ,10,QADE + Evolution + PyZX,15,28,9,0,0.8482110950855328,0.09516240000084508
26,ibm_brisbane,GHZ,10,QADE + Evolution + PyZX,13,28,9,0,0.8482110950855328,0.19600550000177464
26,ibm_brisbane,GHZ,10,QADE + Evolution + PyZX,13,28,9,0,0.8482110950855328,0.10597559999587247
26,ibm_brisbane,GHZ,10,QADE + Evolution + PyZX,11,28,9,0,0.8482110950855328,0.10251299999799812
26,ibm_brisbane,GHZ,10,QADE + Evolution + PyZX,11,28,9,0,0.8482110950855328,0.10007069999846863
26,ibm_brisbane,GHZ,10,QADE + Evolution + PyZX,11,28,9,0,0.8482110950855328,0.1986317999981111
26,ibm_brisbane,GHZ,10,QADE + Evolution + PyZX,19,28,9,0,0.8482110950855328,0.11051759999827482
26,ibm_brisbane,GHZ,10,QADE + Evolution + PyZX,11,28,9,0,0.8482110950855328,0.10391610000078799
26,ibm_brisbane,GHZ,10,QADE + Evolution + PyZX,17,28,9,0,0.8482110950855328,0.11387950000062119
26,ibm_brisbane,GHZ,10,QADE + Evolution + PyZX,13,28,9,0,0.8482110950855328,0.10845050000352785
26,ibm_brisbane,GHZ,10,QADE + Evolution + PyZX,11,28,9,0,0.8482110950855328,0.21017900000151712
26,ibm_brisbane,GHZ,10,QADE + Evolution + PyZX,11,28,9,0,0.8482110950855328,0.11115069999505067
26,ibm_brisbane,GHZ,10,QADE + Evolution + PyZX,11,28,9,0,0.8482110950855328,0.10972949999995762
26,ibm_brisbane,GHZ,10,QADE + Evolution + PyZX,11,28,9,0,0.8482110950855328,0.107740699997521
27,ibm_brisbane,QFT,10,Qiskit,220,624,131,0,0.2863922220600442,0.021025800000643358
27,ibm_brisbane,QFT,10,Qiskit,194,619,134,0,0.28438491479316563,0.01976519999880111
27,ibm_brisbane,QFT,10,Qiskit,213,599,131,0,0.29364594867902644,0.01975289999973029
27,ibm_brisbane,QFT,10,Qiskit,188,613,134,0,0.28609721232659485,0.02022710000164807
27,ibm_brisbane,QFT,10,Qiskit,229,618,135,0,0.28352976622187737,0.11888069999986328
27,ibm_brisbane,QFT,10,Qiskit,215,613,131,0,0.28956152058507717,0.019777599998633377
27,ibm_brisbane,QFT,10,Qiskit,190,617,134,0,0.28495453891645967,0.019458400005532894
27,ibm_brisbane,QFT,10,Qiskit,220,624,131,0,0.2863922220600442,0.020813800001633354
27,ibm_brisbane,QFT,10,Qiskit,221,628,131,0,0.2852483703798539,0.021156499999051448
27,ibm_brisbane,QFT,10,Qiskit,188,613,134,0,0.28609721232659485,0.020138700005190913
27,ibm_brisbane,QFT,10,Qiskit,190,617,134,0,0.28495453891645967,0.01890350000030594
27,ibm_brisbane,QFT,10,Qiskit,211,619,131,0,0.2878284890974867,0.01926810000441037
27,ibm_brisbane,QFT,10,Qiskit,194,619,134,0,0.28438491479316563,0.020066500001121312
27,ibm_brisbane,QFT,10,Qiskit,221,628,131,0,0.2852483703798539,0.020629899998311885
27,ibm_brisbane,QFT,10,Qiskit,221,642,135,0,0.27680273518455684,0.020537500000500586
27,ibm_brisbane,QFT,10,Qiskit,190,617,134,0,0.28495453891645967,0.019328700000187382
27,ibm_brisbane,QFT,10,Qiskit,188,613,134,0,0.28609721232659485,0.020210900001984555
27,ibm_brisbane,QFT,10,Qiskit,190,617,134,0,0.28495453891645967,0.0193171999999322
27,ibm_brisbane,QFT,10,Qiskit,190,617,134,0,0.28495453891645967,0.0195229000019026
27,ibm_brisbane,QFT,10,Qiskit,229,627,135,0,0.2809881816166531,0.019161099997290876
27,ibm_brisbane,QFT,10,Qiskit,194,616,134,0,0.28523977869515477,0.019928999994590413
27,ibm_brisbane,QFT,10,Qiskit,187,601,134,0,0.2895527989882366,0.02109980000386713
27,ibm_brisbane,QFT,10,Qiskit,190,617,134,0,0.28495453891645967,0.019165899997460656
27,ibm_brisbane,QFT,10,Qiskit,218,617,135,0,0.28381357980167904,0.02051499999652151
27,ibm_brisbane,QFT,10,Qiskit,194,619,134,0,0.28438491479316563,0.01947910000308184
27,ibm_brisbane,QFT,10,Qiskit,190,617,134,0,0.28495453891645967,0.019751100000576116
27,ibm_brisbane,QFT,10,Qiskit,229,618,135,0,0.28352976622187737,0.02036479999514995
27,ibm_brisbane,QFT,10,Qiskit,194,616,134,0,0.28523977869515477,0.021355400000174996
27,ibm_brisbane,QFT,10,Qiskit,211,619,131,0,0.2878284890974867,0.020082900002307724
27,ibm_brisbane,QFT,10,Qiskit,187,601,134,0,0.2895527989882366,0.022291399996902328
27,ibm_brisbane,QFT,10,PyZX,266,295,285,240,0.018999439156279684,0.01112719999946421
27,ibm_brisbane,QFT,10,PyZX,266,295,285,240,0.018999439156279684,0.011244300003454555
27,ibm_brisbane,QFT,10,PyZX,266,295,285,240,0.018999439156279684,0.011042900005122647
27,ibm_brisbane,QFT,10,PyZX,266,295,285,240,0.018999439156279684,0.01089680000586668
27,ibm_brisbane,QFT,10,PyZX,266,295,285,240,0.018999439156279684,0.0111317000046256
27,ibm_brisbane,QFT,10,PyZX,266,295,285,240,0.018999439156279684,0.01106939999590395
27,ibm_brisbane,QFT,10,PyZX,266,295,285,240,0.018999439156279684,0.010898100001213606
27,ibm_brisbane,QFT,10,PyZX,266,295,285,240,0.018999439156279684,0.011326399995596148
27,ibm_brisbane,QFT,10,PyZX,266,295,285,240,0.018999439156279684,0.010910099998000078
27,ibm_brisbane,QFT,10,PyZX,266,295,285,240,0.018999439156279684,0.011292600000160746
27,ibm_brisbane,QFT,10,PyZX,266,295,285,240,0.018999439156279684,0.011368799998308532
27,ibm_brisbane,QFT,10,PyZX,266,295,285,240,0.018999439156279684,0.011026899999706075
27,ibm_brisbane,QFT,10,PyZX,266,295,285,240,0.018999439156279684,0.011198300002433825
27,ibm_brisbane,QFT,10,PyZX,266,295,285,240,0.018999439156279684,0.01115340000251308
27,ibm_brisbane,QFT,10,PyZX,266,295,285,240,0.018999439156279684,0.011022600003343541
27,ibm_brisbane,QFT,10,PyZX,266,295,285,240,0.018999439156279684,0.01126720000320347
27,ibm_brisbane,QFT,10,PyZX,266,295,285,240,0.018999439156279684,0.01122860000032233
27,ibm_brisbane,QFT,10,PyZX,266,295,285,240,0.018999439156279684,0.01103710000461433
27,ibm_brisbane,QFT,10,PyZX,266,295,285,240,0.018999439156279684,0.011694100001477636
27,ibm_brisbane,QFT,10,PyZX,266,295,285,240,0.018999439156279684,0.01146399999561254
27,ibm_brisbane,QFT,10,PyZX,266,295,285,240,0.018999439156279684,0.010932800003502052
27,ibm_brisbane,QFT,10,PyZX,266,295,285,240,0.018999439156279684,0.011419099995691795
27,ibm_brisbane,QFT,10,PyZX,266,295,285,240,0.018999439156279684,0.011487799994938541
27,ibm_brisbane,QFT,10,PyZX,266,295,285,240,0.018999439156279684,0.010958500002743676
27,ibm_brisbane,QFT,10,PyZX,266,295,285,240,0.018999439156279684,0.01102359999640612
27,ibm_brisbane,QFT,10,PyZX,266,295,285,240,0.018999439156279684,0.011108200000307988
27,ibm_brisbane,QFT,10,PyZX,266,295,285,240,0.018999439156279684,0.011070000000472646
27,ibm_brisbane,QFT,10,PyZX,266,295,285,240,0.018999439156279684,0.011123099997348618
27,ibm_brisbane,QFT,10,PyZX,266,295,285,240,0.018999439156279684,0.01111289999971632
27,ibm_brisbane,QFT,10,PyZX,266,295,285,240,0.018999439156279684,0.011015200005203951
46,ibm_brisbane,GHZ,30,BQSKit,NOT_AVAILABLE,NOT_AVAILABLE,NOT_AVAILABLE,NOT_AVAILABLE,NOT_AVAILABLE,NOT_AVAILABLE
46,ibm_brisbane,GHZ,30,BQSKit,NOT_AVAILABLE,NOT_AVAILABLE,NOT_AVAILABLE,NOT_AVAILABLE,NOT_AVAILABLE,NOT_AVAILABLE
46,ibm_brisbane,GHZ,30,BQSKit,NOT_AVAILABLE,NOT_AVAILABLE,NOT_AVAILABLE,NOT_AVAILABLE,NOT_AVAILABLE,NOT_AVAILABLE
46,ibm_brisbane,GHZ,30,BQSKit,NOT_AVAILABLE,NOT_AVAILABLE,NOT_AVAILABLE,NOT_AVAILABLE,NOT_AVAILABLE,NOT_AVAILABLE
46,ibm_brisbane,GHZ,30,BQSKit,NOT_AVAILABLE,NOT_AVAILABLE,NOT_AVAILABLE,NOT_AVAILABLE,NOT_AVAILABLE,NOT_AVAILABLE
46,ibm_brisbane,GHZ,30,BQSKit,NOT_AVAILABLE,NOT_AVAILABLE,NOT_AVAILABLE,NOT_AVAILABLE,NOT_AVAILABLE,NOT_AVAILABLE
46,ibm_brisbane,GHZ,30,BQSKit,NOT_AVAILABLE,NOT_AVAILABLE,NOT_AVAILABLE,NOT_AVAILABLE,NOT_AVAILABLE,NOT_AVAILABLE
46,ibm_brisbane,GHZ,30,BQSKit,NOT_AVAILABLE,NOT_AVAILABLE,NOT_AVAILABLE,NOT_AVAILABLE,NOT_AVAILABLE,NOT_AVAILABLE
46,ibm_brisbane,GHZ,30,BQSKit,NOT_AVAILABLE,NOT_AVAILABLE,NOT_AVAILABLE,NOT_AVAILABLE,NOT_AVAILABLE,NOT_AVAILABLE
46,ibm_brisbane,GHZ,30,BQSKit,NOT_AVAILABLE,NOT_AVAILABLE,NOT_AVAILABLE,NOT_AVAILABLE,NOT_AVAILABLE,NOT_AVAILABLE
46,ibm_brisbane,GHZ,30,BQSKit,NOT_AVAILABLE,NOT_AVAILABLE,NOT_AVAILABLE,NOT_AVAILABLE,NOT_AVAILABLE,NOT_AVAILABLE
46,ibm_brisbane,GHZ,30,BQSKit,NOT_AVAILABLE,NOT_AVAILABLE,NOT_AVAILABLE,NOT_AVAILABLE,NOT_AVAILABLE,NOT_AVAILABLE
46,ibm_brisbane,GHZ,30,BQSKit,NOT_AVAILABLE,NOT_AVAILABLE,NOT_AVAILABLE,NOT_AVAILABLE,NOT_AVAILABLE,NOT_AVAILABLE
46,ibm_brisbane,GHZ,30,BQSKit,NOT_AVAILABLE,NOT_AVAILABLE,NOT_AVAILABLE,NOT_AVAILABLE,NOT_AVAILABLE,NOT_AVAILABLE
46,ibm_brisbane,GHZ,30,BQSKit,NOT_AVAILABLE,NOT_AVAILABLE,NOT_AVAILABLE,NOT_AVAILABLE,NOT_AVAILABLE,NOT_AVAILABLE
46,ibm_brisbane,GHZ,30,BQSKit,NOT_AVAILABLE,NOT_AVAILABLE,NOT_AVAILABLE,NOT_AVAILABLE,NOT_AVAILABLE,NOT_AVAILABLE
46,ibm_brisbane,GHZ,30,BQSKit,NOT_AVAILABLE,NOT_AVAILABLE,NOT_AVAILABLE,NOT_AVAILABLE,NOT_AVAILABLE,NOT_AVAILABLE
46,ibm_brisbane,GHZ,30,BQSKit,NOT_AVAILABLE,NOT_AVAILABLE,NOT_AVAILABLE,NOT_AVAILABLE,NOT_AVAILABLE,NOT_AVAILABLE
46,ibm_brisbane,GHZ,30,BQSKit,NOT_AVAILABLE,NOT_AVAILABLE,NOT_AVAILABLE,NOT_AVAILABLE,NOT_AVAILABLE,NOT_AVAILABLE
46,ibm_brisbane,GHZ,30,BQSKit,NOT_AVAILABLE,NOT_AVAILABLE,NOT_AVAILABLE,NOT_AVAILABLE,NOT_AVAILABLE,NOT_AVAILABLE
46,ibm_brisbane,GHZ,30,BQSKit,NOT_AVAILABLE,NOT_AVAILABLE,NOT_AVAILABLE,NOT_AVAILABLE,NOT_AVAILABLE,NOT_AVAILABLE
46,ibm_brisbane,GHZ,30,BQSKit,NOT_AVAILABLE,NOT_AVAILABLE,NOT_AVAILABLE,NOT_AVAILABLE,NOT_AVAILABLE,NOT_AVAILABLE
46,ibm_brisbane,GHZ,30,BQSKit,NOT_AVAILABLE,NOT_AVAILABLE,NOT_AVAILABLE,NOT_AVAILABLE,NOT_AVAILABLE,NOT_AVAILABLE
46,ibm_brisbane,GHZ,30,BQSKit,NOT_AVAILABLE,NOT_AVAILABLE,NOT_AVAILABLE,NOT_AVAILABLE,NOT_AVAILABLE,NOT_AVAILABLE
46,ibm_brisbane,GHZ,30,BQSKit,NOT_AVAILABLE,NOT_AVAILABLE,NOT_AVAILABLE,NOT_AVAILABLE,NOT_AVAILABLE,NOT_AVAILABLE
46,ibm_brisbane,GHZ,30,BQSKit,NOT_AVAILABLE,NOT_AVAILABLE,NOT_AVAILABLE,NOT_AVAILABLE,NOT_AVAILABLE,NOT_AVAILABLE
46,ibm_brisbane,GHZ,30,BQSKit,NOT_AVAILABLE,NOT_AVAILABLE,NOT_AVAILABLE,NOT_AVAILABLE,NOT_AVAILABLE,NOT_AVAILABLE
46,ibm_brisbane,GHZ,30,BQSKit,NOT_AVAILABLE,NOT_AVAILABLE,NOT_AVAILABLE,NOT_AVAILABLE,NOT_AVAILABLE,NOT_AVAILABLE
46,ibm_brisbane,GHZ,30,BQSKit,NOT_AVAILABLE,NOT_AVAILABLE,NOT_AVAILABLE,NOT_AVAILABLE,NOT_AVAILABLE,NOT_AVAILABLE
46,ibm_brisbane,GHZ,30,BQSKit,NOT_AVAILABLE,NOT_AVAILABLE,NOT_AVAILABLE,NOT_AVAILABLE,NOT_AVAILABLE,NOT_AVAILABLE
46,ibm_brisbane,GHZ,30,BQSKit,NOT_AVAILABLE,NOT_AVAILABLE,NOT_AVAILABLE,NOT_AVAILABLE,NOT_AVAILABLE,NOT_AVAILABLE
46,ibm_brisbane,GHZ,30,BQSKit,NOT_AVAILABLE,NOT_AVAILABLE,NOT_AVAILABLE,NOT_AVAILABLE,NOT_AVAILABLE,NOT_AVAILABLE
46,ibm_brisbane,GHZ,30,BQSKit,NOT_AVAILABLE,NOT_AVAILABLE,NOT_AVAILABLE,NOT_AVAILABLE,NOT_AVAILABLE,NOT_AVAILABLE
46,ibm_brisbane,GHZ,30,BQSKit,NOT_AVAILABLE,NOT_AVAILABLE,NOT_AVAILABLE,NOT_AVAILABLE,NOT_AVAILABLE,NOT_AVAILABLE
46,ibm_brisbane,GHZ,30,BQSKit,NOT_AVAILABLE,NOT_AVAILABLE,NOT_AVAILABLE,NOT_AVAILABLE,NOT_AVAILABLE,NOT_AVAILABLE
46,ibm_brisbane,GHZ,30,BQSKit,NOT_AVAILABLE,NOT_AVAILABLE,NOT_AVAILABLE,NOT_AVAILABLE,NOT_AVAILABLE,NOT_AVAILABLE
46,ibm_brisbane,GHZ,30,BQSKit,NOT_AVAILABLE,NOT_AVAILABLE,NOT_AVAILABLE,NOT_AVAILABLE,NOT_AVAILABLE,NOT_AVAILABLE
46,ibm_brisbane,GHZ,30,BQSKit,NOT_AVAILABLE,NOT_AVAILABLE,NOT_AVAILABLE,NOT_AVAILABLE,NOT_AVAILABLE,NOT_AVAILABLE
46,ibm_brisbane,GHZ,30,BQSKit,NOT_AVAILABLE,NOT_AVAILABLE,NOT_AVAILABLE,NOT_AVAILABLE,NOT_AVAILABLE,NOT_AVAILABLE
46,ibm_brisbane,GHZ,30,BQSKit,NOT_AVAILABLE,NOT_AVAILABLE,NOT_AVAILABLE,NOT_AVAILABLE,NOT_AVAILABLE,NOT_AVAILABLE
46,ibm_brisbane,GHZ,30,BQSKit,NOT_AVAILABLE,NOT_AVAILABLE,NOT_AVAILABLE,NOT_AVAILABLE,NOT_AVAILABLE,NOT_AVAILABLE
46,ibm_brisbane,GHZ,30,BQSKit,NOT_AVAILABLE,NOT_AVAILABLE,NOT_AVAILABLE,NOT_AVAILABLE,NOT_AVAILABLE,NOT_AVAILABLE
46,ibm_brisbane,GHZ,30,BQSKit,NOT_AVAILABLE,NOT_AVAILABLE,NOT_AVAILABLE,NOT_AVAILABLE,NOT_AVAILABLE,NOT_AVAILABLE
46,ibm_brisbane,GHZ,30,BQSKit,NOT_AVAILABLE,NOT_AVAILABLE,NOT_AVAILABLE,NOT_AVAILABLE,NOT_AVAILABLE,NOT_AVAILABLE
46,ibm_brisbane,GHZ,30,BQSKit,NOT_AVAILABLE,NOT_AVAILABLE,NOT_AVAILABLE,NOT_AVAILABLE,NOT_AVAILABLE,NOT_AVAILABLE
46,ibm_brisbane,GHZ,30,BQSKit,NOT_AVAILABLE,NOT_AVAILABLE,NOT_AVAILABLE,NOT_AVAILABLE,NOT_AVAILABLE,NOT_AVAILABLE
46,ibm_brisbane,GHZ,30,BQSKit,NOT_AVAILABLE,NOT_AVAILABLE,NOT_AVAILABLE,NOT_AVAILABLE,NOT_AVAILABLE,NOT_AVAILABLE
46,ibm_brisbane,GHZ,30,BQSKit,NOT_AVAILABLE,NOT_AVAILABLE,NOT_AVAILABLE,NOT_AVAILABLE,NOT_AVAILABLE,NOT_AVAILABLE
46,ibm_brisbane,GHZ,30,BQSKit,NOT_AVAILABLE,NOT_AVAILABLE,NOT_AVAILABLE,NOT_AVAILABLE,NOT_AVAILABLE,NOT_AVAILABLE
46,ibm_brisbane,GHZ,30,BQSKit,NOT_AVAILABLE,NOT_AVAILABLE,NOT_AVAILABLE,NOT_AVAILABLE,NOT_AVAILABLE,NOT_AVAILABLE
46,ibm_brisbane,GHZ,30,BQSKit,NOT_AVAILABLE,NOT_AVAILABLE,NOT_AVAILABLE,NOT_AVAILABLE,NOT_AVAILABLE,NOT_AVAILABLE
46,ibm_brisbane,GHZ,30,BQSKit,NOT_AVAILABLE,NOT_AVAILABLE,NOT_AVAILABLE,NOT_AVAILABLE,NOT_AVAILABLE,NOT_AVAILABLE
46,ibm_brisbane,GHZ,30,BQSKit,NOT_AVAILABLE,NOT_AVAILABLE,NOT_AVAILABLE,NOT_AVAILABLE,NOT_AVAILABLE,NOT_AVAILABLE
46,ibm_brisbane,GHZ,30,BQSKit,NOT_AVAILABLE,NOT_AVAILABLE,NOT_AVAILABLE,NOT_AVAILABLE,NOT_AVAILABLE,NOT_AVAILABLE
46,ibm_brisbane,GHZ,30,BQSKit,NOT_AVAILABLE,NOT_AVAILABLE,NOT_AVAILABLE,NOT_AVAILABLE,NOT_AVAILABLE,NOT_AVAILABLE
46,ibm_brisbane,GHZ,30,BQSKit,NOT_AVAILABLE,NOT_AVAILABLE,NOT_AVAILABLE,NOT_AVAILABLE,NOT_AVAILABLE,NOT_AVAILABLE
46,ibm_brisbane,GHZ,30,BQSKit,NOT_AVAILABLE,NOT_AVAILABLE,NOT_AVAILABLE,NOT_AVAILABLE,NOT_AVAILABLE,NOT_AVAILABLE
46,ibm_brisbane,GHZ,30,BQSKit,NOT_AVAILABLE,NOT_AVAILABLE,NOT_AVAILABLE,NOT_AVAILABLE,NOT_AVAILABLE,NOT_AVAILABLE
46,ibm_brisbane,GHZ,30,BQSKit,NOT_AVAILABLE,NOT_AVAILABLE,NOT_AVAILABLE,NOT_AVAILABLE,NOT_AVAILABLE,NOT_AVAILABLE
46,ibm_brisbane,GHZ,30,BQSKit,NOT_AVAILABLE,NOT_AVAILABLE,NOT_AVAILABLE,NOT_AVAILABLE,NOT_AVAILABLE,NOT_AVAILABLE
47,ibm_brisbane,QFT,30,BQSKit,NOT_AVAILABLE,NOT_AVAILABLE,NOT_AVAILABLE,NOT_AVAILABLE,NOT_AVAILABLE,NOT_AVAILABLE
47,ibm_brisbane,QFT,30,BQSKit,NOT_AVAILABLE,NOT_AVAILABLE,NOT_AVAILABLE,NOT_AVAILABLE,NOT_AVAILABLE,NOT_AVAILABLE
47,ibm_brisbane,QFT,30,BQSKit,NOT_AVAILABLE,NOT_AVAILABLE,NOT_AVAILABLE,NOT_AVAILABLE,NOT_AVAILABLE,NOT_AVAILABLE
47,ibm_brisbane,QFT,30,BQSKit,NOT_AVAILABLE,NOT_AVAILABLE,NOT_AVAILABLE,NOT_AVAILABLE,NOT_AVAILABLE,NOT_AVAILABLE
47,ibm_brisbane,QFT,30,BQSKit,NOT_AVAILABLE,NOT_AVAILABLE,NOT_AVAILABLE,NOT_AVAILABLE,NOT_AVAILABLE,NOT_AVAILABLE
47,ibm_brisbane,QFT,30,BQSKit,NOT_AVAILABLE,NOT_AVAILABLE,NOT_AVAILABLE,NOT_AVAILABLE,NOT_AVAILABLE,NOT_AVAILABLE
47,ibm_brisbane,QFT,30,BQSKit,NOT_AVAILABLE,NOT_AVAILABLE,NOT_AVAILABLE,NOT_AVAILABLE,NOT_AVAILABLE,NOT_AVAILABLE
47,ibm_brisbane,QFT,30,BQSKit,NOT_AVAILABLE,NOT_AVAILABLE,NOT_AVAILABLE,NOT_AVAILABLE,NOT_AVAILABLE,NOT_AVAILABLE
47,ibm_brisbane,QFT,30,BQSKit,NOT_AVAILABLE,NOT_AVAILABLE,NOT_AVAILABLE,NOT_AVAILABLE,NOT_AVAILABLE,NOT_AVAILABLE
47,ibm_brisbane,QFT,30,BQSKit,NOT_AVAILABLE,NOT_AVAILABLE,NOT_AVAILABLE,NOT_AVAILABLE,NOT_AVAILABLE,NOT_AVAILABLE
47,ibm_brisbane,QFT,30,BQSKit,NOT_AVAILABLE,NOT_AVAILABLE,NOT_AVAILABLE,NOT_AVAILABLE,NOT_AVAILABLE,NOT_AVAILABLE
47,ibm_brisbane,QFT,30,BQSKit,NOT_AVAILABLE,NOT_AVAILABLE,NOT_AVAILABLE,NOT_AVAILABLE,NOT_AVAILABLE,NOT_AVAILABLE
47,ibm_brisbane,QFT,30,BQSKit,NOT_AVAILABLE,NOT_AVAILABLE,NOT_AVAILABLE,NOT_AVAILABLE,NOT_AVAILABLE,NOT_AVAILABLE
47,ibm_brisbane,QFT,30,BQSKit,NOT_AVAILABLE,NOT_AVAILABLE,NOT_AVAILABLE,NOT_AVAILABLE,NOT_AVAILABLE,NOT_AVAILABLE
47,ibm_brisbane,QFT,30,BQSKit,NOT_AVAILABLE,NOT_AVAILABLE,NOT_AVAILABLE,NOT_AVAILABLE,NOT_AVAILABLE,NOT_AVAILABLE
47,ibm_brisbane,QFT,30,BQSKit,NOT_AVAILABLE,NOT_AVAILABLE,NOT_AVAILABLE,NOT_AVAILABLE,NOT_AVAILABLE,NOT_AVAILABLE
47,ibm_brisbane,QFT,30,BQSKit,NOT_AVAILABLE,NOT_AVAILABLE,NOT_AVAILABLE,NOT_AVAILABLE,NOT_AVAILABLE,NOT_AVAILABLE
47,ibm_brisbane,QFT,30,BQSKit,NOT_AVAILABLE,NOT_AVAILABLE,NOT_AVAILABLE,NOT_AVAILABLE,NOT_AVAILABLE,NOT_AVAILABLE
47,ibm_brisbane,QFT,30,BQSKit,NOT_AVAILABLE,NOT_AVAILABLE,NOT_AVAILABLE,NOT_AVAILABLE,NOT_AVAILABLE,NOT_AVAILABLE
47,ibm_brisbane,QFT,30,BQSKit,NOT_AVAILABLE,NOT_AVAILABLE,NOT_AVAILABLE,NOT_AVAILABLE,NOT_AVAILABLE,NOT_AVAILABLE
47,ibm_brisbane,QFT,30,BQSKit,NOT_AVAILABLE,NOT_AVAILABLE,NOT_AVAILABLE,NOT_AVAILABLE,NOT_AVAILABLE,NOT_AVAILABLE
47,ibm_brisbane,QFT,30,BQSKit,NOT_AVAILABLE,NOT_AVAILABLE,NOT_AVAILABLE,NOT_AVAILABLE,NOT_AVAILABLE,NOT_AVAILABLE
47,ibm_brisbane,QFT,30,BQSKit,NOT_AVAILABLE,NOT_AVAILABLE,NOT_AVAILABLE,NOT_AVAILABLE,NOT_AVAILABLE,NOT_AVAILABLE
47,ibm_brisbane,QFT,30,BQSKit,NOT_AVAILABLE,NOT_AVAILABLE,NOT_AVAILABLE,NOT_AVAILABLE,NOT_AVAILABLE,NOT_AVAILABLE
47,ibm_brisbane,QFT,30,BQSKit,NOT_AVAILABLE,NOT_AVAILABLE,NOT_AVAILABLE,NOT_AVAILABLE,NOT_AVAILABLE,NOT_AVAILABLE
47,ibm_brisbane,QFT,30,BQSKit,NOT_AVAILABLE,NOT_AVAILABLE,NOT_AVAILABLE,NOT_AVAILABLE,NOT_AVAILABLE,NOT_AVAILABLE
47,ibm_brisbane,QFT,30,BQSKit,NOT_AVAILABLE,NOT_AVAILABLE,NOT_AVAILABLE,NOT_AVAILABLE,NOT_AVAILABLE,NOT_AVAILABLE
47,ibm_brisbane,QFT,30,BQSKit,NOT_AVAILABLE,NOT_AVAILABLE,NOT_AVAILABLE,NOT_AVAILABLE,NOT_AVAILABLE,NOT_AVAILABLE
47,ibm_brisbane,QFT,30,BQSKit,NOT_AVAILABLE,NOT_AVAILABLE,NOT_AVAILABLE,NOT_AVAILABLE,NOT_AVAILABLE,NOT_AVAILABLE
47,ibm_brisbane,QFT,30,BQSKit,NOT_AVAILABLE,NOT_AVAILABLE,NOT_AVAILABLE,NOT_AVAILABLE,NOT_AVAILABLE,NOT_AVAILABLE
47,ibm_brisbane,QFT,30,BQSKit,NOT_AVAILABLE,NOT_AVAILABLE,NOT_AVAILABLE,NOT_AVAILABLE,NOT_AVAILABLE,NOT_AVAILABLE
47,ibm_brisbane,QFT,30,BQSKit,NOT_AVAILABLE,NOT_AVAILABLE,NOT_AVAILABLE,NOT_AVAILABLE,NOT_AVAILABLE,NOT_AVAILABLE
47,ibm_brisbane,QFT,30,BQSKit,NOT_AVAILABLE,NOT_AVAILABLE,NOT_AVAILABLE,NOT_AVAILABLE,NOT_AVAILABLE,NOT_AVAILABLE
47,ibm_brisbane,QFT,30,BQSKit,NOT_AVAILABLE,NOT_AVAILABLE,NOT_AVAILABLE,NOT_AVAILABLE,NOT_AVAILABLE,NOT_AVAILABLE
47,ibm_brisbane,QFT,30,BQSKit,NOT_AVAILABLE,NOT_AVAILABLE,NOT_AVAILABLE,NOT_AVAILABLE,NOT_AVAILABLE,NOT_AVAILABLE
47,ibm_brisbane,QFT,30,BQSKit,NOT_AVAILABLE,NOT_AVAILABLE,NOT_AVAILABLE,NOT_AVAILABLE,NOT_AVAILABLE,NOT_AVAILABLE
47,ibm_brisbane,QFT,30,BQSKit,NOT_AVAILABLE,NOT_AVAILABLE,NOT_AVAILABLE,NOT_AVAILABLE,NOT_AVAILABLE,NOT_AVAILABLE
47,ibm_brisbane,QFT,30,BQSKit,NOT_AVAILABLE,NOT_AVAILABLE,NOT_AVAILABLE,NOT_AVAILABLE,NOT_AVAILABLE,NOT_AVAILABLE
47,ibm_brisbane,QFT,30,BQSKit,NOT_AVAILABLE,NOT_AVAILABLE,NOT_AVAILABLE,NOT_AVAILABLE,NOT_AVAILABLE,NOT_AVAILABLE
47,ibm_brisbane,QFT,30,BQSKit,NOT_AVAILABLE,NOT_AVAILABLE,NOT_AVAILABLE,NOT_AVAILABLE,NOT_AVAILABLE,NOT_AVAILABLE
47,ibm_brisbane,QFT,30,BQSKit,NOT_AVAILABLE,NOT_AVAILABLE,NOT_AVAILABLE,NOT_AVAILABLE,NOT_AVAILABLE,NOT_AVAILABLE
47,ibm_brisbane,QFT,30,BQSKit,NOT_AVAILABLE,NOT_AVAILABLE,NOT_AVAILABLE,NOT_AVAILABLE,NOT_AVAILABLE,NOT_AVAILABLE
47,ibm_brisbane,QFT,30,BQSKit,NOT_AVAILABLE,NOT_AVAILABLE,NOT_AVAILABLE,NOT_AVAILABLE,NOT_AVAILABLE,NOT_AVAILABLE
47,ibm_brisbane,QFT,30,BQSKit,NOT_AVAILABLE,NOT_AVAILABLE,NOT_AVAILABLE,NOT_AVAILABLE,NOT_AVAILABLE,NOT_AVAILABLE
47,ibm_brisbane,QFT,30,BQSKit,NOT_AVAILABLE,NOT_AVAILABLE,NOT_AVAILABLE,NOT_AVAILABLE,NOT_AVAILABLE,NOT_AVAILABLE
47,ibm_brisbane,QFT,30,BQSKit,NOT_AVAILABLE,NOT_AVAILABLE,NOT_AVAILABLE,NOT_AVAILABLE,NOT_AVAILABLE,NOT_AVAILABLE
47,ibm_brisbane,QFT,30,BQSKit,NOT_AVAILABLE,NOT_AVAILABLE,NOT_AVAILABLE,NOT_AVAILABLE,NOT_AVAILABLE,NOT_AVAILABLE
47,ibm_brisbane,QFT,30,BQSKit,NOT_AVAILABLE,NOT_AVAILABLE,NOT_AVAILABLE,NOT_AVAILABLE,NOT_AVAILABLE,NOT_AVAILABLE
47,ibm_brisbane,QFT,30,BQSKit,NOT_AVAILABLE,NOT_AVAILABLE,NOT_AVAILABLE,NOT_AVAILABLE,NOT_AVAILABLE,NOT_AVAILABLE
47,ibm_brisbane,QFT,30,BQSKit,NOT_AVAILABLE,NOT_AVAILABLE,NOT_AVAILABLE,NOT_AVAILABLE,NOT_AVAILABLE,NOT_AVAILABLE
47,ibm_brisbane,QFT,30,BQSKit,NOT_AVAILABLE,NOT_AVAILABLE,NOT_AVAILABLE,NOT_AVAILABLE,NOT_AVAILABLE,NOT_AVAILABLE
47,ibm_brisbane,QFT,30,BQSKit,NOT_AVAILABLE,NOT_AVAILABLE,NOT_AVAILABLE,NOT_AVAILABLE,NOT_AVAILABLE,NOT_AVAILABLE
47,ibm_brisbane,QFT,30,BQSKit,NOT_AVAILABLE,NOT_AVAILABLE,NOT_AVAILABLE,NOT_AVAILABLE,NOT_AVAILABLE,NOT_AVAILABLE
47,ibm_brisbane,QFT,30,BQSKit,NOT_AVAILABLE,NOT_AVAILABLE,NOT_AVAILABLE,NOT_AVAILABLE,NOT_AVAILABLE,NOT_AVAILABLE
47,ibm_brisbane,QFT,30,BQSKit,NOT_AVAILABLE,NOT_AVAILABLE,NOT_AVAILABLE,NOT_AVAILABLE,NOT_AVAILABLE,NOT_AVAILABLE
47,ibm_brisbane,QFT,30,BQSKit,NOT_AVAILABLE,NOT_AVAILABLE,NOT_AVAILABLE,NOT_AVAILABLE,NOT_AVAILABLE,NOT_AVAILABLE
47,ibm_brisbane,QFT,30,BQSKit,NOT_AVAILABLE,NOT_AVAILABLE,NOT_AVAILABLE,NOT_AVAILABLE,NOT_AVAILABLE,NOT_AVAILABLE
47,ibm_brisbane,QFT,30,BQSKit,NOT_AVAILABLE,NOT_AVAILABLE,NOT_AVAILABLE,NOT_AVAILABLE,NOT_AVAILABLE,NOT_AVAILABLE
47,ibm_brisbane,QFT,30,BQSKit,NOT_AVAILABLE,NOT_AVAILABLE,NOT_AVAILABLE,NOT_AVAILABLE,NOT_AVAILABLE,NOT_AVAILABLE
47,ibm_brisbane,QFT,30,BQSKit,NOT_AVAILABLE,NOT_AVAILABLE,NOT_AVAILABLE,NOT_AVAILABLE,NOT_AVAILABLE,NOT_AVAILABLE
48,ibm_brisbane,VQE,30,BQSKit,NOT_AVAILABLE,NOT_AVAILABLE,NOT_AVAILABLE,NOT_AVAILABLE,NOT_AVAILABLE,NOT_AVAILABLE
48,ibm_brisbane,VQE,30,BQSKit,NOT_AVAILABLE,NOT_AVAILABLE,NOT_AVAILABLE,NOT_AVAILABLE,NOT_AVAILABLE,NOT_AVAILABLE
48,ibm_brisbane,VQE,30,BQSKit,NOT_AVAILABLE,NOT_AVAILABLE,NOT_AVAILABLE,NOT_AVAILABLE,NOT_AVAILABLE,NOT_AVAILABLE
48,ibm_brisbane,VQE,30,BQSKit,NOT_AVAILABLE,NOT_AVAILABLE,NOT_AVAILABLE,NOT_AVAILABLE,NOT_AVAILABLE,NOT_AVAILABLE
48,ibm_brisbane,VQE,30,BQSKit,NOT_AVAILABLE,NOT_AVAILABLE,NOT_AVAILABLE,NOT_AVAILABLE,NOT_AVAILABLE,NOT_AVAILABLE
48,ibm_brisbane,VQE,30,BQSKit,NOT_AVAILABLE,NOT_AVAILABLE,NOT_AVAILABLE,NOT_AVAILABLE,NOT_AVAILABLE,NOT_AVAILABLE
48,ibm_brisbane,VQE,30,BQSKit,NOT_AVAILABLE,NOT_AVAILABLE,NOT_AVAILABLE,NOT_AVAILABLE,NOT_AVAILABLE,NOT_AVAILABLE
48,ibm_brisbane,VQE,30,BQSKit,NOT_AVAILABLE,NOT_AVAILABLE,NOT_AVAILABLE,NOT_AVAILABLE,NOT_AVAILABLE,NOT_AVAILABLE
48,ibm_brisbane,VQE,30,BQSKit,NOT_AVAILABLE,NOT_AVAILABLE,NOT_AVAILABLE,NOT_AVAILABLE,NOT_AVAILABLE,NOT_AVAILABLE
48,ibm_brisbane,VQE,30,BQSKit,NOT_AVAILABLE,NOT_AVAILABLE,NOT_AVAILABLE,NOT_AVAILABLE,NOT_AVAILABLE,NOT_AVAILABLE
48,ibm_brisbane,VQE,30,BQSKit,NOT_AVAILABLE,NOT_AVAILABLE,NOT_AVAILABLE,NOT_AVAILABLE,NOT_AVAILABLE,NOT_AVAILABLE
48,ibm_brisbane,VQE,30,BQSKit,NOT_AVAILABLE,NOT_AVAILABLE,NOT_AVAILABLE,NOT_AVAILABLE,NOT_AVAILABLE,NOT_AVAILABLE
48,ibm_brisbane,VQE,30,BQSKit,NOT_AVAILABLE,NOT_AVAILABLE,NOT_AVAILABLE,NOT_AVAILABLE,NOT_AVAILABLE,NOT_AVAILABLE
48,ibm_brisbane,VQE,30,BQSKit,NOT_AVAILABLE,NOT_AVAILABLE,NOT_AVAILABLE,NOT_AVAILABLE,NOT_AVAILABLE,NOT_AVAILABLE
48,ibm_brisbane,VQE,30,BQSKit,NOT_AVAILABLE,NOT_AVAILABLE,NOT_AVAILABLE,NOT_AVAILABLE,NOT_AVAILABLE,NOT_AVAILABLE
48,ibm_brisbane,VQE,30,BQSKit,NOT_AVAILABLE,NOT_AVAILABLE,NOT_AVAILABLE,NOT_AVAILABLE,NOT_AVAILABLE,NOT_AVAILABLE
48,ibm_brisbane,VQE,30,BQSKit,NOT_AVAILABLE,NOT_AVAILABLE,NOT_AVAILABLE,NOT_AVAILABLE,NOT_AVAILABLE,NOT_AVAILABLE
48,ibm_brisbane,VQE,30,BQSKit,NOT_AVAILABLE,NOT_AVAILABLE,NOT_AVAILABLE,NOT_AVAILABLE,NOT_AVAILABLE,NOT_AVAILABLE
48,ibm_brisbane,VQE,30,BQSKit,NOT_AVAILABLE,NOT_AVAILABLE,NOT_AVAILABLE,NOT_AVAILABLE,NOT_AVAILABLE,NOT_AVAILABLE
48,ibm_brisbane,VQE,30,BQSKit,NOT_AVAILABLE,NOT_AVAILABLE,NOT_AVAILABLE,NOT_AVAILABLE,NOT_AVAILABLE,NOT_AVAILABLE
48,ibm_brisbane,VQE,30,BQSKit,NOT_AVAILABLE,NOT_AVAILABLE,NOT_AVAILABLE,NOT_AVAILABLE,NOT_AVAILABLE,NOT_AVAILABLE
48,ibm_brisbane,VQE,30,BQSKit,NOT_AVAILABLE,NOT_AVAILABLE,NOT_AVAILABLE,NOT_AVAILABLE,NOT_AVAILABLE,NOT_AVAILABLE
48,ibm_brisbane,VQE,30,BQSKit,NOT_AVAILABLE,NOT_AVAILABLE,NOT_AVAILABLE,NOT_AVAILABLE,NOT_AVAILABLE,NOT_AVAILABLE
48,ibm_brisbane,VQE,30,BQSKit,NOT_AVAILABLE,NOT_AVAILABLE,NOT_AVAILABLE,NOT_AVAILABLE,NOT_AVAILABLE,NOT_AVAILABLE
48,ibm_brisbane,VQE,30,BQSKit,NOT_AVAILABLE,NOT_AVAILABLE,NOT_AVAILABLE,NOT_AVAILABLE,NOT_AVAILABLE,NOT_AVAILABLE
48,ibm_brisbane,VQE,30,BQSKit,NOT_AVAILABLE,NOT_AVAILABLE,NOT_AVAILABLE,NOT_AVAILABLE,NOT_AVAILABLE,NOT_AVAILABLE
48,ibm_brisbane,VQE,30,BQSKit,NOT_AVAILABLE,NOT_AVAILABLE,NOT_AVAILABLE,NOT_AVAILABLE,NOT_AVAILABLE,NOT_AVAILABLE
48,ibm_brisbane,VQE,30,BQSKit,NOT_AVAILABLE,NOT_AVAILABLE,NOT_AVAILABLE,NOT_AVAILABLE,NOT_AVAILABLE,NOT_AVAILABLE
48,ibm_brisbane,VQE,30,BQSKit,NOT_AVAILABLE,NOT_AVAILABLE,NOT_AVAILABLE,NOT_AVAILABLE,NOT_AVAILABLE,NOT_AVAILABLE
48,ibm_brisbane,VQE,30,BQSKit,NOT_AVAILABLE,NOT_AVAILABLE,NOT_AVAILABLE,NOT_AVAILABLE,NOT_AVAILABLE,NOT_AVAILABLE
48,ibm_brisbane,VQE,30,BQSKit,NOT_AVAILABLE,NOT_AVAILABLE,NOT_AVAILABLE,NOT_AVAILABLE,NOT_AVAILABLE,NOT_AVAILABLE
48,ibm_brisbane,VQE,30,BQSKit,NOT_AVAILABLE,NOT_AVAILABLE,NOT_AVAILABLE,NOT_AVAILABLE,NOT_AVAILABLE,NOT_AVAILABLE
48,ibm_brisbane,VQE,30,BQSKit,NOT_AVAILABLE,NOT_AVAILABLE,NOT_AVAILABLE,NOT_AVAILABLE,NOT_AVAILABLE,NOT_AVAILABLE
48,ibm_brisbane,VQE,30,BQSKit,NOT_AVAILABLE,NOT_AVAILABLE,NOT_AVAILABLE,NOT_AVAILABLE,NOT_AVAILABLE,NOT_AVAILABLE
48,ibm_brisbane,VQE,30,BQSKit,NOT_AVAILABLE,NOT_AVAILABLE,NOT_AVAILABLE,NOT_AVAILABLE,NOT_AVAILABLE,NOT_AVAILABLE
48,ibm_brisbane,VQE,30,BQSKit,NOT_AVAILABLE,NOT_AVAILABLE,NOT_AVAILABLE,NOT_AVAILABLE,NOT_AVAILABLE,NOT_AVAILABLE
48,ibm_brisbane,VQE,30,BQSKit,NOT_AVAILABLE,NOT_AVAILABLE,NOT_AVAILABLE,NOT_AVAILABLE,NOT_AVAILABLE,NOT_AVAILABLE
48,ibm_brisbane,VQE,30,BQSKit,NOT_AVAILABLE,NOT_AVAILABLE,NOT_AVAILABLE,NOT_AVAILABLE,NOT_AVAILABLE,NOT_AVAILABLE
48,ibm_brisbane,VQE,30,BQSKit,NOT_AVAILABLE,NOT_AVAILABLE,NOT_AVAILABLE,NOT_AVAILABLE,NOT_AVAILABLE,NOT_AVAILABLE
48,ibm_brisbane,VQE,30,BQSKit,NOT_AVAILABLE,NOT_AVAILABLE,NOT_AVAILABLE,NOT_AVAILABLE,NOT_AVAILABLE,NOT_AVAILABLE
48,ibm_brisbane,VQE,30,BQSKit,NOT_AVAILABLE,NOT_AVAILABLE,NOT_AVAILABLE,NOT_AVAILABLE,NOT_AVAILABLE,NOT_AVAILABLE
48,ibm_brisbane,VQE,30,BQSKit,NOT_AVAILABLE,NOT_AVAILABLE,NOT_AVAILABLE,NOT_AVAILABLE,NOT_AVAILABLE,NOT_AVAILABLE
48,ibm_brisbane,VQE,30,BQSKit,NOT_AVAILABLE,NOT_AVAILABLE,NOT_AVAILABLE,NOT_AVAILABLE,NOT_AVAILABLE,NOT_AVAILABLE
48,ibm_brisbane,VQE,30,BQSKit,NOT_AVAILABLE,NOT_AVAILABLE,NOT_AVAILABLE,NOT_AVAILABLE,NOT_AVAILABLE,NOT_AVAILABLE
48,ibm_brisbane,VQE,30,BQSKit,NOT_AVAILABLE,NOT_AVAILABLE,NOT_AVAILABLE,NOT_AVAILABLE,NOT_AVAILABLE,NOT_AVAILABLE
48,ibm_brisbane,VQE,30,BQSKit,NOT_AVAILABLE,NOT_AVAILABLE,NOT_AVAILABLE,NOT_AVAILABLE,NOT_AVAILABLE,NOT_AVAILABLE
48,ibm_brisbane,VQE,30,BQSKit,NOT_AVAILABLE,NOT_AVAILABLE,NOT_AVAILABLE,NOT_AVAILABLE,NOT_AVAILABLE,NOT_AVAILABLE
48,ibm_brisbane,VQE,30,BQSKit,NOT_AVAILABLE,NOT_AVAILABLE,NOT_AVAILABLE,NOT_AVAILABLE,NOT_AVAILABLE,NOT_AVAILABLE
48,ibm_brisbane,VQE,30,BQSKit,NOT_AVAILABLE,NOT_AVAILABLE,NOT_AVAILABLE,NOT_AVAILABLE,NOT_AVAILABLE,NOT_AVAILABLE
48,ibm_brisbane,VQE,30,BQSKit,NOT_AVAILABLE,NOT_AVAILABLE,NOT_AVAILABLE,NOT_AVAILABLE,NOT_AVAILABLE,NOT_AVAILABLE
48,ibm_brisbane,VQE,30,BQSKit,NOT_AVAILABLE,NOT_AVAILABLE,NOT_AVAILABLE,NOT_AVAILABLE,NOT_AVAILABLE,NOT_AVAILABLE
48,ibm_brisbane,VQE,30,BQSKit,NOT_AVAILABLE,NOT_AVAILABLE,NOT_AVAILABLE,NOT_AVAILABLE,NOT_AVAILABLE,NOT_AVAILABLE
48,ibm_brisbane,VQE,30,BQSKit,NOT_AVAILABLE,NOT_AVAILABLE,NOT_AVAILABLE,NOT_AVAILABLE,NOT_AVAILABLE,NOT_AVAILABLE
48,ibm_brisbane,VQE,30,BQSKit,NOT_AVAILABLE,NOT_AVAILABLE,NOT_AVAILABLE,NOT_AVAILABLE,NOT_AVAILABLE,NOT_AVAILABLE
48,ibm_brisbane,VQE,30,BQSKit,NOT_AVAILABLE,NOT_AVAILABLE,NOT_AVAILABLE,NOT_AVAILABLE,NOT_AVAILABLE,NOT_AVAILABLE
48,ibm_brisbane,VQE,30,BQSKit,NOT_AVAILABLE,NOT_AVAILABLE,NOT_AVAILABLE,NOT_AVAILABLE,NOT_AVAILABLE,NOT_AVAILABLE
48,ibm_brisbane,VQE,30,BQSKit,NOT_AVAILABLE,NOT_AVAILABLE,NOT_AVAILABLE,NOT_AVAILABLE,NOT_AVAILABLE,NOT_AVAILABLE
48,ibm_brisbane,VQE,30,BQSKit,NOT_AVAILABLE,NOT_AVAILABLE,NOT_AVAILABLE,NOT_AVAILABLE,NOT_AVAILABLE,NOT_AVAILABLE
48,ibm_brisbane,VQE,30,BQSKit,NOT_AVAILABLE,NOT_AVAILABLE,NOT_AVAILABLE,NOT_AVAILABLE,NOT_AVAILABLE,NOT_AVAILABLE
48,ibm_brisbane,VQE,30,BQSKit,NOT_AVAILABLE,NOT_AVAILABLE,NOT_AVAILABLE,NOT_AVAILABLE,NOT_AVAILABLE,NOT_AVAILABLE
49,ibm_brisbane,QAOA,30,BQSKit,NOT_AVAILABLE,NOT_AVAILABLE,NOT_AVAILABLE,NOT_AVAILABLE,NOT_AVAILABLE,NOT_AVAILABLE
49,ibm_brisbane,QAOA,30,BQSKit,NOT_AVAILABLE,NOT_AVAILABLE,NOT_AVAILABLE,NOT_AVAILABLE,NOT_AVAILABLE,NOT_AVAILABLE
49,ibm_brisbane,QAOA,30,BQSKit,NOT_AVAILABLE,NOT_AVAILABLE,NOT_AVAILABLE,NOT_AVAILABLE,NOT_AVAILABLE,NOT_AVAILABLE
49,ibm_brisbane,QAOA,30,BQSKit,NOT_AVAILABLE,NOT_AVAILABLE,NOT_AVAILABLE,NOT_AVAILABLE,NOT_AVAILABLE,NOT_AVAILABLE
49,ibm_brisbane,QAOA,30,BQSKit,NOT_AVAILABLE,NOT_AVAILABLE,NOT_AVAILABLE,NOT_AVAILABLE,NOT_AVAILABLE,NOT_AVAILABLE
49,ibm_brisbane,QAOA,30,BQSKit,NOT_AVAILABLE,NOT_AVAILABLE,NOT_AVAILABLE,NOT_AVAILABLE,NOT_AVAILABLE,NOT_AVAILABLE
49,ibm_brisbane,QAOA,30,BQSKit,NOT_AVAILABLE,NOT_AVAILABLE,NOT_AVAILABLE,NOT_AVAILABLE,NOT_AVAILABLE,NOT_AVAILABLE
49,ibm_brisbane,QAOA,30,BQSKit,NOT_AVAILABLE,NOT_AVAILABLE,NOT_AVAILABLE,NOT_AVAILABLE,NOT_AVAILABLE,NOT_AVAILABLE
49,ibm_brisbane,QAOA,30,BQSKit,NOT_AVAILABLE,NOT_AVAILABLE,NOT_AVAILABLE,NOT_AVAILABLE,NOT_AVAILABLE,NOT_AVAILABLE
49,ibm_brisbane,QAOA,30,BQSKit,NOT_AVAILABLE,NOT_AVAILABLE,NOT_AVAILABLE,NOT_AVAILABLE,NOT_AVAILABLE,NOT_AVAILABLE
49,ibm_brisbane,QAOA,30,BQSKit,NOT_AVAILABLE,NOT_AVAILABLE,NOT_AVAILABLE,NOT_AVAILABLE,NOT_AVAILABLE,NOT_AVAILABLE
49,ibm_brisbane,QAOA,30,BQSKit,NOT_AVAILABLE,NOT_AVAILABLE,NOT_AVAILABLE,NOT_AVAILABLE,NOT_AVAILABLE,NOT_AVAILABLE
49,ibm_brisbane,QAOA,30,BQSKit,NOT_AVAILABLE,NOT_AVAILABLE,NOT_AVAILABLE,NOT_AVAILABLE,NOT_AVAILABLE,NOT_AVAILABLE
49,ibm_brisbane,QAOA,30,BQSKit,NOT_AVAILABLE,NOT_AVAILABLE,NOT_AVAILABLE,NOT_AVAILABLE,NOT_AVAILABLE,NOT_AVAILABLE
49,ibm_brisbane,QAOA,30,BQSKit,NOT_AVAILABLE,NOT_AVAILABLE,NOT_AVAILABLE,NOT_AVAILABLE,NOT_AVAILABLE,NOT_AVAILABLE
49,ibm_brisbane,QAOA,30,BQSKit,NOT_AVAILABLE,NOT_AVAILABLE,NOT_AVAILABLE,NOT_AVAILABLE,NOT_AVAILABLE,NOT_AVAILABLE
49,ibm_brisbane,QAOA,30,BQSKit,NOT_AVAILABLE,NOT_AVAILABLE,NOT_AVAILABLE,NOT_AVAILABLE,NOT_AVAILABLE,NOT_AVAILABLE
49,ibm_brisbane,QAOA,30,BQSKit,NOT_AVAILABLE,NOT_AVAILABLE,NOT_AVAILABLE,NOT_AVAILABLE,NOT_AVAILABLE,NOT_AVAILABLE
49,ibm_brisbane,QAOA,30,BQSKit,NOT_AVAILABLE,NOT_AVAILABLE,NOT_AVAILABLE,NOT_AVAILABLE,NOT_AVAILABLE,NOT_AVAILABLE
49,ibm_brisbane,QAOA,30,BQSKit,NOT_AVAILABLE,NOT_AVAILABLE,NOT_AVAILABLE,NOT_AVAILABLE,NOT_AVAILABLE,NOT_AVAILABLE
49,ibm_brisbane,QAOA,30,BQSKit,NOT_AVAILABLE,NOT_AVAILABLE,NOT_AVAILABLE,NOT_AVAILABLE,NOT_AVAILABLE,NOT_AVAILABLE
49,ibm_brisbane,QAOA,30,BQSKit,NOT_AVAILABLE,NOT_AVAILABLE,NOT_AVAILABLE,NOT_AVAILABLE,NOT_AVAILABLE,NOT_AVAILABLE
49,ibm_brisbane,QAOA,30,BQSKit,NOT_AVAILABLE,NOT_AVAILABLE,NOT_AVAILABLE,NOT_AVAILABLE,NOT_AVAILABLE,NOT_AVAILABLE
49,ibm_brisbane,QAOA,30,BQSKit,NOT_AVAILABLE,NOT_AVAILABLE,NOT_AVAILABLE,NOT_AVAILABLE,NOT_AVAILABLE,NOT_AVAILABLE
49,ibm_brisbane,QAOA,30,BQSKit,NOT_AVAILABLE,NOT_AVAILABLE,NOT_AVAILABLE,NOT_AVAILABLE,NOT_AVAILABLE,NOT_AVAILABLE
49,ibm_brisbane,QAOA,30,BQSKit,NOT_AVAILABLE,NOT_AVAILABLE,NOT_AVAILABLE,NOT_AVAILABLE,NOT_AVAILABLE,NOT_AVAILABLE
49,ibm_brisbane,QAOA,30,BQSKit,NOT_AVAILABLE,NOT_AVAILABLE,NOT_AVAILABLE,NOT_AVAILABLE,NOT_AVAILABLE,NOT_AVAILABLE
49,ibm_brisbane,QAOA,30,BQSKit,NOT_AVAILABLE,NOT_AVAILABLE,NOT_AVAILABLE,NOT_AVAILABLE,NOT_AVAILABLE,NOT_AVAILABLE
49,ibm_brisbane,QAOA,30,BQSKit,NOT_AVAILABLE,NOT_AVAILABLE,NOT_AVAILABLE,NOT_AVAILABLE,NOT_AVAILABLE,NOT_AVAILABLE
49,ibm_brisbane,QAOA,30,BQSKit,NOT_AVAILABLE,NOT_AVAILABLE,NOT_AVAILABLE,NOT_AVAILABLE,NOT_AVAILABLE,NOT_AVAILABLE
49,ibm_brisbane,QAOA,30,BQSKit,NOT_AVAILABLE,NOT_AVAILABLE,NOT_AVAILABLE,NOT_AVAILABLE,NOT_AVAILABLE,NOT_AVAILABLE
49,ibm_brisbane,QAOA,30,BQSKit,NOT_AVAILABLE,NOT_AVAILABLE,NOT_AVAILABLE,NOT_AVAILABLE,NOT_AVAILABLE,NOT_AVAILABLE
49,ibm_brisbane,QAOA,30,BQSKit,NOT_AVAILABLE,NOT_AVAILABLE,NOT_AVAILABLE,NOT_AVAILABLE,NOT_AVAILABLE,NOT_AVAILABLE
49,ibm_brisbane,QAOA,30,BQSKit,NOT_AVAILABLE,NOT_AVAILABLE,NOT_AVAILABLE,NOT_AVAILABLE,NOT_AVAILABLE,NOT_AVAILABLE
49,ibm_brisbane,QAOA,30,BQSKit,NOT_AVAILABLE,NOT_AVAILABLE,NOT_AVAILABLE,NOT_AVAILABLE,NOT_AVAILABLE,NOT_AVAILABLE
49,ibm_brisbane,QAOA,30,BQSKit,NOT_AVAILABLE,NOT_AVAILABLE,NOT_AVAILABLE,NOT_AVAILABLE,NOT_AVAILABLE,NOT_AVAILABLE
49,ibm_brisbane,QAOA,30,BQSKit,NOT_AVAILABLE,NOT_AVAILABLE,NOT_AVAILABLE,NOT_AVAILABLE,NOT_AVAILABLE,NOT_AVAILABLE
49,ibm_brisbane,QAOA,30,BQSKit,NOT_AVAILABLE,NOT_AVAILABLE,NOT_AVAILABLE,NOT_AVAILABLE,NOT_AVAILABLE,NOT_AVAILABLE
49,ibm_brisbane,QAOA,30,BQSKit,NOT_AVAILABLE,NOT_AVAILABLE,NOT_AVAILABLE,NOT_AVAILABLE,NOT_AVAILABLE,NOT_AVAILABLE
49,ibm_brisbane,QAOA,30,BQSKit,NOT_AVAILABLE,NOT_AVAILABLE,NOT_AVAILABLE,NOT_AVAILABLE,NOT_AVAILABLE,NOT_AVAILABLE
49,ibm_brisbane,QAOA,30,BQSKit,NOT_AVAILABLE,NOT_AVAILABLE,NOT_AVAILABLE,NOT_AVAILABLE,NOT_AVAILABLE,NOT_AVAILABLE
49,ibm_brisbane,QAOA,30,BQSKit,NOT_AVAILABLE,NOT_AVAILABLE,NOT_AVAILABLE,NOT_AVAILABLE,NOT_AVAILABLE,NOT_AVAILABLE
49,ibm_brisbane,QAOA,30,BQSKit,NOT_AVAILABLE,NOT_AVAILABLE,NOT_AVAILABLE,NOT_AVAILABLE,NOT_AVAILABLE,NOT_AVAILABLE
49,ibm_brisbane,QAOA,30,BQSKit,NOT_AVAILABLE,NOT_AVAILABLE,NOT_AVAILABLE,NOT_AVAILABLE,NOT_AVAILABLE,NOT_AVAILABLE
49,ibm_brisbane,QAOA,30,BQSKit,NOT_AVAILABLE,NOT_AVAILABLE,NOT_AVAILABLE,NOT_AVAILABLE,NOT_AVAILABLE,NOT_AVAILABLE
49,ibm_brisbane,QAOA,30,BQSKit,NOT_AVAILABLE,NOT_AVAILABLE,NOT_AVAILABLE,NOT_AVAILABLE,NOT_AVAILABLE,NOT_AVAILABLE
49,ibm_brisbane,QAOA,30,BQSKit,NOT_AVAILABLE,NOT_AVAILABLE,NOT_AVAILABLE,NOT_AVAILABLE,NOT_AVAILABLE,NOT_AVAILABLE
49,ibm_brisbane,QAOA,30,BQSKit,NOT_AVAILABLE,NOT_AVAILABLE,NOT_AVAILABLE,NOT_AVAILABLE,NOT_AVAILABLE,NOT_AVAILABLE
49,ibm_brisbane,QAOA,30,BQSKit,NOT_AVAILABLE,NOT_AVAILABLE,NOT_AVAILABLE,NOT_AVAILABLE,NOT_AVAILABLE,NOT_AVAILABLE
49,ibm_brisbane,QAOA,30,BQSKit,NOT_AVAILABLE,NOT_AVAILABLE,NOT_AVAILABLE,NOT_AVAILABLE,NOT_AVAILABLE,NOT_AVAILABLE
49,ibm_brisbane,QAOA,30,BQSKit,NOT_AVAILABLE,NOT_AVAILABLE,NOT_AVAILABLE,NOT_AVAILABLE,NOT_AVAILABLE,NOT_AVAILABLE
49,ibm_brisbane,QAOA,30,BQSKit,NOT_AVAILABLE,NOT_AVAILABLE,NOT_AVAILABLE,NOT_AVAILABLE,NOT_AVAILABLE,NOT_AVAILABLE
49,ibm_brisbane,QAOA,30,BQSKit,NOT_AVAILABLE,NOT_AVAILABLE,NOT_AVAILABLE,NOT_AVAILABLE,NOT_AVAILABLE,NOT_AVAILABLE
49,ibm_brisbane,QAOA,30,BQSKit,NOT_AVAILABLE,NOT_AVAILABLE,NOT_AVAILABLE,NOT_AVAILABLE,NOT_AVAILABLE,NOT_AVAILABLE
49,ibm_brisbane,QAOA,30,BQSKit,NOT_AVAILABLE,NOT_AVAILABLE,NOT_AVAILABLE,NOT_AVAILABLE,NOT_AVAILABLE,NOT_AVAILABLE
49,ibm_brisbane,QAOA,30,BQSKit,NOT_AVAILABLE,NOT_AVAILABLE,NOT_AVAILABLE,NOT_AVAILABLE,NOT_AVAILABLE,NOT_AVAILABLE
49,ibm_brisbane,QAOA,30,BQSKit,NOT_AVAILABLE,NOT_AVAILABLE,NOT_AVAILABLE,NOT_AVAILABLE,NOT_AVAILABLE,NOT_AVAILABLE
49,ibm_brisbane,QAOA,30,BQSKit,NOT_AVAILABLE,NOT_AVAILABLE,NOT_AVAILABLE,NOT_AVAILABLE,NOT_AVAILABLE,NOT_AVAILABLE
49,ibm_brisbane,QAOA,30,BQSKit,NOT_AVAILABLE,NOT_AVAILABLE,NOT_AVAILABLE,NOT_AVAILABLE,NOT_AVAILABLE,NOT_AVAILABLE
49,ibm_brisbane,QAOA,30,BQSKit,NOT_AVAILABLE,NOT_AVAILABLE,NOT_AVAILABLE,NOT_AVAILABLE,NOT_AVAILABLE,NOT_AVAILABLE
50,ibm_brisbane,QV,30,BQSKit,NOT_AVAILABLE,NOT_AVAILABLE,NOT_AVAILABLE,NOT_AVAILABLE,NOT_AVAILABLE,NOT_AVAILABLE
50,ibm_brisbane,QV,30,BQSKit,NOT_AVAILABLE,NOT_AVAILABLE,NOT_AVAILABLE,NOT_AVAILABLE,NOT_AVAILABLE,NOT_AVAILABLE
50,ibm_brisbane,QV,30,BQSKit,NOT_AVAILABLE,NOT_AVAILABLE,NOT_AVAILABLE,NOT_AVAILABLE,NOT_AVAILABLE,NOT_AVAILABLE
50,ibm_brisbane,QV,30,BQSKit,NOT_AVAILABLE,NOT_AVAILABLE,NOT_AVAILABLE,NOT_AVAILABLE,NOT_AVAILABLE,NOT_AVAILABLE
50,ibm_brisbane,QV,30,BQSKit,NOT_AVAILABLE,NOT_AVAILABLE,NOT_AVAILABLE,NOT_AVAILABLE,NOT_AVAILABLE,NOT_AVAILABLE
50,ibm_brisbane,QV,30,BQSKit,NOT_AVAILABLE,NOT_AVAILABLE,NOT_AVAILABLE,NOT_AVAILABLE,NOT_AVAILABLE,NOT_AVAILABLE
50,ibm_brisbane,QV,30,BQSKit,NOT_AVAILABLE,NOT_AVAILABLE,NOT_AVAILABLE,NOT_AVAILABLE,NOT_AVAILABLE,NOT_AVAILABLE
50,ibm_brisbane,QV,30,BQSKit,NOT_AVAILABLE,NOT_AVAILABLE,NOT_AVAILABLE,NOT_AVAILABLE,NOT_AVAILABLE,NOT_AVAILABLE
50,ibm_brisbane,QV,30,BQSKit,NOT_AVAILABLE,NOT_AVAILABLE,NOT_AVAILABLE,NOT_AVAILABLE,NOT_AVAILABLE,NOT_AVAILABLE
50,ibm_brisbane,QV,30,BQSKit,NOT_AVAILABLE,NOT_AVAILABLE,NOT_AVAILABLE,NOT_AVAILABLE,NOT_AVAILABLE,NOT_AVAILABLE
50,ibm_brisbane,QV,30,BQSKit,NOT_AVAILABLE,NOT_AVAILABLE,NOT_AVAILABLE,NOT_AVAILABLE,NOT_AVAILABLE,NOT_AVAILABLE
50,ibm_brisbane,QV,30,BQSKit,NOT_AVAILABLE,NOT_AVAILABLE,NOT_AVAILABLE,NOT_AVAILABLE,NOT_AVAILABLE,NOT_AVAILABLE
50,ibm_brisbane,QV,30,BQSKit,NOT_AVAILABLE,NOT_AVAILABLE,NOT_AVAILABLE,NOT_AVAILABLE,NOT_AVAILABLE,NOT_AVAILABLE
50,ibm_brisbane,QV,30,BQSKit,NOT_AVAILABLE,NOT_AVAILABLE,NOT_AVAILABLE,NOT_AVAILABLE,NOT_AVAILABLE,NOT_AVAILABLE
50,ibm_brisbane,QV,30,BQSKit,NOT_AVAILABLE,NOT_AVAILABLE,NOT_AVAILABLE,NOT_AVAILABLE,NOT_AVAILABLE,NOT_AVAILABLE
50,ibm_brisbane,QV,30,BQSKit,NOT_AVAILABLE,NOT_AVAILABLE,NOT_AVAILABLE,NOT_AVAILABLE,NOT_AVAILABLE,NOT_AVAILABLE
50,ibm_brisbane,QV,30,BQSKit,NOT_AVAILABLE,NOT_AVAILABLE,NOT_AVAILABLE,NOT_AVAILABLE,NOT_AVAILABLE,NOT_AVAILABLE
50,ibm_brisbane,QV,30,BQSKit,NOT_AVAILABLE,NOT_AVAILABLE,NOT_AVAILABLE,NOT_AVAILABLE,NOT_AVAILABLE,NOT_AVAILABLE
50,ibm_brisbane,QV,30,BQSKit,NOT_AVAILABLE,NOT_AVAILABLE,NOT_AVAILABLE,NOT_AVAILABLE,NOT_AVAILABLE,NOT_AVAILABLE
50,ibm_brisbane,QV,30,BQSKit,NOT_AVAILABLE,NOT_AVAILABLE,NOT_AVAILABLE,NOT_AVAILABLE,NOT_AVAILABLE,NOT_AVAILABLE
50,ibm_brisbane,QV,30,BQSKit,NOT_AVAILABLE,NOT_AVAILABLE,NOT_AVAILABLE,NOT_AVAILABLE,NOT_AVAILABLE,NOT_AVAILABLE
50,ibm_brisbane,QV,30,BQSKit,NOT_AVAILABLE,NOT_AVAILABLE,NOT_AVAILABLE,NOT_AVAILABLE,NOT_AVAILABLE,NOT_AVAILABLE
50,ibm_brisbane,QV,30,BQSKit,NOT_AVAILABLE,NOT_AVAILABLE,NOT_AVAILABLE,NOT_AVAILABLE,NOT_AVAILABLE,NOT_AVAILABLE
50,ibm_brisbane,QV,30,BQSKit,NOT_AVAILABLE,NOT_AVAILABLE,NOT_AVAILABLE,NOT_AVAILABLE,NOT_AVAILABLE,NOT_AVAILABLE
50,ibm_brisbane,QV,30,BQSKit,NOT_AVAILABLE,NOT_AVAILABLE,NOT_AVAILABLE,NOT_AVAILABLE,NOT_AVAILABLE,NOT_AVAILABLE
50,ibm_brisbane,QV,30,BQSKit,NOT_AVAILABLE,NOT_AVAILABLE,NOT_AVAILABLE,NOT_AVAILABLE,NOT_AVAILABLE,NOT_AVAILABLE
50,ibm_brisbane,QV,30,BQSKit,NOT_AVAILABLE,NOT_AVAILABLE,NOT_AVAILABLE,NOT_AVAILABLE,NOT_AVAILABLE,NOT_AVAILABLE
50,ibm_brisbane,QV,30,BQSKit,NOT_AVAILABLE,NOT_AVAILABLE,NOT_AVAILABLE,NOT_AVAILABLE,NOT_AVAILABLE,NOT_AVAILABLE
50,ibm_brisbane,QV,30,BQSKit,NOT_AVAILABLE,NOT_AVAILABLE,NOT_AVAILABLE,NOT_AVAILABLE,NOT_AVAILABLE,NOT_AVAILABLE
50,ibm_brisbane,QV,30,BQSKit,NOT_AVAILABLE,NOT_AVAILABLE,NOT_AVAILABLE,NOT_AVAILABLE,NOT_AVAILABLE,NOT_AVAILABLE
50,ibm_brisbane,QV,30,BQSKit,NOT_AVAILABLE,NOT_AVAILABLE,NOT_AVAILABLE,NOT_AVAILABLE,NOT_AVAILABLE,NOT_AVAILABLE
50,ibm_brisbane,QV,30,BQSKit,NOT_AVAILABLE,NOT_AVAILABLE,NOT_AVAILABLE,NOT_AVAILABLE,NOT_AVAILABLE,NOT_AVAILABLE
50,ibm_brisbane,QV,30,BQSKit,NOT_AVAILABLE,NOT_AVAILABLE,NOT_AVAILABLE,NOT_AVAILABLE,NOT_AVAILABLE,NOT_AVAILABLE
50,ibm_brisbane,QV,30,BQSKit,NOT_AVAILABLE,NOT_AVAILABLE,NOT_AVAILABLE,NOT_AVAILABLE,NOT_AVAILABLE,NOT_AVAILABLE
50,ibm_brisbane,QV,30,BQSKit,NOT_AVAILABLE,NOT_AVAILABLE,NOT_AVAILABLE,NOT_AVAILABLE,NOT_AVAILABLE,NOT_AVAILABLE
50,ibm_brisbane,QV,30,BQSKit,NOT_AVAILABLE,NOT_AVAILABLE,NOT_AVAILABLE,NOT_AVAILABLE,NOT_AVAILABLE,NOT_AVAILABLE
50,ibm_brisbane,QV,30,BQSKit,NOT_AVAILABLE,NOT_AVAILABLE,NOT_AVAILABLE,NOT_AVAILABLE,NOT_AVAILABLE,NOT_AVAILABLE
50,ibm_brisbane,QV,30,BQSKit,NOT_AVAILABLE,NOT_AVAILABLE,NOT_AVAILABLE,NOT_AVAILABLE,NOT_AVAILABLE,NOT_AVAILABLE
50,ibm_brisbane,QV,30,BQSKit,NOT_AVAILABLE,NOT_AVAILABLE,NOT_AVAILABLE,NOT_AVAILABLE,NOT_AVAILABLE,NOT_AVAILABLE
50,ibm_brisbane,QV,30,BQSKit,NOT_AVAILABLE,NOT_AVAILABLE,NOT_AVAILABLE,NOT_AVAILABLE,NOT_AVAILABLE,NOT_AVAILABLE
50,ibm_brisbane,QV,30,BQSKit,NOT_AVAILABLE,NOT_AVAILABLE,NOT_AVAILABLE,NOT_AVAILABLE,NOT_AVAILABLE,NOT_AVAILABLE
50,ibm_brisbane,QV,30,BQSKit,NOT_AVAILABLE,NOT_AVAILABLE,NOT_AVAILABLE,NOT_AVAILABLE,NOT_AVAILABLE,NOT_AVAILABLE
50,ibm_brisbane,QV,30,BQSKit,NOT_AVAILABLE,NOT_AVAILABLE,NOT_AVAILABLE,NOT_AVAILABLE,NOT_AVAILABLE,NOT_AVAILABLE
50,ibm_brisbane,QV,30,BQSKit,NOT_AVAILABLE,NOT_AVAILABLE,NOT_AVAILABLE,NOT_AVAILABLE,NOT_AVAILABLE,NOT_AVAILABLE
50,ibm_brisbane,QV,30,BQSKit,NOT_AVAILABLE,NOT_AVAILABLE,NOT_AVAILABLE,NOT_AVAILABLE,NOT_AVAILABLE,NOT_AVAILABLE
50,ibm_brisbane,QV,30,BQSKit,NOT_AVAILABLE,NOT_AVAILABLE,NOT_AVAILABLE,NOT_AVAILABLE,NOT_AVAILABLE,NOT_AVAILABLE
50,ibm_brisbane,QV,30,BQSKit,NOT_AVAILABLE,NOT_AVAILABLE,NOT_AVAILABLE,NOT_AVAILABLE,NOT_AVAILABLE,NOT_AVAILABLE
50,ibm_brisbane,QV,30,BQSKit,NOT_AVAILABLE,NOT_AVAILABLE,NOT_AVAILABLE,NOT_AVAILABLE,NOT_AVAILABLE,NOT_AVAILABLE
50,ibm_brisbane,QV,30,BQSKit,NOT_AVAILABLE,NOT_AVAILABLE,NOT_AVAILABLE,NOT_AVAILABLE,NOT_AVAILABLE,NOT_AVAILABLE
50,ibm_brisbane,QV,30,BQSKit,NOT_AVAILABLE,NOT_AVAILABLE,NOT_AVAILABLE,NOT_AVAILABLE,NOT_AVAILABLE,NOT_AVAILABLE
50,ibm_brisbane,QV,30,BQSKit,NOT_AVAILABLE,NOT_AVAILABLE,NOT_AVAILABLE,NOT_AVAILABLE,NOT_AVAILABLE,NOT_AVAILABLE
50,ibm_brisbane,QV,30,BQSKit,NOT_AVAILABLE,NOT_AVAILABLE,NOT_AVAILABLE,NOT_AVAILABLE,NOT_AVAILABLE,NOT_AVAILABLE
50,ibm_brisbane,QV,30,BQSKit,NOT_AVAILABLE,NOT_AVAILABLE,NOT_AVAILABLE,NOT_AVAILABLE,NOT_AVAILABLE,NOT_AVAILABLE
50,ibm_brisbane,QV,30,BQSKit,NOT_AVAILABLE,NOT_AVAILABLE,NOT_AVAILABLE,NOT_AVAILABLE,NOT_AVAILABLE,NOT_AVAILABLE
50,ibm_brisbane,QV,30,BQSKit,NOT_AVAILABLE,NOT_AVAILABLE,NOT_AVAILABLE,NOT_AVAILABLE,NOT_AVAILABLE,NOT_AVAILABLE
50,ibm_brisbane,QV,30,BQSKit,NOT_AVAILABLE,NOT_AVAILABLE,NOT_AVAILABLE,NOT_AVAILABLE,NOT_AVAILABLE,NOT_AVAILABLE
50,ibm_brisbane,QV,30,BQSKit,NOT_AVAILABLE,NOT_AVAILABLE,NOT_AVAILABLE,NOT_AVAILABLE,NOT_AVAILABLE,NOT_AVAILABLE
50,ibm_brisbane,QV,30,BQSKit,NOT_AVAILABLE,NOT_AVAILABLE,NOT_AVAILABLE,NOT_AVAILABLE,NOT_AVAILABLE,NOT_AVAILABLE
50,ibm_brisbane,QV,30,BQSKit,NOT_AVAILABLE,NOT_AVAILABLE,NOT_AVAILABLE,NOT_AVAILABLE,NOT_AVAILABLE,NOT_AVAILABLE
50,ibm_brisbane,QV,30,BQSKit,NOT_AVAILABLE,NOT_AVAILABLE,NOT_AVAILABLE,NOT_AVAILABLE,NOT_AVAILABLE,NOT_AVAILABLE
96,ionq_aria,GHZ,30,BQSKit,NOT_AVAILABLE,NOT_AVAILABLE,NOT_AVAILABLE,NOT_AVAILABLE,NOT_AVAILABLE,NOT_AVAILABLE
96,ionq_aria,GHZ,30,BQSKit,NOT_AVAILABLE,NOT_AVAILABLE,NOT_AVAILABLE,NOT_AVAILABLE,NOT_AVAILABLE,NOT_AVAILABLE
96,ionq_aria,GHZ,30,BQSKit,NOT_AVAILABLE,NOT_AVAILABLE,NOT_AVAILABLE,NOT_AVAILABLE,NOT_AVAILABLE,NOT_AVAILABLE
96,ionq_aria,GHZ,30,BQSKit,NOT_AVAILABLE,NOT_AVAILABLE,NOT_AVAILABLE,NOT_AVAILABLE,NOT_AVAILABLE,NOT_AVAILABLE
96,ionq_aria,GHZ,30,BQSKit,NOT_AVAILABLE,NOT_AVAILABLE,NOT_AVAILABLE,NOT_AVAILABLE,NOT_AVAILABLE,NOT_AVAILABLE
96,ionq_aria,GHZ,30,BQSKit,NOT_AVAILABLE,NOT_AVAILABLE,NOT_AVAILABLE,NOT_AVAILABLE,NOT_AVAILABLE,NOT_AVAILABLE
96,ionq_aria,GHZ,30,BQSKit,NOT_AVAILABLE,NOT_AVAILABLE,NOT_AVAILABLE,NOT_AVAILABLE,NOT_AVAILABLE,NOT_AVAILABLE
96,ionq_aria,GHZ,30,BQSKit,NOT_AVAILABLE,NOT_AVAILABLE,NOT_AVAILABLE,NOT_AVAILABLE,NOT_AVAILABLE,NOT_AVAILABLE
96,ionq_aria,GHZ,30,BQSKit,NOT_AVAILABLE,NOT_AVAILABLE,NOT_AVAILABLE,NOT_AVAILABLE,NOT_AVAILABLE,NOT_AVAILABLE
96,ionq_aria,GHZ,30,BQSKit,NOT_AVAILABLE,NOT_AVAILABLE,NOT_AVAILABLE,NOT_AVAILABLE,NOT_AVAILABLE,NOT_AVAILABLE
96,ionq_aria,GHZ,30,BQSKit,NOT_AVAILABLE,NOT_AVAILABLE,NOT_AVAILABLE,NOT_AVAILABLE,NOT_AVAILABLE,NOT_AVAILABLE
96,ionq_aria,GHZ,30,BQSKit,NOT_AVAILABLE,NOT_AVAILABLE,NOT_AVAILABLE,NOT_AVAILABLE,NOT_AVAILABLE,NOT_AVAILABLE
96,ionq_aria,GHZ,30,BQSKit,NOT_AVAILABLE,NOT_AVAILABLE,NOT_AVAILABLE,NOT_AVAILABLE,NOT_AVAILABLE,NOT_AVAILABLE
96,ionq_aria,GHZ,30,BQSKit,NOT_AVAILABLE,NOT_AVAILABLE,NOT_AVAILABLE,NOT_AVAILABLE,NOT_AVAILABLE,NOT_AVAILABLE
96,ionq_aria,GHZ,30,BQSKit,NOT_AVAILABLE,NOT_AVAILABLE,NOT_AVAILABLE,NOT_AVAILABLE,NOT_AVAILABLE,NOT_AVAILABLE
96,ionq_aria,GHZ,30,BQSKit,NOT_AVAILABLE,NOT_AVAILABLE,NOT_AVAILABLE,NOT_AVAILABLE,NOT_AVAILABLE,NOT_AVAILABLE
96,ionq_aria,GHZ,30,BQSKit,NOT_AVAILABLE,NOT_AVAILABLE,NOT_AVAILABLE,NOT_AVAILABLE,NOT_AVAILABLE,NOT_AVAILABLE
96,ionq_aria,GHZ,30,BQSKit,NOT_AVAILABLE,NOT_AVAILABLE,NOT_AVAILABLE,NOT_AVAILABLE,NOT_AVAILABLE,NOT_AVAILABLE
96,ionq_aria,GHZ,30,BQSKit,NOT_AVAILABLE,NOT_AVAILABLE,NOT_AVAILABLE,NOT_AVAILABLE,NOT_AVAILABLE,NOT_AVAILABLE
96,ionq_aria,GHZ,30,BQSKit,NOT_AVAILABLE,NOT_AVAILABLE,NOT_AVAILABLE,NOT_AVAILABLE,NOT_AVAILABLE,NOT_AVAILABLE
96,ionq_aria,GHZ,30,BQSKit,NOT_AVAILABLE,NOT_AVAILABLE,NOT_AVAILABLE,NOT_AVAILABLE,NOT_AVAILABLE,NOT_AVAILABLE
96,ionq_aria,GHZ,30,BQSKit,NOT_AVAILABLE,NOT_AVAILABLE,NOT_AVAILABLE,NOT_AVAILABLE,NOT_AVAILABLE,NOT_AVAILABLE
96,ionq_aria,GHZ,30,BQSKit,NOT_AVAILABLE,NOT_AVAILABLE,NOT_AVAILABLE,NOT_AVAILABLE,NOT_AVAILABLE,NOT_AVAILABLE
96,ionq_aria,GHZ,30,BQSKit,NOT_AVAILABLE,NOT_AVAILABLE,NOT_AVAILABLE,NOT_AVAILABLE,NOT_AVAILABLE,NOT_AVAILABLE
96,ionq_aria,GHZ,30,BQSKit,NOT_AVAILABLE,NOT_AVAILABLE,NOT_AVAILABLE,NOT_AVAILABLE,NOT_AVAILABLE,NOT_AVAILABLE
96,ionq_aria,GHZ,30,BQSKit,NOT_AVAILABLE,NOT_AVAILABLE,NOT_AVAILABLE,NOT_AVAILABLE,NOT_AVAILABLE,NOT_AVAILABLE
96,ionq_aria,GHZ,30,BQSKit,NOT_AVAILABLE,NOT_AVAILABLE,NOT_AVAILABLE,NOT_AVAILABLE,NOT_AVAILABLE,NOT_AVAILABLE
96,ionq_aria,GHZ,30,BQSKit,NOT_AVAILABLE,NOT_AVAILABLE,NOT_AVAILABLE,NOT_AVAILABLE,NOT_AVAILABLE,NOT_AVAILABLE
96,ionq_aria,GHZ,30,BQSKit,NOT_AVAILABLE,NOT_AVAILABLE,NOT_AVAILABLE,NOT_AVAILABLE,NOT_AVAILABLE,NOT_AVAILABLE
96,ionq_aria,GHZ,30,BQSKit,NOT_AVAILABLE,NOT_AVAILABLE,NOT_AVAILABLE,NOT_AVAILABLE,NOT_AVAILABLE,NOT_AVAILABLE
96,ionq_aria,GHZ,30,BQSKit,NOT_AVAILABLE,NOT_AVAILABLE,NOT_AVAILABLE,NOT_AVAILABLE,NOT_AVAILABLE,NOT_AVAILABLE
96,ionq_aria,GHZ,30,BQSKit,NOT_AVAILABLE,NOT_AVAILABLE,NOT_AVAILABLE,NOT_AVAILABLE,NOT_AVAILABLE,NOT_AVAILABLE
96,ionq_aria,GHZ,30,BQSKit,NOT_AVAILABLE,NOT_AVAILABLE,NOT_AVAILABLE,NOT_AVAILABLE,NOT_AVAILABLE,NOT_AVAILABLE
96,ionq_aria,GHZ,30,BQSKit,NOT_AVAILABLE,NOT_AVAILABLE,NOT_AVAILABLE,NOT_AVAILABLE,NOT_AVAILABLE,NOT_AVAILABLE
96,ionq_aria,GHZ,30,BQSKit,NOT_AVAILABLE,NOT_AVAILABLE,NOT_AVAILABLE,NOT_AVAILABLE,NOT_AVAILABLE,NOT_AVAILABLE
96,ionq_aria,GHZ,30,BQSKit,NOT_AVAILABLE,NOT_AVAILABLE,NOT_AVAILABLE,NOT_AVAILABLE,NOT_AVAILABLE,NOT_AVAILABLE
96,ionq_aria,GHZ,30,BQSKit,NOT_AVAILABLE,NOT_AVAILABLE,NOT_AVAILABLE,NOT_AVAILABLE,NOT_AVAILABLE,NOT_AVAILABLE
96,ionq_aria,GHZ,30,BQSKit,NOT_AVAILABLE,NOT_AVAILABLE,NOT_AVAILABLE,NOT_AVAILABLE,NOT_AVAILABLE,NOT_AVAILABLE
96,ionq_aria,GHZ,30,BQSKit,NOT_AVAILABLE,NOT_AVAILABLE,NOT_AVAILABLE,NOT_AVAILABLE,NOT_AVAILABLE,NOT_AVAILABLE
96,ionq_aria,GHZ,30,BQSKit,NOT_AVAILABLE,NOT_AVAILABLE,NOT_AVAILABLE,NOT_AVAILABLE,NOT_AVAILABLE,NOT_AVAILABLE
96,ionq_aria,GHZ,30,BQSKit,NOT_AVAILABLE,NOT_AVAILABLE,NOT_AVAILABLE,NOT_AVAILABLE,NOT_AVAILABLE,NOT_AVAILABLE
96,ionq_aria,GHZ,30,BQSKit,NOT_AVAILABLE,NOT_AVAILABLE,NOT_AVAILABLE,NOT_AVAILABLE,NOT_AVAILABLE,NOT_AVAILABLE
96,ionq_aria,GHZ,30,BQSKit,NOT_AVAILABLE,NOT_AVAILABLE,NOT_AVAILABLE,NOT_AVAILABLE,NOT_AVAILABLE,NOT_AVAILABLE
96,ionq_aria,GHZ,30,BQSKit,NOT_AVAILABLE,NOT_AVAILABLE,NOT_AVAILABLE,NOT_AVAILABLE,NOT_AVAILABLE,NOT_AVAILABLE
96,ionq_aria,GHZ,30,BQSKit,NOT_AVAILABLE,NOT_AVAILABLE,NOT_AVAILABLE,NOT_AVAILABLE,NOT_AVAILABLE,NOT_AVAILABLE
96,ionq_aria,GHZ,30,BQSKit,NOT_AVAILABLE,NOT_AVAILABLE,NOT_AVAILABLE,NOT_AVAILABLE,NOT_AVAILABLE,NOT_AVAILABLE
96,ionq_aria,GHZ,30,BQSKit,NOT_AVAILABLE,NOT_AVAILABLE,NOT_AVAILABLE,NOT_AVAILABLE,NOT_AVAILABLE,NOT_AVAILABLE
96,ionq_aria,GHZ,30,BQSKit,NOT_AVAILABLE,NOT_AVAILABLE,NOT_AVAILABLE,NOT_AVAILABLE,NOT_AVAILABLE,NOT_AVAILABLE
96,ionq_aria,GHZ,30,BQSKit,NOT_AVAILABLE,NOT_AVAILABLE,NOT_AVAILABLE,NOT_AVAILABLE,NOT_AVAILABLE,NOT_AVAILABLE
96,ionq_aria,GHZ,30,BQSKit,NOT_AVAILABLE,NOT_AVAILABLE,NOT_AVAILABLE,NOT_AVAILABLE,NOT_AVAILABLE,NOT_AVAILABLE
96,ionq_aria,GHZ,30,BQSKit,NOT_AVAILABLE,NOT_AVAILABLE,NOT_AVAILABLE,NOT_AVAILABLE,NOT_AVAILABLE,NOT_AVAILABLE
96,ionq_aria,GHZ,30,BQSKit,NOT_AVAILABLE,NOT_AVAILABLE,NOT_AVAILABLE,NOT_AVAILABLE,NOT_AVAILABLE,NOT_AVAILABLE
96,ionq_aria,GHZ,30,BQSKit,NOT_AVAILABLE,NOT_AVAILABLE,NOT_AVAILABLE,NOT_AVAILABLE,NOT_AVAILABLE,NOT_AVAILABLE
96,ionq_aria,GHZ,30,BQSKit,NOT_AVAILABLE,NOT_AVAILABLE,NOT_AVAILABLE,NOT_AVAILABLE,NOT_AVAILABLE,NOT_AVAILABLE
96,ionq_aria,GHZ,30,BQSKit,NOT_AVAILABLE,NOT_AVAILABLE,NOT_AVAILABLE,NOT_AVAILABLE,NOT_AVAILABLE,NOT_AVAILABLE
96,ionq_aria,GHZ,30,BQSKit,NOT_AVAILABLE,NOT_AVAILABLE,NOT_AVAILABLE,NOT_AVAILABLE,NOT_AVAILABLE,NOT_AVAILABLE
96,ionq_aria,GHZ,30,BQSKit,NOT_AVAILABLE,NOT_AVAILABLE,NOT_AVAILABLE,NOT_AVAILABLE,NOT_AVAILABLE,NOT_AVAILABLE
96,ionq_aria,GHZ,30,BQSKit,NOT_AVAILABLE,NOT_AVAILABLE,NOT_AVAILABLE,NOT_AVAILABLE,NOT_AVAILABLE,NOT_AVAILABLE
96,ionq_aria,GHZ,30,BQSKit,NOT_AVAILABLE,NOT_AVAILABLE,NOT_AVAILABLE,NOT_AVAILABLE,NOT_AVAILABLE,NOT_AVAILABLE
96,ionq_aria,GHZ,30,BQSKit,NOT_AVAILABLE,NOT_AVAILABLE,NOT_AVAILABLE,NOT_AVAILABLE,NOT_AVAILABLE,NOT_AVAILABLE
97,ionq_aria,QFT,30,BQSKit,NOT_AVAILABLE,NOT_AVAILABLE,NOT_AVAILABLE,NOT_AVAILABLE,NOT_AVAILABLE,NOT_AVAILABLE
97,ionq_aria,QFT,30,BQSKit,NOT_AVAILABLE,NOT_AVAILABLE,NOT_AVAILABLE,NOT_AVAILABLE,NOT_AVAILABLE,NOT_AVAILABLE
97,ionq_aria,QFT,30,BQSKit,NOT_AVAILABLE,NOT_AVAILABLE,NOT_AVAILABLE,NOT_AVAILABLE,NOT_AVAILABLE,NOT_AVAILABLE
97,ionq_aria,QFT,30,BQSKit,NOT_AVAILABLE,NOT_AVAILABLE,NOT_AVAILABLE,NOT_AVAILABLE,NOT_AVAILABLE,NOT_AVAILABLE
97,ionq_aria,QFT,30,BQSKit,NOT_AVAILABLE,NOT_AVAILABLE,NOT_AVAILABLE,NOT_AVAILABLE,NOT_AVAILABLE,NOT_AVAILABLE
97,ionq_aria,QFT,30,BQSKit,NOT_AVAILABLE,NOT_AVAILABLE,NOT_AVAILABLE,NOT_AVAILABLE,NOT_AVAILABLE,NOT_AVAILABLE
97,ionq_aria,QFT,30,BQSKit,NOT_AVAILABLE,NOT_AVAILABLE,NOT_AVAILABLE,NOT_AVAILABLE,NOT_AVAILABLE,NOT_AVAILABLE
97,ionq_aria,QFT,30,BQSKit,NOT_AVAILABLE,NOT_AVAILABLE,NOT_AVAILABLE,NOT_AVAILABLE,NOT_AVAILABLE,NOT_AVAILABLE
97,ionq_aria,QFT,30,BQSKit,NOT_AVAILABLE,NOT_AVAILABLE,NOT_AVAILABLE,NOT_AVAILABLE,NOT_AVAILABLE,NOT_AVAILABLE
97,ionq_aria,QFT,30,BQSKit,NOT_AVAILABLE,NOT_AVAILABLE,NOT_AVAILABLE,NOT_AVAILABLE,NOT_AVAILABLE,NOT_AVAILABLE
97,ionq_aria,QFT,30,BQSKit,NOT_AVAILABLE,NOT_AVAILABLE,NOT_AVAILABLE,NOT_AVAILABLE,NOT_AVAILABLE,NOT_AVAILABLE
97,ionq_aria,QFT,30,BQSKit,NOT_AVAILABLE,NOT_AVAILABLE,NOT_AVAILABLE,NOT_AVAILABLE,NOT_AVAILABLE,NOT_AVAILABLE
97,ionq_aria,QFT,30,BQSKit,NOT_AVAILABLE,NOT_AVAILABLE,NOT_AVAILABLE,NOT_AVAILABLE,NOT_AVAILABLE,NOT_AVAILABLE
97,ionq_aria,QFT,30,BQSKit,NOT_AVAILABLE,NOT_AVAILABLE,NOT_AVAILABLE,NOT_AVAILABLE,NOT_AVAILABLE,NOT_AVAILABLE
97,ionq_aria,QFT,30,BQSKit,NOT_AVAILABLE,NOT_AVAILABLE,NOT_AVAILABLE,NOT_AVAILABLE,NOT_AVAILABLE,NOT_AVAILABLE
97,ionq_aria,QFT,30,BQSKit,NOT_AVAILABLE,NOT_AVAILABLE,NOT_AVAILABLE,NOT_AVAILABLE,NOT_AVAILABLE,NOT_AVAILABLE
97,ionq_aria,QFT,30,BQSKit,NOT_AVAILABLE,NOT_AVAILABLE,NOT_AVAILABLE,NOT_AVAILABLE,NOT_AVAILABLE,NOT_AVAILABLE
97,ionq_aria,QFT,30,BQSKit,NOT_AVAILABLE,NOT_AVAILABLE,NOT_AVAILABLE,NOT_AVAILABLE,NOT_AVAILABLE,NOT_AVAILABLE
97,ionq_aria,QFT,30,BQSKit,NOT_AVAILABLE,NOT_AVAILABLE,NOT_AVAILABLE,NOT_AVAILABLE,NOT_AVAILABLE,NOT_AVAILABLE
97,ionq_aria,QFT,30,BQSKit,NOT_AVAILABLE,NOT_AVAILABLE,NOT_AVAILABLE,NOT_AVAILABLE,NOT_AVAILABLE,NOT_AVAILABLE
97,ionq_aria,QFT,30,BQSKit,NOT_AVAILABLE,NOT_AVAILABLE,NOT_AVAILABLE,NOT_AVAILABLE,NOT_AVAILABLE,NOT_AVAILABLE
97,ionq_aria,QFT,30,BQSKit,NOT_AVAILABLE,NOT_AVAILABLE,NOT_AVAILABLE,NOT_AVAILABLE,NOT_AVAILABLE,NOT_AVAILABLE
97,ionq_aria,QFT,30,BQSKit,NOT_AVAILABLE,NOT_AVAILABLE,NOT_AVAILABLE,NOT_AVAILABLE,NOT_AVAILABLE,NOT_AVAILABLE
97,ionq_aria,QFT,30,BQSKit,NOT_AVAILABLE,NOT_AVAILABLE,NOT_AVAILABLE,NOT_AVAILABLE,NOT_AVAILABLE,NOT_AVAILABLE
97,ionq_aria,QFT,30,BQSKit,NOT_AVAILABLE,NOT_AVAILABLE,NOT_AVAILABLE,NOT_AVAILABLE,NOT_AVAILABLE,NOT_AVAILABLE
97,ionq_aria,QFT,30,BQSKit,NOT_AVAILABLE,NOT_AVAILABLE,NOT_AVAILABLE,NOT_AVAILABLE,NOT_AVAILABLE,NOT_AVAILABLE
97,ionq_aria,QFT,30,BQSKit,NOT_AVAILABLE,NOT_AVAILABLE,NOT_AVAILABLE,NOT_AVAILABLE,NOT_AVAILABLE,NOT_AVAILABLE
97,ionq_aria,QFT,30,BQSKit,NOT_AVAILABLE,NOT_AVAILABLE,NOT_AVAILABLE,NOT_AVAILABLE,NOT_AVAILABLE,NOT_AVAILABLE
97,ionq_aria,QFT,30,BQSKit,NOT_AVAILABLE,NOT_AVAILABLE,NOT_AVAILABLE,NOT_AVAILABLE,NOT_AVAILABLE,NOT_AVAILABLE
97,ionq_aria,QFT,30,BQSKit,NOT_AVAILABLE,NOT_AVAILABLE,NOT_AVAILABLE,NOT_AVAILABLE,NOT_AVAILABLE,NOT_AVAILABLE
97,ionq_aria,QFT,30,BQSKit,NOT_AVAILABLE,NOT_AVAILABLE,NOT_AVAILABLE,NOT_AVAILABLE,NOT_AVAILABLE,NOT_AVAILABLE
97,ionq_aria,QFT,30,BQSKit,NOT_AVAILABLE,NOT_AVAILABLE,NOT_AVAILABLE,NOT_AVAILABLE,NOT_AVAILABLE,NOT_AVAILABLE
97,ionq_aria,QFT,30,BQSKit,NOT_AVAILABLE,NOT_AVAILABLE,NOT_AVAILABLE,NOT_AVAILABLE,NOT_AVAILABLE,NOT_AVAILABLE
97,ionq_aria,QFT,30,BQSKit,NOT_AVAILABLE,NOT_AVAILABLE,NOT_AVAILABLE,NOT_AVAILABLE,NOT_AVAILABLE,NOT_AVAILABLE
97,ionq_aria,QFT,30,BQSKit,NOT_AVAILABLE,NOT_AVAILABLE,NOT_AVAILABLE,NOT_AVAILABLE,NOT_AVAILABLE,NOT_AVAILABLE
97,ionq_aria,QFT,30,BQSKit,NOT_AVAILABLE,NOT_AVAILABLE,NOT_AVAILABLE,NOT_AVAILABLE,NOT_AVAILABLE,NOT_AVAILABLE
97,ionq_aria,QFT,30,BQSKit,NOT_AVAILABLE,NOT_AVAILABLE,NOT_AVAILABLE,NOT_AVAILABLE,NOT_AVAILABLE,NOT_AVAILABLE
97,ionq_aria,QFT,30,BQSKit,NOT_AVAILABLE,NOT_AVAILABLE,NOT_AVAILABLE,NOT_AVAILABLE,NOT_AVAILABLE,NOT_AVAILABLE
97,ionq_aria,QFT,30,BQSKit,NOT_AVAILABLE,NOT_AVAILABLE,NOT_AVAILABLE,NOT_AVAILABLE,NOT_AVAILABLE,NOT_AVAILABLE
97,ionq_aria,QFT,30,BQSKit,NOT_AVAILABLE,NOT_AVAILABLE,NOT_AVAILABLE,NOT_AVAILABLE,NOT_AVAILABLE,NOT_AVAILABLE
97,ionq_aria,QFT,30,BQSKit,NOT_AVAILABLE,NOT_AVAILABLE,NOT_AVAILABLE,NOT_AVAILABLE,NOT_AVAILABLE,NOT_AVAILABLE
97,ionq_aria,QFT,30,BQSKit,NOT_AVAILABLE,NOT_AVAILABLE,NOT_AVAILABLE,NOT_AVAILABLE,NOT_AVAILABLE,NOT_AVAILABLE
97,ionq_aria,QFT,30,BQSKit,NOT_AVAILABLE,NOT_AVAILABLE,NOT_AVAILABLE,NOT_AVAILABLE,NOT_AVAILABLE,NOT_AVAILABLE
97,ionq_aria,QFT,30,BQSKit,NOT_AVAILABLE,NOT_AVAILABLE,NOT_AVAILABLE,NOT_AVAILABLE,NOT_AVAILABLE,NOT_AVAILABLE
97,ionq_aria,QFT,30,BQSKit,NOT_AVAILABLE,NOT_AVAILABLE,NOT_AVAILABLE,NOT_AVAILABLE,NOT_AVAILABLE,NOT_AVAILABLE
97,ionq_aria,QFT,30,BQSKit,NOT_AVAILABLE,NOT_AVAILABLE,NOT_AVAILABLE,NOT_AVAILABLE,NOT_AVAILABLE,NOT_AVAILABLE
97,ionq_aria,QFT,30,BQSKit,NOT_AVAILABLE,NOT_AVAILABLE,NOT_AVAILABLE,NOT_AVAILABLE,NOT_AVAILABLE,NOT_AVAILABLE
97,ionq_aria,QFT,30,BQSKit,NOT_AVAILABLE,NOT_AVAILABLE,NOT_AVAILABLE,NOT_AVAILABLE,NOT_AVAILABLE,NOT_AVAILABLE
97,ionq_aria,QFT,30,BQSKit,NOT_AVAILABLE,NOT_AVAILABLE,NOT_AVAILABLE,NOT_AVAILABLE,NOT_AVAILABLE,NOT_AVAILABLE
97,ionq_aria,QFT,30,BQSKit,NOT_AVAILABLE,NOT_AVAILABLE,NOT_AVAILABLE,NOT_AVAILABLE,NOT_AVAILABLE,NOT_AVAILABLE
97,ionq_aria,QFT,30,BQSKit,NOT_AVAILABLE,NOT_AVAILABLE,NOT_AVAILABLE,NOT_AVAILABLE,NOT_AVAILABLE,NOT_AVAILABLE
97,ionq_aria,QFT,30,BQSKit,NOT_AVAILABLE,NOT_AVAILABLE,NOT_AVAILABLE,NOT_AVAILABLE,NOT_AVAILABLE,NOT_AVAILABLE
97,ionq_aria,QFT,30,BQSKit,NOT_AVAILABLE,NOT_AVAILABLE,NOT_AVAILABLE,NOT_AVAILABLE,NOT_AVAILABLE,NOT_AVAILABLE
97,ionq_aria,QFT,30,BQSKit,NOT_AVAILABLE,NOT_AVAILABLE,NOT_AVAILABLE,NOT_AVAILABLE,NOT_AVAILABLE,NOT_AVAILABLE
97,ionq_aria,QFT,30,BQSKit,NOT_AVAILABLE,NOT_AVAILABLE,NOT_AVAILABLE,NOT_AVAILABLE,NOT_AVAILABLE,NOT_AVAILABLE
97,ionq_aria,QFT,30,BQSKit,NOT_AVAILABLE,NOT_AVAILABLE,NOT_AVAILABLE,NOT_AVAILABLE,NOT_AVAILABLE,NOT_AVAILABLE
97,ionq_aria,QFT,30,BQSKit,NOT_AVAILABLE,NOT_AVAILABLE,NOT_AVAILABLE,NOT_AVAILABLE,NOT_AVAILABLE,NOT_AVAILABLE
97,ionq_aria,QFT,30,BQSKit,NOT_AVAILABLE,NOT_AVAILABLE,NOT_AVAILABLE,NOT_AVAILABLE,NOT_AVAILABLE,NOT_AVAILABLE
97,ionq_aria,QFT,30,BQSKit,NOT_AVAILABLE,NOT_AVAILABLE,NOT_AVAILABLE,NOT_AVAILABLE,NOT_AVAILABLE,NOT_AVAILABLE
97,ionq_aria,QFT,30,BQSKit,NOT_AVAILABLE,NOT_AVAILABLE,NOT_AVAILABLE,NOT_AVAILABLE,NOT_AVAILABLE,NOT_AVAILABLE
98,ionq_aria,VQE,30,BQSKit,NOT_AVAILABLE,NOT_AVAILABLE,NOT_AVAILABLE,NOT_AVAILABLE,NOT_AVAILABLE,NOT_AVAILABLE
98,ionq_aria,VQE,30,BQSKit,NOT_AVAILABLE,NOT_AVAILABLE,NOT_AVAILABLE,NOT_AVAILABLE,NOT_AVAILABLE,NOT_AVAILABLE
98,ionq_aria,VQE,30,BQSKit,NOT_AVAILABLE,NOT_AVAILABLE,NOT_AVAILABLE,NOT_AVAILABLE,NOT_AVAILABLE,NOT_AVAILABLE
98,ionq_aria,VQE,30,BQSKit,NOT_AVAILABLE,NOT_AVAILABLE,NOT_AVAILABLE,NOT_AVAILABLE,NOT_AVAILABLE,NOT_AVAILABLE
98,ionq_aria,VQE,30,BQSKit,NOT_AVAILABLE,NOT_AVAILABLE,NOT_AVAILABLE,NOT_AVAILABLE,NOT_AVAILABLE,NOT_AVAILABLE
98,ionq_aria,VQE,30,BQSKit,NOT_AVAILABLE,NOT_AVAILABLE,NOT_AVAILABLE,NOT_AVAILABLE,NOT_AVAILABLE,NOT_AVAILABLE
98,ionq_aria,VQE,30,BQSKit,NOT_AVAILABLE,NOT_AVAILABLE,NOT_AVAILABLE,NOT_AVAILABLE,NOT_AVAILABLE,NOT_AVAILABLE
98,ionq_aria,VQE,30,BQSKit,NOT_AVAILABLE,NOT_AVAILABLE,NOT_AVAILABLE,NOT_AVAILABLE,NOT_AVAILABLE,NOT_AVAILABLE
98,ionq_aria,VQE,30,BQSKit,NOT_AVAILABLE,NOT_AVAILABLE,NOT_AVAILABLE,NOT_AVAILABLE,NOT_AVAILABLE,NOT_AVAILABLE
98,ionq_aria,VQE,30,BQSKit,NOT_AVAILABLE,NOT_AVAILABLE,NOT_AVAILABLE,NOT_AVAILABLE,NOT_AVAILABLE,NOT_AVAILABLE
98,ionq_aria,VQE,30,BQSKit,NOT_AVAILABLE,NOT_AVAILABLE,NOT_AVAILABLE,NOT_AVAILABLE,NOT_AVAILABLE,NOT_AVAILABLE
98,ionq_aria,VQE,30,BQSKit,NOT_AVAILABLE,NOT_AVAILABLE,NOT_AVAILABLE,NOT_AVAILABLE,NOT_AVAILABLE,NOT_AVAILABLE
98,ionq_aria,VQE,30,BQSKit,NOT_AVAILABLE,NOT_AVAILABLE,NOT_AVAILABLE,NOT_AVAILABLE,NOT_AVAILABLE,NOT_AVAILABLE
98,ionq_aria,VQE,30,BQSKit,NOT_AVAILABLE,NOT_AVAILABLE,NOT_AVAILABLE,NOT_AVAILABLE,NOT_AVAILABLE,NOT_AVAILABLE
98,ionq_aria,VQE,30,BQSKit,NOT_AVAILABLE,NOT_AVAILABLE,NOT_AVAILABLE,NOT_AVAILABLE,NOT_AVAILABLE,NOT_AVAILABLE
98,ionq_aria,VQE,30,BQSKit,NOT_AVAILABLE,NOT_AVAILABLE,NOT_AVAILABLE,NOT_AVAILABLE,NOT_AVAILABLE,NOT_AVAILABLE
98,ionq_aria,VQE,30,BQSKit,NOT_AVAILABLE,NOT_AVAILABLE,NOT_AVAILABLE,NOT_AVAILABLE,NOT_AVAILABLE,NOT_AVAILABLE
98,ionq_aria,VQE,30,BQSKit,NOT_AVAILABLE,NOT_AVAILABLE,NOT_AVAILABLE,NOT_AVAILABLE,NOT_AVAILABLE,NOT_AVAILABLE
98,ionq_aria,VQE,30,BQSKit,NOT_AVAILABLE,NOT_AVAILABLE,NOT_AVAILABLE,NOT_AVAILABLE,NOT_AVAILABLE,NOT_AVAILABLE
98,ionq_aria,VQE,30,BQSKit,NOT_AVAILABLE,NOT_AVAILABLE,NOT_AVAILABLE,NOT_AVAILABLE,NOT_AVAILABLE,NOT_AVAILABLE
98,ionq_aria,VQE,30,BQSKit,NOT_AVAILABLE,NOT_AVAILABLE,NOT_AVAILABLE,NOT_AVAILABLE,NOT_AVAILABLE,NOT_AVAILABLE
98,ionq_aria,VQE,30,BQSKit,NOT_AVAILABLE,NOT_AVAILABLE,NOT_AVAILABLE,NOT_AVAILABLE,NOT_AVAILABLE,NOT_AVAILABLE
98,ionq_aria,VQE,30,BQSKit,NOT_AVAILABLE,NOT_AVAILABLE,NOT_AVAILABLE,NOT_AVAILABLE,NOT_AVAILABLE,NOT_AVAILABLE
98,ionq_aria,VQE,30,BQSKit,NOT_AVAILABLE,NOT_AVAILABLE,NOT_AVAILABLE,NOT_AVAILABLE,NOT_AVAILABLE,NOT_AVAILABLE
98,ionq_aria,VQE,30,BQSKit,NOT_AVAILABLE,NOT_AVAILABLE,NOT_AVAILABLE,NOT_AVAILABLE,NOT_AVAILABLE,NOT_AVAILABLE
98,ionq_aria,VQE,30,BQSKit,NOT_AVAILABLE,NOT_AVAILABLE,NOT_AVAILABLE,NOT_AVAILABLE,NOT_AVAILABLE,NOT_AVAILABLE
98,ionq_aria,VQE,30,BQSKit,NOT_AVAILABLE,NOT_AVAILABLE,NOT_AVAILABLE,NOT_AVAILABLE,NOT_AVAILABLE,NOT_AVAILABLE
98,ionq_aria,VQE,30,BQSKit,NOT_AVAILABLE,NOT_AVAILABLE,NOT_AVAILABLE,NOT_AVAILABLE,NOT_AVAILABLE,NOT_AVAILABLE
98,ionq_aria,VQE,30,BQSKit,NOT_AVAILABLE,NOT_AVAILABLE,NOT_AVAILABLE,NOT_AVAILABLE,NOT_AVAILABLE,NOT_AVAILABLE
98,ionq_aria,VQE,30,BQSKit,NOT_AVAILABLE,NOT_AVAILABLE,NOT_AVAILABLE,NOT_AVAILABLE,NOT_AVAILABLE,NOT_AVAILABLE
98,ionq_aria,VQE,30,BQSKit,NOT_AVAILABLE,NOT_AVAILABLE,NOT_AVAILABLE,NOT_AVAILABLE,NOT_AVAILABLE,NOT_AVAILABLE
98,ionq_aria,VQE,30,BQSKit,NOT_AVAILABLE,NOT_AVAILABLE,NOT_AVAILABLE,NOT_AVAILABLE,NOT_AVAILABLE,NOT_AVAILABLE
98,ionq_aria,VQE,30,BQSKit,NOT_AVAILABLE,NOT_AVAILABLE,NOT_AVAILABLE,NOT_AVAILABLE,NOT_AVAILABLE,NOT_AVAILABLE
98,ionq_aria,VQE,30,BQSKit,NOT_AVAILABLE,NOT_AVAILABLE,NOT_AVAILABLE,NOT_AVAILABLE,NOT_AVAILABLE,NOT_AVAILABLE
98,ionq_aria,VQE,30,BQSKit,NOT_AVAILABLE,NOT_AVAILABLE,NOT_AVAILABLE,NOT_AVAILABLE,NOT_AVAILABLE,NOT_AVAILABLE
98,ionq_aria,VQE,30,BQSKit,NOT_AVAILABLE,NOT_AVAILABLE,NOT_AVAILABLE,NOT_AVAILABLE,NOT_AVAILABLE,NOT_AVAILABLE
98,ionq_aria,VQE,30,BQSKit,NOT_AVAILABLE,NOT_AVAILABLE,NOT_AVAILABLE,NOT_AVAILABLE,NOT_AVAILABLE,NOT_AVAILABLE
98,ionq_aria,VQE,30,BQSKit,NOT_AVAILABLE,NOT_AVAILABLE,NOT_AVAILABLE,NOT_AVAILABLE,NOT_AVAILABLE,NOT_AVAILABLE
98,ionq_aria,VQE,30,BQSKit,NOT_AVAILABLE,NOT_AVAILABLE,NOT_AVAILABLE,NOT_AVAILABLE,NOT_AVAILABLE,NOT_AVAILABLE
98,ionq_aria,VQE,30,BQSKit,NOT_AVAILABLE,NOT_AVAILABLE,NOT_AVAILABLE,NOT_AVAILABLE,NOT_AVAILABLE,NOT_AVAILABLE
98,ionq_aria,VQE,30,BQSKit,NOT_AVAILABLE,NOT_AVAILABLE,NOT_AVAILABLE,NOT_AVAILABLE,NOT_AVAILABLE,NOT_AVAILABLE
98,ionq_aria,VQE,30,BQSKit,NOT_AVAILABLE,NOT_AVAILABLE,NOT_AVAILABLE,NOT_AVAILABLE,NOT_AVAILABLE,NOT_AVAILABLE
98,ionq_aria,VQE,30,BQSKit,NOT_AVAILABLE,NOT_AVAILABLE,NOT_AVAILABLE,NOT_AVAILABLE,NOT_AVAILABLE,NOT_AVAILABLE
98,ionq_aria,VQE,30,BQSKit,NOT_AVAILABLE,NOT_AVAILABLE,NOT_AVAILABLE,NOT_AVAILABLE,NOT_AVAILABLE,NOT_AVAILABLE
98,ionq_aria,VQE,30,BQSKit,NOT_AVAILABLE,NOT_AVAILABLE,NOT_AVAILABLE,NOT_AVAILABLE,NOT_AVAILABLE,NOT_AVAILABLE
98,ionq_aria,VQE,30,BQSKit,NOT_AVAILABLE,NOT_AVAILABLE,NOT_AVAILABLE,NOT_AVAILABLE,NOT_AVAILABLE,NOT_AVAILABLE
98,ionq_aria,VQE,30,BQSKit,NOT_AVAILABLE,NOT_AVAILABLE,NOT_AVAILABLE,NOT_AVAILABLE,NOT_AVAILABLE,NOT_AVAILABLE
98,ionq_aria,VQE,30,BQSKit,NOT_AVAILABLE,NOT_AVAILABLE,NOT_AVAILABLE,NOT_AVAILABLE,NOT_AVAILABLE,NOT_AVAILABLE
98,ionq_aria,VQE,30,BQSKit,NOT_AVAILABLE,NOT_AVAILABLE,NOT_AVAILABLE,NOT_AVAILABLE,NOT_AVAILABLE,NOT_AVAILABLE
98,ionq_aria,VQE,30,BQSKit,NOT_AVAILABLE,NOT_AVAILABLE,NOT_AVAILABLE,NOT_AVAILABLE,NOT_AVAILABLE,NOT_AVAILABLE
98,ionq_aria,VQE,30,BQSKit,NOT_AVAILABLE,NOT_AVAILABLE,NOT_AVAILABLE,NOT_AVAILABLE,NOT_AVAILABLE,NOT_AVAILABLE
98,ionq_aria,VQE,30,BQSKit,NOT_AVAILABLE,NOT_AVAILABLE,NOT_AVAILABLE,NOT_AVAILABLE,NOT_AVAILABLE,NOT_AVAILABLE
98,ionq_aria,VQE,30,BQSKit,NOT_AVAILABLE,NOT_AVAILABLE,NOT_AVAILABLE,NOT_AVAILABLE,NOT_AVAILABLE,NOT_AVAILABLE
98,ionq_aria,VQE,30,BQSKit,NOT_AVAILABLE,NOT_AVAILABLE,NOT_AVAILABLE,NOT_AVAILABLE,NOT_AVAILABLE,NOT_AVAILABLE
98,ionq_aria,VQE,30,BQSKit,NOT_AVAILABLE,NOT_AVAILABLE,NOT_AVAILABLE,NOT_AVAILABLE,NOT_AVAILABLE,NOT_AVAILABLE
98,ionq_aria,VQE,30,BQSKit,NOT_AVAILABLE,NOT_AVAILABLE,NOT_AVAILABLE,NOT_AVAILABLE,NOT_AVAILABLE,NOT_AVAILABLE
98,ionq_aria,VQE,30,BQSKit,NOT_AVAILABLE,NOT_AVAILABLE,NOT_AVAILABLE,NOT_AVAILABLE,NOT_AVAILABLE,NOT_AVAILABLE
98,ionq_aria,VQE,30,BQSKit,NOT_AVAILABLE,NOT_AVAILABLE,NOT_AVAILABLE,NOT_AVAILABLE,NOT_AVAILABLE,NOT_AVAILABLE
98,ionq_aria,VQE,30,BQSKit,NOT_AVAILABLE,NOT_AVAILABLE,NOT_AVAILABLE,NOT_AVAILABLE,NOT_AVAILABLE,NOT_AVAILABLE
98,ionq_aria,VQE,30,BQSKit,NOT_AVAILABLE,NOT_AVAILABLE,NOT_AVAILABLE,NOT_AVAILABLE,NOT_AVAILABLE,NOT_AVAILABLE
99,ionq_aria,QAOA,30,BQSKit,NOT_AVAILABLE,NOT_AVAILABLE,NOT_AVAILABLE,NOT_AVAILABLE,NOT_AVAILABLE,NOT_AVAILABLE
99,ionq_aria,QAOA,30,BQSKit,NOT_AVAILABLE,NOT_AVAILABLE,NOT_AVAILABLE,NOT_AVAILABLE,NOT_AVAILABLE,NOT_AVAILABLE
99,ionq_aria,QAOA,30,BQSKit,NOT_AVAILABLE,NOT_AVAILABLE,NOT_AVAILABLE,NOT_AVAILABLE,NOT_AVAILABLE,NOT_AVAILABLE
99,ionq_aria,QAOA,30,BQSKit,NOT_AVAILABLE,NOT_AVAILABLE,NOT_AVAILABLE,NOT_AVAILABLE,NOT_AVAILABLE,NOT_AVAILABLE
99,ionq_aria,QAOA,30,BQSKit,NOT_AVAILABLE,NOT_AVAILABLE,NOT_AVAILABLE,NOT_AVAILABLE,NOT_AVAILABLE,NOT_AVAILABLE
99,ionq_aria,QAOA,30,BQSKit,NOT_AVAILABLE,NOT_AVAILABLE,NOT_AVAILABLE,NOT_AVAILABLE,NOT_AVAILABLE,NOT_AVAILABLE
99,ionq_aria,QAOA,30,BQSKit,NOT_AVAILABLE,NOT_AVAILABLE,NOT_AVAILABLE,NOT_AVAILABLE,NOT_AVAILABLE,NOT_AVAILABLE
99,ionq_aria,QAOA,30,BQSKit,NOT_AVAILABLE,NOT_AVAILABLE,NOT_AVAILABLE,NOT_AVAILABLE,NOT_AVAILABLE,NOT_AVAILABLE
99,ionq_aria,QAOA,30,BQSKit,NOT_AVAILABLE,NOT_AVAILABLE,NOT_AVAILABLE,NOT_AVAILABLE,NOT_AVAILABLE,NOT_AVAILABLE
99,ionq_aria,QAOA,30,BQSKit,NOT_AVAILABLE,NOT_AVAILABLE,NOT_AVAILABLE,NOT_AVAILABLE,NOT_AVAILABLE,NOT_AVAILABLE
99,ionq_aria,QAOA,30,BQSKit,NOT_AVAILABLE,NOT_AVAILABLE,NOT_AVAILABLE,NOT_AVAILABLE,NOT_AVAILABLE,NOT_AVAILABLE
99,ionq_aria,QAOA,30,BQSKit,NOT_AVAILABLE,NOT_AVAILABLE,NOT_AVAILABLE,NOT_AVAILABLE,NOT_AVAILABLE,NOT_AVAILABLE
99,ionq_aria,QAOA,30,BQSKit,NOT_AVAILABLE,NOT_AVAILABLE,NOT_AVAILABLE,NOT_AVAILABLE,NOT_AVAILABLE,NOT_AVAILABLE
99,ionq_aria,QAOA,30,BQSKit,NOT_AVAILABLE,NOT_AVAILABLE,NOT_AVAILABLE,NOT_AVAILABLE,NOT_AVAILABLE,NOT_AVAILABLE
99,ionq_aria,QAOA,30,BQSKit,NOT_AVAILABLE,NOT_AVAILABLE,NOT_AVAILABLE,NOT_AVAILABLE,NOT_AVAILABLE,NOT_AVAILABLE
99,ionq_aria,QAOA,30,BQSKit,NOT_AVAILABLE,NOT_AVAILABLE,NOT_AVAILABLE,NOT_AVAILABLE,NOT_AVAILABLE,NOT_AVAILABLE
99,ionq_aria,QAOA,30,BQSKit,NOT_AVAILABLE,NOT_AVAILABLE,NOT_AVAILABLE,NOT_AVAILABLE,NOT_AVAILABLE,NOT_AVAILABLE
99,ionq_aria,QAOA,30,BQSKit,NOT_AVAILABLE,NOT_AVAILABLE,NOT_AVAILABLE,NOT_AVAILABLE,NOT_AVAILABLE,NOT_AVAILABLE
99,ionq_aria,QAOA,30,BQSKit,NOT_AVAILABLE,NOT_AVAILABLE,NOT_AVAILABLE,NOT_AVAILABLE,NOT_AVAILABLE,NOT_AVAILABLE
99,ionq_aria,QAOA,30,BQSKit,NOT_AVAILABLE,NOT_AVAILABLE,NOT_AVAILABLE,NOT_AVAILABLE,NOT_AVAILABLE,NOT_AVAILABLE
99,ionq_aria,QAOA,30,BQSKit,NOT_AVAILABLE,NOT_AVAILABLE,NOT_AVAILABLE,NOT_AVAILABLE,NOT_AVAILABLE,NOT_AVAILABLE
99,ionq_aria,QAOA,30,BQSKit,NOT_AVAILABLE,NOT_AVAILABLE,NOT_AVAILABLE,NOT_AVAILABLE,NOT_AVAILABLE,NOT_AVAILABLE
99,ionq_aria,QAOA,30,BQSKit,NOT_AVAILABLE,NOT_AVAILABLE,NOT_AVAILABLE,NOT_AVAILABLE,NOT_AVAILABLE,NOT_AVAILABLE
99,ionq_aria,QAOA,30,BQSKit,NOT_AVAILABLE,NOT_AVAILABLE,NOT_AVAILABLE,NOT_AVAILABLE,NOT_AVAILABLE,NOT_AVAILABLE
99,ionq_aria,QAOA,30,BQSKit,NOT_AVAILABLE,NOT_AVAILABLE,NOT_AVAILABLE,NOT_AVAILABLE,NOT_AVAILABLE,NOT_AVAILABLE
99,ionq_aria,QAOA,30,BQSKit,NOT_AVAILABLE,NOT_AVAILABLE,NOT_AVAILABLE,NOT_AVAILABLE,NOT_AVAILABLE,NOT_AVAILABLE
99,ionq_aria,QAOA,30,BQSKit,NOT_AVAILABLE,NOT_AVAILABLE,NOT_AVAILABLE,NOT_AVAILABLE,NOT_AVAILABLE,NOT_AVAILABLE
99,ionq_aria,QAOA,30,BQSKit,NOT_AVAILABLE,NOT_AVAILABLE,NOT_AVAILABLE,NOT_AVAILABLE,NOT_AVAILABLE,NOT_AVAILABLE
99,ionq_aria,QAOA,30,BQSKit,NOT_AVAILABLE,NOT_AVAILABLE,NOT_AVAILABLE,NOT_AVAILABLE,NOT_AVAILABLE,NOT_AVAILABLE
99,ionq_aria,QAOA,30,BQSKit,NOT_AVAILABLE,NOT_AVAILABLE,NOT_AVAILABLE,NOT_AVAILABLE,NOT_AVAILABLE,NOT_AVAILABLE
99,ionq_aria,QAOA,30,BQSKit,NOT_AVAILABLE,NOT_AVAILABLE,NOT_AVAILABLE,NOT_AVAILABLE,NOT_AVAILABLE,NOT_AVAILABLE
99,ionq_aria,QAOA,30,BQSKit,NOT_AVAILABLE,NOT_AVAILABLE,NOT_AVAILABLE,NOT_AVAILABLE,NOT_AVAILABLE,NOT_AVAILABLE
99,ionq_aria,QAOA,30,BQSKit,NOT_AVAILABLE,NOT_AVAILABLE,NOT_AVAILABLE,NOT_AVAILABLE,NOT_AVAILABLE,NOT_AVAILABLE
99,ionq_aria,QAOA,30,BQSKit,NOT_AVAILABLE,NOT_AVAILABLE,NOT_AVAILABLE,NOT_AVAILABLE,NOT_AVAILABLE,NOT_AVAILABLE
99,ionq_aria,QAOA,30,BQSKit,NOT_AVAILABLE,NOT_AVAILABLE,NOT_AVAILABLE,NOT_AVAILABLE,NOT_AVAILABLE,NOT_AVAILABLE
99,ionq_aria,QAOA,30,BQSKit,NOT_AVAILABLE,NOT_AVAILABLE,NOT_AVAILABLE,NOT_AVAILABLE,NOT_AVAILABLE,NOT_AVAILABLE
99,ionq_aria,QAOA,30,BQSKit,NOT_AVAILABLE,NOT_AVAILABLE,NOT_AVAILABLE,NOT_AVAILABLE,NOT_AVAILABLE,NOT_AVAILABLE
99,ionq_aria,QAOA,30,BQSKit,NOT_AVAILABLE,NOT_AVAILABLE,NOT_AVAILABLE,NOT_AVAILABLE,NOT_AVAILABLE,NOT_AVAILABLE
99,ionq_aria,QAOA,30,BQSKit,NOT_AVAILABLE,NOT_AVAILABLE,NOT_AVAILABLE,NOT_AVAILABLE,NOT_AVAILABLE,NOT_AVAILABLE
99,ionq_aria,QAOA,30,BQSKit,NOT_AVAILABLE,NOT_AVAILABLE,NOT_AVAILABLE,NOT_AVAILABLE,NOT_AVAILABLE,NOT_AVAILABLE
99,ionq_aria,QAOA,30,BQSKit,NOT_AVAILABLE,NOT_AVAILABLE,NOT_AVAILABLE,NOT_AVAILABLE,NOT_AVAILABLE,NOT_AVAILABLE
99,ionq_aria,QAOA,30,BQSKit,NOT_AVAILABLE,NOT_AVAILABLE,NOT_AVAILABLE,NOT_AVAILABLE,NOT_AVAILABLE,NOT_AVAILABLE
99,ionq_aria,QAOA,30,BQSKit,NOT_AVAILABLE,NOT_AVAILABLE,NOT_AVAILABLE,NOT_AVAILABLE,NOT_AVAILABLE,NOT_AVAILABLE
99,ionq_aria,QAOA,30,BQSKit,NOT_AVAILABLE,NOT_AVAILABLE,NOT_AVAILABLE,NOT_AVAILABLE,NOT_AVAILABLE,NOT_AVAILABLE
99,ionq_aria,QAOA,30,BQSKit,NOT_AVAILABLE,NOT_AVAILABLE,NOT_AVAILABLE,NOT_AVAILABLE,NOT_AVAILABLE,NOT_AVAILABLE
99,ionq_aria,QAOA,30,BQSKit,NOT_AVAILABLE,NOT_AVAILABLE,NOT_AVAILABLE,NOT_AVAILABLE,NOT_AVAILABLE,NOT_AVAILABLE
99,ionq_aria,QAOA,30,BQSKit,NOT_AVAILABLE,NOT_AVAILABLE,NOT_AVAILABLE,NOT_AVAILABLE,NOT_AVAILABLE,NOT_AVAILABLE
99,ionq_aria,QAOA,30,BQSKit,NOT_AVAILABLE,NOT_AVAILABLE,NOT_AVAILABLE,NOT_AVAILABLE,NOT_AVAILABLE,NOT_AVAILABLE
99,ionq_aria,QAOA,30,BQSKit,NOT_AVAILABLE,NOT_AVAILABLE,NOT_AVAILABLE,NOT_AVAILABLE,NOT_AVAILABLE,NOT_AVAILABLE
99,ionq_aria,QAOA,30,BQSKit,NOT_AVAILABLE,NOT_AVAILABLE,NOT_AVAILABLE,NOT_AVAILABLE,NOT_AVAILABLE,NOT_AVAILABLE
99,ionq_aria,QAOA,30,BQSKit,NOT_AVAILABLE,NOT_AVAILABLE,NOT_AVAILABLE,NOT_AVAILABLE,NOT_AVAILABLE,NOT_AVAILABLE
99,ionq_aria,QAOA,30,BQSKit,NOT_AVAILABLE,NOT_AVAILABLE,NOT_AVAILABLE,NOT_AVAILABLE,NOT_AVAILABLE,NOT_AVAILABLE
99,ionq_aria,QAOA,30,BQSKit,NOT_AVAILABLE,NOT_AVAILABLE,NOT_AVAILABLE,NOT_AVAILABLE,NOT_AVAILABLE,NOT_AVAILABLE
99,ionq_aria,QAOA,30,BQSKit,NOT_AVAILABLE,NOT_AVAILABLE,NOT_AVAILABLE,NOT_AVAILABLE,NOT_AVAILABLE,NOT_AVAILABLE
99,ionq_aria,QAOA,30,BQSKit,NOT_AVAILABLE,NOT_AVAILABLE,NOT_AVAILABLE,NOT_AVAILABLE,NOT_AVAILABLE,NOT_AVAILABLE
99,ionq_aria,QAOA,30,BQSKit,NOT_AVAILABLE,NOT_AVAILABLE,NOT_AVAILABLE,NOT_AVAILABLE,NOT_AVAILABLE,NOT_AVAILABLE
99,ionq_aria,QAOA,30,BQSKit,NOT_AVAILABLE,NOT_AVAILABLE,NOT_AVAILABLE,NOT_AVAILABLE,NOT_AVAILABLE,NOT_AVAILABLE
99,ionq_aria,QAOA,30,BQSKit,NOT_AVAILABLE,NOT_AVAILABLE,NOT_AVAILABLE,NOT_AVAILABLE,NOT_AVAILABLE,NOT_AVAILABLE
99,ionq_aria,QAOA,30,BQSKit,NOT_AVAILABLE,NOT_AVAILABLE,NOT_AVAILABLE,NOT_AVAILABLE,NOT_AVAILABLE,NOT_AVAILABLE
99,ionq_aria,QAOA,30,BQSKit,NOT_AVAILABLE,NOT_AVAILABLE,NOT_AVAILABLE,NOT_AVAILABLE,NOT_AVAILABLE,NOT_AVAILABLE
100,ionq_aria,QV,30,BQSKit,NOT_AVAILABLE,NOT_AVAILABLE,NOT_AVAILABLE,NOT_AVAILABLE,NOT_AVAILABLE,NOT_AVAILABLE
100,ionq_aria,QV,30,BQSKit,NOT_AVAILABLE,NOT_AVAILABLE,NOT_AVAILABLE,NOT_AVAILABLE,NOT_AVAILABLE,NOT_AVAILABLE
100,ionq_aria,QV,30,BQSKit,NOT_AVAILABLE,NOT_AVAILABLE,NOT_AVAILABLE,NOT_AVAILABLE,NOT_AVAILABLE,NOT_AVAILABLE
100,ionq_aria,QV,30,BQSKit,NOT_AVAILABLE,NOT_AVAILABLE,NOT_AVAILABLE,NOT_AVAILABLE,NOT_AVAILABLE,NOT_AVAILABLE
100,ionq_aria,QV,30,BQSKit,NOT_AVAILABLE,NOT_AVAILABLE,NOT_AVAILABLE,NOT_AVAILABLE,NOT_AVAILABLE,NOT_AVAILABLE
100,ionq_aria,QV,30,BQSKit,NOT_AVAILABLE,NOT_AVAILABLE,NOT_AVAILABLE,NOT_AVAILABLE,NOT_AVAILABLE,NOT_AVAILABLE
100,ionq_aria,QV,30,BQSKit,NOT_AVAILABLE,NOT_AVAILABLE,NOT_AVAILABLE,NOT_AVAILABLE,NOT_AVAILABLE,NOT_AVAILABLE
100,ionq_aria,QV,30,BQSKit,NOT_AVAILABLE,NOT_AVAILABLE,NOT_AVAILABLE,NOT_AVAILABLE,NOT_AVAILABLE,NOT_AVAILABLE
100,ionq_aria,QV,30,BQSKit,NOT_AVAILABLE,NOT_AVAILABLE,NOT_AVAILABLE,NOT_AVAILABLE,NOT_AVAILABLE,NOT_AVAILABLE
100,ionq_aria,QV,30,BQSKit,NOT_AVAILABLE,NOT_AVAILABLE,NOT_AVAILABLE,NOT_AVAILABLE,NOT_AVAILABLE,NOT_AVAILABLE
100,ionq_aria,QV,30,BQSKit,NOT_AVAILABLE,NOT_AVAILABLE,NOT_AVAILABLE,NOT_AVAILABLE,NOT_AVAILABLE,NOT_AVAILABLE
100,ionq_aria,QV,30,BQSKit,NOT_AVAILABLE,NOT_AVAILABLE,NOT_AVAILABLE,NOT_AVAILABLE,NOT_AVAILABLE,NOT_AVAILABLE
100,ionq_aria,QV,30,BQSKit,NOT_AVAILABLE,NOT_AVAILABLE,NOT_AVAILABLE,NOT_AVAILABLE,NOT_AVAILABLE,NOT_AVAILABLE
100,ionq_aria,QV,30,BQSKit,NOT_AVAILABLE,NOT_AVAILABLE,NOT_AVAILABLE,NOT_AVAILABLE,NOT_AVAILABLE,NOT_AVAILABLE
100,ionq_aria,QV,30,BQSKit,NOT_AVAILABLE,NOT_AVAILABLE,NOT_AVAILABLE,NOT_AVAILABLE,NOT_AVAILABLE,NOT_AVAILABLE
100,ionq_aria,QV,30,BQSKit,NOT_AVAILABLE,NOT_AVAILABLE,NOT_AVAILABLE,NOT_AVAILABLE,NOT_AVAILABLE,NOT_AVAILABLE
100,ionq_aria,QV,30,BQSKit,NOT_AVAILABLE,NOT_AVAILABLE,NOT_AVAILABLE,NOT_AVAILABLE,NOT_AVAILABLE,NOT_AVAILABLE
100,ionq_aria,QV,30,BQSKit,NOT_AVAILABLE,NOT_AVAILABLE,NOT_AVAILABLE,NOT_AVAILABLE,NOT_AVAILABLE,NOT_AVAILABLE
100,ionq_aria,QV,30,BQSKit,NOT_AVAILABLE,NOT_AVAILABLE,NOT_AVAILABLE,NOT_AVAILABLE,NOT_AVAILABLE,NOT_AVAILABLE
100,ionq_aria,QV,30,BQSKit,NOT_AVAILABLE,NOT_AVAILABLE,NOT_AVAILABLE,NOT_AVAILABLE,NOT_AVAILABLE,NOT_AVAILABLE
100,ionq_aria,QV,30,BQSKit,NOT_AVAILABLE,NOT_AVAILABLE,NOT_AVAILABLE,NOT_AVAILABLE,NOT_AVAILABLE,NOT_AVAILABLE
100,ionq_aria,QV,30,BQSKit,NOT_AVAILABLE,NOT_AVAILABLE,NOT_AVAILABLE,NOT_AVAILABLE,NOT_AVAILABLE,NOT_AVAILABLE
100,ionq_aria,QV,30,BQSKit,NOT_AVAILABLE,NOT_AVAILABLE,NOT_AVAILABLE,NOT_AVAILABLE,NOT_AVAILABLE,NOT_AVAILABLE
100,ionq_aria,QV,30,BQSKit,NOT_AVAILABLE,NOT_AVAILABLE,NOT_AVAILABLE,NOT_AVAILABLE,NOT_AVAILABLE,NOT_AVAILABLE
100,ionq_aria,QV,30,BQSKit,NOT_AVAILABLE,NOT_AVAILABLE,NOT_AVAILABLE,NOT_AVAILABLE,NOT_AVAILABLE,NOT_AVAILABLE
100,ionq_aria,QV,30,BQSKit,NOT_AVAILABLE,NOT_AVAILABLE,NOT_AVAILABLE,NOT_AVAILABLE,NOT_AVAILABLE,NOT_AVAILABLE
100,ionq_aria,QV,30,BQSKit,NOT_AVAILABLE,NOT_AVAILABLE,NOT_AVAILABLE,NOT_AVAILABLE,NOT_AVAILABLE,NOT_AVAILABLE
100,ionq_aria,QV,30,BQSKit,NOT_AVAILABLE,NOT_AVAILABLE,NOT_AVAILABLE,NOT_AVAILABLE,NOT_AVAILABLE,NOT_AVAILABLE
100,ionq_aria,QV,30,BQSKit,NOT_AVAILABLE,NOT_AVAILABLE,NOT_AVAILABLE,NOT_AVAILABLE,NOT_AVAILABLE,NOT_AVAILABLE
100,ionq_aria,QV,30,BQSKit,NOT_AVAILABLE,NOT_AVAILABLE,NOT_AVAILABLE,NOT_AVAILABLE,NOT_AVAILABLE,NOT_AVAILABLE
100,ionq_aria,QV,30,BQSKit,NOT_AVAILABLE,NOT_AVAILABLE,NOT_AVAILABLE,NOT_AVAILABLE,NOT_AVAILABLE,NOT_AVAILABLE
100,ionq_aria,QV,30,BQSKit,NOT_AVAILABLE,NOT_AVAILABLE,NOT_AVAILABLE,NOT_AVAILABLE,NOT_AVAILABLE,NOT_AVAILABLE
100,ionq_aria,QV,30,BQSKit,NOT_AVAILABLE,NOT_AVAILABLE,NOT_AVAILABLE,NOT_AVAILABLE,NOT_AVAILABLE,NOT_AVAILABLE
100,ionq_aria,QV,30,BQSKit,NOT_AVAILABLE,NOT_AVAILABLE,NOT_AVAILABLE,NOT_AVAILABLE,NOT_AVAILABLE,NOT_AVAILABLE
100,ionq_aria,QV,30,BQSKit,NOT_AVAILABLE,NOT_AVAILABLE,NOT_AVAILABLE,NOT_AVAILABLE,NOT_AVAILABLE,NOT_AVAILABLE
100,ionq_aria,QV,30,BQSKit,NOT_AVAILABLE,NOT_AVAILABLE,NOT_AVAILABLE,NOT_AVAILABLE,NOT_AVAILABLE,NOT_AVAILABLE
100,ionq_aria,QV,30,BQSKit,NOT_AVAILABLE,NOT_AVAILABLE,NOT_AVAILABLE,NOT_AVAILABLE,NOT_AVAILABLE,NOT_AVAILABLE
100,ionq_aria,QV,30,BQSKit,NOT_AVAILABLE,NOT_AVAILABLE,NOT_AVAILABLE,NOT_AVAILABLE,NOT_AVAILABLE,NOT_AVAILABLE
100,ionq_aria,QV,30,BQSKit,NOT_AVAILABLE,NOT_AVAILABLE,NOT_AVAILABLE,NOT_AVAILABLE,NOT_AVAILABLE,NOT_AVAILABLE
100,ionq_aria,QV,30,BQSKit,NOT_AVAILABLE,NOT_AVAILABLE,NOT_AVAILABLE,NOT_AVAILABLE,NOT_AVAILABLE,NOT_AVAILABLE
100,ionq_aria,QV,30,BQSKit,NOT_AVAILABLE,NOT_AVAILABLE,NOT_AVAILABLE,NOT_AVAILABLE,NOT_AVAILABLE,NOT_AVAILABLE
100,ionq_aria,QV,30,BQSKit,NOT_AVAILABLE,NOT_AVAILABLE,NOT_AVAILABLE,NOT_AVAILABLE,NOT_AVAILABLE,NOT_AVAILABLE
100,ionq_aria,QV,30,BQSKit,NOT_AVAILABLE,NOT_AVAILABLE,NOT_AVAILABLE,NOT_AVAILABLE,NOT_AVAILABLE,NOT_AVAILABLE
100,ionq_aria,QV,30,BQSKit,NOT_AVAILABLE,NOT_AVAILABLE,NOT_AVAILABLE,NOT_AVAILABLE,NOT_AVAILABLE,NOT_AVAILABLE
100,ionq_aria,QV,30,BQSKit,NOT_AVAILABLE,NOT_AVAILABLE,NOT_AVAILABLE,NOT_AVAILABLE,NOT_AVAILABLE,NOT_AVAILABLE
100,ionq_aria,QV,30,BQSKit,NOT_AVAILABLE,NOT_AVAILABLE,NOT_AVAILABLE,NOT_AVAILABLE,NOT_AVAILABLE,NOT_AVAILABLE
100,ionq_aria,QV,30,BQSKit,NOT_AVAILABLE,NOT_AVAILABLE,NOT_AVAILABLE,NOT_AVAILABLE,NOT_AVAILABLE,NOT_AVAILABLE
100,ionq_aria,QV,30,BQSKit,NOT_AVAILABLE,NOT_AVAILABLE,NOT_AVAILABLE,NOT_AVAILABLE,NOT_AVAILABLE,NOT_AVAILABLE
100,ionq_aria,QV,30,BQSKit,NOT_AVAILABLE,NOT_AVAILABLE,NOT_AVAILABLE,NOT_AVAILABLE,NOT_AVAILABLE,NOT_AVAILABLE
100,ionq_aria,QV,30,BQSKit,NOT_AVAILABLE,NOT_AVAILABLE,NOT_AVAILABLE,NOT_AVAILABLE,NOT_AVAILABLE,NOT_AVAILABLE
100,ionq_aria,QV,30,BQSKit,NOT_AVAILABLE,NOT_AVAILABLE,NOT_AVAILABLE,NOT_AVAILABLE,NOT_AVAILABLE,NOT_AVAILABLE
100,ionq_aria,QV,30,BQSKit,NOT_AVAILABLE,NOT_AVAILABLE,NOT_AVAILABLE,NOT_AVAILABLE,NOT_AVAILABLE,NOT_AVAILABLE
100,ionq_aria,QV,30,BQSKit,NOT_AVAILABLE,NOT_AVAILABLE,NOT_AVAILABLE,NOT_AVAILABLE,NOT_AVAILABLE,NOT_AVAILABLE
100,ionq_aria,QV,30,BQSKit,NOT_AVAILABLE,NOT_AVAILABLE,NOT_AVAILABLE,NOT_AVAILABLE,NOT_AVAILABLE,NOT_AVAILABLE
100,ionq_aria,QV,30,BQSKit,NOT_AVAILABLE,NOT_AVAILABLE,NOT_AVAILABLE,NOT_AVAILABLE,NOT_AVAILABLE,NOT_AVAILABLE
100,ionq_aria,QV,30,BQSKit,NOT_AVAILABLE,NOT_AVAILABLE,NOT_AVAILABLE,NOT_AVAILABLE,NOT_AVAILABLE,NOT_AVAILABLE
100,ionq_aria,QV,30,BQSKit,NOT_AVAILABLE,NOT_AVAILABLE,NOT_AVAILABLE,NOT_AVAILABLE,NOT_AVAILABLE,NOT_AVAILABLE
100,ionq_aria,QV,30,BQSKit,NOT_AVAILABLE,NOT_AVAILABLE,NOT_AVAILABLE,NOT_AVAILABLE,NOT_AVAILABLE,NOT_AVAILABLE
100,ionq_aria,QV,30,BQSKit,NOT_AVAILABLE,NOT_AVAILABLE,NOT_AVAILABLE,NOT_AVAILABLE,NOT_AVAILABLE,NOT_AVAILABLE
100,ionq_aria,QV,30,BQSKit,NOT_AVAILABLE,NOT_AVAILABLE,NOT_AVAILABLE,NOT_AVAILABLE,NOT_AVAILABLE,NOT_AVAILABLE
146,rigetti_aspen,GHZ,30,BQSKit,NOT_AVAILABLE,NOT_AVAILABLE,NOT_AVAILABLE,NOT_AVAILABLE,NOT_AVAILABLE,NOT_AVAILABLE
146,rigetti_aspen,GHZ,30,BQSKit,NOT_AVAILABLE,NOT_AVAILABLE,NOT_AVAILABLE,NOT_AVAILABLE,NOT_AVAILABLE,NOT_AVAILABLE
146,rigetti_aspen,GHZ,30,BQSKit,NOT_AVAILABLE,NOT_AVAILABLE,NOT_AVAILABLE,NOT_AVAILABLE,NOT_AVAILABLE,NOT_AVAILABLE
146,rigetti_aspen,GHZ,30,BQSKit,NOT_AVAILABLE,NOT_AVAILABLE,NOT_AVAILABLE,NOT_AVAILABLE,NOT_AVAILABLE,NOT_AVAILABLE
146,rigetti_aspen,GHZ,30,BQSKit,NOT_AVAILABLE,NOT_AVAILABLE,NOT_AVAILABLE,NOT_AVAILABLE,NOT_AVAILABLE,NOT_AVAILABLE
146,rigetti_aspen,GHZ,30,BQSKit,NOT_AVAILABLE,NOT_AVAILABLE,NOT_AVAILABLE,NOT_AVAILABLE,NOT_AVAILABLE,NOT_AVAILABLE
146,rigetti_aspen,GHZ,30,BQSKit,NOT_AVAILABLE,NOT_AVAILABLE,NOT_AVAILABLE,NOT_AVAILABLE,NOT_AVAILABLE,NOT_AVAILABLE
146,rigetti_aspen,GHZ,30,BQSKit,NOT_AVAILABLE,NOT_AVAILABLE,NOT_AVAILABLE,NOT_AVAILABLE,NOT_AVAILABLE,NOT_AVAILABLE
146,rigetti_aspen,GHZ,30,BQSKit,NOT_AVAILABLE,NOT_AVAILABLE,NOT_AVAILABLE,NOT_AVAILABLE,NOT_AVAILABLE,NOT_AVAILABLE
146,rigetti_aspen,GHZ,30,BQSKit,NOT_AVAILABLE,NOT_AVAILABLE,NOT_AVAILABLE,NOT_AVAILABLE,NOT_AVAILABLE,NOT_AVAILABLE
146,rigetti_aspen,GHZ,30,BQSKit,NOT_AVAILABLE,NOT_AVAILABLE,NOT_AVAILABLE,NOT_AVAILABLE,NOT_AVAILABLE,NOT_AVAILABLE
146,rigetti_aspen,GHZ,30,BQSKit,NOT_AVAILABLE,NOT_AVAILABLE,NOT_AVAILABLE,NOT_AVAILABLE,NOT_AVAILABLE,NOT_AVAILABLE
146,rigetti_aspen,GHZ,30,BQSKit,NOT_AVAILABLE,NOT_AVAILABLE,NOT_AVAILABLE,NOT_AVAILABLE,NOT_AVAILABLE,NOT_AVAILABLE
146,rigetti_aspen,GHZ,30,BQSKit,NOT_AVAILABLE,NOT_AVAILABLE,NOT_AVAILABLE,NOT_AVAILABLE,NOT_AVAILABLE,NOT_AVAILABLE
146,rigetti_aspen,GHZ,30,BQSKit,NOT_AVAILABLE,NOT_AVAILABLE,NOT_AVAILABLE,NOT_AVAILABLE,NOT_AVAILABLE,NOT_AVAILABLE
146,rigetti_aspen,GHZ,30,BQSKit,NOT_AVAILABLE,NOT_AVAILABLE,NOT_AVAILABLE,NOT_AVAILABLE,NOT_AVAILABLE,NOT_AVAILABLE
146,rigetti_aspen,GHZ,30,BQSKit,NOT_AVAILABLE,NOT_AVAILABLE,NOT_AVAILABLE,NOT_AVAILABLE,NOT_AVAILABLE,NOT_AVAILABLE
146,rigetti_aspen,GHZ,30,BQSKit,NOT_AVAILABLE,NOT_AVAILABLE,NOT_AVAILABLE,NOT_AVAILABLE,NOT_AVAILABLE,NOT_AVAILABLE
146,rigetti_aspen,GHZ,30,BQSKit,NOT_AVAILABLE,NOT_AVAILABLE,NOT_AVAILABLE,NOT_AVAILABLE,NOT_AVAILABLE,NOT_AVAILABLE
146,rigetti_aspen,GHZ,30,BQSKit,NOT_AVAILABLE,NOT_AVAILABLE,NOT_AVAILABLE,NOT_AVAILABLE,NOT_AVAILABLE,NOT_AVAILABLE
146,rigetti_aspen,GHZ,30,BQSKit,NOT_AVAILABLE,NOT_AVAILABLE,NOT_AVAILABLE,NOT_AVAILABLE,NOT_AVAILABLE,NOT_AVAILABLE
146,rigetti_aspen,GHZ,30,BQSKit,NOT_AVAILABLE,NOT_AVAILABLE,NOT_AVAILABLE,NOT_AVAILABLE,NOT_AVAILABLE,NOT_AVAILABLE
146,rigetti_aspen,GHZ,30,BQSKit,NOT_AVAILABLE,NOT_AVAILABLE,NOT_AVAILABLE,NOT_AVAILABLE,NOT_AVAILABLE,NOT_AVAILABLE
146,rigetti_aspen,GHZ,30,BQSKit,NOT_AVAILABLE,NOT_AVAILABLE,NOT_AVAILABLE,NOT_AVAILABLE,NOT_AVAILABLE,NOT_AVAILABLE
146,rigetti_aspen,GHZ,30,BQSKit,NOT_AVAILABLE,NOT_AVAILABLE,NOT_AVAILABLE,NOT_AVAILABLE,NOT_AVAILABLE,NOT_AVAILABLE
146,rigetti_aspen,GHZ,30,BQSKit,NOT_AVAILABLE,NOT_AVAILABLE,NOT_AVAILABLE,NOT_AVAILABLE,NOT_AVAILABLE,NOT_AVAILABLE
146,rigetti_aspen,GHZ,30,BQSKit,NOT_AVAILABLE,NOT_AVAILABLE,NOT_AVAILABLE,NOT_AVAILABLE,NOT_AVAILABLE,NOT_AVAILABLE
146,rigetti_aspen,GHZ,30,BQSKit,NOT_AVAILABLE,NOT_AVAILABLE,NOT_AVAILABLE,NOT_AVAILABLE,NOT_AVAILABLE,NOT_AVAILABLE
146,rigetti_aspen,GHZ,30,BQSKit,NOT_AVAILABLE,NOT_AVAILABLE,NOT_AVAILABLE,NOT_AVAILABLE,NOT_AVAILABLE,NOT_AVAILABLE
146,rigetti_aspen,GHZ,30,BQSKit,NOT_AVAILABLE,NOT_AVAILABLE,NOT_AVAILABLE,NOT_AVAILABLE,NOT_AVAILABLE,NOT_AVAILABLE
146,rigetti_aspen,GHZ,30,BQSKit,NOT_AVAILABLE,NOT_AVAILABLE,NOT_AVAILABLE,NOT_AVAILABLE,NOT_AVAILABLE,NOT_AVAILABLE
146,rigetti_aspen,GHZ,30,BQSKit,NOT_AVAILABLE,NOT_AVAILABLE,NOT_AVAILABLE,NOT_AVAILABLE,NOT_AVAILABLE,NOT_AVAILABLE
146,rigetti_aspen,GHZ,30,BQSKit,NOT_AVAILABLE,NOT_AVAILABLE,NOT_AVAILABLE,NOT_AVAILABLE,NOT_AVAILABLE,NOT_AVAILABLE
146,rigetti_aspen,GHZ,30,BQSKit,NOT_AVAILABLE,NOT_AVAILABLE,NOT_AVAILABLE,NOT_AVAILABLE,NOT_AVAILABLE,NOT_AVAILABLE
146,rigetti_aspen,GHZ,30,BQSKit,NOT_AVAILABLE,NOT_AVAILABLE,NOT_AVAILABLE,NOT_AVAILABLE,NOT_AVAILABLE,NOT_AVAILABLE
146,rigetti_aspen,GHZ,30,BQSKit,NOT_AVAILABLE,NOT_AVAILABLE,NOT_AVAILABLE,NOT_AVAILABLE,NOT_AVAILABLE,NOT_AVAILABLE
146,rigetti_aspen,GHZ,30,BQSKit,NOT_AVAILABLE,NOT_AVAILABLE,NOT_AVAILABLE,NOT_AVAILABLE,NOT_AVAILABLE,NOT_AVAILABLE
146,rigetti_aspen,GHZ,30,BQSKit,NOT_AVAILABLE,NOT_AVAILABLE,NOT_AVAILABLE,NOT_AVAILABLE,NOT_AVAILABLE,NOT_AVAILABLE
146,rigetti_aspen,GHZ,30,BQSKit,NOT_AVAILABLE,NOT_AVAILABLE,NOT_AVAILABLE,NOT_AVAILABLE,NOT_AVAILABLE,NOT_AVAILABLE
146,rigetti_aspen,GHZ,30,BQSKit,NOT_AVAILABLE,NOT_AVAILABLE,NOT_AVAILABLE,NOT_AVAILABLE,NOT_AVAILABLE,NOT_AVAILABLE
146,rigetti_aspen,GHZ,30,BQSKit,NOT_AVAILABLE,NOT_AVAILABLE,NOT_AVAILABLE,NOT_AVAILABLE,NOT_AVAILABLE,NOT_AVAILABLE
146,rigetti_aspen,GHZ,30,BQSKit,NOT_AVAILABLE,NOT_AVAILABLE,NOT_AVAILABLE,NOT_AVAILABLE,NOT_AVAILABLE,NOT_AVAILABLE
146,rigetti_aspen,GHZ,30,BQSKit,NOT_AVAILABLE,NOT_AVAILABLE,NOT_AVAILABLE,NOT_AVAILABLE,NOT_AVAILABLE,NOT_AVAILABLE
146,rigetti_aspen,GHZ,30,BQSKit,NOT_AVAILABLE,NOT_AVAILABLE,NOT_AVAILABLE,NOT_AVAILABLE,NOT_AVAILABLE,NOT_AVAILABLE
146,rigetti_aspen,GHZ,30,BQSKit,NOT_AVAILABLE,NOT_AVAILABLE,NOT_AVAILABLE,NOT_AVAILABLE,NOT_AVAILABLE,NOT_AVAILABLE
146,rigetti_aspen,GHZ,30,BQSKit,NOT_AVAILABLE,NOT_AVAILABLE,NOT_AVAILABLE,NOT_AVAILABLE,NOT_AVAILABLE,NOT_AVAILABLE
146,rigetti_aspen,GHZ,30,BQSKit,NOT_AVAILABLE,NOT_AVAILABLE,NOT_AVAILABLE,NOT_AVAILABLE,NOT_AVAILABLE,NOT_AVAILABLE
146,rigetti_aspen,GHZ,30,BQSKit,NOT_AVAILABLE,NOT_AVAILABLE,NOT_AVAILABLE,NOT_AVAILABLE,NOT_AVAILABLE,NOT_AVAILABLE
146,rigetti_aspen,GHZ,30,BQSKit,NOT_AVAILABLE,NOT_AVAILABLE,NOT_AVAILABLE,NOT_AVAILABLE,NOT_AVAILABLE,NOT_AVAILABLE
146,rigetti_aspen,GHZ,30,BQSKit,NOT_AVAILABLE,NOT_AVAILABLE,NOT_AVAILABLE,NOT_AVAILABLE,NOT_AVAILABLE,NOT_AVAILABLE
146,rigetti_aspen,GHZ,30,BQSKit,NOT_AVAILABLE,NOT_AVAILABLE,NOT_AVAILABLE,NOT_AVAILABLE,NOT_AVAILABLE,NOT_AVAILABLE
146,rigetti_aspen,GHZ,30,BQSKit,NOT_AVAILABLE,NOT_AVAILABLE,NOT_AVAILABLE,NOT_AVAILABLE,NOT_AVAILABLE,NOT_AVAILABLE
146,rigetti_aspen,GHZ,30,BQSKit,NOT_AVAILABLE,NOT_AVAILABLE,NOT_AVAILABLE,NOT_AVAILABLE,NOT_AVAILABLE,NOT_AVAILABLE
146,rigetti_aspen,GHZ,30,BQSKit,NOT_AVAILABLE,NOT_AVAILABLE,NOT_AVAILABLE,NOT_AVAILABLE,NOT_AVAILABLE,NOT_AVAILABLE
146,rigetti_aspen,GHZ,30,BQSKit,NOT_AVAILABLE,NOT_AVAILABLE,NOT_AVAILABLE,NOT_AVAILABLE,NOT_AVAILABLE,NOT_AVAILABLE
146,rigetti_aspen,GHZ,30,BQSKit,NOT_AVAILABLE,NOT_AVAILABLE,NOT_AVAILABLE,NOT_AVAILABLE,NOT_AVAILABLE,NOT_AVAILABLE
146,rigetti_aspen,GHZ,30,BQSKit,NOT_AVAILABLE,NOT_AVAILABLE,NOT_AVAILABLE,NOT_AVAILABLE,NOT_AVAILABLE,NOT_AVAILABLE
146,rigetti_aspen,GHZ,30,BQSKit,NOT_AVAILABLE,NOT_AVAILABLE,NOT_AVAILABLE,NOT_AVAILABLE,NOT_AVAILABLE,NOT_AVAILABLE
146,rigetti_aspen,GHZ,30,BQSKit,NOT_AVAILABLE,NOT_AVAILABLE,NOT_AVAILABLE,NOT_AVAILABLE,NOT_AVAILABLE,NOT_AVAILABLE
146,rigetti_aspen,GHZ,30,BQSKit,NOT_AVAILABLE,NOT_AVAILABLE,NOT_AVAILABLE,NOT_AVAILABLE,NOT_AVAILABLE,NOT_AVAILABLE
147,rigetti_aspen,QFT,30,BQSKit,NOT_AVAILABLE,NOT_AVAILABLE,NOT_AVAILABLE,NOT_AVAILABLE,NOT_AVAILABLE,NOT_AVAILABLE
147,rigetti_aspen,QFT,30,BQSKit,NOT_AVAILABLE,NOT_AVAILABLE,NOT_AVAILABLE,NOT_AVAILABLE,NOT_AVAILABLE,NOT_AVAILABLE
147,rigetti_aspen,QFT,30,BQSKit,NOT_AVAILABLE,NOT_AVAILABLE,NOT_AVAILABLE,NOT_AVAILABLE,NOT_AVAILABLE,NOT_AVAILABLE
147,rigetti_aspen,QFT,30,BQSKit,NOT_AVAILABLE,NOT_AVAILABLE,NOT_AVAILABLE,NOT_AVAILABLE,NOT_AVAILABLE,NOT_AVAILABLE
147,rigetti_aspen,QFT,30,BQSKit,NOT_AVAILABLE,NOT_AVAILABLE,NOT_AVAILABLE,NOT_AVAILABLE,NOT_AVAILABLE,NOT_AVAILABLE
147,rigetti_aspen,QFT,30,BQSKit,NOT_AVAILABLE,NOT_AVAILABLE,NOT_AVAILABLE,NOT_AVAILABLE,NOT_AVAILABLE,NOT_AVAILABLE
147,rigetti_aspen,QFT,30,BQSKit,NOT_AVAILABLE,NOT_AVAILABLE,NOT_AVAILABLE,NOT_AVAILABLE,NOT_AVAILABLE,NOT_AVAILABLE
147,rigetti_aspen,QFT,30,BQSKit,NOT_AVAILABLE,NOT_AVAILABLE,NOT_AVAILABLE,NOT_AVAILABLE,NOT_AVAILABLE,NOT_AVAILABLE
147,rigetti_aspen,QFT,30,BQSKit,NOT_AVAILABLE,NOT_AVAILABLE,NOT_AVAILABLE,NOT_AVAILABLE,NOT_AVAILABLE,NOT_AVAILABLE
147,rigetti_aspen,QFT,30,BQSKit,NOT_AVAILABLE,NOT_AVAILABLE,NOT_AVAILABLE,NOT_AVAILABLE,NOT_AVAILABLE,NOT_AVAILABLE
147,rigetti_aspen,QFT,30,BQSKit,NOT_AVAILABLE,NOT_AVAILABLE,NOT_AVAILABLE,NOT_AVAILABLE,NOT_AVAILABLE,NOT_AVAILABLE
147,rigetti_aspen,QFT,30,BQSKit,NOT_AVAILABLE,NOT_AVAILABLE,NOT_AVAILABLE,NOT_AVAILABLE,NOT_AVAILABLE,NOT_AVAILABLE
147,rigetti_aspen,QFT,30,BQSKit,NOT_AVAILABLE,NOT_AVAILABLE,NOT_AVAILABLE,NOT_AVAILABLE,NOT_AVAILABLE,NOT_AVAILABLE
147,rigetti_aspen,QFT,30,BQSKit,NOT_AVAILABLE,NOT_AVAILABLE,NOT_AVAILABLE,NOT_AVAILABLE,NOT_AVAILABLE,NOT_AVAILABLE
147,rigetti_aspen,QFT,30,BQSKit,NOT_AVAILABLE,NOT_AVAILABLE,NOT_AVAILABLE,NOT_AVAILABLE,NOT_AVAILABLE,NOT_AVAILABLE
147,rigetti_aspen,QFT,30,BQSKit,NOT_AVAILABLE,NOT_AVAILABLE,NOT_AVAILABLE,NOT_AVAILABLE,NOT_AVAILABLE,NOT_AVAILABLE
147,rigetti_aspen,QFT,30,BQSKit,NOT_AVAILABLE,NOT_AVAILABLE,NOT_AVAILABLE,NOT_AVAILABLE,NOT_AVAILABLE,NOT_AVAILABLE
147,rigetti_aspen,QFT,30,BQSKit,NOT_AVAILABLE,NOT_AVAILABLE,NOT_AVAILABLE,NOT_AVAILABLE,NOT_AVAILABLE,NOT_AVAILABLE
147,rigetti_aspen,QFT,30,BQSKit,NOT_AVAILABLE,NOT_AVAILABLE,NOT_AVAILABLE,NOT_AVAILABLE,NOT_AVAILABLE,NOT_AVAILABLE
147,rigetti_aspen,QFT,30,BQSKit,NOT_AVAILABLE,NOT_AVAILABLE,NOT_AVAILABLE,NOT_AVAILABLE,NOT_AVAILABLE,NOT_AVAILABLE
147,rigetti_aspen,QFT,30,BQSKit,NOT_AVAILABLE,NOT_AVAILABLE,NOT_AVAILABLE,NOT_AVAILABLE,NOT_AVAILABLE,NOT_AVAILABLE
147,rigetti_aspen,QFT,30,BQSKit,NOT_AVAILABLE,NOT_AVAILABLE,NOT_AVAILABLE,NOT_AVAILABLE,NOT_AVAILABLE,NOT_AVAILABLE
147,rigetti_aspen,QFT,30,BQSKit,NOT_AVAILABLE,NOT_AVAILABLE,NOT_AVAILABLE,NOT_AVAILABLE,NOT_AVAILABLE,NOT_AVAILABLE
147,rigetti_aspen,QFT,30,BQSKit,NOT_AVAILABLE,NOT_AVAILABLE,NOT_AVAILABLE,NOT_AVAILABLE,NOT_AVAILABLE,NOT_AVAILABLE
147,rigetti_aspen,QFT,30,BQSKit,NOT_AVAILABLE,NOT_AVAILABLE,NOT_AVAILABLE,NOT_AVAILABLE,NOT_AVAILABLE,NOT_AVAILABLE
147,rigetti_aspen,QFT,30,BQSKit,NOT_AVAILABLE,NOT_AVAILABLE,NOT_AVAILABLE,NOT_AVAILABLE,NOT_AVAILABLE,NOT_AVAILABLE
147,rigetti_aspen,QFT,30,BQSKit,NOT_AVAILABLE,NOT_AVAILABLE,NOT_AVAILABLE,NOT_AVAILABLE,NOT_AVAILABLE,NOT_AVAILABLE
147,rigetti_aspen,QFT,30,BQSKit,NOT_AVAILABLE,NOT_AVAILABLE,NOT_AVAILABLE,NOT_AVAILABLE,NOT_AVAILABLE,NOT_AVAILABLE
147,rigetti_aspen,QFT,30,BQSKit,NOT_AVAILABLE,NOT_AVAILABLE,NOT_AVAILABLE,NOT_AVAILABLE,NOT_AVAILABLE,NOT_AVAILABLE
147,rigetti_aspen,QFT,30,BQSKit,NOT_AVAILABLE,NOT_AVAILABLE,NOT_AVAILABLE,NOT_AVAILABLE,NOT_AVAILABLE,NOT_AVAILABLE
147,rigetti_aspen,QFT,30,BQSKit,NOT_AVAILABLE,NOT_AVAILABLE,NOT_AVAILABLE,NOT_AVAILABLE,NOT_AVAILABLE,NOT_AVAILABLE
147,rigetti_aspen,QFT,30,BQSKit,NOT_AVAILABLE,NOT_AVAILABLE,NOT_AVAILABLE,NOT_AVAILABLE,NOT_AVAILABLE,NOT_AVAILABLE
147,rigetti_aspen,QFT,30,BQSKit,NOT_AVAILABLE,NOT_AVAILABLE,NOT_AVAILABLE,NOT_AVAILABLE,NOT_AVAILABLE,NOT_AVAILABLE
147,rigetti_aspen,QFT,30,BQSKit,NOT_AVAILABLE,NOT_AVAILABLE,NOT_AVAILABLE,NOT_AVAILABLE,NOT_AVAILABLE,NOT_AVAILABLE
147,rigetti_aspen,QFT,30,BQSKit,NOT_AVAILABLE,NOT_AVAILABLE,NOT_AVAILABLE,NOT_AVAILABLE,NOT_AVAILABLE,NOT_AVAILABLE
147,rigetti_aspen,QFT,30,BQSKit,NOT_AVAILABLE,NOT_AVAILABLE,NOT_AVAILABLE,NOT_AVAILABLE,NOT_AVAILABLE,NOT_AVAILABLE
147,rigetti_aspen,QFT,30,BQSKit,NOT_AVAILABLE,NOT_AVAILABLE,NOT_AVAILABLE,NOT_AVAILABLE,NOT_AVAILABLE,NOT_AVAILABLE
147,rigetti_aspen,QFT,30,BQSKit,NOT_AVAILABLE,NOT_AVAILABLE,NOT_AVAILABLE,NOT_AVAILABLE,NOT_AVAILABLE,NOT_AVAILABLE
147,rigetti_aspen,QFT,30,BQSKit,NOT_AVAILABLE,NOT_AVAILABLE,NOT_AVAILABLE,NOT_AVAILABLE,NOT_AVAILABLE,NOT_AVAILABLE
147,rigetti_aspen,QFT,30,BQSKit,NOT_AVAILABLE,NOT_AVAILABLE,NOT_AVAILABLE,NOT_AVAILABLE,NOT_AVAILABLE,NOT_AVAILABLE
147,rigetti_aspen,QFT,30,BQSKit,NOT_AVAILABLE,NOT_AVAILABLE,NOT_AVAILABLE,NOT_AVAILABLE,NOT_AVAILABLE,NOT_AVAILABLE
147,rigetti_aspen,QFT,30,BQSKit,NOT_AVAILABLE,NOT_AVAILABLE,NOT_AVAILABLE,NOT_AVAILABLE,NOT_AVAILABLE,NOT_AVAILABLE
147,rigetti_aspen,QFT,30,BQSKit,NOT_AVAILABLE,NOT_AVAILABLE,NOT_AVAILABLE,NOT_AVAILABLE,NOT_AVAILABLE,NOT_AVAILABLE
147,rigetti_aspen,QFT,30,BQSKit,NOT_AVAILABLE,NOT_AVAILABLE,NOT_AVAILABLE,NOT_AVAILABLE,NOT_AVAILABLE,NOT_AVAILABLE
147,rigetti_aspen,QFT,30,BQSKit,NOT_AVAILABLE,NOT_AVAILABLE,NOT_AVAILABLE,NOT_AVAILABLE,NOT_AVAILABLE,NOT_AVAILABLE
147,rigetti_aspen,QFT,30,BQSKit,NOT_AVAILABLE,NOT_AVAILABLE,NOT_AVAILABLE,NOT_AVAILABLE,NOT_AVAILABLE,NOT_AVAILABLE
147,rigetti_aspen,QFT,30,BQSKit,NOT_AVAILABLE,NOT_AVAILABLE,NOT_AVAILABLE,NOT_AVAILABLE,NOT_AVAILABLE,NOT_AVAILABLE
147,rigetti_aspen,QFT,30,BQSKit,NOT_AVAILABLE,NOT_AVAILABLE,NOT_AVAILABLE,NOT_AVAILABLE,NOT_AVAILABLE,NOT_AVAILABLE
147,rigetti_aspen,QFT,30,BQSKit,NOT_AVAILABLE,NOT_AVAILABLE,NOT_AVAILABLE,NOT_AVAILABLE,NOT_AVAILABLE,NOT_AVAILABLE
147,rigetti_aspen,QFT,30,BQSKit,NOT_AVAILABLE,NOT_AVAILABLE,NOT_AVAILABLE,NOT_AVAILABLE,NOT_AVAILABLE,NOT_AVAILABLE
147,rigetti_aspen,QFT,30,BQSKit,NOT_AVAILABLE,NOT_AVAILABLE,NOT_AVAILABLE,NOT_AVAILABLE,NOT_AVAILABLE,NOT_AVAILABLE
147,rigetti_aspen,QFT,30,BQSKit,NOT_AVAILABLE,NOT_AVAILABLE,NOT_AVAILABLE,NOT_AVAILABLE,NOT_AVAILABLE,NOT_AVAILABLE
147,rigetti_aspen,QFT,30,BQSKit,NOT_AVAILABLE,NOT_AVAILABLE,NOT_AVAILABLE,NOT_AVAILABLE,NOT_AVAILABLE,NOT_AVAILABLE
147,rigetti_aspen,QFT,30,BQSKit,NOT_AVAILABLE,NOT_AVAILABLE,NOT_AVAILABLE,NOT_AVAILABLE,NOT_AVAILABLE,NOT_AVAILABLE
147,rigetti_aspen,QFT,30,BQSKit,NOT_AVAILABLE,NOT_AVAILABLE,NOT_AVAILABLE,NOT_AVAILABLE,NOT_AVAILABLE,NOT_AVAILABLE
147,rigetti_aspen,QFT,30,BQSKit,NOT_AVAILABLE,NOT_AVAILABLE,NOT_AVAILABLE,NOT_AVAILABLE,NOT_AVAILABLE,NOT_AVAILABLE
147,rigetti_aspen,QFT,30,BQSKit,NOT_AVAILABLE,NOT_AVAILABLE,NOT_AVAILABLE,NOT_AVAILABLE,NOT_AVAILABLE,NOT_AVAILABLE
147,rigetti_aspen,QFT,30,BQSKit,NOT_AVAILABLE,NOT_AVAILABLE,NOT_AVAILABLE,NOT_AVAILABLE,NOT_AVAILABLE,NOT_AVAILABLE
147,rigetti_aspen,QFT,30,BQSKit,NOT_AVAILABLE,NOT_AVAILABLE,NOT_AVAILABLE,NOT_AVAILABLE,NOT_AVAILABLE,NOT_AVAILABLE
147,rigetti_aspen,QFT,30,BQSKit,NOT_AVAILABLE,NOT_AVAILABLE,NOT_AVAILABLE,NOT_AVAILABLE,NOT_AVAILABLE,NOT_AVAILABLE
148,rigetti_aspen,VQE,30,BQSKit,NOT_AVAILABLE,NOT_AVAILABLE,NOT_AVAILABLE,NOT_AVAILABLE,NOT_AVAILABLE,NOT_AVAILABLE
148,rigetti_aspen,VQE,30,BQSKit,NOT_AVAILABLE,NOT_AVAILABLE,NOT_AVAILABLE,NOT_AVAILABLE,NOT_AVAILABLE,NOT_AVAILABLE
148,rigetti_aspen,VQE,30,BQSKit,NOT_AVAILABLE,NOT_AVAILABLE,NOT_AVAILABLE,NOT_AVAILABLE,NOT_AVAILABLE,NOT_AVAILABLE
148,rigetti_aspen,VQE,30,BQSKit,NOT_AVAILABLE,NOT_AVAILABLE,NOT_AVAILABLE,NOT_AVAILABLE,NOT_AVAILABLE,NOT_AVAILABLE
148,rigetti_aspen,VQE,30,BQSKit,NOT_AVAILABLE,NOT_AVAILABLE,NOT_AVAILABLE,NOT_AVAILABLE,NOT_AVAILABLE,NOT_AVAILABLE
148,rigetti_aspen,VQE,30,BQSKit,NOT_AVAILABLE,NOT_AVAILABLE,NOT_AVAILABLE,NOT_AVAILABLE,NOT_AVAILABLE,NOT_AVAILABLE
148,rigetti_aspen,VQE,30,BQSKit,NOT_AVAILABLE,NOT_AVAILABLE,NOT_AVAILABLE,NOT_AVAILABLE,NOT_AVAILABLE,NOT_AVAILABLE
148,rigetti_aspen,VQE,30,BQSKit,NOT_AVAILABLE,NOT_AVAILABLE,NOT_AVAILABLE,NOT_AVAILABLE,NOT_AVAILABLE,NOT_AVAILABLE
148,rigetti_aspen,VQE,30,BQSKit,NOT_AVAILABLE,NOT_AVAILABLE,NOT_AVAILABLE,NOT_AVAILABLE,NOT_AVAILABLE,NOT_AVAILABLE
148,rigetti_aspen,VQE,30,BQSKit,NOT_AVAILABLE,NOT_AVAILABLE,NOT_AVAILABLE,NOT_AVAILABLE,NOT_AVAILABLE,NOT_AVAILABLE
148,rigetti_aspen,VQE,30,BQSKit,NOT_AVAILABLE,NOT_AVAILABLE,NOT_AVAILABLE,NOT_AVAILABLE,NOT_AVAILABLE,NOT_AVAILABLE
148,rigetti_aspen,VQE,30,BQSKit,NOT_AVAILABLE,NOT_AVAILABLE,NOT_AVAILABLE,NOT_AVAILABLE,NOT_AVAILABLE,NOT_AVAILABLE
148,rigetti_aspen,VQE,30,BQSKit,NOT_AVAILABLE,NOT_AVAILABLE,NOT_AVAILABLE,NOT_AVAILABLE,NOT_AVAILABLE,NOT_AVAILABLE
148,rigetti_aspen,VQE,30,BQSKit,NOT_AVAILABLE,NOT_AVAILABLE,NOT_AVAILABLE,NOT_AVAILABLE,NOT_AVAILABLE,NOT_AVAILABLE
148,rigetti_aspen,VQE,30,BQSKit,NOT_AVAILABLE,NOT_AVAILABLE,NOT_AVAILABLE,NOT_AVAILABLE,NOT_AVAILABLE,NOT_AVAILABLE
148,rigetti_aspen,VQE,30,BQSKit,NOT_AVAILABLE,NOT_AVAILABLE,NOT_AVAILABLE,NOT_AVAILABLE,NOT_AVAILABLE,NOT_AVAILABLE
148,rigetti_aspen,VQE,30,BQSKit,NOT_AVAILABLE,NOT_AVAILABLE,NOT_AVAILABLE,NOT_AVAILABLE,NOT_AVAILABLE,NOT_AVAILABLE
148,rigetti_aspen,VQE,30,BQSKit,NOT_AVAILABLE,NOT_AVAILABLE,NOT_AVAILABLE,NOT_AVAILABLE,NOT_AVAILABLE,NOT_AVAILABLE
148,rigetti_aspen,VQE,30,BQSKit,NOT_AVAILABLE,NOT_AVAILABLE,NOT_AVAILABLE,NOT_AVAILABLE,NOT_AVAILABLE,NOT_AVAILABLE
148,rigetti_aspen,VQE,30,BQSKit,NOT_AVAILABLE,NOT_AVAILABLE,NOT_AVAILABLE,NOT_AVAILABLE,NOT_AVAILABLE,NOT_AVAILABLE
148,rigetti_aspen,VQE,30,BQSKit,NOT_AVAILABLE,NOT_AVAILABLE,NOT_AVAILABLE,NOT_AVAILABLE,NOT_AVAILABLE,NOT_AVAILABLE
148,rigetti_aspen,VQE,30,BQSKit,NOT_AVAILABLE,NOT_AVAILABLE,NOT_AVAILABLE,NOT_AVAILABLE,NOT_AVAILABLE,NOT_AVAILABLE
148,rigetti_aspen,VQE,30,BQSKit,NOT_AVAILABLE,NOT_AVAILABLE,NOT_AVAILABLE,NOT_AVAILABLE,NOT_AVAILABLE,NOT_AVAILABLE
148,rigetti_aspen,VQE,30,BQSKit,NOT_AVAILABLE,NOT_AVAILABLE,NOT_AVAILABLE,NOT_AVAILABLE,NOT_AVAILABLE,NOT_AVAILABLE
148,rigetti_aspen,VQE,30,BQSKit,NOT_AVAILABLE,NOT_AVAILABLE,NOT_AVAILABLE,NOT_AVAILABLE,NOT_AVAILABLE,NOT_AVAILABLE
148,rigetti_aspen,VQE,30,BQSKit,NOT_AVAILABLE,NOT_AVAILABLE,NOT_AVAILABLE,NOT_AVAILABLE,NOT_AVAILABLE,NOT_AVAILABLE
148,rigetti_aspen,VQE,30,BQSKit,NOT_AVAILABLE,NOT_AVAILABLE,NOT_AVAILABLE,NOT_AVAILABLE,NOT_AVAILABLE,NOT_AVAILABLE
148,rigetti_aspen,VQE,30,BQSKit,NOT_AVAILABLE,NOT_AVAILABLE,NOT_AVAILABLE,NOT_AVAILABLE,NOT_AVAILABLE,NOT_AVAILABLE
148,rigetti_aspen,VQE,30,BQSKit,NOT_AVAILABLE,NOT_AVAILABLE,NOT_AVAILABLE,NOT_AVAILABLE,NOT_AVAILABLE,NOT_AVAILABLE
148,rigetti_aspen,VQE,30,BQSKit,NOT_AVAILABLE,NOT_AVAILABLE,NOT_AVAILABLE,NOT_AVAILABLE,NOT_AVAILABLE,NOT_AVAILABLE
148,rigetti_aspen,VQE,30,BQSKit,NOT_AVAILABLE,NOT_AVAILABLE,NOT_AVAILABLE,NOT_AVAILABLE,NOT_AVAILABLE,NOT_AVAILABLE
148,rigetti_aspen,VQE,30,BQSKit,NOT_AVAILABLE,NOT_AVAILABLE,NOT_AVAILABLE,NOT_AVAILABLE,NOT_AVAILABLE,NOT_AVAILABLE
148,rigetti_aspen,VQE,30,BQSKit,NOT_AVAILABLE,NOT_AVAILABLE,NOT_AVAILABLE,NOT_AVAILABLE,NOT_AVAILABLE,NOT_AVAILABLE
148,rigetti_aspen,VQE,30,BQSKit,NOT_AVAILABLE,NOT_AVAILABLE,NOT_AVAILABLE,NOT_AVAILABLE,NOT_AVAILABLE,NOT_AVAILABLE
148,rigetti_aspen,VQE,30,BQSKit,NOT_AVAILABLE,NOT_AVAILABLE,NOT_AVAILABLE,NOT_AVAILABLE,NOT_AVAILABLE,NOT_AVAILABLE
148,rigetti_aspen,VQE,30,BQSKit,NOT_AVAILABLE,NOT_AVAILABLE,NOT_AVAILABLE,NOT_AVAILABLE,NOT_AVAILABLE,NOT_AVAILABLE
148,rigetti_aspen,VQE,30,BQSKit,NOT_AVAILABLE,NOT_AVAILABLE,NOT_AVAILABLE,NOT_AVAILABLE,NOT_AVAILABLE,NOT_AVAILABLE
148,rigetti_aspen,VQE,30,BQSKit,NOT_AVAILABLE,NOT_AVAILABLE,NOT_AVAILABLE,NOT_AVAILABLE,NOT_AVAILABLE,NOT_AVAILABLE
148,rigetti_aspen,VQE,30,BQSKit,NOT_AVAILABLE,NOT_AVAILABLE,NOT_AVAILABLE,NOT_AVAILABLE,NOT_AVAILABLE,NOT_AVAILABLE
148,rigetti_aspen,VQE,30,BQSKit,NOT_AVAILABLE,NOT_AVAILABLE,NOT_AVAILABLE,NOT_AVAILABLE,NOT_AVAILABLE,NOT_AVAILABLE
148,rigetti_aspen,VQE,30,BQSKit,NOT_AVAILABLE,NOT_AVAILABLE,NOT_AVAILABLE,NOT_AVAILABLE,NOT_AVAILABLE,NOT_AVAILABLE
148,rigetti_aspen,VQE,30,BQSKit,NOT_AVAILABLE,NOT_AVAILABLE,NOT_AVAILABLE,NOT_AVAILABLE,NOT_AVAILABLE,NOT_AVAILABLE
148,rigetti_aspen,VQE,30,BQSKit,NOT_AVAILABLE,NOT_AVAILABLE,NOT_AVAILABLE,NOT_AVAILABLE,NOT_AVAILABLE,NOT_AVAILABLE
148,rigetti_aspen,VQE,30,BQSKit,NOT_AVAILABLE,NOT_AVAILABLE,NOT_AVAILABLE,NOT_AVAILABLE,NOT_AVAILABLE,NOT_AVAILABLE
148,rigetti_aspen,VQE,30,BQSKit,NOT_AVAILABLE,NOT_AVAILABLE,NOT_AVAILABLE,NOT_AVAILABLE,NOT_AVAILABLE,NOT_AVAILABLE
148,rigetti_aspen,VQE,30,BQSKit,NOT_AVAILABLE,NOT_AVAILABLE,NOT_AVAILABLE,NOT_AVAILABLE,NOT_AVAILABLE,NOT_AVAILABLE
148,rigetti_aspen,VQE,30,BQSKit,NOT_AVAILABLE,NOT_AVAILABLE,NOT_AVAILABLE,NOT_AVAILABLE,NOT_AVAILABLE,NOT_AVAILABLE
148,rigetti_aspen,VQE,30,BQSKit,NOT_AVAILABLE,NOT_AVAILABLE,NOT_AVAILABLE,NOT_AVAILABLE,NOT_AVAILABLE,NOT_AVAILABLE
148,rigetti_aspen,VQE,30,BQSKit,NOT_AVAILABLE,NOT_AVAILABLE,NOT_AVAILABLE,NOT_AVAILABLE,NOT_AVAILABLE,NOT_AVAILABLE
148,rigetti_aspen,VQE,30,BQSKit,NOT_AVAILABLE,NOT_AVAILABLE,NOT_AVAILABLE,NOT_AVAILABLE,NOT_AVAILABLE,NOT_AVAILABLE
148,rigetti_aspen,VQE,30,BQSKit,NOT_AVAILABLE,NOT_AVAILABLE,NOT_AVAILABLE,NOT_AVAILABLE,NOT_AVAILABLE,NOT_AVAILABLE
148,rigetti_aspen,VQE,30,BQSKit,NOT_AVAILABLE,NOT_AVAILABLE,NOT_AVAILABLE,NOT_AVAILABLE,NOT_AVAILABLE,NOT_AVAILABLE
148,rigetti_aspen,VQE,30,BQSKit,NOT_AVAILABLE,NOT_AVAILABLE,NOT_AVAILABLE,NOT_AVAILABLE,NOT_AVAILABLE,NOT_AVAILABLE
148,rigetti_aspen,VQE,30,BQSKit,NOT_AVAILABLE,NOT_AVAILABLE,NOT_AVAILABLE,NOT_AVAILABLE,NOT_AVAILABLE,NOT_AVAILABLE
148,rigetti_aspen,VQE,30,BQSKit,NOT_AVAILABLE,NOT_AVAILABLE,NOT_AVAILABLE,NOT_AVAILABLE,NOT_AVAILABLE,NOT_AVAILABLE
148,rigetti_aspen,VQE,30,BQSKit,NOT_AVAILABLE,NOT_AVAILABLE,NOT_AVAILABLE,NOT_AVAILABLE,NOT_AVAILABLE,NOT_AVAILABLE
148,rigetti_aspen,VQE,30,BQSKit,NOT_AVAILABLE,NOT_AVAILABLE,NOT_AVAILABLE,NOT_AVAILABLE,NOT_AVAILABLE,NOT_AVAILABLE
148,rigetti_aspen,VQE,30,BQSKit,NOT_AVAILABLE,NOT_AVAILABLE,NOT_AVAILABLE,NOT_AVAILABLE,NOT_AVAILABLE,NOT_AVAILABLE
148,rigetti_aspen,VQE,30,BQSKit,NOT_AVAILABLE,NOT_AVAILABLE,NOT_AVAILABLE,NOT_AVAILABLE,NOT_AVAILABLE,NOT_AVAILABLE
148,rigetti_aspen,VQE,30,BQSKit,NOT_AVAILABLE,NOT_AVAILABLE,NOT_AVAILABLE,NOT_AVAILABLE,NOT_AVAILABLE,NOT_AVAILABLE
149,rigetti_aspen,QAOA,30,BQSKit,NOT_AVAILABLE,NOT_AVAILABLE,NOT_AVAILABLE,NOT_AVAILABLE,NOT_AVAILABLE,NOT_AVAILABLE
149,rigetti_aspen,QAOA,30,BQSKit,NOT_AVAILABLE,NOT_AVAILABLE,NOT_AVAILABLE,NOT_AVAILABLE,NOT_AVAILABLE,NOT_AVAILABLE
149,rigetti_aspen,QAOA,30,BQSKit,NOT_AVAILABLE,NOT_AVAILABLE,NOT_AVAILABLE,NOT_AVAILABLE,NOT_AVAILABLE,NOT_AVAILABLE
149,rigetti_aspen,QAOA,30,BQSKit,NOT_AVAILABLE,NOT_AVAILABLE,NOT_AVAILABLE,NOT_AVAILABLE,NOT_AVAILABLE,NOT_AVAILABLE
149,rigetti_aspen,QAOA,30,BQSKit,NOT_AVAILABLE,NOT_AVAILABLE,NOT_AVAILABLE,NOT_AVAILABLE,NOT_AVAILABLE,NOT_AVAILABLE
149,rigetti_aspen,QAOA,30,BQSKit,NOT_AVAILABLE,NOT_AVAILABLE,NOT_AVAILABLE,NOT_AVAILABLE,NOT_AVAILABLE,NOT_AVAILABLE
149,rigetti_aspen,QAOA,30,BQSKit,NOT_AVAILABLE,NOT_AVAILABLE,NOT_AVAILABLE,NOT_AVAILABLE,NOT_AVAILABLE,NOT_AVAILABLE
149,rigetti_aspen,QAOA,30,BQSKit,NOT_AVAILABLE,NOT_AVAILABLE,NOT_AVAILABLE,NOT_AVAILABLE,NOT_AVAILABLE,NOT_AVAILABLE
149,rigetti_aspen,QAOA,30,BQSKit,NOT_AVAILABLE,NOT_AVAILABLE,NOT_AVAILABLE,NOT_AVAILABLE,NOT_AVAILABLE,NOT_AVAILABLE
149,rigetti_aspen,QAOA,30,BQSKit,NOT_AVAILABLE,NOT_AVAILABLE,NOT_AVAILABLE,NOT_AVAILABLE,NOT_AVAILABLE,NOT_AVAILABLE
149,rigetti_aspen,QAOA,30,BQSKit,NOT_AVAILABLE,NOT_AVAILABLE,NOT_AVAILABLE,NOT_AVAILABLE,NOT_AVAILABLE,NOT_AVAILABLE
149,rigetti_aspen,QAOA,30,BQSKit,NOT_AVAILABLE,NOT_AVAILABLE,NOT_AVAILABLE,NOT_AVAILABLE,NOT_AVAILABLE,NOT_AVAILABLE
149,rigetti_aspen,QAOA,30,BQSKit,NOT_AVAILABLE,NOT_AVAILABLE,NOT_AVAILABLE,NOT_AVAILABLE,NOT_AVAILABLE,NOT_AVAILABLE
149,rigetti_aspen,QAOA,30,BQSKit,NOT_AVAILABLE,NOT_AVAILABLE,NOT_AVAILABLE,NOT_AVAILABLE,NOT_AVAILABLE,NOT_AVAILABLE
149,rigetti_aspen,QAOA,30,BQSKit,NOT_AVAILABLE,NOT_AVAILABLE,NOT_AVAILABLE,NOT_AVAILABLE,NOT_AVAILABLE,NOT_AVAILABLE
149,rigetti_aspen,QAOA,30,BQSKit,NOT_AVAILABLE,NOT_AVAILABLE,NOT_AVAILABLE,NOT_AVAILABLE,NOT_AVAILABLE,NOT_AVAILABLE
149,rigetti_aspen,QAOA,30,BQSKit,NOT_AVAILABLE,NOT_AVAILABLE,NOT_AVAILABLE,NOT_AVAILABLE,NOT_AVAILABLE,NOT_AVAILABLE
149,rigetti_aspen,QAOA,30,BQSKit,NOT_AVAILABLE,NOT_AVAILABLE,NOT_AVAILABLE,NOT_AVAILABLE,NOT_AVAILABLE,NOT_AVAILABLE
149,rigetti_aspen,QAOA,30,BQSKit,NOT_AVAILABLE,NOT_AVAILABLE,NOT_AVAILABLE,NOT_AVAILABLE,NOT_AVAILABLE,NOT_AVAILABLE
149,rigetti_aspen,QAOA,30,BQSKit,NOT_AVAILABLE,NOT_AVAILABLE,NOT_AVAILABLE,NOT_AVAILABLE,NOT_AVAILABLE,NOT_AVAILABLE
149,rigetti_aspen,QAOA,30,BQSKit,NOT_AVAILABLE,NOT_AVAILABLE,NOT_AVAILABLE,NOT_AVAILABLE,NOT_AVAILABLE,NOT_AVAILABLE
149,rigetti_aspen,QAOA,30,BQSKit,NOT_AVAILABLE,NOT_AVAILABLE,NOT_AVAILABLE,NOT_AVAILABLE,NOT_AVAILABLE,NOT_AVAILABLE
149,rigetti_aspen,QAOA,30,BQSKit,NOT_AVAILABLE,NOT_AVAILABLE,NOT_AVAILABLE,NOT_AVAILABLE,NOT_AVAILABLE,NOT_AVAILABLE
149,rigetti_aspen,QAOA,30,BQSKit,NOT_AVAILABLE,NOT_AVAILABLE,NOT_AVAILABLE,NOT_AVAILABLE,NOT_AVAILABLE,NOT_AVAILABLE
149,rigetti_aspen,QAOA,30,BQSKit,NOT_AVAILABLE,NOT_AVAILABLE,NOT_AVAILABLE,NOT_AVAILABLE,NOT_AVAILABLE,NOT_AVAILABLE
149,rigetti_aspen,QAOA,30,BQSKit,NOT_AVAILABLE,NOT_AVAILABLE,NOT_AVAILABLE,NOT_AVAILABLE,NOT_AVAILABLE,NOT_AVAILABLE
149,rigetti_aspen,QAOA,30,BQSKit,NOT_AVAILABLE,NOT_AVAILABLE,NOT_AVAILABLE,NOT_AVAILABLE,NOT_AVAILABLE,NOT_AVAILABLE
149,rigetti_aspen,QAOA,30,BQSKit,NOT_AVAILABLE,NOT_AVAILABLE,NOT_AVAILABLE,NOT_AVAILABLE,NOT_AVAILABLE,NOT_AVAILABLE
149,rigetti_aspen,QAOA,30,BQSKit,NOT_AVAILABLE,NOT_AVAILABLE,NOT_AVAILABLE,NOT_AVAILABLE,NOT_AVAILABLE,NOT_AVAILABLE
149,rigetti_aspen,QAOA,30,BQSKit,NOT_AVAILABLE,NOT_AVAILABLE,NOT_AVAILABLE,NOT_AVAILABLE,NOT_AVAILABLE,NOT_AVAILABLE
149,rigetti_aspen,QAOA,30,BQSKit,NOT_AVAILABLE,NOT_AVAILABLE,NOT_AVAILABLE,NOT_AVAILABLE,NOT_AVAILABLE,NOT_AVAILABLE
149,rigetti_aspen,QAOA,30,BQSKit,NOT_AVAILABLE,NOT_AVAILABLE,NOT_AVAILABLE,NOT_AVAILABLE,NOT_AVAILABLE,NOT_AVAILABLE
149,rigetti_aspen,QAOA,30,BQSKit,NOT_AVAILABLE,NOT_AVAILABLE,NOT_AVAILABLE,NOT_AVAILABLE,NOT_AVAILABLE,NOT_AVAILABLE
149,rigetti_aspen,QAOA,30,BQSKit,NOT_AVAILABLE,NOT_AVAILABLE,NOT_AVAILABLE,NOT_AVAILABLE,NOT_AVAILABLE,NOT_AVAILABLE
149,rigetti_aspen,QAOA,30,BQSKit,NOT_AVAILABLE,NOT_AVAILABLE,NOT_AVAILABLE,NOT_AVAILABLE,NOT_AVAILABLE,NOT_AVAILABLE
149,rigetti_aspen,QAOA,30,BQSKit,NOT_AVAILABLE,NOT_AVAILABLE,NOT_AVAILABLE,NOT_AVAILABLE,NOT_AVAILABLE,NOT_AVAILABLE
149,rigetti_aspen,QAOA,30,BQSKit,NOT_AVAILABLE,NOT_AVAILABLE,NOT_AVAILABLE,NOT_AVAILABLE,NOT_AVAILABLE,NOT_AVAILABLE
149,rigetti_aspen,QAOA,30,BQSKit,NOT_AVAILABLE,NOT_AVAILABLE,NOT_AVAILABLE,NOT_AVAILABLE,NOT_AVAILABLE,NOT_AVAILABLE
149,rigetti_aspen,QAOA,30,BQSKit,NOT_AVAILABLE,NOT_AVAILABLE,NOT_AVAILABLE,NOT_AVAILABLE,NOT_AVAILABLE,NOT_AVAILABLE
149,rigetti_aspen,QAOA,30,BQSKit,NOT_AVAILABLE,NOT_AVAILABLE,NOT_AVAILABLE,NOT_AVAILABLE,NOT_AVAILABLE,NOT_AVAILABLE
149,rigetti_aspen,QAOA,30,BQSKit,NOT_AVAILABLE,NOT_AVAILABLE,NOT_AVAILABLE,NOT_AVAILABLE,NOT_AVAILABLE,NOT_AVAILABLE
149,rigetti_aspen,QAOA,30,BQSKit,NOT_AVAILABLE,NOT_AVAILABLE,NOT_AVAILABLE,NOT_AVAILABLE,NOT_AVAILABLE,NOT_AVAILABLE
149,rigetti_aspen,QAOA,30,BQSKit,NOT_AVAILABLE,NOT_AVAILABLE,NOT_AVAILABLE,NOT_AVAILABLE,NOT_AVAILABLE,NOT_AVAILABLE
149,rigetti_aspen,QAOA,30,BQSKit,NOT_AVAILABLE,NOT_AVAILABLE,NOT_AVAILABLE,NOT_AVAILABLE,NOT_AVAILABLE,NOT_AVAILABLE
149,rigetti_aspen,QAOA,30,BQSKit,NOT_AVAILABLE,NOT_AVAILABLE,NOT_AVAILABLE,NOT_AVAILABLE,NOT_AVAILABLE,NOT_AVAILABLE
149,rigetti_aspen,QAOA,30,BQSKit,NOT_AVAILABLE,NOT_AVAILABLE,NOT_AVAILABLE,NOT_AVAILABLE,NOT_AVAILABLE,NOT_AVAILABLE
149,rigetti_aspen,QAOA,30,BQSKit,NOT_AVAILABLE,NOT_AVAILABLE,NOT_AVAILABLE,NOT_AVAILABLE,NOT_AVAILABLE,NOT_AVAILABLE
149,rigetti_aspen,QAOA,30,BQSKit,NOT_AVAILABLE,NOT_AVAILABLE,NOT_AVAILABLE,NOT_AVAILABLE,NOT_AVAILABLE,NOT_AVAILABLE
149,rigetti_aspen,QAOA,30,BQSKit,NOT_AVAILABLE,NOT_AVAILABLE,NOT_AVAILABLE,NOT_AVAILABLE,NOT_AVAILABLE,NOT_AVAILABLE
149,rigetti_aspen,QAOA,30,BQSKit,NOT_AVAILABLE,NOT_AVAILABLE,NOT_AVAILABLE,NOT_AVAILABLE,NOT_AVAILABLE,NOT_AVAILABLE
149,rigetti_aspen,QAOA,30,BQSKit,NOT_AVAILABLE,NOT_AVAILABLE,NOT_AVAILABLE,NOT_AVAILABLE,NOT_AVAILABLE,NOT_AVAILABLE
149,rigetti_aspen,QAOA,30,BQSKit,NOT_AVAILABLE,NOT_AVAILABLE,NOT_AVAILABLE,NOT_AVAILABLE,NOT_AVAILABLE,NOT_AVAILABLE
149,rigetti_aspen,QAOA,30,BQSKit,NOT_AVAILABLE,NOT_AVAILABLE,NOT_AVAILABLE,NOT_AVAILABLE,NOT_AVAILABLE,NOT_AVAILABLE
149,rigetti_aspen,QAOA,30,BQSKit,NOT_AVAILABLE,NOT_AVAILABLE,NOT_AVAILABLE,NOT_AVAILABLE,NOT_AVAILABLE,NOT_AVAILABLE
149,rigetti_aspen,QAOA,30,BQSKit,NOT_AVAILABLE,NOT_AVAILABLE,NOT_AVAILABLE,NOT_AVAILABLE,NOT_AVAILABLE,NOT_AVAILABLE
149,rigetti_aspen,QAOA,30,BQSKit,NOT_AVAILABLE,NOT_AVAILABLE,NOT_AVAILABLE,NOT_AVAILABLE,NOT_AVAILABLE,NOT_AVAILABLE
149,rigetti_aspen,QAOA,30,BQSKit,NOT_AVAILABLE,NOT_AVAILABLE,NOT_AVAILABLE,NOT_AVAILABLE,NOT_AVAILABLE,NOT_AVAILABLE
149,rigetti_aspen,QAOA,30,BQSKit,NOT_AVAILABLE,NOT_AVAILABLE,NOT_AVAILABLE,NOT_AVAILABLE,NOT_AVAILABLE,NOT_AVAILABLE
149,rigetti_aspen,QAOA,30,BQSKit,NOT_AVAILABLE,NOT_AVAILABLE,NOT_AVAILABLE,NOT_AVAILABLE,NOT_AVAILABLE,NOT_AVAILABLE
149,rigetti_aspen,QAOA,30,BQSKit,NOT_AVAILABLE,NOT_AVAILABLE,NOT_AVAILABLE,NOT_AVAILABLE,NOT_AVAILABLE,NOT_AVAILABLE
150,rigetti_aspen,QV,30,BQSKit,NOT_AVAILABLE,NOT_AVAILABLE,NOT_AVAILABLE,NOT_AVAILABLE,NOT_AVAILABLE,NOT_AVAILABLE
150,rigetti_aspen,QV,30,BQSKit,NOT_AVAILABLE,NOT_AVAILABLE,NOT_AVAILABLE,NOT_AVAILABLE,NOT_AVAILABLE,NOT_AVAILABLE
150,rigetti_aspen,QV,30,BQSKit,NOT_AVAILABLE,NOT_AVAILABLE,NOT_AVAILABLE,NOT_AVAILABLE,NOT_AVAILABLE,NOT_AVAILABLE
150,rigetti_aspen,QV,30,BQSKit,NOT_AVAILABLE,NOT_AVAILABLE,NOT_AVAILABLE,NOT_AVAILABLE,NOT_AVAILABLE,NOT_AVAILABLE
150,rigetti_aspen,QV,30,BQSKit,NOT_AVAILABLE,NOT_AVAILABLE,NOT_AVAILABLE,NOT_AVAILABLE,NOT_AVAILABLE,NOT_AVAILABLE
150,rigetti_aspen,QV,30,BQSKit,NOT_AVAILABLE,NOT_AVAILABLE,NOT_AVAILABLE,NOT_AVAILABLE,NOT_AVAILABLE,NOT_AVAILABLE
150,rigetti_aspen,QV,30,BQSKit,NOT_AVAILABLE,NOT_AVAILABLE,NOT_AVAILABLE,NOT_AVAILABLE,NOT_AVAILABLE,NOT_AVAILABLE
150,rigetti_aspen,QV,30,BQSKit,NOT_AVAILABLE,NOT_AVAILABLE,NOT_AVAILABLE,NOT_AVAILABLE,NOT_AVAILABLE,NOT_AVAILABLE
150,rigetti_aspen,QV,30,BQSKit,NOT_AVAILABLE,NOT_AVAILABLE,NOT_AVAILABLE,NOT_AVAILABLE,NOT_AVAILABLE,NOT_AVAILABLE
150,rigetti_aspen,QV,30,BQSKit,NOT_AVAILABLE,NOT_AVAILABLE,NOT_AVAILABLE,NOT_AVAILABLE,NOT_AVAILABLE,NOT_AVAILABLE
150,rigetti_aspen,QV,30,BQSKit,NOT_AVAILABLE,NOT_AVAILABLE,NOT_AVAILABLE,NOT_AVAILABLE,NOT_AVAILABLE,NOT_AVAILABLE
150,rigetti_aspen,QV,30,BQSKit,NOT_AVAILABLE,NOT_AVAILABLE,NOT_AVAILABLE,NOT_AVAILABLE,NOT_AVAILABLE,NOT_AVAILABLE
150,rigetti_aspen,QV,30,BQSKit,NOT_AVAILABLE,NOT_AVAILABLE,NOT_AVAILABLE,NOT_AVAILABLE,NOT_AVAILABLE,NOT_AVAILABLE
150,rigetti_aspen,QV,30,BQSKit,NOT_AVAILABLE,NOT_AVAILABLE,NOT_AVAILABLE,NOT_AVAILABLE,NOT_AVAILABLE,NOT_AVAILABLE
150,rigetti_aspen,QV,30,BQSKit,NOT_AVAILABLE,NOT_AVAILABLE,NOT_AVAILABLE,NOT_AVAILABLE,NOT_AVAILABLE,NOT_AVAILABLE
150,rigetti_aspen,QV,30,BQSKit,NOT_AVAILABLE,NOT_AVAILABLE,NOT_AVAILABLE,NOT_AVAILABLE,NOT_AVAILABLE,NOT_AVAILABLE
150,rigetti_aspen,QV,30,BQSKit,NOT_AVAILABLE,NOT_AVAILABLE,NOT_AVAILABLE,NOT_AVAILABLE,NOT_AVAILABLE,NOT_AVAILABLE
150,rigetti_aspen,QV,30,BQSKit,NOT_AVAILABLE,NOT_AVAILABLE,NOT_AVAILABLE,NOT_AVAILABLE,NOT_AVAILABLE,NOT_AVAILABLE
150,rigetti_aspen,QV,30,BQSKit,NOT_AVAILABLE,NOT_AVAILABLE,NOT_AVAILABLE,NOT_AVAILABLE,NOT_AVAILABLE,NOT_AVAILABLE
150,rigetti_aspen,QV,30,BQSKit,NOT_AVAILABLE,NOT_AVAILABLE,NOT_AVAILABLE,NOT_AVAILABLE,NOT_AVAILABLE,NOT_AVAILABLE
150,rigetti_aspen,QV,30,BQSKit,NOT_AVAILABLE,NOT_AVAILABLE,NOT_AVAILABLE,NOT_AVAILABLE,NOT_AVAILABLE,NOT_AVAILABLE
150,rigetti_aspen,QV,30,BQSKit,NOT_AVAILABLE,NOT_AVAILABLE,NOT_AVAILABLE,NOT_AVAILABLE,NOT_AVAILABLE,NOT_AVAILABLE
150,rigetti_aspen,QV,30,BQSKit,NOT_AVAILABLE,NOT_AVAILABLE,NOT_AVAILABLE,NOT_AVAILABLE,NOT_AVAILABLE,NOT_AVAILABLE
150,rigetti_aspen,QV,30,BQSKit,NOT_AVAILABLE,NOT_AVAILABLE,NOT_AVAILABLE,NOT_AVAILABLE,NOT_AVAILABLE,NOT_AVAILABLE
150,rigetti_aspen,QV,30,BQSKit,NOT_AVAILABLE,NOT_AVAILABLE,NOT_AVAILABLE,NOT_AVAILABLE,NOT_AVAILABLE,NOT_AVAILABLE
150,rigetti_aspen,QV,30,BQSKit,NOT_AVAILABLE,NOT_AVAILABLE,NOT_AVAILABLE,NOT_AVAILABLE,NOT_AVAILABLE,NOT_AVAILABLE
150,rigetti_aspen,QV,30,BQSKit,NOT_AVAILABLE,NOT_AVAILABLE,NOT_AVAILABLE,NOT_AVAILABLE,NOT_AVAILABLE,NOT_AVAILABLE
150,rigetti_aspen,QV,30,BQSKit,NOT_AVAILABLE,NOT_AVAILABLE,NOT_AVAILABLE,NOT_AVAILABLE,NOT_AVAILABLE,NOT_AVAILABLE
150,rigetti_aspen,QV,30,BQSKit,NOT_AVAILABLE,NOT_AVAILABLE,NOT_AVAILABLE,NOT_AVAILABLE,NOT_AVAILABLE,NOT_AVAILABLE
150,rigetti_aspen,QV,30,BQSKit,NOT_AVAILABLE,NOT_AVAILABLE,NOT_AVAILABLE,NOT_AVAILABLE,NOT_AVAILABLE,NOT_AVAILABLE
150,rigetti_aspen,QV,30,BQSKit,NOT_AVAILABLE,NOT_AVAILABLE,NOT_AVAILABLE,NOT_AVAILABLE,NOT_AVAILABLE,NOT_AVAILABLE
150,rigetti_aspen,QV,30,BQSKit,NOT_AVAILABLE,NOT_AVAILABLE,NOT_AVAILABLE,NOT_AVAILABLE,NOT_AVAILABLE,NOT_AVAILABLE
150,rigetti_aspen,QV,30,BQSKit,NOT_AVAILABLE,NOT_AVAILABLE,NOT_AVAILABLE,NOT_AVAILABLE,NOT_AVAILABLE,NOT_AVAILABLE
150,rigetti_aspen,QV,30,BQSKit,NOT_AVAILABLE,NOT_AVAILABLE,NOT_AVAILABLE,NOT_AVAILABLE,NOT_AVAILABLE,NOT_AVAILABLE
150,rigetti_aspen,QV,30,BQSKit,NOT_AVAILABLE,NOT_AVAILABLE,NOT_AVAILABLE,NOT_AVAILABLE,NOT_AVAILABLE,NOT_AVAILABLE
150,rigetti_aspen,QV,30,BQSKit,NOT_AVAILABLE,NOT_AVAILABLE,NOT_AVAILABLE,NOT_AVAILABLE,NOT_AVAILABLE,NOT_AVAILABLE
150,rigetti_aspen,QV,30,BQSKit,NOT_AVAILABLE,NOT_AVAILABLE,NOT_AVAILABLE,NOT_AVAILABLE,NOT_AVAILABLE,NOT_AVAILABLE
150,rigetti_aspen,QV,30,BQSKit,NOT_AVAILABLE,NOT_AVAILABLE,NOT_AVAILABLE,NOT_AVAILABLE,NOT_AVAILABLE,NOT_AVAILABLE
150,rigetti_aspen,QV,30,BQSKit,NOT_AVAILABLE,NOT_AVAILABLE,NOT_AVAILABLE,NOT_AVAILABLE,NOT_AVAILABLE,NOT_AVAILABLE
150,rigetti_aspen,QV,30,BQSKit,NOT_AVAILABLE,NOT_AVAILABLE,NOT_AVAILABLE,NOT_AVAILABLE,NOT_AVAILABLE,NOT_AVAILABLE
150,rigetti_aspen,QV,30,BQSKit,NOT_AVAILABLE,NOT_AVAILABLE,NOT_AVAILABLE,NOT_AVAILABLE,NOT_AVAILABLE,NOT_AVAILABLE
150,rigetti_aspen,QV,30,BQSKit,NOT_AVAILABLE,NOT_AVAILABLE,NOT_AVAILABLE,NOT_AVAILABLE,NOT_AVAILABLE,NOT_AVAILABLE
150,rigetti_aspen,QV,30,BQSKit,NOT_AVAILABLE,NOT_AVAILABLE,NOT_AVAILABLE,NOT_AVAILABLE,NOT_AVAILABLE,NOT_AVAILABLE
150,rigetti_aspen,QV,30,BQSKit,NOT_AVAILABLE,NOT_AVAILABLE,NOT_AVAILABLE,NOT_AVAILABLE,NOT_AVAILABLE,NOT_AVAILABLE
150,rigetti_aspen,QV,30,BQSKit,NOT_AVAILABLE,NOT_AVAILABLE,NOT_AVAILABLE,NOT_AVAILABLE,NOT_AVAILABLE,NOT_AVAILABLE
150,rigetti_aspen,QV,30,BQSKit,NOT_AVAILABLE,NOT_AVAILABLE,NOT_AVAILABLE,NOT_AVAILABLE,NOT_AVAILABLE,NOT_AVAILABLE
150,rigetti_aspen,QV,30,BQSKit,NOT_AVAILABLE,NOT_AVAILABLE,NOT_AVAILABLE,NOT_AVAILABLE,NOT_AVAILABLE,NOT_AVAILABLE
150,rigetti_aspen,QV,30,BQSKit,NOT_AVAILABLE,NOT_AVAILABLE,NOT_AVAILABLE,NOT_AVAILABLE,NOT_AVAILABLE,NOT_AVAILABLE
150,rigetti_aspen,QV,30,BQSKit,NOT_AVAILABLE,NOT_AVAILABLE,NOT_AVAILABLE,NOT_AVAILABLE,NOT_AVAILABLE,NOT_AVAILABLE
150,rigetti_aspen,QV,30,BQSKit,NOT_AVAILABLE,NOT_AVAILABLE,NOT_AVAILABLE,NOT_AVAILABLE,NOT_AVAILABLE,NOT_AVAILABLE
150,rigetti_aspen,QV,30,BQSKit,NOT_AVAILABLE,NOT_AVAILABLE,NOT_AVAILABLE,NOT_AVAILABLE,NOT_AVAILABLE,NOT_AVAILABLE
150,rigetti_aspen,QV,30,BQSKit,NOT_AVAILABLE,NOT_AVAILABLE,NOT_AVAILABLE,NOT_AVAILABLE,NOT_AVAILABLE,NOT_AVAILABLE
150,rigetti_aspen,QV,30,BQSKit,NOT_AVAILABLE,NOT_AVAILABLE,NOT_AVAILABLE,NOT_AVAILABLE,NOT_AVAILABLE,NOT_AVAILABLE
150,rigetti_aspen,QV,30,BQSKit,NOT_AVAILABLE,NOT_AVAILABLE,NOT_AVAILABLE,NOT_AVAILABLE,NOT_AVAILABLE,NOT_AVAILABLE
150,rigetti_aspen,QV,30,BQSKit,NOT_AVAILABLE,NOT_AVAILABLE,NOT_AVAILABLE,NOT_AVAILABLE,NOT_AVAILABLE,NOT_AVAILABLE
150,rigetti_aspen,QV,30,BQSKit,NOT_AVAILABLE,NOT_AVAILABLE,NOT_AVAILABLE,NOT_AVAILABLE,NOT_AVAILABLE,NOT_AVAILABLE
150,rigetti_aspen,QV,30,BQSKit,NOT_AVAILABLE,NOT_AVAILABLE,NOT_AVAILABLE,NOT_AVAILABLE,NOT_AVAILABLE,NOT_AVAILABLE
150,rigetti_aspen,QV,30,BQSKit,NOT_AVAILABLE,NOT_AVAILABLE,NOT_AVAILABLE,NOT_AVAILABLE,NOT_AVAILABLE,NOT_AVAILABLE
150,rigetti_aspen,QV,30,BQSKit,NOT_AVAILABLE,NOT_AVAILABLE,NOT_AVAILABLE,NOT_AVAILABLE,NOT_AVAILABLE,NOT_AVAILABLE
150,rigetti_aspen,QV,30,BQSKit,NOT_AVAILABLE,NOT_AVAILABLE,NOT_AVAILABLE,NOT_AVAILABLE,NOT_AVAILABLE,NOT_AVAILABLE
196,quantinuum_h1,GHZ,30,BQSKit,NOT_AVAILABLE,NOT_AVAILABLE,NOT_AVAILABLE,NOT_AVAILABLE,NOT_AVAILABLE,NOT_AVAILABLE
196,quantinuum_h1,GHZ,30,BQSKit,NOT_AVAILABLE,NOT_AVAILABLE,NOT_AVAILABLE,NOT_AVAILABLE,NOT_AVAILABLE,NOT_AVAILABLE
196,quantinuum_h1,GHZ,30,BQSKit,NOT_AVAILABLE,NOT_AVAILABLE,NOT_AVAILABLE,NOT_AVAILABLE,NOT_AVAILABLE,NOT_AVAILABLE
196,quantinuum_h1,GHZ,30,BQSKit,NOT_AVAILABLE,NOT_AVAILABLE,NOT_AVAILABLE,NOT_AVAILABLE,NOT_AVAILABLE,NOT_AVAILABLE
196,quantinuum_h1,GHZ,30,BQSKit,NOT_AVAILABLE,NOT_AVAILABLE,NOT_AVAILABLE,NOT_AVAILABLE,NOT_AVAILABLE,NOT_AVAILABLE
196,quantinuum_h1,GHZ,30,BQSKit,NOT_AVAILABLE,NOT_AVAILABLE,NOT_AVAILABLE,NOT_AVAILABLE,NOT_AVAILABLE,NOT_AVAILABLE
196,quantinuum_h1,GHZ,30,BQSKit,NOT_AVAILABLE,NOT_AVAILABLE,NOT_AVAILABLE,NOT_AVAILABLE,NOT_AVAILABLE,NOT_AVAILABLE
196,quantinuum_h1,GHZ,30,BQSKit,NOT_AVAILABLE,NOT_AVAILABLE,NOT_AVAILABLE,NOT_AVAILABLE,NOT_AVAILABLE,NOT_AVAILABLE
196,quantinuum_h1,GHZ,30,BQSKit,NOT_AVAILABLE,NOT_AVAILABLE,NOT_AVAILABLE,NOT_AVAILABLE,NOT_AVAILABLE,NOT_AVAILABLE
196,quantinuum_h1,GHZ,30,BQSKit,NOT_AVAILABLE,NOT_AVAILABLE,NOT_AVAILABLE,NOT_AVAILABLE,NOT_AVAILABLE,NOT_AVAILABLE
196,quantinuum_h1,GHZ,30,BQSKit,NOT_AVAILABLE,NOT_AVAILABLE,NOT_AVAILABLE,NOT_AVAILABLE,NOT_AVAILABLE,NOT_AVAILABLE
196,quantinuum_h1,GHZ,30,BQSKit,NOT_AVAILABLE,NOT_AVAILABLE,NOT_AVAILABLE,NOT_AVAILABLE,NOT_AVAILABLE,NOT_AVAILABLE
196,quantinuum_h1,GHZ,30,BQSKit,NOT_AVAILABLE,NOT_AVAILABLE,NOT_AVAILABLE,NOT_AVAILABLE,NOT_AVAILABLE,NOT_AVAILABLE
196,quantinuum_h1,GHZ,30,BQSKit,NOT_AVAILABLE,NOT_AVAILABLE,NOT_AVAILABLE,NOT_AVAILABLE,NOT_AVAILABLE,NOT_AVAILABLE
196,quantinuum_h1,GHZ,30,BQSKit,NOT_AVAILABLE,NOT_AVAILABLE,NOT_AVAILABLE,NOT_AVAILABLE,NOT_AVAILABLE,NOT_AVAILABLE
196,quantinuum_h1,GHZ,30,BQSKit,NOT_AVAILABLE,NOT_AVAILABLE,NOT_AVAILABLE,NOT_AVAILABLE,NOT_AVAILABLE,NOT_AVAILABLE
196,quantinuum_h1,GHZ,30,BQSKit,NOT_AVAILABLE,NOT_AVAILABLE,NOT_AVAILABLE,NOT_AVAILABLE,NOT_AVAILABLE,NOT_AVAILABLE
196,quantinuum_h1,GHZ,30,BQSKit,NOT_AVAILABLE,NOT_AVAILABLE,NOT_AVAILABLE,NOT_AVAILABLE,NOT_AVAILABLE,NOT_AVAILABLE
196,quantinuum_h1,GHZ,30,BQSKit,NOT_AVAILABLE,NOT_AVAILABLE,NOT_AVAILABLE,NOT_AVAILABLE,NOT_AVAILABLE,NOT_AVAILABLE
196,quantinuum_h1,GHZ,30,BQSKit,NOT_AVAILABLE,NOT_AVAILABLE,NOT_AVAILABLE,NOT_AVAILABLE,NOT_AVAILABLE,NOT_AVAILABLE
196,quantinuum_h1,GHZ,30,BQSKit,NOT_AVAILABLE,NOT_AVAILABLE,NOT_AVAILABLE,NOT_AVAILABLE,NOT_AVAILABLE,NOT_AVAILABLE
196,quantinuum_h1,GHZ,30,BQSKit,NOT_AVAILABLE,NOT_AVAILABLE,NOT_AVAILABLE,NOT_AVAILABLE,NOT_AVAILABLE,NOT_AVAILABLE
196,quantinuum_h1,GHZ,30,BQSKit,NOT_AVAILABLE,NOT_AVAILABLE,NOT_AVAILABLE,NOT_AVAILABLE,NOT_AVAILABLE,NOT_AVAILABLE
196,quantinuum_h1,GHZ,30,BQSKit,NOT_AVAILABLE,NOT_AVAILABLE,NOT_AVAILABLE,NOT_AVAILABLE,NOT_AVAILABLE,NOT_AVAILABLE
196,quantinuum_h1,GHZ,30,BQSKit,NOT_AVAILABLE,NOT_AVAILABLE,NOT_AVAILABLE,NOT_AVAILABLE,NOT_AVAILABLE,NOT_AVAILABLE
196,quantinuum_h1,GHZ,30,BQSKit,NOT_AVAILABLE,NOT_AVAILABLE,NOT_AVAILABLE,NOT_AVAILABLE,NOT_AVAILABLE,NOT_AVAILABLE
196,quantinuum_h1,GHZ,30,BQSKit,NOT_AVAILABLE,NOT_AVAILABLE,NOT_AVAILABLE,NOT_AVAILABLE,NOT_AVAILABLE,NOT_AVAILABLE
196,quantinuum_h1,GHZ,30,BQSKit,NOT_AVAILABLE,NOT_AVAILABLE,NOT_AVAILABLE,NOT_AVAILABLE,NOT_AVAILABLE,NOT_AVAILABLE
196,quantinuum_h1,GHZ,30,BQSKit,NOT_AVAILABLE,NOT_AVAILABLE,NOT_AVAILABLE,NOT_AVAILABLE,NOT_AVAILABLE,NOT_AVAILABLE
196,quantinuum_h1,GHZ,30,BQSKit,NOT_AVAILABLE,NOT_AVAILABLE,NOT_AVAILABLE,NOT_AVAILABLE,NOT_AVAILABLE,NOT_AVAILABLE
196,quantinuum_h1,GHZ,30,BQSKit,NOT_AVAILABLE,NOT_AVAILABLE,NOT_AVAILABLE,NOT_AVAILABLE,NOT_AVAILABLE,NOT_AVAILABLE
196,quantinuum_h1,GHZ,30,BQSKit,NOT_AVAILABLE,NOT_AVAILABLE,NOT_AVAILABLE,NOT_AVAILABLE,NOT_AVAILABLE,NOT_AVAILABLE
196,quantinuum_h1,GHZ,30,BQSKit,NOT_AVAILABLE,NOT_AVAILABLE,NOT_AVAILABLE,NOT_AVAILABLE,NOT_AVAILABLE,NOT_AVAILABLE
196,quantinuum_h1,GHZ,30,BQSKit,NOT_AVAILABLE,NOT_AVAILABLE,NOT_AVAILABLE,NOT_AVAILABLE,NOT_AVAILABLE,NOT_AVAILABLE
196,quantinuum_h1,GHZ,30,BQSKit,NOT_AVAILABLE,NOT_AVAILABLE,NOT_AVAILABLE,NOT_AVAILABLE,NOT_AVAILABLE,NOT_AVAILABLE
196,quantinuum_h1,GHZ,30,BQSKit,NOT_AVAILABLE,NOT_AVAILABLE,NOT_AVAILABLE,NOT_AVAILABLE,NOT_AVAILABLE,NOT_AVAILABLE
196,quantinuum_h1,GHZ,30,BQSKit,NOT_AVAILABLE,NOT_AVAILABLE,NOT_AVAILABLE,NOT_AVAILABLE,NOT_AVAILABLE,NOT_AVAILABLE
196,quantinuum_h1,GHZ,30,BQSKit,NOT_AVAILABLE,NOT_AVAILABLE,NOT_AVAILABLE,NOT_AVAILABLE,NOT_AVAILABLE,NOT_AVAILABLE
196,quantinuum_h1,GHZ,30,BQSKit,NOT_AVAILABLE,NOT_AVAILABLE,NOT_AVAILABLE,NOT_AVAILABLE,NOT_AVAILABLE,NOT_AVAILABLE
196,quantinuum_h1,GHZ,30,BQSKit,NOT_AVAILABLE,NOT_AVAILABLE,NOT_AVAILABLE,NOT_AVAILABLE,NOT_AVAILABLE,NOT_AVAILABLE
196,quantinuum_h1,GHZ,30,BQSKit,NOT_AVAILABLE,NOT_AVAILABLE,NOT_AVAILABLE,NOT_AVAILABLE,NOT_AVAILABLE,NOT_AVAILABLE
196,quantinuum_h1,GHZ,30,BQSKit,NOT_AVAILABLE,NOT_AVAILABLE,NOT_AVAILABLE,NOT_AVAILABLE,NOT_AVAILABLE,NOT_AVAILABLE
196,quantinuum_h1,GHZ,30,BQSKit,NOT_AVAILABLE,NOT_AVAILABLE,NOT_AVAILABLE,NOT_AVAILABLE,NOT_AVAILABLE,NOT_AVAILABLE
196,quantinuum_h1,GHZ,30,BQSKit,NOT_AVAILABLE,NOT_AVAILABLE,NOT_AVAILABLE,NOT_AVAILABLE,NOT_AVAILABLE,NOT_AVAILABLE
196,quantinuum_h1,GHZ,30,BQSKit,NOT_AVAILABLE,NOT_AVAILABLE,NOT_AVAILABLE,NOT_AVAILABLE,NOT_AVAILABLE,NOT_AVAILABLE
196,quantinuum_h1,GHZ,30,BQSKit,NOT_AVAILABLE,NOT_AVAILABLE,NOT_AVAILABLE,NOT_AVAILABLE,NOT_AVAILABLE,NOT_AVAILABLE
196,quantinuum_h1,GHZ,30,BQSKit,NOT_AVAILABLE,NOT_AVAILABLE,NOT_AVAILABLE,NOT_AVAILABLE,NOT_AVAILABLE,NOT_AVAILABLE
196,quantinuum_h1,GHZ,30,BQSKit,NOT_AVAILABLE,NOT_AVAILABLE,NOT_AVAILABLE,NOT_AVAILABLE,NOT_AVAILABLE,NOT_AVAILABLE
196,quantinuum_h1,GHZ,30,BQSKit,NOT_AVAILABLE,NOT_AVAILABLE,NOT_AVAILABLE,NOT_AVAILABLE,NOT_AVAILABLE,NOT_AVAILABLE
196,quantinuum_h1,GHZ,30,BQSKit,NOT_AVAILABLE,NOT_AVAILABLE,NOT_AVAILABLE,NOT_AVAILABLE,NOT_AVAILABLE,NOT_AVAILABLE
196,quantinuum_h1,GHZ,30,BQSKit,NOT_AVAILABLE,NOT_AVAILABLE,NOT_AVAILABLE,NOT_AVAILABLE,NOT_AVAILABLE,NOT_AVAILABLE
196,quantinuum_h1,GHZ,30,BQSKit,NOT_AVAILABLE,NOT_AVAILABLE,NOT_AVAILABLE,NOT_AVAILABLE,NOT_AVAILABLE,NOT_AVAILABLE
196,quantinuum_h1,GHZ,30,BQSKit,NOT_AVAILABLE,NOT_AVAILABLE,NOT_AVAILABLE,NOT_AVAILABLE,NOT_AVAILABLE,NOT_AVAILABLE
196,quantinuum_h1,GHZ,30,BQSKit,NOT_AVAILABLE,NOT_AVAILABLE,NOT_AVAILABLE,NOT_AVAILABLE,NOT_AVAILABLE,NOT_AVAILABLE
196,quantinuum_h1,GHZ,30,BQSKit,NOT_AVAILABLE,NOT_AVAILABLE,NOT_AVAILABLE,NOT_AVAILABLE,NOT_AVAILABLE,NOT_AVAILABLE
196,quantinuum_h1,GHZ,30,BQSKit,NOT_AVAILABLE,NOT_AVAILABLE,NOT_AVAILABLE,NOT_AVAILABLE,NOT_AVAILABLE,NOT_AVAILABLE
196,quantinuum_h1,GHZ,30,BQSKit,NOT_AVAILABLE,NOT_AVAILABLE,NOT_AVAILABLE,NOT_AVAILABLE,NOT_AVAILABLE,NOT_AVAILABLE
196,quantinuum_h1,GHZ,30,BQSKit,NOT_AVAILABLE,NOT_AVAILABLE,NOT_AVAILABLE,NOT_AVAILABLE,NOT_AVAILABLE,NOT_AVAILABLE
196,quantinuum_h1,GHZ,30,BQSKit,NOT_AVAILABLE,NOT_AVAILABLE,NOT_AVAILABLE,NOT_AVAILABLE,NOT_AVAILABLE,NOT_AVAILABLE
196,quantinuum_h1,GHZ,30,BQSKit,NOT_AVAILABLE,NOT_AVAILABLE,NOT_AVAILABLE,NOT_AVAILABLE,NOT_AVAILABLE,NOT_AVAILABLE
197,quantinuum_h1,QFT,30,BQSKit,NOT_AVAILABLE,NOT_AVAILABLE,NOT_AVAILABLE,NOT_AVAILABLE,NOT_AVAILABLE,NOT_AVAILABLE
197,quantinuum_h1,QFT,30,BQSKit,NOT_AVAILABLE,NOT_AVAILABLE,NOT_AVAILABLE,NOT_AVAILABLE,NOT_AVAILABLE,NOT_AVAILABLE
197,quantinuum_h1,QFT,30,BQSKit,NOT_AVAILABLE,NOT_AVAILABLE,NOT_AVAILABLE,NOT_AVAILABLE,NOT_AVAILABLE,NOT_AVAILABLE
197,quantinuum_h1,QFT,30,BQSKit,NOT_AVAILABLE,NOT_AVAILABLE,NOT_AVAILABLE,NOT_AVAILABLE,NOT_AVAILABLE,NOT_AVAILABLE
197,quantinuum_h1,QFT,30,BQSKit,NOT_AVAILABLE,NOT_AVAILABLE,NOT_AVAILABLE,NOT_AVAILABLE,NOT_AVAILABLE,NOT_AVAILABLE
197,quantinuum_h1,QFT,30,BQSKit,NOT_AVAILABLE,NOT_AVAILABLE,NOT_AVAILABLE,NOT_AVAILABLE,NOT_AVAILABLE,NOT_AVAILABLE
197,quantinuum_h1,QFT,30,BQSKit,NOT_AVAILABLE,NOT_AVAILABLE,NOT_AVAILABLE,NOT_AVAILABLE,NOT_AVAILABLE,NOT_AVAILABLE
197,quantinuum_h1,QFT,30,BQSKit,NOT_AVAILABLE,NOT_AVAILABLE,NOT_AVAILABLE,NOT_AVAILABLE,NOT_AVAILABLE,NOT_AVAILABLE
197,quantinuum_h1,QFT,30,BQSKit,NOT_AVAILABLE,NOT_AVAILABLE,NOT_AVAILABLE,NOT_AVAILABLE,NOT_AVAILABLE,NOT_AVAILABLE
197,quantinuum_h1,QFT,30,BQSKit,NOT_AVAILABLE,NOT_AVAILABLE,NOT_AVAILABLE,NOT_AVAILABLE,NOT_AVAILABLE,NOT_AVAILABLE
197,quantinuum_h1,QFT,30,BQSKit,NOT_AVAILABLE,NOT_AVAILABLE,NOT_AVAILABLE,NOT_AVAILABLE,NOT_AVAILABLE,NOT_AVAILABLE
197,quantinuum_h1,QFT,30,BQSKit,NOT_AVAILABLE,NOT_AVAILABLE,NOT_AVAILABLE,NOT_AVAILABLE,NOT_AVAILABLE,NOT_AVAILABLE
197,quantinuum_h1,QFT,30,BQSKit,NOT_AVAILABLE,NOT_AVAILABLE,NOT_AVAILABLE,NOT_AVAILABLE,NOT_AVAILABLE,NOT_AVAILABLE
197,quantinuum_h1,QFT,30,BQSKit,NOT_AVAILABLE,NOT_AVAILABLE,NOT_AVAILABLE,NOT_AVAILABLE,NOT_AVAILABLE,NOT_AVAILABLE
197,quantinuum_h1,QFT,30,BQSKit,NOT_AVAILABLE,NOT_AVAILABLE,NOT_AVAILABLE,NOT_AVAILABLE,NOT_AVAILABLE,NOT_AVAILABLE
197,quantinuum_h1,QFT,30,BQSKit,NOT_AVAILABLE,NOT_AVAILABLE,NOT_AVAILABLE,NOT_AVAILABLE,NOT_AVAILABLE,NOT_AVAILABLE
197,quantinuum_h1,QFT,30,BQSKit,NOT_AVAILABLE,NOT_AVAILABLE,NOT_AVAILABLE,NOT_AVAILABLE,NOT_AVAILABLE,NOT_AVAILABLE
197,quantinuum_h1,QFT,30,BQSKit,NOT_AVAILABLE,NOT_AVAILABLE,NOT_AVAILABLE,NOT_AVAILABLE,NOT_AVAILABLE,NOT_AVAILABLE
197,quantinuum_h1,QFT,30,BQSKit,NOT_AVAILABLE,NOT_AVAILABLE,NOT_AVAILABLE,NOT_AVAILABLE,NOT_AVAILABLE,NOT_AVAILABLE
197,quantinuum_h1,QFT,30,BQSKit,NOT_AVAILABLE,NOT_AVAILABLE,NOT_AVAILABLE,NOT_AVAILABLE,NOT_AVAILABLE,NOT_AVAILABLE
197,quantinuum_h1,QFT,30,BQSKit,NOT_AVAILABLE,NOT_AVAILABLE,NOT_AVAILABLE,NOT_AVAILABLE,NOT_AVAILABLE,NOT_AVAILABLE
197,quantinuum_h1,QFT,30,BQSKit,NOT_AVAILABLE,NOT_AVAILABLE,NOT_AVAILABLE,NOT_AVAILABLE,NOT_AVAILABLE,NOT_AVAILABLE
197,quantinuum_h1,QFT,30,BQSKit,NOT_AVAILABLE,NOT_AVAILABLE,NOT_AVAILABLE,NOT_AVAILABLE,NOT_AVAILABLE,NOT_AVAILABLE
197,quantinuum_h1,QFT,30,BQSKit,NOT_AVAILABLE,NOT_AVAILABLE,NOT_AVAILABLE,NOT_AVAILABLE,NOT_AVAILABLE,NOT_AVAILABLE
197,quantinuum_h1,QFT,30,BQSKit,NOT_AVAILABLE,NOT_AVAILABLE,NOT_AVAILABLE,NOT_AVAILABLE,NOT_AVAILABLE,NOT_AVAILABLE
197,quantinuum_h1,QFT,30,BQSKit,NOT_AVAILABLE,NOT_AVAILABLE,NOT_AVAILABLE,NOT_AVAILABLE,NOT_AVAILABLE,NOT_AVAILABLE
197,quantinuum_h1,QFT,30,BQSKit,NOT_AVAILABLE,NOT_AVAILABLE,NOT_AVAILABLE,NOT_AVAILABLE,NOT_AVAILABLE,NOT_AVAILABLE
197,quantinuum_h1,QFT,30,BQSKit,NOT_AVAILABLE,NOT_AVAILABLE,NOT_AVAILABLE,NOT_AVAILABLE,NOT_AVAILABLE,NOT_AVAILABLE
197,quantinuum_h1,QFT,30,BQSKit,NOT_AVAILABLE,NOT_AVAILABLE,NOT_AVAILABLE,NOT_AVAILABLE,NOT_AVAILABLE,NOT_AVAILABLE
197,quantinuum_h1,QFT,30,BQSKit,NOT_AVAILABLE,NOT_AVAILABLE,NOT_AVAILABLE,NOT_AVAILABLE,NOT_AVAILABLE,NOT_AVAILABLE
197,quantinuum_h1,QFT,30,BQSKit,NOT_AVAILABLE,NOT_AVAILABLE,NOT_AVAILABLE,NOT_AVAILABLE,NOT_AVAILABLE,NOT_AVAILABLE
197,quantinuum_h1,QFT,30,BQSKit,NOT_AVAILABLE,NOT_AVAILABLE,NOT_AVAILABLE,NOT_AVAILABLE,NOT_AVAILABLE,NOT_AVAILABLE
197,quantinuum_h1,QFT,30,BQSKit,NOT_AVAILABLE,NOT_AVAILABLE,NOT_AVAILABLE,NOT_AVAILABLE,NOT_AVAILABLE,NOT_AVAILABLE
197,quantinuum_h1,QFT,30,BQSKit,NOT_AVAILABLE,NOT_AVAILABLE,NOT_AVAILABLE,NOT_AVAILABLE,NOT_AVAILABLE,NOT_AVAILABLE
197,quantinuum_h1,QFT,30,BQSKit,NOT_AVAILABLE,NOT_AVAILABLE,NOT_AVAILABLE,NOT_AVAILABLE,NOT_AVAILABLE,NOT_AVAILABLE
197,quantinuum_h1,QFT,30,BQSKit,NOT_AVAILABLE,NOT_AVAILABLE,NOT_AVAILABLE,NOT_AVAILABLE,NOT_AVAILABLE,NOT_AVAILABLE
197,quantinuum_h1,QFT,30,BQSKit,NOT_AVAILABLE,NOT_AVAILABLE,NOT_AVAILABLE,NOT_AVAILABLE,NOT_AVAILABLE,NOT_AVAILABLE
197,quantinuum_h1,QFT,30,BQSKit,NOT_AVAILABLE,NOT_AVAILABLE,NOT_AVAILABLE,NOT_AVAILABLE,NOT_AVAILABLE,NOT_AVAILABLE
197,quantinuum_h1,QFT,30,BQSKit,NOT_AVAILABLE,NOT_AVAILABLE,NOT_AVAILABLE,NOT_AVAILABLE,NOT_AVAILABLE,NOT_AVAILABLE
197,quantinuum_h1,QFT,30,BQSKit,NOT_AVAILABLE,NOT_AVAILABLE,NOT_AVAILABLE,NOT_AVAILABLE,NOT_AVAILABLE,NOT_AVAILABLE
197,quantinuum_h1,QFT,30,BQSKit,NOT_AVAILABLE,NOT_AVAILABLE,NOT_AVAILABLE,NOT_AVAILABLE,NOT_AVAILABLE,NOT_AVAILABLE
197,quantinuum_h1,QFT,30,BQSKit,NOT_AVAILABLE,NOT_AVAILABLE,NOT_AVAILABLE,NOT_AVAILABLE,NOT_AVAILABLE,NOT_AVAILABLE
197,quantinuum_h1,QFT,30,BQSKit,NOT_AVAILABLE,NOT_AVAILABLE,NOT_AVAILABLE,NOT_AVAILABLE,NOT_AVAILABLE,NOT_AVAILABLE
197,quantinuum_h1,QFT,30,BQSKit,NOT_AVAILABLE,NOT_AVAILABLE,NOT_AVAILABLE,NOT_AVAILABLE,NOT_AVAILABLE,NOT_AVAILABLE
197,quantinuum_h1,QFT,30,BQSKit,NOT_AVAILABLE,NOT_AVAILABLE,NOT_AVAILABLE,NOT_AVAILABLE,NOT_AVAILABLE,NOT_AVAILABLE
197,quantinuum_h1,QFT,30,BQSKit,NOT_AVAILABLE,NOT_AVAILABLE,NOT_AVAILABLE,NOT_AVAILABLE,NOT_AVAILABLE,NOT_AVAILABLE
197,quantinuum_h1,QFT,30,BQSKit,NOT_AVAILABLE,NOT_AVAILABLE,NOT_AVAILABLE,NOT_AVAILABLE,NOT_AVAILABLE,NOT_AVAILABLE
197,quantinuum_h1,QFT,30,BQSKit,NOT_AVAILABLE,NOT_AVAILABLE,NOT_AVAILABLE,NOT_AVAILABLE,NOT_AVAILABLE,NOT_AVAILABLE
197,quantinuum_h1,QFT,30,BQSKit,NOT_AVAILABLE,NOT_AVAILABLE,NOT_AVAILABLE,NOT_AVAILABLE,NOT_AVAILABLE,NOT_AVAILABLE
197,quantinuum_h1,QFT,30,BQSKit,NOT_AVAILABLE,NOT_AVAILABLE,NOT_AVAILABLE,NOT_AVAILABLE,NOT_AVAILABLE,NOT_AVAILABLE
197,quantinuum_h1,QFT,30,BQSKit,NOT_AVAILABLE,NOT_AVAILABLE,NOT_AVAILABLE,NOT_AVAILABLE,NOT_AVAILABLE,NOT_AVAILABLE
197,quantinuum_h1,QFT,30,BQSKit,NOT_AVAILABLE,NOT_AVAILABLE,NOT_AVAILABLE,NOT_AVAILABLE,NOT_AVAILABLE,NOT_AVAILABLE
197,quantinuum_h1,QFT,30,BQSKit,NOT_AVAILABLE,NOT_AVAILABLE,NOT_AVAILABLE,NOT_AVAILABLE,NOT_AVAILABLE,NOT_AVAILABLE
197,quantinuum_h1,QFT,30,BQSKit,NOT_AVAILABLE,NOT_AVAILABLE,NOT_AVAILABLE,NOT_AVAILABLE,NOT_AVAILABLE,NOT_AVAILABLE
197,quantinuum_h1,QFT,30,BQSKit,NOT_AVAILABLE,NOT_AVAILABLE,NOT_AVAILABLE,NOT_AVAILABLE,NOT_AVAILABLE,NOT_AVAILABLE
197,quantinuum_h1,QFT,30,BQSKit,NOT_AVAILABLE,NOT_AVAILABLE,NOT_AVAILABLE,NOT_AVAILABLE,NOT_AVAILABLE,NOT_AVAILABLE
197,quantinuum_h1,QFT,30,BQSKit,NOT_AVAILABLE,NOT_AVAILABLE,NOT_AVAILABLE,NOT_AVAILABLE,NOT_AVAILABLE,NOT_AVAILABLE
197,quantinuum_h1,QFT,30,BQSKit,NOT_AVAILABLE,NOT_AVAILABLE,NOT_AVAILABLE,NOT_AVAILABLE,NOT_AVAILABLE,NOT_AVAILABLE
197,quantinuum_h1,QFT,30,BQSKit,NOT_AVAILABLE,NOT_AVAILABLE,NOT_AVAILABLE,NOT_AVAILABLE,NOT_AVAILABLE,NOT_AVAILABLE
197,quantinuum_h1,QFT,30,BQSKit,NOT_AVAILABLE,NOT_AVAILABLE,NOT_AVAILABLE,NOT_AVAILABLE,NOT_AVAILABLE,NOT_AVAILABLE
198,quantinuum_h1,VQE,30,BQSKit,NOT_AVAILABLE,NOT_AVAILABLE,NOT_AVAILABLE,NOT_AVAILABLE,NOT_AVAILABLE,NOT_AVAILABLE
198,quantinuum_h1,VQE,30,BQSKit,NOT_AVAILABLE,NOT_AVAILABLE,NOT_AVAILABLE,NOT_AVAILABLE,NOT_AVAILABLE,NOT_AVAILABLE
198,quantinuum_h1,VQE,30,BQSKit,NOT_AVAILABLE,NOT_AVAILABLE,NOT_AVAILABLE,NOT_AVAILABLE,NOT_AVAILABLE,NOT_AVAILABLE
198,quantinuum_h1,VQE,30,BQSKit,NOT_AVAILABLE,NOT_AVAILABLE,NOT_AVAILABLE,NOT_AVAILABLE,NOT_AVAILABLE,NOT_AVAILABLE
198,quantinuum_h1,VQE,30,BQSKit,NOT_AVAILABLE,NOT_AVAILABLE,NOT_AVAILABLE,NOT_AVAILABLE,NOT_AVAILABLE,NOT_AVAILABLE
198,quantinuum_h1,VQE,30,BQSKit,NOT_AVAILABLE,NOT_AVAILABLE,NOT_AVAILABLE,NOT_AVAILABLE,NOT_AVAILABLE,NOT_AVAILABLE
198,quantinuum_h1,VQE,30,BQSKit,NOT_AVAILABLE,NOT_AVAILABLE,NOT_AVAILABLE,NOT_AVAILABLE,NOT_AVAILABLE,NOT_AVAILABLE
198,quantinuum_h1,VQE,30,BQSKit,NOT_AVAILABLE,NOT_AVAILABLE,NOT_AVAILABLE,NOT_AVAILABLE,NOT_AVAILABLE,NOT_AVAILABLE
198,quantinuum_h1,VQE,30,BQSKit,NOT_AVAILABLE,NOT_AVAILABLE,NOT_AVAILABLE,NOT_AVAILABLE,NOT_AVAILABLE,NOT_AVAILABLE
198,quantinuum_h1,VQE,30,BQSKit,NOT_AVAILABLE,NOT_AVAILABLE,NOT_AVAILABLE,NOT_AVAILABLE,NOT_AVAILABLE,NOT_AVAILABLE
198,quantinuum_h1,VQE,30,BQSKit,NOT_AVAILABLE,NOT_AVAILABLE,NOT_AVAILABLE,NOT_AVAILABLE,NOT_AVAILABLE,NOT_AVAILABLE
198,quantinuum_h1,VQE,30,BQSKit,NOT_AVAILABLE,NOT_AVAILABLE,NOT_AVAILABLE,NOT_AVAILABLE,NOT_AVAILABLE,NOT_AVAILABLE
198,quantinuum_h1,VQE,30,BQSKit,NOT_AVAILABLE,NOT_AVAILABLE,NOT_AVAILABLE,NOT_AVAILABLE,NOT_AVAILABLE,NOT_AVAILABLE
198,quantinuum_h1,VQE,30,BQSKit,NOT_AVAILABLE,NOT_AVAILABLE,NOT_AVAILABLE,NOT_AVAILABLE,NOT_AVAILABLE,NOT_AVAILABLE
198,quantinuum_h1,VQE,30,BQSKit,NOT_AVAILABLE,NOT_AVAILABLE,NOT_AVAILABLE,NOT_AVAILABLE,NOT_AVAILABLE,NOT_AVAILABLE
198,quantinuum_h1,VQE,30,BQSKit,NOT_AVAILABLE,NOT_AVAILABLE,NOT_AVAILABLE,NOT_AVAILABLE,NOT_AVAILABLE,NOT_AVAILABLE
198,quantinuum_h1,VQE,30,BQSKit,NOT_AVAILABLE,NOT_AVAILABLE,NOT_AVAILABLE,NOT_AVAILABLE,NOT_AVAILABLE,NOT_AVAILABLE
198,quantinuum_h1,VQE,30,BQSKit,NOT_AVAILABLE,NOT_AVAILABLE,NOT_AVAILABLE,NOT_AVAILABLE,NOT_AVAILABLE,NOT_AVAILABLE
198,quantinuum_h1,VQE,30,BQSKit,NOT_AVAILABLE,NOT_AVAILABLE,NOT_AVAILABLE,NOT_AVAILABLE,NOT_AVAILABLE,NOT_AVAILABLE
198,quantinuum_h1,VQE,30,BQSKit,NOT_AVAILABLE,NOT_AVAILABLE,NOT_AVAILABLE,NOT_AVAILABLE,NOT_AVAILABLE,NOT_AVAILABLE
198,quantinuum_h1,VQE,30,BQSKit,NOT_AVAILABLE,NOT_AVAILABLE,NOT_AVAILABLE,NOT_AVAILABLE,NOT_AVAILABLE,NOT_AVAILABLE
198,quantinuum_h1,VQE,30,BQSKit,NOT_AVAILABLE,NOT_AVAILABLE,NOT_AVAILABLE,NOT_AVAILABLE,NOT_AVAILABLE,NOT_AVAILABLE
198,quantinuum_h1,VQE,30,BQSKit,NOT_AVAILABLE,NOT_AVAILABLE,NOT_AVAILABLE,NOT_AVAILABLE,NOT_AVAILABLE,NOT_AVAILABLE
198,quantinuum_h1,VQE,30,BQSKit,NOT_AVAILABLE,NOT_AVAILABLE,NOT_AVAILABLE,NOT_AVAILABLE,NOT_AVAILABLE,NOT_AVAILABLE
198,quantinuum_h1,VQE,30,BQSKit,NOT_AVAILABLE,NOT_AVAILABLE,NOT_AVAILABLE,NOT_AVAILABLE,NOT_AVAILABLE,NOT_AVAILABLE
198,quantinuum_h1,VQE,30,BQSKit,NOT_AVAILABLE,NOT_AVAILABLE,NOT_AVAILABLE,NOT_AVAILABLE,NOT_AVAILABLE,NOT_AVAILABLE
198,quantinuum_h1,VQE,30,BQSKit,NOT_AVAILABLE,NOT_AVAILABLE,NOT_AVAILABLE,NOT_AVAILABLE,NOT_AVAILABLE,NOT_AVAILABLE
198,quantinuum_h1,VQE,30,BQSKit,NOT_AVAILABLE,NOT_AVAILABLE,NOT_AVAILABLE,NOT_AVAILABLE,NOT_AVAILABLE,NOT_AVAILABLE
198,quantinuum_h1,VQE,30,BQSKit,NOT_AVAILABLE,NOT_AVAILABLE,NOT_AVAILABLE,NOT_AVAILABLE,NOT_AVAILABLE,NOT_AVAILABLE
198,quantinuum_h1,VQE,30,BQSKit,NOT_AVAILABLE,NOT_AVAILABLE,NOT_AVAILABLE,NOT_AVAILABLE,NOT_AVAILABLE,NOT_AVAILABLE
198,quantinuum_h1,VQE,30,BQSKit,NOT_AVAILABLE,NOT_AVAILABLE,NOT_AVAILABLE,NOT_AVAILABLE,NOT_AVAILABLE,NOT_AVAILABLE
198,quantinuum_h1,VQE,30,BQSKit,NOT_AVAILABLE,NOT_AVAILABLE,NOT_AVAILABLE,NOT_AVAILABLE,NOT_AVAILABLE,NOT_AVAILABLE
198,quantinuum_h1,VQE,30,BQSKit,NOT_AVAILABLE,NOT_AVAILABLE,NOT_AVAILABLE,NOT_AVAILABLE,NOT_AVAILABLE,NOT_AVAILABLE
198,quantinuum_h1,VQE,30,BQSKit,NOT_AVAILABLE,NOT_AVAILABLE,NOT_AVAILABLE,NOT_AVAILABLE,NOT_AVAILABLE,NOT_AVAILABLE
198,quantinuum_h1,VQE,30,BQSKit,NOT_AVAILABLE,NOT_AVAILABLE,NOT_AVAILABLE,NOT_AVAILABLE,NOT_AVAILABLE,NOT_AVAILABLE
198,quantinuum_h1,VQE,30,BQSKit,NOT_AVAILABLE,NOT_AVAILABLE,NOT_AVAILABLE,NOT_AVAILABLE,NOT_AVAILABLE,NOT_AVAILABLE
198,quantinuum_h1,VQE,30,BQSKit,NOT_AVAILABLE,NOT_AVAILABLE,NOT_AVAILABLE,NOT_AVAILABLE,NOT_AVAILABLE,NOT_AVAILABLE
198,quantinuum_h1,VQE,30,BQSKit,NOT_AVAILABLE,NOT_AVAILABLE,NOT_AVAILABLE,NOT_AVAILABLE,NOT_AVAILABLE,NOT_AVAILABLE
198,quantinuum_h1,VQE,30,BQSKit,NOT_AVAILABLE,NOT_AVAILABLE,NOT_AVAILABLE,NOT_AVAILABLE,NOT_AVAILABLE,NOT_AVAILABLE
198,quantinuum_h1,VQE,30,BQSKit,NOT_AVAILABLE,NOT_AVAILABLE,NOT_AVAILABLE,NOT_AVAILABLE,NOT_AVAILABLE,NOT_AVAILABLE
198,quantinuum_h1,VQE,30,BQSKit,NOT_AVAILABLE,NOT_AVAILABLE,NOT_AVAILABLE,NOT_AVAILABLE,NOT_AVAILABLE,NOT_AVAILABLE
198,quantinuum_h1,VQE,30,BQSKit,NOT_AVAILABLE,NOT_AVAILABLE,NOT_AVAILABLE,NOT_AVAILABLE,NOT_AVAILABLE,NOT_AVAILABLE
198,quantinuum_h1,VQE,30,BQSKit,NOT_AVAILABLE,NOT_AVAILABLE,NOT_AVAILABLE,NOT_AVAILABLE,NOT_AVAILABLE,NOT_AVAILABLE
198,quantinuum_h1,VQE,30,BQSKit,NOT_AVAILABLE,NOT_AVAILABLE,NOT_AVAILABLE,NOT_AVAILABLE,NOT_AVAILABLE,NOT_AVAILABLE
198,quantinuum_h1,VQE,30,BQSKit,NOT_AVAILABLE,NOT_AVAILABLE,NOT_AVAILABLE,NOT_AVAILABLE,NOT_AVAILABLE,NOT_AVAILABLE
198,quantinuum_h1,VQE,30,BQSKit,NOT_AVAILABLE,NOT_AVAILABLE,NOT_AVAILABLE,NOT_AVAILABLE,NOT_AVAILABLE,NOT_AVAILABLE
198,quantinuum_h1,VQE,30,BQSKit,NOT_AVAILABLE,NOT_AVAILABLE,NOT_AVAILABLE,NOT_AVAILABLE,NOT_AVAILABLE,NOT_AVAILABLE
198,quantinuum_h1,VQE,30,BQSKit,NOT_AVAILABLE,NOT_AVAILABLE,NOT_AVAILABLE,NOT_AVAILABLE,NOT_AVAILABLE,NOT_AVAILABLE
198,quantinuum_h1,VQE,30,BQSKit,NOT_AVAILABLE,NOT_AVAILABLE,NOT_AVAILABLE,NOT_AVAILABLE,NOT_AVAILABLE,NOT_AVAILABLE
198,quantinuum_h1,VQE,30,BQSKit,NOT_AVAILABLE,NOT_AVAILABLE,NOT_AVAILABLE,NOT_AVAILABLE,NOT_AVAILABLE,NOT_AVAILABLE
198,quantinuum_h1,VQE,30,BQSKit,NOT_AVAILABLE,NOT_AVAILABLE,NOT_AVAILABLE,NOT_AVAILABLE,NOT_AVAILABLE,NOT_AVAILABLE
198,quantinuum_h1,VQE,30,BQSKit,NOT_AVAILABLE,NOT_AVAILABLE,NOT_AVAILABLE,NOT_AVAILABLE,NOT_AVAILABLE,NOT_AVAILABLE
198,quantinuum_h1,VQE,30,BQSKit,NOT_AVAILABLE,NOT_AVAILABLE,NOT_AVAILABLE,NOT_AVAILABLE,NOT_AVAILABLE,NOT_AVAILABLE
198,quantinuum_h1,VQE,30,BQSKit,NOT_AVAILABLE,NOT_AVAILABLE,NOT_AVAILABLE,NOT_AVAILABLE,NOT_AVAILABLE,NOT_AVAILABLE
198,quantinuum_h1,VQE,30,BQSKit,NOT_AVAILABLE,NOT_AVAILABLE,NOT_AVAILABLE,NOT_AVAILABLE,NOT_AVAILABLE,NOT_AVAILABLE
198,quantinuum_h1,VQE,30,BQSKit,NOT_AVAILABLE,NOT_AVAILABLE,NOT_AVAILABLE,NOT_AVAILABLE,NOT_AVAILABLE,NOT_AVAILABLE
198,quantinuum_h1,VQE,30,BQSKit,NOT_AVAILABLE,NOT_AVAILABLE,NOT_AVAILABLE,NOT_AVAILABLE,NOT_AVAILABLE,NOT_AVAILABLE
198,quantinuum_h1,VQE,30,BQSKit,NOT_AVAILABLE,NOT_AVAILABLE,NOT_AVAILABLE,NOT_AVAILABLE,NOT_AVAILABLE,NOT_AVAILABLE
198,quantinuum_h1,VQE,30,BQSKit,NOT_AVAILABLE,NOT_AVAILABLE,NOT_AVAILABLE,NOT_AVAILABLE,NOT_AVAILABLE,NOT_AVAILABLE
198,quantinuum_h1,VQE,30,BQSKit,NOT_AVAILABLE,NOT_AVAILABLE,NOT_AVAILABLE,NOT_AVAILABLE,NOT_AVAILABLE,NOT_AVAILABLE
199,quantinuum_h1,QAOA,30,BQSKit,NOT_AVAILABLE,NOT_AVAILABLE,NOT_AVAILABLE,NOT_AVAILABLE,NOT_AVAILABLE,NOT_AVAILABLE
199,quantinuum_h1,QAOA,30,BQSKit,NOT_AVAILABLE,NOT_AVAILABLE,NOT_AVAILABLE,NOT_AVAILABLE,NOT_AVAILABLE,NOT_AVAILABLE
199,quantinuum_h1,QAOA,30,BQSKit,NOT_AVAILABLE,NOT_AVAILABLE,NOT_AVAILABLE,NOT_AVAILABLE,NOT_AVAILABLE,NOT_AVAILABLE
199,quantinuum_h1,QAOA,30,BQSKit,NOT_AVAILABLE,NOT_AVAILABLE,NOT_AVAILABLE,NOT_AVAILABLE,NOT_AVAILABLE,NOT_AVAILABLE
199,quantinuum_h1,QAOA,30,BQSKit,NOT_AVAILABLE,NOT_AVAILABLE,NOT_AVAILABLE,NOT_AVAILABLE,NOT_AVAILABLE,NOT_AVAILABLE
199,quantinuum_h1,QAOA,30,BQSKit,NOT_AVAILABLE,NOT_AVAILABLE,NOT_AVAILABLE,NOT_AVAILABLE,NOT_AVAILABLE,NOT_AVAILABLE
199,quantinuum_h1,QAOA,30,BQSKit,NOT_AVAILABLE,NOT_AVAILABLE,NOT_AVAILABLE,NOT_AVAILABLE,NOT_AVAILABLE,NOT_AVAILABLE
199,quantinuum_h1,QAOA,30,BQSKit,NOT_AVAILABLE,NOT_AVAILABLE,NOT_AVAILABLE,NOT_AVAILABLE,NOT_AVAILABLE,NOT_AVAILABLE
199,quantinuum_h1,QAOA,30,BQSKit,NOT_AVAILABLE,NOT_AVAILABLE,NOT_AVAILABLE,NOT_AVAILABLE,NOT_AVAILABLE,NOT_AVAILABLE
199,quantinuum_h1,QAOA,30,BQSKit,NOT_AVAILABLE,NOT_AVAILABLE,NOT_AVAILABLE,NOT_AVAILABLE,NOT_AVAILABLE,NOT_AVAILABLE
199,quantinuum_h1,QAOA,30,BQSKit,NOT_AVAILABLE,NOT_AVAILABLE,NOT_AVAILABLE,NOT_AVAILABLE,NOT_AVAILABLE,NOT_AVAILABLE
199,quantinuum_h1,QAOA,30,BQSKit,NOT_AVAILABLE,NOT_AVAILABLE,NOT_AVAILABLE,NOT_AVAILABLE,NOT_AVAILABLE,NOT_AVAILABLE
199,quantinuum_h1,QAOA,30,BQSKit,NOT_AVAILABLE,NOT_AVAILABLE,NOT_AVAILABLE,NOT_AVAILABLE,NOT_AVAILABLE,NOT_AVAILABLE
199,quantinuum_h1,QAOA,30,BQSKit,NOT_AVAILABLE,NOT_AVAILABLE,NOT_AVAILABLE,NOT_AVAILABLE,NOT_AVAILABLE,NOT_AVAILABLE
199,quantinuum_h1,QAOA,30,BQSKit,NOT_AVAILABLE,NOT_AVAILABLE,NOT_AVAILABLE,NOT_AVAILABLE,NOT_AVAILABLE,NOT_AVAILABLE
199,quantinuum_h1,QAOA,30,BQSKit,NOT_AVAILABLE,NOT_AVAILABLE,NOT_AVAILABLE,NOT_AVAILABLE,NOT_AVAILABLE,NOT_AVAILABLE
199,quantinuum_h1,QAOA,30,BQSKit,NOT_AVAILABLE,NOT_AVAILABLE,NOT_AVAILABLE,NOT_AVAILABLE,NOT_AVAILABLE,NOT_AVAILABLE
199,quantinuum_h1,QAOA,30,BQSKit,NOT_AVAILABLE,NOT_AVAILABLE,NOT_AVAILABLE,NOT_AVAILABLE,NOT_AVAILABLE,NOT_AVAILABLE
199,quantinuum_h1,QAOA,30,BQSKit,NOT_AVAILABLE,NOT_AVAILABLE,NOT_AVAILABLE,NOT_AVAILABLE,NOT_AVAILABLE,NOT_AVAILABLE
199,quantinuum_h1,QAOA,30,BQSKit,NOT_AVAILABLE,NOT_AVAILABLE,NOT_AVAILABLE,NOT_AVAILABLE,NOT_AVAILABLE,NOT_AVAILABLE
199,quantinuum_h1,QAOA,30,BQSKit,NOT_AVAILABLE,NOT_AVAILABLE,NOT_AVAILABLE,NOT_AVAILABLE,NOT_AVAILABLE,NOT_AVAILABLE
199,quantinuum_h1,QAOA,30,BQSKit,NOT_AVAILABLE,NOT_AVAILABLE,NOT_AVAILABLE,NOT_AVAILABLE,NOT_AVAILABLE,NOT_AVAILABLE
199,quantinuum_h1,QAOA,30,BQSKit,NOT_AVAILABLE,NOT_AVAILABLE,NOT_AVAILABLE,NOT_AVAILABLE,NOT_AVAILABLE,NOT_AVAILABLE
199,quantinuum_h1,QAOA,30,BQSKit,NOT_AVAILABLE,NOT_AVAILABLE,NOT_AVAILABLE,NOT_AVAILABLE,NOT_AVAILABLE,NOT_AVAILABLE
199,quantinuum_h1,QAOA,30,BQSKit,NOT_AVAILABLE,NOT_AVAILABLE,NOT_AVAILABLE,NOT_AVAILABLE,NOT_AVAILABLE,NOT_AVAILABLE
199,quantinuum_h1,QAOA,30,BQSKit,NOT_AVAILABLE,NOT_AVAILABLE,NOT_AVAILABLE,NOT_AVAILABLE,NOT_AVAILABLE,NOT_AVAILABLE
199,quantinuum_h1,QAOA,30,BQSKit,NOT_AVAILABLE,NOT_AVAILABLE,NOT_AVAILABLE,NOT_AVAILABLE,NOT_AVAILABLE,NOT_AVAILABLE
199,quantinuum_h1,QAOA,30,BQSKit,NOT_AVAILABLE,NOT_AVAILABLE,NOT_AVAILABLE,NOT_AVAILABLE,NOT_AVAILABLE,NOT_AVAILABLE
199,quantinuum_h1,QAOA,30,BQSKit,NOT_AVAILABLE,NOT_AVAILABLE,NOT_AVAILABLE,NOT_AVAILABLE,NOT_AVAILABLE,NOT_AVAILABLE
199,quantinuum_h1,QAOA,30,BQSKit,NOT_AVAILABLE,NOT_AVAILABLE,NOT_AVAILABLE,NOT_AVAILABLE,NOT_AVAILABLE,NOT_AVAILABLE
199,quantinuum_h1,QAOA,30,BQSKit,NOT_AVAILABLE,NOT_AVAILABLE,NOT_AVAILABLE,NOT_AVAILABLE,NOT_AVAILABLE,NOT_AVAILABLE
199,quantinuum_h1,QAOA,30,BQSKit,NOT_AVAILABLE,NOT_AVAILABLE,NOT_AVAILABLE,NOT_AVAILABLE,NOT_AVAILABLE,NOT_AVAILABLE
199,quantinuum_h1,QAOA,30,BQSKit,NOT_AVAILABLE,NOT_AVAILABLE,NOT_AVAILABLE,NOT_AVAILABLE,NOT_AVAILABLE,NOT_AVAILABLE
199,quantinuum_h1,QAOA,30,BQSKit,NOT_AVAILABLE,NOT_AVAILABLE,NOT_AVAILABLE,NOT_AVAILABLE,NOT_AVAILABLE,NOT_AVAILABLE
199,quantinuum_h1,QAOA,30,BQSKit,NOT_AVAILABLE,NOT_AVAILABLE,NOT_AVAILABLE,NOT_AVAILABLE,NOT_AVAILABLE,NOT_AVAILABLE
199,quantinuum_h1,QAOA,30,BQSKit,NOT_AVAILABLE,NOT_AVAILABLE,NOT_AVAILABLE,NOT_AVAILABLE,NOT_AVAILABLE,NOT_AVAILABLE
199,quantinuum_h1,QAOA,30,BQSKit,NOT_AVAILABLE,NOT_AVAILABLE,NOT_AVAILABLE,NOT_AVAILABLE,NOT_AVAILABLE,NOT_AVAILABLE
199,quantinuum_h1,QAOA,30,BQSKit,NOT_AVAILABLE,NOT_AVAILABLE,NOT_AVAILABLE,NOT_AVAILABLE,NOT_AVAILABLE,NOT_AVAILABLE
199,quantinuum_h1,QAOA,30,BQSKit,NOT_AVAILABLE,NOT_AVAILABLE,NOT_AVAILABLE,NOT_AVAILABLE,NOT_AVAILABLE,NOT_AVAILABLE
199,quantinuum_h1,QAOA,30,BQSKit,NOT_AVAILABLE,NOT_AVAILABLE,NOT_AVAILABLE,NOT_AVAILABLE,NOT_AVAILABLE,NOT_AVAILABLE
199,quantinuum_h1,QAOA,30,BQSKit,NOT_AVAILABLE,NOT_AVAILABLE,NOT_AVAILABLE,NOT_AVAILABLE,NOT_AVAILABLE,NOT_AVAILABLE
199,quantinuum_h1,QAOA,30,BQSKit,NOT_AVAILABLE,NOT_AVAILABLE,NOT_AVAILABLE,NOT_AVAILABLE,NOT_AVAILABLE,NOT_AVAILABLE
199,quantinuum_h1,QAOA,30,BQSKit,NOT_AVAILABLE,NOT_AVAILABLE,NOT_AVAILABLE,NOT_AVAILABLE,NOT_AVAILABLE,NOT_AVAILABLE
199,quantinuum_h1,QAOA,30,BQSKit,NOT_AVAILABLE,NOT_AVAILABLE,NOT_AVAILABLE,NOT_AVAILABLE,NOT_AVAILABLE,NOT_AVAILABLE
199,quantinuum_h1,QAOA,30,BQSKit,NOT_AVAILABLE,NOT_AVAILABLE,NOT_AVAILABLE,NOT_AVAILABLE,NOT_AVAILABLE,NOT_AVAILABLE
199,quantinuum_h1,QAOA,30,BQSKit,NOT_AVAILABLE,NOT_AVAILABLE,NOT_AVAILABLE,NOT_AVAILABLE,NOT_AVAILABLE,NOT_AVAILABLE
199,quantinuum_h1,QAOA,30,BQSKit,NOT_AVAILABLE,NOT_AVAILABLE,NOT_AVAILABLE,NOT_AVAILABLE,NOT_AVAILABLE,NOT_AVAILABLE
199,quantinuum_h1,QAOA,30,BQSKit,NOT_AVAILABLE,NOT_AVAILABLE,NOT_AVAILABLE,NOT_AVAILABLE,NOT_AVAILABLE,NOT_AVAILABLE
199,quantinuum_h1,QAOA,30,BQSKit,NOT_AVAILABLE,NOT_AVAILABLE,NOT_AVAILABLE,NOT_AVAILABLE,NOT_AVAILABLE,NOT_AVAILABLE
199,quantinuum_h1,QAOA,30,BQSKit,NOT_AVAILABLE,NOT_AVAILABLE,NOT_AVAILABLE,NOT_AVAILABLE,NOT_AVAILABLE,NOT_AVAILABLE
199,quantinuum_h1,QAOA,30,BQSKit,NOT_AVAILABLE,NOT_AVAILABLE,NOT_AVAILABLE,NOT_AVAILABLE,NOT_AVAILABLE,NOT_AVAILABLE
199,quantinuum_h1,QAOA,30,BQSKit,NOT_AVAILABLE,NOT_AVAILABLE,NOT_AVAILABLE,NOT_AVAILABLE,NOT_AVAILABLE,NOT_AVAILABLE
199,quantinuum_h1,QAOA,30,BQSKit,NOT_AVAILABLE,NOT_AVAILABLE,NOT_AVAILABLE,NOT_AVAILABLE,NOT_AVAILABLE,NOT_AVAILABLE
199,quantinuum_h1,QAOA,30,BQSKit,NOT_AVAILABLE,NOT_AVAILABLE,NOT_AVAILABLE,NOT_AVAILABLE,NOT_AVAILABLE,NOT_AVAILABLE
199,quantinuum_h1,QAOA,30,BQSKit,NOT_AVAILABLE,NOT_AVAILABLE,NOT_AVAILABLE,NOT_AVAILABLE,NOT_AVAILABLE,NOT_AVAILABLE
199,quantinuum_h1,QAOA,30,BQSKit,NOT_AVAILABLE,NOT_AVAILABLE,NOT_AVAILABLE,NOT_AVAILABLE,NOT_AVAILABLE,NOT_AVAILABLE
199,quantinuum_h1,QAOA,30,BQSKit,NOT_AVAILABLE,NOT_AVAILABLE,NOT_AVAILABLE,NOT_AVAILABLE,NOT_AVAILABLE,NOT_AVAILABLE
199,quantinuum_h1,QAOA,30,BQSKit,NOT_AVAILABLE,NOT_AVAILABLE,NOT_AVAILABLE,NOT_AVAILABLE,NOT_AVAILABLE,NOT_AVAILABLE
199,quantinuum_h1,QAOA,30,BQSKit,NOT_AVAILABLE,NOT_AVAILABLE,NOT_AVAILABLE,NOT_AVAILABLE,NOT_AVAILABLE,NOT_AVAILABLE
199,quantinuum_h1,QAOA,30,BQSKit,NOT_AVAILABLE,NOT_AVAILABLE,NOT_AVAILABLE,NOT_AVAILABLE,NOT_AVAILABLE,NOT_AVAILABLE
200,quantinuum_h1,QV,30,BQSKit,NOT_AVAILABLE,NOT_AVAILABLE,NOT_AVAILABLE,NOT_AVAILABLE,NOT_AVAILABLE,NOT_AVAILABLE
200,quantinuum_h1,QV,30,BQSKit,NOT_AVAILABLE,NOT_AVAILABLE,NOT_AVAILABLE,NOT_AVAILABLE,NOT_AVAILABLE,NOT_AVAILABLE
200,quantinuum_h1,QV,30,BQSKit,NOT_AVAILABLE,NOT_AVAILABLE,NOT_AVAILABLE,NOT_AVAILABLE,NOT_AVAILABLE,NOT_AVAILABLE
200,quantinuum_h1,QV,30,BQSKit,NOT_AVAILABLE,NOT_AVAILABLE,NOT_AVAILABLE,NOT_AVAILABLE,NOT_AVAILABLE,NOT_AVAILABLE
200,quantinuum_h1,QV,30,BQSKit,NOT_AVAILABLE,NOT_AVAILABLE,NOT_AVAILABLE,NOT_AVAILABLE,NOT_AVAILABLE,NOT_AVAILABLE
200,quantinuum_h1,QV,30,BQSKit,NOT_AVAILABLE,NOT_AVAILABLE,NOT_AVAILABLE,NOT_AVAILABLE,NOT_AVAILABLE,NOT_AVAILABLE
200,quantinuum_h1,QV,30,BQSKit,NOT_AVAILABLE,NOT_AVAILABLE,NOT_AVAILABLE,NOT_AVAILABLE,NOT_AVAILABLE,NOT_AVAILABLE
200,quantinuum_h1,QV,30,BQSKit,NOT_AVAILABLE,NOT_AVAILABLE,NOT_AVAILABLE,NOT_AVAILABLE,NOT_AVAILABLE,NOT_AVAILABLE
200,quantinuum_h1,QV,30,BQSKit,NOT_AVAILABLE,NOT_AVAILABLE,NOT_AVAILABLE,NOT_AVAILABLE,NOT_AVAILABLE,NOT_AVAILABLE
200,quantinuum_h1,QV,30,BQSKit,NOT_AVAILABLE,NOT_AVAILABLE,NOT_AVAILABLE,NOT_AVAILABLE,NOT_AVAILABLE,NOT_AVAILABLE
200,quantinuum_h1,QV,30,BQSKit,NOT_AVAILABLE,NOT_AVAILABLE,NOT_AVAILABLE,NOT_AVAILABLE,NOT_AVAILABLE,NOT_AVAILABLE
200,quantinuum_h1,QV,30,BQSKit,NOT_AVAILABLE,NOT_AVAILABLE,NOT_AVAILABLE,NOT_AVAILABLE,NOT_AVAILABLE,NOT_AVAILABLE
200,quantinuum_h1,QV,30,BQSKit,NOT_AVAILABLE,NOT_AVAILABLE,NOT_AVAILABLE,NOT_AVAILABLE,NOT_AVAILABLE,NOT_AVAILABLE
200,quantinuum_h1,QV,30,BQSKit,NOT_AVAILABLE,NOT_AVAILABLE,NOT_AVAILABLE,NOT_AVAILABLE,NOT_AVAILABLE,NOT_AVAILABLE
200,quantinuum_h1,QV,30,BQSKit,NOT_AVAILABLE,NOT_AVAILABLE,NOT_AVAILABLE,NOT_AVAILABLE,NOT_AVAILABLE,NOT_AVAILABLE
200,quantinuum_h1,QV,30,BQSKit,NOT_AVAILABLE,NOT_AVAILABLE,NOT_AVAILABLE,NOT_AVAILABLE,NOT_AVAILABLE,NOT_AVAILABLE
200,quantinuum_h1,QV,30,BQSKit,NOT_AVAILABLE,NOT_AVAILABLE,NOT_AVAILABLE,NOT_AVAILABLE,NOT_AVAILABLE,NOT_AVAILABLE
200,quantinuum_h1,QV,30,BQSKit,NOT_AVAILABLE,NOT_AVAILABLE,NOT_AVAILABLE,NOT_AVAILABLE,NOT_AVAILABLE,NOT_AVAILABLE
200,quantinuum_h1,QV,30,BQSKit,NOT_AVAILABLE,NOT_AVAILABLE,NOT_AVAILABLE,NOT_AVAILABLE,NOT_AVAILABLE,NOT_AVAILABLE
200,quantinuum_h1,QV,30,BQSKit,NOT_AVAILABLE,NOT_AVAILABLE,NOT_AVAILABLE,NOT_AVAILABLE,NOT_AVAILABLE,NOT_AVAILABLE
200,quantinuum_h1,QV,30,BQSKit,NOT_AVAILABLE,NOT_AVAILABLE,NOT_AVAILABLE,NOT_AVAILABLE,NOT_AVAILABLE,NOT_AVAILABLE
200,quantinuum_h1,QV,30,BQSKit,NOT_AVAILABLE,NOT_AVAILABLE,NOT_AVAILABLE,NOT_AVAILABLE,NOT_AVAILABLE,NOT_AVAILABLE
200,quantinuum_h1,QV,30,BQSKit,NOT_AVAILABLE,NOT_AVAILABLE,NOT_AVAILABLE,NOT_AVAILABLE,NOT_AVAILABLE,NOT_AVAILABLE
200,quantinuum_h1,QV,30,BQSKit,NOT_AVAILABLE,NOT_AVAILABLE,NOT_AVAILABLE,NOT_AVAILABLE,NOT_AVAILABLE,NOT_AVAILABLE
200,quantinuum_h1,QV,30,BQSKit,NOT_AVAILABLE,NOT_AVAILABLE,NOT_AVAILABLE,NOT_AVAILABLE,NOT_AVAILABLE,NOT_AVAILABLE
200,quantinuum_h1,QV,30,BQSKit,NOT_AVAILABLE,NOT_AVAILABLE,NOT_AVAILABLE,NOT_AVAILABLE,NOT_AVAILABLE,NOT_AVAILABLE
200,quantinuum_h1,QV,30,BQSKit,NOT_AVAILABLE,NOT_AVAILABLE,NOT_AVAILABLE,NOT_AVAILABLE,NOT_AVAILABLE,NOT_AVAILABLE
200,quantinuum_h1,QV,30,BQSKit,NOT_AVAILABLE,NOT_AVAILABLE,NOT_AVAILABLE,NOT_AVAILABLE,NOT_AVAILABLE,NOT_AVAILABLE
200,quantinuum_h1,QV,30,BQSKit,NOT_AVAILABLE,NOT_AVAILABLE,NOT_AVAILABLE,NOT_AVAILABLE,NOT_AVAILABLE,NOT_AVAILABLE
200,quantinuum_h1,QV,30,BQSKit,NOT_AVAILABLE,NOT_AVAILABLE,NOT_AVAILABLE,NOT_AVAILABLE,NOT_AVAILABLE,NOT_AVAILABLE
200,quantinuum_h1,QV,30,BQSKit,NOT_AVAILABLE,NOT_AVAILABLE,NOT_AVAILABLE,NOT_AVAILABLE,NOT_AVAILABLE,NOT_AVAILABLE
200,quantinuum_h1,QV,30,BQSKit,NOT_AVAILABLE,NOT_AVAILABLE,NOT_AVAILABLE,NOT_AVAILABLE,NOT_AVAILABLE,NOT_AVAILABLE
200,quantinuum_h1,QV,30,BQSKit,NOT_AVAILABLE,NOT_AVAILABLE,NOT_AVAILABLE,NOT_AVAILABLE,NOT_AVAILABLE,NOT_AVAILABLE
200,quantinuum_h1,QV,30,BQSKit,NOT_AVAILABLE,NOT_AVAILABLE,NOT_AVAILABLE,NOT_AVAILABLE,NOT_AVAILABLE,NOT_AVAILABLE
200,quantinuum_h1,QV,30,BQSKit,NOT_AVAILABLE,NOT_AVAILABLE,NOT_AVAILABLE,NOT_AVAILABLE,NOT_AVAILABLE,NOT_AVAILABLE
200,quantinuum_h1,QV,30,BQSKit,NOT_AVAILABLE,NOT_AVAILABLE,NOT_AVAILABLE,NOT_AVAILABLE,NOT_AVAILABLE,NOT_AVAILABLE
200,quantinuum_h1,QV,30,BQSKit,NOT_AVAILABLE,NOT_AVAILABLE,NOT_AVAILABLE,NOT_AVAILABLE,NOT_AVAILABLE,NOT_AVAILABLE
200,quantinuum_h1,QV,30,BQSKit,NOT_AVAILABLE,NOT_AVAILABLE,NOT_AVAILABLE,NOT_AVAILABLE,NOT_AVAILABLE,NOT_AVAILABLE
200,quantinuum_h1,QV,30,BQSKit,NOT_AVAILABLE,NOT_AVAILABLE,NOT_AVAILABLE,NOT_AVAILABLE,NOT_AVAILABLE,NOT_AVAILABLE
200,quantinuum_h1,QV,30,BQSKit,NOT_AVAILABLE,NOT_AVAILABLE,NOT_AVAILABLE,NOT_AVAILABLE,NOT_AVAILABLE,NOT_AVAILABLE
200,quantinuum_h1,QV,30,BQSKit,NOT_AVAILABLE,NOT_AVAILABLE,NOT_AVAILABLE,NOT_AVAILABLE,NOT_AVAILABLE,NOT_AVAILABLE
200,quantinuum_h1,QV,30,BQSKit,NOT_AVAILABLE,NOT_AVAILABLE,NOT_AVAILABLE,NOT_AVAILABLE,NOT_AVAILABLE,NOT_AVAILABLE
200,quantinuum_h1,QV,30,BQSKit,NOT_AVAILABLE,NOT_AVAILABLE,NOT_AVAILABLE,NOT_AVAILABLE,NOT_AVAILABLE,NOT_AVAILABLE
200,quantinuum_h1,QV,30,BQSKit,NOT_AVAILABLE,NOT_AVAILABLE,NOT_AVAILABLE,NOT_AVAILABLE,NOT_AVAILABLE,NOT_AVAILABLE
200,quantinuum_h1,QV,30,BQSKit,NOT_AVAILABLE,NOT_AVAILABLE,NOT_AVAILABLE,NOT_AVAILABLE,NOT_AVAILABLE,NOT_AVAILABLE
200,quantinuum_h1,QV,30,BQSKit,NOT_AVAILABLE,NOT_AVAILABLE,NOT_AVAILABLE,NOT_AVAILABLE,NOT_AVAILABLE,NOT_AVAILABLE
200,quantinuum_h1,QV,30,BQSKit,NOT_AVAILABLE,NOT_AVAILABLE,NOT_AVAILABLE,NOT_AVAILABLE,NOT_AVAILABLE,NOT_AVAILABLE
200,quantinuum_h1,QV,30,BQSKit,NOT_AVAILABLE,NOT_AVAILABLE,NOT_AVAILABLE,NOT_AVAILABLE,NOT_AVAILABLE,NOT_AVAILABLE
200,quantinuum_h1,QV,30,BQSKit,NOT_AVAILABLE,NOT_AVAILABLE,NOT_AVAILABLE,NOT_AVAILABLE,NOT_AVAILABLE,NOT_AVAILABLE
200,quantinuum_h1,QV,30,BQSKit,NOT_AVAILABLE,NOT_AVAILABLE,NOT_AVAILABLE,NOT_AVAILABLE,NOT_AVAILABLE,NOT_AVAILABLE
200,quantinuum_h1,QV,30,BQSKit,NOT_AVAILABLE,NOT_AVAILABLE,NOT_AVAILABLE,NOT_AVAILABLE,NOT_AVAILABLE,NOT_AVAILABLE
200,quantinuum_h1,QV,30,BQSKit,NOT_AVAILABLE,NOT_AVAILABLE,NOT_AVAILABLE,NOT_AVAILABLE,NOT_AVAILABLE,NOT_AVAILABLE
200,quantinuum_h1,QV,30,BQSKit,NOT_AVAILABLE,NOT_AVAILABLE,NOT_AVAILABLE,NOT_AVAILABLE,NOT_AVAILABLE,NOT_AVAILABLE
200,quantinuum_h1,QV,30,BQSKit,NOT_AVAILABLE,NOT_AVAILABLE,NOT_AVAILABLE,NOT_AVAILABLE,NOT_AVAILABLE,NOT_AVAILABLE
200,quantinuum_h1,QV,30,BQSKit,NOT_AVAILABLE,NOT_AVAILABLE,NOT_AVAILABLE,NOT_AVAILABLE,NOT_AVAILABLE,NOT_AVAILABLE
200,quantinuum_h1,QV,30,BQSKit,NOT_AVAILABLE,NOT_AVAILABLE,NOT_AVAILABLE,NOT_AVAILABLE,NOT_AVAILABLE,NOT_AVAILABLE
200,quantinuum_h1,QV,30,BQSKit,NOT_AVAILABLE,NOT_AVAILABLE,NOT_AVAILABLE,NOT_AVAILABLE,NOT_AVAILABLE,NOT_AVAILABLE
200,quantinuum_h1,QV,30,BQSKit,NOT_AVAILABLE,NOT_AVAILABLE,NOT_AVAILABLE,NOT_AVAILABLE,NOT_AVAILABLE,NOT_AVAILABLE
200,quantinuum_h1,QV,30,BQSKit,NOT_AVAILABLE,NOT_AVAILABLE,NOT_AVAILABLE,NOT_AVAILABLE,NOT_AVAILABLE,NOT_AVAILABLE
200,quantinuum_h1,QV,30,BQSKit,NOT_AVAILABLE,NOT_AVAILABLE,NOT_AVAILABLE,NOT_AVAILABLE,NOT_AVAILABLE,NOT_AVAILABLE
246,google_sycamore,GHZ,30,BQSKit,NOT_AVAILABLE,NOT_AVAILABLE,NOT_AVAILABLE,NOT_AVAILABLE,NOT_AVAILABLE,NOT_AVAILABLE
246,google_sycamore,GHZ,30,BQSKit,NOT_AVAILABLE,NOT_AVAILABLE,NOT_AVAILABLE,NOT_AVAILABLE,NOT_AVAILABLE,NOT_AVAILABLE
246,google_sycamore,GHZ,30,BQSKit,NOT_AVAILABLE,NOT_AVAILABLE,NOT_AVAILABLE,NOT_AVAILABLE,NOT_AVAILABLE,NOT_AVAILABLE
246,google_sycamore,GHZ,30,BQSKit,NOT_AVAILABLE,NOT_AVAILABLE,NOT_AVAILABLE,NOT_AVAILABLE,NOT_AVAILABLE,NOT_AVAILABLE
246,google_sycamore,GHZ,30,BQSKit,NOT_AVAILABLE,NOT_AVAILABLE,NOT_AVAILABLE,NOT_AVAILABLE,NOT_AVAILABLE,NOT_AVAILABLE
246,google_sycamore,GHZ,30,BQSKit,NOT_AVAILABLE,NOT_AVAILABLE,NOT_AVAILABLE,NOT_AVAILABLE,NOT_AVAILABLE,NOT_AVAILABLE
246,google_sycamore,GHZ,30,BQSKit,NOT_AVAILABLE,NOT_AVAILABLE,NOT_AVAILABLE,NOT_AVAILABLE,NOT_AVAILABLE,NOT_AVAILABLE
246,google_sycamore,GHZ,30,BQSKit,NOT_AVAILABLE,NOT_AVAILABLE,NOT_AVAILABLE,NOT_AVAILABLE,NOT_AVAILABLE,NOT_AVAILABLE
246,google_sycamore,GHZ,30,BQSKit,NOT_AVAILABLE,NOT_AVAILABLE,NOT_AVAILABLE,NOT_AVAILABLE,NOT_AVAILABLE,NOT_AVAILABLE
246,google_sycamore,GHZ,30,BQSKit,NOT_AVAILABLE,NOT_AVAILABLE,NOT_AVAILABLE,NOT_AVAILABLE,NOT_AVAILABLE,NOT_AVAILABLE
246,google_sycamore,GHZ,30,BQSKit,NOT_AVAILABLE,NOT_AVAILABLE,NOT_AVAILABLE,NOT_AVAILABLE,NOT_AVAILABLE,NOT_AVAILABLE
246,google_sycamore,GHZ,30,BQSKit,NOT_AVAILABLE,NOT_AVAILABLE,NOT_AVAILABLE,NOT_AVAILABLE,NOT_AVAILABLE,NOT_AVAILABLE
246,google_sycamore,GHZ,30,BQSKit,NOT_AVAILABLE,NOT_AVAILABLE,NOT_AVAILABLE,NOT_AVAILABLE,NOT_AVAILABLE,NOT_AVAILABLE
246,google_sycamore,GHZ,30,BQSKit,NOT_AVAILABLE,NOT_AVAILABLE,NOT_AVAILABLE,NOT_AVAILABLE,NOT_AVAILABLE,NOT_AVAILABLE
246,google_sycamore,GHZ,30,BQSKit,NOT_AVAILABLE,NOT_AVAILABLE,NOT_AVAILABLE,NOT_AVAILABLE,NOT_AVAILABLE,NOT_AVAILABLE
246,google_sycamore,GHZ,30,BQSKit,NOT_AVAILABLE,NOT_AVAILABLE,NOT_AVAILABLE,NOT_AVAILABLE,NOT_AVAILABLE,NOT_AVAILABLE
246,google_sycamore,GHZ,30,BQSKit,NOT_AVAILABLE,NOT_AVAILABLE,NOT_AVAILABLE,NOT_AVAILABLE,NOT_AVAILABLE,NOT_AVAILABLE
246,google_sycamore,GHZ,30,BQSKit,NOT_AVAILABLE,NOT_AVAILABLE,NOT_AVAILABLE,NOT_AVAILABLE,NOT_AVAILABLE,NOT_AVAILABLE
246,google_sycamore,GHZ,30,BQSKit,NOT_AVAILABLE,NOT_AVAILABLE,NOT_AVAILABLE,NOT_AVAILABLE,NOT_AVAILABLE,NOT_AVAILABLE
246,google_sycamore,GHZ,30,BQSKit,NOT_AVAILABLE,NOT_AVAILABLE,NOT_AVAILABLE,NOT_AVAILABLE,NOT_AVAILABLE,NOT_AVAILABLE
246,google_sycamore,GHZ,30,BQSKit,NOT_AVAILABLE,NOT_AVAILABLE,NOT_AVAILABLE,NOT_AVAILABLE,NOT_AVAILABLE,NOT_AVAILABLE
246,google_sycamore,GHZ,30,BQSKit,NOT_AVAILABLE,NOT_AVAILABLE,NOT_AVAILABLE,NOT_AVAILABLE,NOT_AVAILABLE,NOT_AVAILABLE
246,google_sycamore,GHZ,30,BQSKit,NOT_AVAILABLE,NOT_AVAILABLE,NOT_AVAILABLE,NOT_AVAILABLE,NOT_AVAILABLE,NOT_AVAILABLE
246,google_sycamore,GHZ,30,BQSKit,NOT_AVAILABLE,NOT_AVAILABLE,NOT_AVAILABLE,NOT_AVAILABLE,NOT_AVAILABLE,NOT_AVAILABLE
246,google_sycamore,GHZ,30,BQSKit,NOT_AVAILABLE,NOT_AVAILABLE,NOT_AVAILABLE,NOT_AVAILABLE,NOT_AVAILABLE,NOT_AVAILABLE
246,google_sycamore,GHZ,30,BQSKit,NOT_AVAILABLE,NOT_AVAILABLE,NOT_AVAILABLE,NOT_AVAILABLE,NOT_AVAILABLE,NOT_AVAILABLE
246,google_sycamore,GHZ,30,BQSKit,NOT_AVAILABLE,NOT_AVAILABLE,NOT_AVAILABLE,NOT_AVAILABLE,NOT_AVAILABLE,NOT_AVAILABLE
246,google_sycamore,GHZ,30,BQSKit,NOT_AVAILABLE,NOT_AVAILABLE,NOT_AVAILABLE,NOT_AVAILABLE,NOT_AVAILABLE,NOT_AVAILABLE
246,google_sycamore,GHZ,30,BQSKit,NOT_AVAILABLE,NOT_AVAILABLE,NOT_AVAILABLE,NOT_AVAILABLE,NOT_AVAILABLE,NOT_AVAILABLE
246,google_sycamore,GHZ,30,BQSKit,NOT_AVAILABLE,NOT_AVAILABLE,NOT_AVAILABLE,NOT_AVAILABLE,NOT_AVAILABLE,NOT_AVAILABLE
246,google_sycamore,GHZ,30,BQSKit,NOT_AVAILABLE,NOT_AVAILABLE,NOT_AVAILABLE,NOT_AVAILABLE,NOT_AVAILABLE,NOT_AVAILABLE
246,google_sycamore,GHZ,30,BQSKit,NOT_AVAILABLE,NOT_AVAILABLE,NOT_AVAILABLE,NOT_AVAILABLE,NOT_AVAILABLE,NOT_AVAILABLE
246,google_sycamore,GHZ,30,BQSKit,NOT_AVAILABLE,NOT_AVAILABLE,NOT_AVAILABLE,NOT_AVAILABLE,NOT_AVAILABLE,NOT_AVAILABLE
246,google_sycamore,GHZ,30,BQSKit,NOT_AVAILABLE,NOT_AVAILABLE,NOT_AVAILABLE,NOT_AVAILABLE,NOT_AVAILABLE,NOT_AVAILABLE
246,google_sycamore,GHZ,30,BQSKit,NOT_AVAILABLE,NOT_AVAILABLE,NOT_AVAILABLE,NOT_AVAILABLE,NOT_AVAILABLE,NOT_AVAILABLE
246,google_sycamore,GHZ,30,BQSKit,NOT_AVAILABLE,NOT_AVAILABLE,NOT_AVAILABLE,NOT_AVAILABLE,NOT_AVAILABLE,NOT_AVAILABLE
246,google_sycamore,GHZ,30,BQSKit,NOT_AVAILABLE,NOT_AVAILABLE,NOT_AVAILABLE,NOT_AVAILABLE,NOT_AVAILABLE,NOT_AVAILABLE
246,google_sycamore,GHZ,30,BQSKit,NOT_AVAILABLE,NOT_AVAILABLE,NOT_AVAILABLE,NOT_AVAILABLE,NOT_AVAILABLE,NOT_AVAILABLE
246,google_sycamore,GHZ,30,BQSKit,NOT_AVAILABLE,NOT_AVAILABLE,NOT_AVAILABLE,NOT_AVAILABLE,NOT_AVAILABLE,NOT_AVAILABLE
246,google_sycamore,GHZ,30,BQSKit,NOT_AVAILABLE,NOT_AVAILABLE,NOT_AVAILABLE,NOT_AVAILABLE,NOT_AVAILABLE,NOT_AVAILABLE
246,google_sycamore,GHZ,30,BQSKit,NOT_AVAILABLE,NOT_AVAILABLE,NOT_AVAILABLE,NOT_AVAILABLE,NOT_AVAILABLE,NOT_AVAILABLE
246,google_sycamore,GHZ,30,BQSKit,NOT_AVAILABLE,NOT_AVAILABLE,NOT_AVAILABLE,NOT_AVAILABLE,NOT_AVAILABLE,NOT_AVAILABLE
246,google_sycamore,GHZ,30,BQSKit,NOT_AVAILABLE,NOT_AVAILABLE,NOT_AVAILABLE,NOT_AVAILABLE,NOT_AVAILABLE,NOT_AVAILABLE
246,google_sycamore,GHZ,30,BQSKit,NOT_AVAILABLE,NOT_AVAILABLE,NOT_AVAILABLE,NOT_AVAILABLE,NOT_AVAILABLE,NOT_AVAILABLE
246,google_sycamore,GHZ,30,BQSKit,NOT_AVAILABLE,NOT_AVAILABLE,NOT_AVAILABLE,NOT_AVAILABLE,NOT_AVAILABLE,NOT_AVAILABLE
246,google_sycamore,GHZ,30,BQSKit,NOT_AVAILABLE,NOT_AVAILABLE,NOT_AVAILABLE,NOT_AVAILABLE,NOT_AVAILABLE,NOT_AVAILABLE
246,google_sycamore,GHZ,30,BQSKit,NOT_AVAILABLE,NOT_AVAILABLE,NOT_AVAILABLE,NOT_AVAILABLE,NOT_AVAILABLE,NOT_AVAILABLE
246,google_sycamore,GHZ,30,BQSKit,NOT_AVAILABLE,NOT_AVAILABLE,NOT_AVAILABLE,NOT_AVAILABLE,NOT_AVAILABLE,NOT_AVAILABLE
246,google_sycamore,GHZ,30,BQSKit,NOT_AVAILABLE,NOT_AVAILABLE,NOT_AVAILABLE,NOT_AVAILABLE,NOT_AVAILABLE,NOT_AVAILABLE
246,google_sycamore,GHZ,30,BQSKit,NOT_AVAILABLE,NOT_AVAILABLE,NOT_AVAILABLE,NOT_AVAILABLE,NOT_AVAILABLE,NOT_AVAILABLE
246,google_sycamore,GHZ,30,BQSKit,NOT_AVAILABLE,NOT_AVAILABLE,NOT_AVAILABLE,NOT_AVAILABLE,NOT_AVAILABLE,NOT_AVAILABLE
246,google_sycamore,GHZ,30,BQSKit,NOT_AVAILABLE,NOT_AVAILABLE,NOT_AVAILABLE,NOT_AVAILABLE,NOT_AVAILABLE,NOT_AVAILABLE
246,google_sycamore,GHZ,30,BQSKit,NOT_AVAILABLE,NOT_AVAILABLE,NOT_AVAILABLE,NOT_AVAILABLE,NOT_AVAILABLE,NOT_AVAILABLE
246,google_sycamore,GHZ,30,BQSKit,NOT_AVAILABLE,NOT_AVAILABLE,NOT_AVAILABLE,NOT_AVAILABLE,NOT_AVAILABLE,NOT_AVAILABLE
246,google_sycamore,GHZ,30,BQSKit,NOT_AVAILABLE,NOT_AVAILABLE,NOT_AVAILABLE,NOT_AVAILABLE,NOT_AVAILABLE,NOT_AVAILABLE
246,google_sycamore,GHZ,30,BQSKit,NOT_AVAILABLE,NOT_AVAILABLE,NOT_AVAILABLE,NOT_AVAILABLE,NOT_AVAILABLE,NOT_AVAILABLE
246,google_sycamore,GHZ,30,BQSKit,NOT_AVAILABLE,NOT_AVAILABLE,NOT_AVAILABLE,NOT_AVAILABLE,NOT_AVAILABLE,NOT_AVAILABLE
246,google_sycamore,GHZ,30,BQSKit,NOT_AVAILABLE,NOT_AVAILABLE,NOT_AVAILABLE,NOT_AVAILABLE,NOT_AVAILABLE,NOT_AVAILABLE
246,google_sycamore,GHZ,30,BQSKit,NOT_AVAILABLE,NOT_AVAILABLE,NOT_AVAILABLE,NOT_AVAILABLE,NOT_AVAILABLE,NOT_AVAILABLE
246,google_sycamore,GHZ,30,BQSKit,NOT_AVAILABLE,NOT_AVAILABLE,NOT_AVAILABLE,NOT_AVAILABLE,NOT_AVAILABLE,NOT_AVAILABLE
247,google_sycamore,QFT,30,BQSKit,NOT_AVAILABLE,NOT_AVAILABLE,NOT_AVAILABLE,NOT_AVAILABLE,NOT_AVAILABLE,NOT_AVAILABLE
247,google_sycamore,QFT,30,BQSKit,NOT_AVAILABLE,NOT_AVAILABLE,NOT_AVAILABLE,NOT_AVAILABLE,NOT_AVAILABLE,NOT_AVAILABLE
247,google_sycamore,QFT,30,BQSKit,NOT_AVAILABLE,NOT_AVAILABLE,NOT_AVAILABLE,NOT_AVAILABLE,NOT_AVAILABLE,NOT_AVAILABLE
247,google_sycamore,QFT,30,BQSKit,NOT_AVAILABLE,NOT_AVAILABLE,NOT_AVAILABLE,NOT_AVAILABLE,NOT_AVAILABLE,NOT_AVAILABLE
247,google_sycamore,QFT,30,BQSKit,NOT_AVAILABLE,NOT_AVAILABLE,NOT_AVAILABLE,NOT_AVAILABLE,NOT_AVAILABLE,NOT_AVAILABLE
247,google_sycamore,QFT,30,BQSKit,NOT_AVAILABLE,NOT_AVAILABLE,NOT_AVAILABLE,NOT_AVAILABLE,NOT_AVAILABLE,NOT_AVAILABLE
247,google_sycamore,QFT,30,BQSKit,NOT_AVAILABLE,NOT_AVAILABLE,NOT_AVAILABLE,NOT_AVAILABLE,NOT_AVAILABLE,NOT_AVAILABLE
247,google_sycamore,QFT,30,BQSKit,NOT_AVAILABLE,NOT_AVAILABLE,NOT_AVAILABLE,NOT_AVAILABLE,NOT_AVAILABLE,NOT_AVAILABLE
247,google_sycamore,QFT,30,BQSKit,NOT_AVAILABLE,NOT_AVAILABLE,NOT_AVAILABLE,NOT_AVAILABLE,NOT_AVAILABLE,NOT_AVAILABLE
247,google_sycamore,QFT,30,BQSKit,NOT_AVAILABLE,NOT_AVAILABLE,NOT_AVAILABLE,NOT_AVAILABLE,NOT_AVAILABLE,NOT_AVAILABLE
247,google_sycamore,QFT,30,BQSKit,NOT_AVAILABLE,NOT_AVAILABLE,NOT_AVAILABLE,NOT_AVAILABLE,NOT_AVAILABLE,NOT_AVAILABLE
247,google_sycamore,QFT,30,BQSKit,NOT_AVAILABLE,NOT_AVAILABLE,NOT_AVAILABLE,NOT_AVAILABLE,NOT_AVAILABLE,NOT_AVAILABLE
247,google_sycamore,QFT,30,BQSKit,NOT_AVAILABLE,NOT_AVAILABLE,NOT_AVAILABLE,NOT_AVAILABLE,NOT_AVAILABLE,NOT_AVAILABLE
247,google_sycamore,QFT,30,BQSKit,NOT_AVAILABLE,NOT_AVAILABLE,NOT_AVAILABLE,NOT_AVAILABLE,NOT_AVAILABLE,NOT_AVAILABLE
247,google_sycamore,QFT,30,BQSKit,NOT_AVAILABLE,NOT_AVAILABLE,NOT_AVAILABLE,NOT_AVAILABLE,NOT_AVAILABLE,NOT_AVAILABLE
247,google_sycamore,QFT,30,BQSKit,NOT_AVAILABLE,NOT_AVAILABLE,NOT_AVAILABLE,NOT_AVAILABLE,NOT_AVAILABLE,NOT_AVAILABLE
247,google_sycamore,QFT,30,BQSKit,NOT_AVAILABLE,NOT_AVAILABLE,NOT_AVAILABLE,NOT_AVAILABLE,NOT_AVAILABLE,NOT_AVAILABLE
247,google_sycamore,QFT,30,BQSKit,NOT_AVAILABLE,NOT_AVAILABLE,NOT_AVAILABLE,NOT_AVAILABLE,NOT_AVAILABLE,NOT_AVAILABLE
247,google_sycamore,QFT,30,BQSKit,NOT_AVAILABLE,NOT_AVAILABLE,NOT_AVAILABLE,NOT_AVAILABLE,NOT_AVAILABLE,NOT_AVAILABLE
247,google_sycamore,QFT,30,BQSKit,NOT_AVAILABLE,NOT_AVAILABLE,NOT_AVAILABLE,NOT_AVAILABLE,NOT_AVAILABLE,NOT_AVAILABLE
247,google_sycamore,QFT,30,BQSKit,NOT_AVAILABLE,NOT_AVAILABLE,NOT_AVAILABLE,NOT_AVAILABLE,NOT_AVAILABLE,NOT_AVAILABLE
247,google_sycamore,QFT,30,BQSKit,NOT_AVAILABLE,NOT_AVAILABLE,NOT_AVAILABLE,NOT_AVAILABLE,NOT_AVAILABLE,NOT_AVAILABLE
247,google_sycamore,QFT,30,BQSKit,NOT_AVAILABLE,NOT_AVAILABLE,NOT_AVAILABLE,NOT_AVAILABLE,NOT_AVAILABLE,NOT_AVAILABLE
247,google_sycamore,QFT,30,BQSKit,NOT_AVAILABLE,NOT_AVAILABLE,NOT_AVAILABLE,NOT_AVAILABLE,NOT_AVAILABLE,NOT_AVAILABLE
247,google_sycamore,QFT,30,BQSKit,NOT_AVAILABLE,NOT_AVAILABLE,NOT_AVAILABLE,NOT_AVAILABLE,NOT_AVAILABLE,NOT_AVAILABLE
247,google_sycamore,QFT,30,BQSKit,NOT_AVAILABLE,NOT_AVAILABLE,NOT_AVAILABLE,NOT_AVAILABLE,NOT_AVAILABLE,NOT_AVAILABLE
247,google_sycamore,QFT,30,BQSKit,NOT_AVAILABLE,NOT_AVAILABLE,NOT_AVAILABLE,NOT_AVAILABLE,NOT_AVAILABLE,NOT_AVAILABLE
247,google_sycamore,QFT,30,BQSKit,NOT_AVAILABLE,NOT_AVAILABLE,NOT_AVAILABLE,NOT_AVAILABLE,NOT_AVAILABLE,NOT_AVAILABLE
247,google_sycamore,QFT,30,BQSKit,NOT_AVAILABLE,NOT_AVAILABLE,NOT_AVAILABLE,NOT_AVAILABLE,NOT_AVAILABLE,NOT_AVAILABLE
247,google_sycamore,QFT,30,BQSKit,NOT_AVAILABLE,NOT_AVAILABLE,NOT_AVAILABLE,NOT_AVAILABLE,NOT_AVAILABLE,NOT_AVAILABLE
247,google_sycamore,QFT,30,BQSKit,NOT_AVAILABLE,NOT_AVAILABLE,NOT_AVAILABLE,NOT_AVAILABLE,NOT_AVAILABLE,NOT_AVAILABLE
247,google_sycamore,QFT,30,BQSKit,NOT_AVAILABLE,NOT_AVAILABLE,NOT_AVAILABLE,NOT_AVAILABLE,NOT_AVAILABLE,NOT_AVAILABLE
247,google_sycamore,QFT,30,BQSKit,NOT_AVAILABLE,NOT_AVAILABLE,NOT_AVAILABLE,NOT_AVAILABLE,NOT_AVAILABLE,NOT_AVAILABLE
247,google_sycamore,QFT,30,BQSKit,NOT_AVAILABLE,NOT_AVAILABLE,NOT_AVAILABLE,NOT_AVAILABLE,NOT_AVAILABLE,NOT_AVAILABLE
247,google_sycamore,QFT,30,BQSKit,NOT_AVAILABLE,NOT_AVAILABLE,NOT_AVAILABLE,NOT_AVAILABLE,NOT_AVAILABLE,NOT_AVAILABLE
247,google_sycamore,QFT,30,BQSKit,NOT_AVAILABLE,NOT_AVAILABLE,NOT_AVAILABLE,NOT_AVAILABLE,NOT_AVAILABLE,NOT_AVAILABLE
247,google_sycamore,QFT,30,BQSKit,NOT_AVAILABLE,NOT_AVAILABLE,NOT_AVAILABLE,NOT_AVAILABLE,NOT_AVAILABLE,NOT_AVAILABLE
247,google_sycamore,QFT,30,BQSKit,NOT_AVAILABLE,NOT_AVAILABLE,NOT_AVAILABLE,NOT_AVAILABLE,NOT_AVAILABLE,NOT_AVAILABLE
247,google_sycamore,QFT,30,BQSKit,NOT_AVAILABLE,NOT_AVAILABLE,NOT_AVAILABLE,NOT_AVAILABLE,NOT_AVAILABLE,NOT_AVAILABLE
247,google_sycamore,QFT,30,BQSKit,NOT_AVAILABLE,NOT_AVAILABLE,NOT_AVAILABLE,NOT_AVAILABLE,NOT_AVAILABLE,NOT_AVAILABLE
247,google_sycamore,QFT,30,BQSKit,NOT_AVAILABLE,NOT_AVAILABLE,NOT_AVAILABLE,NOT_AVAILABLE,NOT_AVAILABLE,NOT_AVAILABLE
247,google_sycamore,QFT,30,BQSKit,NOT_AVAILABLE,NOT_AVAILABLE,NOT_AVAILABLE,NOT_AVAILABLE,NOT_AVAILABLE,NOT_AVAILABLE
247,google_sycamore,QFT,30,BQSKit,NOT_AVAILABLE,NOT_AVAILABLE,NOT_AVAILABLE,NOT_AVAILABLE,NOT_AVAILABLE,NOT_AVAILABLE
247,google_sycamore,QFT,30,BQSKit,NOT_AVAILABLE,NOT_AVAILABLE,NOT_AVAILABLE,NOT_AVAILABLE,NOT_AVAILABLE,NOT_AVAILABLE
247,google_sycamore,QFT,30,BQSKit,NOT_AVAILABLE,NOT_AVAILABLE,NOT_AVAILABLE,NOT_AVAILABLE,NOT_AVAILABLE,NOT_AVAILABLE
247,google_sycamore,QFT,30,BQSKit,NOT_AVAILABLE,NOT_AVAILABLE,NOT_AVAILABLE,NOT_AVAILABLE,NOT_AVAILABLE,NOT_AVAILABLE
247,google_sycamore,QFT,30,BQSKit,NOT_AVAILABLE,NOT_AVAILABLE,NOT_AVAILABLE,NOT_AVAILABLE,NOT_AVAILABLE,NOT_AVAILABLE
247,google_sycamore,QFT,30,BQSKit,NOT_AVAILABLE,NOT_AVAILABLE,NOT_AVAILABLE,NOT_AVAILABLE,NOT_AVAILABLE,NOT_AVAILABLE
247,google_sycamore,QFT,30,BQSKit,NOT_AVAILABLE,NOT_AVAILABLE,NOT_AVAILABLE,NOT_AVAILABLE,NOT_AVAILABLE,NOT_AVAILABLE
247,google_sycamore,QFT,30,BQSKit,NOT_AVAILABLE,NOT_AVAILABLE,NOT_AVAILABLE,NOT_AVAILABLE,NOT_AVAILABLE,NOT_AVAILABLE
247,google_sycamore,QFT,30,BQSKit,NOT_AVAILABLE,NOT_AVAILABLE,NOT_AVAILABLE,NOT_AVAILABLE,NOT_AVAILABLE,NOT_AVAILABLE
247,google_sycamore,QFT,30,BQSKit,NOT_AVAILABLE,NOT_AVAILABLE,NOT_AVAILABLE,NOT_AVAILABLE,NOT_AVAILABLE,NOT_AVAILABLE
247,google_sycamore,QFT,30,BQSKit,NOT_AVAILABLE,NOT_AVAILABLE,NOT_AVAILABLE,NOT_AVAILABLE,NOT_AVAILABLE,NOT_AVAILABLE
247,google_sycamore,QFT,30,BQSKit,NOT_AVAILABLE,NOT_AVAILABLE,NOT_AVAILABLE,NOT_AVAILABLE,NOT_AVAILABLE,NOT_AVAILABLE
247,google_sycamore,QFT,30,BQSKit,NOT_AVAILABLE,NOT_AVAILABLE,NOT_AVAILABLE,NOT_AVAILABLE,NOT_AVAILABLE,NOT_AVAILABLE
247,google_sycamore,QFT,30,BQSKit,NOT_AVAILABLE,NOT_AVAILABLE,NOT_AVAILABLE,NOT_AVAILABLE,NOT_AVAILABLE,NOT_AVAILABLE
247,google_sycamore,QFT,30,BQSKit,NOT_AVAILABLE,NOT_AVAILABLE,NOT_AVAILABLE,NOT_AVAILABLE,NOT_AVAILABLE,NOT_AVAILABLE
247,google_sycamore,QFT,30,BQSKit,NOT_AVAILABLE,NOT_AVAILABLE,NOT_AVAILABLE,NOT_AVAILABLE,NOT_AVAILABLE,NOT_AVAILABLE
247,google_sycamore,QFT,30,BQSKit,NOT_AVAILABLE,NOT_AVAILABLE,NOT_AVAILABLE,NOT_AVAILABLE,NOT_AVAILABLE,NOT_AVAILABLE
247,google_sycamore,QFT,30,BQSKit,NOT_AVAILABLE,NOT_AVAILABLE,NOT_AVAILABLE,NOT_AVAILABLE,NOT_AVAILABLE,NOT_AVAILABLE
248,google_sycamore,VQE,30,BQSKit,NOT_AVAILABLE,NOT_AVAILABLE,NOT_AVAILABLE,NOT_AVAILABLE,NOT_AVAILABLE,NOT_AVAILABLE
248,google_sycamore,VQE,30,BQSKit,NOT_AVAILABLE,NOT_AVAILABLE,NOT_AVAILABLE,NOT_AVAILABLE,NOT_AVAILABLE,NOT_AVAILABLE
248,google_sycamore,VQE,30,BQSKit,NOT_AVAILABLE,NOT_AVAILABLE,NOT_AVAILABLE,NOT_AVAILABLE,NOT_AVAILABLE,NOT_AVAILABLE
248,google_sycamore,VQE,30,BQSKit,NOT_AVAILABLE,NOT_AVAILABLE,NOT_AVAILABLE,NOT_AVAILABLE,NOT_AVAILABLE,NOT_AVAILABLE
248,google_sycamore,VQE,30,BQSKit,NOT_AVAILABLE,NOT_AVAILABLE,NOT_AVAILABLE,NOT_AVAILABLE,NOT_AVAILABLE,NOT_AVAILABLE
248,google_sycamore,VQE,30,BQSKit,NOT_AVAILABLE,NOT_AVAILABLE,NOT_AVAILABLE,NOT_AVAILABLE,NOT_AVAILABLE,NOT_AVAILABLE
248,google_sycamore,VQE,30,BQSKit,NOT_AVAILABLE,NOT_AVAILABLE,NOT_AVAILABLE,NOT_AVAILABLE,NOT_AVAILABLE,NOT_AVAILABLE
248,google_sycamore,VQE,30,BQSKit,NOT_AVAILABLE,NOT_AVAILABLE,NOT_AVAILABLE,NOT_AVAILABLE,NOT_AVAILABLE,NOT_AVAILABLE
248,google_sycamore,VQE,30,BQSKit,NOT_AVAILABLE,NOT_AVAILABLE,NOT_AVAILABLE,NOT_AVAILABLE,NOT_AVAILABLE,NOT_AVAILABLE
248,google_sycamore,VQE,30,BQSKit,NOT_AVAILABLE,NOT_AVAILABLE,NOT_AVAILABLE,NOT_AVAILABLE,NOT_AVAILABLE,NOT_AVAILABLE
248,google_sycamore,VQE,30,BQSKit,NOT_AVAILABLE,NOT_AVAILABLE,NOT_AVAILABLE,NOT_AVAILABLE,NOT_AVAILABLE,NOT_AVAILABLE
248,google_sycamore,VQE,30,BQSKit,NOT_AVAILABLE,NOT_AVAILABLE,NOT_AVAILABLE,NOT_AVAILABLE,NOT_AVAILABLE,NOT_AVAILABLE
248,google_sycamore,VQE,30,BQSKit,NOT_AVAILABLE,NOT_AVAILABLE,NOT_AVAILABLE,NOT_AVAILABLE,NOT_AVAILABLE,NOT_AVAILABLE
248,google_sycamore,VQE,30,BQSKit,NOT_AVAILABLE,NOT_AVAILABLE,NOT_AVAILABLE,NOT_AVAILABLE,NOT_AVAILABLE,NOT_AVAILABLE
248,google_sycamore,VQE,30,BQSKit,NOT_AVAILABLE,NOT_AVAILABLE,NOT_AVAILABLE,NOT_AVAILABLE,NOT_AVAILABLE,NOT_AVAILABLE
248,google_sycamore,VQE,30,BQSKit,NOT_AVAILABLE,NOT_AVAILABLE,NOT_AVAILABLE,NOT_AVAILABLE,NOT_AVAILABLE,NOT_AVAILABLE
248,google_sycamore,VQE,30,BQSKit,NOT_AVAILABLE,NOT_AVAILABLE,NOT_AVAILABLE,NOT_AVAILABLE,NOT_AVAILABLE,NOT_AVAILABLE
248,google_sycamore,VQE,30,BQSKit,NOT_AVAILABLE,NOT_AVAILABLE,NOT_AVAILABLE,NOT_AVAILABLE,NOT_AVAILABLE,NOT_AVAILABLE
248,google_sycamore,VQE,30,BQSKit,NOT_AVAILABLE,NOT_AVAILABLE,NOT_AVAILABLE,NOT_AVAILABLE,NOT_AVAILABLE,NOT_AVAILABLE
248,google_sycamore,VQE,30,BQSKit,NOT_AVAILABLE,NOT_AVAILABLE,NOT_AVAILABLE,NOT_AVAILABLE,NOT_AVAILABLE,NOT_AVAILABLE
248,google_sycamore,VQE,30,BQSKit,NOT_AVAILABLE,NOT_AVAILABLE,NOT_AVAILABLE,NOT_AVAILABLE,NOT_AVAILABLE,NOT_AVAILABLE
248,google_sycamore,VQE,30,BQSKit,NOT_AVAILABLE,NOT_AVAILABLE,NOT_AVAILABLE,NOT_AVAILABLE,NOT_AVAILABLE,NOT_AVAILABLE
248,google_sycamore,VQE,30,BQSKit,NOT_AVAILABLE,NOT_AVAILABLE,NOT_AVAILABLE,NOT_AVAILABLE,NOT_AVAILABLE,NOT_AVAILABLE
248,google_sycamore,VQE,30,BQSKit,NOT_AVAILABLE,NOT_AVAILABLE,NOT_AVAILABLE,NOT_AVAILABLE,NOT_AVAILABLE,NOT_AVAILABLE
248,google_sycamore,VQE,30,BQSKit,NOT_AVAILABLE,NOT_AVAILABLE,NOT_AVAILABLE,NOT_AVAILABLE,NOT_AVAILABLE,NOT_AVAILABLE
248,google_sycamore,VQE,30,BQSKit,NOT_AVAILABLE,NOT_AVAILABLE,NOT_AVAILABLE,NOT_AVAILABLE,NOT_AVAILABLE,NOT_AVAILABLE
248,google_sycamore,VQE,30,BQSKit,NOT_AVAILABLE,NOT_AVAILABLE,NOT_AVAILABLE,NOT_AVAILABLE,NOT_AVAILABLE,NOT_AVAILABLE
248,google_sycamore,VQE,30,BQSKit,NOT_AVAILABLE,NOT_AVAILABLE,NOT_AVAILABLE,NOT_AVAILABLE,NOT_AVAILABLE,NOT_AVAILABLE
248,google_sycamore,VQE,30,BQSKit,NOT_AVAILABLE,NOT_AVAILABLE,NOT_AVAILABLE,NOT_AVAILABLE,NOT_AVAILABLE,NOT_AVAILABLE
248,google_sycamore,VQE,30,BQSKit,NOT_AVAILABLE,NOT_AVAILABLE,NOT_AVAILABLE,NOT_AVAILABLE,NOT_AVAILABLE,NOT_AVAILABLE
248,google_sycamore,VQE,30,BQSKit,NOT_AVAILABLE,NOT_AVAILABLE,NOT_AVAILABLE,NOT_AVAILABLE,NOT_AVAILABLE,NOT_AVAILABLE
248,google_sycamore,VQE,30,BQSKit,NOT_AVAILABLE,NOT_AVAILABLE,NOT_AVAILABLE,NOT_AVAILABLE,NOT_AVAILABLE,NOT_AVAILABLE
248,google_sycamore,VQE,30,BQSKit,NOT_AVAILABLE,NOT_AVAILABLE,NOT_AVAILABLE,NOT_AVAILABLE,NOT_AVAILABLE,NOT_AVAILABLE
248,google_sycamore,VQE,30,BQSKit,NOT_AVAILABLE,NOT_AVAILABLE,NOT_AVAILABLE,NOT_AVAILABLE,NOT_AVAILABLE,NOT_AVAILABLE
248,google_sycamore,VQE,30,BQSKit,NOT_AVAILABLE,NOT_AVAILABLE,NOT_AVAILABLE,NOT_AVAILABLE,NOT_AVAILABLE,NOT_AVAILABLE
248,google_sycamore,VQE,30,BQSKit,NOT_AVAILABLE,NOT_AVAILABLE,NOT_AVAILABLE,NOT_AVAILABLE,NOT_AVAILABLE,NOT_AVAILABLE
248,google_sycamore,VQE,30,BQSKit,NOT_AVAILABLE,NOT_AVAILABLE,NOT_AVAILABLE,NOT_AVAILABLE,NOT_AVAILABLE,NOT_AVAILABLE
248,google_sycamore,VQE,30,BQSKit,NOT_AVAILABLE,NOT_AVAILABLE,NOT_AVAILABLE,NOT_AVAILABLE,NOT_AVAILABLE,NOT_AVAILABLE
248,google_sycamore,VQE,30,BQSKit,NOT_AVAILABLE,NOT_AVAILABLE,NOT_AVAILABLE,NOT_AVAILABLE,NOT_AVAILABLE,NOT_AVAILABLE
248,google_sycamore,VQE,30,BQSKit,NOT_AVAILABLE,NOT_AVAILABLE,NOT_AVAILABLE,NOT_AVAILABLE,NOT_AVAILABLE,NOT_AVAILABLE
248,google_sycamore,VQE,30,BQSKit,NOT_AVAILABLE,NOT_AVAILABLE,NOT_AVAILABLE,NOT_AVAILABLE,NOT_AVAILABLE,NOT_AVAILABLE
248,google_sycamore,VQE,30,BQSKit,NOT_AVAILABLE,NOT_AVAILABLE,NOT_AVAILABLE,NOT_AVAILABLE,NOT_AVAILABLE,NOT_AVAILABLE
248,google_sycamore,VQE,30,BQSKit,NOT_AVAILABLE,NOT_AVAILABLE,NOT_AVAILABLE,NOT_AVAILABLE,NOT_AVAILABLE,NOT_AVAILABLE
248,google_sycamore,VQE,30,BQSKit,NOT_AVAILABLE,NOT_AVAILABLE,NOT_AVAILABLE,NOT_AVAILABLE,NOT_AVAILABLE,NOT_AVAILABLE
248,google_sycamore,VQE,30,BQSKit,NOT_AVAILABLE,NOT_AVAILABLE,NOT_AVAILABLE,NOT_AVAILABLE,NOT_AVAILABLE,NOT_AVAILABLE
248,google_sycamore,VQE,30,BQSKit,NOT_AVAILABLE,NOT_AVAILABLE,NOT_AVAILABLE,NOT_AVAILABLE,NOT_AVAILABLE,NOT_AVAILABLE
248,google_sycamore,VQE,30,BQSKit,NOT_AVAILABLE,NOT_AVAILABLE,NOT_AVAILABLE,NOT_AVAILABLE,NOT_AVAILABLE,NOT_AVAILABLE
248,google_sycamore,VQE,30,BQSKit,NOT_AVAILABLE,NOT_AVAILABLE,NOT_AVAILABLE,NOT_AVAILABLE,NOT_AVAILABLE,NOT_AVAILABLE
248,google_sycamore,VQE,30,BQSKit,NOT_AVAILABLE,NOT_AVAILABLE,NOT_AVAILABLE,NOT_AVAILABLE,NOT_AVAILABLE,NOT_AVAILABLE
248,google_sycamore,VQE,30,BQSKit,NOT_AVAILABLE,NOT_AVAILABLE,NOT_AVAILABLE,NOT_AVAILABLE,NOT_AVAILABLE,NOT_AVAILABLE
248,google_sycamore,VQE,30,BQSKit,NOT_AVAILABLE,NOT_AVAILABLE,NOT_AVAILABLE,NOT_AVAILABLE,NOT_AVAILABLE,NOT_AVAILABLE
248,google_sycamore,VQE,30,BQSKit,NOT_AVAILABLE,NOT_AVAILABLE,NOT_AVAILABLE,NOT_AVAILABLE,NOT_AVAILABLE,NOT_AVAILABLE
248,google_sycamore,VQE,30,BQSKit,NOT_AVAILABLE,NOT_AVAILABLE,NOT_AVAILABLE,NOT_AVAILABLE,NOT_AVAILABLE,NOT_AVAILABLE
248,google_sycamore,VQE,30,BQSKit,NOT_AVAILABLE,NOT_AVAILABLE,NOT_AVAILABLE,NOT_AVAILABLE,NOT_AVAILABLE,NOT_AVAILABLE
248,google_sycamore,VQE,30,BQSKit,NOT_AVAILABLE,NOT_AVAILABLE,NOT_AVAILABLE,NOT_AVAILABLE,NOT_AVAILABLE,NOT_AVAILABLE
248,google_sycamore,VQE,30,BQSKit,NOT_AVAILABLE,NOT_AVAILABLE,NOT_AVAILABLE,NOT_AVAILABLE,NOT_AVAILABLE,NOT_AVAILABLE
248,google_sycamore,VQE,30,BQSKit,NOT_AVAILABLE,NOT_AVAILABLE,NOT_AVAILABLE,NOT_AVAILABLE,NOT_AVAILABLE,NOT_AVAILABLE
248,google_sycamore,VQE,30,BQSKit,NOT_AVAILABLE,NOT_AVAILABLE,NOT_AVAILABLE,NOT_AVAILABLE,NOT_AVAILABLE,NOT_AVAILABLE
248,google_sycamore,VQE,30,BQSKit,NOT_AVAILABLE,NOT_AVAILABLE,NOT_AVAILABLE,NOT_AVAILABLE,NOT_AVAILABLE,NOT_AVAILABLE
248,google_sycamore,VQE,30,BQSKit,NOT_AVAILABLE,NOT_AVAILABLE,NOT_AVAILABLE,NOT_AVAILABLE,NOT_AVAILABLE,NOT_AVAILABLE
249,google_sycamore,QAOA,30,BQSKit,NOT_AVAILABLE,NOT_AVAILABLE,NOT_AVAILABLE,NOT_AVAILABLE,NOT_AVAILABLE,NOT_AVAILABLE
249,google_sycamore,QAOA,30,BQSKit,NOT_AVAILABLE,NOT_AVAILABLE,NOT_AVAILABLE,NOT_AVAILABLE,NOT_AVAILABLE,NOT_AVAILABLE
249,google_sycamore,QAOA,30,BQSKit,NOT_AVAILABLE,NOT_AVAILABLE,NOT_AVAILABLE,NOT_AVAILABLE,NOT_AVAILABLE,NOT_AVAILABLE
249,google_sycamore,QAOA,30,BQSKit,NOT_AVAILABLE,NOT_AVAILABLE,NOT_AVAILABLE,NOT_AVAILABLE,NOT_AVAILABLE,NOT_AVAILABLE
249,google_sycamore,QAOA,30,BQSKit,NOT_AVAILABLE,NOT_AVAILABLE,NOT_AVAILABLE,NOT_AVAILABLE,NOT_AVAILABLE,NOT_AVAILABLE
249,google_sycamore,QAOA,30,BQSKit,NOT_AVAILABLE,NOT_AVAILABLE,NOT_AVAILABLE,NOT_AVAILABLE,NOT_AVAILABLE,NOT_AVAILABLE
249,google_sycamore,QAOA,30,BQSKit,NOT_AVAILABLE,NOT_AVAILABLE,NOT_AVAILABLE,NOT_AVAILABLE,NOT_AVAILABLE,NOT_AVAILABLE
249,google_sycamore,QAOA,30,BQSKit,NOT_AVAILABLE,NOT_AVAILABLE,NOT_AVAILABLE,NOT_AVAILABLE,NOT_AVAILABLE,NOT_AVAILABLE
249,google_sycamore,QAOA,30,BQSKit,NOT_AVAILABLE,NOT_AVAILABLE,NOT_AVAILABLE,NOT_AVAILABLE,NOT_AVAILABLE,NOT_AVAILABLE
249,google_sycamore,QAOA,30,BQSKit,NOT_AVAILABLE,NOT_AVAILABLE,NOT_AVAILABLE,NOT_AVAILABLE,NOT_AVAILABLE,NOT_AVAILABLE
249,google_sycamore,QAOA,30,BQSKit,NOT_AVAILABLE,NOT_AVAILABLE,NOT_AVAILABLE,NOT_AVAILABLE,NOT_AVAILABLE,NOT_AVAILABLE
249,google_sycamore,QAOA,30,BQSKit,NOT_AVAILABLE,NOT_AVAILABLE,NOT_AVAILABLE,NOT_AVAILABLE,NOT_AVAILABLE,NOT_AVAILABLE
249,google_sycamore,QAOA,30,BQSKit,NOT_AVAILABLE,NOT_AVAILABLE,NOT_AVAILABLE,NOT_AVAILABLE,NOT_AVAILABLE,NOT_AVAILABLE
249,google_sycamore,QAOA,30,BQSKit,NOT_AVAILABLE,NOT_AVAILABLE,NOT_AVAILABLE,NOT_AVAILABLE,NOT_AVAILABLE,NOT_AVAILABLE
249,google_sycamore,QAOA,30,BQSKit,NOT_AVAILABLE,NOT_AVAILABLE,NOT_AVAILABLE,NOT_AVAILABLE,NOT_AVAILABLE,NOT_AVAILABLE
249,google_sycamore,QAOA,30,BQSKit,NOT_AVAILABLE,NOT_AVAILABLE,NOT_AVAILABLE,NOT_AVAILABLE,NOT_AVAILABLE,NOT_AVAILABLE
249,google_sycamore,QAOA,30,BQSKit,NOT_AVAILABLE,NOT_AVAILABLE,NOT_AVAILABLE,NOT_AVAILABLE,NOT_AVAILABLE,NOT_AVAILABLE
249,google_sycamore,QAOA,30,BQSKit,NOT_AVAILABLE,NOT_AVAILABLE,NOT_AVAILABLE,NOT_AVAILABLE,NOT_AVAILABLE,NOT_AVAILABLE
249,google_sycamore,QAOA,30,BQSKit,NOT_AVAILABLE,NOT_AVAILABLE,NOT_AVAILABLE,NOT_AVAILABLE,NOT_AVAILABLE,NOT_AVAILABLE
249,google_sycamore,QAOA,30,BQSKit,NOT_AVAILABLE,NOT_AVAILABLE,NOT_AVAILABLE,NOT_AVAILABLE,NOT_AVAILABLE,NOT_AVAILABLE
249,google_sycamore,QAOA,30,BQSKit,NOT_AVAILABLE,NOT_AVAILABLE,NOT_AVAILABLE,NOT_AVAILABLE,NOT_AVAILABLE,NOT_AVAILABLE
249,google_sycamore,QAOA,30,BQSKit,NOT_AVAILABLE,NOT_AVAILABLE,NOT_AVAILABLE,NOT_AVAILABLE,NOT_AVAILABLE,NOT_AVAILABLE
249,google_sycamore,QAOA,30,BQSKit,NOT_AVAILABLE,NOT_AVAILABLE,NOT_AVAILABLE,NOT_AVAILABLE,NOT_AVAILABLE,NOT_AVAILABLE
249,google_sycamore,QAOA,30,BQSKit,NOT_AVAILABLE,NOT_AVAILABLE,NOT_AVAILABLE,NOT_AVAILABLE,NOT_AVAILABLE,NOT_AVAILABLE
249,google_sycamore,QAOA,30,BQSKit,NOT_AVAILABLE,NOT_AVAILABLE,NOT_AVAILABLE,NOT_AVAILABLE,NOT_AVAILABLE,NOT_AVAILABLE
249,google_sycamore,QAOA,30,BQSKit,NOT_AVAILABLE,NOT_AVAILABLE,NOT_AVAILABLE,NOT_AVAILABLE,NOT_AVAILABLE,NOT_AVAILABLE
249,google_sycamore,QAOA,30,BQSKit,NOT_AVAILABLE,NOT_AVAILABLE,NOT_AVAILABLE,NOT_AVAILABLE,NOT_AVAILABLE,NOT_AVAILABLE
249,google_sycamore,QAOA,30,BQSKit,NOT_AVAILABLE,NOT_AVAILABLE,NOT_AVAILABLE,NOT_AVAILABLE,NOT_AVAILABLE,NOT_AVAILABLE
249,google_sycamore,QAOA,30,BQSKit,NOT_AVAILABLE,NOT_AVAILABLE,NOT_AVAILABLE,NOT_AVAILABLE,NOT_AVAILABLE,NOT_AVAILABLE
249,google_sycamore,QAOA,30,BQSKit,NOT_AVAILABLE,NOT_AVAILABLE,NOT_AVAILABLE,NOT_AVAILABLE,NOT_AVAILABLE,NOT_AVAILABLE
249,google_sycamore,QAOA,30,BQSKit,NOT_AVAILABLE,NOT_AVAILABLE,NOT_AVAILABLE,NOT_AVAILABLE,NOT_AVAILABLE,NOT_AVAILABLE
249,google_sycamore,QAOA,30,BQSKit,NOT_AVAILABLE,NOT_AVAILABLE,NOT_AVAILABLE,NOT_AVAILABLE,NOT_AVAILABLE,NOT_AVAILABLE
249,google_sycamore,QAOA,30,BQSKit,NOT_AVAILABLE,NOT_AVAILABLE,NOT_AVAILABLE,NOT_AVAILABLE,NOT_AVAILABLE,NOT_AVAILABLE
249,google_sycamore,QAOA,30,BQSKit,NOT_AVAILABLE,NOT_AVAILABLE,NOT_AVAILABLE,NOT_AVAILABLE,NOT_AVAILABLE,NOT_AVAILABLE
249,google_sycamore,QAOA,30,BQSKit,NOT_AVAILABLE,NOT_AVAILABLE,NOT_AVAILABLE,NOT_AVAILABLE,NOT_AVAILABLE,NOT_AVAILABLE
249,google_sycamore,QAOA,30,BQSKit,NOT_AVAILABLE,NOT_AVAILABLE,NOT_AVAILABLE,NOT_AVAILABLE,NOT_AVAILABLE,NOT_AVAILABLE
249,google_sycamore,QAOA,30,BQSKit,NOT_AVAILABLE,NOT_AVAILABLE,NOT_AVAILABLE,NOT_AVAILABLE,NOT_AVAILABLE,NOT_AVAILABLE
249,google_sycamore,QAOA,30,BQSKit,NOT_AVAILABLE,NOT_AVAILABLE,NOT_AVAILABLE,NOT_AVAILABLE,NOT_AVAILABLE,NOT_AVAILABLE
249,google_sycamore,QAOA,30,BQSKit,NOT_AVAILABLE,NOT_AVAILABLE,NOT_AVAILABLE,NOT_AVAILABLE,NOT_AVAILABLE,NOT_AVAILABLE
249,google_sycamore,QAOA,30,BQSKit,NOT_AVAILABLE,NOT_AVAILABLE,NOT_AVAILABLE,NOT_AVAILABLE,NOT_AVAILABLE,NOT_AVAILABLE
249,google_sycamore,QAOA,30,BQSKit,NOT_AVAILABLE,NOT_AVAILABLE,NOT_AVAILABLE,NOT_AVAILABLE,NOT_AVAILABLE,NOT_AVAILABLE
249,google_sycamore,QAOA,30,BQSKit,NOT_AVAILABLE,NOT_AVAILABLE,NOT_AVAILABLE,NOT_AVAILABLE,NOT_AVAILABLE,NOT_AVAILABLE
249,google_sycamore,QAOA,30,BQSKit,NOT_AVAILABLE,NOT_AVAILABLE,NOT_AVAILABLE,NOT_AVAILABLE,NOT_AVAILABLE,NOT_AVAILABLE
249,google_sycamore,QAOA,30,BQSKit,NOT_AVAILABLE,NOT_AVAILABLE,NOT_AVAILABLE,NOT_AVAILABLE,NOT_AVAILABLE,NOT_AVAILABLE
249,google_sycamore,QAOA,30,BQSKit,NOT_AVAILABLE,NOT_AVAILABLE,NOT_AVAILABLE,NOT_AVAILABLE,NOT_AVAILABLE,NOT_AVAILABLE
249,google_sycamore,QAOA,30,BQSKit,NOT_AVAILABLE,NOT_AVAILABLE,NOT_AVAILABLE,NOT_AVAILABLE,NOT_AVAILABLE,NOT_AVAILABLE
249,google_sycamore,QAOA,30,BQSKit,NOT_AVAILABLE,NOT_AVAILABLE,NOT_AVAILABLE,NOT_AVAILABLE,NOT_AVAILABLE,NOT_AVAILABLE
249,google_sycamore,QAOA,30,BQSKit,NOT_AVAILABLE,NOT_AVAILABLE,NOT_AVAILABLE,NOT_AVAILABLE,NOT_AVAILABLE,NOT_AVAILABLE
249,google_sycamore,QAOA,30,BQSKit,NOT_AVAILABLE,NOT_AVAILABLE,NOT_AVAILABLE,NOT_AVAILABLE,NOT_AVAILABLE,NOT_AVAILABLE
249,google_sycamore,QAOA,30,BQSKit,NOT_AVAILABLE,NOT_AVAILABLE,NOT_AVAILABLE,NOT_AVAILABLE,NOT_AVAILABLE,NOT_AVAILABLE
249,google_sycamore,QAOA,30,BQSKit,NOT_AVAILABLE,NOT_AVAILABLE,NOT_AVAILABLE,NOT_AVAILABLE,NOT_AVAILABLE,NOT_AVAILABLE
249,google_sycamore,QAOA,30,BQSKit,NOT_AVAILABLE,NOT_AVAILABLE,NOT_AVAILABLE,NOT_AVAILABLE,NOT_AVAILABLE,NOT_AVAILABLE
249,google_sycamore,QAOA,30,BQSKit,NOT_AVAILABLE,NOT_AVAILABLE,NOT_AVAILABLE,NOT_AVAILABLE,NOT_AVAILABLE,NOT_AVAILABLE
249,google_sycamore,QAOA,30,BQSKit,NOT_AVAILABLE,NOT_AVAILABLE,NOT_AVAILABLE,NOT_AVAILABLE,NOT_AVAILABLE,NOT_AVAILABLE
249,google_sycamore,QAOA,30,BQSKit,NOT_AVAILABLE,NOT_AVAILABLE,NOT_AVAILABLE,NOT_AVAILABLE,NOT_AVAILABLE,NOT_AVAILABLE
249,google_sycamore,QAOA,30,BQSKit,NOT_AVAILABLE,NOT_AVAILABLE,NOT_AVAILABLE,NOT_AVAILABLE,NOT_AVAILABLE,NOT_AVAILABLE
249,google_sycamore,QAOA,30,BQSKit,NOT_AVAILABLE,NOT_AVAILABLE,NOT_AVAILABLE,NOT_AVAILABLE,NOT_AVAILABLE,NOT_AVAILABLE
249,google_sycamore,QAOA,30,BQSKit,NOT_AVAILABLE,NOT_AVAILABLE,NOT_AVAILABLE,NOT_AVAILABLE,NOT_AVAILABLE,NOT_AVAILABLE
249,google_sycamore,QAOA,30,BQSKit,NOT_AVAILABLE,NOT_AVAILABLE,NOT_AVAILABLE,NOT_AVAILABLE,NOT_AVAILABLE,NOT_AVAILABLE
249,google_sycamore,QAOA,30,BQSKit,NOT_AVAILABLE,NOT_AVAILABLE,NOT_AVAILABLE,NOT_AVAILABLE,NOT_AVAILABLE,NOT_AVAILABLE
250,google_sycamore,QV,30,BQSKit,NOT_AVAILABLE,NOT_AVAILABLE,NOT_AVAILABLE,NOT_AVAILABLE,NOT_AVAILABLE,NOT_AVAILABLE
250,google_sycamore,QV,30,BQSKit,NOT_AVAILABLE,NOT_AVAILABLE,NOT_AVAILABLE,NOT_AVAILABLE,NOT_AVAILABLE,NOT_AVAILABLE
250,google_sycamore,QV,30,BQSKit,NOT_AVAILABLE,NOT_AVAILABLE,NOT_AVAILABLE,NOT_AVAILABLE,NOT_AVAILABLE,NOT_AVAILABLE
250,google_sycamore,QV,30,BQSKit,NOT_AVAILABLE,NOT_AVAILABLE,NOT_AVAILABLE,NOT_AVAILABLE,NOT_AVAILABLE,NOT_AVAILABLE
250,google_sycamore,QV,30,BQSKit,NOT_AVAILABLE,NOT_AVAILABLE,NOT_AVAILABLE,NOT_AVAILABLE,NOT_AVAILABLE,NOT_AVAILABLE
250,google_sycamore,QV,30,BQSKit,NOT_AVAILABLE,NOT_AVAILABLE,NOT_AVAILABLE,NOT_AVAILABLE,NOT_AVAILABLE,NOT_AVAILABLE
250,google_sycamore,QV,30,BQSKit,NOT_AVAILABLE,NOT_AVAILABLE,NOT_AVAILABLE,NOT_AVAILABLE,NOT_AVAILABLE,NOT_AVAILABLE
250,google_sycamore,QV,30,BQSKit,NOT_AVAILABLE,NOT_AVAILABLE,NOT_AVAILABLE,NOT_AVAILABLE,NOT_AVAILABLE,NOT_AVAILABLE
250,google_sycamore,QV,30,BQSKit,NOT_AVAILABLE,NOT_AVAILABLE,NOT_AVAILABLE,NOT_AVAILABLE,NOT_AVAILABLE,NOT_AVAILABLE
250,google_sycamore,QV,30,BQSKit,NOT_AVAILABLE,NOT_AVAILABLE,NOT_AVAILABLE,NOT_AVAILABLE,NOT_AVAILABLE,NOT_AVAILABLE
250,google_sycamore,QV,30,BQSKit,NOT_AVAILABLE,NOT_AVAILABLE,NOT_AVAILABLE,NOT_AVAILABLE,NOT_AVAILABLE,NOT_AVAILABLE
250,google_sycamore,QV,30,BQSKit,NOT_AVAILABLE,NOT_AVAILABLE,NOT_AVAILABLE,NOT_AVAILABLE,NOT_AVAILABLE,NOT_AVAILABLE
250,google_sycamore,QV,30,BQSKit,NOT_AVAILABLE,NOT_AVAILABLE,NOT_AVAILABLE,NOT_AVAILABLE,NOT_AVAILABLE,NOT_AVAILABLE
250,google_sycamore,QV,30,BQSKit,NOT_AVAILABLE,NOT_AVAILABLE,NOT_AVAILABLE,NOT_AVAILABLE,NOT_AVAILABLE,NOT_AVAILABLE
250,google_sycamore,QV,30,BQSKit,NOT_AVAILABLE,NOT_AVAILABLE,NOT_AVAILABLE,NOT_AVAILABLE,NOT_AVAILABLE,NOT_AVAILABLE
250,google_sycamore,QV,30,BQSKit,NOT_AVAILABLE,NOT_AVAILABLE,NOT_AVAILABLE,NOT_AVAILABLE,NOT_AVAILABLE,NOT_AVAILABLE
250,google_sycamore,QV,30,BQSKit,NOT_AVAILABLE,NOT_AVAILABLE,NOT_AVAILABLE,NOT_AVAILABLE,NOT_AVAILABLE,NOT_AVAILABLE
250,google_sycamore,QV,30,BQSKit,NOT_AVAILABLE,NOT_AVAILABLE,NOT_AVAILABLE,NOT_AVAILABLE,NOT_AVAILABLE,NOT_AVAILABLE
250,google_sycamore,QV,30,BQSKit,NOT_AVAILABLE,NOT_AVAILABLE,NOT_AVAILABLE,NOT_AVAILABLE,NOT_AVAILABLE,NOT_AVAILABLE
250,google_sycamore,QV,30,BQSKit,NOT_AVAILABLE,NOT_AVAILABLE,NOT_AVAILABLE,NOT_AVAILABLE,NOT_AVAILABLE,NOT_AVAILABLE
250,google_sycamore,QV,30,BQSKit,NOT_AVAILABLE,NOT_AVAILABLE,NOT_AVAILABLE,NOT_AVAILABLE,NOT_AVAILABLE,NOT_AVAILABLE
250,google_sycamore,QV,30,BQSKit,NOT_AVAILABLE,NOT_AVAILABLE,NOT_AVAILABLE,NOT_AVAILABLE,NOT_AVAILABLE,NOT_AVAILABLE
250,google_sycamore,QV,30,BQSKit,NOT_AVAILABLE,NOT_AVAILABLE,NOT_AVAILABLE,NOT_AVAILABLE,NOT_AVAILABLE,NOT_AVAILABLE
250,google_sycamore,QV,30,BQSKit,NOT_AVAILABLE,NOT_AVAILABLE,NOT_AVAILABLE,NOT_AVAILABLE,NOT_AVAILABLE,NOT_AVAILABLE
250,google_sycamore,QV,30,BQSKit,NOT_AVAILABLE,NOT_AVAILABLE,NOT_AVAILABLE,NOT_AVAILABLE,NOT_AVAILABLE,NOT_AVAILABLE
250,google_sycamore,QV,30,BQSKit,NOT_AVAILABLE,NOT_AVAILABLE,NOT_AVAILABLE,NOT_AVAILABLE,NOT_AVAILABLE,NOT_AVAILABLE
250,google_sycamore,QV,30,BQSKit,NOT_AVAILABLE,NOT_AVAILABLE,NOT_AVAILABLE,NOT_AVAILABLE,NOT_AVAILABLE,NOT_AVAILABLE
250,google_sycamore,QV,30,BQSKit,NOT_AVAILABLE,NOT_AVAILABLE,NOT_AVAILABLE,NOT_AVAILABLE,NOT_AVAILABLE,NOT_AVAILABLE
250,google_sycamore,QV,30,BQSKit,NOT_AVAILABLE,NOT_AVAILABLE,NOT_AVAILABLE,NOT_AVAILABLE,NOT_AVAILABLE,NOT_AVAILABLE
250,google_sycamore,QV,30,BQSKit,NOT_AVAILABLE,NOT_AVAILABLE,NOT_AVAILABLE,NOT_AVAILABLE,NOT_AVAILABLE,NOT_AVAILABLE
250,google_sycamore,QV,30,BQSKit,NOT_AVAILABLE,NOT_AVAILABLE,NOT_AVAILABLE,NOT_AVAILABLE,NOT_AVAILABLE,NOT_AVAILABLE
250,google_sycamore,QV,30,BQSKit,NOT_AVAILABLE,NOT_AVAILABLE,NOT_AVAILABLE,NOT_AVAILABLE,NOT_AVAILABLE,NOT_AVAILABLE
250,google_sycamore,QV,30,BQSKit,NOT_AVAILABLE,NOT_AVAILABLE,NOT_AVAILABLE,NOT_AVAILABLE,NOT_AVAILABLE,NOT_AVAILABLE
250,google_sycamore,QV,30,BQSKit,NOT_AVAILABLE,NOT_AVAILABLE,NOT_AVAILABLE,NOT_AVAILABLE,NOT_AVAILABLE,NOT_AVAILABLE
250,google_sycamore,QV,30,BQSKit,NOT_AVAILABLE,NOT_AVAILABLE,NOT_AVAILABLE,NOT_AVAILABLE,NOT_AVAILABLE,NOT_AVAILABLE
250,google_sycamore,QV,30,BQSKit,NOT_AVAILABLE,NOT_AVAILABLE,NOT_AVAILABLE,NOT_AVAILABLE,NOT_AVAILABLE,NOT_AVAILABLE
250,google_sycamore,QV,30,BQSKit,NOT_AVAILABLE,NOT_AVAILABLE,NOT_AVAILABLE,NOT_AVAILABLE,NOT_AVAILABLE,NOT_AVAILABLE
250,google_sycamore,QV,30,BQSKit,NOT_AVAILABLE,NOT_AVAILABLE,NOT_AVAILABLE,NOT_AVAILABLE,NOT_AVAILABLE,NOT_AVAILABLE
250,google_sycamore,QV,30,BQSKit,NOT_AVAILABLE,NOT_AVAILABLE,NOT_AVAILABLE,NOT_AVAILABLE,NOT_AVAILABLE,NOT_AVAILABLE
250,google_sycamore,QV,30,BQSKit,NOT_AVAILABLE,NOT_AVAILABLE,NOT_AVAILABLE,NOT_AVAILABLE,NOT_AVAILABLE,NOT_AVAILABLE
250,google_sycamore,QV,30,BQSKit,NOT_AVAILABLE,NOT_AVAILABLE,NOT_AVAILABLE,NOT_AVAILABLE,NOT_AVAILABLE,NOT_AVAILABLE
250,google_sycamore,QV,30,BQSKit,NOT_AVAILABLE,NOT_AVAILABLE,NOT_AVAILABLE,NOT_AVAILABLE,NOT_AVAILABLE,NOT_AVAILABLE
250,google_sycamore,QV,30,BQSKit,NOT_AVAILABLE,NOT_AVAILABLE,NOT_AVAILABLE,NOT_AVAILABLE,NOT_AVAILABLE,NOT_AVAILABLE
250,google_sycamore,QV,30,BQSKit,NOT_AVAILABLE,NOT_AVAILABLE,NOT_AVAILABLE,NOT_AVAILABLE,NOT_AVAILABLE,NOT_AVAILABLE
250,google_sycamore,QV,30,BQSKit,NOT_AVAILABLE,NOT_AVAILABLE,NOT_AVAILABLE,NOT_AVAILABLE,NOT_AVAILABLE,NOT_AVAILABLE
250,google_sycamore,QV,30,BQSKit,NOT_AVAILABLE,NOT_AVAILABLE,NOT_AVAILABLE,NOT_AVAILABLE,NOT_AVAILABLE,NOT_AVAILABLE
250,google_sycamore,QV,30,BQSKit,NOT_AVAILABLE,NOT_AVAILABLE,NOT_AVAILABLE,NOT_AVAILABLE,NOT_AVAILABLE,NOT_AVAILABLE
250,google_sycamore,QV,30,BQSKit,NOT_AVAILABLE,NOT_AVAILABLE,NOT_AVAILABLE,NOT_AVAILABLE,NOT_AVAILABLE,NOT_AVAILABLE
250,google_sycamore,QV,30,BQSKit,NOT_AVAILABLE,NOT_AVAILABLE,NOT_AVAILABLE,NOT_AVAILABLE,NOT_AVAILABLE,NOT_AVAILABLE
250,google_sycamore,QV,30,BQSKit,NOT_AVAILABLE,NOT_AVAILABLE,NOT_AVAILABLE,NOT_AVAILABLE,NOT_AVAILABLE,NOT_AVAILABLE
250,google_sycamore,QV,30,BQSKit,NOT_AVAILABLE,NOT_AVAILABLE,NOT_AVAILABLE,NOT_AVAILABLE,NOT_AVAILABLE,NOT_AVAILABLE
250,google_sycamore,QV,30,BQSKit,NOT_AVAILABLE,NOT_AVAILABLE,NOT_AVAILABLE,NOT_AVAILABLE,NOT_AVAILABLE,NOT_AVAILABLE
250,google_sycamore,QV,30,BQSKit,NOT_AVAILABLE,NOT_AVAILABLE,NOT_AVAILABLE,NOT_AVAILABLE,NOT_AVAILABLE,NOT_AVAILABLE
250,google_sycamore,QV,30,BQSKit,NOT_AVAILABLE,NOT_AVAILABLE,NOT_AVAILABLE,NOT_AVAILABLE,NOT_AVAILABLE,NOT_AVAILABLE
250,google_sycamore,QV,30,BQSKit,NOT_AVAILABLE,NOT_AVAILABLE,NOT_AVAILABLE,NOT_AVAILABLE,NOT_AVAILABLE,NOT_AVAILABLE
250,google_sycamore,QV,30,BQSKit,NOT_AVAILABLE,NOT_AVAILABLE,NOT_AVAILABLE,NOT_AVAILABLE,NOT_AVAILABLE,NOT_AVAILABLE
250,google_sycamore,QV,30,BQSKit,NOT_AVAILABLE,NOT_AVAILABLE,NOT_AVAILABLE,NOT_AVAILABLE,NOT_AVAILABLE,NOT_AVAILABLE
250,google_sycamore,QV,30,BQSKit,NOT_AVAILABLE,NOT_AVAILABLE,NOT_AVAILABLE,NOT_AVAILABLE,NOT_AVAILABLE,NOT_AVAILABLE
250,google_sycamore,QV,30,BQSKit,NOT_AVAILABLE,NOT_AVAILABLE,NOT_AVAILABLE,NOT_AVAILABLE,NOT_AVAILABLE,NOT_AVAILABLE
250,google_sycamore,QV,30,BQSKit,NOT_AVAILABLE,NOT_AVAILABLE,NOT_AVAILABLE,NOT_AVAILABLE,NOT_AVAILABLE,NOT_AVAILABLE
